REPORTING_WEEK,Agency_Contacnt,Campaign,Platform,SPEND,Impressions,Clicks,NOTES,UPLOADED_BY,UPLOADED_AT
WK52_2025,Jessica Chen,PS PLUS Q4 PREMIUM UPGRADE,Google SEM,"""$65776.57""","     387,000,000",2903003,"Agency-supplied, verify before publish",jchen@agency.co,2026-05-04 11:42:36.720000
WK05_2026,Marcus O'Brien,astro bot sustain,YouTube Ads,"""$62734.26""","     117,578,120",484185,Platform API outage - reported manually,mobrien@agency.co,2026-05-04 11:42:36.720000
WK03_2026,Priya Patel,Spider-Man_2_Sustain,Snap,"""$8109.35""","      34,909,100",165860,Ad partner doesnt expose API,ppatel@agency.co,2026-05-04 11:42:36.720000
WK14_2026,Priya Patel,Spring_Refresh,DV360 Display,"""$10408.66""","      63,157,900",583275,Ad partner doesnt expose API,ppatel@agency.co,2026-05-04 11:42:36.720000
WK51_2025,Dan Kowalski,Spider-Man 2 Sustain ,Hulu CTV,3.659941000000000e+04,"      21,428,580",153973,FYI spend includes agency fee,jchen@agency.co,2026-05-04 11:42:36.720000
WK02_2026,Priya Patel,Always-On_Brand_Lexus,Reddit Ads,"""$7065.16""","      30,163,940",148117,Ad partner doesnt expose API,ppatel@agency.co,2026-05-04 11:42:36.720000
WK08_2026,Jessica Chen,ALWAYS-ON BRAND LEXUS,X/Twitter Ads,"""$6420.83""","      24,769,240",105332,"Agency-supplied, verify before publish",jchen@agency.co,2026-05-04 11:42:36.720000
WK13_2026,Priya Patel,Always-On_Brand_Lexus,DV360 Display,"""$10055.22""","      63,157,900",243600,Ad partner doesnt expose API,ppatel@agency.co,2026-05-04 11:42:36.720000
WK50_2025,Marcus O'Brien,ghost of yotei sustain,Reddit Ads,"""$14922.71""","      56,393,440",470138,Platform API outage - reported manually,mobrien@agency.co,2026-05-04 11:42:36.720000
WK47_2025,Dan Kowalski,PS Plus Q4 Premium Upgrade ,Roku CTV,1.026362400000000e+05,"      63,000,000",716448,FYI spend includes agency fee,jchen@agency.co,2026-05-04 11:42:36.720000
WK50_2025,Marcus O'Brien,astro bot sustain,YouTube Ads,"""$30857.70""","      54,687,500",463544,Platform API outage - reported manually,mobrien@agency.co,2026-05-04 11:42:36.720000
WK44_2025,Jessica Chen,Spider-Man 2 Sustain,Google SEM,1.764220000000000e+04,"      98,571,420",1178284,,mobrien@agency.co,2026-05-04 11:42:36.720000
WK45_2025,Marcus O'Brien,spider-man 2 sustain,Hulu CTV,"""$35762.91""","      21,428,580",226822,Platform API outage - reported manually,mobrien@agency.co,2026-05-04 11:42:36.720000
WK12_2026,Marcus O'Brien,gta vi pre-order push,Hulu CTV,"""$96807.38""","      57,857,140",349245,Platform API outage - reported manually,mobrien@agency.co,2026-05-04 11:42:36.720000
WK13_2026,Jessica Chen,GTA VI PRE-ORDER PUSH,Roku CTV,"""$81056.11""","      54,000,000",316331,"Agency-supplied, verify before publish",jchen@agency.co,2026-05-04 11:42:36.720000
WK10_2026,Jessica Chen,ALWAYS-ON BRAND LEXUS,Roku CTV,"""$30823.92""","      20,000,000",86485,"Agency-supplied, verify before publish",jchen@agency.co,2026-05-04 11:42:36.720000
WK02_2026,Marcus O'Brien,ps plus essentials acquire,Reddit Ads,"""$7431.07""","      26,229,500",320654,Platform API outage - reported manually,mobrien@agency.co,2026-05-04 11:42:36.720000
WK01_2026,Marcus O'Brien,holiday bundle 2025,Meta,"""$39062.46""","      94,315,780",689630,Platform API outage - reported manually,mobrien@agency.co,2026-05-04 11:42:36.720000
WK45_2025,Jessica Chen,ASTRO BOT SUSTAIN,X/Twitter Ads,"""$6763.83""","      24,769,240",278714,"Agency-supplied, verify before publish",jchen@agency.co,2026-05-04 11:42:36.720000
WK09_2026,Jessica Chen,Astro Bot Sustain,Hulu CTV,3.915281000000000e+04,"      21,428,580",87380,,mobrien@agency.co,2026-05-04 11:42:36.720000
WK15_2026,Priya Patel,GTA_VI_Pre-Order_Push,Twitch,"""$72011.68""","      87,567,560",364914,Ad partner doesnt expose API,ppatel@agency.co,2026-05-04 11:42:36.720000
WK45_2025,Priya Patel,Always-On_Brand_Lexus,DV360 Display,"""$10254.86""","      63,157,900",730232,Ad partner doesnt expose API,ppatel@agency.co,2026-05-04 11:42:36.720000
WK48_2025,Jessica Chen,ALWAYS-ON BRAND LEXUS,Google SEM,"""$36965.88""","     197,142,840",1776653,"Agency-supplied, verify before publish",jchen@agency.co,2026-05-04 11:42:36.720000
WK52_2025,Dan Kowalski,Play Has No Limits Sizzle ,Google SEM,3.185103000000000e+04,"     184,285,700",1227988,FYI spend includes agency fee,jchen@agency.co,2026-05-04 11:42:36.720000
WK47_2025,Priya Patel,Ghost_of_Yotei_Sustain,Reddit Ads,"""$6295.04""","      26,229,500",284072,Ad partner doesnt expose API,ppatel@agency.co,2026-05-04 11:42:36.720000
WK50_2025,Priya Patel,Ghost_of_Yotei_Sustain,Meta,"""$24207.27""","      58,947,360",493160,Ad partner doesnt expose API,ppatel@agency.co,2026-05-04 11:42:36.720000
WK05_2026,Jessica Chen,PS PLUS ESSENTIALS ACQUIRE,Twitch,"""$12569.03""","      16,216,220",156872,"Agency-supplied, verify before publish",jchen@agency.co,2026-05-04 11:42:36.720000
WK06_2026,Priya Patel,Valentine_Game_Gifting,Meta,"""$24907.19""","      58,947,360",686505,Ad partner doesnt expose API,ppatel@agency.co,2026-05-04 11:42:36.720000
WK06_2026,Priya Patel,Helldivers_2_Reengagement,TikTok,"""$42182.64""","     140,555,560",703122,Ad partner doesnt expose API,ppatel@agency.co,2026-05-04 11:42:36.720000
WK06_2026,Dan Kowalski,Resident Evil 9 Pre-Order ,Snap,5.125140000000000e+03,"      21,818,180",217831,FYI spend includes agency fee,jchen@agency.co,2026-05-04 11:42:36.720000
WK06_2026,Dan Kowalski,Resident Evil 9 Pre-Order ,TikTok,1.858117000000000e+04,"      61,111,120",596200,FYI spend includes agency fee,jchen@agency.co,2026-05-04 11:42:36.720000
WK17_2026,Marcus O'Brien,gta vi pre-order push,X/Twitter Ads,"""$14972.28""","      58,153,840",261548,Platform API outage - reported manually,mobrien@agency.co,2026-05-04 11:42:36.720000
WK46_2025,Jessica Chen,PS Plus Q4 Premium Upgrade,X/Twitter Ads,5.646600000000000e+03,"      21,538,460",238553,,mobrien@agency.co,2026-05-04 11:42:36.720000
WK51_2025,Marcus O'Brien,astro bot sustain,Hulu CTV,"""$77866.37""","      42,857,160",342415,Platform API outage - reported manually,mobrien@agency.co,2026-05-04 11:42:36.720000
WK02_2026,Priya Patel,Astro_Bot_Sustain,Google SEM,"""$17844.24""","      98,571,420",471391,Ad partner doesnt expose API,ppatel@agency.co,2026-05-04 11:42:36.720000
WK06_2026,Jessica Chen,ASTRO BOT SUSTAIN,Meta,"""$24848.96""","      58,947,360",244586,"Agency-supplied, verify before publish",jchen@agency.co,2026-05-04 11:42:36.720000
WK02_2026,Dan Kowalski,Spider-Man 2 Sustain ,Roku CTV,5.463895000000000e+04,"      32,000,000",175809,FYI spend includes agency fee,jchen@agency.co,2026-05-04 11:42:36.720000
WK09_2026,Dan Kowalski,Always-On Brand Lexus ,Snap,5.104510000000000e+03,"      21,818,180",96678,FYI spend includes agency fee,jchen@agency.co,2026-05-04 11:42:36.720000
WK02_2026,Marcus O'Brien,ps plus essentials acquire,Hulu CTV,"""$44885.18""","      24,642,860",293722,Platform API outage - reported manually,mobrien@agency.co,2026-05-04 11:42:36.720000
WK10_2026,Priya Patel,PS_Plus_Essentials_Acquire,Reddit Ads,"""$15072.14""","      56,393,440",343225,Ad partner doesnt expose API,ppatel@agency.co,2026-05-04 11:42:36.720000
WK13_2026,Jessica Chen,SPRING REFRESH,DV360 Display,"""$9696.18""","      63,157,900",608844,"Agency-supplied, verify before publish",jchen@agency.co,2026-05-04 11:42:36.720000
WK03_2026,Dan Kowalski,Resident Evil 9 Pre-Order ,DV360 Display,9.995639999999999e+03,"      63,157,900",695747,FYI spend includes agency fee,jchen@agency.co,2026-05-04 11:42:36.720000
WK08_2026,Jessica Chen,RESIDENT EVIL 9 PRE-ORDER,DV360 Display,"""$9929.94""","      63,157,900",473016,"Agency-supplied, verify before publish",jchen@agency.co,2026-05-04 11:42:36.720000
WK02_2026,Marcus O'Brien,ps plus q4 premium upgrade,X/Twitter Ads,"""$10857.64""","      39,630,760",253534,Platform API outage - reported manually,mobrien@agency.co,2026-05-04 11:42:36.720000
WK49_2025,Priya Patel,Spider-Man_2_Sustain,YouTube Ads,"""$56460.05""","     109,375,000",990637,Ad partner doesnt expose API,ppatel@agency.co,2026-05-04 11:42:36.720000
WK52_2025,Priya Patel,Spider-Man_2_Sustain,Snap,"""$5221.39""","      21,818,180",159972,Ad partner doesnt expose API,ppatel@agency.co,2026-05-04 11:42:36.720000
WK10_2026,Priya Patel,GTA_VI_Pre-Order_Push,DV360 Display,"""$9802.62""","      63,157,900",464452,Ad partner doesnt expose API,ppatel@agency.co,2026-05-04 11:42:36.720000
WK05_2026,Marcus O'Brien,always-on brand lexus,X/Twitter Ads,"""$5654.32""","      21,538,460",87183,Platform API outage - reported manually,mobrien@agency.co,2026-05-04 11:42:36.720000
WK10_2026,Dan Kowalski,Play Has No Limits Sizzle ,Twitch,1.279439000000000e+04,"      16,216,220",60645,FYI spend includes agency fee,jchen@agency.co,2026-05-04 11:42:36.720000
WK51_2025,Dan Kowalski,Helldivers 2 Reengagement ,Snap,5.038310000000000e+03,"      21,818,180",225888,FYI spend includes agency fee,jchen@agency.co,2026-05-04 11:42:36.720000
WK52_2025,Dan Kowalski,Helldivers 2 Reengagement ,Meta,2.319601000000000e+04,"      58,947,360",612742,FYI spend includes agency fee,jchen@agency.co,2026-05-04 11:42:36.720000
WK47_2025,Jessica Chen,SPIDER-MAN 2 SUSTAIN,Reddit Ads,"""$7229.40""","      26,229,500",257672,"Agency-supplied, verify before publish",jchen@agency.co,2026-05-04 11:42:36.720000
WK52_2025,Jessica Chen,ASTRO BOT SUSTAIN,X/Twitter Ads,"""$6091.03""","      21,538,460",149936,"Agency-supplied, verify before publish",jchen@agency.co,2026-05-04 11:42:36.720000
WK12_2026,Marcus O'Brien,play has no limits sizzle,Twitch,"""$12813.48""","      16,216,220",68249,Platform API outage - reported manually,mobrien@agency.co,2026-05-04 11:42:36.720000
WK13_2026,Marcus O'Brien,play has no limits sizzle,Roku CTV,"""$30901.33""","      20,000,000",77140,Platform API outage - reported manually,mobrien@agency.co,2026-05-04 11:42:36.720000
WK52_2025,Marcus O'Brien,ghost of yotei sustain,Google SEM,"""$14516.77""","      85,714,280",627943,Platform API outage - reported manually,mobrien@agency.co,2026-05-04 11:42:36.720000
WK06_2026,Jessica Chen,VALENTINE GAME GIFTING,Hulu CTV,"""$36225.09""","      21,428,580",273872,"Agency-supplied, verify before publish",jchen@agency.co,2026-05-04 11:42:36.720000
WK50_2025,Jessica Chen,Helldivers 2 Reengagement,TikTok,2.149826000000000e+04,"      70,277,780",731384,,mobrien@agency.co,2026-05-04 11:42:36.720000
WK51_2025,Marcus O'Brien,holiday bundle 2025,TikTok,"""$40612.58""","     128,333,340",1119478,Platform API outage - reported manually,mobrien@agency.co,2026-05-04 11:42:36.720000
WK48_2025,Jessica Chen,SPIDER-MAN 2 SUSTAIN,Roku CTV,"""$31507.71""","      20,000,000",196021,"Agency-supplied, verify before publish",jchen@agency.co,2026-05-04 11:42:36.720000
WK11_2026,Priya Patel,GTA_VI_Pre-Order_Push,YouTube Ads,"""$30319.98""","      54,687,500",356514,Ad partner doesnt expose API,ppatel@agency.co,2026-05-04 11:42:36.720000
WK45_2025,Jessica Chen,ALWAYS-ON BRAND LEXUS,YouTube Ads,"""$35013.17""","      62,890,620",647817,"Agency-supplied, verify before publish",jchen@agency.co,2026-05-04 11:42:36.720000
WK08_2026,Jessica Chen,PS Plus Essentials Acquire,DV360 Display,1.175737000000000e+04,"      72,631,580",566299,,mobrien@agency.co,2026-05-04 11:42:36.720000
WK17_2026,Jessica Chen,SPRING REFRESH,Hulu CTV,"""$39307.50""","      21,428,580",146180,"Agency-supplied, verify before publish",jchen@agency.co,2026-05-04 11:42:36.720000
WK06_2026,Jessica Chen,HELLDIVERS 2 REENGAGEMENT,Google SEM,"""$15461.74""","      85,714,280",520045,"Agency-supplied, verify before publish",jchen@agency.co,2026-05-04 11:42:36.720000
WK07_2026,Dan Kowalski,Resident Evil 9 Pre-Order ,Hulu CTV,3.977922000000000e+04,"      21,428,580",189425,FYI spend includes agency fee,jchen@agency.co,2026-05-04 11:42:36.720000
WK45_2025,Priya Patel,PS5_Pro_Launch_Global,YouTube Ads,"""$101097.51""","     175,000,000",2075836,Ad partner doesnt expose API,ppatel@agency.co,2026-05-04 11:42:36.720000
WK03_2026,Priya Patel,PS_Plus_Q4_Premium_Upgrade,Reddit Ads,"""$11286.20""","      41,967,220",235426,Ad partner doesnt expose API,ppatel@agency.co,2026-05-04 11:42:36.720000
WK51_2025,Jessica Chen,PS Plus Q4 Premium Upgrade,DV360 Display,2.121009000000000e+04,"     132,631,580",1094368,,mobrien@agency.co,2026-05-04 11:42:36.720000
WK05_2026,Jessica Chen,Spider-Man 2 Sustain,Snap,8.573020000000000e+03,"      34,909,100",141669,,mobrien@agency.co,2026-05-04 11:42:36.720000
WK51_2025,Jessica Chen,SPIDER-MAN 2 SUSTAIN,TikTok,"""$18596.10""","      61,111,120",454933,"Agency-supplied, verify before publish",jchen@agency.co,2026-05-04 11:42:36.720000
WK47_2025,Jessica Chen,ALWAYS-ON BRAND LEXUS,Snap,"""$5184.47""","      21,818,180",213391,"Agency-supplied, verify before publish",jchen@agency.co,2026-05-04 11:42:36.720000
WK06_2026,Priya Patel,Ghost_of_Yotei_Sustain,YouTube Ads,"""$28268.65""","      54,687,500",217915,Ad partner doesnt expose API,ppatel@agency.co,2026-05-04 11:42:36.720000
WK06_2026,Jessica Chen,Ghost of Yotei Sustain,TikTok,1.862972000000000e+04,"      61,111,120",258377,,mobrien@agency.co,2026-05-04 11:42:36.720000
WK03_2026,Priya Patel,Ghost_of_Yotei_Sustain,Hulu CTV,"""$36924.07""","      21,428,580",103757,Ad partner doesnt expose API,ppatel@agency.co,2026-05-04 11:42:36.720000
WK16_2026,Priya Patel,Spring_Refresh,Twitch,"""$13110.14""","      16,216,220",128356,Ad partner doesnt expose API,ppatel@agency.co,2026-05-04 11:42:36.720000
WK45_2025,Marcus O'Brien,ps5 pro launch global,Hulu CTV,"""$38432.82""","      21,428,580",246424,Platform API outage - reported manually,mobrien@agency.co,2026-05-04 11:42:36.720000
WK47_2025,Dan Kowalski,Holiday Bundle 2025 ,Reddit Ads,6.741510000000000e+03,"      26,229,500",326016,FYI spend includes agency fee,jchen@agency.co,2026-05-04 11:42:36.720000
WK52_2025,Jessica Chen,Astro Bot Sustain,Snap,1.022405000000000e+04,"      43,636,360",309354,,mobrien@agency.co,2026-05-04 11:42:36.720000
WK04_2026,Jessica Chen,SPIDER-MAN 2 SUSTAIN,Reddit Ads,"""$11112.91""","      41,967,220",166787,"Agency-supplied, verify before publish",jchen@agency.co,2026-05-04 11:42:36.720000
WK12_2026,Priya Patel,Play_Has_No_Limits_Sizzle,Roku CTV,"""$32065.71""","      20,000,000",80990,Ad partner doesnt expose API,ppatel@agency.co,2026-05-04 11:42:36.720000
WK49_2025,Jessica Chen,Helldivers 2 Reengagement,Google SEM,1.563286000000000e+04,"      85,714,280",1020133,,mobrien@agency.co,2026-05-04 11:42:36.720000
WK51_2025,Jessica Chen,Astro Bot Sustain,DV360 Display,9.756280000000001e+03,"      63,157,900",486571,,mobrien@agency.co,2026-05-04 11:42:36.720000
WK02_2026,Jessica Chen,Always-On Brand Lexus,Roku CTV,7.390136000000000e+04,"      46,000,000",243634,,mobrien@agency.co,2026-05-04 11:42:36.720000
WK17_2026,Marcus O'Brien,always-on brand lexus,TikTok,"""$20873.35""","      70,277,780",291723,Platform API outage - reported manually,mobrien@agency.co,2026-05-04 11:42:36.720000
WK03_2026,Dan Kowalski,Play Has No Limits Sizzle ,Roku CTV,3.294303000000000e+04,"      20,000,000",88394,FYI spend includes agency fee,jchen@agency.co,2026-05-04 11:42:36.720000
WK10_2026,Marcus O'Brien,play has no limits sizzle,YouTube Ads,"""$29104.93""","      54,687,500",215235,Platform API outage - reported manually,mobrien@agency.co,2026-05-04 11:42:36.720000
WK04_2026,Marcus O'Brien,ghost of yotei sustain,Hulu CTV,"""$37107.41""","      21,428,580",95553,Platform API outage - reported manually,mobrien@agency.co,2026-05-04 11:42:36.720000
WK09_2026,Jessica Chen,RESIDENT EVIL 9 PRE-ORDER,Google SEM,"""$14595.46""","      85,714,280",682422,"Agency-supplied, verify before publish",jchen@agency.co,2026-05-04 11:42:36.720000
WK52_2025,Priya Patel,Helldivers_2_Reengagement,Roku CTV,"""$69183.82""","      43,000,000",432660,Ad partner doesnt expose API,ppatel@agency.co,2026-05-04 11:42:36.720000
WK09_2026,Marcus O'Brien,helldivers 2 reengagement,DV360 Display,"""$10294.08""","      63,157,900",271896,Platform API outage - reported manually,mobrien@agency.co,2026-05-04 11:42:36.720000
WK06_2026,Jessica Chen,ASTRO BOT SUSTAIN,Roku CTV,"""$30594.91""","      20,000,000",82985,"Agency-supplied, verify before publish",jchen@agency.co,2026-05-04 11:42:36.720000
WK16_2026,Marcus O'Brien,gta vi pre-order push,Roku CTV,"""$78674.30""","      54,000,000",214897,Platform API outage - reported manually,mobrien@agency.co,2026-05-04 11:42:36.720000
WK18_2026,Dan Kowalski,Always-On Brand Lexus ,Hulu CTV,3.843473000000000e+04,"      21,428,580",93004,FYI spend includes agency fee,jchen@agency.co,2026-05-04 11:42:36.720000
WK07_2026,Jessica Chen,GTA VI Pre-Order Push,Meta,2.305460000000000e+04,"      58,947,360",620231,,mobrien@agency.co,2026-05-04 11:42:36.720000
WK45_2025,Priya Patel,Play_Has_No_Limits_Sizzle,DV360 Display,"""$19686.73""","     126,315,800",1465599,Ad partner doesnt expose API,ppatel@agency.co,2026-05-04 11:42:36.720000
WK48_2025,Jessica Chen,PLAY HAS NO LIMITS SIZZLE,Roku CTV,"""$30517.50""","      20,000,000",189335,"Agency-supplied, verify before publish",jchen@agency.co,2026-05-04 11:42:36.720000
WK14_2026,Jessica Chen,PLAY HAS NO LIMITS SIZZLE,Meta,"""$22769.40""","      58,947,360",248611,"Agency-supplied, verify before publish",jchen@agency.co,2026-05-04 11:42:36.720000
WK17_2026,Dan Kowalski,Spring Refresh ,Roku CTV,3.785667000000000e+04,"      23,000,000",154560,FYI spend includes agency fee,jchen@agency.co,2026-05-04 11:42:36.720000
WK49_2025,Dan Kowalski,PS5 Pro Launch Global ,DV360 Display,2.593760000000000e+04,"     152,526,320",1311868,FYI spend includes agency fee,jchen@agency.co,2026-05-04 11:42:36.720000
WK51_2025,Marcus O'Brien,astro bot sustain,TikTok,"""$20458.80""","      61,111,120",498022,Platform API outage - reported manually,mobrien@agency.co,2026-05-04 11:42:36.720000
WK11_2026,Jessica Chen,ALWAYS-ON BRAND LEXUS,X/Twitter Ads,"""$6457.03""","      21,538,460",85034,"Agency-supplied, verify before publish",jchen@agency.co,2026-05-04 11:42:36.720000
WK12_2026,Jessica Chen,ALWAYS-ON BRAND LEXUS,Roku CTV,"""$33099.47""","      20,000,000",86660,"Agency-supplied, verify before publish",jchen@agency.co,2026-05-04 11:42:36.720000
WK03_2026,Priya Patel,Ghost_of_Yotei_Sustain,Google SEM,"""$14343.36""","      85,714,280",448508,Ad partner doesnt expose API,ppatel@agency.co,2026-05-04 11:42:36.720000
WK04_2026,Priya Patel,PS_Plus_Essentials_Acquire,YouTube Ads,"""$30967.62""","      54,687,500",580241,Ad partner doesnt expose API,ppatel@agency.co,2026-05-04 11:42:36.720000
WK06_2026,Dan Kowalski,GTA VI Pre-Order Push ,Twitch,1.225391000000000e+04,"      16,216,220",154401,FYI spend includes agency fee,jchen@agency.co,2026-05-04 11:42:36.720000
WK51_2025,Dan Kowalski,Holiday Bundle 2025 ,Reddit Ads,1.496998000000000e+04,"      55,081,960",512229,FYI spend includes agency fee,jchen@agency.co,2026-05-04 11:42:36.720000
WK45_2025,Jessica Chen,Spider-Man 2 Sustain,Reddit Ads,1.406496000000000e+04,"      52,459,000",613830,,mobrien@agency.co,2026-05-04 11:42:36.720000
WK05_2026,Jessica Chen,Always-On Brand Lexus,Roku CTV,6.640536000000000e+04,"      40,000,000",160720,,mobrien@agency.co,2026-05-04 11:42:36.720000
WK11_2026,Marcus O'Brien,always-on brand lexus,Snap,"""$5280.98""","      21,818,180",89305,Platform API outage - reported manually,mobrien@agency.co,2026-05-04 11:42:36.720000
WK07_2026,Priya Patel,Valentine_Game_Gifting,X/Twitter Ads,"""$12277.43""","      43,076,920",504243,Ad partner doesnt expose API,ppatel@agency.co,2026-05-04 11:42:36.720000
WK13_2026,Jessica Chen,Spring Refresh,YouTube Ads,6.536770000000000e+04,"     117,578,120",1105911,,mobrien@agency.co,2026-05-04 11:42:36.720000
WK08_2026,Jessica Chen,RESIDENT EVIL 9 PRE-ORDER,Meta,"""$24993.93""","      58,947,360",496402,"Agency-supplied, verify before publish",jchen@agency.co,2026-05-04 11:42:36.720000
WK49_2025,Jessica Chen,ASTRO BOT SUSTAIN,DV360 Display,"""$10019.07""","      63,157,900",600720,"Agency-supplied, verify before publish",jchen@agency.co,2026-05-04 11:42:36.720000
WK04_2026,Jessica Chen,ASTRO BOT SUSTAIN,DV360 Display,"""$10192.73""","      63,157,900",263716,"Agency-supplied, verify before publish",jchen@agency.co,2026-05-04 11:42:36.720000
WK04_2026,Jessica Chen,Spider-Man 2 Sustain,Meta,4.106454000000000e+04,"      94,315,780",370338,,mobrien@agency.co,2026-05-04 11:42:36.720000
WK15_2026,Dan Kowalski,Always-On Brand Lexus ,Snap,5.287850000000000e+03,"      21,818,180",89116,FYI spend includes agency fee,jchen@agency.co,2026-05-04 11:42:36.720000
WK49_2025,Dan Kowalski,Spider-Man 2 Sustain ,DV360 Display,1.056705000000000e+04,"      63,157,900",557265,FYI spend includes agency fee,jchen@agency.co,2026-05-04 11:42:36.720000
WK46_2025,Priya Patel,Spider-Man_2_Sustain,YouTube Ads,"""$31239.45""","      54,687,500",636916,Ad partner doesnt expose API,ppatel@agency.co,2026-05-04 11:42:36.720000
WK16_2026,Priya Patel,GTA_VI_Pre-Order_Push,YouTube Ads,"""$76774.55""","     147,656,260",542377,Ad partner doesnt expose API,ppatel@agency.co,2026-05-04 11:42:36.720000
WK50_2025,Marcus O'Brien,always-on brand lexus,X/Twitter Ads,"""$6134.70""","      21,538,460",183819,Platform API outage - reported manually,mobrien@agency.co,2026-05-04 11:42:36.720000
WK51_2025,Marcus O'Brien,always-on brand lexus,Hulu CTV,"""$40927.01""","      21,428,580",184124,Platform API outage - reported manually,mobrien@agency.co,2026-05-04 11:42:36.720000
WK10_2026,Jessica Chen,ALWAYS-ON BRAND LEXUS,Google SEM,"""$14923.18""","      85,714,280",368250,"Agency-supplied, verify before publish",jchen@agency.co,2026-05-04 11:42:36.720000
WK46_2025,Jessica Chen,Play Has No Limits Sizzle,Roku CTV,3.491708000000000e+04,"      23,000,000",247642,,mobrien@agency.co,2026-05-04 11:42:36.720000
WK45_2025,Marcus O'Brien,ghost of yotei sustain,DV360 Display,"""$11508.45""","      72,631,580",817157,Platform API outage - reported manually,mobrien@agency.co,2026-05-04 11:42:36.720000
WK12_2026,Marcus O'Brien,spring refresh,Twitch,"""$27406.65""","      34,864,860",360200,Platform API outage - reported manually,mobrien@agency.co,2026-05-04 11:42:36.720000
WK04_2026,Priya Patel,Helldivers_2_Reengagement,Google SEM,"""$15234.09""","      85,714,280",663942,Ad partner doesnt expose API,ppatel@agency.co,2026-05-04 11:42:36.720000
WK50_2025,Dan Kowalski,PS5 Pro Launch Global ,Google SEM,3.354449000000000e+04,"     180,000,000",1433304,FYI spend includes agency fee,jchen@agency.co,2026-05-04 11:42:36.720000
WK45_2025,Jessica Chen,ASTRO BOT SUSTAIN,Twitch,"""$12364.05""","      16,216,220",193477,"Agency-supplied, verify before publish",jchen@agency.co,2026-05-04 11:42:36.720000
WK03_2026,Marcus O'Brien,spider-man 2 sustain,Twitch,"""$20688.99""","      25,945,940",121743,Platform API outage - reported manually,mobrien@agency.co,2026-05-04 11:42:36.720000
WK49_2025,Jessica Chen,Always-On Brand Lexus,Snap,5.143470000000000e+03,"      21,818,180",187287,,mobrien@agency.co,2026-05-04 11:42:36.720000
WK51_2025,Priya Patel,Play_Has_No_Limits_Sizzle,TikTok,"""$18513.94""","      61,111,120",431029,Ad partner doesnt expose API,ppatel@agency.co,2026-05-04 11:42:36.720000
WK52_2025,Jessica Chen,PLAY HAS NO LIMITS SIZZLE,Reddit Ads,"""$7750.01""","      30,163,940",183864,"Agency-supplied, verify before publish",jchen@agency.co,2026-05-04 11:42:36.720000
WK03_2026,Priya Patel,Ghost_of_Yotei_Sustain,X/Twitter Ads,"""$5614.81""","      21,538,460",95285,Ad partner doesnt expose API,ppatel@agency.co,2026-05-04 11:42:36.720000
WK05_2026,Jessica Chen,Ghost of Yotei Sustain,Roku CTV,3.227859000000000e+04,"      20,000,000",89775,,mobrien@agency.co,2026-05-04 11:42:36.720000
WK10_2026,Jessica Chen,SPRING REFRESH,Twitch,"""$14303.60""","      18,648,640",195674,"Agency-supplied, verify before publish",jchen@agency.co,2026-05-04 11:42:36.720000
WK06_2026,Jessica Chen,RESIDENT EVIL 9 PRE-ORDER,DV360 Display,"""$20116.05""","     126,315,800",1235621,"Agency-supplied, verify before publish",jchen@agency.co,2026-05-04 11:42:36.720000
WK13_2026,Dan Kowalski,Spring Refresh ,Google SEM,1.566342000000000e+04,"      85,714,280",847543,FYI spend includes agency fee,jchen@agency.co,2026-05-04 11:42:36.720000
WK48_2025,Dan Kowalski,Holiday Bundle 2025 ,Reddit Ads,1.633978000000000e+04,"      63,344,260",634215,FYI spend includes agency fee,jchen@agency.co,2026-05-04 11:42:36.720000
WK52_2025,Dan Kowalski,Holiday Bundle 2025 ,DV360 Display,2.030423000000000e+04,"     132,631,580",1115588,FYI spend includes agency fee,jchen@agency.co,2026-05-04 11:42:36.720000
WK46_2025,Jessica Chen,HOLIDAY BUNDLE 2025,Twitch,"""$14230.39""","      18,648,640",234667,"Agency-supplied, verify before publish",jchen@agency.co,2026-05-04 11:42:36.720000
WK47_2025,Priya Patel,Astro_Bot_Sustain,Roku CTV,"""$34120.32""","      20,000,000",210674,Ad partner doesnt expose API,ppatel@agency.co,2026-05-04 11:42:36.720000
WK07_2026,Dan Kowalski,GTA VI Pre-Order Push ,Twitch,1.271290000000000e+04,"      16,216,220",162595,FYI spend includes agency fee,jchen@agency.co,2026-05-04 11:42:36.720000
WK46_2025,Jessica Chen,PLAY HAS NO LIMITS SIZZLE,Google SEM,"""$15012.56""","      85,714,280",962865,"Agency-supplied, verify before publish",jchen@agency.co,2026-05-04 11:42:36.720000
WK52_2025,Dan Kowalski,Play Has No Limits Sizzle ,Roku CTV,3.115614000000000e+04,"      20,000,000",136742,FYI spend includes agency fee,jchen@agency.co,2026-05-04 11:42:36.720000
WK11_2026,Priya Patel,Play_Has_No_Limits_Sizzle,TikTok,"""$18902.35""","      61,111,120",252602,Ad partner doesnt expose API,ppatel@agency.co,2026-05-04 11:42:36.720000
WK49_2025,Jessica Chen,GHOST OF YOTEI SUSTAIN,Meta,"""$23512.10""","      58,947,360",509398,"Agency-supplied, verify before publish",jchen@agency.co,2026-05-04 11:42:36.720000
WK47_2025,Priya Patel,PS5_Pro_Launch_Global,Google SEM,"""$15661.12""","      85,714,280",894767,Ad partner doesnt expose API,ppatel@agency.co,2026-05-04 11:42:36.720000
WK51_2025,Priya Patel,PS_Plus_Q4_Premium_Upgrade,YouTube Ads,"""$60006.76""","     114,843,760",1040623,Ad partner doesnt expose API,ppatel@agency.co,2026-05-04 11:42:36.720000
WK05_2026,Priya Patel,PS_Plus_Q4_Premium_Upgrade,Twitch,"""$19899.61""","      25,945,940",113765,Ad partner doesnt expose API,ppatel@agency.co,2026-05-04 11:42:36.720000
WK48_2025,Marcus O'Brien,astro bot sustain,X/Twitter Ads,"""$5706.61""","      21,538,460",225344,Platform API outage - reported manually,mobrien@agency.co,2026-05-04 11:42:36.720000
WK49_2025,Dan Kowalski,Spider-Man 2 Sustain ,TikTok,1.791078000000000e+04,"      61,111,120",571035,FYI spend includes agency fee,jchen@agency.co,2026-05-04 11:42:36.720000
WK12_2026,Jessica Chen,GTA VI PRE-ORDER PUSH,TikTok,"""$48011.23""","     165,000,000",1039896,"Agency-supplied, verify before publish",jchen@agency.co,2026-05-04 11:42:36.720000
WK49_2025,Priya Patel,Always-On_Brand_Lexus,Roku CTV,"""$33022.05""","      20,000,000",174946,Ad partner doesnt expose API,ppatel@agency.co,2026-05-04 11:42:36.720000
WK03_2026,Priya Patel,Always-On_Brand_Lexus,Twitch,"""$26025.48""","      32,432,440",155463,Ad partner doesnt expose API,ppatel@agency.co,2026-05-04 11:42:36.720000
WK50_2025,Jessica Chen,Play Has No Limits Sizzle,X/Twitter Ads,5.830490000000000e+03,"      21,538,460",171599,,mobrien@agency.co,2026-05-04 11:42:36.720000
WK45_2025,Dan Kowalski,Ghost of Yotei Sustain ,Hulu CTV,7.427021000000001e+04,"      42,857,160",494275,FYI spend includes agency fee,jchen@agency.co,2026-05-04 11:42:36.720000
WK09_2026,Marcus O'Brien,helldivers 2 reengagement,Meta,"""$47482.89""","     117,894,720",462873,Platform API outage - reported manually,mobrien@agency.co,2026-05-04 11:42:36.720000
WK16_2026,Marcus O'Brien,always-on brand lexus,YouTube Ads,"""$29525.30""","      54,687,500",227197,Platform API outage - reported manually,mobrien@agency.co,2026-05-04 11:42:36.720000
WK46_2025,Dan Kowalski,Ghost of Yotei Sustain ,TikTok,1.828892000000000e+04,"      61,111,120",672418,FYI spend includes agency fee,jchen@agency.co,2026-05-04 11:42:36.720000
WK46_2025,Marcus O'Brien,ghost of yotei sustain,Twitch,"""$12765.74""","      16,216,220",175329,Platform API outage - reported manually,mobrien@agency.co,2026-05-04 11:42:36.720000
WK12_2026,Priya Patel,Spring_Refresh,X/Twitter Ads,"""$5743.45""","      21,538,460",216163,Ad partner doesnt expose API,ppatel@agency.co,2026-05-04 11:42:36.720000
WK08_2026,Marcus O'Brien,helldivers 2 reengagement,Meta,"""$23886.42""","      58,947,360",278873,Platform API outage - reported manually,mobrien@agency.co,2026-05-04 11:42:36.720000
WK52_2025,Jessica Chen,PS PLUS Q4 PREMIUM UPGRADE,YouTube Ads,"""$66679.01""","     114,843,760",921000,"Agency-supplied, verify before publish",jchen@agency.co,2026-05-04 11:42:36.720000
WK01_2026,Dan Kowalski,PS Plus Q4 Premium Upgrade ,X/Twitter Ads,9.567400000000000e+03,"      34,461,540",252978,FYI spend includes agency fee,jchen@agency.co,2026-05-04 11:42:36.720000
WK45_2025,Marcus O'Brien,astro bot sustain,YouTube Ads,"""$28007.22""","      54,687,500",629479,Platform API outage - reported manually,mobrien@agency.co,2026-05-04 11:42:36.720000
WK03_2026,Jessica Chen,ALWAYS-ON BRAND LEXUS,Hulu CTV,"""$43826.56""","      24,642,860",107298,"Agency-supplied, verify before publish",jchen@agency.co,2026-05-04 11:42:36.720000
WK13_2026,Jessica Chen,ALWAYS-ON BRAND LEXUS,Snap,"""$4999.35""","      21,818,180",92437,"Agency-supplied, verify before publish",jchen@agency.co,2026-05-04 11:42:36.720000
WK01_2025,Dan Kowalski,Play Has No Limits Sizzle ,YouTube Ads,2.970503000000000e+04,"      54,687,500",343612,FYI spend includes agency fee,jchen@agency.co,2026-05-04 11:42:36.720000
WK07_2026,Jessica Chen,PS PLUS ESSENTIALS ACQUIRE,TikTok,"""$19689.44""","      61,111,120",538120,"Agency-supplied, verify before publish",jchen@agency.co,2026-05-04 11:42:36.720000
WK03_2026,Priya Patel,PS_Plus_Essentials_Acquire,Reddit Ads,"""$22466.97""","      82,622,940",891403,Ad partner doesnt expose API,ppatel@agency.co,2026-05-04 11:42:36.720000
WK45_2025,Jessica Chen,PS5 PRO LAUNCH GLOBAL,Roku CTV,"""$37903.04""","      23,000,000",269337,"Agency-supplied, verify before publish",jchen@agency.co,2026-05-04 11:42:36.720000
WK48_2025,Jessica Chen,PS5 Pro Lauch Global,Snap,5.017170000000000e+03,"      21,818,180",217104,,mobrien@agency.co,2026-05-04 11:42:36.720000
WK01_2025,Jessica Chen,SPIDER-MAN 2 SUSTAIN,TikTok,"""$29087.48""","      97,777,780",615905,"Agency-supplied, verify before publish",jchen@agency.co,2026-05-04 11:42:36.720000
WK50_2025,Marcus O'Brien,always-on brand lexus,TikTok,"""$21129.98""","      70,277,780",553459,Platform API outage - reported manually,mobrien@agency.co,2026-05-04 11:42:36.720000
WK16_2026,Dan Kowalski,Always-On Brand Lexus ,Meta,2.808844000000000e+04,"      67,789,480",285431,FYI spend includes agency fee,jchen@agency.co,2026-05-04 11:42:36.720000
WK11_2026,Dan Kowalski,Play Has No Limits Sizzle ,DV360 Display,1.976923000000000e+04,"     126,315,800",505327,FYI spend includes agency fee,jchen@agency.co,2026-05-04 11:42:36.720000
WK08_2026,Jessica Chen,PS Plus Essentials Acquire,Roku CTV,3.948318000000000e+04,"      23,000,000",173589,,mobrien@agency.co,2026-05-04 11:42:36.720000
WK50_2025,Jessica Chen,Helldivers 2 Reengagement,Twitch,1.314388000000000e+04,"      16,216,220",168746,,mobrien@agency.co,2026-05-04 11:42:36.720000
WK52_2025,Jessica Chen,HELLDIVERS 2 REENGAGEMENT,Reddit Ads,"""$6353.10""","      26,229,500",249179,"Agency-supplied, verify before publish",jchen@agency.co,2026-05-04 11:42:36.720000
WK03_2026,Dan Kowalski,Play Has No Limits Sizzle ,Google SEM,1.832041000000000e+04,"      98,571,420",455543,FYI spend includes agency fee,jchen@agency.co,2026-05-04 11:42:36.720000
WK04_2026,Marcus O'Brien,astro bot sustain,Meta,"""$24097.94""","      58,947,360",239055,Platform API outage - reported manually,mobrien@agency.co,2026-05-04 11:42:36.720000
WK03_2026,Priya Patel,Spider-Man_2_Sustain,Google SEM,"""$75255.71""","     432,000,000",2100244,Ad partner doesnt expose API,ppatel@agency.co,2026-05-04 11:42:36.720000
WK02_2026,Jessica Chen,Always-On Brand Lexus,TikTok,1.744394000000000e+04,"      61,111,120",329356,,mobrien@agency.co,2026-05-04 11:42:36.720000
WK06_2026,Jessica Chen,Always-On Brand Lexus,TikTok,3.883124000000000e+04,"     131,388,900",534688,,mobrien@agency.co,2026-05-04 11:42:36.720000
WK05_2026,Dan Kowalski,Play Has No Limits Sizzle ,Reddit Ads,7.381420000000000e+03,"      30,163,940",120250,FYI spend includes agency fee,jchen@agency.co,2026-05-04 11:42:36.720000
WK46_2025,Dan Kowalski,Ghost of Yotei Sustain ,DV360 Display,2.082853000000000e+04,"     126,315,800",1342253,FYI spend includes agency fee,jchen@agency.co,2026-05-04 11:42:36.720000
WK01_2026,Jessica Chen,GHOST OF YOTEI SUSTAIN,Snap,"""$6096.55""","      25,090,900",148647,"Agency-supplied, verify before publish",jchen@agency.co,2026-05-04 11:42:36.720000
WK06_2026,Dan Kowalski,PS Plus Essentials Acquire ,Twitch,1.651083000000000e+04,"      18,648,640",157980,FYI spend includes agency fee,jchen@agency.co,2026-05-04 11:42:36.720000
WK02_2026,Dan Kowalski,Helldivers 2 Reengagement ,Google SEM,3.042541000000000e+04,"     171,428,560",1484113,FYI spend includes agency fee,jchen@agency.co,2026-05-04 11:42:36.720000
WK07_2026,Jessica Chen,RESIDENT EVIL 9 PRE-ORDER,Twitch,"""$12407.97""","      16,216,220",147389,"Agency-supplied, verify before publish",jchen@agency.co,2026-05-04 11:42:36.720000
WK01_2026,Jessica Chen,HOLIDAY BUNDLE 2025,TikTok,"""$28182.20""","      97,777,780",662239,"Agency-supplied, verify before publish",jchen@agency.co,2026-05-04 11:42:36.720000
WK47_2025,Marcus O'Brien,astro bot sustain,TikTok,"""$18329.07""","      61,111,120",617798,Platform API outage - reported manually,mobrien@agency.co,2026-05-04 11:42:36.720000
WK09_2026,Priya Patel,Astro_Bot_Sustain,X/Twitter Ads,"""$11603.35""","      43,076,920",180661,Ad partner doesnt expose API,ppatel@agency.co,2026-05-04 11:42:36.720000
WK05_2026,Jessica Chen,GTA VI PRE-ORDER PUSH,Twitch,"""$12908.34""","      16,216,220",164477,"Agency-supplied, verify before publish",jchen@agency.co,2026-05-04 11:42:36.720000
WK07_2026,Jessica Chen,GTA VI PRE-ORDER PUSH,YouTube Ads,"""$34326.49""","      62,890,620",589815,"Agency-supplied, verify before publish",jchen@agency.co,2026-05-04 11:42:36.720000
WK17_2026,Dan Kowalski,GTA VI Pre-Order Push ,Google SEM,4.005538000000000e+04,"     231,428,580",975240,FYI spend includes agency fee,jchen@agency.co,2026-05-04 11:42:36.720000
WK45_2025,Jessica Chen,ALWAYS-ON BRAND LEXUS,Reddit Ads,"""$6682.77""","      26,229,500",307347,"Agency-supplied, verify before publish",jchen@agency.co,2026-05-04 11:42:36.720000
WK02_2026,Marcus O'Brien,always-on brand lexus,Google SEM,"""$16752.00""","      85,714,280",444842,Platform API outage - reported manually,mobrien@agency.co,2026-05-04 11:42:36.720000
WK07_2026,Jessica Chen,ALWAYS-ON BRAND LEXUS,Hulu CTV,"""$35476.44""","      21,428,580",93381,"Agency-supplied, verify before publish",jchen@agency.co,2026-05-04 11:42:36.720000
WK47_2025,Dan Kowalski,Play Has No Limits Sizzle ,TikTok,1.842244000000000e+04,"      61,111,120",628866,FYI spend includes agency fee,jchen@agency.co,2026-05-04 11:42:36.720000
WK07_2026,Jessica Chen,PS PLUS ESSENTIALS ACQUIRE,Snap,"""$4970.57""","      21,818,180",192939,"Agency-supplied, verify before publish",jchen@agency.co,2026-05-04 11:42:36.720000
WK03_2026,Marcus O'Brien,helldivers 2 reengagement,Snap,"""$5159.77""","      21,818,180",170228,Platform API outage - reported manually,mobrien@agency.co,2026-05-04 11:42:36.720000
WK50_2025,Priya Patel,PS5_Pro_Launch_Global,Roku CTV,"""$62119.09""","      42,000,000",360582,Ad partner doesnt expose API,ppatel@agency.co,2026-05-04 11:42:36.720000
WK47_2025,Dan Kowalski,Holiday Bundle 2025 ,TikTok,1.748316000000000e+04,"      61,111,120",716750,FYI spend includes agency fee,jchen@agency.co,2026-05-04 11:42:36.720000
WK01_2026,Priya Patel,PS_Plus_Q4_Premium_Upgrade,Google SEM,"""$23648.50""","     137,142,860",966302,Ad partner doesnt expose API,ppatel@agency.co,2026-05-04 11:42:36.720000
WK15_2026,Jessica Chen,GTA VI PRE-ORDER PUSH,Hulu CTV,"""$106403.57""","      57,857,140",241945,"Agency-supplied, verify before publish",jchen@agency.co,2026-05-04 11:42:36.720000
WK01_2025,Jessica Chen,ALWAYS-ON BRAND LEXUS,Hulu CTV,"""$39609.25""","      21,428,580",145861,"Agency-supplied, verify before publish",jchen@agency.co,2026-05-04 11:42:36.720000
WK10_2026,Priya Patel,Always-On_Brand_Lexus,Twitch,"""$14100.77""","      18,648,640",78843,Ad partner doesnt expose API,ppatel@agency.co,2026-05-04 11:42:36.720000
WK46_2025,Marcus O'Brien,ghost of yotei sustain,Meta,"""$26895.42""","      67,789,480",673905,Platform API outage - reported manually,mobrien@agency.co,2026-05-04 11:42:36.720000
WK06_2026,Jessica Chen,PS Plus Essentials Acquire,YouTube Ads,3.202522000000000e+04,"      54,687,500",513070,,mobrien@agency.co,2026-05-04 11:42:36.720000
WK07_2026,Jessica Chen,VALENTINE GAME GIFTING,Snap,"""$5132.01""","      21,818,180",218874,"Agency-supplied, verify before publish",jchen@agency.co,2026-05-04 11:42:36.720000
WK07_2026,Marcus O'Brien,valentine game gifting,DV360 Display,"""$11635.56""","      72,631,580",700435,Platform API outage - reported manually,mobrien@agency.co,2026-05-04 11:42:36.720000
WK07_2026,Jessica Chen,Helldivers 2 Reengagement,Twitch,1.266898000000000e+04,"      16,216,220",78623,,mobrien@agency.co,2026-05-04 11:42:36.720000
WK50_2025,Jessica Chen,PS Plus Q4 Premium Upgrade,Meta,5.009410000000000e+04,"     123,789,480",1115319,,mobrien@agency.co,2026-05-04 11:42:36.720000
WK04_2026,Priya Patel,PS_Plus_Q4_Premium_Upgrade,TikTok,"""$29114.39""","      97,777,780",498274,Ad partner doesnt expose API,ppatel@agency.co,2026-05-04 11:42:36.720000
WK45_2025,Dan Kowalski,Astro Bot Sustain ,Meta,5.528861000000000e+04,"     135,578,960",1555904,FYI spend includes agency fee,jchen@agency.co,2026-05-04 11:42:36.720000
WK44_2025,Priya Patel,Spider-Man_2_Sustain,TikTok,"""$21224.46""","      70,277,780",834148,Ad partner doesnt expose API,ppatel@agency.co,2026-05-04 11:42:36.720000
WK51_2025,Jessica Chen,HELLDIVERS 2 REENGAGEMENT,X/Twitter Ads,"""$7004.34""","      24,769,240",236149,"Agency-supplied, verify before publish",jchen@agency.co,2026-05-04 11:42:36.720000
WK01_2025,Jessica Chen,HELLDIVERS 2 REENGAGEMENT,YouTube Ads,"""$28984.61""","      54,687,500",549143,"Agency-supplied, verify before publish",jchen@agency.co,2026-05-04 11:42:36.720000
WK05_2026,Jessica Chen,Resident Evil 9 Pre-Order,Roku CTV,3.253501000000000e+04,"      20,000,000",200127,,mobrien@agency.co,2026-05-04 11:42:36.720000
WK06_2026,Jessica Chen,RESIDENT EVIL 9 PRE-ORDER,Hulu CTV,"""$38612.34""","      21,428,580",214177,"Agency-supplied, verify before publish",jchen@agency.co,2026-05-04 11:42:36.720000
WK02_2026,Jessica Chen,ASTRO BOT SUSTAIN,X/Twitter Ads,"""$6899.81""","      24,769,240",132473,"Agency-supplied, verify before publish",jchen@agency.co,2026-05-04 11:42:36.720000
WK48_2025,Marcus O'Brien,always-on brand lexus,DV360 Display,"""$11641.42""","      72,631,580",642041,Platform API outage - reported manually,mobrien@agency.co,2026-05-04 11:42:36.720000
WK09_2026,Marcus O'Brien,play has no limits sizzle,Twitch,"""$14645.45""","      18,648,640",77576,Platform API outage - reported manually,mobrien@agency.co,2026-05-04 11:42:36.720000
WK03_2026,Jessica Chen,PS PLUS ESSENTIALS ACQUIRE,DV360 Display,"""$11691.75""","      72,631,580",783969,"Agency-supplied, verify before publish",jchen@agency.co,2026-05-04 11:42:36.720000
WK11_2026,Dan Kowalski,Spring Refresh ,TikTok,1.773805000000000e+04,"      61,111,120",679116,FYI spend includes agency fee,jchen@agency.co,2026-05-04 11:42:36.720000
WK09_2026,Marcus O'Brien,helldivers 2 reengagement,Hulu CTV,"""$38239.93""","      21,428,580",90265,Platform API outage - reported manually,mobrien@agency.co,2026-05-04 11:42:36.720000
WK48_2025,Marcus O'Brien,holiday bundle 2025,X/Twitter Ads,"""$17451.71""","      66,769,220",733656,Platform API outage - reported manually,mobrien@agency.co,2026-05-04 11:42:36.720000
WK46_2025,Jessica Chen,PS Plus Q4 Premium Upgrade,Hulu CTV,4.488517000000000e+04,"      24,642,860",286330,,mobrien@agency.co,2026-05-04 11:42:36.720000
WK01_2026,Marcus O'Brien,ps plus q4 premium upgrade,YouTube Ads,"""$47656.39""","      87,500,000",618059,Platform API outage - reported manually,mobrien@agency.co,2026-05-04 11:42:36.720000
WK03_2026,Dan Kowalski,Astro Bot Sustain ,Meta,2.292745000000000e+04,"      58,947,360",279589,FYI spend includes agency fee,jchen@agency.co,2026-05-04 11:42:36.720000
WK05_2026,Marcus O'Brien,spider-man 2 sustain,Twitch,"""$21466.15""","      25,945,940",107835,Platform API outage - reported manually,mobrien@agency.co,2026-05-04 11:42:36.720000
WK02_2026,Jessica Chen,Ghost of Yotei Sustain,Roku CTV,7.520702000000000e+04,"      46,000,000",237548,,mobrien@agency.co,2026-05-04 11:42:36.720000
WK04_2026,Jessica Chen,PS Plus Q4 Premium Upgrade,X/Twitter Ads,1.084672000000000e+04,"      39,630,760",187453,,mobrien@agency.co,2026-05-04 11:42:36.720000
WK01_2026,Jessica Chen,ASTRO BOT SUSTAIN,Meta,"""$23749.76""","      58,947,360",351912,"Agency-supplied, verify before publish",jchen@agency.co,2026-05-04 11:42:36.720000
WK10_2026,Marcus O'Brien,play has no limits sizzle,DV360 Display,"""$11859.86""","      72,631,580",315475,Platform API outage - reported manually,mobrien@agency.co,2026-05-04 11:42:36.720000
WK45_2025,Marcus O'Brien,ghost of yotei sustain,YouTube Ads,"""$30354.15""","      54,687,500",653578,Platform API outage - reported manually,mobrien@agency.co,2026-05-04 11:42:36.720000
WK06_2026,Dan Kowalski,PS Plus Essentials Acquire ,DV360 Display,9.958969999999999e+03,"      63,157,900",548918,FYI spend includes agency fee,jchen@agency.co,2026-05-04 11:42:36.720000
WK50_2025,Dan Kowalski,Holiday Bundle 2025 ,YouTube Ads,7.242281000000000e+04,"     132,070,320",1231375,FYI spend includes agency fee,jchen@agency.co,2026-05-04 11:42:36.720000
WK52_2025,Priya Patel,PS_Plus_Q4_Premium_Upgrade,Reddit Ads,"""$16091.34""","      63,344,260",493410,Ad partner doesnt expose API,ppatel@agency.co,2026-05-04 11:42:36.720000
WK49_2025,Jessica Chen,SPIDER-MAN 2 SUSTAIN,Google SEM,"""$32497.20""","     184,285,700",1670822,"Agency-supplied, verify before publish",jchen@agency.co,2026-05-04 11:42:36.720000
WK08_2026,Jessica Chen,Astro Bot Sustain,TikTok,3.946516000000000e+04,"     131,388,900",557266,,mobrien@agency.co,2026-05-04 11:42:36.720000
WK45_2025,Marcus O'Brien,always-on brand lexus,Twitch,"""$12783.56""","      16,216,220",197916,Platform API outage - reported manually,mobrien@agency.co,2026-05-04 11:42:36.720000
WK47_2025,Jessica Chen,ALWAYS-ON BRAND LEXUS,TikTok,"""$19468.16""","      61,111,120",618239,"Agency-supplied, verify before publish",jchen@agency.co,2026-05-04 11:42:36.720000
WK06_2026,Dan Kowalski,Always-On Brand Lexus ,DV360 Display,1.074377000000000e+04,"      63,157,900",283058,FYI spend includes agency fee,jchen@agency.co,2026-05-04 11:42:36.720000
WK13_2026,Marcus O'Brien,always-on brand lexus,Meta,"""$57309.75""","     135,578,960",561602,Platform API outage - reported manually,mobrien@agency.co,2026-05-04 11:42:36.720000
WK03_2026,Priya Patel,Ghost_of_Yotei_Sustain,DV360 Display,"""$22081.07""","     135,789,480",613156,Ad partner doesnt expose API,ppatel@agency.co,2026-05-04 11:42:36.720000
WK10_2026,Marcus O'Brien,spring refresh,Roku CTV,"""$33386.53""","      20,000,000",224160,Platform API outage - reported manually,mobrien@agency.co,2026-05-04 11:42:36.720000
WK50_2025,Jessica Chen,PLAY HAS NO LIMITS SIZZLE,TikTok,"""$18977.98""","      61,111,120",480069,"Agency-supplied, verify before publish",jchen@agency.co,2026-05-04 11:42:36.720000
WK05_2026,Dan Kowalski,GTA VI Pre-Order Push ,Hulu CTV,3.861807000000000e+04,"      21,428,580",231974,FYI spend includes agency fee,jchen@agency.co,2026-05-04 11:42:36.720000
WK09_2026,Priya Patel,Astro_Bot_Sustain,Twitch,"""$11866.22""","      16,216,220",69725,Ad partner doesnt expose API,ppatel@agency.co,2026-05-04 11:42:36.720000
WK14_2026,Dan Kowalski,GTA VI Pre-Order Push ,Roku CTV,9.871777000000000e+04,"      62,100,000",277439,FYI spend includes agency fee,jchen@agency.co,2026-05-04 11:42:36.720000
WK02_2026,Jessica Chen,ALWAYS-ON BRAND LEXUS,X/Twitter Ads,"""$6723.18""","      24,769,240",138998,"Agency-supplied, verify before publish",jchen@agency.co,2026-05-04 11:42:36.720000
WK50_2025,Marcus O'Brien,ghost of yotei sustain,Hulu CTV,"""$39339.97""","      21,428,580",164364,Platform API outage - reported manually,mobrien@agency.co,2026-05-04 11:42:36.720000
WK52_2025,Dan Kowalski,Ghost of Yotei Sustain ,Meta,2.350972000000000e+04,"      58,947,360",391741,FYI spend includes agency fee,jchen@agency.co,2026-05-04 11:42:36.720000
WK01_2026,Jessica Chen,GHOST OF YOTEI SUSTAIN,YouTube Ads,"""$28629.60""","      54,687,500",354900,"Agency-supplied, verify before publish",jchen@agency.co,2026-05-04 11:42:36.720000
WK06_2026,Jessica Chen,ALWAYS-ON BRAND LEXUS,Roku CTV,"""$34004.20""","      20,000,000",78645,"Agency-supplied, verify before publish",jchen@agency.co,2026-05-04 11:42:36.720000
WK09_2026,Jessica Chen,Play Has No Limits Sizzle,Google SEM,1.476352000000000e+04,"      85,714,280",352500,,mobrien@agency.co,2026-05-04 11:42:36.720000
WK04_2026,Dan Kowalski,Ghost of Yotei Sustain ,Twitch,1.270463000000000e+04,"      16,216,220",66916,FYI spend includes agency fee,jchen@agency.co,2026-05-04 11:42:36.720000
WK50_2025,Dan Kowalski,PS5 Pro Launch Global ,DV360 Display,2.166248000000000e+04,"     132,631,580",1166148,FYI spend includes agency fee,jchen@agency.co,2026-05-04 11:42:36.720000
WK46_2025,Marcus O'Brien,holiday bundle 2025,Reddit Ads,"""$7668.78""","      30,163,940",360913,Platform API outage - reported manually,mobrien@agency.co,2026-05-04 11:42:36.720000
WK47_2025,Dan Kowalski,Holiday Bundle 2025 ,Twitch,1.265433000000000e+04,"      16,216,220",194831,FYI spend includes agency fee,jchen@agency.co,2026-05-04 11:42:36.720000
WK49_2025,Jessica Chen,ASTRO BOT SUSTAIN,Hulu CTV,"""$81698.19""","      46,071,440",414342,"Agency-supplied, verify before publish",jchen@agency.co,2026-05-04 11:42:36.720000
WK09_2026,Marcus O'Brien,gta vi pre-order push,YouTube Ads,"""$28544.93""","      54,687,500",467831,Platform API outage - reported manually,mobrien@agency.co,2026-05-04 11:42:36.720000
WK06_2026,Jessica Chen,Always-On Brand Lexus,Reddit Ads,1.318764000000000e+04,"      52,459,000",217986,,mobrien@agency.co,2026-05-04 11:42:36.720000
WK09_2026,Priya Patel,Always-On_Brand_Lexus,Meta,"""$22355.86""","      58,947,360",256862,Ad partner doesnt expose API,ppatel@agency.co,2026-05-04 11:42:36.720000
WK15_2026,Marcus O'Brien,always-on brand lexus,Hulu CTV,"""$38650.53""","      21,428,580",102306,Platform API outage - reported manually,mobrien@agency.co,2026-05-04 11:42:36.720000
WK16_2026,Dan Kowalski,Always-On Brand Lexus ,Twitch,2.934729000000000e+04,"      37,297,280",157990,FYI spend includes agency fee,jchen@agency.co,2026-05-04 11:42:36.720000
WK51_2025,Marcus O'Brien,play has no limits sizzle,Google SEM,"""$17492.83""","      98,571,420",698477,Platform API outage - reported manually,mobrien@agency.co,2026-05-04 11:42:36.720000
WK09_2026,Priya Patel,Play_Has_No_Limits_Sizzle,Snap,"""$5394.29""","      21,818,180",94081,Ad partner doesnt expose API,ppatel@agency.co,2026-05-04 11:42:36.720000
WK46_2025,Jessica Chen,GHOST OF YOTEI SUSTAIN,Hulu CTV,"""$36534.47""","      21,428,580",242607,"Agency-supplied, verify before publish",jchen@agency.co,2026-05-04 11:42:36.720000
WK47_2025,Marcus O'Brien,ghost of yotei sustain,Twitch,"""$12771.47""","      16,216,220",170721,Platform API outage - reported manually,mobrien@agency.co,2026-05-04 11:42:36.720000
WK03_2026,Dan Kowalski,Ghost of Yotei Sustain ,Reddit Ads,1.403027000000000e+04,"      56,393,440",286722,FYI spend includes agency fee,jchen@agency.co,2026-05-04 11:42:36.720000
WK14_2026,Marcus O'Brien,spring refresh,X/Twitter Ads,"""$5648.98""","      21,538,460",203061,Platform API outage - reported manually,mobrien@agency.co,2026-05-04 11:42:36.720000
WK48_2025,Priya Patel,Holiday_Bundle_2025,Snap,"""$10150.46""","      43,636,360",477483,Ad partner doesnt expose API,ppatel@agency.co,2026-05-04 11:42:36.720000
WK48_2025,Jessica Chen,PS Plus Q4 Premium Upgrade,Hulu CTV,1.290945600000000e+05,"      73,178,580",743864,,mobrien@agency.co,2026-05-04 11:42:36.720000
WK46_2025,Jessica Chen,ASTRO BOT SUSTAIN,Reddit Ads,"""$6660.36""","      26,229,500",295499,"Agency-supplied, verify before publish",jchen@agency.co,2026-05-04 11:42:36.720000
WK06_2026,Priya Patel,Astro_Bot_Sustain,Snap,"""$5649.40""","      25,090,900",108676,Ad partner doesnt expose API,ppatel@agency.co,2026-05-04 11:42:36.720000
WK10_2026,Priya Patel,GTA_VI_Pre-Order_Push,Meta,"""$22808.61""","      58,947,360",466988,Ad partner doesnt expose API,ppatel@agency.co,2026-05-04 11:42:36.720000
WK47_2025,Jessica Chen,Always-On Brand Lexus,YouTube Ads,2.956392000000000e+04,"      54,687,500",610201,,mobrien@agency.co,2026-05-04 11:42:36.720000
WK13_2026,Dan Kowalski,PS Plus Essentials Acquire ,YouTube Ads,2.935299000000000e+04,"      54,687,500",225030,FYI spend includes agency fee,jchen@agency.co,2026-05-04 11:42:36.720000
WK10_2026,Marcus O'Brien,play has no limits sizzle,Roku CTV,"""$38917.52""","      23,000,000",87706,Platform API outage - reported manually,mobrien@agency.co,2026-05-04 11:42:36.720000
WK01_2026,Jessica Chen,Ghost of Yotei Sustain,Reddit Ads,7.740630000000000e+03,"      30,163,940",174063,,mobrien@agency.co,2026-05-04 11:42:36.720000
WK12_2026,Marcus O'Brien,ps plus essentials acquire,Roku CTV,"""$30009.49""","      20,000,000",111848,Platform API outage - reported manually,mobrien@agency.co,2026-05-04 11:42:36.720000
WK05_2026,Marcus O'Brien,resident evil 9 pre-order,DV360 Display,"""$10106.66""","      63,157,900",656731,Platform API outage - reported manually,mobrien@agency.co,2026-05-04 11:42:36.720000
WK47_2025,Marcus O'Brien,ps5 pro launch global,Meta,"""$23971.98""","      58,947,360",622594,Platform API outage - reported manually,mobrien@agency.co,2026-05-04 11:42:36.720000
WK52_2025,Jessica Chen,ALWAYS-ON BRAND LEXUS,Hulu CTV,"""$44219.72""","      24,642,860",150746,"Agency-supplied, verify before publish",jchen@agency.co,2026-05-04 11:42:36.720000
WK08_2026,Marcus O'Brien,resident evil 9 pre-order,Reddit Ads,"""$7311.14""","      30,163,940",247558,Platform API outage - reported manually,mobrien@agency.co,2026-05-04 11:42:36.720000
WK04_2026,Dan Kowalski,PS Plus Q4 Premium Upgrade ,Twitch,4.077398000000000e+04,"      51,891,880",261855,FYI spend includes agency fee,jchen@agency.co,2026-05-04 11:42:36.720000
WK04_2026,Jessica Chen,SPIDER-MAN 2 SUSTAIN,Roku CTV,"""$60582.55""","      36,800,000",156234,"Agency-supplied, verify before publish",jchen@agency.co,2026-05-04 11:42:36.720000
WK13_2026,Jessica Chen,GTA VI PRE-ORDER PUSH,Hulu CTV,"""$103963.53""","      66,535,720",342801,"Agency-supplied, verify before publish",jchen@agency.co,2026-05-04 11:42:36.720000
WK11_2026,Priya Patel,PS_Plus_Essentials_Acquire,Reddit Ads,"""$7810.53""","      30,163,940",160242,Ad partner doesnt expose API,ppatel@agency.co,2026-05-04 11:42:36.720000
WK49_2025,Jessica Chen,Helldivers 2 Reengagement,Roku CTV,2.958696000000000e+04,"      20,000,000",231898,,mobrien@agency.co,2026-05-04 11:42:36.720000
WK01_2026,Dan Kowalski,Helldivers 2 Reengagement ,X/Twitter Ads,1.404729000000000e+04,"      49,538,480",425114,FYI spend includes agency fee,jchen@agency.co,2026-05-04 11:42:36.720000
WK05_2026,Jessica Chen,RESIDENT EVIL 9 PRE-ORDER,Snap,"""$5798.15""","      25,090,900",240554,"Agency-supplied, verify before publish",jchen@agency.co,2026-05-04 11:42:36.720000
WK44_2025,Marcus O'Brien,ps5 pro launch global,YouTube Ads,"""$35377.05""","      62,890,620",743972,Platform API outage - reported manually,mobrien@agency.co,2026-05-04 11:42:36.720000
WK49_2025,Marcus O'Brien,ps5 pro launch global,Roku CTV,"""$66000.23""","      42,000,000",353168,Platform API outage - reported manually,mobrien@agency.co,2026-05-04 11:42:36.720000
WK49_2025,Jessica Chen,PS Plus Q4 Premium Upgrade,Hulu CTV,8.230913000000000e+04,"      45,000,000",430380,,mobrien@agency.co,2026-05-04 11:42:36.720000
WK51_2025,Jessica Chen,PS Plus Q4 Premium Upgrade,Reddit Ads,1.511472000000000e+04,"      55,081,960",418656,,mobrien@agency.co,2026-05-04 11:42:36.720000
WK01_2026,Jessica Chen,PS Plus Q4 Premium Upgrade,Roku CTV,5.709584000000000e+04,"      36,800,000",244204,,mobrien@agency.co,2026-05-04 11:42:36.720000
WK12_2026,Jessica Chen,GTA VI Pre-Order Push,Roku CTV,9.760610000000001e+04,"      62,100,000",341474,,mobrien@agency.co,2026-05-04 11:42:36.720000
WK01_2025,Jessica Chen,Always-On Brand Lexus,TikTok,1.865026000000000e+04,"      61,111,120",349832,,mobrien@agency.co,2026-05-04 11:42:36.720000
WK07_2026,Priya Patel,Play_Has_No_Limits_Sizzle,DV360 Display,"""$11748.58""","      72,631,580",313823,Ad partner doesnt expose API,ppatel@agency.co,2026-05-04 11:42:36.720000
WK12_2026,Jessica Chen,PLAY HAS NO LIMITS SIZZLE,TikTok,"""$19212.33""","      61,111,120",234743,"Agency-supplied, verify before publish",jchen@agency.co,2026-05-04 11:42:36.720000
WK18_2026,Dan Kowalski,Spring Refresh ,Google SEM,1.562446000000000e+04,"      85,714,280",558610,FYI spend includes agency fee,jchen@agency.co,2026-05-04 11:42:36.720000
WK01_2025,Jessica Chen,GHOST OF YOTEI SUSTAIN,Snap,"""$4889.85""","      21,818,180",132573,"Agency-supplied, verify before publish",jchen@agency.co,2026-05-04 11:42:36.720000
WK47_2025,Marcus O'Brien,ps5 pro launch global,Roku CTV,"""$38068.09""","      23,000,000",218420,Platform API outage - reported manually,mobrien@agency.co,2026-05-04 11:42:36.720000
WK52_2025,Jessica Chen,HOLIDAY BUNDLE 2025,Twitch,"""$26225.20""","      34,054,060",276183,"Agency-supplied, verify before publish",jchen@agency.co,2026-05-04 11:42:36.720000
WK01_2025,Jessica Chen,Holiday Bundle 2025,Google SEM,2.538292000000000e+04,"     137,142,860",1013760,,mobrien@agency.co,2026-05-04 11:42:36.720000
WK02_2026,Marcus O'Brien,ps plus q4 premium upgrade,Google SEM,"""$24126.42""","     137,142,860",835803,Platform API outage - reported manually,mobrien@agency.co,2026-05-04 11:42:36.720000
WK07_2026,Marcus O'Brien,always-on brand lexus,Twitch,"""$26017.84""","      32,432,440",129919,Platform API outage - reported manually,mobrien@agency.co,2026-05-04 11:42:36.720000
WK48_2025,Priya Patel,Astro_Bot_Sustain,Hulu CTV,"""$42875.60""","      24,642,860",226127,Ad partner doesnt expose API,ppatel@agency.co,2026-05-04 11:42:36.720000
WK06_2026,Jessica Chen,Always-On Brand Lexus,Google SEM,1.531048000000000e+04,"      85,714,280",374550,,mobrien@agency.co,2026-05-04 11:42:36.720000
WK48_2025,Priya Patel,Play_Has_No_Limits_Sizzle,DV360 Display,"""$10650.06""","      63,157,900",589643,Ad partner doesnt expose API,ppatel@agency.co,2026-05-04 11:42:36.720000
WK05_2026,Marcus O'Brien,ghost of yotei sustain,X/Twitter Ads,"""$6126.68""","      21,538,460",84392,Platform API outage - reported manually,mobrien@agency.co,2026-05-04 11:42:36.720000
WK50_2025,Jessica Chen,HOLIDAY BUNDLE 2025,X/Twitter Ads,"""$12618.35""","      45,230,760",405849,"Agency-supplied, verify before publish",jchen@agency.co,2026-05-04 11:42:36.720000
WK01_2025,Priya Patel,Holiday_Bundle_2025,TikTok,"""$30750.20""","      97,777,780",779243,Ad partner doesnt expose API,ppatel@agency.co,2026-05-04 11:42:36.720000
WK51_2025,Jessica Chen,Astro Bot Sustain,YouTube Ads,3.019373000000000e+04,"      54,687,500",418164,,mobrien@agency.co,2026-05-04 11:42:36.720000
WK48_2025,Jessica Chen,ALWAYS-ON BRAND LEXUS,Twitch,"""$13233.64""","      16,216,220",149574,"Agency-supplied, verify before publish",jchen@agency.co,2026-05-04 11:42:36.720000
WK51_2025,Marcus O'Brien,always-on brand lexus,Roku CTV,"""$30736.83""","      20,000,000",165376,Platform API outage - reported manually,mobrien@agency.co,2026-05-04 11:42:36.720000
WK45_2025,Priya Patel,Ghost_of_Yotei_Sustain,TikTok,"""$17950.00""","      61,111,120",719609,Ad partner doesnt expose API,ppatel@agency.co,2026-05-04 11:42:36.720000
WK45_2025,Marcus O'Brien,ghost of yotei sustain,Snap,"""$5316.88""","      21,818,180",243386,Platform API outage - reported manually,mobrien@agency.co,2026-05-04 11:42:36.720000
WK50_2025,Priya Patel,Ghost_of_Yotei_Sustain,Snap,"""$4779.34""","      21,818,180",179755,Ad partner doesnt expose API,ppatel@agency.co,2026-05-04 11:42:36.720000
WK51_2025,Jessica Chen,Ghost of Yotei Sustain,Meta,2.683803000000000e+04,"      67,789,480",473445,,mobrien@agency.co,2026-05-04 11:42:36.720000
WK08_2026,Jessica Chen,PS Plus Essentials Acquire,X/Twitter Ads,1.146848000000000e+04,"      43,076,920",327057,,mobrien@agency.co,2026-05-04 11:42:36.720000
WK01_2026,Priya Patel,Helldivers_2_Reengagement,Roku CTV,"""$37176.04""","      23,000,000",188538,Ad partner doesnt expose API,ppatel@agency.co,2026-05-04 11:42:36.720000
WK47_2025,Jessica Chen,Ghost of Yotei Sustain,Hulu CTV,1.208822200000000e+05,"      67,500,020",702733,,mobrien@agency.co,2026-05-04 11:42:36.720000
WK48_2025,Jessica Chen,Holiday Bundle 2025,Meta,2.299280000000000e+04,"      58,947,360",618678,,mobrien@agency.co,2026-05-04 11:42:36.720000
WK46_2025,Jessica Chen,Astro Bot Sustain,Hulu CTV,4.683985000000000e+04,"      24,642,860",253294,,mobrien@agency.co,2026-05-04 11:42:36.720000
WK52_2025,Jessica Chen,Astro Bot Sustain,Meta,2.524051000000000e+04,"      67,789,480",415241,,mobrien@agency.co,2026-05-04 11:42:36.720000
WK51_2025,Dan Kowalski,Spider-Man 2 Sustain ,DV360 Display,1.014588000000000e+04,"      63,157,900",477608,FYI spend includes agency fee,jchen@agency.co,2026-05-04 11:42:36.720000
WK04_2026,Jessica Chen,GTA VI Pre-Order Push,TikTok,1.918712000000000e+04,"      61,111,120",607463,,mobrien@agency.co,2026-05-04 11:42:36.720000
WK03_2026,Dan Kowalski,Spider-Man 2 Sustain ,YouTube Ads,4.980249000000000e+04,"      87,500,000",429066,FYI spend includes agency fee,jchen@agency.co,2026-05-04 11:42:36.720000
WK14_2026,Dan Kowalski,Spring Refresh ,Reddit Ads,1.505909000000000e+04,"      56,393,440",516350,FYI spend includes agency fee,jchen@agency.co,2026-05-04 11:42:36.720000
WK03_2026,Dan Kowalski,Resident Evil 9 Pre-Order ,TikTok,1.750090000000000e+04,"      61,111,120",694061,FYI spend includes agency fee,jchen@agency.co,2026-05-04 11:42:36.720000
WK50_2025,Jessica Chen,ASTRO BOT SUSTAIN,Hulu CTV,"""$38912.18""","      21,428,580",194304,"Agency-supplied, verify before publish",jchen@agency.co,2026-05-04 11:42:36.720000
WK01_2026,Dan Kowalski,Astro Bot Sustain ,DV360 Display,1.169938000000000e+04,"      72,631,580",449776,FYI spend includes agency fee,jchen@agency.co,2026-05-04 11:42:36.720000
WK50_2025,Dan Kowalski,Spider-Man 2 Sustain ,Google SEM,1.639907000000000e+04,"      85,714,280",684000,FYI spend includes agency fee,jchen@agency.co,2026-05-04 11:42:36.720000
WK05_2026,Dan Kowalski,Astro Bot Sustain ,Google SEM,1.561682000000000e+04,"      85,714,280",380700,FYI spend includes agency fee,jchen@agency.co,2026-05-04 11:42:36.720000
WK04_2026,Jessica Chen,ALWAYS-ON BRAND LEXUS,Google SEM,"""$17057.99""","      98,571,420",432109,"Agency-supplied, verify before publish",jchen@agency.co,2026-05-04 11:42:36.720000
WK48_2025,Dan Kowalski,Play Has No Limits Sizzle ,YouTube Ads,3.503368000000000e+04,"      62,890,620",539761,FYI spend includes agency fee,jchen@agency.co,2026-05-04 11:42:36.720000
WK15_2026,Dan Kowalski,Spring Refresh ,DV360 Display,9.963040000000001e+03,"      63,157,900",521559,FYI spend includes agency fee,jchen@agency.co,2026-05-04 11:42:36.720000
WK51_2025,Marcus O'Brien,ps plus q4 premium upgrade,Meta,"""$47695.94""","     123,789,480",1098499,Platform API outage - reported manually,mobrien@agency.co,2026-05-04 11:42:36.720000
WK05_2026,Marcus O'Brien,ps plus q4 premium upgrade,Roku CTV,"""$53242.97""","      32,000,000",141476,Platform API outage - reported manually,mobrien@agency.co,2026-05-04 11:42:36.720000
WK01_2025,Dan Kowalski,Spider-Man 2 Sustain ,X/Twitter Ads,9.091120000000001e+03,"      34,461,540",235049,FYI spend includes agency fee,jchen@agency.co,2026-05-04 11:42:36.720000
WK51_2025,Jessica Chen,Play Has No Limits Sizzle,Twitch,1.266261000000000e+04,"      16,216,220",134308,,mobrien@agency.co,2026-05-04 11:42:36.720000
WK02_2026,Marcus O'Brien,ps plus essentials acquire,TikTok,"""$19759.47""","      61,111,120",724740,Platform API outage - reported manually,mobrien@agency.co,2026-05-04 11:42:36.720000
WK51_2025,Jessica Chen,Ghost of Yotei Sustain,Reddit Ads,6.664440000000000e+03,"      26,229,500",214590,,mobrien@agency.co,2026-05-04 11:42:36.720000
WK11_2026,Marcus O'Brien,spring refresh,Meta,"""$23418.22""","      58,947,360",664371,Platform API outage - reported manually,mobrien@agency.co,2026-05-04 11:42:36.720000
WK11_2026,Dan Kowalski,Spring Refresh ,Google SEM,3.290604000000000e+04,"     184,285,700",2013999,FYI spend includes agency fee,jchen@agency.co,2026-05-04 11:42:36.720000
WK01_2026,Priya Patel,Helldivers_2_Reengagement,TikTok,"""$20341.15""","      61,111,120",526192,Ad partner doesnt expose API,ppatel@agency.co,2026-05-04 11:42:36.720000
WK51_2025,Marcus O'Brien,ps5 pro launch global,DV360 Display,"""$21082.83""","     132,631,580",1024898,Platform API outage - reported manually,mobrien@agency.co,2026-05-04 11:42:36.720000
WK48_2025,Dan Kowalski,Holiday Bundle 2025 ,Roku CTV,3.057717000000000e+04,"      20,000,000",228528,FYI spend includes agency fee,jchen@agency.co,2026-05-04 11:42:36.720000
WK49_2025,Dan Kowalski,Holiday Bundle 2025 ,Google SEM,3.586606000000000e+04,"     207,000,000",2032318,FYI spend includes agency fee,jchen@agency.co,2026-05-04 11:42:36.720000
WK04_2026,Marcus O'Brien,astro bot sustain,Google SEM,"""$15245.55""","      85,714,280",370500,Platform API outage - reported manually,mobrien@agency.co,2026-05-04 11:42:36.720000
WK50_2025,Dan Kowalski,Spider-Man 2 Sustain ,X/Twitter Ads,6.014090000000000e+03,"      21,538,460",178469,FYI spend includes agency fee,jchen@agency.co,2026-05-04 11:42:36.720000
WK14_2026,Jessica Chen,GTA VI Pre-Order Push,Twitch,3.807186000000000e+04,"      43,783,780",193767,,mobrien@agency.co,2026-05-04 11:42:36.720000
WK04_2026,Marcus O'Brien,always-on brand lexus,Meta,"""$23706.98""","      58,947,360",239946,Platform API outage - reported manually,mobrien@agency.co,2026-05-04 11:42:36.720000
WK04_2026,Dan Kowalski,Play Has No Limits Sizzle ,Hulu CTV,3.957679000000000e+04,"      21,428,580",88392,FYI spend includes agency fee,jchen@agency.co,2026-05-04 11:42:36.720000
WK46_2025,Marcus O'Brien,ghost of yotei sustain,Google SEM,"""$15855.16""","      85,714,280",1011456,Platform API outage - reported manually,mobrien@agency.co,2026-05-04 11:42:36.720000
WK16_2026,Dan Kowalski,Spring Refresh ,YouTube Ads,2.974365000000000e+04,"      54,687,500",404212,FYI spend includes agency fee,jchen@agency.co,2026-05-04 11:42:36.720000
WK52_2025,Priya Patel,Astro_Bot_Sustain,Roku CTV,"""$32485.02""","      20,000,000",138068,Ad partner doesnt expose API,ppatel@agency.co,2026-05-04 11:42:36.720000
WK09_2026,Priya Patel,GTA_VI_Pre-Order_Push,Snap,"""$5776.21""","      25,090,900",199011,Ad partner doesnt expose API,ppatel@agency.co,2026-05-04 11:42:36.720000
WK14_2026,Dan Kowalski,GTA VI Pre-Order Push ,Google SEM,4.703382000000000e+04,"     266,142,860",1237969,FYI spend includes agency fee,jchen@agency.co,2026-05-04 11:42:36.720000
WK16_2026,Jessica Chen,GTA VI Pre-Order Push,TikTok,5.099854000000000e+04,"     165,000,000",682897,,mobrien@agency.co,2026-05-04 11:42:36.720000
WK48_2025,Marcus O'Brien,play has no limits sizzle,TikTok,"""$17919.19""","      61,111,120",633798,Platform API outage - reported manually,mobrien@agency.co,2026-05-04 11:42:36.720000
WK07_2026,Jessica Chen,PS PLUS ESSENTIALS ACQUIRE,Meta,"""$24252.42""","      58,947,360",519723,"Agency-supplied, verify before publish",jchen@agency.co,2026-05-04 11:42:36.720000
WK13_2026,Marcus O'Brien,ps plus essentials acquire,Twitch,"""$14794.80""","      18,648,640",77965,Platform API outage - reported manually,mobrien@agency.co,2026-05-04 11:42:36.720000
WK05_2026,Priya Patel,Helldivers_2_Reengagement,TikTok,"""$21886.94""","      70,277,780",460573,Ad partner doesnt expose API,ppatel@agency.co,2026-05-04 11:42:36.720000
WK46_2025,Jessica Chen,HOLIDAY BUNDLE 2025,YouTube Ads,"""$33935.32""","      62,890,620",759567,"Agency-supplied, verify before publish",jchen@agency.co,2026-05-04 11:42:36.720000
WK52_2025,Priya Patel,Holiday_Bundle_2025,YouTube Ads,"""$139750.97""","     246,914,080",2001800,Ad partner doesnt expose API,ppatel@agency.co,2026-05-04 11:42:36.720000
WK08_2026,Priya Patel,GTA_VI_Pre-Order_Push,Reddit Ads,"""$6864.08""","      26,229,500",237884,Ad partner doesnt expose API,ppatel@agency.co,2026-05-04 11:42:36.720000
WK15_2026,Jessica Chen,GTA VI PRE-ORDER PUSH,Snap,"""$13412.31""","      58,909,100",244635,"Agency-supplied, verify before publish",jchen@agency.co,2026-05-04 11:42:36.720000
WK49_2025,Marcus O'Brien,always-on brand lexus,Twitch,"""$14324.09""","      18,648,640",144793,Platform API outage - reported manually,mobrien@agency.co,2026-05-04 11:42:36.720000
WK09_2026,Dan Kowalski,Resident Evil 9 Pre-Order ,TikTok,1.832814000000000e+04,"      61,111,120",459126,FYI spend includes agency fee,jchen@agency.co,2026-05-04 11:42:36.720000
WK46_2025,Marcus O'Brien,ps plus q4 premium upgrade,TikTok,"""$20632.84""","      70,277,780",839648,Platform API outage - reported manually,mobrien@agency.co,2026-05-04 11:42:36.720000
WK04_2026,Jessica Chen,GTA VI Pre-Order Push,Twitch,1.245572000000000e+04,"      16,216,220",177954,,mobrien@agency.co,2026-05-04 11:42:36.720000
WK04_2026,Marcus O'Brien,gta vi pre-order push,Google SEM,"""$15146.24""","      85,714,280",1013472,Platform API outage - reported manually,mobrien@agency.co,2026-05-04 11:42:36.720000
WK52_2025,Marcus O'Brien,always-on brand lexus,TikTok,"""$17707.24""","      61,111,120",414624,Platform API outage - reported manually,mobrien@agency.co,2026-05-04 11:42:36.720000
WK46_2025,Jessica Chen,SPIDER-MAN 2 SUSTAIN,Meta,"""$47595.78""","     117,894,720",1275129,"Agency-supplied, verify before publish",jchen@agency.co,2026-05-04 11:42:36.720000
WK10_2026,Jessica Chen,GTA VI Pre-Order Push,Reddit Ads,7.080350000000000e+03,"      26,229,500",188855,,mobrien@agency.co,2026-05-04 11:42:36.720000
WK01_2025,Jessica Chen,HELLDIVERS 2 REENGAGEMENT,DV360 Display,"""$10493.71""","      63,157,900",633215,"Agency-supplied, verify before publish",jchen@agency.co,2026-05-04 11:42:36.720000
WK15_2026,Jessica Chen,ALWAYS-ON BRAND LEXUS,TikTok,"""$20627.45""","      70,277,780",281391,"Agency-supplied, verify before publish",jchen@agency.co,2026-05-04 11:42:36.720000
WK09_2026,Jessica Chen,HELLDIVERS 2 REENGAGEMENT,X/Twitter Ads,"""$6269.87""","      21,538,460",85562,"Agency-supplied, verify before publish",jchen@agency.co,2026-05-04 11:42:36.720000
WK47_2025,Jessica Chen,PS5 Pro Lauch Global,YouTube Ads,3.561105000000000e+04,"      62,890,620",642850,,mobrien@agency.co,2026-05-04 11:42:36.720000
WK02_2026,Jessica Chen,PS PLUS Q4 PREMIUM UPGRADE,Hulu CTV,"""$62458.10""","      34,285,720",235626,"Agency-supplied, verify before publish",jchen@agency.co,2026-05-04 11:42:36.720000
WK05_2026,Jessica Chen,PS Plus Q4 Premium Upgrade,Snap,7.820500000000000e+03,"      34,909,100",153839,,mobrien@agency.co,2026-05-04 11:42:36.720000
WK45_2025,Priya Patel,Spider-Man_2_Sustain,TikTok,"""$38571.51""","     131,388,900",1490162,Ad partner doesnt expose API,ppatel@agency.co,2026-05-04 11:42:36.720000
WK04_2026,Priya Patel,Spider-Man_2_Sustain,Google SEM,"""$23259.84""","     137,142,860",609407,Ad partner doesnt expose API,ppatel@agency.co,2026-05-04 11:42:36.720000
WK46_2025,Jessica Chen,ALWAYS-ON BRAND LEXUS,Snap,"""$5345.66""","      21,818,180",261045,"Agency-supplied, verify before publish",jchen@agency.co,2026-05-04 11:42:36.720000
WK49_2025,Priya Patel,Always-On_Brand_Lexus,DV360 Display,"""$21992.83""","     135,789,480",1193748,Ad partner doesnt expose API,ppatel@agency.co,2026-05-04 11:42:36.720000
WK04_2026,Jessica Chen,ALWAYS-ON BRAND LEXUS,Roku CTV,"""$32573.72""","      20,000,000",83020,"Agency-supplied, verify before publish",jchen@agency.co,2026-05-04 11:42:36.720000
WK02_2026,Marcus O'Brien,play has no limits sizzle,DV360 Display,"""$11705.25""","      72,631,580",387169,Platform API outage - reported manually,mobrien@agency.co,2026-05-04 11:42:36.720000
WK05_2026,Dan Kowalski,Play Has No Limits Sizzle ,Meta,5.057817000000000e+04,"     126,736,840",541074,FYI spend includes agency fee,jchen@agency.co,2026-05-04 11:42:36.720000
WK05_2026,Jessica Chen,Helldivers 2 Reengagement,Roku CTV,7.022259000000000e+04,"      43,000,000",264979,,mobrien@agency.co,2026-05-04 11:42:36.720000
WK06_2026,Marcus O'Brien,helldivers 2 reengagement,Hulu CTV,"""$44524.99""","      24,642,860",137263,Platform API outage - reported manually,mobrien@agency.co,2026-05-04 11:42:36.720000
WK11_2026,Marcus O'Brien,play has no limits sizzle,Hulu CTV,"""$46677.34""","      24,642,860",106866,Platform API outage - reported manually,mobrien@agency.co,2026-05-04 11:42:36.720000
WK06_2026,Jessica Chen,Ghost of Yotei Sustain,X/Twitter Ads,1.277249000000000e+04,"      46,307,700",190757,,mobrien@agency.co,2026-05-04 11:42:36.720000
WK49_2025,Jessica Chen,Holiday Bundle 2025,Hulu CTV,8.899175999999999e+04,"      51,750,000",536864,,mobrien@agency.co,2026-05-04 11:42:36.720000
WK04_2026,Dan Kowalski,PS Plus Q4 Premium Upgrade ,Hulu CTV,1.187070600000000e+05,"      68,571,440",350708,FYI spend includes agency fee,jchen@agency.co,2026-05-04 11:42:36.720000
WK49_2025,Jessica Chen,Astro Bot Sustain,Google SEM,3.163316000000000e+04,"     171,428,560",1532170,,mobrien@agency.co,2026-05-04 11:42:36.720000
WK15_2026,Jessica Chen,GTA VI Pre-Order Push,X/Twitter Ads,1.487604000000000e+04,"      58,153,840",253304,,mobrien@agency.co,2026-05-04 11:42:36.720000
WK12_2026,Marcus O'Brien,always-on brand lexus,Hulu CTV,"""$35984.45""","      21,428,580",93793,Platform API outage - reported manually,mobrien@agency.co,2026-05-04 11:42:36.720000
WK45_2025,Jessica Chen,PLAY HAS NO LIMITS SIZZLE,TikTok,"""$19619.42""","      61,111,120",680388,"Agency-supplied, verify before publish",jchen@agency.co,2026-05-04 11:42:36.720000
WK05_2026,Priya Patel,Play_Has_No_Limits_Sizzle,DV360 Display,"""$10204.95""","      63,157,900",271784,Ad partner doesnt expose API,ppatel@agency.co,2026-05-04 11:42:36.720000
WK13_2026,Jessica Chen,Play Has No Limits Sizzle,Snap,1.026708000000000e+04,"      43,636,360",179264,,mobrien@agency.co,2026-05-04 11:42:36.720000
WK10_2026,Jessica Chen,PS PLUS ESSENTIALS ACQUIRE,Hulu CTV,"""$43626.71""","      24,642,860",154009,"Agency-supplied, verify before publish",jchen@agency.co,2026-05-04 11:42:36.720000
WK12_2026,Marcus O'Brien,spring refresh,Snap,"""$4989.67""","      21,818,180",218512,Platform API outage - reported manually,mobrien@agency.co,2026-05-04 11:42:36.720000
WK02_2026,Jessica Chen,Helldivers 2 Reengagement,YouTube Ads,2.914503000000000e+04,"      54,687,500",427823,,mobrien@agency.co,2026-05-04 11:42:36.720000
WK49_2025,Jessica Chen,GHOST OF YOTEI SUSTAIN,X/Twitter Ads,"""$5733.05""","      21,538,460",193017,"Agency-supplied, verify before publish",jchen@agency.co,2026-05-04 11:42:36.720000
WK04_2026,Marcus O'Brien,helldivers 2 reengagement,Snap,"""$5113.68""","      21,818,180",161106,Platform API outage - reported manually,mobrien@agency.co,2026-05-04 11:42:36.720000
WK52_2025,Jessica Chen,HELLDIVERS 2 REENGAGEMENT,Snap,"""$5949.54""","      25,090,900",209600,"Agency-supplied, verify before publish",jchen@agency.co,2026-05-04 11:42:36.720000
WK07_2026,Marcus O'Brien,astro bot sustain,Hulu CTV,"""$37953.46""","      21,428,580",93267,Platform API outage - reported manually,mobrien@agency.co,2026-05-04 11:42:36.720000
WK44_2025,Jessica Chen,Always-On Brand Lexus,Roku CTV,3.588705000000000e+04,"      23,000,000",285890,,mobrien@agency.co,2026-05-04 11:42:36.720000
WK15_2026,Marcus O'Brien,gta vi pre-order push,YouTube Ads,"""$81338.59""","     147,656,260",588631,Platform API outage - reported manually,mobrien@agency.co,2026-05-04 11:42:36.720000
WK47_2025,Marcus O'Brien,play has no limits sizzle,Roku CTV,"""$67208.49""","      40,000,000",409903,Platform API outage - reported manually,mobrien@agency.co,2026-05-04 11:42:36.720000
WK04_2026,Jessica Chen,Play Has No Limits Sizzle,Snap,5.051800000000000e+03,"      21,818,180",91216,,mobrien@agency.co,2026-05-04 11:42:36.720000
WK08_2026,Priya Patel,Play_Has_No_Limits_Sizzle,Twitch,"""$13074.49""","      16,216,220",73303,Ad partner doesnt expose API,ppatel@agency.co,2026-05-04 11:42:36.720000
WK12_2026,Jessica Chen,PLAY HAS NO LIMITS SIZZLE,X/Twitter Ads,"""$5783.26""","      21,538,460",92834,"Agency-supplied, verify before publish",jchen@agency.co,2026-05-04 11:42:36.720000
WK14_2026,Marcus O'Brien,ps plus essentials acquire,DV360 Display,"""$10270.65""","      63,157,900",252221,Platform API outage - reported manually,mobrien@agency.co,2026-05-04 11:42:36.720000
WK08_2026,Priya Patel,Helldivers_2_Reengagement,YouTube Ads,"""$28549.39""","      54,687,500",224360,Ad partner doesnt expose API,ppatel@agency.co,2026-05-04 11:42:36.720000
WK07_2026,Jessica Chen,Valentine Game Gifting,Reddit Ads,1.435251000000000e+04,"      56,393,440",624621,,mobrien@agency.co,2026-05-04 11:42:36.720000
WK50_2025,Marcus O'Brien,ps5 pro launch global,Meta,"""$55900.69""","     142,357,900",1084209,Platform API outage - reported manually,mobrien@agency.co,2026-05-04 11:42:36.720000
WK01_2026,Marcus O'Brien,ps plus q4 premium upgrade,Snap,"""$9570.35""","      40,145,460",263708,Platform API outage - reported manually,mobrien@agency.co,2026-05-04 11:42:36.720000
WK05_2026,Jessica Chen,PLAY HAS NO LIMITS SIZZLE,YouTube Ads,"""$30753.72""","      54,687,500",234759,"Agency-supplied, verify before publish",jchen@agency.co,2026-05-04 11:42:36.720000
WK11_2026,Jessica Chen,PS Plus Essentials Acquire,X/Twitter Ads,1.309600000000000e+04,"      46,307,700",259512,,mobrien@agency.co,2026-05-04 11:42:36.720000
WK46_2025,Priya Patel,Holiday_Bundle_2025,TikTok,"""$22002.93""","      70,277,780",847552,Ad partner doesnt expose API,ppatel@agency.co,2026-05-04 11:42:36.720000
WK05_2026,Jessica Chen,ASTRO BOT SUSTAIN,Reddit Ads,"""$7683.25""","      30,163,940",129961,"Agency-supplied, verify before publish",jchen@agency.co,2026-05-04 11:42:36.720000
WK10_2026,Priya Patel,GTA_VI_Pre-Order_Push,TikTok,"""$22985.38""","      70,277,780",443711,Ad partner doesnt expose API,ppatel@agency.co,2026-05-04 11:42:36.720000
WK50_2025,Marcus O'Brien,always-on brand lexus,Google SEM,"""$15373.13""","      85,714,280",762795,Platform API outage - reported manually,mobrien@agency.co,2026-05-04 11:42:36.720000
WK48_2025,Priya Patel,Play_Has_No_Limits_Sizzle,Twitch,"""$12334.76""","      16,216,220",155270,Ad partner doesnt expose API,ppatel@agency.co,2026-05-04 11:42:36.720000
WK06_2026,Jessica Chen,GHOST OF YOTEI SUSTAIN,Snap,"""$5006.99""","      21,818,180",86442,"Agency-supplied, verify before publish",jchen@agency.co,2026-05-04 11:42:36.720000
WK07_2026,Jessica Chen,GHOST OF YOTEI SUSTAIN,Reddit Ads,"""$6738.79""","      26,229,500",111816,"Agency-supplied, verify before publish",jchen@agency.co,2026-05-04 11:42:36.720000
WK47_2025,Jessica Chen,PS5 PRO LAUNCH GLOBAL,Reddit Ads,"""$7297.86""","      30,163,940",290680,"Agency-supplied, verify before publish",jchen@agency.co,2026-05-04 11:42:36.720000
WK49_2025,Priya Patel,Holiday_Bundle_2025,Reddit Ads,"""$14108.67""","      55,081,960",587985,Ad partner doesnt expose API,ppatel@agency.co,2026-05-04 11:42:36.720000
WK03_2026,Dan Kowalski,PS Plus Q4 Premium Upgrade ,Hulu CTV,6.072553000000000e+04,"      34,285,720",192675,FYI spend includes agency fee,jchen@agency.co,2026-05-04 11:42:36.720000
WK03_2026,Jessica Chen,ASTRO BOT SUSTAIN,Roku CTV,"""$36849.59""","      23,000,000",111646,"Agency-supplied, verify before publish",jchen@agency.co,2026-05-04 11:42:36.720000
WK10_2026,Jessica Chen,GTA VI Pre-Order Push,YouTube Ads,6.636803999999999e+04,"     117,578,120",891885,,mobrien@agency.co,2026-05-04 11:42:36.720000
WK01_2025,Marcus O'Brien,always-on brand lexus,Snap,"""$4984.83""","      21,818,180",139492,Platform API outage - reported manually,mobrien@agency.co,2026-05-04 11:42:36.720000
WK07_2026,Jessica Chen,ALWAYS-ON BRAND LEXUS,YouTube Ads,"""$32917.23""","      62,890,620",279110,"Agency-supplied, verify before publish",jchen@agency.co,2026-05-04 11:42:36.720000
WK14_2026,Marcus O'Brien,always-on brand lexus,X/Twitter Ads,"""$5829.60""","      21,538,460",89181,Platform API outage - reported manually,mobrien@agency.co,2026-05-04 11:42:36.720000
WK03_2026,Jessica Chen,Ghost of Yotei Sustain,TikTok,1.743554000000000e+04,"      61,111,120",292356,,mobrien@agency.co,2026-05-04 11:42:36.720000
WK10_2026,Jessica Chen,Spring Refresh,DV360 Display,9.683959999999999e+03,"      63,157,900",807592,,mobrien@agency.co,2026-05-04 11:42:36.720000
WK02_2026,Jessica Chen,Resident Evil 9 Pre-Order,X/Twitter Ads,6.980770000000000e+03,"      24,769,240",288835,,mobrien@agency.co,2026-05-04 11:42:36.720000
WK52_2025,Dan Kowalski,Holiday Bundle 2025 ,X/Twitter Ads,1.288787000000000e+04,"      45,230,760",393663,FYI spend includes agency fee,jchen@agency.co,2026-05-04 11:42:36.720000
WK05_2026,Jessica Chen,PS Plus Q4 Premium Upgrade,TikTok,3.038269000000000e+04,"      97,777,780",475364,,mobrien@agency.co,2026-05-04 11:42:36.720000
WK08_2026,Dan Kowalski,GTA VI Pre-Order Push ,X/Twitter Ads,6.117770000000000e+03,"      21,538,460",200549,FYI spend includes agency fee,jchen@agency.co,2026-05-04 11:42:36.720000
WK07_2026,Jessica Chen,Play Has No Limits Sizzle,TikTok,1.730389000000000e+04,"      61,111,120",267683,,mobrien@agency.co,2026-05-04 11:42:36.720000
WK47_2025,Marcus O'Brien,ghost of yotei sustain,Google SEM,"""$14800.95""","      85,714,280",900576,Platform API outage - reported manually,mobrien@agency.co,2026-05-04 11:42:36.720000
WK04_2026,Dan Kowalski,PS Plus Essentials Acquire ,DV360 Display,1.134330000000000e+04,"      72,631,580",755004,FYI spend includes agency fee,jchen@agency.co,2026-05-04 11:42:36.720000
WK05_2026,Dan Kowalski,Valentine Game Gifting ,TikTok,2.201795000000000e+04,"      70,277,780",877066,FYI spend includes agency fee,jchen@agency.co,2026-05-04 11:42:36.720000
WK03_2026,Jessica Chen,RESIDENT EVIL 9 PRE-ORDER,Twitch,"""$13094.86""","      16,216,220",182243,"Agency-supplied, verify before publish",jchen@agency.co,2026-05-04 11:42:36.720000
WK47_2025,Marcus O'Brien,ps5 pro launch global,TikTok,"""$18198.36""","      61,111,120",620570,Platform API outage - reported manually,mobrien@agency.co,2026-05-04 11:42:36.720000
WK51_2025,Priya Patel,Astro_Bot_Sustain,Reddit Ads,"""$6972.72""","      26,229,500",183468,Ad partner doesnt expose API,ppatel@agency.co,2026-05-04 11:42:36.720000
WK04_2026,Jessica Chen,Play Has No Limits Sizzle,Roku CTV,3.173027000000000e+04,"      20,000,000",94010,,mobrien@agency.co,2026-05-04 11:42:36.720000
WK18_2026,Jessica Chen,SPRING REFRESH,TikTok,"""$19690.38""","      61,111,120",416241,"Agency-supplied, verify before publish",jchen@agency.co,2026-05-04 11:42:36.720000
WK02_2026,Jessica Chen,Play Has No Limits Sizzle,Google SEM,1.509353000000000e+04,"      85,714,280",443847,,mobrien@agency.co,2026-05-04 11:42:36.720000
WK09_2026,Priya Patel,GTA_VI_Pre-Order_Push,Reddit Ads,"""$6732.68""","      26,229,500",211001,Ad partner doesnt expose API,ppatel@agency.co,2026-05-04 11:42:36.720000
WK04_2026,Jessica Chen,RESIDENT EVIL 9 PRE-ORDER,Hulu CTV,"""$36647.15""","      21,428,580",244675,"Agency-supplied, verify before publish",jchen@agency.co,2026-05-04 11:42:36.720000
WK48_2025,Marcus O'Brien,ps5 pro launch global,YouTube Ads,"""$31472.66""","      54,687,500",550005,Platform API outage - reported manually,mobrien@agency.co,2026-05-04 11:42:36.720000
WK16_2026,Priya Patel,Always-On_Brand_Lexus,Reddit Ads,"""$6692.62""","      26,229,500",112872,Ad partner doesnt expose API,ppatel@agency.co,2026-05-04 11:42:36.720000
WK45_2025,Marcus O'Brien,play has no limits sizzle,YouTube Ads,"""$28941.53""","      54,687,500",648749,Platform API outage - reported manually,mobrien@agency.co,2026-05-04 11:42:36.720000
WK04_2026,Dan Kowalski,PS Plus Essentials Acquire ,Reddit Ads,1.366568000000000e+04,"      52,459,000",564792,FYI spend includes agency fee,jchen@agency.co,2026-05-04 11:42:36.720000
WK49_2025,Jessica Chen,Helldivers 2 Reengagement,TikTok,3.926638000000000e+04,"     131,388,900",1485518,,mobrien@agency.co,2026-05-04 11:42:36.720000
WK05_2026,Dan Kowalski,Resident Evil 9 Pre-Order ,X/Twitter Ads,1.195955000000000e+04,"      43,076,920",450540,FYI spend includes agency fee,jchen@agency.co,2026-05-04 11:42:36.720000
WK07_2026,Dan Kowalski,Resident Evil 9 Pre-Order ,Roku CTV,3.583327000000000e+04,"      23,000,000",194994,FYI spend includes agency fee,jchen@agency.co,2026-05-04 11:42:36.720000
WK09_2026,Dan Kowalski,GTA VI Pre-Order Push ,Meta,2.328870000000000e+04,"      58,947,360",509582,FYI spend includes agency fee,jchen@agency.co,2026-05-04 11:42:36.720000
WK50_2025,Dan Kowalski,Helldivers 2 Reengagement ,Roku CTV,3.641006000000000e+04,"      23,000,000",258237,FYI spend includes agency fee,jchen@agency.co,2026-05-04 11:42:36.720000
WK52_2025,Dan Kowalski,Ghost of Yotei Sustain ,Reddit Ads,1.432165000000000e+04,"      56,393,440",381286,FYI spend includes agency fee,jchen@agency.co,2026-05-04 11:42:36.720000
WK47_2025,Priya Patel,PS5_Pro_Launch_Global,Twitch,"""$12507.28""","      16,216,220",162266,Ad partner doesnt expose API,ppatel@agency.co,2026-05-04 11:42:36.720000
WK46_2025,Jessica Chen,Holiday Bundle 2025,Snap,5.897720000000000e+03,"      25,090,900",301969,,mobrien@agency.co,2026-05-04 11:42:36.720000
WK50_2025,Priya Patel,Holiday_Bundle_2025,Meta,"""$50393.55""","     123,789,480",1220266,Ad partner doesnt expose API,ppatel@agency.co,2026-05-04 11:42:36.720000
WK48_2025,Dan Kowalski,PS Plus Q4 Premium Upgrade ,X/Twitter Ads,6.204810000000000e+03,"      21,538,460",221096,FYI spend includes agency fee,jchen@agency.co,2026-05-04 11:42:36.720000
WK48_2025,Marcus O'Brien,ps plus q4 premium upgrade,YouTube Ads,"""$95541.23""","     169,531,260",1746224,Platform API outage - reported manually,mobrien@agency.co,2026-05-04 11:42:36.720000
WK05_2026,Jessica Chen,PS PLUS Q4 PREMIUM UPGRADE,YouTube Ads,"""$54001.29""","     100,625,000",444814,"Agency-supplied, verify before publish",jchen@agency.co,2026-05-04 11:42:36.720000
WK49_2025,Dan Kowalski,Astro Bot Sustain ,Snap,9.979090000000000e+03,"      43,636,360",380735,FYI spend includes agency fee,jchen@agency.co,2026-05-04 11:42:36.720000
WK01_2025,Dan Kowalski,Astro Bot Sustain ,Reddit Ads,6.728270000000000e+03,"      26,229,500",164633,FYI spend includes agency fee,jchen@agency.co,2026-05-04 11:42:36.720000
WK07_2026,Dan Kowalski,Astro Bot Sustain ,X/Twitter Ads,5.893180000000000e+03,"      21,538,460",90274,FYI spend includes agency fee,jchen@agency.co,2026-05-04 11:42:36.720000
WK12_2026,Jessica Chen,PS PLUS ESSENTIALS ACQUIRE,Hulu CTV,"""$40665.37""","      21,428,580",108106,"Agency-supplied, verify before publish",jchen@agency.co,2026-05-04 11:42:36.720000
WK10_2026,Jessica Chen,Spring Refresh,YouTube Ads,3.035266000000000e+04,"      54,687,500",658880,,mobrien@agency.co,2026-05-04 11:42:36.720000
WK05_2026,Jessica Chen,Helldivers 2 Reengagement,Snap,1.043292000000000e+04,"      46,909,080",297686,,mobrien@agency.co,2026-05-04 11:42:36.720000
WK08_2026,Priya Patel,Helldivers_2_Reengagement,Reddit Ads,"""$7071.18""","      26,229,500",127224,Ad partner doesnt expose API,ppatel@agency.co,2026-05-04 11:42:36.720000
WK48_2025,Jessica Chen,ALWAYS-ON BRAND LEXUS,X/Twitter Ads,"""$6056.87""","      21,538,460",205810,"Agency-supplied, verify before publish",jchen@agency.co,2026-05-04 11:42:36.720000
WK04_2026,Jessica Chen,Helldivers 2 Reengagement,Meta,2.397673000000000e+04,"      58,947,360",426289,,mobrien@agency.co,2026-05-04 11:42:36.720000
WK02_2026,Jessica Chen,PS Plus Q4 Premium Upgrade,Twitch,6.798128999999999e+04,"      85,621,620",510356,,mobrien@agency.co,2026-05-04 11:42:36.720000
WK07_2026,Jessica Chen,Always-On Brand Lexus,TikTok,2.033434000000000e+04,"      70,277,780",301438,,mobrien@agency.co,2026-05-04 11:42:36.720000
WK51_2025,Priya Patel,Ghost_of_Yotei_Sustain,Hulu CTV,"""$37878.97""","      21,428,580",162243,Ad partner doesnt expose API,ppatel@agency.co,2026-05-04 11:42:36.720000
WK07_2026,Dan Kowalski,PS Plus Essentials Acquire ,Twitch,1.357295000000000e+04,"      16,216,220",142735,FYI spend includes agency fee,jchen@agency.co,2026-05-04 11:42:36.720000
WK07_2026,Dan Kowalski,Ghost of Yotei Sustain ,Snap,5.125390000000000e+03,"      21,818,180",90604,FYI spend includes agency fee,jchen@agency.co,2026-05-04 11:42:36.720000
WK50_2025,Marcus O'Brien,spider-man 2 sustain,YouTube Ads,"""$28534.53""","      54,687,500",452945,Platform API outage - reported manually,mobrien@agency.co,2026-05-04 11:42:36.720000
WK05_2026,Marcus O'Brien,spider-man 2 sustain,TikTok,"""$30082.41""","      97,777,780",424697,Platform API outage - reported manually,mobrien@agency.co,2026-05-04 11:42:36.720000
WK07_2026,Jessica Chen,GTA VI Pre-Order Push,X/Twitter Ads,6.099940000000000e+03,"      21,538,460",212456,,mobrien@agency.co,2026-05-04 11:42:36.720000
WK13_2026,Marcus O'Brien,gta vi pre-order push,YouTube Ads,"""$76313.32""","     147,656,260",828599,Platform API outage - reported manually,mobrien@agency.co,2026-05-04 11:42:36.720000
WK02_2026,Jessica Chen,PS Plus Essentials Acquire,YouTube Ads,2.985951000000000e+04,"      54,687,500",658440,,mobrien@agency.co,2026-05-04 11:42:36.720000
WK46_2025,Jessica Chen,PS5 Pro Lauch Global,DV360 Display,1.206719000000000e+04,"      72,631,580",763321,,mobrien@agency.co,2026-05-04 11:42:36.720000
WK50_2025,Jessica Chen,Holiday Bundle 2025,Hulu CTV,9.647270000000000e+04,"      51,750,000",476274,,mobrien@agency.co,2026-05-04 11:42:36.720000
WK04_2026,Jessica Chen,PS PLUS Q4 PREMIUM UPGRADE,Roku CTV,"""$53802.04""","      36,800,000",171191,"Agency-supplied, verify before publish",jchen@agency.co,2026-05-04 11:42:36.720000
WK04_2026,Marcus O'Brien,astro bot sustain,X/Twitter Ads,"""$7104.12""","      24,769,240",105505,Platform API outage - reported manually,mobrien@agency.co,2026-05-04 11:42:36.720000
WK47_2025,Jessica Chen,Spider-Man 2 Sustain,Hulu CTV,3.831250000000000e+04,"      21,428,580",213203,,mobrien@agency.co,2026-05-04 11:42:36.720000
WK06_2026,Jessica Chen,GTA VI Pre-Order Push,Hulu CTV,4.188067000000000e+04,"      24,642,860",246007,,mobrien@agency.co,2026-05-04 11:42:36.720000
WK14_2026,Dan Kowalski,GTA VI Pre-Order Push ,Hulu CTV,1.036964100000000e+05,"      57,857,140",272508,FYI spend includes agency fee,jchen@agency.co,2026-05-04 11:42:36.720000
WK48_2025,Jessica Chen,Always-On Brand Lexus,Meta,4.781087000000000e+04,"     117,894,720",1125858,,mobrien@agency.co,2026-05-04 11:42:36.720000
WK17_2026,Marcus O'Brien,always-on brand lexus,Snap,"""$5946.61""","      25,090,900",106830,Platform API outage - reported manually,mobrien@agency.co,2026-05-04 11:42:36.720000
WK50_2025,Jessica Chen,PLAY HAS NO LIMITS SIZZLE,Reddit Ads,"""$6438.32""","      26,229,500",208861,"Agency-supplied, verify before publish",jchen@agency.co,2026-05-04 11:42:36.720000
WK51_2025,Jessica Chen,Helldivers 2 Reengagement,Hulu CTV,3.879568000000000e+04,"      21,428,580",230687,,mobrien@agency.co,2026-05-04 11:42:36.720000
WK02_2026,Priya Patel,PS_Plus_Q4_Premium_Upgrade,YouTube Ads,"""$46356.36""","      87,500,000",552798,Ad partner doesnt expose API,ppatel@agency.co,2026-05-04 11:42:36.720000
WK06_2026,Jessica Chen,GTA VI Pre-Order Push,Google SEM,1.496672000000000e+04,"      85,714,280",806224,,mobrien@agency.co,2026-05-04 11:42:36.720000
WK47_2025,Dan Kowalski,Always-On Brand Lexus ,Twitch,1.414178000000000e+04,"      18,648,640",177346,FYI spend includes agency fee,jchen@agency.co,2026-05-04 11:42:36.720000
WK06_2026,Jessica Chen,ALWAYS-ON BRAND LEXUS,Snap,"""$4935.43""","      21,818,180",85832,"Agency-supplied, verify before publish",jchen@agency.co,2026-05-04 11:42:36.720000
WK17_2026,Marcus O'Brien,always-on brand lexus,YouTube Ads,"""$29299.52""","      54,687,500",242321,Platform API outage - reported manually,mobrien@agency.co,2026-05-04 11:42:36.720000
WK05_2026,Priya Patel,Play_Has_No_Limits_Sizzle,Roku CTV,"""$32317.30""","      20,000,000",81655,Ad partner doesnt expose API,ppatel@agency.co,2026-05-04 11:42:36.720000
WK05_2026,Jessica Chen,Ghost of Yotei Sustain,Meta,2.710861000000000e+04,"      67,789,480",276055,,mobrien@agency.co,2026-05-04 11:42:36.720000
WK51_2025,Marcus O'Brien,helldivers 2 reengagement,Roku CTV,"""$32570.49""","      20,000,000",210545,Platform API outage - reported manually,mobrien@agency.co,2026-05-04 11:42:36.720000
WK05_2026,Jessica Chen,Helldivers 2 Reengagement,Hulu CTV,9.052586000000000e+04,"      49,285,720",309060,,mobrien@agency.co,2026-05-04 11:42:36.720000
WK08_2026,Dan Kowalski,Helldivers 2 Reengagement ,TikTok,1.651400000000000e+04,"      61,111,120",284416,FYI spend includes agency fee,jchen@agency.co,2026-05-04 11:42:36.720000
WK07_2026,Jessica Chen,RESIDENT EVIL 9 PRE-ORDER,YouTube Ads,"""$34036.07""","      62,890,620",549487,"Agency-supplied, verify before publish",jchen@agency.co,2026-05-04 11:42:36.720000
WK48_2025,Jessica Chen,Astro Bot Sustain,Reddit Ads,6.562580000000000e+03,"      26,229,500",267968,,mobrien@agency.co,2026-05-04 11:42:36.720000
WK16_2026,Priya Patel,GTA_VI_Pre-Order_Push,Reddit Ads,"""$19231.94""","      81,442,620",336074,Ad partner doesnt expose API,ppatel@agency.co,2026-05-04 11:42:36.720000
WK02_2026,Jessica Chen,Play Has No Limits Sizzle,TikTok,2.233470000000000e+04,"      70,277,780",359627,,mobrien@agency.co,2026-05-04 11:42:36.720000
WK52_2025,Jessica Chen,Ghost of Yotei Sustain,Hulu CTV,3.806040000000000e+04,"      21,428,580",148422,,mobrien@agency.co,2026-05-04 11:42:36.720000
WK06_2026,Priya Patel,Ghost_of_Yotei_Sustain,Google SEM,"""$17441.91""","      98,571,420",409856,Ad partner doesnt expose API,ppatel@agency.co,2026-05-04 11:42:36.720000
WK05_2026,Jessica Chen,Resident Evil 9 Pre-Order,Google SEM,1.588801000000000e+04,"      85,714,280",828000,,mobrien@agency.co,2026-05-04 11:42:36.720000
WK09_2026,Dan Kowalski,Always-On Brand Lexus ,TikTok,1.872962000000000e+04,"      61,111,120",267683,FYI spend includes agency fee,jchen@agency.co,2026-05-04 11:42:36.720000
WK49_2025,Jessica Chen,PS PLUS Q4 PREMIUM UPGRADE,Twitch,"""$26253.26""","      34,054,060",370454,"Agency-supplied, verify before publish",jchen@agency.co,2026-05-04 11:42:36.720000
WK46_2025,Priya Patel,Astro_Bot_Sustain,YouTube Ads,"""$63170.79""","     117,578,120",1307356,Ad partner doesnt expose API,ppatel@agency.co,2026-05-04 11:42:36.720000
WK52_2025,Jessica Chen,Astro Bot Sustain,TikTok,2.006572000000000e+04,"      61,111,120",403311,,mobrien@agency.co,2026-05-04 11:42:36.720000
WK13_2026,Priya Patel,Spring_Refresh,X/Twitter Ads,"""$6771.00""","      24,769,240",246702,Ad partner doesnt expose API,ppatel@agency.co,2026-05-04 11:42:36.720000
WK17_2026,Jessica Chen,GTA VI PRE-ORDER PUSH,Twitch,"""$39341.12""","      50,351,360",207248,"Agency-supplied, verify before publish",jchen@agency.co,2026-05-04 11:42:36.720000
WK06_2026,Jessica Chen,PLAY HAS NO LIMITS SIZZLE,Hulu CTV,"""$46598.27""","      24,642,860",102723,"Agency-supplied, verify before publish",jchen@agency.co,2026-05-04 11:42:36.720000
WK47_2025,Priya Patel,Holiday_Bundle_2025,Snap,"""$5213.24""","      21,818,180",263733,Ad partner doesnt expose API,ppatel@agency.co,2026-05-04 11:42:36.720000
WK50_2025,Marcus O'Brien,holiday bundle 2025,Reddit Ads,"""$17402.44""","      63,344,260",620584,Platform API outage - reported manually,mobrien@agency.co,2026-05-04 11:42:36.720000
WK52_2025,Priya Patel,Spider-Man_2_Sustain,Hulu CTV,"""$41679.48""","      21,428,580",149285,Ad partner doesnt expose API,ppatel@agency.co,2026-05-04 11:42:36.720000
WK05_2026,Priya Patel,Spider-Man_2_Sustain,Reddit Ads,"""$21533.72""","      83,934,440",352377,Ad partner doesnt expose API,ppatel@agency.co,2026-05-04 11:42:36.720000
WK08_2026,Dan Kowalski,Always-On Brand Lexus ,YouTube Ads,2.908562000000000e+04,"      54,687,500",236292,FYI spend includes agency fee,jchen@agency.co,2026-05-04 11:42:36.720000
WK48_2025,Marcus O'Brien,ghost of yotei sustain,Google SEM,"""$15334.93""","      85,714,280",809938,Platform API outage - reported manually,mobrien@agency.co,2026-05-04 11:42:36.720000
WK10_2026,Jessica Chen,SPRING REFRESH,Snap,"""$4645.91""","      21,818,180",260422,"Agency-supplied, verify before publish",jchen@agency.co,2026-05-04 11:42:36.720000
WK03_2026,Jessica Chen,RESIDENT EVIL 9 PRE-ORDER,Reddit Ads,"""$6648.48""","      26,229,500",286336,"Agency-supplied, verify before publish",jchen@agency.co,2026-05-04 11:42:36.720000
WK46_2025,Jessica Chen,Astro Bot Sustain,TikTok,2.046627000000000e+04,"      61,111,120",655475,,mobrien@agency.co,2026-05-04 11:42:36.720000
WK17_2026,Marcus O'Brien,always-on brand lexus,Meta,"""$24563.76""","      58,947,360",252635,Platform API outage - reported manually,mobrien@agency.co,2026-05-04 11:42:36.720000
WK13_2026,Dan Kowalski,Play Has No Limits Sizzle ,TikTok,4.007728000000000e+04,"     122,222,240",538359,FYI spend includes agency fee,jchen@agency.co,2026-05-04 11:42:36.720000
WK08_2026,Marcus O'Brien,astro bot sustain,Twitch,"""$26600.76""","      34,864,860",142925,Platform API outage - reported manually,mobrien@agency.co,2026-05-04 11:42:36.720000
WK49_2025,Marcus O'Brien,spider-man 2 sustain,Snap,"""$6157.75""","      25,090,900",228489,Platform API outage - reported manually,mobrien@agency.co,2026-05-04 11:42:36.720000
WK04_2026,Dan Kowalski,Spider-Man 2 Sustain ,X/Twitter Ads,1.141850000000000e+04,"      39,630,760",162703,FYI spend includes agency fee,jchen@agency.co,2026-05-04 11:42:36.720000
WK46_2025,Jessica Chen,ALWAYS-ON BRAND LEXUS,DV360 Display,"""$11257.21""","      72,631,580",776257,"Agency-supplied, verify before publish",jchen@agency.co,2026-05-04 11:42:36.720000
WK11_2026,Jessica Chen,Always-On Brand Lexus,DV360 Display,1.041579000000000e+04,"      63,157,900",256199,,mobrien@agency.co,2026-05-04 11:42:36.720000
WK07_2026,Marcus O'Brien,ghost of yotei sustain,Twitch,"""$12614.87""","      16,216,220",64729,Platform API outage - reported manually,mobrien@agency.co,2026-05-04 11:42:36.720000
WK08_2026,Jessica Chen,Resident Evil 9 Pre-Order,Snap,9.902950000000001e+03,"      43,636,360",347303,,mobrien@agency.co,2026-05-04 11:42:36.720000
WK08_2026,Dan Kowalski,Play Has No Limits Sizzle ,X/Twitter Ads,1.314294000000000e+04,"      46,307,700",194623,FYI spend includes agency fee,jchen@agency.co,2026-05-04 11:42:36.720000
WK48_2025,Marcus O'Brien,holiday bundle 2025,DV360 Display,"""$24627.76""","     152,526,320",1569113,Platform API outage - reported manually,mobrien@agency.co,2026-05-04 11:42:36.720000
WK04_2026,Priya Patel,PS_Plus_Q4_Premium_Upgrade,Meta,"""$36052.70""","      94,315,780",467486,Ad partner doesnt expose API,ppatel@agency.co,2026-05-04 11:42:36.720000
WK08_2026,Marcus O'Brien,always-on brand lexus,Hulu CTV,"""$40357.89""","      21,428,580",89894,Platform API outage - reported manually,mobrien@agency.co,2026-05-04 11:42:36.720000
WK04_2026,Marcus O'Brien,play has no limits sizzle,Meta,"""$23664.20""","      58,947,360",273989,Platform API outage - reported manually,mobrien@agency.co,2026-05-04 11:42:36.720000
WK05_2026,Priya Patel,Play_Has_No_Limits_Sizzle,Twitch,"""$13014.65""","      16,216,220",68452,Ad partner doesnt expose API,ppatel@agency.co,2026-05-04 11:42:36.720000
WK08_2026,Marcus O'Brien,play has no limits sizzle,Hulu CTV,"""$39571.06""","      21,428,580",89704,Platform API outage - reported manually,mobrien@agency.co,2026-05-04 11:42:36.720000
WK09_2026,Marcus O'Brien,play has no limits sizzle,Reddit Ads,"""$6644.07""","      26,229,500",105896,Platform API outage - reported manually,mobrien@agency.co,2026-05-04 11:42:36.720000
WK12_2026,Priya Patel,PS_Plus_Essentials_Acquire,Reddit Ads,"""$7855.43""","      30,163,940",143781,Ad partner doesnt expose API,ppatel@agency.co,2026-05-04 11:42:36.720000
WK06_2026,Dan Kowalski,Valentine Game Gifting ,DV360 Display,9.894290000000001e+03,"      63,157,900",778083,FYI spend includes agency fee,jchen@agency.co,2026-05-04 11:42:36.720000
WK49_2025,Jessica Chen,HELLDIVERS 2 REENGAGEMENT,Meta,"""$24146.66""","      58,947,360",634864,"Agency-supplied, verify before publish",jchen@agency.co,2026-05-04 11:42:36.720000
WK47_2025,Dan Kowalski,Astro Bot Sustain ,Hulu CTV,3.913371000000000e+04,"      21,428,580",197739,FYI spend includes agency fee,jchen@agency.co,2026-05-04 11:42:36.720000
WK09_2026,Jessica Chen,ASTRO BOT SUSTAIN,Roku CTV,"""$30535.24""","      20,000,000",80990,"Agency-supplied, verify before publish",jchen@agency.co,2026-05-04 11:42:36.720000
WK45_2025,Priya Patel,Spider-Man_2_Sustain,DV360 Display,"""$10247.73""","      63,157,900",717181,Ad partner doesnt expose API,ppatel@agency.co,2026-05-04 11:42:36.720000
WK47_2025,Marcus O'Brien,spider-man 2 sustain,Snap,"""$5349.73""","      21,818,180",216933,Platform API outage - reported manually,mobrien@agency.co,2026-05-04 11:42:36.720000
WK10_2026,Jessica Chen,GTA VI Pre-Order Push,Google SEM,1.647290000000000e+04,"      98,571,420",650649,,mobrien@agency.co,2026-05-04 11:42:36.720000
WK51_2025,Jessica Chen,ALWAYS-ON BRAND LEXUS,X/Twitter Ads,"""$5940.71""","      21,538,460",182439,"Agency-supplied, verify before publish",jchen@agency.co,2026-05-04 11:42:36.720000
WK15_2026,Jessica Chen,Always-On Brand Lexus,X/Twitter Ads,1.201362000000000e+04,"      43,076,920",174854,,mobrien@agency.co,2026-05-04 11:42:36.720000
WK51_2025,Jessica Chen,PLAY HAS NO LIMITS SIZZLE,DV360 Display,"""$9843.36""","      63,157,900",482426,"Agency-supplied, verify before publish",jchen@agency.co,2026-05-04 11:42:36.720000
WK49_2025,Marcus O'Brien,ghost of yotei sustain,Google SEM,"""$14827.69""","      85,714,280",775742,Platform API outage - reported manually,mobrien@agency.co,2026-05-04 11:42:36.720000
WK47_2025,Dan Kowalski,PS5 Pro Launch Global ,Snap,5.840320000000000e+03,"      25,090,900",260709,FYI spend includes agency fee,jchen@agency.co,2026-05-04 11:42:36.720000
WK05_2026,Jessica Chen,PS Plus Q4 Premium Upgrade,Google SEM,2.489279000000000e+04,"     137,142,860",569635,,mobrien@agency.co,2026-05-04 11:42:36.720000
WK18_2026,Dan Kowalski,GTA VI Pre-Order Push ,TikTok,5.264975000000000e+04,"     165,000,000",749021,FYI spend includes agency fee,jchen@agency.co,2026-05-04 11:42:36.720000
WK09_2026,Marcus O'Brien,ps plus essentials acquire,TikTok,"""$18612.91""","      61,111,120",440704,Platform API outage - reported manually,mobrien@agency.co,2026-05-04 11:42:36.720000
WK12_2026,Dan Kowalski,Spring Refresh ,Roku CTV,3.216570000000000e+04,"      20,000,000",226160,FYI spend includes agency fee,jchen@agency.co,2026-05-04 11:42:36.720000
WK08_2026,Jessica Chen,Helldivers 2 Reengagement,Google SEM,1.506221000000000e+04,"      85,714,280",376542,,mobrien@agency.co,2026-05-04 11:42:36.720000
WK03_2026,Jessica Chen,Resident Evil 9 Pre-Order,X/Twitter Ads,6.262150000000000e+03,"      21,538,460",267783,,mobrien@agency.co,2026-05-04 11:42:36.720000
WK04_2026,Jessica Chen,RESIDENT EVIL 9 PRE-ORDER,TikTok,"""$19704.38""","      61,111,120",649626,"Agency-supplied, verify before publish",jchen@agency.co,2026-05-04 11:42:36.720000
WK05_2026,Jessica Chen,Astro Bot Sustain,Twitch,1.436580000000000e+04,"      18,648,640",81063,,mobrien@agency.co,2026-05-04 11:42:36.720000
WK47_2025,Jessica Chen,Spider-Man 2 Sustain,X/Twitter Ads,1.241200000000000e+04,"      46,307,700",474413,,mobrien@agency.co,2026-05-04 11:42:36.720000
WK01_2026,Jessica Chen,SPIDER-MAN 2 SUSTAIN,Hulu CTV,"""$62308.37""","      34,285,720",203730,"Agency-supplied, verify before publish",jchen@agency.co,2026-05-04 11:42:36.720000
WK12_2026,Marcus O'Brien,gta vi pre-order push,Meta,"""$74377.67""","     183,031,580",1058655,Platform API outage - reported manually,mobrien@agency.co,2026-05-04 11:42:36.720000
WK45_2025,Jessica Chen,Always-On Brand Lexus,Snap,5.075740000000000e+03,"      21,818,180",255381,,mobrien@agency.co,2026-05-04 11:42:36.720000
WK11_2026,Dan Kowalski,Always-On Brand Lexus ,Roku CTV,3.718344000000000e+04,"      23,000,000",99699,FYI spend includes agency fee,jchen@agency.co,2026-05-04 11:42:36.720000
WK09_2026,Jessica Chen,PLAY HAS NO LIMITS SIZZLE,Meta,"""$23907.81""","      58,947,360",253769,"Agency-supplied, verify before publish",jchen@agency.co,2026-05-04 11:42:36.720000
WK01_2026,Jessica Chen,Ghost of Yotei Sustain,TikTok,1.831133000000000e+04,"      61,111,120",372493,,mobrien@agency.co,2026-05-04 11:42:36.720000
WK13_2026,Jessica Chen,PS Plus Essentials Acquire,Google SEM,1.532042000000000e+04,"      85,714,280",415378,,mobrien@agency.co,2026-05-04 11:42:36.720000
WK48_2025,Marcus O'Brien,ghost of yotei sustain,DV360 Display,"""$9915.17""","      63,157,900",633643,Platform API outage - reported manually,mobrien@agency.co,2026-05-04 11:42:36.720000
WK15_2026,Jessica Chen,Spring Refresh,Snap,5.922020000000000e+03,"      25,090,900",208921,,mobrien@agency.co,2026-05-04 11:42:36.720000
WK50_2025,Jessica Chen,PS5 Pro Lauch Global,TikTok,4.168900000000000e+04,"     128,333,340",1164285,,mobrien@agency.co,2026-05-04 11:42:36.720000
WK45_2025,Marcus O'Brien,astro bot sustain,TikTok,"""$19039.60""","      61,111,120",755398,Platform API outage - reported manually,mobrien@agency.co,2026-05-04 11:42:36.720000
WK06_2026,Jessica Chen,ASTRO BOT SUSTAIN,YouTube Ads,"""$32972.91""","      54,687,500",224233,"Agency-supplied, verify before publish",jchen@agency.co,2026-05-04 11:42:36.720000
WK48_2025,Jessica Chen,Spider-Man 2 Sustain,Meta,2.300350000000000e+04,"      58,947,360",528465,,mobrien@agency.co,2026-05-04 11:42:36.720000
WK48_2025,Dan Kowalski,Spider-Man 2 Sustain ,YouTube Ads,3.463225000000000e+04,"      62,890,620",597707,FYI spend includes agency fee,jchen@agency.co,2026-05-04 11:42:36.720000
WK02_2026,Dan Kowalski,Always-On Brand Lexus ,Twitch,1.356022000000000e+04,"      16,216,220",88465,FYI spend includes agency fee,jchen@agency.co,2026-05-04 11:42:36.720000
WK10_2026,Jessica Chen,Always-On Brand Lexus,YouTube Ads,3.064974000000000e+04,"      54,687,500",223945,,mobrien@agency.co,2026-05-04 11:42:36.720000
WK03_2026,Jessica Chen,Play Has No Limits Sizzle,YouTube Ads,3.315123000000000e+04,"      62,890,620",271685,,mobrien@agency.co,2026-05-04 11:42:36.720000
WK04_2026,Marcus O'Brien,ghost of yotei sustain,YouTube Ads,"""$29047.00""","      54,687,500",233408,Platform API outage - reported manually,mobrien@agency.co,2026-05-04 11:42:36.720000
WK06_2026,Dan Kowalski,PS Plus Essentials Acquire ,Snap,5.318670000000000e+03,"      21,818,180",207444,FYI spend includes agency fee,jchen@agency.co,2026-05-04 11:42:36.720000
WK07_2026,Priya Patel,PS_Plus_Essentials_Acquire,DV360 Display,"""$10199.86""","      63,157,900",509549,Ad partner doesnt expose API,ppatel@agency.co,2026-05-04 11:42:36.720000
WK15_2026,Dan Kowalski,Spring Refresh ,YouTube Ads,3.259094000000000e+04,"      62,890,620",510301,FYI spend includes agency fee,jchen@agency.co,2026-05-04 11:42:36.720000
