POST_ID,POST_DATE,CHANNEL_ID,CAMPAIGN_ID,TITLE_ID,POST_TYPE,POST_CAPTION_TEMPLATE,HASHTAGS,THUMBNAIL_URL,POST_TIMESTAMP
1,2025-11-01,12,105,1,YT_TRAILER,[TITLE] - Official Launch Trailer | PS5,#PlayStation,https://cdn.playstation.com/thumb/84a02ac70b7a.jpg,2025-11-01 18:00:00-07:00
2,2025-11-01,18,105,1,YT_SHORT,Behind the scenes: making [TITLE] #PlayStation #Shorts,#PlayStation #Shorts #Gaming,https://cdn.playstation.com/thumb/1bb2f579c3ba.jpg,2025-11-01 13:00:00-07:00
3,2025-11-01,18,104,2,YT_LONG,[TITLE] - Deep Dive with the Dev Team,#PlayStation,https://cdn.playstation.com/thumb/d6923d3b6836.jpg,2025-11-01 14:00:00-07:00
4,2025-11-01,18,109,8,BLOG_POST,[TITLE]: Everything you need to know,#PlayStation,https://cdn.playstation.com/thumb/973aa67bf124.jpg,2025-11-01 18:00:00-07:00
5,2025-11-01,18,105,1,BLOG_POST,[TITLE]: Everything you need to know,#PlayStation,https://cdn.playstation.com/thumb/973aa67bf124.jpg,2025-11-01 18:00:00-07:00
6,2025-11-01,19,101,,TT_VIDEO,when the [TITLE] cutscene hits different,#PlayStation #fyp #gaming,https://cdn.playstation.com/thumb/476dada0a1b0.jpg,2025-11-01 18:00:00-07:00
7,2025-11-01,19,109,8,IG_STORY,Out now on PS5 🔥,#PlayStation,https://cdn.playstation.com/thumb/ee3e92578546.jpg,2025-11-01 13:00:00-07:00
8,2025-11-01,20,109,8,BLOG_DEV_DIARY,Dev diary #7 - crafting [TITLE],#PlayStation,https://cdn.playstation.com/thumb/ca0558bdf1f9.jpg,2025-11-01 11:00:00-07:00
9,2025-11-02,20,105,1,BLOG_POST,[TITLE]: Everything you need to know,#PlayStation,https://cdn.playstation.com/thumb/2889b7f74ab0.jpg,2025-11-02 16:00:00-08:00
10,2025-11-02,20,109,8,BLOG_POST,[TITLE]: Everything you need to know,#PlayStation,https://cdn.playstation.com/thumb/2889b7f74ab0.jpg,2025-11-02 16:00:00-08:00
11,2025-11-02,20,105,1,YT_TRAILER,[TITLE] - Official Launch Trailer | PS5,#PlayStation,https://cdn.playstation.com/thumb/15d7c7958e76.jpg,2025-11-02 17:00:00-08:00
12,2025-11-03,12,109,8,BLOG_DEV_DIARY,Dev diary #7 - crafting [TITLE],#PlayStation,https://cdn.playstation.com/thumb/0d2fdbd56c5a.jpg,2025-11-03 16:00:00-08:00
13,2025-11-03,12,105,1,BLOG_DEV_DIARY,Dev diary #7 - crafting [TITLE],#PlayStation,https://cdn.playstation.com/thumb/0d2fdbd56c5a.jpg,2025-11-03 16:00:00-08:00
14,2025-11-03,12,107,,TT_TRENDING,gamers tell us their favorite PS5 moment,#PS5 #fyp #gamertok,https://cdn.playstation.com/thumb/16a3b169bbbd.jpg,2025-11-03 09:00:00-08:00
15,2025-11-03,12,107,,IG_POST,Drop a 🎮 if you're playing [TITLE] this weekend,#PlayStation,https://cdn.playstation.com/thumb/0c14ca1878af.jpg,2025-11-03 14:00:00-08:00
16,2025-11-03,12,108,,TT_VIDEO,when the [TITLE] cutscene hits different,#PlayStation #fyp #gaming,https://cdn.playstation.com/thumb/8f02255ea101.jpg,2025-11-03 15:00:00-08:00
17,2025-11-03,18,108,,BLOG_POST,[TITLE]: Everything you need to know,#PlayStation,https://cdn.playstation.com/thumb/2e8cc7799e54.jpg,2025-11-03 20:00:00-08:00
18,2025-11-03,19,104,2,YT_TRAILER,[TITLE] - Official Launch Trailer | PS5,#PlayStation,https://cdn.playstation.com/thumb/b89431644fef.jpg,2025-11-03 20:00:00-08:00
19,2025-11-04,12,108,,IG_STORY,Out now on PS5 🔥,#PlayStation,https://cdn.playstation.com/thumb/5c4a71d4b5f4.jpg,2025-11-04 18:00:00-08:00
20,2025-11-04,12,109,8,YT_TRAILER,[TITLE] - Official Launch Trailer | PS5,#PlayStation,https://cdn.playstation.com/thumb/d396c5b73b00.jpg,2025-11-04 20:00:00-08:00
21,2025-11-04,18,101,,TT_TRENDING,gamers tell us their favorite PS5 moment,#PS5 #fyp #gamertok,https://cdn.playstation.com/thumb/272cf89f1f7e.jpg,2025-11-04 10:00:00-08:00
22,2025-11-04,18,104,2,BLOG_DEV_DIARY,Dev diary #7 - crafting [TITLE],#PlayStation,https://cdn.playstation.com/thumb/200a4653074e.jpg,2025-11-04 11:00:00-08:00
23,2025-11-04,18,101,,IG_STORY,Out now on PS5 🔥,#PlayStation,https://cdn.playstation.com/thumb/5c4a71d4b5f4.jpg,2025-11-04 18:00:00-08:00
24,2025-11-04,18,109,8,YT_LONG,[TITLE] - Deep Dive with the Dev Team,#PlayStation,https://cdn.playstation.com/thumb/808479137a63.jpg,2025-11-04 13:00:00-08:00
25,2025-11-04,18,101,,TT_VIDEO,when the [TITLE] cutscene hits different,#PlayStation #fyp #gaming,https://cdn.playstation.com/thumb/bb6c0680d8c6.jpg,2025-11-04 13:00:00-08:00
26,2025-11-04,19,107,,TT_TRENDING,gamers tell us their favorite PS5 moment,#PS5 #fyp #gamertok,https://cdn.playstation.com/thumb/272cf89f1f7e.jpg,2025-11-04 10:00:00-08:00
27,2025-11-04,19,104,2,BLOG_DEV_DIARY,Dev diary #7 - crafting [TITLE],#PlayStation,https://cdn.playstation.com/thumb/200a4653074e.jpg,2025-11-04 11:00:00-08:00
28,2025-11-04,19,101,,YT_SHORT,Behind the scenes: making [TITLE] #PlayStation #Shorts,#PlayStation #Shorts #Gaming,https://cdn.playstation.com/thumb/2add1fc1b259.jpg,2025-11-04 13:00:00-08:00
29,2025-11-04,20,104,2,YT_TRAILER,[TITLE] - Official Launch Trailer | PS5,#PlayStation,https://cdn.playstation.com/thumb/d396c5b73b00.jpg,2025-11-04 20:00:00-08:00
30,2025-11-05,12,107,,TT_TRENDING,gamers tell us their favorite PS5 moment,#PS5 #fyp #gamertok,https://cdn.playstation.com/thumb/586e44a7458f.jpg,2025-11-05 12:00:00-08:00
31,2025-11-05,12,107,,IG_REEL,POV: you finally got [TITLE] 🎮,#PlayStation #PS5 #Gaming,https://cdn.playstation.com/thumb/ba9d083e57ba.jpg,2025-11-05 13:00:00-08:00
32,2025-11-05,12,105,1,YT_LONG,[TITLE] - Deep Dive with the Dev Team,#PlayStation,https://cdn.playstation.com/thumb/413d8cf50ca7.jpg,2025-11-05 16:00:00-08:00
33,2025-11-05,12,104,2,BLOG_POST,[TITLE]: Everything you need to know,#PlayStation,https://cdn.playstation.com/thumb/6ad2761a2682.jpg,2025-11-05 18:00:00-08:00
34,2025-11-05,18,104,2,IG_STORY,Out now on PS5 🔥,#PlayStation,https://cdn.playstation.com/thumb/113861e12e2c.jpg,2025-11-05 18:00:00-08:00
35,2025-11-05,18,107,,IG_REEL,POV: you finally got [TITLE] 🎮,#PlayStation #PS5 #Gaming,https://cdn.playstation.com/thumb/ba9d083e57ba.jpg,2025-11-05 13:00:00-08:00
36,2025-11-05,19,105,1,BLOG_DEV_DIARY,Dev diary #7 - crafting [TITLE],#PlayStation,https://cdn.playstation.com/thumb/e9385bd18928.jpg,2025-11-05 12:00:00-08:00
37,2025-11-05,19,101,,BLOG_POST,[TITLE]: Everything you need to know,#PlayStation,https://cdn.playstation.com/thumb/6ad2761a2682.jpg,2025-11-05 18:00:00-08:00
38,2025-11-05,20,105,1,IG_POST,Drop a 🎮 if you're playing [TITLE] this weekend,#PlayStation,https://cdn.playstation.com/thumb/4a5505ae0379.jpg,2025-11-05 14:00:00-08:00
39,2025-11-05,20,107,,BLOG_DEV_DIARY,Dev diary #7 - crafting [TITLE],#PlayStation,https://cdn.playstation.com/thumb/e9385bd18928.jpg,2025-11-05 12:00:00-08:00
40,2025-11-05,20,108,,IG_REEL,POV: you finally got [TITLE] 🎮,#PlayStation #PS5 #Gaming,https://cdn.playstation.com/thumb/ba9d083e57ba.jpg,2025-11-05 13:00:00-08:00
41,2025-11-06,12,104,2,TT_TRENDING,gamers tell us their favorite PS5 moment,#PS5 #fyp #gamertok,https://cdn.playstation.com/thumb/9cffe7fa8754.jpg,2025-11-06 13:00:00-08:00
42,2025-11-06,12,107,,IG_REEL,POV: you finally got [TITLE] 🎮,#PlayStation #PS5 #Gaming,https://cdn.playstation.com/thumb/163868f389f9.jpg,2025-11-06 16:00:00-08:00
43,2025-11-06,18,104,2,BLOG_DEV_DIARY,Dev diary #7 - crafting [TITLE],#PlayStation,https://cdn.playstation.com/thumb/c376633c60ec.jpg,2025-11-06 09:00:00-08:00
44,2025-11-06,18,108,,YT_LONG,[TITLE] - Deep Dive with the Dev Team,#PlayStation,https://cdn.playstation.com/thumb/618d1c422f84.jpg,2025-11-06 15:00:00-08:00
45,2025-11-06,18,107,,BLOG_POST,[TITLE]: Everything you need to know,#PlayStation,https://cdn.playstation.com/thumb/928d8fceadf4.jpg,2025-11-06 18:00:00-08:00
46,2025-11-06,19,108,,YT_SHORT,Behind the scenes: making [TITLE] #PlayStation #Shorts,#PlayStation #Shorts #Gaming,https://cdn.playstation.com/thumb/1a16995b884b.jpg,2025-11-06 14:00:00-08:00
47,2025-11-07,12,101,,YT_LONG,[TITLE] - Deep Dive with the Dev Team,#PlayStation,https://cdn.playstation.com/thumb/6955a05eaad3.jpg,2025-11-07 16:00:00-08:00
48,2025-11-07,12,104,2,IG_POST,Drop a 🎮 if you're playing [TITLE] this weekend,#PlayStation,https://cdn.playstation.com/thumb/a0f63df5b57e.jpg,2025-11-07 15:00:00-08:00
49,2025-11-07,12,101,,BLOG_POST,[TITLE]: Everything you need to know,#PlayStation,https://cdn.playstation.com/thumb/6d6c752e3fa4.jpg,2025-11-07 11:00:00-08:00
50,2025-11-07,12,105,1,YT_TRAILER,[TITLE] - Official Launch Trailer | PS5,#PlayStation,https://cdn.playstation.com/thumb/4db0fd71056c.jpg,2025-11-07 20:00:00-08:00
51,2025-11-07,18,104,2,YT_TRAILER,[TITLE] - Official Launch Trailer | PS5,#PlayStation,https://cdn.playstation.com/thumb/4db0fd71056c.jpg,2025-11-07 20:00:00-08:00
52,2025-11-07,18,107,,YT_LONG,[TITLE] - Deep Dive with the Dev Team,#PlayStation,https://cdn.playstation.com/thumb/6955a05eaad3.jpg,2025-11-07 16:00:00-08:00
53,2025-11-07,18,107,,YT_TRAILER,[TITLE] - Official Launch Trailer | PS5,#PlayStation,https://cdn.playstation.com/thumb/4db0fd71056c.jpg,2025-11-07 20:00:00-08:00
54,2025-11-07,18,109,8,BLOG_DEV_DIARY,Dev diary #7 - crafting [TITLE],#PlayStation,https://cdn.playstation.com/thumb/f1be61e67464.jpg,2025-11-07 13:00:00-08:00
55,2025-11-07,18,109,8,YT_LONG,[TITLE] - Deep Dive with the Dev Team,#PlayStation,https://cdn.playstation.com/thumb/6955a05eaad3.jpg,2025-11-07 16:00:00-08:00
56,2025-11-07,18,105,1,YT_TRAILER,[TITLE] - Official Launch Trailer | PS5,#PlayStation,https://cdn.playstation.com/thumb/4db0fd71056c.jpg,2025-11-07 20:00:00-08:00
57,2025-11-07,18,104,2,IG_POST,Drop a 🎮 if you're playing [TITLE] this weekend,#PlayStation,https://cdn.playstation.com/thumb/a0f63df5b57e.jpg,2025-11-07 15:00:00-08:00
58,2025-11-07,19,109,8,YT_TRAILER,[TITLE] - Official Launch Trailer | PS5,#PlayStation,https://cdn.playstation.com/thumb/4db0fd71056c.jpg,2025-11-07 20:00:00-08:00
59,2025-11-07,19,108,,BLOG_DEV_DIARY,Dev diary #7 - crafting [TITLE],#PlayStation,https://cdn.playstation.com/thumb/f1be61e67464.jpg,2025-11-07 13:00:00-08:00
60,2025-11-07,19,109,8,IG_STORY,Out now on PS5 🔥,#PlayStation,https://cdn.playstation.com/thumb/c270b5e1d88b.jpg,2025-11-07 12:00:00-08:00
61,2025-11-07,19,108,,YT_LONG,[TITLE] - Deep Dive with the Dev Team,#PlayStation,https://cdn.playstation.com/thumb/6955a05eaad3.jpg,2025-11-07 16:00:00-08:00
62,2025-11-07,19,101,,YT_TRAILER,[TITLE] - Official Launch Trailer | PS5,#PlayStation,https://cdn.playstation.com/thumb/4db0fd71056c.jpg,2025-11-07 20:00:00-08:00
63,2025-11-07,19,105,1,BLOG_POST,[TITLE]: Everything you need to know,#PlayStation,https://cdn.playstation.com/thumb/6d6c752e3fa4.jpg,2025-11-07 11:00:00-08:00
64,2025-11-07,19,104,2,IG_STORY,Out now on PS5 🔥,#PlayStation,https://cdn.playstation.com/thumb/c270b5e1d88b.jpg,2025-11-07 12:00:00-08:00
65,2025-11-07,19,108,,IG_POST,Drop a 🎮 if you're playing [TITLE] this weekend,#PlayStation,https://cdn.playstation.com/thumb/a0f63df5b57e.jpg,2025-11-07 15:00:00-08:00
66,2025-11-07,19,105,1,TT_TRENDING,gamers tell us their favorite PS5 moment,#PS5 #fyp #gamertok,https://cdn.playstation.com/thumb/49f742994fce.jpg,2025-11-07 09:00:00-08:00
67,2025-11-07,20,104,2,YT_TRAILER,[TITLE] - Official Launch Trailer | PS5,#PlayStation,https://cdn.playstation.com/thumb/4db0fd71056c.jpg,2025-11-07 20:00:00-08:00
68,2025-11-07,20,105,1,BLOG_DEV_DIARY,Dev diary #7 - crafting [TITLE],#PlayStation,https://cdn.playstation.com/thumb/f1be61e67464.jpg,2025-11-07 13:00:00-08:00
69,2025-11-07,20,107,,YT_LONG,[TITLE] - Deep Dive with the Dev Team,#PlayStation,https://cdn.playstation.com/thumb/6955a05eaad3.jpg,2025-11-07 16:00:00-08:00
70,2025-11-07,20,101,,YT_TRAILER,[TITLE] - Official Launch Trailer | PS5,#PlayStation,https://cdn.playstation.com/thumb/4db0fd71056c.jpg,2025-11-07 20:00:00-08:00
71,2025-11-07,20,109,8,TT_VIDEO,when the [TITLE] cutscene hits different,#PlayStation #fyp #gaming,https://cdn.playstation.com/thumb/9d568ac2289f.jpg,2025-11-07 15:00:00-08:00
72,2025-11-07,20,108,,TT_VIDEO,when the [TITLE] cutscene hits different,#PlayStation #fyp #gaming,https://cdn.playstation.com/thumb/9d568ac2289f.jpg,2025-11-07 15:00:00-08:00
73,2025-11-07,20,108,,YT_SHORT,Behind the scenes: making [TITLE] #PlayStation #Shorts,#PlayStation #Shorts #Gaming,https://cdn.playstation.com/thumb/cadff14f4a20.jpg,2025-11-07 15:00:00-08:00
74,2025-11-07,20,109,8,YT_TRAILER,[TITLE] - Official Launch Trailer | PS5,#PlayStation,https://cdn.playstation.com/thumb/4db0fd71056c.jpg,2025-11-07 20:00:00-08:00
75,2025-11-07,20,104,2,IG_STORY,Out now on PS5 🔥,#PlayStation,https://cdn.playstation.com/thumb/c270b5e1d88b.jpg,2025-11-07 12:00:00-08:00
76,2025-11-08,12,101,,BLOG_DEV_DIARY,Dev diary #7 - crafting [TITLE],#PlayStation,https://cdn.playstation.com/thumb/dcb8f2b079c7.jpg,2025-11-08 16:00:00-08:00
77,2025-11-08,12,105,1,IG_REEL,POV: you finally got [TITLE] 🎮,#PlayStation #PS5 #Gaming,https://cdn.playstation.com/thumb/acd741c6359a.jpg,2025-11-08 20:00:00-08:00
78,2025-11-08,12,108,,IG_POST,Drop a 🎮 if you're playing [TITLE] this weekend,#PlayStation,https://cdn.playstation.com/thumb/65604c132b12.jpg,2025-11-08 15:00:00-08:00
79,2025-11-08,18,105,1,TT_VIDEO,when the [TITLE] cutscene hits different,#PlayStation #fyp #gaming,https://cdn.playstation.com/thumb/0bac597ecd5a.jpg,2025-11-08 14:00:00-08:00
80,2025-11-08,18,107,,IG_POST,Drop a 🎮 if you're playing [TITLE] this weekend,#PlayStation,https://cdn.playstation.com/thumb/65604c132b12.jpg,2025-11-08 15:00:00-08:00
81,2025-11-08,19,109,8,IG_REEL,POV: you finally got [TITLE] 🎮,#PlayStation #PS5 #Gaming,https://cdn.playstation.com/thumb/acd741c6359a.jpg,2025-11-08 20:00:00-08:00
82,2025-11-08,19,108,,BLOG_DEV_DIARY,Dev diary #7 - crafting [TITLE],#PlayStation,https://cdn.playstation.com/thumb/dcb8f2b079c7.jpg,2025-11-08 16:00:00-08:00
83,2025-11-08,19,105,1,YT_SHORT,Behind the scenes: making [TITLE] #PlayStation #Shorts,#PlayStation #Shorts #Gaming,https://cdn.playstation.com/thumb/215db53d3a34.jpg,2025-11-08 18:00:00-08:00
84,2025-11-08,19,105,1,TT_VIDEO,when the [TITLE] cutscene hits different,#PlayStation #fyp #gaming,https://cdn.playstation.com/thumb/0bac597ecd5a.jpg,2025-11-08 14:00:00-08:00
85,2025-11-08,19,109,8,YT_SHORT,Behind the scenes: making [TITLE] #PlayStation #Shorts,#PlayStation #Shorts #Gaming,https://cdn.playstation.com/thumb/215db53d3a34.jpg,2025-11-08 18:00:00-08:00
86,2025-11-08,20,108,,IG_REEL,POV: you finally got [TITLE] 🎮,#PlayStation #PS5 #Gaming,https://cdn.playstation.com/thumb/acd741c6359a.jpg,2025-11-08 20:00:00-08:00
87,2025-11-08,20,105,1,YT_TRAILER,[TITLE] - Official Launch Trailer | PS5,#PlayStation,https://cdn.playstation.com/thumb/aa175f6835ec.jpg,2025-11-08 13:00:00-08:00
88,2025-11-09,12,105,1,YT_SHORT,Behind the scenes: making [TITLE] #PlayStation #Shorts,#PlayStation #Shorts #Gaming,https://cdn.playstation.com/thumb/3f206bb7f837.jpg,2025-11-09 20:00:00-08:00
89,2025-11-09,12,101,,BLOG_POST,[TITLE]: Everything you need to know,#PlayStation,https://cdn.playstation.com/thumb/7ee8f0c44a39.jpg,2025-11-09 16:00:00-08:00
90,2025-11-09,18,109,8,IG_POST,Drop a 🎮 if you're playing [TITLE] this weekend,#PlayStation,https://cdn.playstation.com/thumb/142a74cd57bb.jpg,2025-11-09 11:00:00-08:00
91,2025-11-09,18,107,,IG_REEL,POV: you finally got [TITLE] 🎮,#PlayStation #PS5 #Gaming,https://cdn.playstation.com/thumb/70b3f3623404.jpg,2025-11-09 16:00:00-08:00
92,2025-11-09,18,104,2,IG_STORY,Out now on PS5 🔥,#PlayStation,https://cdn.playstation.com/thumb/4bfeeb5cc6f0.jpg,2025-11-09 20:00:00-08:00
93,2025-11-09,18,107,,YT_LONG,[TITLE] - Deep Dive with the Dev Team,#PlayStation,https://cdn.playstation.com/thumb/fb194c91ca3b.jpg,2025-11-09 14:00:00-08:00
94,2025-11-09,19,105,1,IG_STORY,Out now on PS5 🔥,#PlayStation,https://cdn.playstation.com/thumb/4bfeeb5cc6f0.jpg,2025-11-09 20:00:00-08:00
95,2025-11-09,20,105,1,IG_REEL,POV: you finally got [TITLE] 🎮,#PlayStation #PS5 #Gaming,https://cdn.playstation.com/thumb/70b3f3623404.jpg,2025-11-09 16:00:00-08:00
96,2025-11-10,12,108,,IG_REEL,POV: you finally got [TITLE] 🎮,#PlayStation #PS5 #Gaming,https://cdn.playstation.com/thumb/69a582329f22.jpg,2025-11-10 16:00:00-08:00
97,2025-11-10,12,109,8,YT_TRAILER,[TITLE] - Official Launch Trailer | PS5,#PlayStation,https://cdn.playstation.com/thumb/2ece325b572e.jpg,2025-11-10 13:00:00-08:00
98,2025-11-10,12,107,,YT_TRAILER,[TITLE] - Official Launch Trailer | PS5,#PlayStation,https://cdn.playstation.com/thumb/2ece325b572e.jpg,2025-11-10 13:00:00-08:00
99,2025-11-10,12,108,,YT_LONG,[TITLE] - Deep Dive with the Dev Team,#PlayStation,https://cdn.playstation.com/thumb/91a1204c10ed.jpg,2025-11-10 10:00:00-08:00
100,2025-11-10,12,103,,BLOG_POST,[TITLE]: Everything you need to know,#PlayStation,https://cdn.playstation.com/thumb/22ab7b6019a4.jpg,2025-11-10 11:00:00-08:00
101,2025-11-10,12,108,,BLOG_DEV_DIARY,Dev diary #7 - crafting [TITLE],#PlayStation,https://cdn.playstation.com/thumb/8ee4d51ef595.jpg,2025-11-10 13:00:00-08:00
102,2025-11-10,18,101,,TT_VIDEO,when the [TITLE] cutscene hits different,#PlayStation #fyp #gaming,https://cdn.playstation.com/thumb/e36af2f2e86c.jpg,2025-11-10 18:00:00-08:00
103,2025-11-10,19,109,8,YT_TRAILER,[TITLE] - Official Launch Trailer | PS5,#PlayStation,https://cdn.playstation.com/thumb/2ece325b572e.jpg,2025-11-10 13:00:00-08:00
104,2025-11-10,19,105,1,BLOG_DEV_DIARY,Dev diary #7 - crafting [TITLE],#PlayStation,https://cdn.playstation.com/thumb/8ee4d51ef595.jpg,2025-11-10 13:00:00-08:00
105,2025-11-10,19,108,,IG_STORY,Out now on PS5 🔥,#PlayStation,https://cdn.playstation.com/thumb/0501f5a49950.jpg,2025-11-10 16:00:00-08:00
106,2025-11-10,19,101,,YT_TRAILER,[TITLE] - Official Launch Trailer | PS5,#PlayStation,https://cdn.playstation.com/thumb/2ece325b572e.jpg,2025-11-10 13:00:00-08:00
107,2025-11-10,19,104,2,YT_LONG,[TITLE] - Deep Dive with the Dev Team,#PlayStation,https://cdn.playstation.com/thumb/91a1204c10ed.jpg,2025-11-10 10:00:00-08:00
108,2025-11-10,20,103,,YT_LONG,[TITLE] - Deep Dive with the Dev Team,#PlayStation,https://cdn.playstation.com/thumb/91a1204c10ed.jpg,2025-11-10 10:00:00-08:00
109,2025-11-10,20,105,1,YT_TRAILER,[TITLE] - Official Launch Trailer | PS5,#PlayStation,https://cdn.playstation.com/thumb/2ece325b572e.jpg,2025-11-10 13:00:00-08:00
110,2025-11-10,20,109,8,IG_REEL,POV: you finally got [TITLE] 🎮,#PlayStation #PS5 #Gaming,https://cdn.playstation.com/thumb/69a582329f22.jpg,2025-11-10 16:00:00-08:00
111,2025-11-11,12,108,,BLOG_POST,[TITLE]: Everything you need to know,#PlayStation,https://cdn.playstation.com/thumb/84a4cc40763d.jpg,2025-11-11 11:00:00-08:00
112,2025-11-11,12,103,,YT_LONG,[TITLE] - Deep Dive with the Dev Team,#PlayStation,https://cdn.playstation.com/thumb/f524a7f54c00.jpg,2025-11-11 14:00:00-08:00
113,2025-11-11,18,109,8,TT_VIDEO,when the [TITLE] cutscene hits different,#PlayStation #fyp #gaming,https://cdn.playstation.com/thumb/18407e57f162.jpg,2025-11-11 18:00:00-08:00
114,2025-11-11,18,103,,IG_POST,Drop a 🎮 if you're playing [TITLE] this weekend,#PlayStation,https://cdn.playstation.com/thumb/9c5f3a9d846a.jpg,2025-11-11 16:00:00-08:00
115,2025-11-11,18,107,,BLOG_POST,[TITLE]: Everything you need to know,#PlayStation,https://cdn.playstation.com/thumb/84a4cc40763d.jpg,2025-11-11 11:00:00-08:00
116,2025-11-11,18,107,,BLOG_DEV_DIARY,Dev diary #7 - crafting [TITLE],#PlayStation,https://cdn.playstation.com/thumb/d087e3fbb67c.jpg,2025-11-11 17:00:00-08:00
117,2025-11-11,18,104,2,BLOG_DEV_DIARY,Dev diary #7 - crafting [TITLE],#PlayStation,https://cdn.playstation.com/thumb/d087e3fbb67c.jpg,2025-11-11 17:00:00-08:00
118,2025-11-11,19,109,8,IG_STORY,Out now on PS5 🔥,#PlayStation,https://cdn.playstation.com/thumb/95492c7f2264.jpg,2025-11-11 13:00:00-08:00
119,2025-11-11,19,101,,YT_TRAILER,[TITLE] - Official Launch Trailer | PS5,#PlayStation,https://cdn.playstation.com/thumb/4e34d55715a6.jpg,2025-11-11 14:00:00-08:00
120,2025-11-11,19,107,,YT_TRAILER,[TITLE] - Official Launch Trailer | PS5,#PlayStation,https://cdn.playstation.com/thumb/4e34d55715a6.jpg,2025-11-11 14:00:00-08:00
121,2025-11-11,19,109,8,TT_VIDEO,when the [TITLE] cutscene hits different,#PlayStation #fyp #gaming,https://cdn.playstation.com/thumb/18407e57f162.jpg,2025-11-11 18:00:00-08:00
122,2025-11-11,19,101,,TT_TRENDING,gamers tell us their favorite PS5 moment,#PS5 #fyp #gamertok,https://cdn.playstation.com/thumb/e3dfbdbfc945.jpg,2025-11-11 10:00:00-08:00
123,2025-11-11,20,104,2,YT_LONG,[TITLE] - Deep Dive with the Dev Team,#PlayStation,https://cdn.playstation.com/thumb/f524a7f54c00.jpg,2025-11-11 14:00:00-08:00
124,2025-11-11,20,103,,BLOG_POST,[TITLE]: Everything you need to know,#PlayStation,https://cdn.playstation.com/thumb/84a4cc40763d.jpg,2025-11-11 11:00:00-08:00
125,2025-11-11,20,101,,YT_LONG,[TITLE] - Deep Dive with the Dev Team,#PlayStation,https://cdn.playstation.com/thumb/f524a7f54c00.jpg,2025-11-11 14:00:00-08:00
126,2025-11-12,12,103,,BLOG_DEV_DIARY,Dev diary #7 - crafting [TITLE],#PlayStation,https://cdn.playstation.com/thumb/d076d53f8ee1.jpg,2025-11-12 13:00:00-08:00
127,2025-11-12,12,105,1,BLOG_DEV_DIARY,Dev diary #7 - crafting [TITLE],#PlayStation,https://cdn.playstation.com/thumb/d076d53f8ee1.jpg,2025-11-12 13:00:00-08:00
128,2025-11-12,12,107,,YT_LONG,[TITLE] - Deep Dive with the Dev Team,#PlayStation,https://cdn.playstation.com/thumb/7be5712ba962.jpg,2025-11-12 10:00:00-08:00
129,2025-11-12,12,109,8,TT_TRENDING,gamers tell us their favorite PS5 moment,#PS5 #fyp #gamertok,https://cdn.playstation.com/thumb/e38413eb8856.jpg,2025-11-12 10:00:00-08:00
130,2025-11-12,12,104,2,YT_SHORT,Behind the scenes: making [TITLE] #PlayStation #Shorts,#PlayStation #Shorts #Gaming,https://cdn.playstation.com/thumb/bf6f224db2b6.jpg,2025-11-12 10:00:00-08:00
131,2025-11-12,18,103,,BLOG_DEV_DIARY,Dev diary #7 - crafting [TITLE],#PlayStation,https://cdn.playstation.com/thumb/d076d53f8ee1.jpg,2025-11-12 13:00:00-08:00
132,2025-11-12,19,103,,BLOG_POST,[TITLE]: Everything you need to know,#PlayStation,https://cdn.playstation.com/thumb/227e95b22dba.jpg,2025-11-12 14:00:00-08:00
133,2025-11-12,20,107,,IG_STORY,Out now on PS5 🔥,#PlayStation,https://cdn.playstation.com/thumb/459eed3dd73b.jpg,2025-11-12 14:00:00-08:00
134,2025-11-13,12,101,,IG_STORY,Out now on PS5 🔥,#PlayStation,https://cdn.playstation.com/thumb/eab47fd65862.jpg,2025-11-13 10:00:00-08:00
135,2025-11-13,12,105,1,BLOG_DEV_DIARY,Dev diary #7 - crafting [TITLE],#PlayStation,https://cdn.playstation.com/thumb/8996831b0ab1.jpg,2025-11-13 11:00:00-08:00
136,2025-11-13,18,103,,IG_POST,Drop a 🎮 if you're playing [TITLE] this weekend,#PlayStation,https://cdn.playstation.com/thumb/e810cdcf9fcd.jpg,2025-11-13 18:00:00-08:00
137,2025-11-13,18,109,8,TT_TRENDING,gamers tell us their favorite PS5 moment,#PS5 #fyp #gamertok,https://cdn.playstation.com/thumb/0318526fbe2b.jpg,2025-11-13 09:00:00-08:00
138,2025-11-13,18,101,,IG_STORY,Out now on PS5 🔥,#PlayStation,https://cdn.playstation.com/thumb/eab47fd65862.jpg,2025-11-13 10:00:00-08:00
139,2025-11-13,18,104,2,BLOG_POST,[TITLE]: Everything you need to know,#PlayStation,https://cdn.playstation.com/thumb/7cff54289db2.jpg,2025-11-13 12:00:00-08:00
140,2025-11-13,19,109,8,BLOG_DEV_DIARY,Dev diary #7 - crafting [TITLE],#PlayStation,https://cdn.playstation.com/thumb/8996831b0ab1.jpg,2025-11-13 11:00:00-08:00
141,2025-11-13,19,104,2,BLOG_POST,[TITLE]: Everything you need to know,#PlayStation,https://cdn.playstation.com/thumb/7cff54289db2.jpg,2025-11-13 12:00:00-08:00
142,2025-11-14,12,101,,YT_TRAILER,[TITLE] - Official Launch Trailer | PS5,#PlayStation,https://cdn.playstation.com/thumb/abcdd5ea235c.jpg,2025-11-14 14:00:00-08:00
143,2025-11-14,12,109,8,BLOG_POST,[TITLE]: Everything you need to know,#PlayStation,https://cdn.playstation.com/thumb/9120ae7dfa46.jpg,2025-11-14 16:00:00-08:00
144,2025-11-14,18,103,,IG_STORY,Out now on PS5 🔥,#PlayStation,https://cdn.playstation.com/thumb/ace245d21c65.jpg,2025-11-14 19:00:00-08:00
145,2025-11-14,18,105,1,IG_REEL,POV: you finally got [TITLE] 🎮,#PlayStation #PS5 #Gaming,https://cdn.playstation.com/thumb/4cfa4eda347e.jpg,2025-11-14 15:00:00-08:00
146,2025-11-14,19,105,1,IG_POST,Drop a 🎮 if you're playing [TITLE] this weekend,#PlayStation,https://cdn.playstation.com/thumb/5b5101dc0991.jpg,2025-11-14 20:00:00-08:00
147,2025-11-14,19,107,,IG_REEL,POV: you finally got [TITLE] 🎮,#PlayStation #PS5 #Gaming,https://cdn.playstation.com/thumb/4cfa4eda347e.jpg,2025-11-14 15:00:00-08:00
148,2025-11-14,19,101,,BLOG_POST,[TITLE]: Everything you need to know,#PlayStation,https://cdn.playstation.com/thumb/9120ae7dfa46.jpg,2025-11-14 16:00:00-08:00
149,2025-11-14,20,104,2,TT_VIDEO,when the [TITLE] cutscene hits different,#PlayStation #fyp #gaming,https://cdn.playstation.com/thumb/68f9dd23d2d7.jpg,2025-11-14 16:00:00-08:00
150,2025-11-14,20,109,8,TT_VIDEO,when the [TITLE] cutscene hits different,#PlayStation #fyp #gaming,https://cdn.playstation.com/thumb/68f9dd23d2d7.jpg,2025-11-14 16:00:00-08:00
151,2025-11-14,20,108,,TT_TRENDING,gamers tell us their favorite PS5 moment,#PS5 #fyp #gamertok,https://cdn.playstation.com/thumb/5e24c588923b.jpg,2025-11-14 20:00:00-08:00
152,2025-11-14,20,101,,BLOG_POST,[TITLE]: Everything you need to know,#PlayStation,https://cdn.playstation.com/thumb/9120ae7dfa46.jpg,2025-11-14 16:00:00-08:00
153,2025-11-15,12,101,,YT_LONG,[TITLE] - Deep Dive with the Dev Team,#PlayStation,https://cdn.playstation.com/thumb/a20a4d5a9f16.jpg,2025-11-15 20:00:00-08:00
154,2025-11-15,18,105,1,YT_LONG,[TITLE] - Deep Dive with the Dev Team,#PlayStation,https://cdn.playstation.com/thumb/a20a4d5a9f16.jpg,2025-11-15 20:00:00-08:00
155,2025-11-15,18,105,1,IG_REEL,POV: you finally got [TITLE] 🎮,#PlayStation #PS5 #Gaming,https://cdn.playstation.com/thumb/a02c995e9dd0.jpg,2025-11-15 16:00:00-08:00
156,2025-11-15,19,103,,YT_LONG,[TITLE] - Deep Dive with the Dev Team,#PlayStation,https://cdn.playstation.com/thumb/a20a4d5a9f16.jpg,2025-11-15 20:00:00-08:00
157,2025-11-16,12,107,,BLOG_DEV_DIARY,Dev diary #7 - crafting [TITLE],#PlayStation,https://cdn.playstation.com/thumb/8ff2d057ec5a.jpg,2025-11-16 09:00:00-08:00
158,2025-11-16,18,109,8,YT_TRAILER,[TITLE] - Official Launch Trailer | PS5,#PlayStation,https://cdn.playstation.com/thumb/11df73558f3e.jpg,2025-11-16 09:00:00-08:00
159,2025-11-16,19,109,8,IG_POST,Drop a 🎮 if you're playing [TITLE] this weekend,#PlayStation,https://cdn.playstation.com/thumb/bc4970741367.jpg,2025-11-16 19:00:00-08:00
160,2025-11-16,19,107,,YT_SHORT,Behind the scenes: making [TITLE] #PlayStation #Shorts,#PlayStation #Shorts #Gaming,https://cdn.playstation.com/thumb/c910f37bee09.jpg,2025-11-16 09:00:00-08:00
161,2025-11-16,20,108,,TT_VIDEO,when the [TITLE] cutscene hits different,#PlayStation #fyp #gaming,https://cdn.playstation.com/thumb/4c6b8d527378.jpg,2025-11-16 15:00:00-08:00
162,2025-11-16,20,102,,IG_REEL,POV: you finally got [TITLE] 🎮,#PlayStation #PS5 #Gaming,https://cdn.playstation.com/thumb/923dc856c6a0.jpg,2025-11-16 20:00:00-08:00
163,2025-11-17,12,108,,IG_REEL,POV: you finally got [TITLE] 🎮,#PlayStation #PS5 #Gaming,https://cdn.playstation.com/thumb/2c93f2467973.jpg,2025-11-17 15:00:00-08:00
164,2025-11-17,18,108,,IG_REEL,POV: you finally got [TITLE] 🎮,#PlayStation #PS5 #Gaming,https://cdn.playstation.com/thumb/2c93f2467973.jpg,2025-11-17 15:00:00-08:00
165,2025-11-17,18,101,,TT_TRENDING,gamers tell us their favorite PS5 moment,#PS5 #fyp #gamertok,https://cdn.playstation.com/thumb/3bb4e947256a.jpg,2025-11-17 12:00:00-08:00
166,2025-11-17,18,103,,BLOG_POST,[TITLE]: Everything you need to know,#PlayStation,https://cdn.playstation.com/thumb/bcede12ab73d.jpg,2025-11-17 15:00:00-08:00
167,2025-11-17,19,104,2,YT_LONG,[TITLE] - Deep Dive with the Dev Team,#PlayStation,https://cdn.playstation.com/thumb/24e9f7c00a89.jpg,2025-11-17 20:00:00-08:00
168,2025-11-17,19,103,,TT_TRENDING,gamers tell us their favorite PS5 moment,#PS5 #fyp #gamertok,https://cdn.playstation.com/thumb/3bb4e947256a.jpg,2025-11-17 12:00:00-08:00
169,2025-11-17,19,109,8,IG_POST,Drop a 🎮 if you're playing [TITLE] this weekend,#PlayStation,https://cdn.playstation.com/thumb/bf7f91076e7f.jpg,2025-11-17 13:00:00-08:00
170,2025-11-17,19,102,,TT_VIDEO,when the [TITLE] cutscene hits different,#PlayStation #fyp #gaming,https://cdn.playstation.com/thumb/6f2a70cd26a7.jpg,2025-11-17 19:00:00-08:00
171,2025-11-17,19,107,,YT_TRAILER,[TITLE] - Official Launch Trailer | PS5,#PlayStation,https://cdn.playstation.com/thumb/80c2c7762f0b.jpg,2025-11-17 15:00:00-08:00
172,2025-11-17,20,109,8,IG_REEL,POV: you finally got [TITLE] 🎮,#PlayStation #PS5 #Gaming,https://cdn.playstation.com/thumb/2c93f2467973.jpg,2025-11-17 15:00:00-08:00
173,2025-11-17,20,107,,YT_LONG,[TITLE] - Deep Dive with the Dev Team,#PlayStation,https://cdn.playstation.com/thumb/24e9f7c00a89.jpg,2025-11-17 20:00:00-08:00
174,2025-11-17,20,108,,BLOG_POST,[TITLE]: Everything you need to know,#PlayStation,https://cdn.playstation.com/thumb/bcede12ab73d.jpg,2025-11-17 15:00:00-08:00
175,2025-11-17,20,101,,IG_REEL,POV: you finally got [TITLE] 🎮,#PlayStation #PS5 #Gaming,https://cdn.playstation.com/thumb/2c93f2467973.jpg,2025-11-17 15:00:00-08:00
176,2025-11-18,12,103,,YT_SHORT,Behind the scenes: making [TITLE] #PlayStation #Shorts,#PlayStation #Shorts #Gaming,https://cdn.playstation.com/thumb/a800df6d2efb.jpg,2025-11-18 20:00:00-08:00
177,2025-11-18,12,109,8,BLOG_DEV_DIARY,Dev diary #7 - crafting [TITLE],#PlayStation,https://cdn.playstation.com/thumb/85a54ece8188.jpg,2025-11-18 12:00:00-08:00
178,2025-11-18,18,104,2,IG_STORY,Out now on PS5 🔥,#PlayStation,https://cdn.playstation.com/thumb/f2d528553639.jpg,2025-11-18 19:00:00-08:00
179,2025-11-18,18,107,,BLOG_POST,[TITLE]: Everything you need to know,#PlayStation,https://cdn.playstation.com/thumb/c640df57f0a7.jpg,2025-11-18 14:00:00-08:00
180,2025-11-18,19,101,,BLOG_DEV_DIARY,Dev diary #7 - crafting [TITLE],#PlayStation,https://cdn.playstation.com/thumb/85a54ece8188.jpg,2025-11-18 12:00:00-08:00
181,2025-11-18,19,107,,IG_REEL,POV: you finally got [TITLE] 🎮,#PlayStation #PS5 #Gaming,https://cdn.playstation.com/thumb/9459e7a9e323.jpg,2025-11-18 15:00:00-08:00
182,2025-11-18,20,103,,YT_LONG,[TITLE] - Deep Dive with the Dev Team,#PlayStation,https://cdn.playstation.com/thumb/bd41be60ffa2.jpg,2025-11-18 11:00:00-08:00
183,2025-11-19,12,109,8,IG_STORY,Out now on PS5 🔥,#PlayStation,https://cdn.playstation.com/thumb/fb52d601960d.jpg,2025-11-19 10:00:00-08:00
184,2025-11-19,19,102,,TT_TRENDING,gamers tell us their favorite PS5 moment,#PS5 #fyp #gamertok,https://cdn.playstation.com/thumb/c4cf736bda35.jpg,2025-11-19 16:00:00-08:00
185,2025-11-19,19,102,,YT_LONG,[TITLE] - Deep Dive with the Dev Team,#PlayStation,https://cdn.playstation.com/thumb/02016230b237.jpg,2025-11-19 11:00:00-08:00
186,2025-11-19,19,102,,IG_POST,Drop a 🎮 if you're playing [TITLE] this weekend,#PlayStation,https://cdn.playstation.com/thumb/98751b84a550.jpg,2025-11-19 10:00:00-08:00
187,2025-11-19,19,103,,YT_SHORT,Behind the scenes: making [TITLE] #PlayStation #Shorts,#PlayStation #Shorts #Gaming,https://cdn.playstation.com/thumb/c6bab6ab58c1.jpg,2025-11-19 20:00:00-08:00
188,2025-11-19,20,107,,BLOG_POST,[TITLE]: Everything you need to know,#PlayStation,https://cdn.playstation.com/thumb/9c7ad848c56b.jpg,2025-11-19 10:00:00-08:00
189,2025-11-19,20,105,1,YT_LONG,[TITLE] - Deep Dive with the Dev Team,#PlayStation,https://cdn.playstation.com/thumb/02016230b237.jpg,2025-11-19 11:00:00-08:00
190,2025-11-19,20,104,2,TT_TRENDING,gamers tell us their favorite PS5 moment,#PS5 #fyp #gamertok,https://cdn.playstation.com/thumb/c4cf736bda35.jpg,2025-11-19 16:00:00-08:00
191,2025-11-19,20,103,,TT_TRENDING,gamers tell us their favorite PS5 moment,#PS5 #fyp #gamertok,https://cdn.playstation.com/thumb/c4cf736bda35.jpg,2025-11-19 16:00:00-08:00
192,2025-11-19,20,103,,YT_SHORT,Behind the scenes: making [TITLE] #PlayStation #Shorts,#PlayStation #Shorts #Gaming,https://cdn.playstation.com/thumb/c6bab6ab58c1.jpg,2025-11-19 20:00:00-08:00
193,2025-11-19,20,103,,IG_STORY,Out now on PS5 🔥,#PlayStation,https://cdn.playstation.com/thumb/fb52d601960d.jpg,2025-11-19 10:00:00-08:00
194,2025-11-20,12,104,2,IG_REEL,POV: you finally got [TITLE] 🎮,#PlayStation #PS5 #Gaming,https://cdn.playstation.com/thumb/9946dfb82705.jpg,2025-11-20 15:00:00-08:00
195,2025-11-20,12,108,,IG_POST,Drop a 🎮 if you're playing [TITLE] this weekend,#PlayStation,https://cdn.playstation.com/thumb/cf868fde446f.jpg,2025-11-20 20:00:00-08:00
196,2025-11-20,12,105,1,TT_TRENDING,gamers tell us their favorite PS5 moment,#PS5 #fyp #gamertok,https://cdn.playstation.com/thumb/a31959d1dcd6.jpg,2025-11-20 12:00:00-08:00
197,2025-11-20,18,107,,TT_TRENDING,gamers tell us their favorite PS5 moment,#PS5 #fyp #gamertok,https://cdn.playstation.com/thumb/a31959d1dcd6.jpg,2025-11-20 12:00:00-08:00
198,2025-11-20,18,109,8,IG_STORY,Out now on PS5 🔥,#PlayStation,https://cdn.playstation.com/thumb/86012b10bd3d.jpg,2025-11-20 16:00:00-08:00
199,2025-11-20,18,101,,YT_LONG,[TITLE] - Deep Dive with the Dev Team,#PlayStation,https://cdn.playstation.com/thumb/80016d3bb652.jpg,2025-11-20 15:00:00-08:00
200,2025-11-20,19,104,2,BLOG_DEV_DIARY,Dev diary #7 - crafting [TITLE],#PlayStation,https://cdn.playstation.com/thumb/85677e76442f.jpg,2025-11-20 09:00:00-08:00
201,2025-11-20,19,109,8,IG_REEL,POV: you finally got [TITLE] 🎮,#PlayStation #PS5 #Gaming,https://cdn.playstation.com/thumb/9946dfb82705.jpg,2025-11-20 15:00:00-08:00
202,2025-11-20,19,102,,IG_POST,Drop a 🎮 if you're playing [TITLE] this weekend,#PlayStation,https://cdn.playstation.com/thumb/cf868fde446f.jpg,2025-11-20 20:00:00-08:00
203,2025-11-20,20,104,2,IG_REEL,POV: you finally got [TITLE] 🎮,#PlayStation #PS5 #Gaming,https://cdn.playstation.com/thumb/9946dfb82705.jpg,2025-11-20 15:00:00-08:00
204,2025-11-20,20,101,,BLOG_DEV_DIARY,Dev diary #7 - crafting [TITLE],#PlayStation,https://cdn.playstation.com/thumb/85677e76442f.jpg,2025-11-20 09:00:00-08:00
205,2025-11-21,12,103,,IG_STORY,Out now on PS5 🔥,#PlayStation,https://cdn.playstation.com/thumb/4351a33be872.jpg,2025-11-21 11:00:00-08:00
206,2025-11-21,19,107,,YT_LONG,[TITLE] - Deep Dive with the Dev Team,#PlayStation,https://cdn.playstation.com/thumb/befffba69257.jpg,2025-11-21 16:00:00-08:00
207,2025-11-21,19,103,,BLOG_POST,[TITLE]: Everything you need to know,#PlayStation,https://cdn.playstation.com/thumb/51a6c298d60d.jpg,2025-11-21 20:00:00-08:00
208,2025-11-21,19,104,2,IG_REEL,POV: you finally got [TITLE] 🎮,#PlayStation #PS5 #Gaming,https://cdn.playstation.com/thumb/ce0ae989b4d9.jpg,2025-11-21 16:00:00-08:00
209,2025-11-21,20,104,2,TT_TRENDING,gamers tell us their favorite PS5 moment,#PS5 #fyp #gamertok,https://cdn.playstation.com/thumb/e745bd38a728.jpg,2025-11-21 10:00:00-08:00
210,2025-11-21,20,103,,YT_TRAILER,[TITLE] - Official Launch Trailer | PS5,#PlayStation,https://cdn.playstation.com/thumb/b89bb9e363e2.jpg,2025-11-21 13:00:00-08:00
211,2025-11-21,20,103,,IG_REEL,POV: you finally got [TITLE] 🎮,#PlayStation #PS5 #Gaming,https://cdn.playstation.com/thumb/ce0ae989b4d9.jpg,2025-11-21 16:00:00-08:00
212,2025-11-22,12,102,,IG_REEL,POV: you finally got [TITLE] 🎮,#PlayStation #PS5 #Gaming,https://cdn.playstation.com/thumb/4631788336d5.jpg,2025-11-22 16:00:00-08:00
213,2025-11-22,12,104,2,TT_TRENDING,gamers tell us their favorite PS5 moment,#PS5 #fyp #gamertok,https://cdn.playstation.com/thumb/05237a3cb54c.jpg,2025-11-22 17:00:00-08:00
214,2025-11-22,12,102,,TT_VIDEO,when the [TITLE] cutscene hits different,#PlayStation #fyp #gaming,https://cdn.playstation.com/thumb/f57386918773.jpg,2025-11-22 17:00:00-08:00
215,2025-11-22,12,104,2,YT_SHORT,Behind the scenes: making [TITLE] #PlayStation #Shorts,#PlayStation #Shorts #Gaming,https://cdn.playstation.com/thumb/bceef74d1c4d.jpg,2025-11-22 20:00:00-08:00
216,2025-11-22,12,102,,YT_LONG,[TITLE] - Deep Dive with the Dev Team,#PlayStation,https://cdn.playstation.com/thumb/7efe6d2ecf95.jpg,2025-11-22 09:00:00-08:00
217,2025-11-22,18,108,,TT_VIDEO,when the [TITLE] cutscene hits different,#PlayStation #fyp #gaming,https://cdn.playstation.com/thumb/f57386918773.jpg,2025-11-22 17:00:00-08:00
218,2025-11-22,18,103,,BLOG_POST,[TITLE]: Everything you need to know,#PlayStation,https://cdn.playstation.com/thumb/729b607cb454.jpg,2025-11-22 20:00:00-08:00
219,2025-11-22,18,107,,YT_SHORT,Behind the scenes: making [TITLE] #PlayStation #Shorts,#PlayStation #Shorts #Gaming,https://cdn.playstation.com/thumb/bceef74d1c4d.jpg,2025-11-22 20:00:00-08:00
220,2025-11-22,18,108,,YT_LONG,[TITLE] - Deep Dive with the Dev Team,#PlayStation,https://cdn.playstation.com/thumb/7efe6d2ecf95.jpg,2025-11-22 09:00:00-08:00
221,2025-11-22,18,105,1,IG_STORY,Out now on PS5 🔥,#PlayStation,https://cdn.playstation.com/thumb/65308cf9c1d2.jpg,2025-11-22 16:00:00-08:00
222,2025-11-22,18,107,,YT_TRAILER,[TITLE] - Official Launch Trailer | PS5,#PlayStation,https://cdn.playstation.com/thumb/47fa74afd69f.jpg,2025-11-22 13:00:00-08:00
223,2025-11-22,19,102,,YT_SHORT,Behind the scenes: making [TITLE] #PlayStation #Shorts,#PlayStation #Shorts #Gaming,https://cdn.playstation.com/thumb/bceef74d1c4d.jpg,2025-11-22 20:00:00-08:00
224,2025-11-22,19,101,,TT_VIDEO,when the [TITLE] cutscene hits different,#PlayStation #fyp #gaming,https://cdn.playstation.com/thumb/f57386918773.jpg,2025-11-22 17:00:00-08:00
225,2025-11-22,19,107,,IG_POST,Drop a 🎮 if you're playing [TITLE] this weekend,#PlayStation,https://cdn.playstation.com/thumb/b28a567a2522.jpg,2025-11-22 10:00:00-08:00
226,2025-11-22,20,104,2,YT_SHORT,Behind the scenes: making [TITLE] #PlayStation #Shorts,#PlayStation #Shorts #Gaming,https://cdn.playstation.com/thumb/bceef74d1c4d.jpg,2025-11-22 20:00:00-08:00
227,2025-11-22,20,108,,TT_VIDEO,when the [TITLE] cutscene hits different,#PlayStation #fyp #gaming,https://cdn.playstation.com/thumb/f57386918773.jpg,2025-11-22 17:00:00-08:00
228,2025-11-23,12,101,,TT_TRENDING,gamers tell us their favorite PS5 moment,#PS5 #fyp #gamertok,https://cdn.playstation.com/thumb/3168b0f70b31.jpg,2025-11-23 18:00:00-08:00
229,2025-11-23,12,108,,BLOG_DEV_DIARY,Dev diary #7 - crafting [TITLE],#PlayStation,https://cdn.playstation.com/thumb/ffb1f5206159.jpg,2025-11-23 11:00:00-08:00
230,2025-11-23,12,103,,YT_LONG,[TITLE] - Deep Dive with the Dev Team,#PlayStation,https://cdn.playstation.com/thumb/01d7352af9ea.jpg,2025-11-23 11:00:00-08:00
231,2025-11-23,18,105,1,IG_STORY,Out now on PS5 🔥,#PlayStation,https://cdn.playstation.com/thumb/9d08debad597.jpg,2025-11-23 11:00:00-08:00
232,2025-11-23,19,108,,TT_TRENDING,gamers tell us their favorite PS5 moment,#PS5 #fyp #gamertok,https://cdn.playstation.com/thumb/3168b0f70b31.jpg,2025-11-23 18:00:00-08:00
233,2025-11-23,19,107,,TT_TRENDING,gamers tell us their favorite PS5 moment,#PS5 #fyp #gamertok,https://cdn.playstation.com/thumb/3168b0f70b31.jpg,2025-11-23 18:00:00-08:00
234,2025-11-23,20,102,,TT_VIDEO,when the [TITLE] cutscene hits different,#PlayStation #fyp #gaming,https://cdn.playstation.com/thumb/f910c12c0fb7.jpg,2025-11-23 11:00:00-08:00
235,2025-11-23,20,109,8,IG_REEL,POV: you finally got [TITLE] 🎮,#PlayStation #PS5 #Gaming,https://cdn.playstation.com/thumb/00946da1fe86.jpg,2025-11-23 12:00:00-08:00
236,2025-11-23,20,102,,IG_POST,Drop a 🎮 if you're playing [TITLE] this weekend,#PlayStation,https://cdn.playstation.com/thumb/5098d22fc2c5.jpg,2025-11-23 17:00:00-08:00
237,2025-11-24,12,101,,IG_POST,Drop a 🎮 if you're playing [TITLE] this weekend,#PlayStation,https://cdn.playstation.com/thumb/fc72e59ab6ea.jpg,2025-11-24 09:00:00-08:00
238,2025-11-24,12,109,8,YT_TRAILER,[TITLE] - Official Launch Trailer | PS5,#PlayStation,https://cdn.playstation.com/thumb/5192ffc8c822.jpg,2025-11-24 16:00:00-08:00
239,2025-11-24,12,103,,YT_TRAILER,[TITLE] - Official Launch Trailer | PS5,#PlayStation,https://cdn.playstation.com/thumb/5192ffc8c822.jpg,2025-11-24 16:00:00-08:00
240,2025-11-24,12,101,,BLOG_POST,[TITLE]: Everything you need to know,#PlayStation,https://cdn.playstation.com/thumb/13a4a8183d16.jpg,2025-11-24 09:00:00-08:00
241,2025-11-24,12,103,,TT_TRENDING,gamers tell us their favorite PS5 moment,#PS5 #fyp #gamertok,https://cdn.playstation.com/thumb/65b428d8634a.jpg,2025-11-24 14:00:00-08:00
242,2025-11-24,12,103,,BLOG_POST,[TITLE]: Everything you need to know,#PlayStation,https://cdn.playstation.com/thumb/13a4a8183d16.jpg,2025-11-24 09:00:00-08:00
243,2025-11-24,12,103,,IG_REEL,POV: you finally got [TITLE] 🎮,#PlayStation #PS5 #Gaming,https://cdn.playstation.com/thumb/78ccb46f4a3a.jpg,2025-11-24 19:00:00-08:00
244,2025-11-24,18,103,,TT_VIDEO,when the [TITLE] cutscene hits different,#PlayStation #fyp #gaming,https://cdn.playstation.com/thumb/674c64ce00cf.jpg,2025-11-24 09:00:00-08:00
245,2025-11-24,19,105,1,IG_REEL,POV: you finally got [TITLE] 🎮,#PlayStation #PS5 #Gaming,https://cdn.playstation.com/thumb/78ccb46f4a3a.jpg,2025-11-24 19:00:00-08:00
246,2025-11-24,19,101,,TT_VIDEO,when the [TITLE] cutscene hits different,#PlayStation #fyp #gaming,https://cdn.playstation.com/thumb/674c64ce00cf.jpg,2025-11-24 09:00:00-08:00
247,2025-11-24,19,101,,IG_STORY,Out now on PS5 🔥,#PlayStation,https://cdn.playstation.com/thumb/f082c9d1fe2c.jpg,2025-11-24 18:00:00-08:00
248,2025-11-24,20,101,,BLOG_POST,[TITLE]: Everything you need to know,#PlayStation,https://cdn.playstation.com/thumb/13a4a8183d16.jpg,2025-11-24 09:00:00-08:00
249,2025-11-24,20,108,,BLOG_POST,[TITLE]: Everything you need to know,#PlayStation,https://cdn.playstation.com/thumb/13a4a8183d16.jpg,2025-11-24 09:00:00-08:00
250,2025-11-24,20,102,,IG_REEL,POV: you finally got [TITLE] 🎮,#PlayStation #PS5 #Gaming,https://cdn.playstation.com/thumb/78ccb46f4a3a.jpg,2025-11-24 19:00:00-08:00
251,2025-11-25,12,102,,YT_TRAILER,[TITLE] - Official Launch Trailer | PS5,#PlayStation,https://cdn.playstation.com/thumb/811131238bf4.jpg,2025-11-25 11:00:00-08:00
252,2025-11-25,12,102,,YT_LONG,[TITLE] - Deep Dive with the Dev Team,#PlayStation,https://cdn.playstation.com/thumb/51340c2e1d83.jpg,2025-11-25 09:00:00-08:00
253,2025-11-25,12,105,1,IG_POST,Drop a 🎮 if you're playing [TITLE] this weekend,#PlayStation,https://cdn.playstation.com/thumb/95cac90dc2c1.jpg,2025-11-25 19:00:00-08:00
254,2025-11-25,18,104,2,TT_TRENDING,gamers tell us their favorite PS5 moment,#PS5 #fyp #gamertok,https://cdn.playstation.com/thumb/b9deb8e212a0.jpg,2025-11-25 09:00:00-08:00
255,2025-11-25,18,103,,BLOG_DEV_DIARY,Dev diary #7 - crafting [TITLE],#PlayStation,https://cdn.playstation.com/thumb/129cbf0b81ab.jpg,2025-11-25 14:00:00-08:00
256,2025-11-25,18,104,2,YT_SHORT,Behind the scenes: making [TITLE] #PlayStation #Shorts,#PlayStation #Shorts #Gaming,https://cdn.playstation.com/thumb/6f7ae75c52f2.jpg,2025-11-25 11:00:00-08:00
257,2025-11-25,18,108,,YT_LONG,[TITLE] - Deep Dive with the Dev Team,#PlayStation,https://cdn.playstation.com/thumb/51340c2e1d83.jpg,2025-11-25 09:00:00-08:00
258,2025-11-25,18,103,,IG_STORY,Out now on PS5 🔥,#PlayStation,https://cdn.playstation.com/thumb/680a037512b2.jpg,2025-11-25 11:00:00-08:00
259,2025-11-25,20,103,,TT_TRENDING,gamers tell us their favorite PS5 moment,#PS5 #fyp #gamertok,https://cdn.playstation.com/thumb/b9deb8e212a0.jpg,2025-11-25 09:00:00-08:00
260,2025-11-25,20,104,2,IG_POST,Drop a 🎮 if you're playing [TITLE] this weekend,#PlayStation,https://cdn.playstation.com/thumb/95cac90dc2c1.jpg,2025-11-25 19:00:00-08:00
261,2025-11-25,20,105,1,BLOG_DEV_DIARY,Dev diary #7 - crafting [TITLE],#PlayStation,https://cdn.playstation.com/thumb/129cbf0b81ab.jpg,2025-11-25 14:00:00-08:00
262,2025-11-25,20,103,,BLOG_DEV_DIARY,Dev diary #7 - crafting [TITLE],#PlayStation,https://cdn.playstation.com/thumb/129cbf0b81ab.jpg,2025-11-25 14:00:00-08:00
263,2025-11-25,20,101,,IG_STORY,Out now on PS5 🔥,#PlayStation,https://cdn.playstation.com/thumb/680a037512b2.jpg,2025-11-25 11:00:00-08:00
264,2025-11-26,12,108,,IG_REEL,POV: you finally got [TITLE] 🎮,#PlayStation #PS5 #Gaming,https://cdn.playstation.com/thumb/1bcd2eedb79d.jpg,2025-11-26 13:00:00-08:00
265,2025-11-26,12,104,2,BLOG_POST,[TITLE]: Everything you need to know,#PlayStation,https://cdn.playstation.com/thumb/3bc7ae776954.jpg,2025-11-26 11:00:00-08:00
266,2025-11-26,12,108,,YT_LONG,[TITLE] - Deep Dive with the Dev Team,#PlayStation,https://cdn.playstation.com/thumb/c277426c67d8.jpg,2025-11-26 13:00:00-08:00
267,2025-11-26,12,108,,YT_SHORT,Behind the scenes: making [TITLE] #PlayStation #Shorts,#PlayStation #Shorts #Gaming,https://cdn.playstation.com/thumb/8e788b86bdfe.jpg,2025-11-26 10:00:00-08:00
268,2025-11-26,18,104,2,YT_TRAILER,[TITLE] - Official Launch Trailer | PS5,#PlayStation,https://cdn.playstation.com/thumb/547a1ff09892.jpg,2025-11-26 16:00:00-08:00
269,2025-11-26,18,109,8,BLOG_POST,[TITLE]: Everything you need to know,#PlayStation,https://cdn.playstation.com/thumb/3bc7ae776954.jpg,2025-11-26 11:00:00-08:00
270,2025-11-26,19,103,,YT_LONG,[TITLE] - Deep Dive with the Dev Team,#PlayStation,https://cdn.playstation.com/thumb/c277426c67d8.jpg,2025-11-26 13:00:00-08:00
271,2025-11-26,19,108,,YT_SHORT,Behind the scenes: making [TITLE] #PlayStation #Shorts,#PlayStation #Shorts #Gaming,https://cdn.playstation.com/thumb/8e788b86bdfe.jpg,2025-11-26 10:00:00-08:00
272,2025-11-26,20,107,,TT_VIDEO,when the [TITLE] cutscene hits different,#PlayStation #fyp #gaming,https://cdn.playstation.com/thumb/a7dbf886da56.jpg,2025-11-26 19:00:00-08:00
273,2025-11-26,20,102,,TT_VIDEO,when the [TITLE] cutscene hits different,#PlayStation #fyp #gaming,https://cdn.playstation.com/thumb/a7dbf886da56.jpg,2025-11-26 19:00:00-08:00
274,2025-11-27,12,103,,IG_POST,Drop a 🎮 if you're playing [TITLE] this weekend,#PlayStation,https://cdn.playstation.com/thumb/30eed66271ff.jpg,2025-11-27 09:00:00-08:00
275,2025-11-27,12,108,,YT_LONG,[TITLE] - Deep Dive with the Dev Team,#PlayStation,https://cdn.playstation.com/thumb/0275a6030457.jpg,2025-11-27 13:00:00-08:00
276,2025-11-27,18,103,,IG_REEL,POV: you finally got [TITLE] 🎮,#PlayStation #PS5 #Gaming,https://cdn.playstation.com/thumb/02e92b21f091.jpg,2025-11-27 15:00:00-08:00
277,2025-11-27,18,103,,YT_TRAILER,[TITLE] - Official Launch Trailer | PS5,#PlayStation,https://cdn.playstation.com/thumb/8161289a8f61.jpg,2025-11-27 17:00:00-08:00
278,2025-11-27,19,101,,TT_TRENDING,gamers tell us their favorite PS5 moment,#PS5 #fyp #gamertok,https://cdn.playstation.com/thumb/eba6c6fea922.jpg,2025-11-27 09:00:00-08:00
279,2025-11-27,20,101,,YT_TRAILER,[TITLE] - Official Launch Trailer | PS5,#PlayStation,https://cdn.playstation.com/thumb/8161289a8f61.jpg,2025-11-27 17:00:00-08:00
280,2025-11-27,20,102,,BLOG_DEV_DIARY,Dev diary #7 - crafting [TITLE],#PlayStation,https://cdn.playstation.com/thumb/fa6fa862c565.jpg,2025-11-27 10:00:00-08:00
281,2025-11-27,20,103,,YT_LONG,[TITLE] - Deep Dive with the Dev Team,#PlayStation,https://cdn.playstation.com/thumb/0275a6030457.jpg,2025-11-27 13:00:00-08:00
282,2025-11-27,20,105,1,IG_REEL,POV: you finally got [TITLE] 🎮,#PlayStation #PS5 #Gaming,https://cdn.playstation.com/thumb/02e92b21f091.jpg,2025-11-27 15:00:00-08:00
283,2025-11-27,20,103,,TT_TRENDING,gamers tell us their favorite PS5 moment,#PS5 #fyp #gamertok,https://cdn.playstation.com/thumb/eba6c6fea922.jpg,2025-11-27 09:00:00-08:00
284,2025-11-28,12,101,,BLOG_POST,[TITLE]: Everything you need to know,#PlayStation,https://cdn.playstation.com/thumb/c285617b444d.jpg,2025-11-28 12:00:00-08:00
285,2025-11-28,12,104,2,YT_SHORT,Behind the scenes: making [TITLE] #PlayStation #Shorts,#PlayStation #Shorts #Gaming,https://cdn.playstation.com/thumb/10e48f348f38.jpg,2025-11-28 13:00:00-08:00
286,2025-11-28,12,105,1,IG_STORY,Out now on PS5 🔥,#PlayStation,https://cdn.playstation.com/thumb/34e0053afde7.jpg,2025-11-28 19:00:00-08:00
287,2025-11-28,12,104,2,BLOG_POST,[TITLE]: Everything you need to know,#PlayStation,https://cdn.playstation.com/thumb/c285617b444d.jpg,2025-11-28 12:00:00-08:00
288,2025-11-28,12,103,,YT_LONG,[TITLE] - Deep Dive with the Dev Team,#PlayStation,https://cdn.playstation.com/thumb/82809b6c465b.jpg,2025-11-28 14:00:00-08:00
289,2025-11-28,12,109,8,TT_VIDEO,when the [TITLE] cutscene hits different,#PlayStation #fyp #gaming,https://cdn.playstation.com/thumb/c7574cff1723.jpg,2025-11-28 20:00:00-08:00
290,2025-11-28,18,102,,YT_SHORT,Behind the scenes: making [TITLE] #PlayStation #Shorts,#PlayStation #Shorts #Gaming,https://cdn.playstation.com/thumb/10e48f348f38.jpg,2025-11-28 13:00:00-08:00
291,2025-11-28,18,102,,TT_TRENDING,gamers tell us their favorite PS5 moment,#PS5 #fyp #gamertok,https://cdn.playstation.com/thumb/5aaa73490bdb.jpg,2025-11-28 20:00:00-08:00
292,2025-11-28,18,107,,YT_LONG,[TITLE] - Deep Dive with the Dev Team,#PlayStation,https://cdn.playstation.com/thumb/82809b6c465b.jpg,2025-11-28 14:00:00-08:00
293,2025-11-28,18,107,,IG_POST,Drop a 🎮 if you're playing [TITLE] this weekend,#PlayStation,https://cdn.playstation.com/thumb/7ee5a75760bd.jpg,2025-11-28 18:00:00-08:00
294,2025-11-28,18,101,,IG_STORY,Out now on PS5 🔥,#PlayStation,https://cdn.playstation.com/thumb/34e0053afde7.jpg,2025-11-28 19:00:00-08:00
295,2025-11-28,19,104,2,YT_SHORT,Behind the scenes: making [TITLE] #PlayStation #Shorts,#PlayStation #Shorts #Gaming,https://cdn.playstation.com/thumb/10e48f348f38.jpg,2025-11-28 13:00:00-08:00
296,2025-11-28,19,103,,IG_STORY,Out now on PS5 🔥,#PlayStation,https://cdn.playstation.com/thumb/34e0053afde7.jpg,2025-11-28 19:00:00-08:00
297,2025-11-28,19,104,2,YT_TRAILER,[TITLE] - Official Launch Trailer | PS5,#PlayStation,https://cdn.playstation.com/thumb/bbc0f9d66e6e.jpg,2025-11-28 19:00:00-08:00
298,2025-11-28,19,103,,YT_SHORT,Behind the scenes: making [TITLE] #PlayStation #Shorts,#PlayStation #Shorts #Gaming,https://cdn.playstation.com/thumb/10e48f348f38.jpg,2025-11-28 13:00:00-08:00
299,2025-11-28,19,105,1,IG_POST,Drop a 🎮 if you're playing [TITLE] this weekend,#PlayStation,https://cdn.playstation.com/thumb/7ee5a75760bd.jpg,2025-11-28 18:00:00-08:00
300,2025-11-28,19,105,1,IG_STORY,Out now on PS5 🔥,#PlayStation,https://cdn.playstation.com/thumb/34e0053afde7.jpg,2025-11-28 19:00:00-08:00
301,2025-11-28,19,102,,YT_TRAILER,[TITLE] - Official Launch Trailer | PS5,#PlayStation,https://cdn.playstation.com/thumb/bbc0f9d66e6e.jpg,2025-11-28 19:00:00-08:00
302,2025-11-28,19,109,8,IG_REEL,POV: you finally got [TITLE] 🎮,#PlayStation #PS5 #Gaming,https://cdn.playstation.com/thumb/9040d857ffef.jpg,2025-11-28 14:00:00-08:00
303,2025-11-28,20,104,2,IG_POST,Drop a 🎮 if you're playing [TITLE] this weekend,#PlayStation,https://cdn.playstation.com/thumb/7ee5a75760bd.jpg,2025-11-28 18:00:00-08:00
304,2025-11-28,20,107,,YT_LONG,[TITLE] - Deep Dive with the Dev Team,#PlayStation,https://cdn.playstation.com/thumb/82809b6c465b.jpg,2025-11-28 14:00:00-08:00
305,2025-11-28,20,101,,YT_SHORT,Behind the scenes: making [TITLE] #PlayStation #Shorts,#PlayStation #Shorts #Gaming,https://cdn.playstation.com/thumb/10e48f348f38.jpg,2025-11-28 13:00:00-08:00
306,2025-11-28,20,104,2,BLOG_DEV_DIARY,Dev diary #7 - crafting [TITLE],#PlayStation,https://cdn.playstation.com/thumb/fd08584fca01.jpg,2025-11-28 14:00:00-08:00
307,2025-11-28,20,102,,TT_VIDEO,when the [TITLE] cutscene hits different,#PlayStation #fyp #gaming,https://cdn.playstation.com/thumb/c7574cff1723.jpg,2025-11-28 20:00:00-08:00
308,2025-11-28,20,102,,IG_STORY,Out now on PS5 🔥,#PlayStation,https://cdn.playstation.com/thumb/34e0053afde7.jpg,2025-11-28 19:00:00-08:00
309,2025-11-28,20,103,,BLOG_POST,[TITLE]: Everything you need to know,#PlayStation,https://cdn.playstation.com/thumb/c285617b444d.jpg,2025-11-28 12:00:00-08:00
310,2025-11-28,20,108,,IG_POST,Drop a 🎮 if you're playing [TITLE] this weekend,#PlayStation,https://cdn.playstation.com/thumb/7ee5a75760bd.jpg,2025-11-28 18:00:00-08:00
311,2025-11-29,12,104,2,TT_VIDEO,when the [TITLE] cutscene hits different,#PlayStation #fyp #gaming,https://cdn.playstation.com/thumb/03ce2feea54b.jpg,2025-11-29 13:00:00-08:00
312,2025-11-29,12,105,1,IG_STORY,Out now on PS5 🔥,#PlayStation,https://cdn.playstation.com/thumb/9eb8b6caae59.jpg,2025-11-29 11:00:00-08:00
313,2025-11-29,12,102,,IG_REEL,POV: you finally got [TITLE] 🎮,#PlayStation #PS5 #Gaming,https://cdn.playstation.com/thumb/23b605a8104b.jpg,2025-11-29 09:00:00-08:00
314,2025-11-29,12,109,8,YT_TRAILER,[TITLE] - Official Launch Trailer | PS5,#PlayStation,https://cdn.playstation.com/thumb/938e4326c9f2.jpg,2025-11-29 13:00:00-08:00
315,2025-11-29,12,101,,IG_POST,Drop a 🎮 if you're playing [TITLE] this weekend,#PlayStation,https://cdn.playstation.com/thumb/128eacc097ca.jpg,2025-11-29 09:00:00-08:00
316,2025-11-29,12,102,,BLOG_DEV_DIARY,Dev diary #7 - crafting [TITLE],#PlayStation,https://cdn.playstation.com/thumb/719a8954f36a.jpg,2025-11-29 13:00:00-08:00
317,2025-11-29,18,104,2,IG_STORY,Out now on PS5 🔥,#PlayStation,https://cdn.playstation.com/thumb/9eb8b6caae59.jpg,2025-11-29 11:00:00-08:00
318,2025-11-29,18,104,2,TT_VIDEO,when the [TITLE] cutscene hits different,#PlayStation #fyp #gaming,https://cdn.playstation.com/thumb/03ce2feea54b.jpg,2025-11-29 13:00:00-08:00
319,2025-11-29,18,105,1,IG_POST,Drop a 🎮 if you're playing [TITLE] this weekend,#PlayStation,https://cdn.playstation.com/thumb/128eacc097ca.jpg,2025-11-29 09:00:00-08:00
320,2025-11-29,18,105,1,YT_LONG,[TITLE] - Deep Dive with the Dev Team,#PlayStation,https://cdn.playstation.com/thumb/ce9d95732bea.jpg,2025-11-29 10:00:00-08:00
321,2025-11-29,18,107,,BLOG_POST,[TITLE]: Everything you need to know,#PlayStation,https://cdn.playstation.com/thumb/7bf5725acc2a.jpg,2025-11-29 17:00:00-08:00
322,2025-11-29,18,107,,IG_REEL,POV: you finally got [TITLE] 🎮,#PlayStation #PS5 #Gaming,https://cdn.playstation.com/thumb/23b605a8104b.jpg,2025-11-29 09:00:00-08:00
323,2025-11-29,18,108,,BLOG_DEV_DIARY,Dev diary #7 - crafting [TITLE],#PlayStation,https://cdn.playstation.com/thumb/719a8954f36a.jpg,2025-11-29 13:00:00-08:00
324,2025-11-29,18,104,2,YT_LONG,[TITLE] - Deep Dive with the Dev Team,#PlayStation,https://cdn.playstation.com/thumb/ce9d95732bea.jpg,2025-11-29 10:00:00-08:00
325,2025-11-29,18,101,,IG_POST,Drop a 🎮 if you're playing [TITLE] this weekend,#PlayStation,https://cdn.playstation.com/thumb/128eacc097ca.jpg,2025-11-29 09:00:00-08:00
326,2025-11-29,19,108,,IG_STORY,Out now on PS5 🔥,#PlayStation,https://cdn.playstation.com/thumb/9eb8b6caae59.jpg,2025-11-29 11:00:00-08:00
327,2025-11-29,19,102,,IG_POST,Drop a 🎮 if you're playing [TITLE] this weekend,#PlayStation,https://cdn.playstation.com/thumb/128eacc097ca.jpg,2025-11-29 09:00:00-08:00
328,2025-11-29,19,105,1,YT_SHORT,Behind the scenes: making [TITLE] #PlayStation #Shorts,#PlayStation #Shorts #Gaming,https://cdn.playstation.com/thumb/4bc3601c916a.jpg,2025-11-29 18:00:00-08:00
329,2025-11-29,19,109,8,YT_LONG,[TITLE] - Deep Dive with the Dev Team,#PlayStation,https://cdn.playstation.com/thumb/ce9d95732bea.jpg,2025-11-29 10:00:00-08:00
330,2025-11-29,20,103,,TT_VIDEO,when the [TITLE] cutscene hits different,#PlayStation #fyp #gaming,https://cdn.playstation.com/thumb/03ce2feea54b.jpg,2025-11-29 13:00:00-08:00
331,2025-11-29,20,103,,YT_TRAILER,[TITLE] - Official Launch Trailer | PS5,#PlayStation,https://cdn.playstation.com/thumb/938e4326c9f2.jpg,2025-11-29 13:00:00-08:00
332,2025-11-29,20,108,,YT_LONG,[TITLE] - Deep Dive with the Dev Team,#PlayStation,https://cdn.playstation.com/thumb/ce9d95732bea.jpg,2025-11-29 10:00:00-08:00
333,2025-11-29,20,107,,TT_TRENDING,gamers tell us their favorite PS5 moment,#PS5 #fyp #gamertok,https://cdn.playstation.com/thumb/4833cd29a8e4.jpg,2025-11-29 12:00:00-08:00
334,2025-11-29,20,108,,IG_STORY,Out now on PS5 🔥,#PlayStation,https://cdn.playstation.com/thumb/9eb8b6caae59.jpg,2025-11-29 11:00:00-08:00
335,2025-11-29,20,102,,YT_LONG,[TITLE] - Deep Dive with the Dev Team,#PlayStation,https://cdn.playstation.com/thumb/ce9d95732bea.jpg,2025-11-29 10:00:00-08:00
336,2025-11-29,20,104,2,IG_POST,Drop a 🎮 if you're playing [TITLE] this weekend,#PlayStation,https://cdn.playstation.com/thumb/128eacc097ca.jpg,2025-11-29 09:00:00-08:00
337,2025-11-30,12,109,8,BLOG_POST,[TITLE]: Everything you need to know,#PlayStation,https://cdn.playstation.com/thumb/b0cc8a04f54e.jpg,2025-11-30 09:00:00-08:00
338,2025-11-30,12,108,,TT_VIDEO,when the [TITLE] cutscene hits different,#PlayStation #fyp #gaming,https://cdn.playstation.com/thumb/465bb33acbaf.jpg,2025-11-30 11:00:00-08:00
339,2025-11-30,12,104,2,TT_TRENDING,gamers tell us their favorite PS5 moment,#PS5 #fyp #gamertok,https://cdn.playstation.com/thumb/de626f5b41d9.jpg,2025-11-30 15:00:00-08:00
340,2025-11-30,12,105,1,BLOG_POST,[TITLE]: Everything you need to know,#PlayStation,https://cdn.playstation.com/thumb/b0cc8a04f54e.jpg,2025-11-30 09:00:00-08:00
341,2025-11-30,12,102,,BLOG_DEV_DIARY,Dev diary #7 - crafting [TITLE],#PlayStation,https://cdn.playstation.com/thumb/940187fff8dd.jpg,2025-11-30 20:00:00-08:00
342,2025-11-30,18,109,8,IG_POST,Drop a 🎮 if you're playing [TITLE] this weekend,#PlayStation,https://cdn.playstation.com/thumb/69ef5b0a6fd3.jpg,2025-11-30 17:00:00-08:00
343,2025-11-30,18,101,,TT_VIDEO,when the [TITLE] cutscene hits different,#PlayStation #fyp #gaming,https://cdn.playstation.com/thumb/465bb33acbaf.jpg,2025-11-30 11:00:00-08:00
344,2025-11-30,18,105,1,IG_POST,Drop a 🎮 if you're playing [TITLE] this weekend,#PlayStation,https://cdn.playstation.com/thumb/69ef5b0a6fd3.jpg,2025-11-30 17:00:00-08:00
345,2025-11-30,18,107,,BLOG_DEV_DIARY,Dev diary #7 - crafting [TITLE],#PlayStation,https://cdn.playstation.com/thumb/940187fff8dd.jpg,2025-11-30 20:00:00-08:00
346,2025-11-30,18,101,,IG_POST,Drop a 🎮 if you're playing [TITLE] this weekend,#PlayStation,https://cdn.playstation.com/thumb/69ef5b0a6fd3.jpg,2025-11-30 17:00:00-08:00
347,2025-11-30,18,105,1,YT_LONG,[TITLE] - Deep Dive with the Dev Team,#PlayStation,https://cdn.playstation.com/thumb/0c3fd622e892.jpg,2025-11-30 12:00:00-08:00
348,2025-11-30,18,103,,YT_LONG,[TITLE] - Deep Dive with the Dev Team,#PlayStation,https://cdn.playstation.com/thumb/0c3fd622e892.jpg,2025-11-30 12:00:00-08:00
349,2025-11-30,18,101,,YT_TRAILER,[TITLE] - Official Launch Trailer | PS5,#PlayStation,https://cdn.playstation.com/thumb/ce0d6175c3fa.jpg,2025-11-30 10:00:00-08:00
350,2025-11-30,18,103,,IG_REEL,POV: you finally got [TITLE] 🎮,#PlayStation #PS5 #Gaming,https://cdn.playstation.com/thumb/d767592ae5d9.jpg,2025-11-30 20:00:00-08:00
351,2025-11-30,19,105,1,YT_TRAILER,[TITLE] - Official Launch Trailer | PS5,#PlayStation,https://cdn.playstation.com/thumb/ce0d6175c3fa.jpg,2025-11-30 10:00:00-08:00
352,2025-11-30,19,105,1,TT_TRENDING,gamers tell us their favorite PS5 moment,#PS5 #fyp #gamertok,https://cdn.playstation.com/thumb/de626f5b41d9.jpg,2025-11-30 15:00:00-08:00
353,2025-11-30,19,108,,YT_SHORT,Behind the scenes: making [TITLE] #PlayStation #Shorts,#PlayStation #Shorts #Gaming,https://cdn.playstation.com/thumb/1ac50aed62db.jpg,2025-11-30 12:00:00-08:00
354,2025-11-30,19,102,,TT_VIDEO,when the [TITLE] cutscene hits different,#PlayStation #fyp #gaming,https://cdn.playstation.com/thumb/465bb33acbaf.jpg,2025-11-30 11:00:00-08:00
355,2025-11-30,19,104,2,YT_LONG,[TITLE] - Deep Dive with the Dev Team,#PlayStation,https://cdn.playstation.com/thumb/0c3fd622e892.jpg,2025-11-30 12:00:00-08:00
356,2025-11-30,19,109,8,BLOG_DEV_DIARY,Dev diary #7 - crafting [TITLE],#PlayStation,https://cdn.playstation.com/thumb/940187fff8dd.jpg,2025-11-30 20:00:00-08:00
357,2025-11-30,20,101,,TT_TRENDING,gamers tell us their favorite PS5 moment,#PS5 #fyp #gamertok,https://cdn.playstation.com/thumb/de626f5b41d9.jpg,2025-11-30 15:00:00-08:00
358,2025-11-30,20,108,,YT_LONG,[TITLE] - Deep Dive with the Dev Team,#PlayStation,https://cdn.playstation.com/thumb/0c3fd622e892.jpg,2025-11-30 12:00:00-08:00
359,2025-11-30,20,104,2,TT_TRENDING,gamers tell us their favorite PS5 moment,#PS5 #fyp #gamertok,https://cdn.playstation.com/thumb/de626f5b41d9.jpg,2025-11-30 15:00:00-08:00
360,2025-11-30,20,103,,YT_LONG,[TITLE] - Deep Dive with the Dev Team,#PlayStation,https://cdn.playstation.com/thumb/0c3fd622e892.jpg,2025-11-30 12:00:00-08:00
361,2025-11-30,20,104,2,YT_LONG,[TITLE] - Deep Dive with the Dev Team,#PlayStation,https://cdn.playstation.com/thumb/0c3fd622e892.jpg,2025-11-30 12:00:00-08:00
362,2025-11-30,20,107,,YT_LONG,[TITLE] - Deep Dive with the Dev Team,#PlayStation,https://cdn.playstation.com/thumb/0c3fd622e892.jpg,2025-11-30 12:00:00-08:00
363,2025-11-30,20,107,,BLOG_DEV_DIARY,Dev diary #7 - crafting [TITLE],#PlayStation,https://cdn.playstation.com/thumb/940187fff8dd.jpg,2025-11-30 20:00:00-08:00
364,2025-11-30,20,105,1,YT_LONG,[TITLE] - Deep Dive with the Dev Team,#PlayStation,https://cdn.playstation.com/thumb/0c3fd622e892.jpg,2025-11-30 12:00:00-08:00
365,2025-12-01,12,104,2,IG_STORY,Out now on PS5 🔥,#PlayStation,https://cdn.playstation.com/thumb/04704aa5daca.jpg,2025-12-01 19:00:00-08:00
366,2025-12-01,12,102,,IG_POST,Drop a 🎮 if you're playing [TITLE] this weekend,#PlayStation,https://cdn.playstation.com/thumb/1ac7cae01b91.jpg,2025-12-01 11:00:00-08:00
367,2025-12-01,12,101,,YT_LONG,[TITLE] - Deep Dive with the Dev Team,#PlayStation,https://cdn.playstation.com/thumb/0220f49886db.jpg,2025-12-01 17:00:00-08:00
368,2025-12-01,12,102,,BLOG_POST,[TITLE]: Everything you need to know,#PlayStation,https://cdn.playstation.com/thumb/c1c96b956221.jpg,2025-12-01 13:00:00-08:00
369,2025-12-01,12,102,,TT_VIDEO,when the [TITLE] cutscene hits different,#PlayStation #fyp #gaming,https://cdn.playstation.com/thumb/359910ef4d49.jpg,2025-12-01 12:00:00-08:00
370,2025-12-01,12,113,19,IG_STORY,Out now on PS5 🔥,#PlayStation,https://cdn.playstation.com/thumb/04704aa5daca.jpg,2025-12-01 19:00:00-08:00
371,2025-12-01,12,109,8,BLOG_POST,[TITLE]: Everything you need to know,#PlayStation,https://cdn.playstation.com/thumb/c1c96b956221.jpg,2025-12-01 13:00:00-08:00
372,2025-12-01,18,101,,IG_POST,Drop a 🎮 if you're playing [TITLE] this weekend,#PlayStation,https://cdn.playstation.com/thumb/1ac7cae01b91.jpg,2025-12-01 11:00:00-08:00
373,2025-12-01,18,103,,IG_REEL,POV: you finally got [TITLE] 🎮,#PlayStation #PS5 #Gaming,https://cdn.playstation.com/thumb/a3b27f5638c3.jpg,2025-12-01 17:00:00-08:00
374,2025-12-01,18,108,,TT_VIDEO,when the [TITLE] cutscene hits different,#PlayStation #fyp #gaming,https://cdn.playstation.com/thumb/359910ef4d49.jpg,2025-12-01 12:00:00-08:00
375,2025-12-01,18,103,,YT_LONG,[TITLE] - Deep Dive with the Dev Team,#PlayStation,https://cdn.playstation.com/thumb/0220f49886db.jpg,2025-12-01 17:00:00-08:00
376,2025-12-01,18,103,,TT_VIDEO,when the [TITLE] cutscene hits different,#PlayStation #fyp #gaming,https://cdn.playstation.com/thumb/359910ef4d49.jpg,2025-12-01 12:00:00-08:00
377,2025-12-01,18,108,,TT_TRENDING,gamers tell us their favorite PS5 moment,#PS5 #fyp #gamertok,https://cdn.playstation.com/thumb/37e8d0fd6fdf.jpg,2025-12-01 16:00:00-08:00
378,2025-12-01,18,102,,IG_POST,Drop a 🎮 if you're playing [TITLE] this weekend,#PlayStation,https://cdn.playstation.com/thumb/1ac7cae01b91.jpg,2025-12-01 11:00:00-08:00
379,2025-12-01,18,109,8,YT_TRAILER,[TITLE] - Official Launch Trailer | PS5,#PlayStation,https://cdn.playstation.com/thumb/3dcdcd7968b0.jpg,2025-12-01 13:00:00-08:00
380,2025-12-01,18,105,1,TT_TRENDING,gamers tell us their favorite PS5 moment,#PS5 #fyp #gamertok,https://cdn.playstation.com/thumb/37e8d0fd6fdf.jpg,2025-12-01 16:00:00-08:00
381,2025-12-01,18,102,,BLOG_POST,[TITLE]: Everything you need to know,#PlayStation,https://cdn.playstation.com/thumb/c1c96b956221.jpg,2025-12-01 13:00:00-08:00
382,2025-12-01,18,108,,BLOG_DEV_DIARY,Dev diary #7 - crafting [TITLE],#PlayStation,https://cdn.playstation.com/thumb/57b3a6636372.jpg,2025-12-01 18:00:00-08:00
383,2025-12-01,19,108,,IG_STORY,Out now on PS5 🔥,#PlayStation,https://cdn.playstation.com/thumb/04704aa5daca.jpg,2025-12-01 19:00:00-08:00
384,2025-12-01,19,109,8,IG_STORY,Out now on PS5 🔥,#PlayStation,https://cdn.playstation.com/thumb/04704aa5daca.jpg,2025-12-01 19:00:00-08:00
385,2025-12-01,19,109,8,YT_TRAILER,[TITLE] - Official Launch Trailer | PS5,#PlayStation,https://cdn.playstation.com/thumb/3dcdcd7968b0.jpg,2025-12-01 13:00:00-08:00
386,2025-12-01,19,102,,YT_SHORT,Behind the scenes: making [TITLE] #PlayStation #Shorts,#PlayStation #Shorts #Gaming,https://cdn.playstation.com/thumb/00e47a75bfbc.jpg,2025-12-01 20:00:00-08:00
387,2025-12-01,19,108,,TT_TRENDING,gamers tell us their favorite PS5 moment,#PS5 #fyp #gamertok,https://cdn.playstation.com/thumb/37e8d0fd6fdf.jpg,2025-12-01 16:00:00-08:00
388,2025-12-01,19,108,,YT_LONG,[TITLE] - Deep Dive with the Dev Team,#PlayStation,https://cdn.playstation.com/thumb/0220f49886db.jpg,2025-12-01 17:00:00-08:00
389,2025-12-01,19,105,1,IG_STORY,Out now on PS5 🔥,#PlayStation,https://cdn.playstation.com/thumb/04704aa5daca.jpg,2025-12-01 19:00:00-08:00
390,2025-12-01,19,105,1,IG_REEL,POV: you finally got [TITLE] 🎮,#PlayStation #PS5 #Gaming,https://cdn.playstation.com/thumb/a3b27f5638c3.jpg,2025-12-01 17:00:00-08:00
391,2025-12-01,20,113,19,BLOG_POST,[TITLE]: Everything you need to know,#PlayStation,https://cdn.playstation.com/thumb/c1c96b956221.jpg,2025-12-01 13:00:00-08:00
392,2025-12-01,20,102,,BLOG_DEV_DIARY,Dev diary #7 - crafting [TITLE],#PlayStation,https://cdn.playstation.com/thumb/57b3a6636372.jpg,2025-12-01 18:00:00-08:00
393,2025-12-01,20,105,1,YT_TRAILER,[TITLE] - Official Launch Trailer | PS5,#PlayStation,https://cdn.playstation.com/thumb/3dcdcd7968b0.jpg,2025-12-01 13:00:00-08:00
394,2025-12-01,20,102,,IG_REEL,POV: you finally got [TITLE] 🎮,#PlayStation #PS5 #Gaming,https://cdn.playstation.com/thumb/a3b27f5638c3.jpg,2025-12-01 17:00:00-08:00
395,2025-12-01,20,101,,IG_REEL,POV: you finally got [TITLE] 🎮,#PlayStation #PS5 #Gaming,https://cdn.playstation.com/thumb/a3b27f5638c3.jpg,2025-12-01 17:00:00-08:00
396,2025-12-01,20,107,,YT_LONG,[TITLE] - Deep Dive with the Dev Team,#PlayStation,https://cdn.playstation.com/thumb/0220f49886db.jpg,2025-12-01 17:00:00-08:00
397,2025-12-02,12,113,19,TT_TRENDING,gamers tell us their favorite PS5 moment,#PS5 #fyp #gamertok,https://cdn.playstation.com/thumb/f53ac4429257.jpg,2025-12-02 09:00:00-08:00
398,2025-12-02,12,109,8,IG_POST,Drop a 🎮 if you're playing [TITLE] this weekend,#PlayStation,https://cdn.playstation.com/thumb/a8022bc1948b.jpg,2025-12-02 10:00:00-08:00
399,2025-12-02,12,104,2,TT_VIDEO,when the [TITLE] cutscene hits different,#PlayStation #fyp #gaming,https://cdn.playstation.com/thumb/db441e53ae8f.jpg,2025-12-02 09:00:00-08:00
400,2025-12-02,12,107,,IG_STORY,Out now on PS5 🔥,#PlayStation,https://cdn.playstation.com/thumb/16db7565f1cb.jpg,2025-12-02 20:00:00-08:00
401,2025-12-02,12,103,,BLOG_DEV_DIARY,Dev diary #7 - crafting [TITLE],#PlayStation,https://cdn.playstation.com/thumb/a4f01ef203d9.jpg,2025-12-02 11:00:00-08:00
402,2025-12-02,12,105,1,IG_REEL,POV: you finally got [TITLE] 🎮,#PlayStation #PS5 #Gaming,https://cdn.playstation.com/thumb/b12d906fcb2d.jpg,2025-12-02 17:00:00-08:00
403,2025-12-02,12,113,19,IG_STORY,Out now on PS5 🔥,#PlayStation,https://cdn.playstation.com/thumb/16db7565f1cb.jpg,2025-12-02 20:00:00-08:00
404,2025-12-02,18,102,,TT_TRENDING,gamers tell us their favorite PS5 moment,#PS5 #fyp #gamertok,https://cdn.playstation.com/thumb/f53ac4429257.jpg,2025-12-02 09:00:00-08:00
405,2025-12-02,18,113,19,TT_TRENDING,gamers tell us their favorite PS5 moment,#PS5 #fyp #gamertok,https://cdn.playstation.com/thumb/f53ac4429257.jpg,2025-12-02 09:00:00-08:00
406,2025-12-02,18,103,,IG_STORY,Out now on PS5 🔥,#PlayStation,https://cdn.playstation.com/thumb/16db7565f1cb.jpg,2025-12-02 20:00:00-08:00
407,2025-12-02,18,108,,BLOG_POST,[TITLE]: Everything you need to know,#PlayStation,https://cdn.playstation.com/thumb/7770b577215d.jpg,2025-12-02 11:00:00-08:00
408,2025-12-02,18,105,1,IG_REEL,POV: you finally got [TITLE] 🎮,#PlayStation #PS5 #Gaming,https://cdn.playstation.com/thumb/b12d906fcb2d.jpg,2025-12-02 17:00:00-08:00
409,2025-12-02,18,104,2,TT_TRENDING,gamers tell us their favorite PS5 moment,#PS5 #fyp #gamertok,https://cdn.playstation.com/thumb/f53ac4429257.jpg,2025-12-02 09:00:00-08:00
410,2025-12-02,18,104,2,YT_TRAILER,[TITLE] - Official Launch Trailer | PS5,#PlayStation,https://cdn.playstation.com/thumb/1b7b6a96ecc9.jpg,2025-12-02 15:00:00-08:00
411,2025-12-02,19,103,,IG_REEL,POV: you finally got [TITLE] 🎮,#PlayStation #PS5 #Gaming,https://cdn.playstation.com/thumb/b12d906fcb2d.jpg,2025-12-02 17:00:00-08:00
412,2025-12-02,19,105,1,YT_TRAILER,[TITLE] - Official Launch Trailer | PS5,#PlayStation,https://cdn.playstation.com/thumb/1b7b6a96ecc9.jpg,2025-12-02 15:00:00-08:00
413,2025-12-02,19,103,,YT_SHORT,Behind the scenes: making [TITLE] #PlayStation #Shorts,#PlayStation #Shorts #Gaming,https://cdn.playstation.com/thumb/6162c5b36c1c.jpg,2025-12-02 15:00:00-08:00
414,2025-12-02,19,109,8,IG_STORY,Out now on PS5 🔥,#PlayStation,https://cdn.playstation.com/thumb/16db7565f1cb.jpg,2025-12-02 20:00:00-08:00
415,2025-12-02,19,102,,YT_LONG,[TITLE] - Deep Dive with the Dev Team,#PlayStation,https://cdn.playstation.com/thumb/80c99065df99.jpg,2025-12-02 16:00:00-08:00
416,2025-12-02,19,103,,IG_STORY,Out now on PS5 🔥,#PlayStation,https://cdn.playstation.com/thumb/16db7565f1cb.jpg,2025-12-02 20:00:00-08:00
417,2025-12-02,19,107,,TT_TRENDING,gamers tell us their favorite PS5 moment,#PS5 #fyp #gamertok,https://cdn.playstation.com/thumb/f53ac4429257.jpg,2025-12-02 09:00:00-08:00
418,2025-12-02,20,109,8,BLOG_POST,[TITLE]: Everything you need to know,#PlayStation,https://cdn.playstation.com/thumb/7770b577215d.jpg,2025-12-02 11:00:00-08:00
419,2025-12-02,20,107,,TT_VIDEO,when the [TITLE] cutscene hits different,#PlayStation #fyp #gaming,https://cdn.playstation.com/thumb/db441e53ae8f.jpg,2025-12-02 09:00:00-08:00
420,2025-12-02,20,103,,IG_STORY,Out now on PS5 🔥,#PlayStation,https://cdn.playstation.com/thumb/16db7565f1cb.jpg,2025-12-02 20:00:00-08:00
421,2025-12-02,20,102,,YT_SHORT,Behind the scenes: making [TITLE] #PlayStation #Shorts,#PlayStation #Shorts #Gaming,https://cdn.playstation.com/thumb/6162c5b36c1c.jpg,2025-12-02 15:00:00-08:00
422,2025-12-02,20,113,19,BLOG_POST,[TITLE]: Everything you need to know,#PlayStation,https://cdn.playstation.com/thumb/7770b577215d.jpg,2025-12-02 11:00:00-08:00
423,2025-12-02,20,113,19,TT_VIDEO,when the [TITLE] cutscene hits different,#PlayStation #fyp #gaming,https://cdn.playstation.com/thumb/db441e53ae8f.jpg,2025-12-02 09:00:00-08:00
424,2025-12-02,20,101,,IG_POST,Drop a 🎮 if you're playing [TITLE] this weekend,#PlayStation,https://cdn.playstation.com/thumb/a8022bc1948b.jpg,2025-12-02 10:00:00-08:00
425,2025-12-02,20,108,,YT_TRAILER,[TITLE] - Official Launch Trailer | PS5,#PlayStation,https://cdn.playstation.com/thumb/1b7b6a96ecc9.jpg,2025-12-02 15:00:00-08:00
426,2025-12-02,20,109,8,YT_SHORT,Behind the scenes: making [TITLE] #PlayStation #Shorts,#PlayStation #Shorts #Gaming,https://cdn.playstation.com/thumb/6162c5b36c1c.jpg,2025-12-02 15:00:00-08:00
427,2025-12-03,12,105,1,IG_STORY,Out now on PS5 🔥,#PlayStation,https://cdn.playstation.com/thumb/4b93488c0081.jpg,2025-12-03 20:00:00-08:00
428,2025-12-03,12,105,1,IG_REEL,POV: you finally got [TITLE] 🎮,#PlayStation #PS5 #Gaming,https://cdn.playstation.com/thumb/8da904c4eb1b.jpg,2025-12-03 16:00:00-08:00
429,2025-12-03,12,109,8,BLOG_DEV_DIARY,Dev diary #7 - crafting [TITLE],#PlayStation,https://cdn.playstation.com/thumb/9e51a2b17e4a.jpg,2025-12-03 14:00:00-08:00
430,2025-12-03,12,103,,IG_REEL,POV: you finally got [TITLE] 🎮,#PlayStation #PS5 #Gaming,https://cdn.playstation.com/thumb/8da904c4eb1b.jpg,2025-12-03 16:00:00-08:00
431,2025-12-03,12,102,,BLOG_POST,[TITLE]: Everything you need to know,#PlayStation,https://cdn.playstation.com/thumb/5da2056bba7c.jpg,2025-12-03 13:00:00-08:00
432,2025-12-03,12,102,,BLOG_DEV_DIARY,Dev diary #7 - crafting [TITLE],#PlayStation,https://cdn.playstation.com/thumb/9e51a2b17e4a.jpg,2025-12-03 14:00:00-08:00
433,2025-12-03,12,104,2,YT_SHORT,Behind the scenes: making [TITLE] #PlayStation #Shorts,#PlayStation #Shorts #Gaming,https://cdn.playstation.com/thumb/797d947033a6.jpg,2025-12-03 11:00:00-08:00
434,2025-12-03,12,102,,YT_SHORT,Behind the scenes: making [TITLE] #PlayStation #Shorts,#PlayStation #Shorts #Gaming,https://cdn.playstation.com/thumb/797d947033a6.jpg,2025-12-03 11:00:00-08:00
435,2025-12-03,18,108,,YT_LONG,[TITLE] - Deep Dive with the Dev Team,#PlayStation,https://cdn.playstation.com/thumb/de596ad2a4bf.jpg,2025-12-03 13:00:00-08:00
436,2025-12-03,18,108,,TT_TRENDING,gamers tell us their favorite PS5 moment,#PS5 #fyp #gamertok,https://cdn.playstation.com/thumb/aec037335aea.jpg,2025-12-03 17:00:00-08:00
437,2025-12-03,18,109,8,YT_SHORT,Behind the scenes: making [TITLE] #PlayStation #Shorts,#PlayStation #Shorts #Gaming,https://cdn.playstation.com/thumb/797d947033a6.jpg,2025-12-03 11:00:00-08:00
438,2025-12-03,18,109,8,IG_POST,Drop a 🎮 if you're playing [TITLE] this weekend,#PlayStation,https://cdn.playstation.com/thumb/b3a9ba292936.jpg,2025-12-03 19:00:00-08:00
439,2025-12-03,18,103,,TT_VIDEO,when the [TITLE] cutscene hits different,#PlayStation #fyp #gaming,https://cdn.playstation.com/thumb/4d23d0fecf1d.jpg,2025-12-03 09:00:00-08:00
440,2025-12-03,18,109,8,IG_STORY,Out now on PS5 🔥,#PlayStation,https://cdn.playstation.com/thumb/4b93488c0081.jpg,2025-12-03 20:00:00-08:00
441,2025-12-03,18,103,,IG_POST,Drop a 🎮 if you're playing [TITLE] this weekend,#PlayStation,https://cdn.playstation.com/thumb/b3a9ba292936.jpg,2025-12-03 19:00:00-08:00
442,2025-12-03,18,103,,TT_TRENDING,gamers tell us their favorite PS5 moment,#PS5 #fyp #gamertok,https://cdn.playstation.com/thumb/aec037335aea.jpg,2025-12-03 17:00:00-08:00
443,2025-12-03,19,103,,IG_POST,Drop a 🎮 if you're playing [TITLE] this weekend,#PlayStation,https://cdn.playstation.com/thumb/b3a9ba292936.jpg,2025-12-03 19:00:00-08:00
444,2025-12-03,19,103,,YT_TRAILER,[TITLE] - Official Launch Trailer | PS5,#PlayStation,https://cdn.playstation.com/thumb/9535afc4f528.jpg,2025-12-03 16:00:00-08:00
445,2025-12-03,19,108,,YT_TRAILER,[TITLE] - Official Launch Trailer | PS5,#PlayStation,https://cdn.playstation.com/thumb/9535afc4f528.jpg,2025-12-03 16:00:00-08:00
446,2025-12-03,19,108,,TT_VIDEO,when the [TITLE] cutscene hits different,#PlayStation #fyp #gaming,https://cdn.playstation.com/thumb/4d23d0fecf1d.jpg,2025-12-03 09:00:00-08:00
447,2025-12-03,19,109,8,IG_POST,Drop a 🎮 if you're playing [TITLE] this weekend,#PlayStation,https://cdn.playstation.com/thumb/b3a9ba292936.jpg,2025-12-03 19:00:00-08:00
448,2025-12-03,19,101,,YT_SHORT,Behind the scenes: making [TITLE] #PlayStation #Shorts,#PlayStation #Shorts #Gaming,https://cdn.playstation.com/thumb/797d947033a6.jpg,2025-12-03 11:00:00-08:00
449,2025-12-03,19,104,2,IG_REEL,POV: you finally got [TITLE] 🎮,#PlayStation #PS5 #Gaming,https://cdn.playstation.com/thumb/8da904c4eb1b.jpg,2025-12-03 16:00:00-08:00
450,2025-12-03,19,105,1,BLOG_POST,[TITLE]: Everything you need to know,#PlayStation,https://cdn.playstation.com/thumb/5da2056bba7c.jpg,2025-12-03 13:00:00-08:00
451,2025-12-03,20,113,19,TT_VIDEO,when the [TITLE] cutscene hits different,#PlayStation #fyp #gaming,https://cdn.playstation.com/thumb/4d23d0fecf1d.jpg,2025-12-03 09:00:00-08:00
452,2025-12-03,20,102,,TT_TRENDING,gamers tell us their favorite PS5 moment,#PS5 #fyp #gamertok,https://cdn.playstation.com/thumb/aec037335aea.jpg,2025-12-03 17:00:00-08:00
453,2025-12-03,20,109,8,IG_REEL,POV: you finally got [TITLE] 🎮,#PlayStation #PS5 #Gaming,https://cdn.playstation.com/thumb/8da904c4eb1b.jpg,2025-12-03 16:00:00-08:00
454,2025-12-03,20,103,,YT_LONG,[TITLE] - Deep Dive with the Dev Team,#PlayStation,https://cdn.playstation.com/thumb/de596ad2a4bf.jpg,2025-12-03 13:00:00-08:00
455,2025-12-03,20,107,,TT_VIDEO,when the [TITLE] cutscene hits different,#PlayStation #fyp #gaming,https://cdn.playstation.com/thumb/4d23d0fecf1d.jpg,2025-12-03 09:00:00-08:00
456,2025-12-03,20,101,,BLOG_DEV_DIARY,Dev diary #7 - crafting [TITLE],#PlayStation,https://cdn.playstation.com/thumb/9e51a2b17e4a.jpg,2025-12-03 14:00:00-08:00
457,2025-12-03,20,101,,TT_VIDEO,when the [TITLE] cutscene hits different,#PlayStation #fyp #gaming,https://cdn.playstation.com/thumb/4d23d0fecf1d.jpg,2025-12-03 09:00:00-08:00
458,2025-12-04,12,102,,IG_STORY,Out now on PS5 🔥,#PlayStation,https://cdn.playstation.com/thumb/c21657f09299.jpg,2025-12-04 16:00:00-08:00
459,2025-12-04,12,102,,YT_TRAILER,[TITLE] - Official Launch Trailer | PS5,#PlayStation,https://cdn.playstation.com/thumb/b842b3545bd5.jpg,2025-12-04 10:00:00-08:00
460,2025-12-04,12,103,,IG_STORY,Out now on PS5 🔥,#PlayStation,https://cdn.playstation.com/thumb/c21657f09299.jpg,2025-12-04 16:00:00-08:00
461,2025-12-04,12,102,,BLOG_POST,[TITLE]: Everything you need to know,#PlayStation,https://cdn.playstation.com/thumb/785e852fb206.jpg,2025-12-04 14:00:00-08:00
462,2025-12-04,18,105,1,IG_POST,Drop a 🎮 if you're playing [TITLE] this weekend,#PlayStation,https://cdn.playstation.com/thumb/914fa7b37c58.jpg,2025-12-04 16:00:00-08:00
463,2025-12-04,18,103,,YT_SHORT,Behind the scenes: making [TITLE] #PlayStation #Shorts,#PlayStation #Shorts #Gaming,https://cdn.playstation.com/thumb/59010cf97aaa.jpg,2025-12-04 15:00:00-08:00
464,2025-12-04,18,102,,BLOG_POST,[TITLE]: Everything you need to know,#PlayStation,https://cdn.playstation.com/thumb/785e852fb206.jpg,2025-12-04 14:00:00-08:00
465,2025-12-04,18,107,,YT_TRAILER,[TITLE] - Official Launch Trailer | PS5,#PlayStation,https://cdn.playstation.com/thumb/b842b3545bd5.jpg,2025-12-04 10:00:00-08:00
466,2025-12-04,18,104,2,BLOG_DEV_DIARY,Dev diary #7 - crafting [TITLE],#PlayStation,https://cdn.playstation.com/thumb/7442e00ff64c.jpg,2025-12-04 12:00:00-08:00
467,2025-12-04,18,107,,BLOG_POST,[TITLE]: Everything you need to know,#PlayStation,https://cdn.playstation.com/thumb/785e852fb206.jpg,2025-12-04 14:00:00-08:00
468,2025-12-04,18,107,,IG_STORY,Out now on PS5 🔥,#PlayStation,https://cdn.playstation.com/thumb/c21657f09299.jpg,2025-12-04 16:00:00-08:00
469,2025-12-04,18,109,8,BLOG_POST,[TITLE]: Everything you need to know,#PlayStation,https://cdn.playstation.com/thumb/785e852fb206.jpg,2025-12-04 14:00:00-08:00
470,2025-12-04,18,109,8,TT_TRENDING,gamers tell us their favorite PS5 moment,#PS5 #fyp #gamertok,https://cdn.playstation.com/thumb/0540e2803808.jpg,2025-12-04 17:00:00-08:00
471,2025-12-04,19,108,,TT_TRENDING,gamers tell us their favorite PS5 moment,#PS5 #fyp #gamertok,https://cdn.playstation.com/thumb/0540e2803808.jpg,2025-12-04 17:00:00-08:00
472,2025-12-04,19,107,,IG_STORY,Out now on PS5 🔥,#PlayStation,https://cdn.playstation.com/thumb/c21657f09299.jpg,2025-12-04 16:00:00-08:00
473,2025-12-04,19,108,,BLOG_DEV_DIARY,Dev diary #7 - crafting [TITLE],#PlayStation,https://cdn.playstation.com/thumb/7442e00ff64c.jpg,2025-12-04 12:00:00-08:00
474,2025-12-04,19,105,1,YT_LONG,[TITLE] - Deep Dive with the Dev Team,#PlayStation,https://cdn.playstation.com/thumb/2293585b7b12.jpg,2025-12-04 15:00:00-08:00
475,2025-12-04,19,109,8,TT_TRENDING,gamers tell us their favorite PS5 moment,#PS5 #fyp #gamertok,https://cdn.playstation.com/thumb/0540e2803808.jpg,2025-12-04 17:00:00-08:00
476,2025-12-04,19,101,,YT_LONG,[TITLE] - Deep Dive with the Dev Team,#PlayStation,https://cdn.playstation.com/thumb/2293585b7b12.jpg,2025-12-04 15:00:00-08:00
477,2025-12-04,19,103,,TT_TRENDING,gamers tell us their favorite PS5 moment,#PS5 #fyp #gamertok,https://cdn.playstation.com/thumb/0540e2803808.jpg,2025-12-04 17:00:00-08:00
478,2025-12-04,19,105,1,TT_VIDEO,when the [TITLE] cutscene hits different,#PlayStation #fyp #gaming,https://cdn.playstation.com/thumb/233d2ee78bd8.jpg,2025-12-04 10:00:00-08:00
479,2025-12-04,19,102,,YT_LONG,[TITLE] - Deep Dive with the Dev Team,#PlayStation,https://cdn.playstation.com/thumb/2293585b7b12.jpg,2025-12-04 15:00:00-08:00
480,2025-12-04,20,108,,TT_VIDEO,when the [TITLE] cutscene hits different,#PlayStation #fyp #gaming,https://cdn.playstation.com/thumb/233d2ee78bd8.jpg,2025-12-04 10:00:00-08:00
481,2025-12-04,20,108,,IG_REEL,POV: you finally got [TITLE] 🎮,#PlayStation #PS5 #Gaming,https://cdn.playstation.com/thumb/3851e1905a58.jpg,2025-12-04 15:00:00-08:00
482,2025-12-04,20,109,8,IG_REEL,POV: you finally got [TITLE] 🎮,#PlayStation #PS5 #Gaming,https://cdn.playstation.com/thumb/3851e1905a58.jpg,2025-12-04 15:00:00-08:00
483,2025-12-04,20,108,,BLOG_DEV_DIARY,Dev diary #7 - crafting [TITLE],#PlayStation,https://cdn.playstation.com/thumb/7442e00ff64c.jpg,2025-12-04 12:00:00-08:00
484,2025-12-04,20,103,,IG_STORY,Out now on PS5 🔥,#PlayStation,https://cdn.playstation.com/thumb/c21657f09299.jpg,2025-12-04 16:00:00-08:00
485,2025-12-04,20,102,,YT_LONG,[TITLE] - Deep Dive with the Dev Team,#PlayStation,https://cdn.playstation.com/thumb/2293585b7b12.jpg,2025-12-04 15:00:00-08:00
486,2025-12-04,20,104,2,IG_REEL,POV: you finally got [TITLE] 🎮,#PlayStation #PS5 #Gaming,https://cdn.playstation.com/thumb/3851e1905a58.jpg,2025-12-04 15:00:00-08:00
487,2025-12-04,20,102,,BLOG_DEV_DIARY,Dev diary #7 - crafting [TITLE],#PlayStation,https://cdn.playstation.com/thumb/7442e00ff64c.jpg,2025-12-04 12:00:00-08:00
488,2025-12-04,20,107,,YT_LONG,[TITLE] - Deep Dive with the Dev Team,#PlayStation,https://cdn.playstation.com/thumb/2293585b7b12.jpg,2025-12-04 15:00:00-08:00
489,2025-12-05,12,105,1,IG_STORY,Out now on PS5 🔥,#PlayStation,https://cdn.playstation.com/thumb/be84979ad252.jpg,2025-12-05 09:00:00-08:00
490,2025-12-05,12,101,,YT_TRAILER,[TITLE] - Official Launch Trailer | PS5,#PlayStation,https://cdn.playstation.com/thumb/73f0b40a274c.jpg,2025-12-05 11:00:00-08:00
491,2025-12-05,12,105,1,TT_TRENDING,gamers tell us their favorite PS5 moment,#PS5 #fyp #gamertok,https://cdn.playstation.com/thumb/7de90df637c8.jpg,2025-12-05 17:00:00-08:00
492,2025-12-05,12,109,8,TT_VIDEO,when the [TITLE] cutscene hits different,#PlayStation #fyp #gaming,https://cdn.playstation.com/thumb/807ed5f32d9e.jpg,2025-12-05 15:00:00-08:00
493,2025-12-05,12,113,19,YT_SHORT,Behind the scenes: making [TITLE] #PlayStation #Shorts,#PlayStation #Shorts #Gaming,https://cdn.playstation.com/thumb/fcd10f9b7f66.jpg,2025-12-05 13:00:00-08:00
494,2025-12-05,12,107,,BLOG_DEV_DIARY,Dev diary #7 - crafting [TITLE],#PlayStation,https://cdn.playstation.com/thumb/16093806fe64.jpg,2025-12-05 18:00:00-08:00
495,2025-12-05,12,109,8,TT_TRENDING,gamers tell us their favorite PS5 moment,#PS5 #fyp #gamertok,https://cdn.playstation.com/thumb/7de90df637c8.jpg,2025-12-05 17:00:00-08:00
496,2025-12-05,12,105,1,TT_VIDEO,when the [TITLE] cutscene hits different,#PlayStation #fyp #gaming,https://cdn.playstation.com/thumb/807ed5f32d9e.jpg,2025-12-05 15:00:00-08:00
497,2025-12-05,12,103,,YT_TRAILER,[TITLE] - Official Launch Trailer | PS5,#PlayStation,https://cdn.playstation.com/thumb/73f0b40a274c.jpg,2025-12-05 11:00:00-08:00
498,2025-12-05,12,102,,YT_LONG,[TITLE] - Deep Dive with the Dev Team,#PlayStation,https://cdn.playstation.com/thumb/dc598574d75d.jpg,2025-12-05 12:00:00-08:00
499,2025-12-05,18,109,8,YT_SHORT,Behind the scenes: making [TITLE] #PlayStation #Shorts,#PlayStation #Shorts #Gaming,https://cdn.playstation.com/thumb/fcd10f9b7f66.jpg,2025-12-05 13:00:00-08:00
500,2025-12-05,18,101,,YT_TRAILER,[TITLE] - Official Launch Trailer | PS5,#PlayStation,https://cdn.playstation.com/thumb/73f0b40a274c.jpg,2025-12-05 11:00:00-08:00
501,2025-12-05,18,113,19,TT_TRENDING,gamers tell us their favorite PS5 moment,#PS5 #fyp #gamertok,https://cdn.playstation.com/thumb/7de90df637c8.jpg,2025-12-05 17:00:00-08:00
502,2025-12-05,18,103,,IG_REEL,POV: you finally got [TITLE] 🎮,#PlayStation #PS5 #Gaming,https://cdn.playstation.com/thumb/50eb7de5f1a5.jpg,2025-12-05 14:00:00-08:00
503,2025-12-05,18,104,2,TT_VIDEO,when the [TITLE] cutscene hits different,#PlayStation #fyp #gaming,https://cdn.playstation.com/thumb/807ed5f32d9e.jpg,2025-12-05 15:00:00-08:00
504,2025-12-05,18,107,,IG_REEL,POV: you finally got [TITLE] 🎮,#PlayStation #PS5 #Gaming,https://cdn.playstation.com/thumb/50eb7de5f1a5.jpg,2025-12-05 14:00:00-08:00
505,2025-12-05,18,108,,YT_LONG,[TITLE] - Deep Dive with the Dev Team,#PlayStation,https://cdn.playstation.com/thumb/dc598574d75d.jpg,2025-12-05 12:00:00-08:00
506,2025-12-05,18,103,,IG_POST,Drop a 🎮 if you're playing [TITLE] this weekend,#PlayStation,https://cdn.playstation.com/thumb/dbbfbebb31fc.jpg,2025-12-05 12:00:00-08:00
507,2025-12-05,18,103,,BLOG_POST,[TITLE]: Everything you need to know,#PlayStation,https://cdn.playstation.com/thumb/ad066c26b2aa.jpg,2025-12-05 20:00:00-08:00
508,2025-12-05,18,102,,YT_SHORT,Behind the scenes: making [TITLE] #PlayStation #Shorts,#PlayStation #Shorts #Gaming,https://cdn.playstation.com/thumb/fcd10f9b7f66.jpg,2025-12-05 13:00:00-08:00
509,2025-12-05,18,113,19,IG_STORY,Out now on PS5 🔥,#PlayStation,https://cdn.playstation.com/thumb/be84979ad252.jpg,2025-12-05 09:00:00-08:00
510,2025-12-05,18,104,2,BLOG_POST,[TITLE]: Everything you need to know,#PlayStation,https://cdn.playstation.com/thumb/ad066c26b2aa.jpg,2025-12-05 20:00:00-08:00
511,2025-12-05,18,107,,YT_LONG,[TITLE] - Deep Dive with the Dev Team,#PlayStation,https://cdn.playstation.com/thumb/dc598574d75d.jpg,2025-12-05 12:00:00-08:00
512,2025-12-05,19,104,2,BLOG_DEV_DIARY,Dev diary #7 - crafting [TITLE],#PlayStation,https://cdn.playstation.com/thumb/16093806fe64.jpg,2025-12-05 18:00:00-08:00
513,2025-12-05,19,108,,YT_TRAILER,[TITLE] - Official Launch Trailer | PS5,#PlayStation,https://cdn.playstation.com/thumb/73f0b40a274c.jpg,2025-12-05 11:00:00-08:00
514,2025-12-05,19,107,,BLOG_POST,[TITLE]: Everything you need to know,#PlayStation,https://cdn.playstation.com/thumb/ad066c26b2aa.jpg,2025-12-05 20:00:00-08:00
515,2025-12-05,19,104,2,YT_SHORT,Behind the scenes: making [TITLE] #PlayStation #Shorts,#PlayStation #Shorts #Gaming,https://cdn.playstation.com/thumb/fcd10f9b7f66.jpg,2025-12-05 13:00:00-08:00
516,2025-12-05,19,102,,YT_SHORT,Behind the scenes: making [TITLE] #PlayStation #Shorts,#PlayStation #Shorts #Gaming,https://cdn.playstation.com/thumb/fcd10f9b7f66.jpg,2025-12-05 13:00:00-08:00
517,2025-12-05,19,104,2,IG_POST,Drop a 🎮 if you're playing [TITLE] this weekend,#PlayStation,https://cdn.playstation.com/thumb/dbbfbebb31fc.jpg,2025-12-05 12:00:00-08:00
518,2025-12-05,19,107,,YT_TRAILER,[TITLE] - Official Launch Trailer | PS5,#PlayStation,https://cdn.playstation.com/thumb/73f0b40a274c.jpg,2025-12-05 11:00:00-08:00
519,2025-12-05,20,109,8,IG_POST,Drop a 🎮 if you're playing [TITLE] this weekend,#PlayStation,https://cdn.playstation.com/thumb/dbbfbebb31fc.jpg,2025-12-05 12:00:00-08:00
520,2025-12-05,20,113,19,IG_POST,Drop a 🎮 if you're playing [TITLE] this weekend,#PlayStation,https://cdn.playstation.com/thumb/dbbfbebb31fc.jpg,2025-12-05 12:00:00-08:00
521,2025-12-05,20,109,8,BLOG_DEV_DIARY,Dev diary #7 - crafting [TITLE],#PlayStation,https://cdn.playstation.com/thumb/16093806fe64.jpg,2025-12-05 18:00:00-08:00
522,2025-12-05,20,107,,BLOG_DEV_DIARY,Dev diary #7 - crafting [TITLE],#PlayStation,https://cdn.playstation.com/thumb/16093806fe64.jpg,2025-12-05 18:00:00-08:00
523,2025-12-05,20,103,,TT_VIDEO,when the [TITLE] cutscene hits different,#PlayStation #fyp #gaming,https://cdn.playstation.com/thumb/807ed5f32d9e.jpg,2025-12-05 15:00:00-08:00
524,2025-12-05,20,102,,IG_POST,Drop a 🎮 if you're playing [TITLE] this weekend,#PlayStation,https://cdn.playstation.com/thumb/dbbfbebb31fc.jpg,2025-12-05 12:00:00-08:00
525,2025-12-05,20,108,,BLOG_POST,[TITLE]: Everything you need to know,#PlayStation,https://cdn.playstation.com/thumb/ad066c26b2aa.jpg,2025-12-05 20:00:00-08:00
526,2025-12-05,20,105,1,IG_STORY,Out now on PS5 🔥,#PlayStation,https://cdn.playstation.com/thumb/be84979ad252.jpg,2025-12-05 09:00:00-08:00
527,2025-12-05,20,104,2,YT_SHORT,Behind the scenes: making [TITLE] #PlayStation #Shorts,#PlayStation #Shorts #Gaming,https://cdn.playstation.com/thumb/fcd10f9b7f66.jpg,2025-12-05 13:00:00-08:00
528,2025-12-05,20,103,,IG_POST,Drop a 🎮 if you're playing [TITLE] this weekend,#PlayStation,https://cdn.playstation.com/thumb/dbbfbebb31fc.jpg,2025-12-05 12:00:00-08:00
529,2025-12-05,20,103,,YT_SHORT,Behind the scenes: making [TITLE] #PlayStation #Shorts,#PlayStation #Shorts #Gaming,https://cdn.playstation.com/thumb/fcd10f9b7f66.jpg,2025-12-05 13:00:00-08:00
530,2025-12-06,12,101,,YT_SHORT,Behind the scenes: making [TITLE] #PlayStation #Shorts,#PlayStation #Shorts #Gaming,https://cdn.playstation.com/thumb/b27ba5bb2275.jpg,2025-12-06 10:00:00-08:00
531,2025-12-06,12,113,19,YT_TRAILER,[TITLE] - Official Launch Trailer | PS5,#PlayStation,https://cdn.playstation.com/thumb/1e98791cb06e.jpg,2025-12-06 17:00:00-08:00
532,2025-12-06,12,113,19,BLOG_POST,[TITLE]: Everything you need to know,#PlayStation,https://cdn.playstation.com/thumb/ccf6c1a83be4.jpg,2025-12-06 11:00:00-08:00
533,2025-12-06,12,108,,IG_STORY,Out now on PS5 🔥,#PlayStation,https://cdn.playstation.com/thumb/87d4b1493695.jpg,2025-12-06 16:00:00-08:00
534,2025-12-06,12,103,,YT_TRAILER,[TITLE] - Official Launch Trailer | PS5,#PlayStation,https://cdn.playstation.com/thumb/1e98791cb06e.jpg,2025-12-06 17:00:00-08:00
535,2025-12-06,12,104,2,TT_VIDEO,when the [TITLE] cutscene hits different,#PlayStation #fyp #gaming,https://cdn.playstation.com/thumb/e6dc3e672ec5.jpg,2025-12-06 10:00:00-08:00
536,2025-12-06,12,109,8,TT_TRENDING,gamers tell us their favorite PS5 moment,#PS5 #fyp #gamertok,https://cdn.playstation.com/thumb/3f32352609e3.jpg,2025-12-06 13:00:00-08:00
537,2025-12-06,12,113,19,IG_STORY,Out now on PS5 🔥,#PlayStation,https://cdn.playstation.com/thumb/87d4b1493695.jpg,2025-12-06 16:00:00-08:00
538,2025-12-06,18,102,,IG_STORY,Out now on PS5 🔥,#PlayStation,https://cdn.playstation.com/thumb/87d4b1493695.jpg,2025-12-06 16:00:00-08:00
539,2025-12-06,18,101,,IG_STORY,Out now on PS5 🔥,#PlayStation,https://cdn.playstation.com/thumb/87d4b1493695.jpg,2025-12-06 16:00:00-08:00
540,2025-12-06,18,113,19,YT_SHORT,Behind the scenes: making [TITLE] #PlayStation #Shorts,#PlayStation #Shorts #Gaming,https://cdn.playstation.com/thumb/b27ba5bb2275.jpg,2025-12-06 10:00:00-08:00
541,2025-12-06,18,104,2,IG_REEL,POV: you finally got [TITLE] 🎮,#PlayStation #PS5 #Gaming,https://cdn.playstation.com/thumb/4a92257384e5.jpg,2025-12-06 12:00:00-08:00
542,2025-12-06,18,107,,BLOG_POST,[TITLE]: Everything you need to know,#PlayStation,https://cdn.playstation.com/thumb/ccf6c1a83be4.jpg,2025-12-06 11:00:00-08:00
543,2025-12-06,18,101,,BLOG_POST,[TITLE]: Everything you need to know,#PlayStation,https://cdn.playstation.com/thumb/ccf6c1a83be4.jpg,2025-12-06 11:00:00-08:00
544,2025-12-06,18,103,,IG_POST,Drop a 🎮 if you're playing [TITLE] this weekend,#PlayStation,https://cdn.playstation.com/thumb/45082a12dfd9.jpg,2025-12-06 09:00:00-08:00
545,2025-12-06,19,102,,TT_VIDEO,when the [TITLE] cutscene hits different,#PlayStation #fyp #gaming,https://cdn.playstation.com/thumb/e6dc3e672ec5.jpg,2025-12-06 10:00:00-08:00
546,2025-12-06,19,105,1,IG_POST,Drop a 🎮 if you're playing [TITLE] this weekend,#PlayStation,https://cdn.playstation.com/thumb/45082a12dfd9.jpg,2025-12-06 09:00:00-08:00
547,2025-12-06,19,107,,IG_POST,Drop a 🎮 if you're playing [TITLE] this weekend,#PlayStation,https://cdn.playstation.com/thumb/45082a12dfd9.jpg,2025-12-06 09:00:00-08:00
548,2025-12-06,19,109,8,YT_TRAILER,[TITLE] - Official Launch Trailer | PS5,#PlayStation,https://cdn.playstation.com/thumb/1e98791cb06e.jpg,2025-12-06 17:00:00-08:00
549,2025-12-06,19,103,,YT_LONG,[TITLE] - Deep Dive with the Dev Team,#PlayStation,https://cdn.playstation.com/thumb/24070a780ff3.jpg,2025-12-06 18:00:00-08:00
550,2025-12-06,19,107,,IG_STORY,Out now on PS5 🔥,#PlayStation,https://cdn.playstation.com/thumb/87d4b1493695.jpg,2025-12-06 16:00:00-08:00
551,2025-12-06,19,108,,TT_TRENDING,gamers tell us their favorite PS5 moment,#PS5 #fyp #gamertok,https://cdn.playstation.com/thumb/3f32352609e3.jpg,2025-12-06 13:00:00-08:00
552,2025-12-06,19,113,19,IG_REEL,POV: you finally got [TITLE] 🎮,#PlayStation #PS5 #Gaming,https://cdn.playstation.com/thumb/4a92257384e5.jpg,2025-12-06 12:00:00-08:00
553,2025-12-06,19,107,,BLOG_POST,[TITLE]: Everything you need to know,#PlayStation,https://cdn.playstation.com/thumb/ccf6c1a83be4.jpg,2025-12-06 11:00:00-08:00
554,2025-12-06,19,104,2,YT_LONG,[TITLE] - Deep Dive with the Dev Team,#PlayStation,https://cdn.playstation.com/thumb/24070a780ff3.jpg,2025-12-06 18:00:00-08:00
555,2025-12-06,19,109,8,YT_SHORT,Behind the scenes: making [TITLE] #PlayStation #Shorts,#PlayStation #Shorts #Gaming,https://cdn.playstation.com/thumb/b27ba5bb2275.jpg,2025-12-06 10:00:00-08:00
556,2025-12-06,20,108,,TT_TRENDING,gamers tell us their favorite PS5 moment,#PS5 #fyp #gamertok,https://cdn.playstation.com/thumb/3f32352609e3.jpg,2025-12-06 13:00:00-08:00
557,2025-12-06,20,108,,YT_SHORT,Behind the scenes: making [TITLE] #PlayStation #Shorts,#PlayStation #Shorts #Gaming,https://cdn.playstation.com/thumb/b27ba5bb2275.jpg,2025-12-06 10:00:00-08:00
558,2025-12-06,20,107,,BLOG_POST,[TITLE]: Everything you need to know,#PlayStation,https://cdn.playstation.com/thumb/ccf6c1a83be4.jpg,2025-12-06 11:00:00-08:00
559,2025-12-06,20,105,1,IG_POST,Drop a 🎮 if you're playing [TITLE] this weekend,#PlayStation,https://cdn.playstation.com/thumb/45082a12dfd9.jpg,2025-12-06 09:00:00-08:00
560,2025-12-06,20,101,,TT_VIDEO,when the [TITLE] cutscene hits different,#PlayStation #fyp #gaming,https://cdn.playstation.com/thumb/e6dc3e672ec5.jpg,2025-12-06 10:00:00-08:00
561,2025-12-07,12,102,,IG_STORY,Out now on PS5 🔥,#PlayStation,https://cdn.playstation.com/thumb/a882074e0d7d.jpg,2025-12-07 17:00:00-08:00
562,2025-12-07,12,104,2,TT_TRENDING,gamers tell us their favorite PS5 moment,#PS5 #fyp #gamertok,https://cdn.playstation.com/thumb/10d12a20854f.jpg,2025-12-07 12:00:00-08:00
563,2025-12-07,12,113,19,TT_TRENDING,gamers tell us their favorite PS5 moment,#PS5 #fyp #gamertok,https://cdn.playstation.com/thumb/10d12a20854f.jpg,2025-12-07 12:00:00-08:00
564,2025-12-07,12,101,,IG_POST,Drop a 🎮 if you're playing [TITLE] this weekend,#PlayStation,https://cdn.playstation.com/thumb/7b46c781cc6e.jpg,2025-12-07 16:00:00-08:00
565,2025-12-07,12,109,8,IG_STORY,Out now on PS5 🔥,#PlayStation,https://cdn.playstation.com/thumb/a882074e0d7d.jpg,2025-12-07 17:00:00-08:00
566,2025-12-07,12,105,1,BLOG_DEV_DIARY,Dev diary #7 - crafting [TITLE],#PlayStation,https://cdn.playstation.com/thumb/7a70eb925260.jpg,2025-12-07 12:00:00-08:00
567,2025-12-07,12,104,2,TT_VIDEO,when the [TITLE] cutscene hits different,#PlayStation #fyp #gaming,https://cdn.playstation.com/thumb/c90547a11718.jpg,2025-12-07 11:00:00-08:00
568,2025-12-07,12,103,,IG_POST,Drop a 🎮 if you're playing [TITLE] this weekend,#PlayStation,https://cdn.playstation.com/thumb/7b46c781cc6e.jpg,2025-12-07 16:00:00-08:00
569,2025-12-07,12,104,2,IG_REEL,POV: you finally got [TITLE] 🎮,#PlayStation #PS5 #Gaming,https://cdn.playstation.com/thumb/4a012759b7fe.jpg,2025-12-07 17:00:00-08:00
570,2025-12-07,18,105,1,YT_LONG,[TITLE] - Deep Dive with the Dev Team,#PlayStation,https://cdn.playstation.com/thumb/47202007dd03.jpg,2025-12-07 20:00:00-08:00
571,2025-12-07,18,104,2,YT_TRAILER,[TITLE] - Official Launch Trailer | PS5,#PlayStation,https://cdn.playstation.com/thumb/6008faf85c8b.jpg,2025-12-07 11:00:00-08:00
572,2025-12-07,18,104,2,IG_STORY,Out now on PS5 🔥,#PlayStation,https://cdn.playstation.com/thumb/a882074e0d7d.jpg,2025-12-07 17:00:00-08:00
573,2025-12-07,18,107,,YT_LONG,[TITLE] - Deep Dive with the Dev Team,#PlayStation,https://cdn.playstation.com/thumb/47202007dd03.jpg,2025-12-07 20:00:00-08:00
574,2025-12-07,18,104,2,YT_LONG,[TITLE] - Deep Dive with the Dev Team,#PlayStation,https://cdn.playstation.com/thumb/47202007dd03.jpg,2025-12-07 20:00:00-08:00
575,2025-12-07,18,102,,IG_STORY,Out now on PS5 🔥,#PlayStation,https://cdn.playstation.com/thumb/a882074e0d7d.jpg,2025-12-07 17:00:00-08:00
576,2025-12-07,18,108,,TT_VIDEO,when the [TITLE] cutscene hits different,#PlayStation #fyp #gaming,https://cdn.playstation.com/thumb/c90547a11718.jpg,2025-12-07 11:00:00-08:00
577,2025-12-07,19,104,2,BLOG_DEV_DIARY,Dev diary #7 - crafting [TITLE],#PlayStation,https://cdn.playstation.com/thumb/7a70eb925260.jpg,2025-12-07 12:00:00-08:00
578,2025-12-07,19,104,2,YT_SHORT,Behind the scenes: making [TITLE] #PlayStation #Shorts,#PlayStation #Shorts #Gaming,https://cdn.playstation.com/thumb/5ee41a579d3e.jpg,2025-12-07 14:00:00-08:00
579,2025-12-07,19,104,2,YT_LONG,[TITLE] - Deep Dive with the Dev Team,#PlayStation,https://cdn.playstation.com/thumb/47202007dd03.jpg,2025-12-07 20:00:00-08:00
580,2025-12-07,19,104,2,IG_STORY,Out now on PS5 🔥,#PlayStation,https://cdn.playstation.com/thumb/a882074e0d7d.jpg,2025-12-07 17:00:00-08:00
581,2025-12-07,19,102,,BLOG_DEV_DIARY,Dev diary #7 - crafting [TITLE],#PlayStation,https://cdn.playstation.com/thumb/7a70eb925260.jpg,2025-12-07 12:00:00-08:00
582,2025-12-07,19,107,,YT_SHORT,Behind the scenes: making [TITLE] #PlayStation #Shorts,#PlayStation #Shorts #Gaming,https://cdn.playstation.com/thumb/5ee41a579d3e.jpg,2025-12-07 14:00:00-08:00
583,2025-12-07,19,102,,TT_TRENDING,gamers tell us their favorite PS5 moment,#PS5 #fyp #gamertok,https://cdn.playstation.com/thumb/10d12a20854f.jpg,2025-12-07 12:00:00-08:00
584,2025-12-07,19,101,,YT_TRAILER,[TITLE] - Official Launch Trailer | PS5,#PlayStation,https://cdn.playstation.com/thumb/6008faf85c8b.jpg,2025-12-07 11:00:00-08:00
585,2025-12-07,19,103,,TT_VIDEO,when the [TITLE] cutscene hits different,#PlayStation #fyp #gaming,https://cdn.playstation.com/thumb/c90547a11718.jpg,2025-12-07 11:00:00-08:00
586,2025-12-07,19,107,,TT_TRENDING,gamers tell us their favorite PS5 moment,#PS5 #fyp #gamertok,https://cdn.playstation.com/thumb/10d12a20854f.jpg,2025-12-07 12:00:00-08:00
587,2025-12-07,19,105,1,YT_TRAILER,[TITLE] - Official Launch Trailer | PS5,#PlayStation,https://cdn.playstation.com/thumb/6008faf85c8b.jpg,2025-12-07 11:00:00-08:00
588,2025-12-07,19,101,,IG_STORY,Out now on PS5 🔥,#PlayStation,https://cdn.playstation.com/thumb/a882074e0d7d.jpg,2025-12-07 17:00:00-08:00
589,2025-12-07,19,113,19,YT_LONG,[TITLE] - Deep Dive with the Dev Team,#PlayStation,https://cdn.playstation.com/thumb/47202007dd03.jpg,2025-12-07 20:00:00-08:00
590,2025-12-07,20,108,,YT_TRAILER,[TITLE] - Official Launch Trailer | PS5,#PlayStation,https://cdn.playstation.com/thumb/6008faf85c8b.jpg,2025-12-07 11:00:00-08:00
591,2025-12-07,20,105,1,BLOG_DEV_DIARY,Dev diary #7 - crafting [TITLE],#PlayStation,https://cdn.playstation.com/thumb/7a70eb925260.jpg,2025-12-07 12:00:00-08:00
592,2025-12-07,20,108,,TT_VIDEO,when the [TITLE] cutscene hits different,#PlayStation #fyp #gaming,https://cdn.playstation.com/thumb/c90547a11718.jpg,2025-12-07 11:00:00-08:00
593,2025-12-07,20,102,,YT_TRAILER,[TITLE] - Official Launch Trailer | PS5,#PlayStation,https://cdn.playstation.com/thumb/6008faf85c8b.jpg,2025-12-07 11:00:00-08:00
594,2025-12-07,20,109,8,IG_STORY,Out now on PS5 🔥,#PlayStation,https://cdn.playstation.com/thumb/a882074e0d7d.jpg,2025-12-07 17:00:00-08:00
595,2025-12-07,20,109,8,TT_TRENDING,gamers tell us their favorite PS5 moment,#PS5 #fyp #gamertok,https://cdn.playstation.com/thumb/10d12a20854f.jpg,2025-12-07 12:00:00-08:00
596,2025-12-07,20,108,,BLOG_POST,[TITLE]: Everything you need to know,#PlayStation,https://cdn.playstation.com/thumb/ca61f9f92bce.jpg,2025-12-07 12:00:00-08:00
597,2025-12-07,20,102,,TT_VIDEO,when the [TITLE] cutscene hits different,#PlayStation #fyp #gaming,https://cdn.playstation.com/thumb/c90547a11718.jpg,2025-12-07 11:00:00-08:00
598,2025-12-07,20,113,19,BLOG_DEV_DIARY,Dev diary #7 - crafting [TITLE],#PlayStation,https://cdn.playstation.com/thumb/7a70eb925260.jpg,2025-12-07 12:00:00-08:00
599,2025-12-07,20,108,,YT_LONG,[TITLE] - Deep Dive with the Dev Team,#PlayStation,https://cdn.playstation.com/thumb/47202007dd03.jpg,2025-12-07 20:00:00-08:00
600,2025-12-08,12,101,,IG_POST,Drop a 🎮 if you're playing [TITLE] this weekend,#PlayStation,https://cdn.playstation.com/thumb/ff75e3e16e6d.jpg,2025-12-08 19:00:00-08:00
601,2025-12-08,12,104,2,TT_VIDEO,when the [TITLE] cutscene hits different,#PlayStation #fyp #gaming,https://cdn.playstation.com/thumb/f1f5f05189f5.jpg,2025-12-08 20:00:00-08:00
602,2025-12-08,12,108,,TT_TRENDING,gamers tell us their favorite PS5 moment,#PS5 #fyp #gamertok,https://cdn.playstation.com/thumb/47cc8c506083.jpg,2025-12-08 20:00:00-08:00
603,2025-12-08,12,105,1,TT_TRENDING,gamers tell us their favorite PS5 moment,#PS5 #fyp #gamertok,https://cdn.playstation.com/thumb/47cc8c506083.jpg,2025-12-08 20:00:00-08:00
604,2025-12-08,12,113,19,YT_LONG,[TITLE] - Deep Dive with the Dev Team,#PlayStation,https://cdn.playstation.com/thumb/fea2c045a607.jpg,2025-12-08 19:00:00-08:00
605,2025-12-08,18,113,19,BLOG_POST,[TITLE]: Everything you need to know,#PlayStation,https://cdn.playstation.com/thumb/de7f1a192f54.jpg,2025-12-08 20:00:00-08:00
606,2025-12-08,18,113,19,IG_POST,Drop a 🎮 if you're playing [TITLE] this weekend,#PlayStation,https://cdn.playstation.com/thumb/ff75e3e16e6d.jpg,2025-12-08 19:00:00-08:00
607,2025-12-08,18,113,19,YT_LONG,[TITLE] - Deep Dive with the Dev Team,#PlayStation,https://cdn.playstation.com/thumb/fea2c045a607.jpg,2025-12-08 19:00:00-08:00
608,2025-12-08,18,103,,BLOG_DEV_DIARY,Dev diary #7 - crafting [TITLE],#PlayStation,https://cdn.playstation.com/thumb/ffe35ed1f020.jpg,2025-12-08 19:00:00-08:00
609,2025-12-08,18,105,1,TT_TRENDING,gamers tell us their favorite PS5 moment,#PS5 #fyp #gamertok,https://cdn.playstation.com/thumb/47cc8c506083.jpg,2025-12-08 20:00:00-08:00
610,2025-12-08,18,102,,TT_TRENDING,gamers tell us their favorite PS5 moment,#PS5 #fyp #gamertok,https://cdn.playstation.com/thumb/47cc8c506083.jpg,2025-12-08 20:00:00-08:00
611,2025-12-08,19,107,,TT_TRENDING,gamers tell us their favorite PS5 moment,#PS5 #fyp #gamertok,https://cdn.playstation.com/thumb/47cc8c506083.jpg,2025-12-08 20:00:00-08:00
612,2025-12-08,19,107,,BLOG_POST,[TITLE]: Everything you need to know,#PlayStation,https://cdn.playstation.com/thumb/de7f1a192f54.jpg,2025-12-08 20:00:00-08:00
613,2025-12-08,19,113,19,YT_TRAILER,[TITLE] - Official Launch Trailer | PS5,#PlayStation,https://cdn.playstation.com/thumb/315eccfcc702.jpg,2025-12-08 15:00:00-08:00
614,2025-12-08,19,103,,TT_VIDEO,when the [TITLE] cutscene hits different,#PlayStation #fyp #gaming,https://cdn.playstation.com/thumb/f1f5f05189f5.jpg,2025-12-08 20:00:00-08:00
615,2025-12-08,19,104,2,BLOG_DEV_DIARY,Dev diary #7 - crafting [TITLE],#PlayStation,https://cdn.playstation.com/thumb/ffe35ed1f020.jpg,2025-12-08 19:00:00-08:00
616,2025-12-08,19,105,1,YT_LONG,[TITLE] - Deep Dive with the Dev Team,#PlayStation,https://cdn.playstation.com/thumb/fea2c045a607.jpg,2025-12-08 19:00:00-08:00
617,2025-12-08,19,113,19,TT_TRENDING,gamers tell us their favorite PS5 moment,#PS5 #fyp #gamertok,https://cdn.playstation.com/thumb/47cc8c506083.jpg,2025-12-08 20:00:00-08:00
618,2025-12-08,19,107,,YT_SHORT,Behind the scenes: making [TITLE] #PlayStation #Shorts,#PlayStation #Shorts #Gaming,https://cdn.playstation.com/thumb/ebaab7dd7023.jpg,2025-12-08 11:00:00-08:00
619,2025-12-08,19,101,,YT_SHORT,Behind the scenes: making [TITLE] #PlayStation #Shorts,#PlayStation #Shorts #Gaming,https://cdn.playstation.com/thumb/ebaab7dd7023.jpg,2025-12-08 11:00:00-08:00
620,2025-12-08,19,104,2,BLOG_POST,[TITLE]: Everything you need to know,#PlayStation,https://cdn.playstation.com/thumb/de7f1a192f54.jpg,2025-12-08 20:00:00-08:00
621,2025-12-08,20,113,19,BLOG_POST,[TITLE]: Everything you need to know,#PlayStation,https://cdn.playstation.com/thumb/de7f1a192f54.jpg,2025-12-08 20:00:00-08:00
622,2025-12-08,20,109,8,IG_STORY,Out now on PS5 🔥,#PlayStation,https://cdn.playstation.com/thumb/613091fd6de7.jpg,2025-12-08 12:00:00-08:00
623,2025-12-08,20,109,8,IG_POST,Drop a 🎮 if you're playing [TITLE] this weekend,#PlayStation,https://cdn.playstation.com/thumb/ff75e3e16e6d.jpg,2025-12-08 19:00:00-08:00
624,2025-12-08,20,103,,BLOG_DEV_DIARY,Dev diary #7 - crafting [TITLE],#PlayStation,https://cdn.playstation.com/thumb/ffe35ed1f020.jpg,2025-12-08 19:00:00-08:00
625,2025-12-08,20,107,,BLOG_DEV_DIARY,Dev diary #7 - crafting [TITLE],#PlayStation,https://cdn.playstation.com/thumb/ffe35ed1f020.jpg,2025-12-08 19:00:00-08:00
626,2025-12-08,20,109,8,YT_TRAILER,[TITLE] - Official Launch Trailer | PS5,#PlayStation,https://cdn.playstation.com/thumb/315eccfcc702.jpg,2025-12-08 15:00:00-08:00
627,2025-12-08,20,107,,YT_SHORT,Behind the scenes: making [TITLE] #PlayStation #Shorts,#PlayStation #Shorts #Gaming,https://cdn.playstation.com/thumb/ebaab7dd7023.jpg,2025-12-08 11:00:00-08:00
628,2025-12-09,12,104,2,IG_STORY,Out now on PS5 🔥,#PlayStation,https://cdn.playstation.com/thumb/3650717a9315.jpg,2025-12-09 17:00:00-08:00
629,2025-12-09,12,105,1,YT_LONG,[TITLE] - Deep Dive with the Dev Team,#PlayStation,https://cdn.playstation.com/thumb/8efc3c8904b9.jpg,2025-12-09 20:00:00-08:00
630,2025-12-09,12,113,19,YT_SHORT,Behind the scenes: making [TITLE] #PlayStation #Shorts,#PlayStation #Shorts #Gaming,https://cdn.playstation.com/thumb/16e4f424e0ff.jpg,2025-12-09 14:00:00-08:00
631,2025-12-09,12,105,1,YT_TRAILER,[TITLE] - Official Launch Trailer | PS5,#PlayStation,https://cdn.playstation.com/thumb/0d8f1a82f030.jpg,2025-12-09 14:00:00-08:00
632,2025-12-09,12,104,2,YT_TRAILER,[TITLE] - Official Launch Trailer | PS5,#PlayStation,https://cdn.playstation.com/thumb/0d8f1a82f030.jpg,2025-12-09 14:00:00-08:00
633,2025-12-09,12,101,,YT_SHORT,Behind the scenes: making [TITLE] #PlayStation #Shorts,#PlayStation #Shorts #Gaming,https://cdn.playstation.com/thumb/16e4f424e0ff.jpg,2025-12-09 14:00:00-08:00
634,2025-12-09,12,109,8,IG_REEL,POV: you finally got [TITLE] 🎮,#PlayStation #PS5 #Gaming,https://cdn.playstation.com/thumb/de5b7850a533.jpg,2025-12-09 13:00:00-08:00
635,2025-12-09,12,113,19,IG_STORY,Out now on PS5 🔥,#PlayStation,https://cdn.playstation.com/thumb/3650717a9315.jpg,2025-12-09 17:00:00-08:00
636,2025-12-09,18,102,,IG_POST,Drop a 🎮 if you're playing [TITLE] this weekend,#PlayStation,https://cdn.playstation.com/thumb/2c62484ca2a8.jpg,2025-12-09 11:00:00-08:00
637,2025-12-09,18,113,19,TT_TRENDING,gamers tell us their favorite PS5 moment,#PS5 #fyp #gamertok,https://cdn.playstation.com/thumb/a4550337e199.jpg,2025-12-09 18:00:00-08:00
638,2025-12-09,18,103,,YT_LONG,[TITLE] - Deep Dive with the Dev Team,#PlayStation,https://cdn.playstation.com/thumb/8efc3c8904b9.jpg,2025-12-09 20:00:00-08:00
639,2025-12-09,18,104,2,YT_SHORT,Behind the scenes: making [TITLE] #PlayStation #Shorts,#PlayStation #Shorts #Gaming,https://cdn.playstation.com/thumb/16e4f424e0ff.jpg,2025-12-09 14:00:00-08:00
640,2025-12-09,18,104,2,YT_TRAILER,[TITLE] - Official Launch Trailer | PS5,#PlayStation,https://cdn.playstation.com/thumb/0d8f1a82f030.jpg,2025-12-09 14:00:00-08:00
641,2025-12-09,18,104,2,TT_TRENDING,gamers tell us their favorite PS5 moment,#PS5 #fyp #gamertok,https://cdn.playstation.com/thumb/a4550337e199.jpg,2025-12-09 18:00:00-08:00
642,2025-12-09,18,109,8,IG_POST,Drop a 🎮 if you're playing [TITLE] this weekend,#PlayStation,https://cdn.playstation.com/thumb/2c62484ca2a8.jpg,2025-12-09 11:00:00-08:00
643,2025-12-09,18,113,19,IG_STORY,Out now on PS5 🔥,#PlayStation,https://cdn.playstation.com/thumb/3650717a9315.jpg,2025-12-09 17:00:00-08:00
644,2025-12-09,18,113,19,IG_POST,Drop a 🎮 if you're playing [TITLE] this weekend,#PlayStation,https://cdn.playstation.com/thumb/2c62484ca2a8.jpg,2025-12-09 11:00:00-08:00
645,2025-12-09,18,102,,IG_REEL,POV: you finally got [TITLE] 🎮,#PlayStation #PS5 #Gaming,https://cdn.playstation.com/thumb/de5b7850a533.jpg,2025-12-09 13:00:00-08:00
646,2025-12-09,19,105,1,TT_TRENDING,gamers tell us their favorite PS5 moment,#PS5 #fyp #gamertok,https://cdn.playstation.com/thumb/a4550337e199.jpg,2025-12-09 18:00:00-08:00
647,2025-12-09,19,102,,TT_TRENDING,gamers tell us their favorite PS5 moment,#PS5 #fyp #gamertok,https://cdn.playstation.com/thumb/a4550337e199.jpg,2025-12-09 18:00:00-08:00
648,2025-12-09,19,113,19,BLOG_DEV_DIARY,Dev diary #7 - crafting [TITLE],#PlayStation,https://cdn.playstation.com/thumb/2696e57611dd.jpg,2025-12-09 11:00:00-08:00
649,2025-12-09,19,105,1,BLOG_DEV_DIARY,Dev diary #7 - crafting [TITLE],#PlayStation,https://cdn.playstation.com/thumb/2696e57611dd.jpg,2025-12-09 11:00:00-08:00
650,2025-12-09,19,113,19,BLOG_POST,[TITLE]: Everything you need to know,#PlayStation,https://cdn.playstation.com/thumb/fe5252895124.jpg,2025-12-09 16:00:00-08:00
651,2025-12-09,20,109,8,TT_TRENDING,gamers tell us their favorite PS5 moment,#PS5 #fyp #gamertok,https://cdn.playstation.com/thumb/a4550337e199.jpg,2025-12-09 18:00:00-08:00
652,2025-12-09,20,109,8,BLOG_POST,[TITLE]: Everything you need to know,#PlayStation,https://cdn.playstation.com/thumb/fe5252895124.jpg,2025-12-09 16:00:00-08:00
653,2025-12-09,20,105,1,YT_SHORT,Behind the scenes: making [TITLE] #PlayStation #Shorts,#PlayStation #Shorts #Gaming,https://cdn.playstation.com/thumb/16e4f424e0ff.jpg,2025-12-09 14:00:00-08:00
654,2025-12-09,20,107,,BLOG_DEV_DIARY,Dev diary #7 - crafting [TITLE],#PlayStation,https://cdn.playstation.com/thumb/2696e57611dd.jpg,2025-12-09 11:00:00-08:00
655,2025-12-09,20,109,8,IG_POST,Drop a 🎮 if you're playing [TITLE] this weekend,#PlayStation,https://cdn.playstation.com/thumb/2c62484ca2a8.jpg,2025-12-09 11:00:00-08:00
656,2025-12-10,12,103,,BLOG_DEV_DIARY,Dev diary #7 - crafting [TITLE],#PlayStation,https://cdn.playstation.com/thumb/99a32214f968.jpg,2025-12-10 10:00:00-08:00
657,2025-12-10,12,113,19,BLOG_DEV_DIARY,Dev diary #7 - crafting [TITLE],#PlayStation,https://cdn.playstation.com/thumb/99a32214f968.jpg,2025-12-10 10:00:00-08:00
658,2025-12-10,12,102,,BLOG_DEV_DIARY,Dev diary #7 - crafting [TITLE],#PlayStation,https://cdn.playstation.com/thumb/99a32214f968.jpg,2025-12-10 10:00:00-08:00
659,2025-12-10,12,101,,TT_TRENDING,gamers tell us their favorite PS5 moment,#PS5 #fyp #gamertok,https://cdn.playstation.com/thumb/a10ee2c80091.jpg,2025-12-10 19:00:00-08:00
660,2025-12-10,12,113,19,IG_STORY,Out now on PS5 🔥,#PlayStation,https://cdn.playstation.com/thumb/91cd1257a76a.jpg,2025-12-10 09:00:00-08:00
661,2025-12-10,12,105,1,IG_POST,Drop a 🎮 if you're playing [TITLE] this weekend,#PlayStation,https://cdn.playstation.com/thumb/7c0d353321ef.jpg,2025-12-10 17:00:00-08:00
662,2025-12-10,12,105,1,TT_VIDEO,when the [TITLE] cutscene hits different,#PlayStation #fyp #gaming,https://cdn.playstation.com/thumb/3dea5c2cfecb.jpg,2025-12-10 16:00:00-08:00
663,2025-12-10,12,102,,YT_SHORT,Behind the scenes: making [TITLE] #PlayStation #Shorts,#PlayStation #Shorts #Gaming,https://cdn.playstation.com/thumb/7f6cb861aaa8.jpg,2025-12-10 15:00:00-08:00
664,2025-12-10,12,107,,BLOG_POST,[TITLE]: Everything you need to know,#PlayStation,https://cdn.playstation.com/thumb/1b9983180e46.jpg,2025-12-10 13:00:00-08:00
665,2025-12-10,12,107,,IG_POST,Drop a 🎮 if you're playing [TITLE] this weekend,#PlayStation,https://cdn.playstation.com/thumb/7c0d353321ef.jpg,2025-12-10 17:00:00-08:00
666,2025-12-10,12,105,1,BLOG_DEV_DIARY,Dev diary #7 - crafting [TITLE],#PlayStation,https://cdn.playstation.com/thumb/99a32214f968.jpg,2025-12-10 10:00:00-08:00
667,2025-12-10,18,107,,BLOG_DEV_DIARY,Dev diary #7 - crafting [TITLE],#PlayStation,https://cdn.playstation.com/thumb/99a32214f968.jpg,2025-12-10 10:00:00-08:00
668,2025-12-10,18,102,,IG_STORY,Out now on PS5 🔥,#PlayStation,https://cdn.playstation.com/thumb/91cd1257a76a.jpg,2025-12-10 09:00:00-08:00
669,2025-12-10,18,101,,BLOG_POST,[TITLE]: Everything you need to know,#PlayStation,https://cdn.playstation.com/thumb/1b9983180e46.jpg,2025-12-10 13:00:00-08:00
670,2025-12-10,18,108,,IG_POST,Drop a 🎮 if you're playing [TITLE] this weekend,#PlayStation,https://cdn.playstation.com/thumb/7c0d353321ef.jpg,2025-12-10 17:00:00-08:00
671,2025-12-10,18,113,19,YT_LONG,[TITLE] - Deep Dive with the Dev Team,#PlayStation,https://cdn.playstation.com/thumb/7868c61a7154.jpg,2025-12-10 10:00:00-08:00
672,2025-12-10,18,103,,YT_TRAILER,[TITLE] - Official Launch Trailer | PS5,#PlayStation,https://cdn.playstation.com/thumb/3dad42839c31.jpg,2025-12-10 20:00:00-08:00
673,2025-12-10,18,108,,BLOG_POST,[TITLE]: Everything you need to know,#PlayStation,https://cdn.playstation.com/thumb/1b9983180e46.jpg,2025-12-10 13:00:00-08:00
674,2025-12-10,18,108,,BLOG_DEV_DIARY,Dev diary #7 - crafting [TITLE],#PlayStation,https://cdn.playstation.com/thumb/99a32214f968.jpg,2025-12-10 10:00:00-08:00
675,2025-12-10,18,102,,YT_LONG,[TITLE] - Deep Dive with the Dev Team,#PlayStation,https://cdn.playstation.com/thumb/7868c61a7154.jpg,2025-12-10 10:00:00-08:00
676,2025-12-10,18,108,,IG_REEL,POV: you finally got [TITLE] 🎮,#PlayStation #PS5 #Gaming,https://cdn.playstation.com/thumb/7554fa7c9d84.jpg,2025-12-10 18:00:00-08:00
677,2025-12-10,19,109,8,TT_VIDEO,when the [TITLE] cutscene hits different,#PlayStation #fyp #gaming,https://cdn.playstation.com/thumb/3dea5c2cfecb.jpg,2025-12-10 16:00:00-08:00
678,2025-12-10,19,107,,YT_TRAILER,[TITLE] - Official Launch Trailer | PS5,#PlayStation,https://cdn.playstation.com/thumb/3dad42839c31.jpg,2025-12-10 20:00:00-08:00
679,2025-12-10,19,102,,BLOG_POST,[TITLE]: Everything you need to know,#PlayStation,https://cdn.playstation.com/thumb/1b9983180e46.jpg,2025-12-10 13:00:00-08:00
680,2025-12-10,19,107,,YT_SHORT,Behind the scenes: making [TITLE] #PlayStation #Shorts,#PlayStation #Shorts #Gaming,https://cdn.playstation.com/thumb/7f6cb861aaa8.jpg,2025-12-10 15:00:00-08:00
681,2025-12-10,19,101,,YT_TRAILER,[TITLE] - Official Launch Trailer | PS5,#PlayStation,https://cdn.playstation.com/thumb/3dad42839c31.jpg,2025-12-10 20:00:00-08:00
682,2025-12-10,19,113,19,BLOG_DEV_DIARY,Dev diary #7 - crafting [TITLE],#PlayStation,https://cdn.playstation.com/thumb/99a32214f968.jpg,2025-12-10 10:00:00-08:00
683,2025-12-10,19,102,,IG_POST,Drop a 🎮 if you're playing [TITLE] this weekend,#PlayStation,https://cdn.playstation.com/thumb/7c0d353321ef.jpg,2025-12-10 17:00:00-08:00
684,2025-12-10,20,103,,TT_VIDEO,when the [TITLE] cutscene hits different,#PlayStation #fyp #gaming,https://cdn.playstation.com/thumb/3dea5c2cfecb.jpg,2025-12-10 16:00:00-08:00
685,2025-12-10,20,109,8,YT_SHORT,Behind the scenes: making [TITLE] #PlayStation #Shorts,#PlayStation #Shorts #Gaming,https://cdn.playstation.com/thumb/7f6cb861aaa8.jpg,2025-12-10 15:00:00-08:00
686,2025-12-10,20,101,,IG_POST,Drop a 🎮 if you're playing [TITLE] this weekend,#PlayStation,https://cdn.playstation.com/thumb/7c0d353321ef.jpg,2025-12-10 17:00:00-08:00
687,2025-12-10,20,107,,YT_SHORT,Behind the scenes: making [TITLE] #PlayStation #Shorts,#PlayStation #Shorts #Gaming,https://cdn.playstation.com/thumb/7f6cb861aaa8.jpg,2025-12-10 15:00:00-08:00
688,2025-12-10,20,105,1,YT_LONG,[TITLE] - Deep Dive with the Dev Team,#PlayStation,https://cdn.playstation.com/thumb/7868c61a7154.jpg,2025-12-10 10:00:00-08:00
689,2025-12-10,20,105,1,YT_TRAILER,[TITLE] - Official Launch Trailer | PS5,#PlayStation,https://cdn.playstation.com/thumb/3dad42839c31.jpg,2025-12-10 20:00:00-08:00
690,2025-12-11,12,107,,IG_POST,Drop a 🎮 if you're playing [TITLE] this weekend,#PlayStation,https://cdn.playstation.com/thumb/03eaefc20e53.jpg,2025-12-11 09:00:00-08:00
691,2025-12-11,12,108,,IG_REEL,POV: you finally got [TITLE] 🎮,#PlayStation #PS5 #Gaming,https://cdn.playstation.com/thumb/37eada49e061.jpg,2025-12-11 10:00:00-08:00
692,2025-12-11,12,107,,YT_LONG,[TITLE] - Deep Dive with the Dev Team,#PlayStation,https://cdn.playstation.com/thumb/e9e1722fd38e.jpg,2025-12-11 19:00:00-08:00
693,2025-12-11,12,101,,YT_SHORT,Behind the scenes: making [TITLE] #PlayStation #Shorts,#PlayStation #Shorts #Gaming,https://cdn.playstation.com/thumb/21b34ae4c3b9.jpg,2025-12-11 19:00:00-08:00
694,2025-12-11,12,103,,BLOG_POST,[TITLE]: Everything you need to know,#PlayStation,https://cdn.playstation.com/thumb/00785be6b852.jpg,2025-12-11 14:00:00-08:00
695,2025-12-11,12,101,,BLOG_POST,[TITLE]: Everything you need to know,#PlayStation,https://cdn.playstation.com/thumb/00785be6b852.jpg,2025-12-11 14:00:00-08:00
696,2025-12-11,12,108,,IG_STORY,Out now on PS5 🔥,#PlayStation,https://cdn.playstation.com/thumb/b195ca978450.jpg,2025-12-11 11:00:00-08:00
697,2025-12-11,18,107,,IG_POST,Drop a 🎮 if you're playing [TITLE] this weekend,#PlayStation,https://cdn.playstation.com/thumb/03eaefc20e53.jpg,2025-12-11 09:00:00-08:00
698,2025-12-11,18,105,1,BLOG_POST,[TITLE]: Everything you need to know,#PlayStation,https://cdn.playstation.com/thumb/00785be6b852.jpg,2025-12-11 14:00:00-08:00
699,2025-12-11,18,104,2,TT_VIDEO,when the [TITLE] cutscene hits different,#PlayStation #fyp #gaming,https://cdn.playstation.com/thumb/ff4863bfccb6.jpg,2025-12-11 15:00:00-08:00
700,2025-12-11,18,108,,BLOG_DEV_DIARY,Dev diary #7 - crafting [TITLE],#PlayStation,https://cdn.playstation.com/thumb/8700aa8d840f.jpg,2025-12-11 17:00:00-08:00
701,2025-12-11,18,104,2,BLOG_DEV_DIARY,Dev diary #7 - crafting [TITLE],#PlayStation,https://cdn.playstation.com/thumb/8700aa8d840f.jpg,2025-12-11 17:00:00-08:00
702,2025-12-11,18,105,1,YT_TRAILER,[TITLE] - Official Launch Trailer | PS5,#PlayStation,https://cdn.playstation.com/thumb/7900b4d70d5a.jpg,2025-12-11 16:00:00-08:00
703,2025-12-11,18,109,8,TT_TRENDING,gamers tell us their favorite PS5 moment,#PS5 #fyp #gamertok,https://cdn.playstation.com/thumb/f10a7b364483.jpg,2025-12-11 13:00:00-08:00
704,2025-12-11,19,104,2,IG_STORY,Out now on PS5 🔥,#PlayStation,https://cdn.playstation.com/thumb/b195ca978450.jpg,2025-12-11 11:00:00-08:00
705,2025-12-11,19,102,,YT_TRAILER,[TITLE] - Official Launch Trailer | PS5,#PlayStation,https://cdn.playstation.com/thumb/7900b4d70d5a.jpg,2025-12-11 16:00:00-08:00
706,2025-12-11,19,108,,YT_TRAILER,[TITLE] - Official Launch Trailer | PS5,#PlayStation,https://cdn.playstation.com/thumb/7900b4d70d5a.jpg,2025-12-11 16:00:00-08:00
707,2025-12-11,19,104,2,TT_VIDEO,when the [TITLE] cutscene hits different,#PlayStation #fyp #gaming,https://cdn.playstation.com/thumb/ff4863bfccb6.jpg,2025-12-11 15:00:00-08:00
708,2025-12-11,19,113,19,TT_TRENDING,gamers tell us their favorite PS5 moment,#PS5 #fyp #gamertok,https://cdn.playstation.com/thumb/f10a7b364483.jpg,2025-12-11 13:00:00-08:00
709,2025-12-11,19,109,8,IG_STORY,Out now on PS5 🔥,#PlayStation,https://cdn.playstation.com/thumb/b195ca978450.jpg,2025-12-11 11:00:00-08:00
710,2025-12-11,19,102,,TT_VIDEO,when the [TITLE] cutscene hits different,#PlayStation #fyp #gaming,https://cdn.playstation.com/thumb/ff4863bfccb6.jpg,2025-12-11 15:00:00-08:00
711,2025-12-11,20,101,,IG_STORY,Out now on PS5 🔥,#PlayStation,https://cdn.playstation.com/thumb/b195ca978450.jpg,2025-12-11 11:00:00-08:00
712,2025-12-11,20,103,,YT_SHORT,Behind the scenes: making [TITLE] #PlayStation #Shorts,#PlayStation #Shorts #Gaming,https://cdn.playstation.com/thumb/21b34ae4c3b9.jpg,2025-12-11 19:00:00-08:00
713,2025-12-11,20,113,19,IG_STORY,Out now on PS5 🔥,#PlayStation,https://cdn.playstation.com/thumb/b195ca978450.jpg,2025-12-11 11:00:00-08:00
714,2025-12-11,20,113,19,BLOG_POST,[TITLE]: Everything you need to know,#PlayStation,https://cdn.playstation.com/thumb/00785be6b852.jpg,2025-12-11 14:00:00-08:00
715,2025-12-11,20,101,,BLOG_DEV_DIARY,Dev diary #7 - crafting [TITLE],#PlayStation,https://cdn.playstation.com/thumb/8700aa8d840f.jpg,2025-12-11 17:00:00-08:00
716,2025-12-11,20,105,1,YT_LONG,[TITLE] - Deep Dive with the Dev Team,#PlayStation,https://cdn.playstation.com/thumb/e9e1722fd38e.jpg,2025-12-11 19:00:00-08:00
717,2025-12-12,12,107,,TT_VIDEO,when the [TITLE] cutscene hits different,#PlayStation #fyp #gaming,https://cdn.playstation.com/thumb/cf276890ba79.jpg,2025-12-12 12:00:00-08:00
718,2025-12-12,12,105,1,TT_VIDEO,when the [TITLE] cutscene hits different,#PlayStation #fyp #gaming,https://cdn.playstation.com/thumb/cf276890ba79.jpg,2025-12-12 12:00:00-08:00
719,2025-12-12,12,104,2,BLOG_DEV_DIARY,Dev diary #7 - crafting [TITLE],#PlayStation,https://cdn.playstation.com/thumb/ed3d07d70e11.jpg,2025-12-12 15:00:00-08:00
720,2025-12-12,12,103,,YT_TRAILER,[TITLE] - Official Launch Trailer | PS5,#PlayStation,https://cdn.playstation.com/thumb/14700e23d6bd.jpg,2025-12-12 15:00:00-08:00
721,2025-12-12,12,113,19,TT_TRENDING,gamers tell us their favorite PS5 moment,#PS5 #fyp #gamertok,https://cdn.playstation.com/thumb/5e10da47d76d.jpg,2025-12-12 11:00:00-08:00
722,2025-12-12,12,101,,YT_TRAILER,[TITLE] - Official Launch Trailer | PS5,#PlayStation,https://cdn.playstation.com/thumb/14700e23d6bd.jpg,2025-12-12 15:00:00-08:00
723,2025-12-12,12,107,,BLOG_DEV_DIARY,Dev diary #7 - crafting [TITLE],#PlayStation,https://cdn.playstation.com/thumb/ed3d07d70e11.jpg,2025-12-12 15:00:00-08:00
724,2025-12-12,12,113,19,YT_SHORT,Behind the scenes: making [TITLE] #PlayStation #Shorts,#PlayStation #Shorts #Gaming,https://cdn.playstation.com/thumb/3049aec1f6c2.jpg,2025-12-12 09:00:00-08:00
725,2025-12-12,12,101,,BLOG_POST,[TITLE]: Everything you need to know,#PlayStation,https://cdn.playstation.com/thumb/7e0101a717ad.jpg,2025-12-12 11:00:00-08:00
726,2025-12-12,18,107,,IG_STORY,Out now on PS5 🔥,#PlayStation,https://cdn.playstation.com/thumb/96250ea29fc3.jpg,2025-12-12 19:00:00-08:00
727,2025-12-12,18,107,,TT_VIDEO,when the [TITLE] cutscene hits different,#PlayStation #fyp #gaming,https://cdn.playstation.com/thumb/cf276890ba79.jpg,2025-12-12 12:00:00-08:00
728,2025-12-12,18,108,,TT_VIDEO,when the [TITLE] cutscene hits different,#PlayStation #fyp #gaming,https://cdn.playstation.com/thumb/cf276890ba79.jpg,2025-12-12 12:00:00-08:00
729,2025-12-12,18,103,,YT_TRAILER,[TITLE] - Official Launch Trailer | PS5,#PlayStation,https://cdn.playstation.com/thumb/14700e23d6bd.jpg,2025-12-12 15:00:00-08:00
730,2025-12-12,18,101,,BLOG_POST,[TITLE]: Everything you need to know,#PlayStation,https://cdn.playstation.com/thumb/7e0101a717ad.jpg,2025-12-12 11:00:00-08:00
731,2025-12-12,18,104,2,BLOG_POST,[TITLE]: Everything you need to know,#PlayStation,https://cdn.playstation.com/thumb/7e0101a717ad.jpg,2025-12-12 11:00:00-08:00
732,2025-12-12,18,105,1,TT_TRENDING,gamers tell us their favorite PS5 moment,#PS5 #fyp #gamertok,https://cdn.playstation.com/thumb/5e10da47d76d.jpg,2025-12-12 11:00:00-08:00
733,2025-12-12,18,107,,YT_LONG,[TITLE] - Deep Dive with the Dev Team,#PlayStation,https://cdn.playstation.com/thumb/08d355043c06.jpg,2025-12-12 16:00:00-08:00
734,2025-12-12,18,105,1,BLOG_DEV_DIARY,Dev diary #7 - crafting [TITLE],#PlayStation,https://cdn.playstation.com/thumb/ed3d07d70e11.jpg,2025-12-12 15:00:00-08:00
735,2025-12-12,18,105,1,IG_STORY,Out now on PS5 🔥,#PlayStation,https://cdn.playstation.com/thumb/96250ea29fc3.jpg,2025-12-12 19:00:00-08:00
736,2025-12-12,19,113,19,YT_SHORT,Behind the scenes: making [TITLE] #PlayStation #Shorts,#PlayStation #Shorts #Gaming,https://cdn.playstation.com/thumb/3049aec1f6c2.jpg,2025-12-12 09:00:00-08:00
737,2025-12-12,19,103,,BLOG_DEV_DIARY,Dev diary #7 - crafting [TITLE],#PlayStation,https://cdn.playstation.com/thumb/ed3d07d70e11.jpg,2025-12-12 15:00:00-08:00
738,2025-12-12,19,107,,IG_REEL,POV: you finally got [TITLE] 🎮,#PlayStation #PS5 #Gaming,https://cdn.playstation.com/thumb/9c876f9e7665.jpg,2025-12-12 09:00:00-08:00
739,2025-12-12,19,103,,TT_TRENDING,gamers tell us their favorite PS5 moment,#PS5 #fyp #gamertok,https://cdn.playstation.com/thumb/5e10da47d76d.jpg,2025-12-12 11:00:00-08:00
740,2025-12-12,19,104,2,IG_REEL,POV: you finally got [TITLE] 🎮,#PlayStation #PS5 #Gaming,https://cdn.playstation.com/thumb/9c876f9e7665.jpg,2025-12-12 09:00:00-08:00
741,2025-12-12,19,101,,IG_STORY,Out now on PS5 🔥,#PlayStation,https://cdn.playstation.com/thumb/96250ea29fc3.jpg,2025-12-12 19:00:00-08:00
742,2025-12-12,20,103,,TT_TRENDING,gamers tell us their favorite PS5 moment,#PS5 #fyp #gamertok,https://cdn.playstation.com/thumb/5e10da47d76d.jpg,2025-12-12 11:00:00-08:00
743,2025-12-12,20,107,,IG_STORY,Out now on PS5 🔥,#PlayStation,https://cdn.playstation.com/thumb/96250ea29fc3.jpg,2025-12-12 19:00:00-08:00
744,2025-12-12,20,109,8,BLOG_DEV_DIARY,Dev diary #7 - crafting [TITLE],#PlayStation,https://cdn.playstation.com/thumb/ed3d07d70e11.jpg,2025-12-12 15:00:00-08:00
745,2025-12-12,20,102,,YT_TRAILER,[TITLE] - Official Launch Trailer | PS5,#PlayStation,https://cdn.playstation.com/thumb/14700e23d6bd.jpg,2025-12-12 15:00:00-08:00
746,2025-12-12,20,104,2,YT_TRAILER,[TITLE] - Official Launch Trailer | PS5,#PlayStation,https://cdn.playstation.com/thumb/14700e23d6bd.jpg,2025-12-12 15:00:00-08:00
747,2025-12-12,20,108,,TT_VIDEO,when the [TITLE] cutscene hits different,#PlayStation #fyp #gaming,https://cdn.playstation.com/thumb/cf276890ba79.jpg,2025-12-12 12:00:00-08:00
748,2025-12-12,20,107,,YT_SHORT,Behind the scenes: making [TITLE] #PlayStation #Shorts,#PlayStation #Shorts #Gaming,https://cdn.playstation.com/thumb/3049aec1f6c2.jpg,2025-12-12 09:00:00-08:00
749,2025-12-12,20,107,,BLOG_DEV_DIARY,Dev diary #7 - crafting [TITLE],#PlayStation,https://cdn.playstation.com/thumb/ed3d07d70e11.jpg,2025-12-12 15:00:00-08:00
750,2025-12-12,20,104,2,TT_VIDEO,when the [TITLE] cutscene hits different,#PlayStation #fyp #gaming,https://cdn.playstation.com/thumb/cf276890ba79.jpg,2025-12-12 12:00:00-08:00
751,2025-12-12,20,109,8,IG_REEL,POV: you finally got [TITLE] 🎮,#PlayStation #PS5 #Gaming,https://cdn.playstation.com/thumb/9c876f9e7665.jpg,2025-12-12 09:00:00-08:00
752,2025-12-12,20,107,,TT_VIDEO,when the [TITLE] cutscene hits different,#PlayStation #fyp #gaming,https://cdn.playstation.com/thumb/cf276890ba79.jpg,2025-12-12 12:00:00-08:00
753,2025-12-13,12,104,2,TT_VIDEO,when the [TITLE] cutscene hits different,#PlayStation #fyp #gaming,https://cdn.playstation.com/thumb/2eaeeff86956.jpg,2025-12-13 11:00:00-08:00
754,2025-12-13,12,109,8,TT_TRENDING,gamers tell us their favorite PS5 moment,#PS5 #fyp #gamertok,https://cdn.playstation.com/thumb/cf3b9e0226ff.jpg,2025-12-13 13:00:00-08:00
755,2025-12-13,12,105,1,TT_TRENDING,gamers tell us their favorite PS5 moment,#PS5 #fyp #gamertok,https://cdn.playstation.com/thumb/cf3b9e0226ff.jpg,2025-12-13 13:00:00-08:00
756,2025-12-13,12,102,,TT_VIDEO,when the [TITLE] cutscene hits different,#PlayStation #fyp #gaming,https://cdn.playstation.com/thumb/2eaeeff86956.jpg,2025-12-13 11:00:00-08:00
757,2025-12-13,12,109,8,IG_REEL,POV: you finally got [TITLE] 🎮,#PlayStation #PS5 #Gaming,https://cdn.playstation.com/thumb/14776ef79615.jpg,2025-12-13 20:00:00-08:00
758,2025-12-13,12,105,1,BLOG_POST,[TITLE]: Everything you need to know,#PlayStation,https://cdn.playstation.com/thumb/2cf1250b0c24.jpg,2025-12-13 18:00:00-08:00
759,2025-12-13,12,109,8,YT_SHORT,Behind the scenes: making [TITLE] #PlayStation #Shorts,#PlayStation #Shorts #Gaming,https://cdn.playstation.com/thumb/62cd2ef727de.jpg,2025-12-13 18:00:00-08:00
760,2025-12-13,18,104,2,YT_SHORT,Behind the scenes: making [TITLE] #PlayStation #Shorts,#PlayStation #Shorts #Gaming,https://cdn.playstation.com/thumb/62cd2ef727de.jpg,2025-12-13 18:00:00-08:00
761,2025-12-13,18,107,,YT_LONG,[TITLE] - Deep Dive with the Dev Team,#PlayStation,https://cdn.playstation.com/thumb/b972b9570bfd.jpg,2025-12-13 19:00:00-08:00
762,2025-12-13,18,105,1,IG_REEL,POV: you finally got [TITLE] 🎮,#PlayStation #PS5 #Gaming,https://cdn.playstation.com/thumb/14776ef79615.jpg,2025-12-13 20:00:00-08:00
763,2025-12-13,18,101,,IG_STORY,Out now on PS5 🔥,#PlayStation,https://cdn.playstation.com/thumb/9f79f5e88de0.jpg,2025-12-13 15:00:00-08:00
764,2025-12-13,18,105,1,BLOG_POST,[TITLE]: Everything you need to know,#PlayStation,https://cdn.playstation.com/thumb/2cf1250b0c24.jpg,2025-12-13 18:00:00-08:00
765,2025-12-13,18,107,,TT_TRENDING,gamers tell us their favorite PS5 moment,#PS5 #fyp #gamertok,https://cdn.playstation.com/thumb/cf3b9e0226ff.jpg,2025-12-13 13:00:00-08:00
766,2025-12-13,18,113,19,TT_VIDEO,when the [TITLE] cutscene hits different,#PlayStation #fyp #gaming,https://cdn.playstation.com/thumb/2eaeeff86956.jpg,2025-12-13 11:00:00-08:00
767,2025-12-13,18,109,8,BLOG_DEV_DIARY,Dev diary #7 - crafting [TITLE],#PlayStation,https://cdn.playstation.com/thumb/f55230401f0a.jpg,2025-12-13 15:00:00-08:00
768,2025-12-13,19,101,,IG_REEL,POV: you finally got [TITLE] 🎮,#PlayStation #PS5 #Gaming,https://cdn.playstation.com/thumb/14776ef79615.jpg,2025-12-13 20:00:00-08:00
769,2025-12-13,19,113,19,TT_VIDEO,when the [TITLE] cutscene hits different,#PlayStation #fyp #gaming,https://cdn.playstation.com/thumb/2eaeeff86956.jpg,2025-12-13 11:00:00-08:00
770,2025-12-13,19,104,2,TT_TRENDING,gamers tell us their favorite PS5 moment,#PS5 #fyp #gamertok,https://cdn.playstation.com/thumb/cf3b9e0226ff.jpg,2025-12-13 13:00:00-08:00
771,2025-12-13,19,103,,YT_SHORT,Behind the scenes: making [TITLE] #PlayStation #Shorts,#PlayStation #Shorts #Gaming,https://cdn.playstation.com/thumb/62cd2ef727de.jpg,2025-12-13 18:00:00-08:00
772,2025-12-13,19,104,2,BLOG_DEV_DIARY,Dev diary #7 - crafting [TITLE],#PlayStation,https://cdn.playstation.com/thumb/f55230401f0a.jpg,2025-12-13 15:00:00-08:00
773,2025-12-13,19,113,19,BLOG_DEV_DIARY,Dev diary #7 - crafting [TITLE],#PlayStation,https://cdn.playstation.com/thumb/f55230401f0a.jpg,2025-12-13 15:00:00-08:00
774,2025-12-13,19,103,,BLOG_DEV_DIARY,Dev diary #7 - crafting [TITLE],#PlayStation,https://cdn.playstation.com/thumb/f55230401f0a.jpg,2025-12-13 15:00:00-08:00
775,2025-12-13,20,101,,TT_TRENDING,gamers tell us their favorite PS5 moment,#PS5 #fyp #gamertok,https://cdn.playstation.com/thumb/cf3b9e0226ff.jpg,2025-12-13 13:00:00-08:00
776,2025-12-13,20,109,8,BLOG_POST,[TITLE]: Everything you need to know,#PlayStation,https://cdn.playstation.com/thumb/2cf1250b0c24.jpg,2025-12-13 18:00:00-08:00
777,2025-12-13,20,104,2,YT_SHORT,Behind the scenes: making [TITLE] #PlayStation #Shorts,#PlayStation #Shorts #Gaming,https://cdn.playstation.com/thumb/62cd2ef727de.jpg,2025-12-13 18:00:00-08:00
778,2025-12-13,20,104,2,IG_STORY,Out now on PS5 🔥,#PlayStation,https://cdn.playstation.com/thumb/9f79f5e88de0.jpg,2025-12-13 15:00:00-08:00
779,2025-12-13,20,113,19,BLOG_POST,[TITLE]: Everything you need to know,#PlayStation,https://cdn.playstation.com/thumb/2cf1250b0c24.jpg,2025-12-13 18:00:00-08:00
780,2025-12-13,20,109,8,IG_POST,Drop a 🎮 if you're playing [TITLE] this weekend,#PlayStation,https://cdn.playstation.com/thumb/3a5011082303.jpg,2025-12-13 13:00:00-08:00
781,2025-12-13,20,105,1,YT_TRAILER,[TITLE] - Official Launch Trailer | PS5,#PlayStation,https://cdn.playstation.com/thumb/0d73aeccc590.jpg,2025-12-13 17:00:00-08:00
782,2025-12-13,20,105,1,TT_VIDEO,when the [TITLE] cutscene hits different,#PlayStation #fyp #gaming,https://cdn.playstation.com/thumb/2eaeeff86956.jpg,2025-12-13 11:00:00-08:00
783,2025-12-13,20,107,,BLOG_DEV_DIARY,Dev diary #7 - crafting [TITLE],#PlayStation,https://cdn.playstation.com/thumb/f55230401f0a.jpg,2025-12-13 15:00:00-08:00
784,2025-12-13,20,107,,YT_LONG,[TITLE] - Deep Dive with the Dev Team,#PlayStation,https://cdn.playstation.com/thumb/b972b9570bfd.jpg,2025-12-13 19:00:00-08:00
785,2025-12-13,20,103,,YT_LONG,[TITLE] - Deep Dive with the Dev Team,#PlayStation,https://cdn.playstation.com/thumb/b972b9570bfd.jpg,2025-12-13 19:00:00-08:00
786,2025-12-14,12,101,,YT_SHORT,Behind the scenes: making [TITLE] #PlayStation #Shorts,#PlayStation #Shorts #Gaming,https://cdn.playstation.com/thumb/13cb7441aff9.jpg,2025-12-14 18:00:00-08:00
787,2025-12-14,12,103,,YT_SHORT,Behind the scenes: making [TITLE] #PlayStation #Shorts,#PlayStation #Shorts #Gaming,https://cdn.playstation.com/thumb/13cb7441aff9.jpg,2025-12-14 18:00:00-08:00
788,2025-12-14,12,105,1,YT_TRAILER,[TITLE] - Official Launch Trailer | PS5,#PlayStation,https://cdn.playstation.com/thumb/d1bbf2e4fe1f.jpg,2025-12-14 13:00:00-08:00
789,2025-12-14,12,105,1,IG_REEL,POV: you finally got [TITLE] 🎮,#PlayStation #PS5 #Gaming,https://cdn.playstation.com/thumb/404c58ed25ad.jpg,2025-12-14 09:00:00-08:00
790,2025-12-14,12,103,,IG_POST,Drop a 🎮 if you're playing [TITLE] this weekend,#PlayStation,https://cdn.playstation.com/thumb/ab560ee8408a.jpg,2025-12-14 10:00:00-08:00
791,2025-12-14,12,101,,YT_LONG,[TITLE] - Deep Dive with the Dev Team,#PlayStation,https://cdn.playstation.com/thumb/9759676b031f.jpg,2025-12-14 18:00:00-08:00
792,2025-12-14,18,109,8,BLOG_POST,[TITLE]: Everything you need to know,#PlayStation,https://cdn.playstation.com/thumb/ccc112d6cb73.jpg,2025-12-14 17:00:00-08:00
793,2025-12-14,18,108,,IG_REEL,POV: you finally got [TITLE] 🎮,#PlayStation #PS5 #Gaming,https://cdn.playstation.com/thumb/404c58ed25ad.jpg,2025-12-14 09:00:00-08:00
794,2025-12-14,18,107,,YT_SHORT,Behind the scenes: making [TITLE] #PlayStation #Shorts,#PlayStation #Shorts #Gaming,https://cdn.playstation.com/thumb/13cb7441aff9.jpg,2025-12-14 18:00:00-08:00
795,2025-12-14,18,104,2,YT_SHORT,Behind the scenes: making [TITLE] #PlayStation #Shorts,#PlayStation #Shorts #Gaming,https://cdn.playstation.com/thumb/13cb7441aff9.jpg,2025-12-14 18:00:00-08:00
796,2025-12-14,18,109,8,TT_TRENDING,gamers tell us their favorite PS5 moment,#PS5 #fyp #gamertok,https://cdn.playstation.com/thumb/8acd29c1d084.jpg,2025-12-14 13:00:00-08:00
797,2025-12-14,18,101,,YT_SHORT,Behind the scenes: making [TITLE] #PlayStation #Shorts,#PlayStation #Shorts #Gaming,https://cdn.playstation.com/thumb/13cb7441aff9.jpg,2025-12-14 18:00:00-08:00
798,2025-12-14,18,101,,IG_REEL,POV: you finally got [TITLE] 🎮,#PlayStation #PS5 #Gaming,https://cdn.playstation.com/thumb/404c58ed25ad.jpg,2025-12-14 09:00:00-08:00
799,2025-12-14,19,105,1,BLOG_POST,[TITLE]: Everything you need to know,#PlayStation,https://cdn.playstation.com/thumb/ccc112d6cb73.jpg,2025-12-14 17:00:00-08:00
800,2025-12-14,19,102,,YT_TRAILER,[TITLE] - Official Launch Trailer | PS5,#PlayStation,https://cdn.playstation.com/thumb/d1bbf2e4fe1f.jpg,2025-12-14 13:00:00-08:00
801,2025-12-14,19,108,,TT_VIDEO,when the [TITLE] cutscene hits different,#PlayStation #fyp #gaming,https://cdn.playstation.com/thumb/bc44e90ad39d.jpg,2025-12-14 13:00:00-08:00
802,2025-12-14,19,107,,YT_TRAILER,[TITLE] - Official Launch Trailer | PS5,#PlayStation,https://cdn.playstation.com/thumb/d1bbf2e4fe1f.jpg,2025-12-14 13:00:00-08:00
803,2025-12-14,19,101,,YT_SHORT,Behind the scenes: making [TITLE] #PlayStation #Shorts,#PlayStation #Shorts #Gaming,https://cdn.playstation.com/thumb/13cb7441aff9.jpg,2025-12-14 18:00:00-08:00
804,2025-12-14,19,104,2,TT_VIDEO,when the [TITLE] cutscene hits different,#PlayStation #fyp #gaming,https://cdn.playstation.com/thumb/bc44e90ad39d.jpg,2025-12-14 13:00:00-08:00
805,2025-12-14,20,108,,BLOG_POST,[TITLE]: Everything you need to know,#PlayStation,https://cdn.playstation.com/thumb/ccc112d6cb73.jpg,2025-12-14 17:00:00-08:00
806,2025-12-14,20,108,,TT_VIDEO,when the [TITLE] cutscene hits different,#PlayStation #fyp #gaming,https://cdn.playstation.com/thumb/bc44e90ad39d.jpg,2025-12-14 13:00:00-08:00
807,2025-12-14,20,109,8,YT_TRAILER,[TITLE] - Official Launch Trailer | PS5,#PlayStation,https://cdn.playstation.com/thumb/d1bbf2e4fe1f.jpg,2025-12-14 13:00:00-08:00
808,2025-12-14,20,108,,TT_TRENDING,gamers tell us their favorite PS5 moment,#PS5 #fyp #gamertok,https://cdn.playstation.com/thumb/8acd29c1d084.jpg,2025-12-14 13:00:00-08:00
809,2025-12-14,20,104,2,BLOG_POST,[TITLE]: Everything you need to know,#PlayStation,https://cdn.playstation.com/thumb/ccc112d6cb73.jpg,2025-12-14 17:00:00-08:00
810,2025-12-14,20,102,,YT_TRAILER,[TITLE] - Official Launch Trailer | PS5,#PlayStation,https://cdn.playstation.com/thumb/d1bbf2e4fe1f.jpg,2025-12-14 13:00:00-08:00
811,2025-12-14,20,105,1,YT_SHORT,Behind the scenes: making [TITLE] #PlayStation #Shorts,#PlayStation #Shorts #Gaming,https://cdn.playstation.com/thumb/13cb7441aff9.jpg,2025-12-14 18:00:00-08:00
812,2025-12-14,20,105,1,YT_LONG,[TITLE] - Deep Dive with the Dev Team,#PlayStation,https://cdn.playstation.com/thumb/9759676b031f.jpg,2025-12-14 18:00:00-08:00
813,2025-12-14,20,104,2,IG_POST,Drop a 🎮 if you're playing [TITLE] this weekend,#PlayStation,https://cdn.playstation.com/thumb/ab560ee8408a.jpg,2025-12-14 10:00:00-08:00
814,2025-12-15,12,107,,IG_STORY,Out now on PS5 🔥,#PlayStation,https://cdn.playstation.com/thumb/d0251c5038ae.jpg,2025-12-15 17:00:00-08:00
815,2025-12-15,12,102,,IG_STORY,Out now on PS5 🔥,#PlayStation,https://cdn.playstation.com/thumb/d0251c5038ae.jpg,2025-12-15 17:00:00-08:00
816,2025-12-15,12,104,2,TT_VIDEO,when the [TITLE] cutscene hits different,#PlayStation #fyp #gaming,https://cdn.playstation.com/thumb/749e64fa2be3.jpg,2025-12-15 17:00:00-08:00
817,2025-12-15,12,109,8,IG_REEL,POV: you finally got [TITLE] 🎮,#PlayStation #PS5 #Gaming,https://cdn.playstation.com/thumb/e205dc53f6e2.jpg,2025-12-15 15:00:00-08:00
818,2025-12-15,12,109,8,YT_TRAILER,[TITLE] - Official Launch Trailer | PS5,#PlayStation,https://cdn.playstation.com/thumb/680b6b5831da.jpg,2025-12-15 15:00:00-08:00
819,2025-12-15,12,113,19,YT_LONG,[TITLE] - Deep Dive with the Dev Team,#PlayStation,https://cdn.playstation.com/thumb/946ac27ae3a5.jpg,2025-12-15 14:00:00-08:00
820,2025-12-15,18,107,,YT_TRAILER,[TITLE] - Official Launch Trailer | PS5,#PlayStation,https://cdn.playstation.com/thumb/680b6b5831da.jpg,2025-12-15 15:00:00-08:00
821,2025-12-15,18,103,,IG_REEL,POV: you finally got [TITLE] 🎮,#PlayStation #PS5 #Gaming,https://cdn.playstation.com/thumb/e205dc53f6e2.jpg,2025-12-15 15:00:00-08:00
822,2025-12-15,18,107,,IG_REEL,POV: you finally got [TITLE] 🎮,#PlayStation #PS5 #Gaming,https://cdn.playstation.com/thumb/e205dc53f6e2.jpg,2025-12-15 15:00:00-08:00
823,2025-12-15,18,105,1,BLOG_POST,[TITLE]: Everything you need to know,#PlayStation,https://cdn.playstation.com/thumb/16d34954b895.jpg,2025-12-15 15:00:00-08:00
824,2025-12-15,18,103,,TT_VIDEO,when the [TITLE] cutscene hits different,#PlayStation #fyp #gaming,https://cdn.playstation.com/thumb/749e64fa2be3.jpg,2025-12-15 17:00:00-08:00
825,2025-12-15,18,109,8,IG_POST,Drop a 🎮 if you're playing [TITLE] this weekend,#PlayStation,https://cdn.playstation.com/thumb/25216d1b5446.jpg,2025-12-15 17:00:00-08:00
826,2025-12-15,18,104,2,BLOG_POST,[TITLE]: Everything you need to know,#PlayStation,https://cdn.playstation.com/thumb/16d34954b895.jpg,2025-12-15 15:00:00-08:00
827,2025-12-15,19,107,,TT_TRENDING,gamers tell us their favorite PS5 moment,#PS5 #fyp #gamertok,https://cdn.playstation.com/thumb/e46a908fd803.jpg,2025-12-15 17:00:00-08:00
828,2025-12-15,19,105,1,IG_STORY,Out now on PS5 🔥,#PlayStation,https://cdn.playstation.com/thumb/d0251c5038ae.jpg,2025-12-15 17:00:00-08:00
829,2025-12-15,19,102,,BLOG_DEV_DIARY,Dev diary #7 - crafting [TITLE],#PlayStation,https://cdn.playstation.com/thumb/c3855e858df4.jpg,2025-12-15 18:00:00-08:00
830,2025-12-15,19,113,19,TT_TRENDING,gamers tell us their favorite PS5 moment,#PS5 #fyp #gamertok,https://cdn.playstation.com/thumb/e46a908fd803.jpg,2025-12-15 17:00:00-08:00
831,2025-12-15,19,103,,YT_LONG,[TITLE] - Deep Dive with the Dev Team,#PlayStation,https://cdn.playstation.com/thumb/946ac27ae3a5.jpg,2025-12-15 14:00:00-08:00
832,2025-12-15,19,108,,IG_REEL,POV: you finally got [TITLE] 🎮,#PlayStation #PS5 #Gaming,https://cdn.playstation.com/thumb/e205dc53f6e2.jpg,2025-12-15 15:00:00-08:00
833,2025-12-15,19,104,2,BLOG_POST,[TITLE]: Everything you need to know,#PlayStation,https://cdn.playstation.com/thumb/16d34954b895.jpg,2025-12-15 15:00:00-08:00
834,2025-12-15,19,105,1,IG_REEL,POV: you finally got [TITLE] 🎮,#PlayStation #PS5 #Gaming,https://cdn.playstation.com/thumb/e205dc53f6e2.jpg,2025-12-15 15:00:00-08:00
835,2025-12-15,19,109,8,IG_POST,Drop a 🎮 if you're playing [TITLE] this weekend,#PlayStation,https://cdn.playstation.com/thumb/25216d1b5446.jpg,2025-12-15 17:00:00-08:00
836,2025-12-15,20,108,,IG_REEL,POV: you finally got [TITLE] 🎮,#PlayStation #PS5 #Gaming,https://cdn.playstation.com/thumb/e205dc53f6e2.jpg,2025-12-15 15:00:00-08:00
837,2025-12-15,20,105,1,BLOG_POST,[TITLE]: Everything you need to know,#PlayStation,https://cdn.playstation.com/thumb/16d34954b895.jpg,2025-12-15 15:00:00-08:00
838,2025-12-15,20,103,,YT_LONG,[TITLE] - Deep Dive with the Dev Team,#PlayStation,https://cdn.playstation.com/thumb/946ac27ae3a5.jpg,2025-12-15 14:00:00-08:00
839,2025-12-15,20,101,,YT_LONG,[TITLE] - Deep Dive with the Dev Team,#PlayStation,https://cdn.playstation.com/thumb/946ac27ae3a5.jpg,2025-12-15 14:00:00-08:00
840,2025-12-15,20,103,,YT_TRAILER,[TITLE] - Official Launch Trailer | PS5,#PlayStation,https://cdn.playstation.com/thumb/680b6b5831da.jpg,2025-12-15 15:00:00-08:00
841,2025-12-15,20,107,,YT_SHORT,Behind the scenes: making [TITLE] #PlayStation #Shorts,#PlayStation #Shorts #Gaming,https://cdn.playstation.com/thumb/0b411566abc5.jpg,2025-12-15 09:00:00-08:00
842,2025-12-15,20,109,8,YT_SHORT,Behind the scenes: making [TITLE] #PlayStation #Shorts,#PlayStation #Shorts #Gaming,https://cdn.playstation.com/thumb/0b411566abc5.jpg,2025-12-15 09:00:00-08:00
843,2025-12-16,12,102,,YT_TRAILER,[TITLE] - Official Launch Trailer | PS5,#PlayStation,https://cdn.playstation.com/thumb/82dde57ac3a4.jpg,2025-12-16 15:00:00-08:00
844,2025-12-16,12,104,2,TT_TRENDING,gamers tell us their favorite PS5 moment,#PS5 #fyp #gamertok,https://cdn.playstation.com/thumb/b97108fb8fd2.jpg,2025-12-16 20:00:00-08:00
845,2025-12-16,12,103,,BLOG_DEV_DIARY,Dev diary #7 - crafting [TITLE],#PlayStation,https://cdn.playstation.com/thumb/0585683ea710.jpg,2025-12-16 12:00:00-08:00
846,2025-12-16,12,109,8,BLOG_POST,[TITLE]: Everything you need to know,#PlayStation,https://cdn.playstation.com/thumb/d652afd53a15.jpg,2025-12-16 15:00:00-08:00
847,2025-12-16,18,109,8,YT_LONG,[TITLE] - Deep Dive with the Dev Team,#PlayStation,https://cdn.playstation.com/thumb/fae9d70ea68e.jpg,2025-12-16 19:00:00-08:00
848,2025-12-16,18,103,,TT_TRENDING,gamers tell us their favorite PS5 moment,#PS5 #fyp #gamertok,https://cdn.playstation.com/thumb/b97108fb8fd2.jpg,2025-12-16 20:00:00-08:00
849,2025-12-16,18,113,19,BLOG_DEV_DIARY,Dev diary #7 - crafting [TITLE],#PlayStation,https://cdn.playstation.com/thumb/0585683ea710.jpg,2025-12-16 12:00:00-08:00
850,2025-12-16,18,104,2,YT_LONG,[TITLE] - Deep Dive with the Dev Team,#PlayStation,https://cdn.playstation.com/thumb/fae9d70ea68e.jpg,2025-12-16 19:00:00-08:00
851,2025-12-16,19,113,19,TT_TRENDING,gamers tell us their favorite PS5 moment,#PS5 #fyp #gamertok,https://cdn.playstation.com/thumb/b97108fb8fd2.jpg,2025-12-16 20:00:00-08:00
852,2025-12-16,19,107,,BLOG_DEV_DIARY,Dev diary #7 - crafting [TITLE],#PlayStation,https://cdn.playstation.com/thumb/0585683ea710.jpg,2025-12-16 12:00:00-08:00
853,2025-12-16,19,102,,BLOG_DEV_DIARY,Dev diary #7 - crafting [TITLE],#PlayStation,https://cdn.playstation.com/thumb/0585683ea710.jpg,2025-12-16 12:00:00-08:00
854,2025-12-16,19,107,,YT_LONG,[TITLE] - Deep Dive with the Dev Team,#PlayStation,https://cdn.playstation.com/thumb/fae9d70ea68e.jpg,2025-12-16 19:00:00-08:00
855,2025-12-16,20,108,,TT_VIDEO,when the [TITLE] cutscene hits different,#PlayStation #fyp #gaming,https://cdn.playstation.com/thumb/971a576b4ee2.jpg,2025-12-16 18:00:00-08:00
856,2025-12-16,20,103,,TT_TRENDING,gamers tell us their favorite PS5 moment,#PS5 #fyp #gamertok,https://cdn.playstation.com/thumb/b97108fb8fd2.jpg,2025-12-16 20:00:00-08:00
857,2025-12-16,20,103,,BLOG_POST,[TITLE]: Everything you need to know,#PlayStation,https://cdn.playstation.com/thumb/d652afd53a15.jpg,2025-12-16 15:00:00-08:00
858,2025-12-16,20,108,,YT_TRAILER,[TITLE] - Official Launch Trailer | PS5,#PlayStation,https://cdn.playstation.com/thumb/82dde57ac3a4.jpg,2025-12-16 15:00:00-08:00
859,2025-12-16,20,104,2,TT_TRENDING,gamers tell us their favorite PS5 moment,#PS5 #fyp #gamertok,https://cdn.playstation.com/thumb/b97108fb8fd2.jpg,2025-12-16 20:00:00-08:00
860,2025-12-16,20,113,19,YT_LONG,[TITLE] - Deep Dive with the Dev Team,#PlayStation,https://cdn.playstation.com/thumb/fae9d70ea68e.jpg,2025-12-16 19:00:00-08:00
861,2025-12-16,20,113,19,BLOG_POST,[TITLE]: Everything you need to know,#PlayStation,https://cdn.playstation.com/thumb/d652afd53a15.jpg,2025-12-16 15:00:00-08:00
862,2025-12-16,20,109,8,YT_LONG,[TITLE] - Deep Dive with the Dev Team,#PlayStation,https://cdn.playstation.com/thumb/fae9d70ea68e.jpg,2025-12-16 19:00:00-08:00
863,2025-12-17,12,108,,TT_VIDEO,when the [TITLE] cutscene hits different,#PlayStation #fyp #gaming,https://cdn.playstation.com/thumb/6e64ead76e22.jpg,2025-12-17 10:00:00-08:00
864,2025-12-17,12,103,,TT_VIDEO,when the [TITLE] cutscene hits different,#PlayStation #fyp #gaming,https://cdn.playstation.com/thumb/6e64ead76e22.jpg,2025-12-17 10:00:00-08:00
865,2025-12-17,12,103,,YT_TRAILER,[TITLE] - Official Launch Trailer | PS5,#PlayStation,https://cdn.playstation.com/thumb/60461b6deea1.jpg,2025-12-17 17:00:00-08:00
866,2025-12-17,12,108,,YT_LONG,[TITLE] - Deep Dive with the Dev Team,#PlayStation,https://cdn.playstation.com/thumb/a373f597f9d4.jpg,2025-12-17 10:00:00-08:00
867,2025-12-17,12,104,2,YT_LONG,[TITLE] - Deep Dive with the Dev Team,#PlayStation,https://cdn.playstation.com/thumb/a373f597f9d4.jpg,2025-12-17 10:00:00-08:00
868,2025-12-17,12,104,2,YT_TRAILER,[TITLE] - Official Launch Trailer | PS5,#PlayStation,https://cdn.playstation.com/thumb/60461b6deea1.jpg,2025-12-17 17:00:00-08:00
869,2025-12-17,12,109,8,BLOG_POST,[TITLE]: Everything you need to know,#PlayStation,https://cdn.playstation.com/thumb/5232a30dd868.jpg,2025-12-17 11:00:00-08:00
870,2025-12-17,18,103,,TT_VIDEO,when the [TITLE] cutscene hits different,#PlayStation #fyp #gaming,https://cdn.playstation.com/thumb/6e64ead76e22.jpg,2025-12-17 10:00:00-08:00
871,2025-12-17,18,108,,TT_VIDEO,when the [TITLE] cutscene hits different,#PlayStation #fyp #gaming,https://cdn.playstation.com/thumb/6e64ead76e22.jpg,2025-12-17 10:00:00-08:00
872,2025-12-17,18,102,,TT_TRENDING,gamers tell us their favorite PS5 moment,#PS5 #fyp #gamertok,https://cdn.playstation.com/thumb/16454bdfdbca.jpg,2025-12-17 09:00:00-08:00
873,2025-12-17,18,103,,IG_POST,Drop a 🎮 if you're playing [TITLE] this weekend,#PlayStation,https://cdn.playstation.com/thumb/ed5ab1194b94.jpg,2025-12-17 17:00:00-08:00
874,2025-12-17,18,107,,BLOG_POST,[TITLE]: Everything you need to know,#PlayStation,https://cdn.playstation.com/thumb/5232a30dd868.jpg,2025-12-17 11:00:00-08:00
875,2025-12-17,18,113,19,IG_REEL,POV: you finally got [TITLE] 🎮,#PlayStation #PS5 #Gaming,https://cdn.playstation.com/thumb/ca7cee122dc7.jpg,2025-12-17 12:00:00-08:00
876,2025-12-17,18,108,,TT_TRENDING,gamers tell us their favorite PS5 moment,#PS5 #fyp #gamertok,https://cdn.playstation.com/thumb/16454bdfdbca.jpg,2025-12-17 09:00:00-08:00
877,2025-12-17,18,104,2,BLOG_POST,[TITLE]: Everything you need to know,#PlayStation,https://cdn.playstation.com/thumb/5232a30dd868.jpg,2025-12-17 11:00:00-08:00
878,2025-12-17,18,105,1,IG_STORY,Out now on PS5 🔥,#PlayStation,https://cdn.playstation.com/thumb/caa54f4f5d6e.jpg,2025-12-17 20:00:00-08:00
879,2025-12-17,19,113,19,YT_SHORT,Behind the scenes: making [TITLE] #PlayStation #Shorts,#PlayStation #Shorts #Gaming,https://cdn.playstation.com/thumb/4b7611b2ce03.jpg,2025-12-17 10:00:00-08:00
880,2025-12-17,19,104,2,IG_POST,Drop a 🎮 if you're playing [TITLE] this weekend,#PlayStation,https://cdn.playstation.com/thumb/ed5ab1194b94.jpg,2025-12-17 17:00:00-08:00
881,2025-12-17,19,103,,IG_REEL,POV: you finally got [TITLE] 🎮,#PlayStation #PS5 #Gaming,https://cdn.playstation.com/thumb/ca7cee122dc7.jpg,2025-12-17 12:00:00-08:00
882,2025-12-17,19,107,,IG_REEL,POV: you finally got [TITLE] 🎮,#PlayStation #PS5 #Gaming,https://cdn.playstation.com/thumb/ca7cee122dc7.jpg,2025-12-17 12:00:00-08:00
883,2025-12-17,19,102,,YT_TRAILER,[TITLE] - Official Launch Trailer | PS5,#PlayStation,https://cdn.playstation.com/thumb/60461b6deea1.jpg,2025-12-17 17:00:00-08:00
884,2025-12-17,19,104,2,BLOG_POST,[TITLE]: Everything you need to know,#PlayStation,https://cdn.playstation.com/thumb/5232a30dd868.jpg,2025-12-17 11:00:00-08:00
885,2025-12-17,20,107,,YT_LONG,[TITLE] - Deep Dive with the Dev Team,#PlayStation,https://cdn.playstation.com/thumb/a373f597f9d4.jpg,2025-12-17 10:00:00-08:00
886,2025-12-17,20,104,2,BLOG_DEV_DIARY,Dev diary #7 - crafting [TITLE],#PlayStation,https://cdn.playstation.com/thumb/62702ec9b07a.jpg,2025-12-17 16:00:00-08:00
887,2025-12-17,20,108,,IG_POST,Drop a 🎮 if you're playing [TITLE] this weekend,#PlayStation,https://cdn.playstation.com/thumb/ed5ab1194b94.jpg,2025-12-17 17:00:00-08:00
888,2025-12-17,20,103,,IG_STORY,Out now on PS5 🔥,#PlayStation,https://cdn.playstation.com/thumb/caa54f4f5d6e.jpg,2025-12-17 20:00:00-08:00
889,2025-12-18,12,102,,IG_STORY,Out now on PS5 🔥,#PlayStation,https://cdn.playstation.com/thumb/b779cb22a093.jpg,2025-12-18 18:00:00-08:00
890,2025-12-18,12,107,,BLOG_DEV_DIARY,Dev diary #7 - crafting [TITLE],#PlayStation,https://cdn.playstation.com/thumb/5c78cda6a53e.jpg,2025-12-18 13:00:00-08:00
891,2025-12-18,12,102,,IG_REEL,POV: you finally got [TITLE] 🎮,#PlayStation #PS5 #Gaming,https://cdn.playstation.com/thumb/6e61591420c1.jpg,2025-12-18 10:00:00-08:00
892,2025-12-18,12,108,,YT_LONG,[TITLE] - Deep Dive with the Dev Team,#PlayStation,https://cdn.playstation.com/thumb/e96e4a2144a8.jpg,2025-12-18 19:00:00-08:00
893,2025-12-18,12,102,,BLOG_DEV_DIARY,Dev diary #7 - crafting [TITLE],#PlayStation,https://cdn.playstation.com/thumb/5c78cda6a53e.jpg,2025-12-18 13:00:00-08:00
894,2025-12-18,12,103,,YT_SHORT,Behind the scenes: making [TITLE] #PlayStation #Shorts,#PlayStation #Shorts #Gaming,https://cdn.playstation.com/thumb/ea9e96a8ce36.jpg,2025-12-18 15:00:00-08:00
895,2025-12-18,12,103,,BLOG_DEV_DIARY,Dev diary #7 - crafting [TITLE],#PlayStation,https://cdn.playstation.com/thumb/5c78cda6a53e.jpg,2025-12-18 13:00:00-08:00
896,2025-12-18,12,109,8,YT_SHORT,Behind the scenes: making [TITLE] #PlayStation #Shorts,#PlayStation #Shorts #Gaming,https://cdn.playstation.com/thumb/ea9e96a8ce36.jpg,2025-12-18 15:00:00-08:00
897,2025-12-18,12,109,8,BLOG_DEV_DIARY,Dev diary #7 - crafting [TITLE],#PlayStation,https://cdn.playstation.com/thumb/5c78cda6a53e.jpg,2025-12-18 13:00:00-08:00
898,2025-12-18,12,113,19,IG_REEL,POV: you finally got [TITLE] 🎮,#PlayStation #PS5 #Gaming,https://cdn.playstation.com/thumb/6e61591420c1.jpg,2025-12-18 10:00:00-08:00
899,2025-12-18,12,113,19,YT_LONG,[TITLE] - Deep Dive with the Dev Team,#PlayStation,https://cdn.playstation.com/thumb/e96e4a2144a8.jpg,2025-12-18 19:00:00-08:00
900,2025-12-18,18,113,19,IG_REEL,POV: you finally got [TITLE] 🎮,#PlayStation #PS5 #Gaming,https://cdn.playstation.com/thumb/6e61591420c1.jpg,2025-12-18 10:00:00-08:00
901,2025-12-18,18,104,2,IG_POST,Drop a 🎮 if you're playing [TITLE] this weekend,#PlayStation,https://cdn.playstation.com/thumb/c4d751a3bee7.jpg,2025-12-18 18:00:00-08:00
902,2025-12-18,18,107,,BLOG_POST,[TITLE]: Everything you need to know,#PlayStation,https://cdn.playstation.com/thumb/6d224906f78f.jpg,2025-12-18 20:00:00-08:00
903,2025-12-18,18,105,1,YT_LONG,[TITLE] - Deep Dive with the Dev Team,#PlayStation,https://cdn.playstation.com/thumb/e96e4a2144a8.jpg,2025-12-18 19:00:00-08:00
904,2025-12-18,19,108,,YT_LONG,[TITLE] - Deep Dive with the Dev Team,#PlayStation,https://cdn.playstation.com/thumb/e96e4a2144a8.jpg,2025-12-18 19:00:00-08:00
905,2025-12-18,19,104,2,IG_REEL,POV: you finally got [TITLE] 🎮,#PlayStation #PS5 #Gaming,https://cdn.playstation.com/thumb/6e61591420c1.jpg,2025-12-18 10:00:00-08:00
906,2025-12-18,19,107,,IG_REEL,POV: you finally got [TITLE] 🎮,#PlayStation #PS5 #Gaming,https://cdn.playstation.com/thumb/6e61591420c1.jpg,2025-12-18 10:00:00-08:00
907,2025-12-18,19,103,,IG_STORY,Out now on PS5 🔥,#PlayStation,https://cdn.playstation.com/thumb/b779cb22a093.jpg,2025-12-18 18:00:00-08:00
908,2025-12-18,19,113,19,BLOG_POST,[TITLE]: Everything you need to know,#PlayStation,https://cdn.playstation.com/thumb/6d224906f78f.jpg,2025-12-18 20:00:00-08:00
909,2025-12-18,20,109,8,YT_LONG,[TITLE] - Deep Dive with the Dev Team,#PlayStation,https://cdn.playstation.com/thumb/e96e4a2144a8.jpg,2025-12-18 19:00:00-08:00
910,2025-12-18,20,104,2,IG_STORY,Out now on PS5 🔥,#PlayStation,https://cdn.playstation.com/thumb/b779cb22a093.jpg,2025-12-18 18:00:00-08:00
911,2025-12-18,20,105,1,TT_TRENDING,gamers tell us their favorite PS5 moment,#PS5 #fyp #gamertok,https://cdn.playstation.com/thumb/d2bbbf4e9d27.jpg,2025-12-18 18:00:00-08:00
912,2025-12-18,20,104,2,YT_SHORT,Behind the scenes: making [TITLE] #PlayStation #Shorts,#PlayStation #Shorts #Gaming,https://cdn.playstation.com/thumb/ea9e96a8ce36.jpg,2025-12-18 15:00:00-08:00
913,2025-12-18,20,107,,IG_REEL,POV: you finally got [TITLE] 🎮,#PlayStation #PS5 #Gaming,https://cdn.playstation.com/thumb/6e61591420c1.jpg,2025-12-18 10:00:00-08:00
914,2025-12-18,20,104,2,BLOG_POST,[TITLE]: Everything you need to know,#PlayStation,https://cdn.playstation.com/thumb/6d224906f78f.jpg,2025-12-18 20:00:00-08:00
915,2025-12-18,20,107,,IG_STORY,Out now on PS5 🔥,#PlayStation,https://cdn.playstation.com/thumb/b779cb22a093.jpg,2025-12-18 18:00:00-08:00
916,2025-12-19,12,113,19,TT_VIDEO,when the [TITLE] cutscene hits different,#PlayStation #fyp #gaming,https://cdn.playstation.com/thumb/455e02a728e3.jpg,2025-12-19 14:00:00-08:00
917,2025-12-19,12,102,,BLOG_POST,[TITLE]: Everything you need to know,#PlayStation,https://cdn.playstation.com/thumb/c7bac976cd43.jpg,2025-12-19 13:00:00-08:00
918,2025-12-19,12,113,19,YT_SHORT,Behind the scenes: making [TITLE] #PlayStation #Shorts,#PlayStation #Shorts #Gaming,https://cdn.playstation.com/thumb/f15e378f7778.jpg,2025-12-19 13:00:00-08:00
919,2025-12-19,12,113,19,BLOG_POST,[TITLE]: Everything you need to know,#PlayStation,https://cdn.playstation.com/thumb/c7bac976cd43.jpg,2025-12-19 13:00:00-08:00
920,2025-12-19,12,109,8,TT_TRENDING,gamers tell us their favorite PS5 moment,#PS5 #fyp #gamertok,https://cdn.playstation.com/thumb/a12fecdfeb4e.jpg,2025-12-19 10:00:00-08:00
921,2025-12-19,12,107,,YT_TRAILER,[TITLE] - Official Launch Trailer | PS5,#PlayStation,https://cdn.playstation.com/thumb/7a24f64f8462.jpg,2025-12-19 12:00:00-08:00
922,2025-12-19,12,107,,YT_SHORT,Behind the scenes: making [TITLE] #PlayStation #Shorts,#PlayStation #Shorts #Gaming,https://cdn.playstation.com/thumb/f15e378f7778.jpg,2025-12-19 13:00:00-08:00
923,2025-12-19,18,107,,TT_VIDEO,when the [TITLE] cutscene hits different,#PlayStation #fyp #gaming,https://cdn.playstation.com/thumb/455e02a728e3.jpg,2025-12-19 14:00:00-08:00
924,2025-12-19,18,113,19,YT_SHORT,Behind the scenes: making [TITLE] #PlayStation #Shorts,#PlayStation #Shorts #Gaming,https://cdn.playstation.com/thumb/f15e378f7778.jpg,2025-12-19 13:00:00-08:00
925,2025-12-19,18,105,1,YT_TRAILER,[TITLE] - Official Launch Trailer | PS5,#PlayStation,https://cdn.playstation.com/thumb/7a24f64f8462.jpg,2025-12-19 12:00:00-08:00
926,2025-12-19,18,108,,YT_LONG,[TITLE] - Deep Dive with the Dev Team,#PlayStation,https://cdn.playstation.com/thumb/82fbf8c34a4f.jpg,2025-12-19 18:00:00-08:00
927,2025-12-19,18,105,1,YT_SHORT,Behind the scenes: making [TITLE] #PlayStation #Shorts,#PlayStation #Shorts #Gaming,https://cdn.playstation.com/thumb/f15e378f7778.jpg,2025-12-19 13:00:00-08:00
928,2025-12-19,18,102,,IG_REEL,POV: you finally got [TITLE] 🎮,#PlayStation #PS5 #Gaming,https://cdn.playstation.com/thumb/0bb6b8512ea8.jpg,2025-12-19 18:00:00-08:00
929,2025-12-19,18,103,,YT_SHORT,Behind the scenes: making [TITLE] #PlayStation #Shorts,#PlayStation #Shorts #Gaming,https://cdn.playstation.com/thumb/f15e378f7778.jpg,2025-12-19 13:00:00-08:00
930,2025-12-19,18,109,8,YT_LONG,[TITLE] - Deep Dive with the Dev Team,#PlayStation,https://cdn.playstation.com/thumb/82fbf8c34a4f.jpg,2025-12-19 18:00:00-08:00
931,2025-12-19,18,105,1,TT_VIDEO,when the [TITLE] cutscene hits different,#PlayStation #fyp #gaming,https://cdn.playstation.com/thumb/455e02a728e3.jpg,2025-12-19 14:00:00-08:00
932,2025-12-19,18,107,,YT_SHORT,Behind the scenes: making [TITLE] #PlayStation #Shorts,#PlayStation #Shorts #Gaming,https://cdn.playstation.com/thumb/f15e378f7778.jpg,2025-12-19 13:00:00-08:00
933,2025-12-19,19,105,1,YT_TRAILER,[TITLE] - Official Launch Trailer | PS5,#PlayStation,https://cdn.playstation.com/thumb/7a24f64f8462.jpg,2025-12-19 12:00:00-08:00
934,2025-12-19,19,108,,YT_TRAILER,[TITLE] - Official Launch Trailer | PS5,#PlayStation,https://cdn.playstation.com/thumb/7a24f64f8462.jpg,2025-12-19 12:00:00-08:00
935,2025-12-19,19,103,,TT_TRENDING,gamers tell us their favorite PS5 moment,#PS5 #fyp #gamertok,https://cdn.playstation.com/thumb/a12fecdfeb4e.jpg,2025-12-19 10:00:00-08:00
936,2025-12-19,19,104,2,IG_POST,Drop a 🎮 if you're playing [TITLE] this weekend,#PlayStation,https://cdn.playstation.com/thumb/ebe1c4c5271c.jpg,2025-12-19 15:00:00-08:00
937,2025-12-19,20,109,8,YT_TRAILER,[TITLE] - Official Launch Trailer | PS5,#PlayStation,https://cdn.playstation.com/thumb/7a24f64f8462.jpg,2025-12-19 12:00:00-08:00
938,2025-12-19,20,102,,IG_STORY,Out now on PS5 🔥,#PlayStation,https://cdn.playstation.com/thumb/912a76727e64.jpg,2025-12-19 10:00:00-08:00
939,2025-12-19,20,105,1,YT_LONG,[TITLE] - Deep Dive with the Dev Team,#PlayStation,https://cdn.playstation.com/thumb/82fbf8c34a4f.jpg,2025-12-19 18:00:00-08:00
940,2025-12-20,12,108,,YT_SHORT,Behind the scenes: making [TITLE] #PlayStation #Shorts,#PlayStation #Shorts #Gaming,https://cdn.playstation.com/thumb/f9a28f4903da.jpg,2025-12-20 18:00:00-08:00
941,2025-12-20,12,103,,YT_LONG,[TITLE] - Deep Dive with the Dev Team,#PlayStation,https://cdn.playstation.com/thumb/ccfa833126e3.jpg,2025-12-20 09:00:00-08:00
942,2025-12-20,12,105,1,YT_TRAILER,[TITLE] - Official Launch Trailer | PS5,#PlayStation,https://cdn.playstation.com/thumb/d2b788351210.jpg,2025-12-20 19:00:00-08:00
943,2025-12-20,12,102,,YT_TRAILER,[TITLE] - Official Launch Trailer | PS5,#PlayStation,https://cdn.playstation.com/thumb/d2b788351210.jpg,2025-12-20 19:00:00-08:00
944,2025-12-20,12,108,,IG_REEL,POV: you finally got [TITLE] 🎮,#PlayStation #PS5 #Gaming,https://cdn.playstation.com/thumb/76d0a795d7d5.jpg,2025-12-20 18:00:00-08:00
945,2025-12-20,12,105,1,IG_STORY,Out now on PS5 🔥,#PlayStation,https://cdn.playstation.com/thumb/54001f4059fa.jpg,2025-12-20 20:00:00-08:00
946,2025-12-20,18,102,,BLOG_POST,[TITLE]: Everything you need to know,#PlayStation,https://cdn.playstation.com/thumb/e6d9b616232a.jpg,2025-12-20 12:00:00-08:00
947,2025-12-20,18,102,,YT_TRAILER,[TITLE] - Official Launch Trailer | PS5,#PlayStation,https://cdn.playstation.com/thumb/d2b788351210.jpg,2025-12-20 19:00:00-08:00
948,2025-12-20,18,109,8,BLOG_DEV_DIARY,Dev diary #7 - crafting [TITLE],#PlayStation,https://cdn.playstation.com/thumb/40466e579c81.jpg,2025-12-20 16:00:00-08:00
949,2025-12-20,19,108,,YT_LONG,[TITLE] - Deep Dive with the Dev Team,#PlayStation,https://cdn.playstation.com/thumb/ccfa833126e3.jpg,2025-12-20 09:00:00-08:00
950,2025-12-20,19,103,,IG_STORY,Out now on PS5 🔥,#PlayStation,https://cdn.playstation.com/thumb/54001f4059fa.jpg,2025-12-20 20:00:00-08:00
951,2025-12-20,19,113,19,BLOG_POST,[TITLE]: Everything you need to know,#PlayStation,https://cdn.playstation.com/thumb/e6d9b616232a.jpg,2025-12-20 12:00:00-08:00
952,2025-12-20,19,105,1,YT_TRAILER,[TITLE] - Official Launch Trailer | PS5,#PlayStation,https://cdn.playstation.com/thumb/d2b788351210.jpg,2025-12-20 19:00:00-08:00
953,2025-12-20,19,104,2,YT_SHORT,Behind the scenes: making [TITLE] #PlayStation #Shorts,#PlayStation #Shorts #Gaming,https://cdn.playstation.com/thumb/f9a28f4903da.jpg,2025-12-20 18:00:00-08:00
954,2025-12-20,20,105,1,TT_TRENDING,gamers tell us their favorite PS5 moment,#PS5 #fyp #gamertok,https://cdn.playstation.com/thumb/560aa9504863.jpg,2025-12-20 20:00:00-08:00
955,2025-12-20,20,104,2,YT_LONG,[TITLE] - Deep Dive with the Dev Team,#PlayStation,https://cdn.playstation.com/thumb/ccfa833126e3.jpg,2025-12-20 09:00:00-08:00
956,2025-12-20,20,103,,YT_TRAILER,[TITLE] - Official Launch Trailer | PS5,#PlayStation,https://cdn.playstation.com/thumb/d2b788351210.jpg,2025-12-20 19:00:00-08:00
957,2025-12-20,20,104,2,IG_REEL,POV: you finally got [TITLE] 🎮,#PlayStation #PS5 #Gaming,https://cdn.playstation.com/thumb/76d0a795d7d5.jpg,2025-12-20 18:00:00-08:00
958,2025-12-20,20,108,,BLOG_DEV_DIARY,Dev diary #7 - crafting [TITLE],#PlayStation,https://cdn.playstation.com/thumb/40466e579c81.jpg,2025-12-20 16:00:00-08:00
959,2025-12-20,20,104,2,IG_STORY,Out now on PS5 🔥,#PlayStation,https://cdn.playstation.com/thumb/54001f4059fa.jpg,2025-12-20 20:00:00-08:00
960,2025-12-21,12,102,,BLOG_DEV_DIARY,Dev diary #7 - crafting [TITLE],#PlayStation,https://cdn.playstation.com/thumb/1e2fb7e0017c.jpg,2025-12-21 17:00:00-08:00
961,2025-12-21,12,104,2,IG_STORY,Out now on PS5 🔥,#PlayStation,https://cdn.playstation.com/thumb/ee2cd0732636.jpg,2025-12-21 12:00:00-08:00
962,2025-12-21,12,104,2,YT_TRAILER,[TITLE] - Official Launch Trailer | PS5,#PlayStation,https://cdn.playstation.com/thumb/c6c7455c8202.jpg,2025-12-21 09:00:00-08:00
963,2025-12-21,12,108,,IG_STORY,Out now on PS5 🔥,#PlayStation,https://cdn.playstation.com/thumb/ee2cd0732636.jpg,2025-12-21 12:00:00-08:00
964,2025-12-21,12,105,1,IG_STORY,Out now on PS5 🔥,#PlayStation,https://cdn.playstation.com/thumb/ee2cd0732636.jpg,2025-12-21 12:00:00-08:00
965,2025-12-21,12,108,,BLOG_POST,[TITLE]: Everything you need to know,#PlayStation,https://cdn.playstation.com/thumb/8280217d2cef.jpg,2025-12-21 17:00:00-08:00
966,2025-12-21,18,105,1,BLOG_POST,[TITLE]: Everything you need to know,#PlayStation,https://cdn.playstation.com/thumb/8280217d2cef.jpg,2025-12-21 17:00:00-08:00
967,2025-12-21,18,113,19,TT_VIDEO,when the [TITLE] cutscene hits different,#PlayStation #fyp #gaming,https://cdn.playstation.com/thumb/3783ea1b4f7a.jpg,2025-12-21 14:00:00-08:00
968,2025-12-21,18,104,2,TT_VIDEO,when the [TITLE] cutscene hits different,#PlayStation #fyp #gaming,https://cdn.playstation.com/thumb/3783ea1b4f7a.jpg,2025-12-21 14:00:00-08:00
969,2025-12-21,18,108,,IG_REEL,POV: you finally got [TITLE] 🎮,#PlayStation #PS5 #Gaming,https://cdn.playstation.com/thumb/a7c772fff08a.jpg,2025-12-21 10:00:00-08:00
970,2025-12-21,18,102,,TT_TRENDING,gamers tell us their favorite PS5 moment,#PS5 #fyp #gamertok,https://cdn.playstation.com/thumb/34850ab96756.jpg,2025-12-21 14:00:00-08:00
971,2025-12-21,19,102,,YT_LONG,[TITLE] - Deep Dive with the Dev Team,#PlayStation,https://cdn.playstation.com/thumb/1b5fcda9c409.jpg,2025-12-21 19:00:00-08:00
972,2025-12-21,19,109,8,TT_VIDEO,when the [TITLE] cutscene hits different,#PlayStation #fyp #gaming,https://cdn.playstation.com/thumb/3783ea1b4f7a.jpg,2025-12-21 14:00:00-08:00
973,2025-12-21,19,109,8,IG_POST,Drop a 🎮 if you're playing [TITLE] this weekend,#PlayStation,https://cdn.playstation.com/thumb/fd4cc7731d75.jpg,2025-12-21 15:00:00-08:00
974,2025-12-21,19,107,,IG_STORY,Out now on PS5 🔥,#PlayStation,https://cdn.playstation.com/thumb/ee2cd0732636.jpg,2025-12-21 12:00:00-08:00
975,2025-12-21,19,104,2,YT_SHORT,Behind the scenes: making [TITLE] #PlayStation #Shorts,#PlayStation #Shorts #Gaming,https://cdn.playstation.com/thumb/96637fb0ab97.jpg,2025-12-21 16:00:00-08:00
976,2025-12-21,19,105,1,BLOG_POST,[TITLE]: Everything you need to know,#PlayStation,https://cdn.playstation.com/thumb/8280217d2cef.jpg,2025-12-21 17:00:00-08:00
977,2025-12-21,19,105,1,IG_REEL,POV: you finally got [TITLE] 🎮,#PlayStation #PS5 #Gaming,https://cdn.playstation.com/thumb/a7c772fff08a.jpg,2025-12-21 10:00:00-08:00
978,2025-12-21,19,108,,IG_REEL,POV: you finally got [TITLE] 🎮,#PlayStation #PS5 #Gaming,https://cdn.playstation.com/thumb/a7c772fff08a.jpg,2025-12-21 10:00:00-08:00
979,2025-12-21,20,102,,TT_TRENDING,gamers tell us their favorite PS5 moment,#PS5 #fyp #gamertok,https://cdn.playstation.com/thumb/34850ab96756.jpg,2025-12-21 14:00:00-08:00
980,2025-12-21,20,103,,BLOG_POST,[TITLE]: Everything you need to know,#PlayStation,https://cdn.playstation.com/thumb/8280217d2cef.jpg,2025-12-21 17:00:00-08:00
981,2025-12-21,20,109,8,IG_POST,Drop a 🎮 if you're playing [TITLE] this weekend,#PlayStation,https://cdn.playstation.com/thumb/fd4cc7731d75.jpg,2025-12-21 15:00:00-08:00
982,2025-12-21,20,109,8,YT_TRAILER,[TITLE] - Official Launch Trailer | PS5,#PlayStation,https://cdn.playstation.com/thumb/c6c7455c8202.jpg,2025-12-21 09:00:00-08:00
983,2025-12-21,20,104,2,TT_VIDEO,when the [TITLE] cutscene hits different,#PlayStation #fyp #gaming,https://cdn.playstation.com/thumb/3783ea1b4f7a.jpg,2025-12-21 14:00:00-08:00
984,2025-12-21,20,103,,BLOG_DEV_DIARY,Dev diary #7 - crafting [TITLE],#PlayStation,https://cdn.playstation.com/thumb/1e2fb7e0017c.jpg,2025-12-21 17:00:00-08:00
985,2025-12-21,20,108,,IG_STORY,Out now on PS5 🔥,#PlayStation,https://cdn.playstation.com/thumb/ee2cd0732636.jpg,2025-12-21 12:00:00-08:00
986,2025-12-21,20,113,19,BLOG_POST,[TITLE]: Everything you need to know,#PlayStation,https://cdn.playstation.com/thumb/8280217d2cef.jpg,2025-12-21 17:00:00-08:00
987,2025-12-21,20,104,2,IG_STORY,Out now on PS5 🔥,#PlayStation,https://cdn.playstation.com/thumb/ee2cd0732636.jpg,2025-12-21 12:00:00-08:00
988,2025-12-22,12,105,1,BLOG_POST,[TITLE]: Everything you need to know,#PlayStation,https://cdn.playstation.com/thumb/c404f77a257f.jpg,2025-12-22 16:00:00-08:00
989,2025-12-22,12,107,,YT_TRAILER,[TITLE] - Official Launch Trailer | PS5,#PlayStation,https://cdn.playstation.com/thumb/bdd023738d4d.jpg,2025-12-22 20:00:00-08:00
990,2025-12-22,12,105,1,TT_VIDEO,when the [TITLE] cutscene hits different,#PlayStation #fyp #gaming,https://cdn.playstation.com/thumb/dcc8c8526240.jpg,2025-12-22 18:00:00-08:00
991,2025-12-22,12,105,1,YT_LONG,[TITLE] - Deep Dive with the Dev Team,#PlayStation,https://cdn.playstation.com/thumb/30631142f12f.jpg,2025-12-22 11:00:00-08:00
992,2025-12-22,12,105,1,YT_TRAILER,[TITLE] - Official Launch Trailer | PS5,#PlayStation,https://cdn.playstation.com/thumb/bdd023738d4d.jpg,2025-12-22 20:00:00-08:00
993,2025-12-22,12,102,,IG_REEL,POV: you finally got [TITLE] 🎮,#PlayStation #PS5 #Gaming,https://cdn.playstation.com/thumb/a96b69f33eba.jpg,2025-12-22 13:00:00-08:00
994,2025-12-22,12,104,2,YT_LONG,[TITLE] - Deep Dive with the Dev Team,#PlayStation,https://cdn.playstation.com/thumb/30631142f12f.jpg,2025-12-22 11:00:00-08:00
995,2025-12-22,12,108,,YT_LONG,[TITLE] - Deep Dive with the Dev Team,#PlayStation,https://cdn.playstation.com/thumb/30631142f12f.jpg,2025-12-22 11:00:00-08:00
996,2025-12-22,18,107,,IG_STORY,Out now on PS5 🔥,#PlayStation,https://cdn.playstation.com/thumb/2932bb5202da.jpg,2025-12-22 14:00:00-08:00
997,2025-12-22,18,107,,YT_TRAILER,[TITLE] - Official Launch Trailer | PS5,#PlayStation,https://cdn.playstation.com/thumb/bdd023738d4d.jpg,2025-12-22 20:00:00-08:00
998,2025-12-22,18,113,19,TT_TRENDING,gamers tell us their favorite PS5 moment,#PS5 #fyp #gamertok,https://cdn.playstation.com/thumb/8253c83a56e6.jpg,2025-12-22 13:00:00-08:00
999,2025-12-22,18,109,8,TT_TRENDING,gamers tell us their favorite PS5 moment,#PS5 #fyp #gamertok,https://cdn.playstation.com/thumb/8253c83a56e6.jpg,2025-12-22 13:00:00-08:00
1000,2025-12-22,19,109,8,BLOG_DEV_DIARY,Dev diary #7 - crafting [TITLE],#PlayStation,https://cdn.playstation.com/thumb/c97b0e06b0b9.jpg,2025-12-22 20:00:00-08:00
1001,2025-12-22,19,109,8,YT_SHORT,Behind the scenes: making [TITLE] #PlayStation #Shorts,#PlayStation #Shorts #Gaming,https://cdn.playstation.com/thumb/942e1bd0d476.jpg,2025-12-22 11:00:00-08:00
1002,2025-12-22,20,104,2,BLOG_POST,[TITLE]: Everything you need to know,#PlayStation,https://cdn.playstation.com/thumb/c404f77a257f.jpg,2025-12-22 16:00:00-08:00
1003,2025-12-22,20,107,,IG_POST,Drop a 🎮 if you're playing [TITLE] this weekend,#PlayStation,https://cdn.playstation.com/thumb/0dc4e10f6f39.jpg,2025-12-22 13:00:00-08:00
1004,2025-12-22,20,105,1,TT_TRENDING,gamers tell us their favorite PS5 moment,#PS5 #fyp #gamertok,https://cdn.playstation.com/thumb/8253c83a56e6.jpg,2025-12-22 13:00:00-08:00
1005,2025-12-22,20,108,,IG_STORY,Out now on PS5 🔥,#PlayStation,https://cdn.playstation.com/thumb/2932bb5202da.jpg,2025-12-22 14:00:00-08:00
1006,2025-12-22,20,105,1,IG_POST,Drop a 🎮 if you're playing [TITLE] this weekend,#PlayStation,https://cdn.playstation.com/thumb/0dc4e10f6f39.jpg,2025-12-22 13:00:00-08:00
1007,2025-12-22,20,108,,TT_TRENDING,gamers tell us their favorite PS5 moment,#PS5 #fyp #gamertok,https://cdn.playstation.com/thumb/8253c83a56e6.jpg,2025-12-22 13:00:00-08:00
1008,2025-12-22,20,103,,YT_SHORT,Behind the scenes: making [TITLE] #PlayStation #Shorts,#PlayStation #Shorts #Gaming,https://cdn.playstation.com/thumb/942e1bd0d476.jpg,2025-12-22 11:00:00-08:00
1009,2025-12-22,20,109,8,TT_VIDEO,when the [TITLE] cutscene hits different,#PlayStation #fyp #gaming,https://cdn.playstation.com/thumb/dcc8c8526240.jpg,2025-12-22 18:00:00-08:00
1010,2025-12-22,20,102,,IG_REEL,POV: you finally got [TITLE] 🎮,#PlayStation #PS5 #Gaming,https://cdn.playstation.com/thumb/a96b69f33eba.jpg,2025-12-22 13:00:00-08:00
1011,2025-12-22,20,103,,YT_TRAILER,[TITLE] - Official Launch Trailer | PS5,#PlayStation,https://cdn.playstation.com/thumb/bdd023738d4d.jpg,2025-12-22 20:00:00-08:00
1012,2025-12-22,20,102,,TT_TRENDING,gamers tell us their favorite PS5 moment,#PS5 #fyp #gamertok,https://cdn.playstation.com/thumb/8253c83a56e6.jpg,2025-12-22 13:00:00-08:00
1013,2025-12-23,12,102,,IG_POST,Drop a 🎮 if you're playing [TITLE] this weekend,#PlayStation,https://cdn.playstation.com/thumb/0f0f5c335dcb.jpg,2025-12-23 12:00:00-08:00
1014,2025-12-23,12,104,2,IG_STORY,Out now on PS5 🔥,#PlayStation,https://cdn.playstation.com/thumb/571820628385.jpg,2025-12-23 16:00:00-08:00
1015,2025-12-23,12,102,,TT_VIDEO,when the [TITLE] cutscene hits different,#PlayStation #fyp #gaming,https://cdn.playstation.com/thumb/e28fffcbd106.jpg,2025-12-23 09:00:00-08:00
1016,2025-12-23,12,108,,BLOG_POST,[TITLE]: Everything you need to know,#PlayStation,https://cdn.playstation.com/thumb/3b70582a1c9e.jpg,2025-12-23 16:00:00-08:00
1017,2025-12-23,12,103,,TT_TRENDING,gamers tell us their favorite PS5 moment,#PS5 #fyp #gamertok,https://cdn.playstation.com/thumb/fe8dddac579c.jpg,2025-12-23 12:00:00-08:00
1018,2025-12-23,12,113,19,BLOG_DEV_DIARY,Dev diary #7 - crafting [TITLE],#PlayStation,https://cdn.playstation.com/thumb/c42c5e340151.jpg,2025-12-23 17:00:00-08:00
1019,2025-12-23,12,102,,YT_TRAILER,[TITLE] - Official Launch Trailer | PS5,#PlayStation,https://cdn.playstation.com/thumb/e1162826dcad.jpg,2025-12-23 18:00:00-08:00
1020,2025-12-23,12,105,1,TT_TRENDING,gamers tell us their favorite PS5 moment,#PS5 #fyp #gamertok,https://cdn.playstation.com/thumb/fe8dddac579c.jpg,2025-12-23 12:00:00-08:00
1021,2025-12-23,18,108,,YT_TRAILER,[TITLE] - Official Launch Trailer | PS5,#PlayStation,https://cdn.playstation.com/thumb/e1162826dcad.jpg,2025-12-23 18:00:00-08:00
1022,2025-12-23,18,102,,BLOG_POST,[TITLE]: Everything you need to know,#PlayStation,https://cdn.playstation.com/thumb/3b70582a1c9e.jpg,2025-12-23 16:00:00-08:00
1023,2025-12-23,18,113,19,IG_STORY,Out now on PS5 🔥,#PlayStation,https://cdn.playstation.com/thumb/571820628385.jpg,2025-12-23 16:00:00-08:00
1024,2025-12-23,18,113,19,TT_VIDEO,when the [TITLE] cutscene hits different,#PlayStation #fyp #gaming,https://cdn.playstation.com/thumb/e28fffcbd106.jpg,2025-12-23 09:00:00-08:00
1025,2025-12-23,18,105,1,IG_STORY,Out now on PS5 🔥,#PlayStation,https://cdn.playstation.com/thumb/571820628385.jpg,2025-12-23 16:00:00-08:00
1026,2025-12-23,18,102,,TT_TRENDING,gamers tell us their favorite PS5 moment,#PS5 #fyp #gamertok,https://cdn.playstation.com/thumb/fe8dddac579c.jpg,2025-12-23 12:00:00-08:00
1027,2025-12-23,18,108,,YT_SHORT,Behind the scenes: making [TITLE] #PlayStation #Shorts,#PlayStation #Shorts #Gaming,https://cdn.playstation.com/thumb/5e12d24a9e58.jpg,2025-12-23 16:00:00-08:00
1028,2025-12-23,18,102,,BLOG_DEV_DIARY,Dev diary #7 - crafting [TITLE],#PlayStation,https://cdn.playstation.com/thumb/c42c5e340151.jpg,2025-12-23 17:00:00-08:00
1029,2025-12-23,19,109,8,TT_TRENDING,gamers tell us their favorite PS5 moment,#PS5 #fyp #gamertok,https://cdn.playstation.com/thumb/fe8dddac579c.jpg,2025-12-23 12:00:00-08:00
1030,2025-12-23,19,103,,BLOG_DEV_DIARY,Dev diary #7 - crafting [TITLE],#PlayStation,https://cdn.playstation.com/thumb/c42c5e340151.jpg,2025-12-23 17:00:00-08:00
1031,2025-12-23,19,109,8,IG_STORY,Out now on PS5 🔥,#PlayStation,https://cdn.playstation.com/thumb/571820628385.jpg,2025-12-23 16:00:00-08:00
1032,2025-12-23,19,109,8,YT_SHORT,Behind the scenes: making [TITLE] #PlayStation #Shorts,#PlayStation #Shorts #Gaming,https://cdn.playstation.com/thumb/5e12d24a9e58.jpg,2025-12-23 16:00:00-08:00
1033,2025-12-23,19,104,2,YT_SHORT,Behind the scenes: making [TITLE] #PlayStation #Shorts,#PlayStation #Shorts #Gaming,https://cdn.playstation.com/thumb/5e12d24a9e58.jpg,2025-12-23 16:00:00-08:00
1034,2025-12-23,19,108,,YT_SHORT,Behind the scenes: making [TITLE] #PlayStation #Shorts,#PlayStation #Shorts #Gaming,https://cdn.playstation.com/thumb/5e12d24a9e58.jpg,2025-12-23 16:00:00-08:00
1035,2025-12-23,19,103,,YT_SHORT,Behind the scenes: making [TITLE] #PlayStation #Shorts,#PlayStation #Shorts #Gaming,https://cdn.playstation.com/thumb/5e12d24a9e58.jpg,2025-12-23 16:00:00-08:00
1036,2025-12-23,19,103,,IG_POST,Drop a 🎮 if you're playing [TITLE] this weekend,#PlayStation,https://cdn.playstation.com/thumb/0f0f5c335dcb.jpg,2025-12-23 12:00:00-08:00
1037,2025-12-23,19,108,,IG_STORY,Out now on PS5 🔥,#PlayStation,https://cdn.playstation.com/thumb/571820628385.jpg,2025-12-23 16:00:00-08:00
1038,2025-12-23,19,104,2,IG_REEL,POV: you finally got [TITLE] 🎮,#PlayStation #PS5 #Gaming,https://cdn.playstation.com/thumb/8402067b51cc.jpg,2025-12-23 16:00:00-08:00
1039,2025-12-23,19,108,,BLOG_POST,[TITLE]: Everything you need to know,#PlayStation,https://cdn.playstation.com/thumb/3b70582a1c9e.jpg,2025-12-23 16:00:00-08:00
1040,2025-12-23,20,102,,BLOG_POST,[TITLE]: Everything you need to know,#PlayStation,https://cdn.playstation.com/thumb/3b70582a1c9e.jpg,2025-12-23 16:00:00-08:00
1041,2025-12-23,20,102,,YT_TRAILER,[TITLE] - Official Launch Trailer | PS5,#PlayStation,https://cdn.playstation.com/thumb/e1162826dcad.jpg,2025-12-23 18:00:00-08:00
1042,2025-12-23,20,103,,BLOG_POST,[TITLE]: Everything you need to know,#PlayStation,https://cdn.playstation.com/thumb/3b70582a1c9e.jpg,2025-12-23 16:00:00-08:00
1043,2025-12-23,20,113,19,YT_SHORT,Behind the scenes: making [TITLE] #PlayStation #Shorts,#PlayStation #Shorts #Gaming,https://cdn.playstation.com/thumb/5e12d24a9e58.jpg,2025-12-23 16:00:00-08:00
1044,2025-12-23,20,113,19,IG_REEL,POV: you finally got [TITLE] 🎮,#PlayStation #PS5 #Gaming,https://cdn.playstation.com/thumb/8402067b51cc.jpg,2025-12-23 16:00:00-08:00
1045,2025-12-24,12,104,2,YT_LONG,[TITLE] - Deep Dive with the Dev Team,#PlayStation,https://cdn.playstation.com/thumb/d3461c654b7e.jpg,2025-12-24 20:00:00-08:00
1046,2025-12-24,12,108,,BLOG_POST,[TITLE]: Everything you need to know,#PlayStation,https://cdn.playstation.com/thumb/996764aed07a.jpg,2025-12-24 20:00:00-08:00
1047,2025-12-24,12,104,2,YT_SHORT,Behind the scenes: making [TITLE] #PlayStation #Shorts,#PlayStation #Shorts #Gaming,https://cdn.playstation.com/thumb/1bed1fb379fc.jpg,2025-12-24 09:00:00-08:00
1048,2025-12-24,12,103,,IG_STORY,Out now on PS5 🔥,#PlayStation,https://cdn.playstation.com/thumb/8b350350eb5a.jpg,2025-12-24 14:00:00-08:00
1049,2025-12-24,12,103,,BLOG_POST,[TITLE]: Everything you need to know,#PlayStation,https://cdn.playstation.com/thumb/996764aed07a.jpg,2025-12-24 20:00:00-08:00
1050,2025-12-24,12,104,2,BLOG_POST,[TITLE]: Everything you need to know,#PlayStation,https://cdn.playstation.com/thumb/996764aed07a.jpg,2025-12-24 20:00:00-08:00
1051,2025-12-24,18,104,2,IG_POST,Drop a 🎮 if you're playing [TITLE] this weekend,#PlayStation,https://cdn.playstation.com/thumb/40c055c1d43c.jpg,2025-12-24 15:00:00-08:00
1052,2025-12-24,18,108,,IG_STORY,Out now on PS5 🔥,#PlayStation,https://cdn.playstation.com/thumb/8b350350eb5a.jpg,2025-12-24 14:00:00-08:00
1053,2025-12-24,18,107,,IG_POST,Drop a 🎮 if you're playing [TITLE] this weekend,#PlayStation,https://cdn.playstation.com/thumb/40c055c1d43c.jpg,2025-12-24 15:00:00-08:00
1054,2025-12-24,18,109,8,IG_STORY,Out now on PS5 🔥,#PlayStation,https://cdn.playstation.com/thumb/8b350350eb5a.jpg,2025-12-24 14:00:00-08:00
1055,2025-12-24,19,105,1,TT_TRENDING,gamers tell us their favorite PS5 moment,#PS5 #fyp #gamertok,https://cdn.playstation.com/thumb/be988a4336f6.jpg,2025-12-24 19:00:00-08:00
1056,2025-12-24,19,102,,BLOG_DEV_DIARY,Dev diary #7 - crafting [TITLE],#PlayStation,https://cdn.playstation.com/thumb/f4aa970d7396.jpg,2025-12-24 14:00:00-08:00
1057,2025-12-24,19,107,,TT_VIDEO,when the [TITLE] cutscene hits different,#PlayStation #fyp #gaming,https://cdn.playstation.com/thumb/30302e24922d.jpg,2025-12-24 14:00:00-08:00
1058,2025-12-24,19,103,,YT_TRAILER,[TITLE] - Official Launch Trailer | PS5,#PlayStation,https://cdn.playstation.com/thumb/a65137db8253.jpg,2025-12-24 14:00:00-08:00
1059,2025-12-24,19,105,1,BLOG_DEV_DIARY,Dev diary #7 - crafting [TITLE],#PlayStation,https://cdn.playstation.com/thumb/f4aa970d7396.jpg,2025-12-24 14:00:00-08:00
1060,2025-12-24,19,109,8,BLOG_POST,[TITLE]: Everything you need to know,#PlayStation,https://cdn.playstation.com/thumb/996764aed07a.jpg,2025-12-24 20:00:00-08:00
1061,2025-12-24,20,104,2,YT_TRAILER,[TITLE] - Official Launch Trailer | PS5,#PlayStation,https://cdn.playstation.com/thumb/a65137db8253.jpg,2025-12-24 14:00:00-08:00
1062,2025-12-24,20,104,2,TT_VIDEO,when the [TITLE] cutscene hits different,#PlayStation #fyp #gaming,https://cdn.playstation.com/thumb/30302e24922d.jpg,2025-12-24 14:00:00-08:00
1063,2025-12-24,20,113,19,IG_REEL,POV: you finally got [TITLE] 🎮,#PlayStation #PS5 #Gaming,https://cdn.playstation.com/thumb/4cf963e85740.jpg,2025-12-24 19:00:00-08:00
1064,2025-12-24,20,103,,IG_REEL,POV: you finally got [TITLE] 🎮,#PlayStation #PS5 #Gaming,https://cdn.playstation.com/thumb/4cf963e85740.jpg,2025-12-24 19:00:00-08:00
1065,2025-12-25,12,104,2,BLOG_DEV_DIARY,Dev diary #7 - crafting [TITLE],#PlayStation,https://cdn.playstation.com/thumb/29ee6f9f0604.jpg,2025-12-25 10:00:00-08:00
1066,2025-12-25,12,103,,IG_STORY,Out now on PS5 🔥,#PlayStation,https://cdn.playstation.com/thumb/28d7fea1e242.jpg,2025-12-25 16:00:00-08:00
1067,2025-12-25,12,103,,YT_TRAILER,[TITLE] - Official Launch Trailer | PS5,#PlayStation,https://cdn.playstation.com/thumb/77b174b08af5.jpg,2025-12-25 11:00:00-08:00
1068,2025-12-25,12,105,1,BLOG_POST,[TITLE]: Everything you need to know,#PlayStation,https://cdn.playstation.com/thumb/787fdcc59088.jpg,2025-12-25 10:00:00-08:00
1069,2025-12-25,12,107,,BLOG_POST,[TITLE]: Everything you need to know,#PlayStation,https://cdn.playstation.com/thumb/787fdcc59088.jpg,2025-12-25 10:00:00-08:00
1070,2025-12-25,12,104,2,YT_SHORT,Behind the scenes: making [TITLE] #PlayStation #Shorts,#PlayStation #Shorts #Gaming,https://cdn.playstation.com/thumb/75cb45252073.jpg,2025-12-25 14:00:00-08:00
1071,2025-12-25,12,102,,BLOG_POST,[TITLE]: Everything you need to know,#PlayStation,https://cdn.playstation.com/thumb/787fdcc59088.jpg,2025-12-25 10:00:00-08:00
1072,2025-12-25,18,103,,YT_LONG,[TITLE] - Deep Dive with the Dev Team,#PlayStation,https://cdn.playstation.com/thumb/9a9bd1ef5564.jpg,2025-12-25 13:00:00-08:00
1073,2025-12-25,18,105,1,IG_STORY,Out now on PS5 🔥,#PlayStation,https://cdn.playstation.com/thumb/28d7fea1e242.jpg,2025-12-25 16:00:00-08:00
1074,2025-12-25,18,103,,YT_TRAILER,[TITLE] - Official Launch Trailer | PS5,#PlayStation,https://cdn.playstation.com/thumb/77b174b08af5.jpg,2025-12-25 11:00:00-08:00
1075,2025-12-25,18,102,,YT_SHORT,Behind the scenes: making [TITLE] #PlayStation #Shorts,#PlayStation #Shorts #Gaming,https://cdn.playstation.com/thumb/75cb45252073.jpg,2025-12-25 14:00:00-08:00
1076,2025-12-25,18,108,,IG_REEL,POV: you finally got [TITLE] 🎮,#PlayStation #PS5 #Gaming,https://cdn.playstation.com/thumb/0b983cecb331.jpg,2025-12-25 13:00:00-08:00
1077,2025-12-25,18,105,1,TT_VIDEO,when the [TITLE] cutscene hits different,#PlayStation #fyp #gaming,https://cdn.playstation.com/thumb/04c750acba2a.jpg,2025-12-25 12:00:00-08:00
1078,2025-12-25,18,104,2,IG_POST,Drop a 🎮 if you're playing [TITLE] this weekend,#PlayStation,https://cdn.playstation.com/thumb/2ef3789a1834.jpg,2025-12-25 11:00:00-08:00
1079,2025-12-25,18,108,,YT_LONG,[TITLE] - Deep Dive with the Dev Team,#PlayStation,https://cdn.playstation.com/thumb/9a9bd1ef5564.jpg,2025-12-25 13:00:00-08:00
1080,2025-12-25,19,102,,YT_LONG,[TITLE] - Deep Dive with the Dev Team,#PlayStation,https://cdn.playstation.com/thumb/9a9bd1ef5564.jpg,2025-12-25 13:00:00-08:00
1081,2025-12-25,19,105,1,IG_STORY,Out now on PS5 🔥,#PlayStation,https://cdn.playstation.com/thumb/28d7fea1e242.jpg,2025-12-25 16:00:00-08:00
1082,2025-12-25,19,109,8,YT_LONG,[TITLE] - Deep Dive with the Dev Team,#PlayStation,https://cdn.playstation.com/thumb/9a9bd1ef5564.jpg,2025-12-25 13:00:00-08:00
1083,2025-12-25,19,105,1,BLOG_POST,[TITLE]: Everything you need to know,#PlayStation,https://cdn.playstation.com/thumb/787fdcc59088.jpg,2025-12-25 10:00:00-08:00
1084,2025-12-25,19,109,8,IG_STORY,Out now on PS5 🔥,#PlayStation,https://cdn.playstation.com/thumb/28d7fea1e242.jpg,2025-12-25 16:00:00-08:00
1085,2025-12-25,19,107,,TT_TRENDING,gamers tell us their favorite PS5 moment,#PS5 #fyp #gamertok,https://cdn.playstation.com/thumb/ccee4fd963ad.jpg,2025-12-25 20:00:00-08:00
1086,2025-12-25,20,105,1,IG_STORY,Out now on PS5 🔥,#PlayStation,https://cdn.playstation.com/thumb/28d7fea1e242.jpg,2025-12-25 16:00:00-08:00
1087,2025-12-25,20,108,,TT_VIDEO,when the [TITLE] cutscene hits different,#PlayStation #fyp #gaming,https://cdn.playstation.com/thumb/04c750acba2a.jpg,2025-12-25 12:00:00-08:00
1088,2025-12-25,20,105,1,YT_SHORT,Behind the scenes: making [TITLE] #PlayStation #Shorts,#PlayStation #Shorts #Gaming,https://cdn.playstation.com/thumb/75cb45252073.jpg,2025-12-25 14:00:00-08:00
1089,2025-12-25,20,108,,BLOG_POST,[TITLE]: Everything you need to know,#PlayStation,https://cdn.playstation.com/thumb/787fdcc59088.jpg,2025-12-25 10:00:00-08:00
1090,2025-12-25,20,107,,IG_STORY,Out now on PS5 🔥,#PlayStation,https://cdn.playstation.com/thumb/28d7fea1e242.jpg,2025-12-25 16:00:00-08:00
1091,2025-12-25,20,104,2,IG_POST,Drop a 🎮 if you're playing [TITLE] this weekend,#PlayStation,https://cdn.playstation.com/thumb/2ef3789a1834.jpg,2025-12-25 11:00:00-08:00
1092,2025-12-25,20,107,,YT_TRAILER,[TITLE] - Official Launch Trailer | PS5,#PlayStation,https://cdn.playstation.com/thumb/77b174b08af5.jpg,2025-12-25 11:00:00-08:00
1093,2025-12-25,20,113,19,YT_TRAILER,[TITLE] - Official Launch Trailer | PS5,#PlayStation,https://cdn.playstation.com/thumb/77b174b08af5.jpg,2025-12-25 11:00:00-08:00
1094,2025-12-26,12,105,1,YT_SHORT,Behind the scenes: making [TITLE] #PlayStation #Shorts,#PlayStation #Shorts #Gaming,https://cdn.playstation.com/thumb/9ec11c76bf50.jpg,2025-12-26 20:00:00-08:00
1095,2025-12-26,12,107,,YT_LONG,[TITLE] - Deep Dive with the Dev Team,#PlayStation,https://cdn.playstation.com/thumb/ac61abcbc839.jpg,2025-12-26 12:00:00-08:00
1096,2025-12-26,12,109,8,BLOG_DEV_DIARY,Dev diary #7 - crafting [TITLE],#PlayStation,https://cdn.playstation.com/thumb/6c2fe28cedf4.jpg,2025-12-26 19:00:00-08:00
1097,2025-12-26,12,113,19,YT_LONG,[TITLE] - Deep Dive with the Dev Team,#PlayStation,https://cdn.playstation.com/thumb/ac61abcbc839.jpg,2025-12-26 12:00:00-08:00
1098,2025-12-26,12,102,,TT_TRENDING,gamers tell us their favorite PS5 moment,#PS5 #fyp #gamertok,https://cdn.playstation.com/thumb/35f560a1a3e9.jpg,2025-12-26 16:00:00-08:00
1099,2025-12-26,18,109,8,BLOG_POST,[TITLE]: Everything you need to know,#PlayStation,https://cdn.playstation.com/thumb/0d37c342d7cd.jpg,2025-12-26 16:00:00-08:00
1100,2025-12-26,18,113,19,BLOG_DEV_DIARY,Dev diary #7 - crafting [TITLE],#PlayStation,https://cdn.playstation.com/thumb/6c2fe28cedf4.jpg,2025-12-26 19:00:00-08:00
1101,2025-12-26,18,107,,IG_REEL,POV: you finally got [TITLE] 🎮,#PlayStation #PS5 #Gaming,https://cdn.playstation.com/thumb/0b0b42d2e4b5.jpg,2025-12-26 11:00:00-08:00
1102,2025-12-26,18,109,8,YT_TRAILER,[TITLE] - Official Launch Trailer | PS5,#PlayStation,https://cdn.playstation.com/thumb/686e35fa6b2e.jpg,2025-12-26 20:00:00-08:00
1103,2025-12-26,18,109,8,YT_SHORT,Behind the scenes: making [TITLE] #PlayStation #Shorts,#PlayStation #Shorts #Gaming,https://cdn.playstation.com/thumb/9ec11c76bf50.jpg,2025-12-26 20:00:00-08:00
1104,2025-12-26,19,105,1,YT_TRAILER,[TITLE] - Official Launch Trailer | PS5,#PlayStation,https://cdn.playstation.com/thumb/686e35fa6b2e.jpg,2025-12-26 20:00:00-08:00
1105,2025-12-26,19,109,8,IG_STORY,Out now on PS5 🔥,#PlayStation,https://cdn.playstation.com/thumb/90fe7170bdc5.jpg,2025-12-26 17:00:00-08:00
1106,2025-12-26,19,103,,IG_STORY,Out now on PS5 🔥,#PlayStation,https://cdn.playstation.com/thumb/90fe7170bdc5.jpg,2025-12-26 17:00:00-08:00
1107,2025-12-26,19,102,,BLOG_POST,[TITLE]: Everything you need to know,#PlayStation,https://cdn.playstation.com/thumb/0d37c342d7cd.jpg,2025-12-26 16:00:00-08:00
1108,2025-12-26,19,102,,YT_LONG,[TITLE] - Deep Dive with the Dev Team,#PlayStation,https://cdn.playstation.com/thumb/ac61abcbc839.jpg,2025-12-26 12:00:00-08:00
1109,2025-12-26,19,105,1,IG_STORY,Out now on PS5 🔥,#PlayStation,https://cdn.playstation.com/thumb/90fe7170bdc5.jpg,2025-12-26 17:00:00-08:00
1110,2025-12-26,19,103,,IG_POST,Drop a 🎮 if you're playing [TITLE] this weekend,#PlayStation,https://cdn.playstation.com/thumb/72caaa609f1b.jpg,2025-12-26 19:00:00-08:00
1111,2025-12-26,19,103,,IG_REEL,POV: you finally got [TITLE] 🎮,#PlayStation #PS5 #Gaming,https://cdn.playstation.com/thumb/0b0b42d2e4b5.jpg,2025-12-26 11:00:00-08:00
1112,2025-12-26,19,107,,YT_LONG,[TITLE] - Deep Dive with the Dev Team,#PlayStation,https://cdn.playstation.com/thumb/ac61abcbc839.jpg,2025-12-26 12:00:00-08:00
1113,2025-12-26,19,109,8,BLOG_POST,[TITLE]: Everything you need to know,#PlayStation,https://cdn.playstation.com/thumb/0d37c342d7cd.jpg,2025-12-26 16:00:00-08:00
1114,2025-12-26,20,105,1,IG_STORY,Out now on PS5 🔥,#PlayStation,https://cdn.playstation.com/thumb/90fe7170bdc5.jpg,2025-12-26 17:00:00-08:00
1115,2025-12-26,20,113,19,BLOG_POST,[TITLE]: Everything you need to know,#PlayStation,https://cdn.playstation.com/thumb/0d37c342d7cd.jpg,2025-12-26 16:00:00-08:00
1116,2025-12-26,20,104,2,TT_TRENDING,gamers tell us their favorite PS5 moment,#PS5 #fyp #gamertok,https://cdn.playstation.com/thumb/35f560a1a3e9.jpg,2025-12-26 16:00:00-08:00
1117,2025-12-26,20,103,,TT_TRENDING,gamers tell us their favorite PS5 moment,#PS5 #fyp #gamertok,https://cdn.playstation.com/thumb/35f560a1a3e9.jpg,2025-12-26 16:00:00-08:00
1118,2025-12-27,12,104,2,BLOG_POST,[TITLE]: Everything you need to know,#PlayStation,https://cdn.playstation.com/thumb/470b7723f41e.jpg,2025-12-27 10:00:00-08:00
1119,2025-12-27,12,107,,YT_SHORT,Behind the scenes: making [TITLE] #PlayStation #Shorts,#PlayStation #Shorts #Gaming,https://cdn.playstation.com/thumb/2d64486a6f2c.jpg,2025-12-27 18:00:00-08:00
1120,2025-12-27,12,108,,IG_STORY,Out now on PS5 🔥,#PlayStation,https://cdn.playstation.com/thumb/821282527b4e.jpg,2025-12-27 14:00:00-08:00
1121,2025-12-27,12,107,,IG_STORY,Out now on PS5 🔥,#PlayStation,https://cdn.playstation.com/thumb/821282527b4e.jpg,2025-12-27 14:00:00-08:00
1122,2025-12-27,12,113,19,YT_LONG,[TITLE] - Deep Dive with the Dev Team,#PlayStation,https://cdn.playstation.com/thumb/4bb6bab4d357.jpg,2025-12-27 10:00:00-08:00
1123,2025-12-27,12,109,8,IG_STORY,Out now on PS5 🔥,#PlayStation,https://cdn.playstation.com/thumb/821282527b4e.jpg,2025-12-27 14:00:00-08:00
1124,2025-12-27,12,104,2,IG_STORY,Out now on PS5 🔥,#PlayStation,https://cdn.playstation.com/thumb/821282527b4e.jpg,2025-12-27 14:00:00-08:00
1125,2025-12-27,12,105,1,IG_STORY,Out now on PS5 🔥,#PlayStation,https://cdn.playstation.com/thumb/821282527b4e.jpg,2025-12-27 14:00:00-08:00
1126,2025-12-27,12,105,1,IG_POST,Drop a 🎮 if you're playing [TITLE] this weekend,#PlayStation,https://cdn.playstation.com/thumb/e9e5a4d5066d.jpg,2025-12-27 17:00:00-08:00
1127,2025-12-27,18,103,,IG_REEL,POV: you finally got [TITLE] 🎮,#PlayStation #PS5 #Gaming,https://cdn.playstation.com/thumb/37f6ea0c4eb4.jpg,2025-12-27 14:00:00-08:00
1128,2025-12-27,18,113,19,BLOG_POST,[TITLE]: Everything you need to know,#PlayStation,https://cdn.playstation.com/thumb/470b7723f41e.jpg,2025-12-27 10:00:00-08:00
1129,2025-12-27,18,105,1,BLOG_DEV_DIARY,Dev diary #7 - crafting [TITLE],#PlayStation,https://cdn.playstation.com/thumb/d8790cab1f6b.jpg,2025-12-27 13:00:00-08:00
1130,2025-12-27,18,104,2,TT_TRENDING,gamers tell us their favorite PS5 moment,#PS5 #fyp #gamertok,https://cdn.playstation.com/thumb/3eca52e8b77b.jpg,2025-12-27 20:00:00-08:00
1131,2025-12-27,18,104,2,YT_TRAILER,[TITLE] - Official Launch Trailer | PS5,#PlayStation,https://cdn.playstation.com/thumb/889d1aa1a363.jpg,2025-12-27 13:00:00-08:00
1132,2025-12-27,18,113,19,YT_SHORT,Behind the scenes: making [TITLE] #PlayStation #Shorts,#PlayStation #Shorts #Gaming,https://cdn.playstation.com/thumb/2d64486a6f2c.jpg,2025-12-27 18:00:00-08:00
1133,2025-12-27,18,103,,TT_VIDEO,when the [TITLE] cutscene hits different,#PlayStation #fyp #gaming,https://cdn.playstation.com/thumb/bd6121364501.jpg,2025-12-27 18:00:00-08:00
1134,2025-12-27,19,108,,TT_TRENDING,gamers tell us their favorite PS5 moment,#PS5 #fyp #gamertok,https://cdn.playstation.com/thumb/3eca52e8b77b.jpg,2025-12-27 20:00:00-08:00
1135,2025-12-27,19,103,,YT_LONG,[TITLE] - Deep Dive with the Dev Team,#PlayStation,https://cdn.playstation.com/thumb/4bb6bab4d357.jpg,2025-12-27 10:00:00-08:00
1136,2025-12-27,19,107,,YT_SHORT,Behind the scenes: making [TITLE] #PlayStation #Shorts,#PlayStation #Shorts #Gaming,https://cdn.playstation.com/thumb/2d64486a6f2c.jpg,2025-12-27 18:00:00-08:00
1137,2025-12-27,19,103,,BLOG_DEV_DIARY,Dev diary #7 - crafting [TITLE],#PlayStation,https://cdn.playstation.com/thumb/d8790cab1f6b.jpg,2025-12-27 13:00:00-08:00
1138,2025-12-27,19,104,2,IG_POST,Drop a 🎮 if you're playing [TITLE] this weekend,#PlayStation,https://cdn.playstation.com/thumb/e9e5a4d5066d.jpg,2025-12-27 17:00:00-08:00
1139,2025-12-27,19,102,,IG_REEL,POV: you finally got [TITLE] 🎮,#PlayStation #PS5 #Gaming,https://cdn.playstation.com/thumb/37f6ea0c4eb4.jpg,2025-12-27 14:00:00-08:00
1140,2025-12-27,19,102,,IG_POST,Drop a 🎮 if you're playing [TITLE] this weekend,#PlayStation,https://cdn.playstation.com/thumb/e9e5a4d5066d.jpg,2025-12-27 17:00:00-08:00
1141,2025-12-27,19,113,19,YT_LONG,[TITLE] - Deep Dive with the Dev Team,#PlayStation,https://cdn.playstation.com/thumb/4bb6bab4d357.jpg,2025-12-27 10:00:00-08:00
1142,2025-12-27,20,113,19,YT_TRAILER,[TITLE] - Official Launch Trailer | PS5,#PlayStation,https://cdn.playstation.com/thumb/889d1aa1a363.jpg,2025-12-27 13:00:00-08:00
1143,2025-12-27,20,105,1,YT_SHORT,Behind the scenes: making [TITLE] #PlayStation #Shorts,#PlayStation #Shorts #Gaming,https://cdn.playstation.com/thumb/2d64486a6f2c.jpg,2025-12-27 18:00:00-08:00
1144,2025-12-27,20,108,,YT_LONG,[TITLE] - Deep Dive with the Dev Team,#PlayStation,https://cdn.playstation.com/thumb/4bb6bab4d357.jpg,2025-12-27 10:00:00-08:00
1145,2025-12-27,20,105,1,BLOG_POST,[TITLE]: Everything you need to know,#PlayStation,https://cdn.playstation.com/thumb/470b7723f41e.jpg,2025-12-27 10:00:00-08:00
1146,2025-12-27,20,103,,IG_POST,Drop a 🎮 if you're playing [TITLE] this weekend,#PlayStation,https://cdn.playstation.com/thumb/e9e5a4d5066d.jpg,2025-12-27 17:00:00-08:00
1147,2025-12-27,20,104,2,IG_REEL,POV: you finally got [TITLE] 🎮,#PlayStation #PS5 #Gaming,https://cdn.playstation.com/thumb/37f6ea0c4eb4.jpg,2025-12-27 14:00:00-08:00
1148,2025-12-28,12,109,8,YT_TRAILER,[TITLE] - Official Launch Trailer | PS5,#PlayStation,https://cdn.playstation.com/thumb/ecda6d543522.jpg,2025-12-28 17:00:00-08:00
1149,2025-12-28,12,105,1,YT_SHORT,Behind the scenes: making [TITLE] #PlayStation #Shorts,#PlayStation #Shorts #Gaming,https://cdn.playstation.com/thumb/0b157ee01cd3.jpg,2025-12-28 15:00:00-08:00
1150,2025-12-28,12,103,,BLOG_POST,[TITLE]: Everything you need to know,#PlayStation,https://cdn.playstation.com/thumb/96f6b24859e3.jpg,2025-12-28 16:00:00-08:00
1151,2025-12-28,12,103,,IG_REEL,POV: you finally got [TITLE] 🎮,#PlayStation #PS5 #Gaming,https://cdn.playstation.com/thumb/d9e3965f3e65.jpg,2025-12-28 20:00:00-08:00
1152,2025-12-28,12,104,2,YT_TRAILER,[TITLE] - Official Launch Trailer | PS5,#PlayStation,https://cdn.playstation.com/thumb/ecda6d543522.jpg,2025-12-28 17:00:00-08:00
1153,2025-12-28,12,103,,TT_VIDEO,when the [TITLE] cutscene hits different,#PlayStation #fyp #gaming,https://cdn.playstation.com/thumb/e1fb479d466c.jpg,2025-12-28 17:00:00-08:00
1154,2025-12-28,12,109,8,YT_LONG,[TITLE] - Deep Dive with the Dev Team,#PlayStation,https://cdn.playstation.com/thumb/70ed31ef6531.jpg,2025-12-28 15:00:00-08:00
1155,2025-12-28,12,105,1,IG_REEL,POV: you finally got [TITLE] 🎮,#PlayStation #PS5 #Gaming,https://cdn.playstation.com/thumb/d9e3965f3e65.jpg,2025-12-28 20:00:00-08:00
1156,2025-12-28,18,103,,IG_POST,Drop a 🎮 if you're playing [TITLE] this weekend,#PlayStation,https://cdn.playstation.com/thumb/1d3ed3b79454.jpg,2025-12-28 10:00:00-08:00
1157,2025-12-28,18,102,,BLOG_DEV_DIARY,Dev diary #7 - crafting [TITLE],#PlayStation,https://cdn.playstation.com/thumb/5db39cafb6bb.jpg,2025-12-28 10:00:00-08:00
1158,2025-12-28,18,107,,TT_VIDEO,when the [TITLE] cutscene hits different,#PlayStation #fyp #gaming,https://cdn.playstation.com/thumb/e1fb479d466c.jpg,2025-12-28 17:00:00-08:00
1159,2025-12-28,18,103,,IG_STORY,Out now on PS5 🔥,#PlayStation,https://cdn.playstation.com/thumb/b5c2b57f8aa4.jpg,2025-12-28 17:00:00-08:00
1160,2025-12-28,18,113,19,YT_TRAILER,[TITLE] - Official Launch Trailer | PS5,#PlayStation,https://cdn.playstation.com/thumb/ecda6d543522.jpg,2025-12-28 17:00:00-08:00
1161,2025-12-28,19,108,,TT_VIDEO,when the [TITLE] cutscene hits different,#PlayStation #fyp #gaming,https://cdn.playstation.com/thumb/e1fb479d466c.jpg,2025-12-28 17:00:00-08:00
1162,2025-12-28,19,113,19,IG_STORY,Out now on PS5 🔥,#PlayStation,https://cdn.playstation.com/thumb/b5c2b57f8aa4.jpg,2025-12-28 17:00:00-08:00
1163,2025-12-28,19,105,1,TT_VIDEO,when the [TITLE] cutscene hits different,#PlayStation #fyp #gaming,https://cdn.playstation.com/thumb/e1fb479d466c.jpg,2025-12-28 17:00:00-08:00
1164,2025-12-28,19,109,8,YT_LONG,[TITLE] - Deep Dive with the Dev Team,#PlayStation,https://cdn.playstation.com/thumb/70ed31ef6531.jpg,2025-12-28 15:00:00-08:00
1165,2025-12-28,19,105,1,IG_REEL,POV: you finally got [TITLE] 🎮,#PlayStation #PS5 #Gaming,https://cdn.playstation.com/thumb/d9e3965f3e65.jpg,2025-12-28 20:00:00-08:00
1166,2025-12-28,19,103,,BLOG_POST,[TITLE]: Everything you need to know,#PlayStation,https://cdn.playstation.com/thumb/96f6b24859e3.jpg,2025-12-28 16:00:00-08:00
1167,2025-12-28,20,103,,YT_TRAILER,[TITLE] - Official Launch Trailer | PS5,#PlayStation,https://cdn.playstation.com/thumb/ecda6d543522.jpg,2025-12-28 17:00:00-08:00
1168,2025-12-28,20,102,,IG_REEL,POV: you finally got [TITLE] 🎮,#PlayStation #PS5 #Gaming,https://cdn.playstation.com/thumb/d9e3965f3e65.jpg,2025-12-28 20:00:00-08:00
1169,2025-12-28,20,107,,YT_TRAILER,[TITLE] - Official Launch Trailer | PS5,#PlayStation,https://cdn.playstation.com/thumb/ecda6d543522.jpg,2025-12-28 17:00:00-08:00
1170,2025-12-28,20,105,1,TT_VIDEO,when the [TITLE] cutscene hits different,#PlayStation #fyp #gaming,https://cdn.playstation.com/thumb/e1fb479d466c.jpg,2025-12-28 17:00:00-08:00
1171,2025-12-29,12,107,,YT_LONG,[TITLE] - Deep Dive with the Dev Team,#PlayStation,https://cdn.playstation.com/thumb/12fdc796713a.jpg,2025-12-29 12:00:00-08:00
1172,2025-12-29,12,107,,TT_TRENDING,gamers tell us their favorite PS5 moment,#PS5 #fyp #gamertok,https://cdn.playstation.com/thumb/824a3992789c.jpg,2025-12-29 17:00:00-08:00
1173,2025-12-29,12,113,19,IG_STORY,Out now on PS5 🔥,#PlayStation,https://cdn.playstation.com/thumb/acbc6a6b1237.jpg,2025-12-29 20:00:00-08:00
1174,2025-12-29,12,105,1,YT_LONG,[TITLE] - Deep Dive with the Dev Team,#PlayStation,https://cdn.playstation.com/thumb/12fdc796713a.jpg,2025-12-29 12:00:00-08:00
1175,2025-12-29,12,105,1,BLOG_POST,[TITLE]: Everything you need to know,#PlayStation,https://cdn.playstation.com/thumb/53c7021bd7f3.jpg,2025-12-29 09:00:00-08:00
1176,2025-12-29,18,104,2,IG_REEL,POV: you finally got [TITLE] 🎮,#PlayStation #PS5 #Gaming,https://cdn.playstation.com/thumb/33f80e13dd53.jpg,2025-12-29 17:00:00-08:00
1177,2025-12-29,18,113,19,YT_LONG,[TITLE] - Deep Dive with the Dev Team,#PlayStation,https://cdn.playstation.com/thumb/12fdc796713a.jpg,2025-12-29 12:00:00-08:00
1178,2025-12-29,19,107,,IG_POST,Drop a 🎮 if you're playing [TITLE] this weekend,#PlayStation,https://cdn.playstation.com/thumb/d083ee31fc1b.jpg,2025-12-29 09:00:00-08:00
1179,2025-12-29,19,113,19,TT_VIDEO,when the [TITLE] cutscene hits different,#PlayStation #fyp #gaming,https://cdn.playstation.com/thumb/632ea42b9485.jpg,2025-12-29 20:00:00-08:00
1180,2025-12-29,19,108,,YT_LONG,[TITLE] - Deep Dive with the Dev Team,#PlayStation,https://cdn.playstation.com/thumb/12fdc796713a.jpg,2025-12-29 12:00:00-08:00
1181,2025-12-29,19,107,,YT_SHORT,Behind the scenes: making [TITLE] #PlayStation #Shorts,#PlayStation #Shorts #Gaming,https://cdn.playstation.com/thumb/d977dfa80ad5.jpg,2025-12-29 11:00:00-08:00
1182,2025-12-29,19,107,,IG_STORY,Out now on PS5 🔥,#PlayStation,https://cdn.playstation.com/thumb/acbc6a6b1237.jpg,2025-12-29 20:00:00-08:00
1183,2025-12-29,19,105,1,IG_STORY,Out now on PS5 🔥,#PlayStation,https://cdn.playstation.com/thumb/acbc6a6b1237.jpg,2025-12-29 20:00:00-08:00
1184,2025-12-29,19,102,,IG_POST,Drop a 🎮 if you're playing [TITLE] this weekend,#PlayStation,https://cdn.playstation.com/thumb/d083ee31fc1b.jpg,2025-12-29 09:00:00-08:00
1185,2025-12-29,19,108,,BLOG_DEV_DIARY,Dev diary #7 - crafting [TITLE],#PlayStation,https://cdn.playstation.com/thumb/336323919f4c.jpg,2025-12-29 11:00:00-08:00
1186,2025-12-29,19,113,19,YT_TRAILER,[TITLE] - Official Launch Trailer | PS5,#PlayStation,https://cdn.playstation.com/thumb/fef31b3f5225.jpg,2025-12-29 11:00:00-08:00
1187,2025-12-29,19,109,8,TT_VIDEO,when the [TITLE] cutscene hits different,#PlayStation #fyp #gaming,https://cdn.playstation.com/thumb/632ea42b9485.jpg,2025-12-29 20:00:00-08:00
1188,2025-12-29,20,103,,IG_POST,Drop a 🎮 if you're playing [TITLE] this weekend,#PlayStation,https://cdn.playstation.com/thumb/d083ee31fc1b.jpg,2025-12-29 09:00:00-08:00
1189,2025-12-29,20,103,,TT_VIDEO,when the [TITLE] cutscene hits different,#PlayStation #fyp #gaming,https://cdn.playstation.com/thumb/632ea42b9485.jpg,2025-12-29 20:00:00-08:00
1190,2025-12-29,20,103,,YT_SHORT,Behind the scenes: making [TITLE] #PlayStation #Shorts,#PlayStation #Shorts #Gaming,https://cdn.playstation.com/thumb/d977dfa80ad5.jpg,2025-12-29 11:00:00-08:00
1191,2025-12-29,20,108,,YT_SHORT,Behind the scenes: making [TITLE] #PlayStation #Shorts,#PlayStation #Shorts #Gaming,https://cdn.playstation.com/thumb/d977dfa80ad5.jpg,2025-12-29 11:00:00-08:00
1192,2025-12-29,20,103,,YT_LONG,[TITLE] - Deep Dive with the Dev Team,#PlayStation,https://cdn.playstation.com/thumb/12fdc796713a.jpg,2025-12-29 12:00:00-08:00
1193,2025-12-30,12,107,,IG_REEL,POV: you finally got [TITLE] 🎮,#PlayStation #PS5 #Gaming,https://cdn.playstation.com/thumb/52d8d828cf61.jpg,2025-12-30 20:00:00-08:00
1194,2025-12-30,12,103,,IG_REEL,POV: you finally got [TITLE] 🎮,#PlayStation #PS5 #Gaming,https://cdn.playstation.com/thumb/52d8d828cf61.jpg,2025-12-30 20:00:00-08:00
1195,2025-12-30,12,105,1,BLOG_POST,[TITLE]: Everything you need to know,#PlayStation,https://cdn.playstation.com/thumb/64e6eaf2a716.jpg,2025-12-30 19:00:00-08:00
1196,2025-12-30,12,103,,TT_TRENDING,gamers tell us their favorite PS5 moment,#PS5 #fyp #gamertok,https://cdn.playstation.com/thumb/cacb8cbb3b16.jpg,2025-12-30 12:00:00-08:00
1197,2025-12-30,12,109,8,BLOG_DEV_DIARY,Dev diary #7 - crafting [TITLE],#PlayStation,https://cdn.playstation.com/thumb/dd53f4a6f306.jpg,2025-12-30 14:00:00-08:00
1198,2025-12-30,12,107,,TT_VIDEO,when the [TITLE] cutscene hits different,#PlayStation #fyp #gaming,https://cdn.playstation.com/thumb/9c566376f1d5.jpg,2025-12-30 18:00:00-08:00
1199,2025-12-30,18,107,,YT_LONG,[TITLE] - Deep Dive with the Dev Team,#PlayStation,https://cdn.playstation.com/thumb/7110e4063977.jpg,2025-12-30 12:00:00-08:00
1200,2025-12-30,18,107,,BLOG_POST,[TITLE]: Everything you need to know,#PlayStation,https://cdn.playstation.com/thumb/64e6eaf2a716.jpg,2025-12-30 19:00:00-08:00
1201,2025-12-30,18,105,1,BLOG_DEV_DIARY,Dev diary #7 - crafting [TITLE],#PlayStation,https://cdn.playstation.com/thumb/dd53f4a6f306.jpg,2025-12-30 14:00:00-08:00
1202,2025-12-30,18,102,,YT_SHORT,Behind the scenes: making [TITLE] #PlayStation #Shorts,#PlayStation #Shorts #Gaming,https://cdn.playstation.com/thumb/2dba2f56d6e7.jpg,2025-12-30 17:00:00-08:00
1203,2025-12-30,18,103,,YT_SHORT,Behind the scenes: making [TITLE] #PlayStation #Shorts,#PlayStation #Shorts #Gaming,https://cdn.playstation.com/thumb/2dba2f56d6e7.jpg,2025-12-30 17:00:00-08:00
1204,2025-12-30,18,105,1,BLOG_POST,[TITLE]: Everything you need to know,#PlayStation,https://cdn.playstation.com/thumb/64e6eaf2a716.jpg,2025-12-30 19:00:00-08:00
1205,2025-12-30,18,105,1,IG_STORY,Out now on PS5 🔥,#PlayStation,https://cdn.playstation.com/thumb/2b61af0e477d.jpg,2025-12-30 17:00:00-08:00
1206,2025-12-30,18,102,,BLOG_DEV_DIARY,Dev diary #7 - crafting [TITLE],#PlayStation,https://cdn.playstation.com/thumb/dd53f4a6f306.jpg,2025-12-30 14:00:00-08:00
1207,2025-12-30,19,102,,TT_TRENDING,gamers tell us their favorite PS5 moment,#PS5 #fyp #gamertok,https://cdn.playstation.com/thumb/cacb8cbb3b16.jpg,2025-12-30 12:00:00-08:00
1208,2025-12-30,19,105,1,YT_LONG,[TITLE] - Deep Dive with the Dev Team,#PlayStation,https://cdn.playstation.com/thumb/7110e4063977.jpg,2025-12-30 12:00:00-08:00
1209,2025-12-30,19,108,,IG_REEL,POV: you finally got [TITLE] 🎮,#PlayStation #PS5 #Gaming,https://cdn.playstation.com/thumb/52d8d828cf61.jpg,2025-12-30 20:00:00-08:00
1210,2025-12-30,19,109,8,BLOG_POST,[TITLE]: Everything you need to know,#PlayStation,https://cdn.playstation.com/thumb/64e6eaf2a716.jpg,2025-12-30 19:00:00-08:00
1211,2025-12-30,19,107,,IG_STORY,Out now on PS5 🔥,#PlayStation,https://cdn.playstation.com/thumb/2b61af0e477d.jpg,2025-12-30 17:00:00-08:00
1212,2025-12-30,20,108,,BLOG_DEV_DIARY,Dev diary #7 - crafting [TITLE],#PlayStation,https://cdn.playstation.com/thumb/dd53f4a6f306.jpg,2025-12-30 14:00:00-08:00
1213,2025-12-30,20,108,,IG_POST,Drop a 🎮 if you're playing [TITLE] this weekend,#PlayStation,https://cdn.playstation.com/thumb/5a5b7ba274a1.jpg,2025-12-30 17:00:00-08:00
1214,2025-12-30,20,108,,YT_TRAILER,[TITLE] - Official Launch Trailer | PS5,#PlayStation,https://cdn.playstation.com/thumb/427918b6a49e.jpg,2025-12-30 17:00:00-08:00
1215,2025-12-30,20,104,2,YT_TRAILER,[TITLE] - Official Launch Trailer | PS5,#PlayStation,https://cdn.playstation.com/thumb/427918b6a49e.jpg,2025-12-30 17:00:00-08:00
1216,2025-12-30,20,109,8,YT_SHORT,Behind the scenes: making [TITLE] #PlayStation #Shorts,#PlayStation #Shorts #Gaming,https://cdn.playstation.com/thumb/2dba2f56d6e7.jpg,2025-12-30 17:00:00-08:00
1217,2025-12-30,20,113,19,IG_STORY,Out now on PS5 🔥,#PlayStation,https://cdn.playstation.com/thumb/2b61af0e477d.jpg,2025-12-30 17:00:00-08:00
1218,2025-12-30,20,107,,IG_REEL,POV: you finally got [TITLE] 🎮,#PlayStation #PS5 #Gaming,https://cdn.playstation.com/thumb/52d8d828cf61.jpg,2025-12-30 20:00:00-08:00
1219,2025-12-30,20,102,,BLOG_DEV_DIARY,Dev diary #7 - crafting [TITLE],#PlayStation,https://cdn.playstation.com/thumb/dd53f4a6f306.jpg,2025-12-30 14:00:00-08:00
1220,2025-12-30,20,105,1,IG_POST,Drop a 🎮 if you're playing [TITLE] this weekend,#PlayStation,https://cdn.playstation.com/thumb/5a5b7ba274a1.jpg,2025-12-30 17:00:00-08:00
1221,2025-12-31,12,113,19,IG_REEL,POV: you finally got [TITLE] 🎮,#PlayStation #PS5 #Gaming,https://cdn.playstation.com/thumb/dfd55ce7890d.jpg,2025-12-31 18:00:00-08:00
1222,2025-12-31,12,104,2,BLOG_DEV_DIARY,Dev diary #7 - crafting [TITLE],#PlayStation,https://cdn.playstation.com/thumb/bdd6f107224d.jpg,2025-12-31 19:00:00-08:00
1223,2025-12-31,12,113,19,TT_TRENDING,gamers tell us their favorite PS5 moment,#PS5 #fyp #gamertok,https://cdn.playstation.com/thumb/a1e7a0d5d42b.jpg,2025-12-31 12:00:00-08:00
1224,2025-12-31,12,107,,IG_STORY,Out now on PS5 🔥,#PlayStation,https://cdn.playstation.com/thumb/f805cb51bcc9.jpg,2025-12-31 09:00:00-08:00
1225,2025-12-31,12,113,19,BLOG_POST,[TITLE]: Everything you need to know,#PlayStation,https://cdn.playstation.com/thumb/c2abd9790f23.jpg,2025-12-31 18:00:00-08:00
1226,2025-12-31,12,105,1,TT_VIDEO,when the [TITLE] cutscene hits different,#PlayStation #fyp #gaming,https://cdn.playstation.com/thumb/b609a06792da.jpg,2025-12-31 16:00:00-08:00
1227,2025-12-31,12,113,19,YT_LONG,[TITLE] - Deep Dive with the Dev Team,#PlayStation,https://cdn.playstation.com/thumb/4655050bfdcb.jpg,2025-12-31 14:00:00-08:00
1228,2025-12-31,12,109,8,YT_LONG,[TITLE] - Deep Dive with the Dev Team,#PlayStation,https://cdn.playstation.com/thumb/4655050bfdcb.jpg,2025-12-31 14:00:00-08:00
1229,2025-12-31,18,109,8,IG_REEL,POV: you finally got [TITLE] 🎮,#PlayStation #PS5 #Gaming,https://cdn.playstation.com/thumb/dfd55ce7890d.jpg,2025-12-31 18:00:00-08:00
1230,2025-12-31,18,102,,TT_VIDEO,when the [TITLE] cutscene hits different,#PlayStation #fyp #gaming,https://cdn.playstation.com/thumb/b609a06792da.jpg,2025-12-31 16:00:00-08:00
1231,2025-12-31,18,102,,IG_REEL,POV: you finally got [TITLE] 🎮,#PlayStation #PS5 #Gaming,https://cdn.playstation.com/thumb/dfd55ce7890d.jpg,2025-12-31 18:00:00-08:00
1232,2025-12-31,18,105,1,YT_LONG,[TITLE] - Deep Dive with the Dev Team,#PlayStation,https://cdn.playstation.com/thumb/4655050bfdcb.jpg,2025-12-31 14:00:00-08:00
1233,2025-12-31,18,102,,IG_STORY,Out now on PS5 🔥,#PlayStation,https://cdn.playstation.com/thumb/f805cb51bcc9.jpg,2025-12-31 09:00:00-08:00
1234,2025-12-31,18,113,19,IG_REEL,POV: you finally got [TITLE] 🎮,#PlayStation #PS5 #Gaming,https://cdn.playstation.com/thumb/dfd55ce7890d.jpg,2025-12-31 18:00:00-08:00
1235,2025-12-31,18,108,,TT_VIDEO,when the [TITLE] cutscene hits different,#PlayStation #fyp #gaming,https://cdn.playstation.com/thumb/b609a06792da.jpg,2025-12-31 16:00:00-08:00
1236,2025-12-31,18,108,,IG_POST,Drop a 🎮 if you're playing [TITLE] this weekend,#PlayStation,https://cdn.playstation.com/thumb/d0e3f71bfeb0.jpg,2025-12-31 15:00:00-08:00
1237,2025-12-31,18,102,,YT_SHORT,Behind the scenes: making [TITLE] #PlayStation #Shorts,#PlayStation #Shorts #Gaming,https://cdn.playstation.com/thumb/579198f42baf.jpg,2025-12-31 18:00:00-08:00
1238,2025-12-31,19,103,,IG_REEL,POV: you finally got [TITLE] 🎮,#PlayStation #PS5 #Gaming,https://cdn.playstation.com/thumb/dfd55ce7890d.jpg,2025-12-31 18:00:00-08:00
1239,2025-12-31,19,103,,TT_TRENDING,gamers tell us their favorite PS5 moment,#PS5 #fyp #gamertok,https://cdn.playstation.com/thumb/a1e7a0d5d42b.jpg,2025-12-31 12:00:00-08:00
1240,2025-12-31,19,109,8,BLOG_DEV_DIARY,Dev diary #7 - crafting [TITLE],#PlayStation,https://cdn.playstation.com/thumb/bdd6f107224d.jpg,2025-12-31 19:00:00-08:00
1241,2025-12-31,19,109,8,YT_LONG,[TITLE] - Deep Dive with the Dev Team,#PlayStation,https://cdn.playstation.com/thumb/4655050bfdcb.jpg,2025-12-31 14:00:00-08:00
1242,2025-12-31,19,102,,YT_SHORT,Behind the scenes: making [TITLE] #PlayStation #Shorts,#PlayStation #Shorts #Gaming,https://cdn.playstation.com/thumb/579198f42baf.jpg,2025-12-31 18:00:00-08:00
1243,2025-12-31,19,108,,YT_SHORT,Behind the scenes: making [TITLE] #PlayStation #Shorts,#PlayStation #Shorts #Gaming,https://cdn.playstation.com/thumb/579198f42baf.jpg,2025-12-31 18:00:00-08:00
1244,2025-12-31,20,103,,IG_STORY,Out now on PS5 🔥,#PlayStation,https://cdn.playstation.com/thumb/f805cb51bcc9.jpg,2025-12-31 09:00:00-08:00
1245,2025-12-31,20,108,,YT_TRAILER,[TITLE] - Official Launch Trailer | PS5,#PlayStation,https://cdn.playstation.com/thumb/a10a3513ed3d.jpg,2025-12-31 14:00:00-08:00
1246,2025-12-31,20,109,8,IG_POST,Drop a 🎮 if you're playing [TITLE] this weekend,#PlayStation,https://cdn.playstation.com/thumb/d0e3f71bfeb0.jpg,2025-12-31 15:00:00-08:00
1247,2025-12-31,20,103,,TT_VIDEO,when the [TITLE] cutscene hits different,#PlayStation #fyp #gaming,https://cdn.playstation.com/thumb/b609a06792da.jpg,2025-12-31 16:00:00-08:00
1248,2025-12-31,20,113,19,YT_TRAILER,[TITLE] - Official Launch Trailer | PS5,#PlayStation,https://cdn.playstation.com/thumb/a10a3513ed3d.jpg,2025-12-31 14:00:00-08:00
1249,2025-12-31,20,113,19,IG_REEL,POV: you finally got [TITLE] 🎮,#PlayStation #PS5 #Gaming,https://cdn.playstation.com/thumb/dfd55ce7890d.jpg,2025-12-31 18:00:00-08:00
1250,2026-01-01,12,109,8,YT_LONG,[TITLE] - Deep Dive with the Dev Team,#PlayStation,https://cdn.playstation.com/thumb/534826d90010.jpg,2026-01-01 12:00:00-08:00
1251,2026-01-01,12,113,19,BLOG_DEV_DIARY,Dev diary #7 - crafting [TITLE],#PlayStation,https://cdn.playstation.com/thumb/7e763329d60f.jpg,2026-01-01 18:00:00-08:00
1252,2026-01-01,12,103,,YT_LONG,[TITLE] - Deep Dive with the Dev Team,#PlayStation,https://cdn.playstation.com/thumb/534826d90010.jpg,2026-01-01 12:00:00-08:00
1253,2026-01-01,12,104,2,YT_SHORT,Behind the scenes: making [TITLE] #PlayStation #Shorts,#PlayStation #Shorts #Gaming,https://cdn.playstation.com/thumb/43353916ab6d.jpg,2026-01-01 14:00:00-08:00
1254,2026-01-01,18,104,2,YT_TRAILER,[TITLE] - Official Launch Trailer | PS5,#PlayStation,https://cdn.playstation.com/thumb/00c210862a5a.jpg,2026-01-01 16:00:00-08:00
1255,2026-01-01,18,109,8,IG_POST,Drop a 🎮 if you're playing [TITLE] this weekend,#PlayStation,https://cdn.playstation.com/thumb/eb3e6c7179c2.jpg,2026-01-01 14:00:00-08:00
1256,2026-01-01,18,109,8,TT_TRENDING,gamers tell us their favorite PS5 moment,#PS5 #fyp #gamertok,https://cdn.playstation.com/thumb/3f02e34b382f.jpg,2026-01-01 17:00:00-08:00
1257,2026-01-01,18,108,,TT_TRENDING,gamers tell us their favorite PS5 moment,#PS5 #fyp #gamertok,https://cdn.playstation.com/thumb/3f02e34b382f.jpg,2026-01-01 17:00:00-08:00
1258,2026-01-01,18,102,,TT_TRENDING,gamers tell us their favorite PS5 moment,#PS5 #fyp #gamertok,https://cdn.playstation.com/thumb/3f02e34b382f.jpg,2026-01-01 17:00:00-08:00
1259,2026-01-01,18,103,,TT_TRENDING,gamers tell us their favorite PS5 moment,#PS5 #fyp #gamertok,https://cdn.playstation.com/thumb/3f02e34b382f.jpg,2026-01-01 17:00:00-08:00
1260,2026-01-01,18,105,1,TT_TRENDING,gamers tell us their favorite PS5 moment,#PS5 #fyp #gamertok,https://cdn.playstation.com/thumb/3f02e34b382f.jpg,2026-01-01 17:00:00-08:00
1261,2026-01-01,18,108,,BLOG_POST,[TITLE]: Everything you need to know,#PlayStation,https://cdn.playstation.com/thumb/abcc82d85e90.jpg,2026-01-01 12:00:00-08:00
1262,2026-01-01,18,104,2,IG_STORY,Out now on PS5 🔥,#PlayStation,https://cdn.playstation.com/thumb/021da57da8a3.jpg,2026-01-01 19:00:00-08:00
1263,2026-01-01,19,113,19,IG_REEL,POV: you finally got [TITLE] 🎮,#PlayStation #PS5 #Gaming,https://cdn.playstation.com/thumb/f59797392b6b.jpg,2026-01-01 14:00:00-08:00
1264,2026-01-01,19,103,,YT_SHORT,Behind the scenes: making [TITLE] #PlayStation #Shorts,#PlayStation #Shorts #Gaming,https://cdn.playstation.com/thumb/43353916ab6d.jpg,2026-01-01 14:00:00-08:00
1265,2026-01-01,19,108,,IG_POST,Drop a 🎮 if you're playing [TITLE] this weekend,#PlayStation,https://cdn.playstation.com/thumb/eb3e6c7179c2.jpg,2026-01-01 14:00:00-08:00
1266,2026-01-01,19,104,2,IG_REEL,POV: you finally got [TITLE] 🎮,#PlayStation #PS5 #Gaming,https://cdn.playstation.com/thumb/f59797392b6b.jpg,2026-01-01 14:00:00-08:00
1267,2026-01-01,19,109,8,IG_STORY,Out now on PS5 🔥,#PlayStation,https://cdn.playstation.com/thumb/021da57da8a3.jpg,2026-01-01 19:00:00-08:00
1268,2026-01-01,19,113,19,TT_TRENDING,gamers tell us their favorite PS5 moment,#PS5 #fyp #gamertok,https://cdn.playstation.com/thumb/3f02e34b382f.jpg,2026-01-01 17:00:00-08:00
1269,2026-01-01,19,102,,TT_VIDEO,when the [TITLE] cutscene hits different,#PlayStation #fyp #gaming,https://cdn.playstation.com/thumb/fbc9723dff0f.jpg,2026-01-01 10:00:00-08:00
1270,2026-01-01,19,113,19,IG_POST,Drop a 🎮 if you're playing [TITLE] this weekend,#PlayStation,https://cdn.playstation.com/thumb/eb3e6c7179c2.jpg,2026-01-01 14:00:00-08:00
1271,2026-01-01,19,109,8,TT_VIDEO,when the [TITLE] cutscene hits different,#PlayStation #fyp #gaming,https://cdn.playstation.com/thumb/fbc9723dff0f.jpg,2026-01-01 10:00:00-08:00
1272,2026-01-01,19,109,8,IG_POST,Drop a 🎮 if you're playing [TITLE] this weekend,#PlayStation,https://cdn.playstation.com/thumb/eb3e6c7179c2.jpg,2026-01-01 14:00:00-08:00
1273,2026-01-01,20,105,1,IG_STORY,Out now on PS5 🔥,#PlayStation,https://cdn.playstation.com/thumb/021da57da8a3.jpg,2026-01-01 19:00:00-08:00
1274,2026-01-01,20,113,19,TT_TRENDING,gamers tell us their favorite PS5 moment,#PS5 #fyp #gamertok,https://cdn.playstation.com/thumb/3f02e34b382f.jpg,2026-01-01 17:00:00-08:00
1275,2026-01-01,20,113,19,IG_POST,Drop a 🎮 if you're playing [TITLE] this weekend,#PlayStation,https://cdn.playstation.com/thumb/eb3e6c7179c2.jpg,2026-01-01 14:00:00-08:00
1276,2026-01-01,20,108,,BLOG_DEV_DIARY,Dev diary #7 - crafting [TITLE],#PlayStation,https://cdn.playstation.com/thumb/7e763329d60f.jpg,2026-01-01 18:00:00-08:00
1277,2026-01-01,20,105,1,TT_VIDEO,when the [TITLE] cutscene hits different,#PlayStation #fyp #gaming,https://cdn.playstation.com/thumb/fbc9723dff0f.jpg,2026-01-01 10:00:00-08:00
1278,2026-01-01,20,107,,YT_SHORT,Behind the scenes: making [TITLE] #PlayStation #Shorts,#PlayStation #Shorts #Gaming,https://cdn.playstation.com/thumb/43353916ab6d.jpg,2026-01-01 14:00:00-08:00
1279,2026-01-01,20,109,8,TT_TRENDING,gamers tell us their favorite PS5 moment,#PS5 #fyp #gamertok,https://cdn.playstation.com/thumb/3f02e34b382f.jpg,2026-01-01 17:00:00-08:00
1280,2026-01-02,12,103,,YT_TRAILER,[TITLE] - Official Launch Trailer | PS5,#PlayStation,https://cdn.playstation.com/thumb/9524ee984adf.jpg,2026-01-02 11:00:00-08:00
1281,2026-01-02,12,105,1,YT_TRAILER,[TITLE] - Official Launch Trailer | PS5,#PlayStation,https://cdn.playstation.com/thumb/9524ee984adf.jpg,2026-01-02 11:00:00-08:00
1282,2026-01-02,12,113,19,YT_SHORT,Behind the scenes: making [TITLE] #PlayStation #Shorts,#PlayStation #Shorts #Gaming,https://cdn.playstation.com/thumb/beda8b4914c4.jpg,2026-01-02 20:00:00-08:00
1283,2026-01-02,18,113,19,YT_TRAILER,[TITLE] - Official Launch Trailer | PS5,#PlayStation,https://cdn.playstation.com/thumb/9524ee984adf.jpg,2026-01-02 11:00:00-08:00
1284,2026-01-02,18,108,,YT_TRAILER,[TITLE] - Official Launch Trailer | PS5,#PlayStation,https://cdn.playstation.com/thumb/9524ee984adf.jpg,2026-01-02 11:00:00-08:00
1285,2026-01-02,18,109,8,TT_VIDEO,when the [TITLE] cutscene hits different,#PlayStation #fyp #gaming,https://cdn.playstation.com/thumb/baa4e7b6f1ea.jpg,2026-01-02 09:00:00-08:00
1286,2026-01-02,18,107,,BLOG_DEV_DIARY,Dev diary #7 - crafting [TITLE],#PlayStation,https://cdn.playstation.com/thumb/2f5a96cc6a95.jpg,2026-01-02 14:00:00-08:00
1287,2026-01-02,18,107,,YT_TRAILER,[TITLE] - Official Launch Trailer | PS5,#PlayStation,https://cdn.playstation.com/thumb/9524ee984adf.jpg,2026-01-02 11:00:00-08:00
1288,2026-01-02,19,105,1,IG_STORY,Out now on PS5 🔥,#PlayStation,https://cdn.playstation.com/thumb/c01f8c9fa7f1.jpg,2026-01-02 13:00:00-08:00
1289,2026-01-02,19,105,1,IG_POST,Drop a 🎮 if you're playing [TITLE] this weekend,#PlayStation,https://cdn.playstation.com/thumb/57b381bdab40.jpg,2026-01-02 10:00:00-08:00
1290,2026-01-02,19,103,,IG_STORY,Out now on PS5 🔥,#PlayStation,https://cdn.playstation.com/thumb/c01f8c9fa7f1.jpg,2026-01-02 13:00:00-08:00
1291,2026-01-02,19,109,8,IG_POST,Drop a 🎮 if you're playing [TITLE] this weekend,#PlayStation,https://cdn.playstation.com/thumb/57b381bdab40.jpg,2026-01-02 10:00:00-08:00
1292,2026-01-02,19,105,1,YT_LONG,[TITLE] - Deep Dive with the Dev Team,#PlayStation,https://cdn.playstation.com/thumb/e918adcf58a8.jpg,2026-01-02 12:00:00-08:00
1293,2026-01-02,20,109,8,YT_LONG,[TITLE] - Deep Dive with the Dev Team,#PlayStation,https://cdn.playstation.com/thumb/e918adcf58a8.jpg,2026-01-02 12:00:00-08:00
1294,2026-01-02,20,102,,BLOG_POST,[TITLE]: Everything you need to know,#PlayStation,https://cdn.playstation.com/thumb/6f32e273051a.jpg,2026-01-02 15:00:00-08:00
1295,2026-01-02,20,107,,TT_TRENDING,gamers tell us their favorite PS5 moment,#PS5 #fyp #gamertok,https://cdn.playstation.com/thumb/421e4192105f.jpg,2026-01-02 11:00:00-08:00
1296,2026-01-03,12,104,2,YT_LONG,[TITLE] - Deep Dive with the Dev Team,#PlayStation,https://cdn.playstation.com/thumb/5be15626b3ef.jpg,2026-01-03 14:00:00-08:00
1297,2026-01-03,12,109,8,TT_TRENDING,gamers tell us their favorite PS5 moment,#PS5 #fyp #gamertok,https://cdn.playstation.com/thumb/f4a04e40a4db.jpg,2026-01-03 16:00:00-08:00
1298,2026-01-03,12,104,2,BLOG_POST,[TITLE]: Everything you need to know,#PlayStation,https://cdn.playstation.com/thumb/7f01aafc3b34.jpg,2026-01-03 15:00:00-08:00
1299,2026-01-03,12,113,19,BLOG_DEV_DIARY,Dev diary #7 - crafting [TITLE],#PlayStation,https://cdn.playstation.com/thumb/0366ee1fdba2.jpg,2026-01-03 18:00:00-08:00
1300,2026-01-03,12,105,1,YT_LONG,[TITLE] - Deep Dive with the Dev Team,#PlayStation,https://cdn.playstation.com/thumb/5be15626b3ef.jpg,2026-01-03 14:00:00-08:00
1301,2026-01-03,18,103,,IG_POST,Drop a 🎮 if you're playing [TITLE] this weekend,#PlayStation,https://cdn.playstation.com/thumb/5edf0b052bf9.jpg,2026-01-03 18:00:00-08:00
1302,2026-01-03,18,103,,IG_STORY,Out now on PS5 🔥,#PlayStation,https://cdn.playstation.com/thumb/b84dd976482c.jpg,2026-01-03 14:00:00-08:00
1303,2026-01-03,18,104,2,IG_STORY,Out now on PS5 🔥,#PlayStation,https://cdn.playstation.com/thumb/b84dd976482c.jpg,2026-01-03 14:00:00-08:00
1304,2026-01-03,18,107,,IG_POST,Drop a 🎮 if you're playing [TITLE] this weekend,#PlayStation,https://cdn.playstation.com/thumb/5edf0b052bf9.jpg,2026-01-03 18:00:00-08:00
1305,2026-01-03,18,105,1,IG_POST,Drop a 🎮 if you're playing [TITLE] this weekend,#PlayStation,https://cdn.playstation.com/thumb/5edf0b052bf9.jpg,2026-01-03 18:00:00-08:00
1306,2026-01-03,19,107,,YT_LONG,[TITLE] - Deep Dive with the Dev Team,#PlayStation,https://cdn.playstation.com/thumb/5be15626b3ef.jpg,2026-01-03 14:00:00-08:00
1307,2026-01-03,19,103,,IG_REEL,POV: you finally got [TITLE] 🎮,#PlayStation #PS5 #Gaming,https://cdn.playstation.com/thumb/f1068f438b60.jpg,2026-01-03 11:00:00-08:00
1308,2026-01-03,19,103,,YT_TRAILER,[TITLE] - Official Launch Trailer | PS5,#PlayStation,https://cdn.playstation.com/thumb/e69687d3ec6d.jpg,2026-01-03 16:00:00-08:00
1309,2026-01-03,19,109,8,YT_LONG,[TITLE] - Deep Dive with the Dev Team,#PlayStation,https://cdn.playstation.com/thumb/5be15626b3ef.jpg,2026-01-03 14:00:00-08:00
1310,2026-01-03,19,108,,YT_LONG,[TITLE] - Deep Dive with the Dev Team,#PlayStation,https://cdn.playstation.com/thumb/5be15626b3ef.jpg,2026-01-03 14:00:00-08:00
1311,2026-01-03,19,113,19,IG_REEL,POV: you finally got [TITLE] 🎮,#PlayStation #PS5 #Gaming,https://cdn.playstation.com/thumb/f1068f438b60.jpg,2026-01-03 11:00:00-08:00
1312,2026-01-03,19,105,1,IG_REEL,POV: you finally got [TITLE] 🎮,#PlayStation #PS5 #Gaming,https://cdn.playstation.com/thumb/f1068f438b60.jpg,2026-01-03 11:00:00-08:00
1313,2026-01-03,19,104,2,TT_TRENDING,gamers tell us their favorite PS5 moment,#PS5 #fyp #gamertok,https://cdn.playstation.com/thumb/f4a04e40a4db.jpg,2026-01-03 16:00:00-08:00
1314,2026-01-03,20,107,,TT_VIDEO,when the [TITLE] cutscene hits different,#PlayStation #fyp #gaming,https://cdn.playstation.com/thumb/48ecb57f07ad.jpg,2026-01-03 13:00:00-08:00
1315,2026-01-03,20,113,19,YT_TRAILER,[TITLE] - Official Launch Trailer | PS5,#PlayStation,https://cdn.playstation.com/thumb/e69687d3ec6d.jpg,2026-01-03 16:00:00-08:00
1316,2026-01-03,20,113,19,IG_STORY,Out now on PS5 🔥,#PlayStation,https://cdn.playstation.com/thumb/b84dd976482c.jpg,2026-01-03 14:00:00-08:00
1317,2026-01-03,20,105,1,YT_SHORT,Behind the scenes: making [TITLE] #PlayStation #Shorts,#PlayStation #Shorts #Gaming,https://cdn.playstation.com/thumb/2c839d79f70d.jpg,2026-01-03 15:00:00-08:00
1318,2026-01-04,12,104,2,TT_VIDEO,when the [TITLE] cutscene hits different,#PlayStation #fyp #gaming,https://cdn.playstation.com/thumb/b9a2914b8a0b.jpg,2026-01-04 20:00:00-08:00
1319,2026-01-04,12,109,8,IG_POST,Drop a 🎮 if you're playing [TITLE] this weekend,#PlayStation,https://cdn.playstation.com/thumb/3d82b88d4561.jpg,2026-01-04 10:00:00-08:00
1320,2026-01-04,12,113,19,IG_STORY,Out now on PS5 🔥,#PlayStation,https://cdn.playstation.com/thumb/ec658b110b7a.jpg,2026-01-04 19:00:00-08:00
1321,2026-01-04,12,108,,IG_REEL,POV: you finally got [TITLE] 🎮,#PlayStation #PS5 #Gaming,https://cdn.playstation.com/thumb/88b91004e24c.jpg,2026-01-04 11:00:00-08:00
1322,2026-01-04,18,108,,TT_TRENDING,gamers tell us their favorite PS5 moment,#PS5 #fyp #gamertok,https://cdn.playstation.com/thumb/48c47b4978b4.jpg,2026-01-04 18:00:00-08:00
1323,2026-01-04,18,107,,BLOG_DEV_DIARY,Dev diary #7 - crafting [TITLE],#PlayStation,https://cdn.playstation.com/thumb/23a3a9381e54.jpg,2026-01-04 16:00:00-08:00
1324,2026-01-04,18,105,1,BLOG_POST,[TITLE]: Everything you need to know,#PlayStation,https://cdn.playstation.com/thumb/b8c51a6d28b3.jpg,2026-01-04 14:00:00-08:00
1325,2026-01-04,18,104,2,TT_VIDEO,when the [TITLE] cutscene hits different,#PlayStation #fyp #gaming,https://cdn.playstation.com/thumb/b9a2914b8a0b.jpg,2026-01-04 20:00:00-08:00
1326,2026-01-04,18,108,,IG_STORY,Out now on PS5 🔥,#PlayStation,https://cdn.playstation.com/thumb/ec658b110b7a.jpg,2026-01-04 19:00:00-08:00
1327,2026-01-04,18,103,,YT_SHORT,Behind the scenes: making [TITLE] #PlayStation #Shorts,#PlayStation #Shorts #Gaming,https://cdn.playstation.com/thumb/9cb79ba4fdf5.jpg,2026-01-04 12:00:00-08:00
1328,2026-01-04,19,105,1,YT_LONG,[TITLE] - Deep Dive with the Dev Team,#PlayStation,https://cdn.playstation.com/thumb/e1273e65ef55.jpg,2026-01-04 11:00:00-08:00
1329,2026-01-04,19,108,,IG_POST,Drop a 🎮 if you're playing [TITLE] this weekend,#PlayStation,https://cdn.playstation.com/thumb/3d82b88d4561.jpg,2026-01-04 10:00:00-08:00
1330,2026-01-04,19,108,,BLOG_POST,[TITLE]: Everything you need to know,#PlayStation,https://cdn.playstation.com/thumb/b8c51a6d28b3.jpg,2026-01-04 14:00:00-08:00
1331,2026-01-04,19,113,19,YT_SHORT,Behind the scenes: making [TITLE] #PlayStation #Shorts,#PlayStation #Shorts #Gaming,https://cdn.playstation.com/thumb/9cb79ba4fdf5.jpg,2026-01-04 12:00:00-08:00
1332,2026-01-04,19,108,,BLOG_DEV_DIARY,Dev diary #7 - crafting [TITLE],#PlayStation,https://cdn.playstation.com/thumb/23a3a9381e54.jpg,2026-01-04 16:00:00-08:00
1333,2026-01-04,19,103,,TT_VIDEO,when the [TITLE] cutscene hits different,#PlayStation #fyp #gaming,https://cdn.playstation.com/thumb/b9a2914b8a0b.jpg,2026-01-04 20:00:00-08:00
1334,2026-01-04,19,113,19,BLOG_POST,[TITLE]: Everything you need to know,#PlayStation,https://cdn.playstation.com/thumb/b8c51a6d28b3.jpg,2026-01-04 14:00:00-08:00
1335,2026-01-04,20,107,,TT_TRENDING,gamers tell us their favorite PS5 moment,#PS5 #fyp #gamertok,https://cdn.playstation.com/thumb/48c47b4978b4.jpg,2026-01-04 18:00:00-08:00
1336,2026-01-04,20,113,19,BLOG_POST,[TITLE]: Everything you need to know,#PlayStation,https://cdn.playstation.com/thumb/b8c51a6d28b3.jpg,2026-01-04 14:00:00-08:00
1337,2026-01-04,20,109,8,IG_REEL,POV: you finally got [TITLE] 🎮,#PlayStation #PS5 #Gaming,https://cdn.playstation.com/thumb/88b91004e24c.jpg,2026-01-04 11:00:00-08:00
1338,2026-01-04,20,104,2,IG_POST,Drop a 🎮 if you're playing [TITLE] this weekend,#PlayStation,https://cdn.playstation.com/thumb/3d82b88d4561.jpg,2026-01-04 10:00:00-08:00
1339,2026-01-04,20,109,8,YT_LONG,[TITLE] - Deep Dive with the Dev Team,#PlayStation,https://cdn.playstation.com/thumb/e1273e65ef55.jpg,2026-01-04 11:00:00-08:00
1340,2026-01-04,20,105,1,IG_STORY,Out now on PS5 🔥,#PlayStation,https://cdn.playstation.com/thumb/ec658b110b7a.jpg,2026-01-04 19:00:00-08:00
1341,2026-01-05,12,109,8,IG_POST,Drop a 🎮 if you're playing [TITLE] this weekend,#PlayStation,https://cdn.playstation.com/thumb/5e239d5e595f.jpg,2026-01-05 09:00:00-08:00
1342,2026-01-05,12,103,,YT_SHORT,Behind the scenes: making [TITLE] #PlayStation #Shorts,#PlayStation #Shorts #Gaming,https://cdn.playstation.com/thumb/819e95b95d44.jpg,2026-01-05 12:00:00-08:00
1343,2026-01-05,12,107,,IG_REEL,POV: you finally got [TITLE] 🎮,#PlayStation #PS5 #Gaming,https://cdn.playstation.com/thumb/6eed3bd3d0ef.jpg,2026-01-05 20:00:00-08:00
1344,2026-01-05,12,110,,TT_TRENDING,gamers tell us their favorite PS5 moment,#PS5 #fyp #gamertok,https://cdn.playstation.com/thumb/4f59f74ac6c2.jpg,2026-01-05 13:00:00-08:00
1345,2026-01-05,18,108,,BLOG_POST,[TITLE]: Everything you need to know,#PlayStation,https://cdn.playstation.com/thumb/205a8f9d720b.jpg,2026-01-05 14:00:00-08:00
1346,2026-01-05,18,103,,IG_POST,Drop a 🎮 if you're playing [TITLE] this weekend,#PlayStation,https://cdn.playstation.com/thumb/5e239d5e595f.jpg,2026-01-05 09:00:00-08:00
1347,2026-01-05,18,103,,IG_STORY,Out now on PS5 🔥,#PlayStation,https://cdn.playstation.com/thumb/459254b379fc.jpg,2026-01-05 18:00:00-08:00
1348,2026-01-05,18,108,,IG_POST,Drop a 🎮 if you're playing [TITLE] this weekend,#PlayStation,https://cdn.playstation.com/thumb/5e239d5e595f.jpg,2026-01-05 09:00:00-08:00
1349,2026-01-05,18,104,2,IG_STORY,Out now on PS5 🔥,#PlayStation,https://cdn.playstation.com/thumb/459254b379fc.jpg,2026-01-05 18:00:00-08:00
1350,2026-01-05,18,105,1,YT_TRAILER,[TITLE] - Official Launch Trailer | PS5,#PlayStation,https://cdn.playstation.com/thumb/f2712ddbfff9.jpg,2026-01-05 09:00:00-08:00
1351,2026-01-05,18,104,2,YT_SHORT,Behind the scenes: making [TITLE] #PlayStation #Shorts,#PlayStation #Shorts #Gaming,https://cdn.playstation.com/thumb/819e95b95d44.jpg,2026-01-05 12:00:00-08:00
1352,2026-01-05,19,109,8,IG_POST,Drop a 🎮 if you're playing [TITLE] this weekend,#PlayStation,https://cdn.playstation.com/thumb/5e239d5e595f.jpg,2026-01-05 09:00:00-08:00
1353,2026-01-05,19,113,19,YT_SHORT,Behind the scenes: making [TITLE] #PlayStation #Shorts,#PlayStation #Shorts #Gaming,https://cdn.playstation.com/thumb/819e95b95d44.jpg,2026-01-05 12:00:00-08:00
1354,2026-01-05,19,104,2,BLOG_DEV_DIARY,Dev diary #7 - crafting [TITLE],#PlayStation,https://cdn.playstation.com/thumb/97c5a9798dc5.jpg,2026-01-05 09:00:00-08:00
1355,2026-01-05,19,110,,YT_LONG,[TITLE] - Deep Dive with the Dev Team,#PlayStation,https://cdn.playstation.com/thumb/e7f746935ede.jpg,2026-01-05 09:00:00-08:00
1356,2026-01-05,20,110,,YT_SHORT,Behind the scenes: making [TITLE] #PlayStation #Shorts,#PlayStation #Shorts #Gaming,https://cdn.playstation.com/thumb/819e95b95d44.jpg,2026-01-05 12:00:00-08:00
1357,2026-01-05,20,103,,YT_SHORT,Behind the scenes: making [TITLE] #PlayStation #Shorts,#PlayStation #Shorts #Gaming,https://cdn.playstation.com/thumb/819e95b95d44.jpg,2026-01-05 12:00:00-08:00
1358,2026-01-05,20,109,8,IG_STORY,Out now on PS5 🔥,#PlayStation,https://cdn.playstation.com/thumb/459254b379fc.jpg,2026-01-05 18:00:00-08:00
1359,2026-01-05,20,108,,YT_TRAILER,[TITLE] - Official Launch Trailer | PS5,#PlayStation,https://cdn.playstation.com/thumb/f2712ddbfff9.jpg,2026-01-05 09:00:00-08:00
1360,2026-01-05,20,104,2,YT_TRAILER,[TITLE] - Official Launch Trailer | PS5,#PlayStation,https://cdn.playstation.com/thumb/f2712ddbfff9.jpg,2026-01-05 09:00:00-08:00
1361,2026-01-05,20,109,8,TT_VIDEO,when the [TITLE] cutscene hits different,#PlayStation #fyp #gaming,https://cdn.playstation.com/thumb/f400d664d53b.jpg,2026-01-05 11:00:00-08:00
1362,2026-01-05,20,113,19,IG_STORY,Out now on PS5 🔥,#PlayStation,https://cdn.playstation.com/thumb/459254b379fc.jpg,2026-01-05 18:00:00-08:00
1363,2026-01-05,20,105,1,YT_TRAILER,[TITLE] - Official Launch Trailer | PS5,#PlayStation,https://cdn.playstation.com/thumb/f2712ddbfff9.jpg,2026-01-05 09:00:00-08:00
1364,2026-01-06,12,105,1,TT_TRENDING,gamers tell us their favorite PS5 moment,#PS5 #fyp #gamertok,https://cdn.playstation.com/thumb/1c1673d973ec.jpg,2026-01-06 20:00:00-08:00
1365,2026-01-06,12,107,,TT_TRENDING,gamers tell us their favorite PS5 moment,#PS5 #fyp #gamertok,https://cdn.playstation.com/thumb/1c1673d973ec.jpg,2026-01-06 20:00:00-08:00
1366,2026-01-06,12,108,,IG_POST,Drop a 🎮 if you're playing [TITLE] this weekend,#PlayStation,https://cdn.playstation.com/thumb/d2b156951cf6.jpg,2026-01-06 12:00:00-08:00
1367,2026-01-06,12,109,8,TT_VIDEO,when the [TITLE] cutscene hits different,#PlayStation #fyp #gaming,https://cdn.playstation.com/thumb/b6772577faa4.jpg,2026-01-06 18:00:00-08:00
1368,2026-01-06,18,110,,IG_REEL,POV: you finally got [TITLE] 🎮,#PlayStation #PS5 #Gaming,https://cdn.playstation.com/thumb/fd4e69526dd0.jpg,2026-01-06 16:00:00-08:00
1369,2026-01-06,18,108,,IG_POST,Drop a 🎮 if you're playing [TITLE] this weekend,#PlayStation,https://cdn.playstation.com/thumb/d2b156951cf6.jpg,2026-01-06 12:00:00-08:00
1370,2026-01-06,18,109,8,BLOG_POST,[TITLE]: Everything you need to know,#PlayStation,https://cdn.playstation.com/thumb/755e5cf2abff.jpg,2026-01-06 18:00:00-08:00
1371,2026-01-06,18,103,,YT_SHORT,Behind the scenes: making [TITLE] #PlayStation #Shorts,#PlayStation #Shorts #Gaming,https://cdn.playstation.com/thumb/aedafb75b9ee.jpg,2026-01-06 17:00:00-08:00
1372,2026-01-06,18,110,,YT_LONG,[TITLE] - Deep Dive with the Dev Team,#PlayStation,https://cdn.playstation.com/thumb/6860b2175656.jpg,2026-01-06 20:00:00-08:00
1373,2026-01-06,18,104,2,IG_REEL,POV: you finally got [TITLE] 🎮,#PlayStation #PS5 #Gaming,https://cdn.playstation.com/thumb/fd4e69526dd0.jpg,2026-01-06 16:00:00-08:00
1374,2026-01-06,19,105,1,BLOG_POST,[TITLE]: Everything you need to know,#PlayStation,https://cdn.playstation.com/thumb/755e5cf2abff.jpg,2026-01-06 18:00:00-08:00
1375,2026-01-06,19,109,8,TT_TRENDING,gamers tell us their favorite PS5 moment,#PS5 #fyp #gamertok,https://cdn.playstation.com/thumb/1c1673d973ec.jpg,2026-01-06 20:00:00-08:00
1376,2026-01-06,19,104,2,YT_LONG,[TITLE] - Deep Dive with the Dev Team,#PlayStation,https://cdn.playstation.com/thumb/6860b2175656.jpg,2026-01-06 20:00:00-08:00
1377,2026-01-06,19,105,1,IG_REEL,POV: you finally got [TITLE] 🎮,#PlayStation #PS5 #Gaming,https://cdn.playstation.com/thumb/fd4e69526dd0.jpg,2026-01-06 16:00:00-08:00
1378,2026-01-06,19,104,2,IG_POST,Drop a 🎮 if you're playing [TITLE] this weekend,#PlayStation,https://cdn.playstation.com/thumb/d2b156951cf6.jpg,2026-01-06 12:00:00-08:00
1379,2026-01-06,19,109,8,BLOG_DEV_DIARY,Dev diary #7 - crafting [TITLE],#PlayStation,https://cdn.playstation.com/thumb/8c9c81d764ff.jpg,2026-01-06 10:00:00-08:00
1380,2026-01-06,19,113,19,YT_TRAILER,[TITLE] - Official Launch Trailer | PS5,#PlayStation,https://cdn.playstation.com/thumb/511ddf6d13fa.jpg,2026-01-06 11:00:00-08:00
1381,2026-01-06,19,113,19,IG_POST,Drop a 🎮 if you're playing [TITLE] this weekend,#PlayStation,https://cdn.playstation.com/thumb/d2b156951cf6.jpg,2026-01-06 12:00:00-08:00
1382,2026-01-06,19,103,,BLOG_POST,[TITLE]: Everything you need to know,#PlayStation,https://cdn.playstation.com/thumb/755e5cf2abff.jpg,2026-01-06 18:00:00-08:00
1383,2026-01-06,19,108,,TT_VIDEO,when the [TITLE] cutscene hits different,#PlayStation #fyp #gaming,https://cdn.playstation.com/thumb/b6772577faa4.jpg,2026-01-06 18:00:00-08:00
1384,2026-01-06,20,104,2,YT_LONG,[TITLE] - Deep Dive with the Dev Team,#PlayStation,https://cdn.playstation.com/thumb/6860b2175656.jpg,2026-01-06 20:00:00-08:00
1385,2026-01-06,20,108,,TT_TRENDING,gamers tell us their favorite PS5 moment,#PS5 #fyp #gamertok,https://cdn.playstation.com/thumb/1c1673d973ec.jpg,2026-01-06 20:00:00-08:00
1386,2026-01-06,20,113,19,BLOG_POST,[TITLE]: Everything you need to know,#PlayStation,https://cdn.playstation.com/thumb/755e5cf2abff.jpg,2026-01-06 18:00:00-08:00
1387,2026-01-06,20,103,,TT_TRENDING,gamers tell us their favorite PS5 moment,#PS5 #fyp #gamertok,https://cdn.playstation.com/thumb/1c1673d973ec.jpg,2026-01-06 20:00:00-08:00
1388,2026-01-06,20,107,,IG_STORY,Out now on PS5 🔥,#PlayStation,https://cdn.playstation.com/thumb/6bea8a6d5956.jpg,2026-01-06 18:00:00-08:00
1389,2026-01-06,20,110,,YT_LONG,[TITLE] - Deep Dive with the Dev Team,#PlayStation,https://cdn.playstation.com/thumb/6860b2175656.jpg,2026-01-06 20:00:00-08:00
1390,2026-01-06,20,105,1,IG_REEL,POV: you finally got [TITLE] 🎮,#PlayStation #PS5 #Gaming,https://cdn.playstation.com/thumb/fd4e69526dd0.jpg,2026-01-06 16:00:00-08:00
1391,2026-01-06,20,107,,YT_LONG,[TITLE] - Deep Dive with the Dev Team,#PlayStation,https://cdn.playstation.com/thumb/6860b2175656.jpg,2026-01-06 20:00:00-08:00
1392,2026-01-06,20,108,,IG_REEL,POV: you finally got [TITLE] 🎮,#PlayStation #PS5 #Gaming,https://cdn.playstation.com/thumb/fd4e69526dd0.jpg,2026-01-06 16:00:00-08:00
1393,2026-01-07,12,110,,IG_POST,Drop a 🎮 if you're playing [TITLE] this weekend,#PlayStation,https://cdn.playstation.com/thumb/8afb9d5855b2.jpg,2026-01-07 11:00:00-08:00
1394,2026-01-07,12,103,,YT_TRAILER,[TITLE] - Official Launch Trailer | PS5,#PlayStation,https://cdn.playstation.com/thumb/6e9b78f6162e.jpg,2026-01-07 19:00:00-08:00
1395,2026-01-07,12,113,19,YT_SHORT,Behind the scenes: making [TITLE] #PlayStation #Shorts,#PlayStation #Shorts #Gaming,https://cdn.playstation.com/thumb/bb41f959ef02.jpg,2026-01-07 20:00:00-08:00
1396,2026-01-07,12,104,2,IG_STORY,Out now on PS5 🔥,#PlayStation,https://cdn.playstation.com/thumb/33d519f37c9b.jpg,2026-01-07 16:00:00-08:00
1397,2026-01-07,12,104,2,BLOG_POST,[TITLE]: Everything you need to know,#PlayStation,https://cdn.playstation.com/thumb/0b4a65fd9520.jpg,2026-01-07 14:00:00-08:00
1398,2026-01-07,12,105,1,TT_TRENDING,gamers tell us their favorite PS5 moment,#PS5 #fyp #gamertok,https://cdn.playstation.com/thumb/38877d88275d.jpg,2026-01-07 20:00:00-08:00
1399,2026-01-07,12,104,2,YT_TRAILER,[TITLE] - Official Launch Trailer | PS5,#PlayStation,https://cdn.playstation.com/thumb/6e9b78f6162e.jpg,2026-01-07 19:00:00-08:00
1400,2026-01-07,12,113,19,YT_LONG,[TITLE] - Deep Dive with the Dev Team,#PlayStation,https://cdn.playstation.com/thumb/b64ce7ecdebd.jpg,2026-01-07 13:00:00-08:00
1401,2026-01-07,18,105,1,BLOG_DEV_DIARY,Dev diary #7 - crafting [TITLE],#PlayStation,https://cdn.playstation.com/thumb/bba08fb94e7e.jpg,2026-01-07 16:00:00-08:00
1402,2026-01-07,18,110,,YT_TRAILER,[TITLE] - Official Launch Trailer | PS5,#PlayStation,https://cdn.playstation.com/thumb/6e9b78f6162e.jpg,2026-01-07 19:00:00-08:00
1403,2026-01-07,19,107,,TT_VIDEO,when the [TITLE] cutscene hits different,#PlayStation #fyp #gaming,https://cdn.playstation.com/thumb/de28d8b1a063.jpg,2026-01-07 11:00:00-08:00
1404,2026-01-07,19,103,,YT_TRAILER,[TITLE] - Official Launch Trailer | PS5,#PlayStation,https://cdn.playstation.com/thumb/6e9b78f6162e.jpg,2026-01-07 19:00:00-08:00
1405,2026-01-07,19,104,2,BLOG_POST,[TITLE]: Everything you need to know,#PlayStation,https://cdn.playstation.com/thumb/0b4a65fd9520.jpg,2026-01-07 14:00:00-08:00
1406,2026-01-07,19,113,19,BLOG_POST,[TITLE]: Everything you need to know,#PlayStation,https://cdn.playstation.com/thumb/0b4a65fd9520.jpg,2026-01-07 14:00:00-08:00
1407,2026-01-07,19,113,19,TT_TRENDING,gamers tell us their favorite PS5 moment,#PS5 #fyp #gamertok,https://cdn.playstation.com/thumb/38877d88275d.jpg,2026-01-07 20:00:00-08:00
1408,2026-01-07,20,107,,IG_POST,Drop a 🎮 if you're playing [TITLE] this weekend,#PlayStation,https://cdn.playstation.com/thumb/8afb9d5855b2.jpg,2026-01-07 11:00:00-08:00
1409,2026-01-07,20,110,,YT_TRAILER,[TITLE] - Official Launch Trailer | PS5,#PlayStation,https://cdn.playstation.com/thumb/6e9b78f6162e.jpg,2026-01-07 19:00:00-08:00
1410,2026-01-07,20,107,,BLOG_POST,[TITLE]: Everything you need to know,#PlayStation,https://cdn.playstation.com/thumb/0b4a65fd9520.jpg,2026-01-07 14:00:00-08:00
1411,2026-01-07,20,104,2,YT_LONG,[TITLE] - Deep Dive with the Dev Team,#PlayStation,https://cdn.playstation.com/thumb/b64ce7ecdebd.jpg,2026-01-07 13:00:00-08:00
1412,2026-01-07,20,113,19,YT_TRAILER,[TITLE] - Official Launch Trailer | PS5,#PlayStation,https://cdn.playstation.com/thumb/6e9b78f6162e.jpg,2026-01-07 19:00:00-08:00
1413,2026-01-07,20,110,,YT_SHORT,Behind the scenes: making [TITLE] #PlayStation #Shorts,#PlayStation #Shorts #Gaming,https://cdn.playstation.com/thumb/bb41f959ef02.jpg,2026-01-07 20:00:00-08:00
1414,2026-01-08,12,103,,IG_REEL,POV: you finally got [TITLE] 🎮,#PlayStation #PS5 #Gaming,https://cdn.playstation.com/thumb/543b11c4aeb0.jpg,2026-01-08 19:00:00-08:00
1415,2026-01-08,12,104,2,IG_POST,Drop a 🎮 if you're playing [TITLE] this weekend,#PlayStation,https://cdn.playstation.com/thumb/97a4cd4aecc4.jpg,2026-01-08 19:00:00-08:00
1416,2026-01-08,18,107,,YT_SHORT,Behind the scenes: making [TITLE] #PlayStation #Shorts,#PlayStation #Shorts #Gaming,https://cdn.playstation.com/thumb/f183f3b0f960.jpg,2026-01-08 19:00:00-08:00
1417,2026-01-08,18,107,,BLOG_DEV_DIARY,Dev diary #7 - crafting [TITLE],#PlayStation,https://cdn.playstation.com/thumb/fb0fc231b259.jpg,2026-01-08 19:00:00-08:00
1418,2026-01-08,18,110,,BLOG_DEV_DIARY,Dev diary #7 - crafting [TITLE],#PlayStation,https://cdn.playstation.com/thumb/fb0fc231b259.jpg,2026-01-08 19:00:00-08:00
1419,2026-01-08,18,108,,TT_VIDEO,when the [TITLE] cutscene hits different,#PlayStation #fyp #gaming,https://cdn.playstation.com/thumb/c9985fa079dd.jpg,2026-01-08 17:00:00-08:00
1420,2026-01-08,19,113,19,IG_STORY,Out now on PS5 🔥,#PlayStation,https://cdn.playstation.com/thumb/b2f43d02fbf2.jpg,2026-01-08 13:00:00-08:00
1421,2026-01-08,19,110,,IG_POST,Drop a 🎮 if you're playing [TITLE] this weekend,#PlayStation,https://cdn.playstation.com/thumb/97a4cd4aecc4.jpg,2026-01-08 19:00:00-08:00
1422,2026-01-08,19,110,,IG_STORY,Out now on PS5 🔥,#PlayStation,https://cdn.playstation.com/thumb/b2f43d02fbf2.jpg,2026-01-08 13:00:00-08:00
1423,2026-01-08,19,108,,IG_POST,Drop a 🎮 if you're playing [TITLE] this weekend,#PlayStation,https://cdn.playstation.com/thumb/97a4cd4aecc4.jpg,2026-01-08 19:00:00-08:00
1424,2026-01-08,19,105,1,IG_REEL,POV: you finally got [TITLE] 🎮,#PlayStation #PS5 #Gaming,https://cdn.playstation.com/thumb/543b11c4aeb0.jpg,2026-01-08 19:00:00-08:00
1425,2026-01-08,19,105,1,TT_VIDEO,when the [TITLE] cutscene hits different,#PlayStation #fyp #gaming,https://cdn.playstation.com/thumb/c9985fa079dd.jpg,2026-01-08 17:00:00-08:00
1426,2026-01-08,19,108,,BLOG_POST,[TITLE]: Everything you need to know,#PlayStation,https://cdn.playstation.com/thumb/4590439f687b.jpg,2026-01-08 17:00:00-08:00
1427,2026-01-08,19,103,,BLOG_POST,[TITLE]: Everything you need to know,#PlayStation,https://cdn.playstation.com/thumb/4590439f687b.jpg,2026-01-08 17:00:00-08:00
1428,2026-01-08,20,109,8,TT_VIDEO,when the [TITLE] cutscene hits different,#PlayStation #fyp #gaming,https://cdn.playstation.com/thumb/c9985fa079dd.jpg,2026-01-08 17:00:00-08:00
1429,2026-01-08,20,107,,BLOG_POST,[TITLE]: Everything you need to know,#PlayStation,https://cdn.playstation.com/thumb/4590439f687b.jpg,2026-01-08 17:00:00-08:00
1430,2026-01-08,20,105,1,YT_TRAILER,[TITLE] - Official Launch Trailer | PS5,#PlayStation,https://cdn.playstation.com/thumb/013d2bae6b58.jpg,2026-01-08 09:00:00-08:00
1431,2026-01-08,20,110,,IG_STORY,Out now on PS5 🔥,#PlayStation,https://cdn.playstation.com/thumb/b2f43d02fbf2.jpg,2026-01-08 13:00:00-08:00
1432,2026-01-08,20,103,,IG_POST,Drop a 🎮 if you're playing [TITLE] this weekend,#PlayStation,https://cdn.playstation.com/thumb/97a4cd4aecc4.jpg,2026-01-08 19:00:00-08:00
1433,2026-01-09,12,104,2,YT_LONG,[TITLE] - Deep Dive with the Dev Team,#PlayStation,https://cdn.playstation.com/thumb/de3ccf3adaf0.jpg,2026-01-09 13:00:00-08:00
1434,2026-01-09,12,103,,BLOG_DEV_DIARY,Dev diary #7 - crafting [TITLE],#PlayStation,https://cdn.playstation.com/thumb/d1427a7ae58f.jpg,2026-01-09 12:00:00-08:00
1435,2026-01-09,12,109,8,TT_VIDEO,when the [TITLE] cutscene hits different,#PlayStation #fyp #gaming,https://cdn.playstation.com/thumb/eee67105163d.jpg,2026-01-09 15:00:00-08:00
1436,2026-01-09,12,108,,YT_TRAILER,[TITLE] - Official Launch Trailer | PS5,#PlayStation,https://cdn.playstation.com/thumb/daaa7ee1e7dc.jpg,2026-01-09 18:00:00-08:00
1437,2026-01-09,12,108,,TT_VIDEO,when the [TITLE] cutscene hits different,#PlayStation #fyp #gaming,https://cdn.playstation.com/thumb/eee67105163d.jpg,2026-01-09 15:00:00-08:00
1438,2026-01-09,12,104,2,TT_VIDEO,when the [TITLE] cutscene hits different,#PlayStation #fyp #gaming,https://cdn.playstation.com/thumb/eee67105163d.jpg,2026-01-09 15:00:00-08:00
1439,2026-01-09,18,103,,IG_POST,Drop a 🎮 if you're playing [TITLE] this weekend,#PlayStation,https://cdn.playstation.com/thumb/55be510e6a89.jpg,2026-01-09 10:00:00-08:00
1440,2026-01-09,18,104,2,TT_TRENDING,gamers tell us their favorite PS5 moment,#PS5 #fyp #gamertok,https://cdn.playstation.com/thumb/43d6d02577e5.jpg,2026-01-09 11:00:00-08:00
1441,2026-01-09,18,107,,YT_LONG,[TITLE] - Deep Dive with the Dev Team,#PlayStation,https://cdn.playstation.com/thumb/de3ccf3adaf0.jpg,2026-01-09 13:00:00-08:00
1442,2026-01-09,18,110,,IG_REEL,POV: you finally got [TITLE] 🎮,#PlayStation #PS5 #Gaming,https://cdn.playstation.com/thumb/d3ac35e43f16.jpg,2026-01-09 13:00:00-08:00
1443,2026-01-09,18,105,1,TT_TRENDING,gamers tell us their favorite PS5 moment,#PS5 #fyp #gamertok,https://cdn.playstation.com/thumb/43d6d02577e5.jpg,2026-01-09 11:00:00-08:00
1444,2026-01-09,18,107,,IG_POST,Drop a 🎮 if you're playing [TITLE] this weekend,#PlayStation,https://cdn.playstation.com/thumb/55be510e6a89.jpg,2026-01-09 10:00:00-08:00
1445,2026-01-09,18,113,19,IG_POST,Drop a 🎮 if you're playing [TITLE] this weekend,#PlayStation,https://cdn.playstation.com/thumb/55be510e6a89.jpg,2026-01-09 10:00:00-08:00
1446,2026-01-09,19,110,,IG_REEL,POV: you finally got [TITLE] 🎮,#PlayStation #PS5 #Gaming,https://cdn.playstation.com/thumb/d3ac35e43f16.jpg,2026-01-09 13:00:00-08:00
1447,2026-01-09,19,109,8,YT_TRAILER,[TITLE] - Official Launch Trailer | PS5,#PlayStation,https://cdn.playstation.com/thumb/daaa7ee1e7dc.jpg,2026-01-09 18:00:00-08:00
1448,2026-01-09,19,104,2,TT_VIDEO,when the [TITLE] cutscene hits different,#PlayStation #fyp #gaming,https://cdn.playstation.com/thumb/eee67105163d.jpg,2026-01-09 15:00:00-08:00
1449,2026-01-09,19,109,8,IG_POST,Drop a 🎮 if you're playing [TITLE] this weekend,#PlayStation,https://cdn.playstation.com/thumb/55be510e6a89.jpg,2026-01-09 10:00:00-08:00
1450,2026-01-09,20,107,,BLOG_POST,[TITLE]: Everything you need to know,#PlayStation,https://cdn.playstation.com/thumb/eecacadf80fb.jpg,2026-01-09 10:00:00-08:00
1451,2026-01-09,20,113,19,YT_TRAILER,[TITLE] - Official Launch Trailer | PS5,#PlayStation,https://cdn.playstation.com/thumb/daaa7ee1e7dc.jpg,2026-01-09 18:00:00-08:00
1452,2026-01-09,20,105,1,BLOG_DEV_DIARY,Dev diary #7 - crafting [TITLE],#PlayStation,https://cdn.playstation.com/thumb/d1427a7ae58f.jpg,2026-01-09 12:00:00-08:00
1453,2026-01-09,20,110,,YT_SHORT,Behind the scenes: making [TITLE] #PlayStation #Shorts,#PlayStation #Shorts #Gaming,https://cdn.playstation.com/thumb/7b1be44e625f.jpg,2026-01-09 12:00:00-08:00
1454,2026-01-09,20,110,,IG_REEL,POV: you finally got [TITLE] 🎮,#PlayStation #PS5 #Gaming,https://cdn.playstation.com/thumb/d3ac35e43f16.jpg,2026-01-09 13:00:00-08:00
1455,2026-01-09,20,103,,IG_REEL,POV: you finally got [TITLE] 🎮,#PlayStation #PS5 #Gaming,https://cdn.playstation.com/thumb/d3ac35e43f16.jpg,2026-01-09 13:00:00-08:00
1456,2026-01-09,20,105,1,YT_TRAILER,[TITLE] - Official Launch Trailer | PS5,#PlayStation,https://cdn.playstation.com/thumb/daaa7ee1e7dc.jpg,2026-01-09 18:00:00-08:00
1457,2026-01-09,20,104,2,IG_REEL,POV: you finally got [TITLE] 🎮,#PlayStation #PS5 #Gaming,https://cdn.playstation.com/thumb/d3ac35e43f16.jpg,2026-01-09 13:00:00-08:00
1458,2026-01-09,20,109,8,YT_LONG,[TITLE] - Deep Dive with the Dev Team,#PlayStation,https://cdn.playstation.com/thumb/de3ccf3adaf0.jpg,2026-01-09 13:00:00-08:00
1459,2026-01-09,20,105,1,YT_SHORT,Behind the scenes: making [TITLE] #PlayStation #Shorts,#PlayStation #Shorts #Gaming,https://cdn.playstation.com/thumb/7b1be44e625f.jpg,2026-01-09 12:00:00-08:00
1460,2026-01-09,20,103,,IG_STORY,Out now on PS5 🔥,#PlayStation,https://cdn.playstation.com/thumb/39f054e9e156.jpg,2026-01-09 14:00:00-08:00
1461,2026-01-09,20,110,,BLOG_DEV_DIARY,Dev diary #7 - crafting [TITLE],#PlayStation,https://cdn.playstation.com/thumb/d1427a7ae58f.jpg,2026-01-09 12:00:00-08:00
1462,2026-01-10,12,110,,YT_TRAILER,[TITLE] - Official Launch Trailer | PS5,#PlayStation,https://cdn.playstation.com/thumb/6500196ecbdc.jpg,2026-01-10 16:00:00-08:00
1463,2026-01-10,12,107,,IG_STORY,Out now on PS5 🔥,#PlayStation,https://cdn.playstation.com/thumb/a59d9807628d.jpg,2026-01-10 17:00:00-08:00
1464,2026-01-10,12,110,,TT_TRENDING,gamers tell us their favorite PS5 moment,#PS5 #fyp #gamertok,https://cdn.playstation.com/thumb/705cf163c48b.jpg,2026-01-10 10:00:00-08:00
1465,2026-01-10,12,110,,YT_SHORT,Behind the scenes: making [TITLE] #PlayStation #Shorts,#PlayStation #Shorts #Gaming,https://cdn.playstation.com/thumb/5c9b9fa77296.jpg,2026-01-10 16:00:00-08:00
1466,2026-01-10,12,104,2,TT_TRENDING,gamers tell us their favorite PS5 moment,#PS5 #fyp #gamertok,https://cdn.playstation.com/thumb/705cf163c48b.jpg,2026-01-10 10:00:00-08:00
1467,2026-01-10,12,110,,BLOG_DEV_DIARY,Dev diary #7 - crafting [TITLE],#PlayStation,https://cdn.playstation.com/thumb/cebb8b556d12.jpg,2026-01-10 20:00:00-08:00
1468,2026-01-10,12,114,30,YT_SHORT,Behind the scenes: making [TITLE] #PlayStation #Shorts,#PlayStation #Shorts #Gaming,https://cdn.playstation.com/thumb/5c9b9fa77296.jpg,2026-01-10 16:00:00-08:00
1469,2026-01-10,12,107,,YT_SHORT,Behind the scenes: making [TITLE] #PlayStation #Shorts,#PlayStation #Shorts #Gaming,https://cdn.playstation.com/thumb/5c9b9fa77296.jpg,2026-01-10 16:00:00-08:00
1470,2026-01-10,12,109,8,IG_POST,Drop a 🎮 if you're playing [TITLE] this weekend,#PlayStation,https://cdn.playstation.com/thumb/c4344165d7e4.jpg,2026-01-10 20:00:00-08:00
1471,2026-01-10,18,105,1,YT_TRAILER,[TITLE] - Official Launch Trailer | PS5,#PlayStation,https://cdn.playstation.com/thumb/6500196ecbdc.jpg,2026-01-10 16:00:00-08:00
1472,2026-01-10,18,108,,IG_POST,Drop a 🎮 if you're playing [TITLE] this weekend,#PlayStation,https://cdn.playstation.com/thumb/c4344165d7e4.jpg,2026-01-10 20:00:00-08:00
1473,2026-01-10,18,109,8,IG_STORY,Out now on PS5 🔥,#PlayStation,https://cdn.playstation.com/thumb/a59d9807628d.jpg,2026-01-10 17:00:00-08:00
1474,2026-01-10,18,107,,TT_TRENDING,gamers tell us their favorite PS5 moment,#PS5 #fyp #gamertok,https://cdn.playstation.com/thumb/705cf163c48b.jpg,2026-01-10 10:00:00-08:00
1475,2026-01-10,18,104,2,TT_VIDEO,when the [TITLE] cutscene hits different,#PlayStation #fyp #gaming,https://cdn.playstation.com/thumb/39dad0ac5943.jpg,2026-01-10 18:00:00-08:00
1476,2026-01-10,18,104,2,IG_POST,Drop a 🎮 if you're playing [TITLE] this weekend,#PlayStation,https://cdn.playstation.com/thumb/c4344165d7e4.jpg,2026-01-10 20:00:00-08:00
1477,2026-01-10,19,103,,YT_LONG,[TITLE] - Deep Dive with the Dev Team,#PlayStation,https://cdn.playstation.com/thumb/7788a68dd367.jpg,2026-01-10 12:00:00-08:00
1478,2026-01-10,19,110,,YT_LONG,[TITLE] - Deep Dive with the Dev Team,#PlayStation,https://cdn.playstation.com/thumb/7788a68dd367.jpg,2026-01-10 12:00:00-08:00
1479,2026-01-10,19,113,19,BLOG_DEV_DIARY,Dev diary #7 - crafting [TITLE],#PlayStation,https://cdn.playstation.com/thumb/cebb8b556d12.jpg,2026-01-10 20:00:00-08:00
1480,2026-01-10,19,110,,IG_REEL,POV: you finally got [TITLE] 🎮,#PlayStation #PS5 #Gaming,https://cdn.playstation.com/thumb/4fd2390a8ae2.jpg,2026-01-10 09:00:00-08:00
1481,2026-01-10,19,113,19,YT_SHORT,Behind the scenes: making [TITLE] #PlayStation #Shorts,#PlayStation #Shorts #Gaming,https://cdn.playstation.com/thumb/5c9b9fa77296.jpg,2026-01-10 16:00:00-08:00
1482,2026-01-10,19,110,,TT_TRENDING,gamers tell us their favorite PS5 moment,#PS5 #fyp #gamertok,https://cdn.playstation.com/thumb/705cf163c48b.jpg,2026-01-10 10:00:00-08:00
1483,2026-01-10,20,114,30,IG_STORY,Out now on PS5 🔥,#PlayStation,https://cdn.playstation.com/thumb/a59d9807628d.jpg,2026-01-10 17:00:00-08:00
1484,2026-01-10,20,105,1,YT_SHORT,Behind the scenes: making [TITLE] #PlayStation #Shorts,#PlayStation #Shorts #Gaming,https://cdn.playstation.com/thumb/5c9b9fa77296.jpg,2026-01-10 16:00:00-08:00
1485,2026-01-10,20,103,,TT_TRENDING,gamers tell us their favorite PS5 moment,#PS5 #fyp #gamertok,https://cdn.playstation.com/thumb/705cf163c48b.jpg,2026-01-10 10:00:00-08:00
1486,2026-01-10,20,105,1,IG_POST,Drop a 🎮 if you're playing [TITLE] this weekend,#PlayStation,https://cdn.playstation.com/thumb/c4344165d7e4.jpg,2026-01-10 20:00:00-08:00
1487,2026-01-10,20,107,,TT_TRENDING,gamers tell us their favorite PS5 moment,#PS5 #fyp #gamertok,https://cdn.playstation.com/thumb/705cf163c48b.jpg,2026-01-10 10:00:00-08:00
1488,2026-01-11,12,107,,IG_STORY,Out now on PS5 🔥,#PlayStation,https://cdn.playstation.com/thumb/1247506ebe19.jpg,2026-01-11 17:00:00-08:00
1489,2026-01-11,12,110,,YT_TRAILER,[TITLE] - Official Launch Trailer | PS5,#PlayStation,https://cdn.playstation.com/thumb/457ad5e8b51d.jpg,2026-01-11 10:00:00-08:00
1490,2026-01-11,12,108,,BLOG_POST,[TITLE]: Everything you need to know,#PlayStation,https://cdn.playstation.com/thumb/ea8f3b1a37d0.jpg,2026-01-11 12:00:00-08:00
1491,2026-01-11,12,110,,TT_TRENDING,gamers tell us their favorite PS5 moment,#PS5 #fyp #gamertok,https://cdn.playstation.com/thumb/b76828bf0f72.jpg,2026-01-11 16:00:00-08:00
1492,2026-01-11,18,104,2,YT_SHORT,Behind the scenes: making [TITLE] #PlayStation #Shorts,#PlayStation #Shorts #Gaming,https://cdn.playstation.com/thumb/3c860432dd73.jpg,2026-01-11 20:00:00-08:00
1493,2026-01-11,18,103,,IG_REEL,POV: you finally got [TITLE] 🎮,#PlayStation #PS5 #Gaming,https://cdn.playstation.com/thumb/72beefb0911f.jpg,2026-01-11 18:00:00-08:00
1494,2026-01-11,18,104,2,BLOG_DEV_DIARY,Dev diary #7 - crafting [TITLE],#PlayStation,https://cdn.playstation.com/thumb/d0db95f2bde7.jpg,2026-01-11 10:00:00-08:00
1495,2026-01-11,18,103,,YT_SHORT,Behind the scenes: making [TITLE] #PlayStation #Shorts,#PlayStation #Shorts #Gaming,https://cdn.playstation.com/thumb/3c860432dd73.jpg,2026-01-11 20:00:00-08:00
1496,2026-01-11,18,105,1,TT_TRENDING,gamers tell us their favorite PS5 moment,#PS5 #fyp #gamertok,https://cdn.playstation.com/thumb/b76828bf0f72.jpg,2026-01-11 16:00:00-08:00
1497,2026-01-11,18,108,,IG_STORY,Out now on PS5 🔥,#PlayStation,https://cdn.playstation.com/thumb/1247506ebe19.jpg,2026-01-11 17:00:00-08:00
1498,2026-01-11,18,114,30,YT_SHORT,Behind the scenes: making [TITLE] #PlayStation #Shorts,#PlayStation #Shorts #Gaming,https://cdn.playstation.com/thumb/3c860432dd73.jpg,2026-01-11 20:00:00-08:00
1499,2026-01-11,18,108,,BLOG_DEV_DIARY,Dev diary #7 - crafting [TITLE],#PlayStation,https://cdn.playstation.com/thumb/d0db95f2bde7.jpg,2026-01-11 10:00:00-08:00
1500,2026-01-11,19,103,,BLOG_POST,[TITLE]: Everything you need to know,#PlayStation,https://cdn.playstation.com/thumb/ea8f3b1a37d0.jpg,2026-01-11 12:00:00-08:00
1501,2026-01-11,19,109,8,IG_STORY,Out now on PS5 🔥,#PlayStation,https://cdn.playstation.com/thumb/1247506ebe19.jpg,2026-01-11 17:00:00-08:00
1502,2026-01-11,19,114,30,YT_SHORT,Behind the scenes: making [TITLE] #PlayStation #Shorts,#PlayStation #Shorts #Gaming,https://cdn.playstation.com/thumb/3c860432dd73.jpg,2026-01-11 20:00:00-08:00
1503,2026-01-11,19,113,19,TT_VIDEO,when the [TITLE] cutscene hits different,#PlayStation #fyp #gaming,https://cdn.playstation.com/thumb/915974cec840.jpg,2026-01-11 20:00:00-08:00
1504,2026-01-11,19,108,,BLOG_POST,[TITLE]: Everything you need to know,#PlayStation,https://cdn.playstation.com/thumb/ea8f3b1a37d0.jpg,2026-01-11 12:00:00-08:00
1505,2026-01-11,20,109,8,IG_REEL,POV: you finally got [TITLE] 🎮,#PlayStation #PS5 #Gaming,https://cdn.playstation.com/thumb/72beefb0911f.jpg,2026-01-11 18:00:00-08:00
1506,2026-01-11,20,113,19,YT_TRAILER,[TITLE] - Official Launch Trailer | PS5,#PlayStation,https://cdn.playstation.com/thumb/457ad5e8b51d.jpg,2026-01-11 10:00:00-08:00
1507,2026-01-11,20,109,8,YT_LONG,[TITLE] - Deep Dive with the Dev Team,#PlayStation,https://cdn.playstation.com/thumb/0a550d65b963.jpg,2026-01-11 14:00:00-08:00
1508,2026-01-11,20,114,30,YT_SHORT,Behind the scenes: making [TITLE] #PlayStation #Shorts,#PlayStation #Shorts #Gaming,https://cdn.playstation.com/thumb/3c860432dd73.jpg,2026-01-11 20:00:00-08:00
1509,2026-01-12,12,104,2,YT_LONG,[TITLE] - Deep Dive with the Dev Team,#PlayStation,https://cdn.playstation.com/thumb/c4baf1f012b6.jpg,2026-01-12 16:00:00-08:00
1510,2026-01-12,12,114,30,TT_VIDEO,when the [TITLE] cutscene hits different,#PlayStation #fyp #gaming,https://cdn.playstation.com/thumb/2a56eb4bc331.jpg,2026-01-12 12:00:00-08:00
1511,2026-01-12,12,114,30,BLOG_DEV_DIARY,Dev diary #7 - crafting [TITLE],#PlayStation,https://cdn.playstation.com/thumb/09c7ee4f668a.jpg,2026-01-12 18:00:00-08:00
1512,2026-01-12,12,104,2,IG_REEL,POV: you finally got [TITLE] 🎮,#PlayStation #PS5 #Gaming,https://cdn.playstation.com/thumb/1f21a903f7c1.jpg,2026-01-12 12:00:00-08:00
1513,2026-01-12,12,104,2,TT_VIDEO,when the [TITLE] cutscene hits different,#PlayStation #fyp #gaming,https://cdn.playstation.com/thumb/2a56eb4bc331.jpg,2026-01-12 12:00:00-08:00
1514,2026-01-12,12,108,,BLOG_DEV_DIARY,Dev diary #7 - crafting [TITLE],#PlayStation,https://cdn.playstation.com/thumb/09c7ee4f668a.jpg,2026-01-12 18:00:00-08:00
1515,2026-01-12,12,110,,IG_POST,Drop a 🎮 if you're playing [TITLE] this weekend,#PlayStation,https://cdn.playstation.com/thumb/e2ae0ea2046b.jpg,2026-01-12 09:00:00-08:00
1516,2026-01-12,12,113,19,TT_VIDEO,when the [TITLE] cutscene hits different,#PlayStation #fyp #gaming,https://cdn.playstation.com/thumb/2a56eb4bc331.jpg,2026-01-12 12:00:00-08:00
1517,2026-01-12,18,105,1,TT_VIDEO,when the [TITLE] cutscene hits different,#PlayStation #fyp #gaming,https://cdn.playstation.com/thumb/2a56eb4bc331.jpg,2026-01-12 12:00:00-08:00
1518,2026-01-12,18,114,30,BLOG_POST,[TITLE]: Everything you need to know,#PlayStation,https://cdn.playstation.com/thumb/1779d346ad52.jpg,2026-01-12 20:00:00-08:00
1519,2026-01-12,18,109,8,TT_TRENDING,gamers tell us their favorite PS5 moment,#PS5 #fyp #gamertok,https://cdn.playstation.com/thumb/515001ca98aa.jpg,2026-01-12 20:00:00-08:00
1520,2026-01-12,18,114,30,TT_TRENDING,gamers tell us their favorite PS5 moment,#PS5 #fyp #gamertok,https://cdn.playstation.com/thumb/515001ca98aa.jpg,2026-01-12 20:00:00-08:00
1521,2026-01-12,18,113,19,YT_SHORT,Behind the scenes: making [TITLE] #PlayStation #Shorts,#PlayStation #Shorts #Gaming,https://cdn.playstation.com/thumb/68296d2dbfe8.jpg,2026-01-12 14:00:00-08:00
1522,2026-01-12,19,104,2,TT_TRENDING,gamers tell us their favorite PS5 moment,#PS5 #fyp #gamertok,https://cdn.playstation.com/thumb/515001ca98aa.jpg,2026-01-12 20:00:00-08:00
1523,2026-01-12,19,104,2,YT_TRAILER,[TITLE] - Official Launch Trailer | PS5,#PlayStation,https://cdn.playstation.com/thumb/251470689221.jpg,2026-01-12 16:00:00-08:00
1524,2026-01-12,19,113,19,YT_LONG,[TITLE] - Deep Dive with the Dev Team,#PlayStation,https://cdn.playstation.com/thumb/c4baf1f012b6.jpg,2026-01-12 16:00:00-08:00
1525,2026-01-12,19,103,,IG_POST,Drop a 🎮 if you're playing [TITLE] this weekend,#PlayStation,https://cdn.playstation.com/thumb/e2ae0ea2046b.jpg,2026-01-12 09:00:00-08:00
1526,2026-01-12,19,104,2,YT_SHORT,Behind the scenes: making [TITLE] #PlayStation #Shorts,#PlayStation #Shorts #Gaming,https://cdn.playstation.com/thumb/68296d2dbfe8.jpg,2026-01-12 14:00:00-08:00
1527,2026-01-12,19,114,30,IG_STORY,Out now on PS5 🔥,#PlayStation,https://cdn.playstation.com/thumb/d1eea01e464b.jpg,2026-01-12 10:00:00-08:00
1528,2026-01-12,19,113,19,TT_VIDEO,when the [TITLE] cutscene hits different,#PlayStation #fyp #gaming,https://cdn.playstation.com/thumb/2a56eb4bc331.jpg,2026-01-12 12:00:00-08:00
1529,2026-01-12,19,107,,YT_LONG,[TITLE] - Deep Dive with the Dev Team,#PlayStation,https://cdn.playstation.com/thumb/c4baf1f012b6.jpg,2026-01-12 16:00:00-08:00
1530,2026-01-12,19,108,,IG_POST,Drop a 🎮 if you're playing [TITLE] this weekend,#PlayStation,https://cdn.playstation.com/thumb/e2ae0ea2046b.jpg,2026-01-12 09:00:00-08:00
1531,2026-01-12,19,109,8,YT_SHORT,Behind the scenes: making [TITLE] #PlayStation #Shorts,#PlayStation #Shorts #Gaming,https://cdn.playstation.com/thumb/68296d2dbfe8.jpg,2026-01-12 14:00:00-08:00
1532,2026-01-12,20,114,30,IG_POST,Drop a 🎮 if you're playing [TITLE] this weekend,#PlayStation,https://cdn.playstation.com/thumb/e2ae0ea2046b.jpg,2026-01-12 09:00:00-08:00
1533,2026-01-12,20,108,,IG_POST,Drop a 🎮 if you're playing [TITLE] this weekend,#PlayStation,https://cdn.playstation.com/thumb/e2ae0ea2046b.jpg,2026-01-12 09:00:00-08:00
1534,2026-01-12,20,107,,IG_POST,Drop a 🎮 if you're playing [TITLE] this weekend,#PlayStation,https://cdn.playstation.com/thumb/e2ae0ea2046b.jpg,2026-01-12 09:00:00-08:00
1535,2026-01-12,20,110,,IG_STORY,Out now on PS5 🔥,#PlayStation,https://cdn.playstation.com/thumb/d1eea01e464b.jpg,2026-01-12 10:00:00-08:00
1536,2026-01-12,20,104,2,YT_SHORT,Behind the scenes: making [TITLE] #PlayStation #Shorts,#PlayStation #Shorts #Gaming,https://cdn.playstation.com/thumb/68296d2dbfe8.jpg,2026-01-12 14:00:00-08:00
1537,2026-01-12,20,109,8,YT_LONG,[TITLE] - Deep Dive with the Dev Team,#PlayStation,https://cdn.playstation.com/thumb/c4baf1f012b6.jpg,2026-01-12 16:00:00-08:00
1538,2026-01-12,20,103,,BLOG_DEV_DIARY,Dev diary #7 - crafting [TITLE],#PlayStation,https://cdn.playstation.com/thumb/09c7ee4f668a.jpg,2026-01-12 18:00:00-08:00
1539,2026-01-13,12,105,1,IG_STORY,Out now on PS5 🔥,#PlayStation,https://cdn.playstation.com/thumb/c1063600b83c.jpg,2026-01-13 19:00:00-08:00
1540,2026-01-13,12,113,19,IG_STORY,Out now on PS5 🔥,#PlayStation,https://cdn.playstation.com/thumb/c1063600b83c.jpg,2026-01-13 19:00:00-08:00
1541,2026-01-13,12,110,,BLOG_POST,[TITLE]: Everything you need to know,#PlayStation,https://cdn.playstation.com/thumb/fac613121199.jpg,2026-01-13 19:00:00-08:00
1542,2026-01-13,12,104,2,YT_SHORT,Behind the scenes: making [TITLE] #PlayStation #Shorts,#PlayStation #Shorts #Gaming,https://cdn.playstation.com/thumb/c19b70af1e16.jpg,2026-01-13 13:00:00-08:00
1543,2026-01-13,12,105,1,YT_SHORT,Behind the scenes: making [TITLE] #PlayStation #Shorts,#PlayStation #Shorts #Gaming,https://cdn.playstation.com/thumb/c19b70af1e16.jpg,2026-01-13 13:00:00-08:00
1544,2026-01-13,12,105,1,IG_REEL,POV: you finally got [TITLE] 🎮,#PlayStation #PS5 #Gaming,https://cdn.playstation.com/thumb/dfbe888fe54d.jpg,2026-01-13 18:00:00-08:00
1545,2026-01-13,12,107,,TT_VIDEO,when the [TITLE] cutscene hits different,#PlayStation #fyp #gaming,https://cdn.playstation.com/thumb/9c95a0a46a7e.jpg,2026-01-13 18:00:00-08:00
1546,2026-01-13,12,113,19,YT_LONG,[TITLE] - Deep Dive with the Dev Team,#PlayStation,https://cdn.playstation.com/thumb/556eca0aa2ae.jpg,2026-01-13 15:00:00-08:00
1547,2026-01-13,12,107,,IG_REEL,POV: you finally got [TITLE] 🎮,#PlayStation #PS5 #Gaming,https://cdn.playstation.com/thumb/dfbe888fe54d.jpg,2026-01-13 18:00:00-08:00
1548,2026-01-13,18,113,19,BLOG_POST,[TITLE]: Everything you need to know,#PlayStation,https://cdn.playstation.com/thumb/fac613121199.jpg,2026-01-13 19:00:00-08:00
1549,2026-01-13,18,108,,BLOG_POST,[TITLE]: Everything you need to know,#PlayStation,https://cdn.playstation.com/thumb/fac613121199.jpg,2026-01-13 19:00:00-08:00
1550,2026-01-13,18,105,1,TT_TRENDING,gamers tell us their favorite PS5 moment,#PS5 #fyp #gamertok,https://cdn.playstation.com/thumb/818aef42ec91.jpg,2026-01-13 19:00:00-08:00
1551,2026-01-13,18,110,,IG_REEL,POV: you finally got [TITLE] 🎮,#PlayStation #PS5 #Gaming,https://cdn.playstation.com/thumb/dfbe888fe54d.jpg,2026-01-13 18:00:00-08:00
1552,2026-01-13,18,114,30,YT_TRAILER,[TITLE] - Official Launch Trailer | PS5,#PlayStation,https://cdn.playstation.com/thumb/c1defd5f5854.jpg,2026-01-13 12:00:00-08:00
1553,2026-01-13,18,108,,IG_POST,Drop a 🎮 if you're playing [TITLE] this weekend,#PlayStation,https://cdn.playstation.com/thumb/dfd268f2b99e.jpg,2026-01-13 14:00:00-08:00
1554,2026-01-13,19,105,1,YT_SHORT,Behind the scenes: making [TITLE] #PlayStation #Shorts,#PlayStation #Shorts #Gaming,https://cdn.playstation.com/thumb/c19b70af1e16.jpg,2026-01-13 13:00:00-08:00
1555,2026-01-13,19,109,8,BLOG_POST,[TITLE]: Everything you need to know,#PlayStation,https://cdn.playstation.com/thumb/fac613121199.jpg,2026-01-13 19:00:00-08:00
1556,2026-01-13,19,108,,YT_SHORT,Behind the scenes: making [TITLE] #PlayStation #Shorts,#PlayStation #Shorts #Gaming,https://cdn.playstation.com/thumb/c19b70af1e16.jpg,2026-01-13 13:00:00-08:00
1557,2026-01-13,19,105,1,YT_TRAILER,[TITLE] - Official Launch Trailer | PS5,#PlayStation,https://cdn.playstation.com/thumb/c1defd5f5854.jpg,2026-01-13 12:00:00-08:00
1558,2026-01-13,19,103,,IG_REEL,POV: you finally got [TITLE] 🎮,#PlayStation #PS5 #Gaming,https://cdn.playstation.com/thumb/dfbe888fe54d.jpg,2026-01-13 18:00:00-08:00
1559,2026-01-13,19,109,8,TT_VIDEO,when the [TITLE] cutscene hits different,#PlayStation #fyp #gaming,https://cdn.playstation.com/thumb/9c95a0a46a7e.jpg,2026-01-13 18:00:00-08:00
1560,2026-01-13,19,110,,BLOG_POST,[TITLE]: Everything you need to know,#PlayStation,https://cdn.playstation.com/thumb/fac613121199.jpg,2026-01-13 19:00:00-08:00
1561,2026-01-13,19,107,,YT_TRAILER,[TITLE] - Official Launch Trailer | PS5,#PlayStation,https://cdn.playstation.com/thumb/c1defd5f5854.jpg,2026-01-13 12:00:00-08:00
1562,2026-01-13,19,110,,YT_TRAILER,[TITLE] - Official Launch Trailer | PS5,#PlayStation,https://cdn.playstation.com/thumb/c1defd5f5854.jpg,2026-01-13 12:00:00-08:00
1563,2026-01-13,20,114,30,TT_VIDEO,when the [TITLE] cutscene hits different,#PlayStation #fyp #gaming,https://cdn.playstation.com/thumb/9c95a0a46a7e.jpg,2026-01-13 18:00:00-08:00
1564,2026-01-13,20,113,19,IG_STORY,Out now on PS5 🔥,#PlayStation,https://cdn.playstation.com/thumb/c1063600b83c.jpg,2026-01-13 19:00:00-08:00
1565,2026-01-13,20,105,1,TT_TRENDING,gamers tell us their favorite PS5 moment,#PS5 #fyp #gamertok,https://cdn.playstation.com/thumb/818aef42ec91.jpg,2026-01-13 19:00:00-08:00
1566,2026-01-13,20,110,,TT_TRENDING,gamers tell us their favorite PS5 moment,#PS5 #fyp #gamertok,https://cdn.playstation.com/thumb/818aef42ec91.jpg,2026-01-13 19:00:00-08:00
1567,2026-01-13,20,104,2,TT_VIDEO,when the [TITLE] cutscene hits different,#PlayStation #fyp #gaming,https://cdn.playstation.com/thumb/9c95a0a46a7e.jpg,2026-01-13 18:00:00-08:00
1568,2026-01-13,20,114,30,YT_LONG,[TITLE] - Deep Dive with the Dev Team,#PlayStation,https://cdn.playstation.com/thumb/556eca0aa2ae.jpg,2026-01-13 15:00:00-08:00
1569,2026-01-13,20,114,30,BLOG_DEV_DIARY,Dev diary #7 - crafting [TITLE],#PlayStation,https://cdn.playstation.com/thumb/a87576cfaeb7.jpg,2026-01-13 14:00:00-08:00
1570,2026-01-14,12,113,19,IG_STORY,Out now on PS5 🔥,#PlayStation,https://cdn.playstation.com/thumb/f8f878130a8d.jpg,2026-01-14 14:00:00-08:00
1571,2026-01-14,12,110,,YT_SHORT,Behind the scenes: making [TITLE] #PlayStation #Shorts,#PlayStation #Shorts #Gaming,https://cdn.playstation.com/thumb/254435eeb866.jpg,2026-01-14 09:00:00-08:00
1572,2026-01-14,12,105,1,YT_TRAILER,[TITLE] - Official Launch Trailer | PS5,#PlayStation,https://cdn.playstation.com/thumb/9eef0fd81cf5.jpg,2026-01-14 10:00:00-08:00
1573,2026-01-14,12,104,2,YT_TRAILER,[TITLE] - Official Launch Trailer | PS5,#PlayStation,https://cdn.playstation.com/thumb/9eef0fd81cf5.jpg,2026-01-14 10:00:00-08:00
1574,2026-01-14,12,103,,YT_LONG,[TITLE] - Deep Dive with the Dev Team,#PlayStation,https://cdn.playstation.com/thumb/f410877e4e2e.jpg,2026-01-14 13:00:00-08:00
1575,2026-01-14,12,110,,YT_LONG,[TITLE] - Deep Dive with the Dev Team,#PlayStation,https://cdn.playstation.com/thumb/f410877e4e2e.jpg,2026-01-14 13:00:00-08:00
1576,2026-01-14,12,104,2,TT_VIDEO,when the [TITLE] cutscene hits different,#PlayStation #fyp #gaming,https://cdn.playstation.com/thumb/8d0d1850593b.jpg,2026-01-14 13:00:00-08:00
1577,2026-01-14,12,113,19,TT_VIDEO,when the [TITLE] cutscene hits different,#PlayStation #fyp #gaming,https://cdn.playstation.com/thumb/8d0d1850593b.jpg,2026-01-14 13:00:00-08:00
1578,2026-01-14,12,103,,BLOG_DEV_DIARY,Dev diary #7 - crafting [TITLE],#PlayStation,https://cdn.playstation.com/thumb/17e51122c6e8.jpg,2026-01-14 10:00:00-08:00
1579,2026-01-14,12,114,30,BLOG_POST,[TITLE]: Everything you need to know,#PlayStation,https://cdn.playstation.com/thumb/26a6b3e11110.jpg,2026-01-14 19:00:00-08:00
1580,2026-01-14,12,107,,BLOG_DEV_DIARY,Dev diary #7 - crafting [TITLE],#PlayStation,https://cdn.playstation.com/thumb/17e51122c6e8.jpg,2026-01-14 10:00:00-08:00
1581,2026-01-14,18,104,2,BLOG_POST,[TITLE]: Everything you need to know,#PlayStation,https://cdn.playstation.com/thumb/26a6b3e11110.jpg,2026-01-14 19:00:00-08:00
1582,2026-01-14,18,109,8,BLOG_POST,[TITLE]: Everything you need to know,#PlayStation,https://cdn.playstation.com/thumb/26a6b3e11110.jpg,2026-01-14 19:00:00-08:00
1583,2026-01-14,18,113,19,BLOG_POST,[TITLE]: Everything you need to know,#PlayStation,https://cdn.playstation.com/thumb/26a6b3e11110.jpg,2026-01-14 19:00:00-08:00
1584,2026-01-14,18,105,1,IG_REEL,POV: you finally got [TITLE] 🎮,#PlayStation #PS5 #Gaming,https://cdn.playstation.com/thumb/3fc9d7ea0a66.jpg,2026-01-14 16:00:00-08:00
1585,2026-01-14,18,114,30,TT_VIDEO,when the [TITLE] cutscene hits different,#PlayStation #fyp #gaming,https://cdn.playstation.com/thumb/8d0d1850593b.jpg,2026-01-14 13:00:00-08:00
1586,2026-01-14,19,107,,TT_TRENDING,gamers tell us their favorite PS5 moment,#PS5 #fyp #gamertok,https://cdn.playstation.com/thumb/9160c2732378.jpg,2026-01-14 14:00:00-08:00
1587,2026-01-14,19,103,,TT_VIDEO,when the [TITLE] cutscene hits different,#PlayStation #fyp #gaming,https://cdn.playstation.com/thumb/8d0d1850593b.jpg,2026-01-14 13:00:00-08:00
1588,2026-01-14,19,103,,YT_SHORT,Behind the scenes: making [TITLE] #PlayStation #Shorts,#PlayStation #Shorts #Gaming,https://cdn.playstation.com/thumb/254435eeb866.jpg,2026-01-14 09:00:00-08:00
1589,2026-01-14,19,110,,YT_LONG,[TITLE] - Deep Dive with the Dev Team,#PlayStation,https://cdn.playstation.com/thumb/f410877e4e2e.jpg,2026-01-14 13:00:00-08:00
1590,2026-01-14,19,109,8,YT_TRAILER,[TITLE] - Official Launch Trailer | PS5,#PlayStation,https://cdn.playstation.com/thumb/9eef0fd81cf5.jpg,2026-01-14 10:00:00-08:00
1591,2026-01-14,19,108,,TT_TRENDING,gamers tell us their favorite PS5 moment,#PS5 #fyp #gamertok,https://cdn.playstation.com/thumb/9160c2732378.jpg,2026-01-14 14:00:00-08:00
1592,2026-01-14,19,109,8,IG_POST,Drop a 🎮 if you're playing [TITLE] this weekend,#PlayStation,https://cdn.playstation.com/thumb/14502e13b94d.jpg,2026-01-14 16:00:00-08:00
1593,2026-01-14,20,108,,BLOG_DEV_DIARY,Dev diary #7 - crafting [TITLE],#PlayStation,https://cdn.playstation.com/thumb/17e51122c6e8.jpg,2026-01-14 10:00:00-08:00
1594,2026-01-14,20,103,,IG_STORY,Out now on PS5 🔥,#PlayStation,https://cdn.playstation.com/thumb/f8f878130a8d.jpg,2026-01-14 14:00:00-08:00
1595,2026-01-14,20,105,1,TT_TRENDING,gamers tell us their favorite PS5 moment,#PS5 #fyp #gamertok,https://cdn.playstation.com/thumb/9160c2732378.jpg,2026-01-14 14:00:00-08:00
1596,2026-01-14,20,114,30,YT_SHORT,Behind the scenes: making [TITLE] #PlayStation #Shorts,#PlayStation #Shorts #Gaming,https://cdn.playstation.com/thumb/254435eeb866.jpg,2026-01-14 09:00:00-08:00
1597,2026-01-14,20,113,19,IG_POST,Drop a 🎮 if you're playing [TITLE] this weekend,#PlayStation,https://cdn.playstation.com/thumb/14502e13b94d.jpg,2026-01-14 16:00:00-08:00
1598,2026-01-14,20,114,30,BLOG_DEV_DIARY,Dev diary #7 - crafting [TITLE],#PlayStation,https://cdn.playstation.com/thumb/17e51122c6e8.jpg,2026-01-14 10:00:00-08:00
1599,2026-01-14,20,114,30,IG_REEL,POV: you finally got [TITLE] 🎮,#PlayStation #PS5 #Gaming,https://cdn.playstation.com/thumb/3fc9d7ea0a66.jpg,2026-01-14 16:00:00-08:00
1600,2026-01-14,20,104,2,IG_REEL,POV: you finally got [TITLE] 🎮,#PlayStation #PS5 #Gaming,https://cdn.playstation.com/thumb/3fc9d7ea0a66.jpg,2026-01-14 16:00:00-08:00
1601,2026-01-14,20,103,,YT_SHORT,Behind the scenes: making [TITLE] #PlayStation #Shorts,#PlayStation #Shorts #Gaming,https://cdn.playstation.com/thumb/254435eeb866.jpg,2026-01-14 09:00:00-08:00
1602,2026-01-14,20,105,1,IG_POST,Drop a 🎮 if you're playing [TITLE] this weekend,#PlayStation,https://cdn.playstation.com/thumb/14502e13b94d.jpg,2026-01-14 16:00:00-08:00
1603,2026-01-14,20,110,,TT_TRENDING,gamers tell us their favorite PS5 moment,#PS5 #fyp #gamertok,https://cdn.playstation.com/thumb/9160c2732378.jpg,2026-01-14 14:00:00-08:00
1604,2026-01-14,20,114,30,YT_TRAILER,[TITLE] - Official Launch Trailer | PS5,#PlayStation,https://cdn.playstation.com/thumb/9eef0fd81cf5.jpg,2026-01-14 10:00:00-08:00
1605,2026-01-15,12,108,,TT_TRENDING,gamers tell us their favorite PS5 moment,#PS5 #fyp #gamertok,https://cdn.playstation.com/thumb/d74120fb7e21.jpg,2026-01-15 12:00:00-08:00
1606,2026-01-15,12,107,,IG_STORY,Out now on PS5 🔥,#PlayStation,https://cdn.playstation.com/thumb/fad10e7765ff.jpg,2026-01-15 09:00:00-08:00
1607,2026-01-15,12,109,8,YT_SHORT,Behind the scenes: making [TITLE] #PlayStation #Shorts,#PlayStation #Shorts #Gaming,https://cdn.playstation.com/thumb/e66b69604a93.jpg,2026-01-15 10:00:00-08:00
1608,2026-01-15,12,113,19,BLOG_DEV_DIARY,Dev diary #7 - crafting [TITLE],#PlayStation,https://cdn.playstation.com/thumb/0e7e9fed8b13.jpg,2026-01-15 11:00:00-08:00
1609,2026-01-15,12,103,,YT_LONG,[TITLE] - Deep Dive with the Dev Team,#PlayStation,https://cdn.playstation.com/thumb/3687e9c2dc5d.jpg,2026-01-15 10:00:00-08:00
1610,2026-01-15,12,109,8,TT_VIDEO,when the [TITLE] cutscene hits different,#PlayStation #fyp #gaming,https://cdn.playstation.com/thumb/d135ceb5297d.jpg,2026-01-15 18:00:00-08:00
1611,2026-01-15,12,105,1,IG_REEL,POV: you finally got [TITLE] 🎮,#PlayStation #PS5 #Gaming,https://cdn.playstation.com/thumb/f83b41c4839d.jpg,2026-01-15 09:00:00-08:00
1612,2026-01-15,18,110,,IG_POST,Drop a 🎮 if you're playing [TITLE] this weekend,#PlayStation,https://cdn.playstation.com/thumb/e0415dec18bf.jpg,2026-01-15 14:00:00-08:00
1613,2026-01-15,18,108,,IG_REEL,POV: you finally got [TITLE] 🎮,#PlayStation #PS5 #Gaming,https://cdn.playstation.com/thumb/f83b41c4839d.jpg,2026-01-15 09:00:00-08:00
1614,2026-01-15,18,114,30,YT_TRAILER,[TITLE] - Official Launch Trailer | PS5,#PlayStation,https://cdn.playstation.com/thumb/4cff8691a7ec.jpg,2026-01-15 20:00:00-08:00
1615,2026-01-15,18,110,,YT_SHORT,Behind the scenes: making [TITLE] #PlayStation #Shorts,#PlayStation #Shorts #Gaming,https://cdn.playstation.com/thumb/e66b69604a93.jpg,2026-01-15 10:00:00-08:00
1616,2026-01-15,18,106,10,IG_POST,Drop a 🎮 if you're playing [TITLE] this weekend,#PlayStation,https://cdn.playstation.com/thumb/e0415dec18bf.jpg,2026-01-15 14:00:00-08:00
1617,2026-01-15,18,104,2,IG_STORY,Out now on PS5 🔥,#PlayStation,https://cdn.playstation.com/thumb/fad10e7765ff.jpg,2026-01-15 09:00:00-08:00
1618,2026-01-15,18,105,1,IG_STORY,Out now on PS5 🔥,#PlayStation,https://cdn.playstation.com/thumb/fad10e7765ff.jpg,2026-01-15 09:00:00-08:00
1619,2026-01-15,19,107,,BLOG_DEV_DIARY,Dev diary #7 - crafting [TITLE],#PlayStation,https://cdn.playstation.com/thumb/0e7e9fed8b13.jpg,2026-01-15 11:00:00-08:00
1620,2026-01-15,19,106,10,BLOG_POST,[TITLE]: Everything you need to know,#PlayStation,https://cdn.playstation.com/thumb/0c600329db5b.jpg,2026-01-15 12:00:00-08:00
1621,2026-01-15,19,107,,TT_TRENDING,gamers tell us their favorite PS5 moment,#PS5 #fyp #gamertok,https://cdn.playstation.com/thumb/d74120fb7e21.jpg,2026-01-15 12:00:00-08:00
1622,2026-01-15,19,103,,BLOG_POST,[TITLE]: Everything you need to know,#PlayStation,https://cdn.playstation.com/thumb/0c600329db5b.jpg,2026-01-15 12:00:00-08:00
1623,2026-01-15,19,106,10,BLOG_DEV_DIARY,Dev diary #7 - crafting [TITLE],#PlayStation,https://cdn.playstation.com/thumb/0e7e9fed8b13.jpg,2026-01-15 11:00:00-08:00
1624,2026-01-15,20,106,10,IG_STORY,Out now on PS5 🔥,#PlayStation,https://cdn.playstation.com/thumb/fad10e7765ff.jpg,2026-01-15 09:00:00-08:00
1625,2026-01-15,20,107,,BLOG_DEV_DIARY,Dev diary #7 - crafting [TITLE],#PlayStation,https://cdn.playstation.com/thumb/0e7e9fed8b13.jpg,2026-01-15 11:00:00-08:00
1626,2026-01-15,20,109,8,BLOG_DEV_DIARY,Dev diary #7 - crafting [TITLE],#PlayStation,https://cdn.playstation.com/thumb/0e7e9fed8b13.jpg,2026-01-15 11:00:00-08:00
1627,2026-01-15,20,107,,TT_VIDEO,when the [TITLE] cutscene hits different,#PlayStation #fyp #gaming,https://cdn.playstation.com/thumb/d135ceb5297d.jpg,2026-01-15 18:00:00-08:00
1628,2026-01-15,20,110,,TT_VIDEO,when the [TITLE] cutscene hits different,#PlayStation #fyp #gaming,https://cdn.playstation.com/thumb/d135ceb5297d.jpg,2026-01-15 18:00:00-08:00
1629,2026-01-15,20,114,30,TT_VIDEO,when the [TITLE] cutscene hits different,#PlayStation #fyp #gaming,https://cdn.playstation.com/thumb/d135ceb5297d.jpg,2026-01-15 18:00:00-08:00
1630,2026-01-15,20,106,10,IG_POST,Drop a 🎮 if you're playing [TITLE] this weekend,#PlayStation,https://cdn.playstation.com/thumb/e0415dec18bf.jpg,2026-01-15 14:00:00-08:00
1631,2026-01-15,20,103,,IG_STORY,Out now on PS5 🔥,#PlayStation,https://cdn.playstation.com/thumb/fad10e7765ff.jpg,2026-01-15 09:00:00-08:00
1632,2026-01-16,12,113,19,BLOG_POST,[TITLE]: Everything you need to know,#PlayStation,https://cdn.playstation.com/thumb/04b740feb926.jpg,2026-01-16 10:00:00-08:00
1633,2026-01-16,12,113,19,IG_STORY,Out now on PS5 🔥,#PlayStation,https://cdn.playstation.com/thumb/d98d021395f7.jpg,2026-01-16 20:00:00-08:00
1634,2026-01-16,12,107,,TT_VIDEO,when the [TITLE] cutscene hits different,#PlayStation #fyp #gaming,https://cdn.playstation.com/thumb/74996862a31f.jpg,2026-01-16 20:00:00-08:00
1635,2026-01-16,12,104,2,IG_POST,Drop a 🎮 if you're playing [TITLE] this weekend,#PlayStation,https://cdn.playstation.com/thumb/5d0d2fa27bcb.jpg,2026-01-16 18:00:00-08:00
1636,2026-01-16,12,107,,BLOG_POST,[TITLE]: Everything you need to know,#PlayStation,https://cdn.playstation.com/thumb/04b740feb926.jpg,2026-01-16 10:00:00-08:00
1637,2026-01-16,18,113,19,BLOG_DEV_DIARY,Dev diary #7 - crafting [TITLE],#PlayStation,https://cdn.playstation.com/thumb/59bcea522dcd.jpg,2026-01-16 09:00:00-08:00
1638,2026-01-16,18,106,10,YT_SHORT,Behind the scenes: making [TITLE] #PlayStation #Shorts,#PlayStation #Shorts #Gaming,https://cdn.playstation.com/thumb/1ad8e6287e26.jpg,2026-01-16 18:00:00-08:00
1639,2026-01-16,18,105,1,BLOG_POST,[TITLE]: Everything you need to know,#PlayStation,https://cdn.playstation.com/thumb/04b740feb926.jpg,2026-01-16 10:00:00-08:00
1640,2026-01-16,19,110,,BLOG_POST,[TITLE]: Everything you need to know,#PlayStation,https://cdn.playstation.com/thumb/04b740feb926.jpg,2026-01-16 10:00:00-08:00
1641,2026-01-16,19,104,2,TT_VIDEO,when the [TITLE] cutscene hits different,#PlayStation #fyp #gaming,https://cdn.playstation.com/thumb/74996862a31f.jpg,2026-01-16 20:00:00-08:00
1642,2026-01-16,19,106,10,IG_POST,Drop a 🎮 if you're playing [TITLE] this weekend,#PlayStation,https://cdn.playstation.com/thumb/5d0d2fa27bcb.jpg,2026-01-16 18:00:00-08:00
1643,2026-01-16,19,104,2,BLOG_POST,[TITLE]: Everything you need to know,#PlayStation,https://cdn.playstation.com/thumb/04b740feb926.jpg,2026-01-16 10:00:00-08:00
1644,2026-01-16,19,107,,YT_LONG,[TITLE] - Deep Dive with the Dev Team,#PlayStation,https://cdn.playstation.com/thumb/72f71e8eb30a.jpg,2026-01-16 16:00:00-08:00
1645,2026-01-16,19,104,2,IG_POST,Drop a 🎮 if you're playing [TITLE] this weekend,#PlayStation,https://cdn.playstation.com/thumb/5d0d2fa27bcb.jpg,2026-01-16 18:00:00-08:00
1646,2026-01-16,19,108,,BLOG_DEV_DIARY,Dev diary #7 - crafting [TITLE],#PlayStation,https://cdn.playstation.com/thumb/59bcea522dcd.jpg,2026-01-16 09:00:00-08:00
1647,2026-01-16,19,108,,IG_STORY,Out now on PS5 🔥,#PlayStation,https://cdn.playstation.com/thumb/d98d021395f7.jpg,2026-01-16 20:00:00-08:00
1648,2026-01-16,19,109,8,BLOG_POST,[TITLE]: Everything you need to know,#PlayStation,https://cdn.playstation.com/thumb/04b740feb926.jpg,2026-01-16 10:00:00-08:00
1649,2026-01-16,19,113,19,YT_SHORT,Behind the scenes: making [TITLE] #PlayStation #Shorts,#PlayStation #Shorts #Gaming,https://cdn.playstation.com/thumb/1ad8e6287e26.jpg,2026-01-16 18:00:00-08:00
1650,2026-01-16,19,110,,YT_SHORT,Behind the scenes: making [TITLE] #PlayStation #Shorts,#PlayStation #Shorts #Gaming,https://cdn.playstation.com/thumb/1ad8e6287e26.jpg,2026-01-16 18:00:00-08:00
1651,2026-01-16,19,110,,IG_POST,Drop a 🎮 if you're playing [TITLE] this weekend,#PlayStation,https://cdn.playstation.com/thumb/5d0d2fa27bcb.jpg,2026-01-16 18:00:00-08:00
1652,2026-01-16,19,107,,TT_TRENDING,gamers tell us their favorite PS5 moment,#PS5 #fyp #gamertok,https://cdn.playstation.com/thumb/c2fb09368333.jpg,2026-01-16 10:00:00-08:00
1653,2026-01-16,20,103,,BLOG_POST,[TITLE]: Everything you need to know,#PlayStation,https://cdn.playstation.com/thumb/04b740feb926.jpg,2026-01-16 10:00:00-08:00
1654,2026-01-16,20,105,1,TT_TRENDING,gamers tell us their favorite PS5 moment,#PS5 #fyp #gamertok,https://cdn.playstation.com/thumb/c2fb09368333.jpg,2026-01-16 10:00:00-08:00
1655,2026-01-16,20,113,19,YT_LONG,[TITLE] - Deep Dive with the Dev Team,#PlayStation,https://cdn.playstation.com/thumb/72f71e8eb30a.jpg,2026-01-16 16:00:00-08:00
1656,2026-01-16,20,114,30,YT_TRAILER,[TITLE] - Official Launch Trailer | PS5,#PlayStation,https://cdn.playstation.com/thumb/c8b2bf735985.jpg,2026-01-16 09:00:00-08:00
1657,2026-01-16,20,108,,IG_POST,Drop a 🎮 if you're playing [TITLE] this weekend,#PlayStation,https://cdn.playstation.com/thumb/5d0d2fa27bcb.jpg,2026-01-16 18:00:00-08:00
1658,2026-01-16,20,113,19,IG_POST,Drop a 🎮 if you're playing [TITLE] this weekend,#PlayStation,https://cdn.playstation.com/thumb/5d0d2fa27bcb.jpg,2026-01-16 18:00:00-08:00
1659,2026-01-16,20,113,19,IG_REEL,POV: you finally got [TITLE] 🎮,#PlayStation #PS5 #Gaming,https://cdn.playstation.com/thumb/944c1b8c8ed7.jpg,2026-01-16 09:00:00-08:00
1660,2026-01-17,12,114,30,IG_STORY,Out now on PS5 🔥,#PlayStation,https://cdn.playstation.com/thumb/c9fe13092eef.jpg,2026-01-17 11:00:00-08:00
1661,2026-01-17,12,105,1,TT_TRENDING,gamers tell us their favorite PS5 moment,#PS5 #fyp #gamertok,https://cdn.playstation.com/thumb/402255454649.jpg,2026-01-17 11:00:00-08:00
1662,2026-01-17,12,110,,TT_TRENDING,gamers tell us their favorite PS5 moment,#PS5 #fyp #gamertok,https://cdn.playstation.com/thumb/402255454649.jpg,2026-01-17 11:00:00-08:00
1663,2026-01-17,18,108,,IG_POST,Drop a 🎮 if you're playing [TITLE] this weekend,#PlayStation,https://cdn.playstation.com/thumb/ef99e9fc0ec4.jpg,2026-01-17 19:00:00-08:00
1664,2026-01-17,18,110,,YT_TRAILER,[TITLE] - Official Launch Trailer | PS5,#PlayStation,https://cdn.playstation.com/thumb/50323dd6ea3d.jpg,2026-01-17 16:00:00-08:00
1665,2026-01-17,18,108,,IG_STORY,Out now on PS5 🔥,#PlayStation,https://cdn.playstation.com/thumb/c9fe13092eef.jpg,2026-01-17 11:00:00-08:00
1666,2026-01-17,18,110,,BLOG_POST,[TITLE]: Everything you need to know,#PlayStation,https://cdn.playstation.com/thumb/2eacdb7f06fe.jpg,2026-01-17 13:00:00-08:00
1667,2026-01-17,19,109,8,BLOG_DEV_DIARY,Dev diary #7 - crafting [TITLE],#PlayStation,https://cdn.playstation.com/thumb/ace497e56244.jpg,2026-01-17 16:00:00-08:00
1668,2026-01-17,19,104,2,BLOG_DEV_DIARY,Dev diary #7 - crafting [TITLE],#PlayStation,https://cdn.playstation.com/thumb/ace497e56244.jpg,2026-01-17 16:00:00-08:00
1669,2026-01-17,19,110,,IG_STORY,Out now on PS5 🔥,#PlayStation,https://cdn.playstation.com/thumb/c9fe13092eef.jpg,2026-01-17 11:00:00-08:00
1670,2026-01-17,19,103,,IG_STORY,Out now on PS5 🔥,#PlayStation,https://cdn.playstation.com/thumb/c9fe13092eef.jpg,2026-01-17 11:00:00-08:00
1671,2026-01-17,19,103,,BLOG_DEV_DIARY,Dev diary #7 - crafting [TITLE],#PlayStation,https://cdn.playstation.com/thumb/ace497e56244.jpg,2026-01-17 16:00:00-08:00
1672,2026-01-17,19,107,,IG_REEL,POV: you finally got [TITLE] 🎮,#PlayStation #PS5 #Gaming,https://cdn.playstation.com/thumb/3a532db1b71c.jpg,2026-01-17 12:00:00-08:00
1673,2026-01-17,19,105,1,TT_TRENDING,gamers tell us their favorite PS5 moment,#PS5 #fyp #gamertok,https://cdn.playstation.com/thumb/402255454649.jpg,2026-01-17 11:00:00-08:00
1674,2026-01-17,19,107,,BLOG_POST,[TITLE]: Everything you need to know,#PlayStation,https://cdn.playstation.com/thumb/2eacdb7f06fe.jpg,2026-01-17 13:00:00-08:00
1675,2026-01-17,19,114,30,YT_SHORT,Behind the scenes: making [TITLE] #PlayStation #Shorts,#PlayStation #Shorts #Gaming,https://cdn.playstation.com/thumb/15b9dd7b9dc6.jpg,2026-01-17 16:00:00-08:00
1676,2026-01-17,19,114,30,BLOG_DEV_DIARY,Dev diary #7 - crafting [TITLE],#PlayStation,https://cdn.playstation.com/thumb/ace497e56244.jpg,2026-01-17 16:00:00-08:00
1677,2026-01-17,20,104,2,YT_SHORT,Behind the scenes: making [TITLE] #PlayStation #Shorts,#PlayStation #Shorts #Gaming,https://cdn.playstation.com/thumb/15b9dd7b9dc6.jpg,2026-01-17 16:00:00-08:00
1678,2026-01-17,20,113,19,IG_REEL,POV: you finally got [TITLE] 🎮,#PlayStation #PS5 #Gaming,https://cdn.playstation.com/thumb/3a532db1b71c.jpg,2026-01-17 12:00:00-08:00
1679,2026-01-17,20,113,19,TT_VIDEO,when the [TITLE] cutscene hits different,#PlayStation #fyp #gaming,https://cdn.playstation.com/thumb/3eed46bdc947.jpg,2026-01-17 14:00:00-08:00
1680,2026-01-17,20,110,,BLOG_DEV_DIARY,Dev diary #7 - crafting [TITLE],#PlayStation,https://cdn.playstation.com/thumb/ace497e56244.jpg,2026-01-17 16:00:00-08:00
1681,2026-01-17,20,108,,BLOG_DEV_DIARY,Dev diary #7 - crafting [TITLE],#PlayStation,https://cdn.playstation.com/thumb/ace497e56244.jpg,2026-01-17 16:00:00-08:00
1682,2026-01-17,20,110,,IG_STORY,Out now on PS5 🔥,#PlayStation,https://cdn.playstation.com/thumb/c9fe13092eef.jpg,2026-01-17 11:00:00-08:00
1683,2026-01-17,20,114,30,BLOG_POST,[TITLE]: Everything you need to know,#PlayStation,https://cdn.playstation.com/thumb/2eacdb7f06fe.jpg,2026-01-17 13:00:00-08:00
1684,2026-01-18,12,108,,YT_LONG,[TITLE] - Deep Dive with the Dev Team,#PlayStation,https://cdn.playstation.com/thumb/db46b82bde4c.jpg,2026-01-18 18:00:00-08:00
1685,2026-01-18,12,107,,TT_TRENDING,gamers tell us their favorite PS5 moment,#PS5 #fyp #gamertok,https://cdn.playstation.com/thumb/f834777af2d9.jpg,2026-01-18 11:00:00-08:00
1686,2026-01-18,12,109,8,IG_REEL,POV: you finally got [TITLE] 🎮,#PlayStation #PS5 #Gaming,https://cdn.playstation.com/thumb/7f99755c6b07.jpg,2026-01-18 14:00:00-08:00
1687,2026-01-18,12,107,,YT_SHORT,Behind the scenes: making [TITLE] #PlayStation #Shorts,#PlayStation #Shorts #Gaming,https://cdn.playstation.com/thumb/2ce5d2d85252.jpg,2026-01-18 12:00:00-08:00
1688,2026-01-18,12,114,30,IG_REEL,POV: you finally got [TITLE] 🎮,#PlayStation #PS5 #Gaming,https://cdn.playstation.com/thumb/7f99755c6b07.jpg,2026-01-18 14:00:00-08:00
1689,2026-01-18,12,106,10,BLOG_DEV_DIARY,Dev diary #7 - crafting [TITLE],#PlayStation,https://cdn.playstation.com/thumb/22b5125ff145.jpg,2026-01-18 09:00:00-08:00
1690,2026-01-18,18,107,,YT_SHORT,Behind the scenes: making [TITLE] #PlayStation #Shorts,#PlayStation #Shorts #Gaming,https://cdn.playstation.com/thumb/2ce5d2d85252.jpg,2026-01-18 12:00:00-08:00
1691,2026-01-18,18,113,19,IG_REEL,POV: you finally got [TITLE] 🎮,#PlayStation #PS5 #Gaming,https://cdn.playstation.com/thumb/7f99755c6b07.jpg,2026-01-18 14:00:00-08:00
1692,2026-01-18,18,113,19,IG_POST,Drop a 🎮 if you're playing [TITLE] this weekend,#PlayStation,https://cdn.playstation.com/thumb/29815a86b59b.jpg,2026-01-18 12:00:00-08:00
1693,2026-01-18,18,108,,YT_LONG,[TITLE] - Deep Dive with the Dev Team,#PlayStation,https://cdn.playstation.com/thumb/db46b82bde4c.jpg,2026-01-18 18:00:00-08:00
1694,2026-01-18,18,105,1,YT_SHORT,Behind the scenes: making [TITLE] #PlayStation #Shorts,#PlayStation #Shorts #Gaming,https://cdn.playstation.com/thumb/2ce5d2d85252.jpg,2026-01-18 12:00:00-08:00
1695,2026-01-18,19,104,2,BLOG_DEV_DIARY,Dev diary #7 - crafting [TITLE],#PlayStation,https://cdn.playstation.com/thumb/22b5125ff145.jpg,2026-01-18 09:00:00-08:00
1696,2026-01-18,19,110,,YT_SHORT,Behind the scenes: making [TITLE] #PlayStation #Shorts,#PlayStation #Shorts #Gaming,https://cdn.playstation.com/thumb/2ce5d2d85252.jpg,2026-01-18 12:00:00-08:00
1697,2026-01-18,19,103,,BLOG_POST,[TITLE]: Everything you need to know,#PlayStation,https://cdn.playstation.com/thumb/26e9f311bb26.jpg,2026-01-18 14:00:00-08:00
1698,2026-01-18,19,104,2,TT_TRENDING,gamers tell us their favorite PS5 moment,#PS5 #fyp #gamertok,https://cdn.playstation.com/thumb/f834777af2d9.jpg,2026-01-18 11:00:00-08:00
1699,2026-01-18,19,106,10,YT_SHORT,Behind the scenes: making [TITLE] #PlayStation #Shorts,#PlayStation #Shorts #Gaming,https://cdn.playstation.com/thumb/2ce5d2d85252.jpg,2026-01-18 12:00:00-08:00
1700,2026-01-18,19,110,,IG_REEL,POV: you finally got [TITLE] 🎮,#PlayStation #PS5 #Gaming,https://cdn.playstation.com/thumb/7f99755c6b07.jpg,2026-01-18 14:00:00-08:00
1701,2026-01-18,19,109,8,IG_STORY,Out now on PS5 🔥,#PlayStation,https://cdn.playstation.com/thumb/b9a058f906df.jpg,2026-01-18 12:00:00-08:00
1702,2026-01-18,19,103,,IG_REEL,POV: you finally got [TITLE] 🎮,#PlayStation #PS5 #Gaming,https://cdn.playstation.com/thumb/7f99755c6b07.jpg,2026-01-18 14:00:00-08:00
1703,2026-01-18,19,110,,TT_TRENDING,gamers tell us their favorite PS5 moment,#PS5 #fyp #gamertok,https://cdn.playstation.com/thumb/f834777af2d9.jpg,2026-01-18 11:00:00-08:00
1704,2026-01-18,19,113,19,TT_TRENDING,gamers tell us their favorite PS5 moment,#PS5 #fyp #gamertok,https://cdn.playstation.com/thumb/f834777af2d9.jpg,2026-01-18 11:00:00-08:00
1705,2026-01-18,19,105,1,IG_POST,Drop a 🎮 if you're playing [TITLE] this weekend,#PlayStation,https://cdn.playstation.com/thumb/29815a86b59b.jpg,2026-01-18 12:00:00-08:00
1706,2026-01-18,19,104,2,YT_TRAILER,[TITLE] - Official Launch Trailer | PS5,#PlayStation,https://cdn.playstation.com/thumb/e1c50e5f89cc.jpg,2026-01-18 16:00:00-08:00
1707,2026-01-18,20,113,19,IG_STORY,Out now on PS5 🔥,#PlayStation,https://cdn.playstation.com/thumb/b9a058f906df.jpg,2026-01-18 12:00:00-08:00
1708,2026-01-18,20,105,1,YT_TRAILER,[TITLE] - Official Launch Trailer | PS5,#PlayStation,https://cdn.playstation.com/thumb/e1c50e5f89cc.jpg,2026-01-18 16:00:00-08:00
1709,2026-01-18,20,110,,YT_TRAILER,[TITLE] - Official Launch Trailer | PS5,#PlayStation,https://cdn.playstation.com/thumb/e1c50e5f89cc.jpg,2026-01-18 16:00:00-08:00
1710,2026-01-18,20,109,8,YT_SHORT,Behind the scenes: making [TITLE] #PlayStation #Shorts,#PlayStation #Shorts #Gaming,https://cdn.playstation.com/thumb/2ce5d2d85252.jpg,2026-01-18 12:00:00-08:00
1711,2026-01-18,20,107,,IG_STORY,Out now on PS5 🔥,#PlayStation,https://cdn.playstation.com/thumb/b9a058f906df.jpg,2026-01-18 12:00:00-08:00
1712,2026-01-18,20,110,,IG_STORY,Out now on PS5 🔥,#PlayStation,https://cdn.playstation.com/thumb/b9a058f906df.jpg,2026-01-18 12:00:00-08:00
1713,2026-01-18,20,104,2,YT_LONG,[TITLE] - Deep Dive with the Dev Team,#PlayStation,https://cdn.playstation.com/thumb/db46b82bde4c.jpg,2026-01-18 18:00:00-08:00
1714,2026-01-18,20,103,,TT_TRENDING,gamers tell us their favorite PS5 moment,#PS5 #fyp #gamertok,https://cdn.playstation.com/thumb/f834777af2d9.jpg,2026-01-18 11:00:00-08:00
1715,2026-01-18,20,103,,BLOG_POST,[TITLE]: Everything you need to know,#PlayStation,https://cdn.playstation.com/thumb/26e9f311bb26.jpg,2026-01-18 14:00:00-08:00
1716,2026-01-18,20,106,10,TT_VIDEO,when the [TITLE] cutscene hits different,#PlayStation #fyp #gaming,https://cdn.playstation.com/thumb/7c35b2374ba5.jpg,2026-01-18 14:00:00-08:00
1717,2026-01-18,20,113,19,BLOG_POST,[TITLE]: Everything you need to know,#PlayStation,https://cdn.playstation.com/thumb/26e9f311bb26.jpg,2026-01-18 14:00:00-08:00
1718,2026-01-18,20,105,1,TT_TRENDING,gamers tell us their favorite PS5 moment,#PS5 #fyp #gamertok,https://cdn.playstation.com/thumb/f834777af2d9.jpg,2026-01-18 11:00:00-08:00
1719,2026-01-19,12,107,,TT_VIDEO,when the [TITLE] cutscene hits different,#PlayStation #fyp #gaming,https://cdn.playstation.com/thumb/18ea0de014da.jpg,2026-01-19 20:00:00-08:00
1720,2026-01-19,12,103,,IG_STORY,Out now on PS5 🔥,#PlayStation,https://cdn.playstation.com/thumb/352fc43ba40d.jpg,2026-01-19 13:00:00-08:00
1721,2026-01-19,12,106,10,TT_TRENDING,gamers tell us their favorite PS5 moment,#PS5 #fyp #gamertok,https://cdn.playstation.com/thumb/8e6026708248.jpg,2026-01-19 16:00:00-08:00
1722,2026-01-19,12,107,,YT_TRAILER,[TITLE] - Official Launch Trailer | PS5,#PlayStation,https://cdn.playstation.com/thumb/a03c1949fd94.jpg,2026-01-19 13:00:00-08:00
1723,2026-01-19,12,114,30,YT_LONG,[TITLE] - Deep Dive with the Dev Team,#PlayStation,https://cdn.playstation.com/thumb/3d25ed346eb5.jpg,2026-01-19 14:00:00-08:00
1724,2026-01-19,12,106,10,YT_TRAILER,[TITLE] - Official Launch Trailer | PS5,#PlayStation,https://cdn.playstation.com/thumb/a03c1949fd94.jpg,2026-01-19 13:00:00-08:00
1725,2026-01-19,12,107,,IG_REEL,POV: you finally got [TITLE] 🎮,#PlayStation #PS5 #Gaming,https://cdn.playstation.com/thumb/7261aac6fed6.jpg,2026-01-19 15:00:00-08:00
1726,2026-01-19,12,105,1,YT_TRAILER,[TITLE] - Official Launch Trailer | PS5,#PlayStation,https://cdn.playstation.com/thumb/a03c1949fd94.jpg,2026-01-19 13:00:00-08:00
1727,2026-01-19,18,105,1,IG_POST,Drop a 🎮 if you're playing [TITLE] this weekend,#PlayStation,https://cdn.playstation.com/thumb/95a12d1c1206.jpg,2026-01-19 19:00:00-08:00
1728,2026-01-19,18,104,2,IG_POST,Drop a 🎮 if you're playing [TITLE] this weekend,#PlayStation,https://cdn.playstation.com/thumb/95a12d1c1206.jpg,2026-01-19 19:00:00-08:00
1729,2026-01-19,18,104,2,IG_STORY,Out now on PS5 🔥,#PlayStation,https://cdn.playstation.com/thumb/352fc43ba40d.jpg,2026-01-19 13:00:00-08:00
1730,2026-01-19,18,113,19,IG_REEL,POV: you finally got [TITLE] 🎮,#PlayStation #PS5 #Gaming,https://cdn.playstation.com/thumb/7261aac6fed6.jpg,2026-01-19 15:00:00-08:00
1731,2026-01-19,18,107,,YT_SHORT,Behind the scenes: making [TITLE] #PlayStation #Shorts,#PlayStation #Shorts #Gaming,https://cdn.playstation.com/thumb/5968c52438ab.jpg,2026-01-19 11:00:00-08:00
1732,2026-01-19,18,114,30,YT_LONG,[TITLE] - Deep Dive with the Dev Team,#PlayStation,https://cdn.playstation.com/thumb/3d25ed346eb5.jpg,2026-01-19 14:00:00-08:00
1733,2026-01-19,18,109,8,YT_LONG,[TITLE] - Deep Dive with the Dev Team,#PlayStation,https://cdn.playstation.com/thumb/3d25ed346eb5.jpg,2026-01-19 14:00:00-08:00
1734,2026-01-19,18,105,1,YT_LONG,[TITLE] - Deep Dive with the Dev Team,#PlayStation,https://cdn.playstation.com/thumb/3d25ed346eb5.jpg,2026-01-19 14:00:00-08:00
1735,2026-01-19,18,108,,IG_POST,Drop a 🎮 if you're playing [TITLE] this weekend,#PlayStation,https://cdn.playstation.com/thumb/95a12d1c1206.jpg,2026-01-19 19:00:00-08:00
1736,2026-01-19,18,107,,TT_VIDEO,when the [TITLE] cutscene hits different,#PlayStation #fyp #gaming,https://cdn.playstation.com/thumb/18ea0de014da.jpg,2026-01-19 20:00:00-08:00
1737,2026-01-19,19,114,30,TT_TRENDING,gamers tell us their favorite PS5 moment,#PS5 #fyp #gamertok,https://cdn.playstation.com/thumb/8e6026708248.jpg,2026-01-19 16:00:00-08:00
1738,2026-01-19,19,109,8,TT_VIDEO,when the [TITLE] cutscene hits different,#PlayStation #fyp #gaming,https://cdn.playstation.com/thumb/18ea0de014da.jpg,2026-01-19 20:00:00-08:00
1739,2026-01-19,19,110,,IG_POST,Drop a 🎮 if you're playing [TITLE] this weekend,#PlayStation,https://cdn.playstation.com/thumb/95a12d1c1206.jpg,2026-01-19 19:00:00-08:00
1740,2026-01-19,20,107,,YT_LONG,[TITLE] - Deep Dive with the Dev Team,#PlayStation,https://cdn.playstation.com/thumb/3d25ed346eb5.jpg,2026-01-19 14:00:00-08:00
1741,2026-01-19,20,113,19,YT_SHORT,Behind the scenes: making [TITLE] #PlayStation #Shorts,#PlayStation #Shorts #Gaming,https://cdn.playstation.com/thumb/5968c52438ab.jpg,2026-01-19 11:00:00-08:00
1742,2026-01-19,20,104,2,YT_SHORT,Behind the scenes: making [TITLE] #PlayStation #Shorts,#PlayStation #Shorts #Gaming,https://cdn.playstation.com/thumb/5968c52438ab.jpg,2026-01-19 11:00:00-08:00
1743,2026-01-19,20,103,,IG_REEL,POV: you finally got [TITLE] 🎮,#PlayStation #PS5 #Gaming,https://cdn.playstation.com/thumb/7261aac6fed6.jpg,2026-01-19 15:00:00-08:00
1744,2026-01-19,20,114,30,TT_VIDEO,when the [TITLE] cutscene hits different,#PlayStation #fyp #gaming,https://cdn.playstation.com/thumb/18ea0de014da.jpg,2026-01-19 20:00:00-08:00
1745,2026-01-19,20,107,,TT_TRENDING,gamers tell us their favorite PS5 moment,#PS5 #fyp #gamertok,https://cdn.playstation.com/thumb/8e6026708248.jpg,2026-01-19 16:00:00-08:00
1746,2026-01-19,20,109,8,BLOG_DEV_DIARY,Dev diary #7 - crafting [TITLE],#PlayStation,https://cdn.playstation.com/thumb/ca33a6c01a86.jpg,2026-01-19 10:00:00-08:00
1747,2026-01-19,20,105,1,TT_TRENDING,gamers tell us their favorite PS5 moment,#PS5 #fyp #gamertok,https://cdn.playstation.com/thumb/8e6026708248.jpg,2026-01-19 16:00:00-08:00
1748,2026-01-19,20,104,2,IG_POST,Drop a 🎮 if you're playing [TITLE] this weekend,#PlayStation,https://cdn.playstation.com/thumb/95a12d1c1206.jpg,2026-01-19 19:00:00-08:00
1749,2026-01-19,20,114,30,IG_POST,Drop a 🎮 if you're playing [TITLE] this weekend,#PlayStation,https://cdn.playstation.com/thumb/95a12d1c1206.jpg,2026-01-19 19:00:00-08:00
1750,2026-01-19,20,109,8,YT_LONG,[TITLE] - Deep Dive with the Dev Team,#PlayStation,https://cdn.playstation.com/thumb/3d25ed346eb5.jpg,2026-01-19 14:00:00-08:00
1751,2026-01-19,20,109,8,IG_POST,Drop a 🎮 if you're playing [TITLE] this weekend,#PlayStation,https://cdn.playstation.com/thumb/95a12d1c1206.jpg,2026-01-19 19:00:00-08:00
1752,2026-01-19,20,110,,YT_LONG,[TITLE] - Deep Dive with the Dev Team,#PlayStation,https://cdn.playstation.com/thumb/3d25ed346eb5.jpg,2026-01-19 14:00:00-08:00
1753,2026-01-19,20,107,,IG_STORY,Out now on PS5 🔥,#PlayStation,https://cdn.playstation.com/thumb/352fc43ba40d.jpg,2026-01-19 13:00:00-08:00
1754,2026-01-20,12,110,,BLOG_DEV_DIARY,Dev diary #7 - crafting [TITLE],#PlayStation,https://cdn.playstation.com/thumb/7a64d2001248.jpg,2026-01-20 14:00:00-08:00
1755,2026-01-20,12,110,,IG_REEL,POV: you finally got [TITLE] 🎮,#PlayStation #PS5 #Gaming,https://cdn.playstation.com/thumb/d8e61563cf66.jpg,2026-01-20 19:00:00-08:00
1756,2026-01-20,12,113,19,TT_VIDEO,when the [TITLE] cutscene hits different,#PlayStation #fyp #gaming,https://cdn.playstation.com/thumb/fb483c285dc9.jpg,2026-01-20 16:00:00-08:00
1757,2026-01-20,12,106,10,BLOG_DEV_DIARY,Dev diary #7 - crafting [TITLE],#PlayStation,https://cdn.playstation.com/thumb/7a64d2001248.jpg,2026-01-20 14:00:00-08:00
1758,2026-01-20,12,107,,IG_POST,Drop a 🎮 if you're playing [TITLE] this weekend,#PlayStation,https://cdn.playstation.com/thumb/82df25507c8e.jpg,2026-01-20 15:00:00-08:00
1759,2026-01-20,12,110,,IG_POST,Drop a 🎮 if you're playing [TITLE] this weekend,#PlayStation,https://cdn.playstation.com/thumb/82df25507c8e.jpg,2026-01-20 15:00:00-08:00
1760,2026-01-20,12,109,8,BLOG_POST,[TITLE]: Everything you need to know,#PlayStation,https://cdn.playstation.com/thumb/11a25bd1ca83.jpg,2026-01-20 17:00:00-08:00
1761,2026-01-20,18,106,10,TT_VIDEO,when the [TITLE] cutscene hits different,#PlayStation #fyp #gaming,https://cdn.playstation.com/thumb/fb483c285dc9.jpg,2026-01-20 16:00:00-08:00
1762,2026-01-20,18,104,2,TT_VIDEO,when the [TITLE] cutscene hits different,#PlayStation #fyp #gaming,https://cdn.playstation.com/thumb/fb483c285dc9.jpg,2026-01-20 16:00:00-08:00
1763,2026-01-20,18,103,,IG_REEL,POV: you finally got [TITLE] 🎮,#PlayStation #PS5 #Gaming,https://cdn.playstation.com/thumb/d8e61563cf66.jpg,2026-01-20 19:00:00-08:00
1764,2026-01-20,18,109,8,YT_SHORT,Behind the scenes: making [TITLE] #PlayStation #Shorts,#PlayStation #Shorts #Gaming,https://cdn.playstation.com/thumb/e16c56ef8de9.jpg,2026-01-20 17:00:00-08:00
1765,2026-01-20,18,106,10,IG_STORY,Out now on PS5 🔥,#PlayStation,https://cdn.playstation.com/thumb/df8c5122fa8c.jpg,2026-01-20 18:00:00-08:00
1766,2026-01-20,18,107,,IG_STORY,Out now on PS5 🔥,#PlayStation,https://cdn.playstation.com/thumb/df8c5122fa8c.jpg,2026-01-20 18:00:00-08:00
1767,2026-01-20,18,113,19,BLOG_DEV_DIARY,Dev diary #7 - crafting [TITLE],#PlayStation,https://cdn.playstation.com/thumb/7a64d2001248.jpg,2026-01-20 14:00:00-08:00
1768,2026-01-20,18,113,19,BLOG_POST,[TITLE]: Everything you need to know,#PlayStation,https://cdn.playstation.com/thumb/11a25bd1ca83.jpg,2026-01-20 17:00:00-08:00
1769,2026-01-20,18,110,,TT_VIDEO,when the [TITLE] cutscene hits different,#PlayStation #fyp #gaming,https://cdn.playstation.com/thumb/fb483c285dc9.jpg,2026-01-20 16:00:00-08:00
1770,2026-01-20,18,109,8,TT_VIDEO,when the [TITLE] cutscene hits different,#PlayStation #fyp #gaming,https://cdn.playstation.com/thumb/fb483c285dc9.jpg,2026-01-20 16:00:00-08:00
1771,2026-01-20,18,110,,BLOG_POST,[TITLE]: Everything you need to know,#PlayStation,https://cdn.playstation.com/thumb/11a25bd1ca83.jpg,2026-01-20 17:00:00-08:00
1772,2026-01-20,18,103,,TT_TRENDING,gamers tell us their favorite PS5 moment,#PS5 #fyp #gamertok,https://cdn.playstation.com/thumb/d3e22a6b9d8e.jpg,2026-01-20 17:00:00-08:00
1773,2026-01-20,19,113,19,BLOG_POST,[TITLE]: Everything you need to know,#PlayStation,https://cdn.playstation.com/thumb/11a25bd1ca83.jpg,2026-01-20 17:00:00-08:00
1774,2026-01-20,19,104,2,IG_REEL,POV: you finally got [TITLE] 🎮,#PlayStation #PS5 #Gaming,https://cdn.playstation.com/thumb/d8e61563cf66.jpg,2026-01-20 19:00:00-08:00
1775,2026-01-20,19,103,,IG_STORY,Out now on PS5 🔥,#PlayStation,https://cdn.playstation.com/thumb/df8c5122fa8c.jpg,2026-01-20 18:00:00-08:00
1776,2026-01-20,20,108,,BLOG_DEV_DIARY,Dev diary #7 - crafting [TITLE],#PlayStation,https://cdn.playstation.com/thumb/7a64d2001248.jpg,2026-01-20 14:00:00-08:00
1777,2026-01-20,20,106,10,IG_REEL,POV: you finally got [TITLE] 🎮,#PlayStation #PS5 #Gaming,https://cdn.playstation.com/thumb/d8e61563cf66.jpg,2026-01-20 19:00:00-08:00
1778,2026-01-20,20,109,8,BLOG_DEV_DIARY,Dev diary #7 - crafting [TITLE],#PlayStation,https://cdn.playstation.com/thumb/7a64d2001248.jpg,2026-01-20 14:00:00-08:00
1779,2026-01-20,20,114,30,YT_LONG,[TITLE] - Deep Dive with the Dev Team,#PlayStation,https://cdn.playstation.com/thumb/53ec4c839bf5.jpg,2026-01-20 09:00:00-08:00
1780,2026-01-20,20,113,19,IG_STORY,Out now on PS5 🔥,#PlayStation,https://cdn.playstation.com/thumb/df8c5122fa8c.jpg,2026-01-20 18:00:00-08:00
1781,2026-01-20,20,114,30,YT_SHORT,Behind the scenes: making [TITLE] #PlayStation #Shorts,#PlayStation #Shorts #Gaming,https://cdn.playstation.com/thumb/e16c56ef8de9.jpg,2026-01-20 17:00:00-08:00
1782,2026-01-21,12,113,19,YT_TRAILER,[TITLE] - Official Launch Trailer | PS5,#PlayStation,https://cdn.playstation.com/thumb/44eb54bd3c51.jpg,2026-01-21 10:00:00-08:00
1783,2026-01-21,12,106,10,YT_SHORT,Behind the scenes: making [TITLE] #PlayStation #Shorts,#PlayStation #Shorts #Gaming,https://cdn.playstation.com/thumb/d16ce2db7f34.jpg,2026-01-21 09:00:00-08:00
1784,2026-01-21,12,110,,IG_REEL,POV: you finally got [TITLE] 🎮,#PlayStation #PS5 #Gaming,https://cdn.playstation.com/thumb/0820dc039d35.jpg,2026-01-21 18:00:00-08:00
1785,2026-01-21,12,110,,YT_TRAILER,[TITLE] - Official Launch Trailer | PS5,#PlayStation,https://cdn.playstation.com/thumb/44eb54bd3c51.jpg,2026-01-21 10:00:00-08:00
1786,2026-01-21,12,104,2,IG_POST,Drop a 🎮 if you're playing [TITLE] this weekend,#PlayStation,https://cdn.playstation.com/thumb/fb0b8d2cbf65.jpg,2026-01-21 13:00:00-08:00
1787,2026-01-21,12,107,,IG_STORY,Out now on PS5 🔥,#PlayStation,https://cdn.playstation.com/thumb/a490714fc630.jpg,2026-01-21 10:00:00-08:00
1788,2026-01-21,18,107,,TT_VIDEO,when the [TITLE] cutscene hits different,#PlayStation #fyp #gaming,https://cdn.playstation.com/thumb/899444f16706.jpg,2026-01-21 20:00:00-08:00
1789,2026-01-21,18,103,,BLOG_POST,[TITLE]: Everything you need to know,#PlayStation,https://cdn.playstation.com/thumb/1064ac7d6078.jpg,2026-01-21 15:00:00-08:00
1790,2026-01-21,18,103,,YT_SHORT,Behind the scenes: making [TITLE] #PlayStation #Shorts,#PlayStation #Shorts #Gaming,https://cdn.playstation.com/thumb/d16ce2db7f34.jpg,2026-01-21 09:00:00-08:00
1791,2026-01-21,18,114,30,IG_POST,Drop a 🎮 if you're playing [TITLE] this weekend,#PlayStation,https://cdn.playstation.com/thumb/fb0b8d2cbf65.jpg,2026-01-21 13:00:00-08:00
1792,2026-01-21,18,107,,BLOG_DEV_DIARY,Dev diary #7 - crafting [TITLE],#PlayStation,https://cdn.playstation.com/thumb/ba77f553bd4c.jpg,2026-01-21 20:00:00-08:00
1793,2026-01-21,18,105,1,YT_SHORT,Behind the scenes: making [TITLE] #PlayStation #Shorts,#PlayStation #Shorts #Gaming,https://cdn.playstation.com/thumb/d16ce2db7f34.jpg,2026-01-21 09:00:00-08:00
1794,2026-01-21,18,114,30,TT_VIDEO,when the [TITLE] cutscene hits different,#PlayStation #fyp #gaming,https://cdn.playstation.com/thumb/899444f16706.jpg,2026-01-21 20:00:00-08:00
1795,2026-01-21,18,109,8,TT_VIDEO,when the [TITLE] cutscene hits different,#PlayStation #fyp #gaming,https://cdn.playstation.com/thumb/899444f16706.jpg,2026-01-21 20:00:00-08:00
1796,2026-01-21,18,105,1,YT_TRAILER,[TITLE] - Official Launch Trailer | PS5,#PlayStation,https://cdn.playstation.com/thumb/44eb54bd3c51.jpg,2026-01-21 10:00:00-08:00
1797,2026-01-21,18,109,8,TT_TRENDING,gamers tell us their favorite PS5 moment,#PS5 #fyp #gamertok,https://cdn.playstation.com/thumb/d8c902a32c8f.jpg,2026-01-21 16:00:00-08:00
1798,2026-01-21,18,109,8,IG_REEL,POV: you finally got [TITLE] 🎮,#PlayStation #PS5 #Gaming,https://cdn.playstation.com/thumb/0820dc039d35.jpg,2026-01-21 18:00:00-08:00
1799,2026-01-21,19,104,2,IG_POST,Drop a 🎮 if you're playing [TITLE] this weekend,#PlayStation,https://cdn.playstation.com/thumb/fb0b8d2cbf65.jpg,2026-01-21 13:00:00-08:00
1800,2026-01-21,19,108,,BLOG_POST,[TITLE]: Everything you need to know,#PlayStation,https://cdn.playstation.com/thumb/1064ac7d6078.jpg,2026-01-21 15:00:00-08:00
1801,2026-01-21,19,103,,TT_VIDEO,when the [TITLE] cutscene hits different,#PlayStation #fyp #gaming,https://cdn.playstation.com/thumb/899444f16706.jpg,2026-01-21 20:00:00-08:00
1802,2026-01-21,19,107,,IG_POST,Drop a 🎮 if you're playing [TITLE] this weekend,#PlayStation,https://cdn.playstation.com/thumb/fb0b8d2cbf65.jpg,2026-01-21 13:00:00-08:00
1803,2026-01-21,19,108,,IG_POST,Drop a 🎮 if you're playing [TITLE] this weekend,#PlayStation,https://cdn.playstation.com/thumb/fb0b8d2cbf65.jpg,2026-01-21 13:00:00-08:00
1804,2026-01-21,19,113,19,IG_STORY,Out now on PS5 🔥,#PlayStation,https://cdn.playstation.com/thumb/a490714fc630.jpg,2026-01-21 10:00:00-08:00
1805,2026-01-21,19,103,,IG_STORY,Out now on PS5 🔥,#PlayStation,https://cdn.playstation.com/thumb/a490714fc630.jpg,2026-01-21 10:00:00-08:00
1806,2026-01-21,19,109,8,TT_TRENDING,gamers tell us their favorite PS5 moment,#PS5 #fyp #gamertok,https://cdn.playstation.com/thumb/d8c902a32c8f.jpg,2026-01-21 16:00:00-08:00
1807,2026-01-21,19,103,,IG_REEL,POV: you finally got [TITLE] 🎮,#PlayStation #PS5 #Gaming,https://cdn.playstation.com/thumb/0820dc039d35.jpg,2026-01-21 18:00:00-08:00
1808,2026-01-21,19,109,8,TT_VIDEO,when the [TITLE] cutscene hits different,#PlayStation #fyp #gaming,https://cdn.playstation.com/thumb/899444f16706.jpg,2026-01-21 20:00:00-08:00
1809,2026-01-21,20,109,8,IG_STORY,Out now on PS5 🔥,#PlayStation,https://cdn.playstation.com/thumb/a490714fc630.jpg,2026-01-21 10:00:00-08:00
1810,2026-01-21,20,103,,IG_POST,Drop a 🎮 if you're playing [TITLE] this weekend,#PlayStation,https://cdn.playstation.com/thumb/fb0b8d2cbf65.jpg,2026-01-21 13:00:00-08:00
1811,2026-01-21,20,104,2,IG_POST,Drop a 🎮 if you're playing [TITLE] this weekend,#PlayStation,https://cdn.playstation.com/thumb/fb0b8d2cbf65.jpg,2026-01-21 13:00:00-08:00
1812,2026-01-21,20,107,,IG_POST,Drop a 🎮 if you're playing [TITLE] this weekend,#PlayStation,https://cdn.playstation.com/thumb/fb0b8d2cbf65.jpg,2026-01-21 13:00:00-08:00
1813,2026-01-21,20,110,,BLOG_POST,[TITLE]: Everything you need to know,#PlayStation,https://cdn.playstation.com/thumb/1064ac7d6078.jpg,2026-01-21 15:00:00-08:00
1814,2026-01-21,20,114,30,TT_VIDEO,when the [TITLE] cutscene hits different,#PlayStation #fyp #gaming,https://cdn.playstation.com/thumb/899444f16706.jpg,2026-01-21 20:00:00-08:00
1815,2026-01-21,20,114,30,YT_LONG,[TITLE] - Deep Dive with the Dev Team,#PlayStation,https://cdn.playstation.com/thumb/54286cafe599.jpg,2026-01-21 09:00:00-08:00
1816,2026-01-21,20,110,,BLOG_DEV_DIARY,Dev diary #7 - crafting [TITLE],#PlayStation,https://cdn.playstation.com/thumb/ba77f553bd4c.jpg,2026-01-21 20:00:00-08:00
1817,2026-01-21,20,113,19,IG_REEL,POV: you finally got [TITLE] 🎮,#PlayStation #PS5 #Gaming,https://cdn.playstation.com/thumb/0820dc039d35.jpg,2026-01-21 18:00:00-08:00
1818,2026-01-22,12,106,10,IG_REEL,POV: you finally got [TITLE] 🎮,#PlayStation #PS5 #Gaming,https://cdn.playstation.com/thumb/22f27ff0f538.jpg,2026-01-22 19:00:00-08:00
1819,2026-01-22,12,110,,IG_POST,Drop a 🎮 if you're playing [TITLE] this weekend,#PlayStation,https://cdn.playstation.com/thumb/5d13be519c55.jpg,2026-01-22 15:00:00-08:00
1820,2026-01-22,12,110,,TT_TRENDING,gamers tell us their favorite PS5 moment,#PS5 #fyp #gamertok,https://cdn.playstation.com/thumb/31ea11102c86.jpg,2026-01-22 13:00:00-08:00
1821,2026-01-22,12,104,2,TT_VIDEO,when the [TITLE] cutscene hits different,#PlayStation #fyp #gaming,https://cdn.playstation.com/thumb/5fb489e4896c.jpg,2026-01-22 09:00:00-08:00
1822,2026-01-22,18,113,19,BLOG_POST,[TITLE]: Everything you need to know,#PlayStation,https://cdn.playstation.com/thumb/88296f69cddc.jpg,2026-01-22 13:00:00-08:00
1823,2026-01-22,18,108,,TT_TRENDING,gamers tell us their favorite PS5 moment,#PS5 #fyp #gamertok,https://cdn.playstation.com/thumb/31ea11102c86.jpg,2026-01-22 13:00:00-08:00
1824,2026-01-22,18,109,8,YT_SHORT,Behind the scenes: making [TITLE] #PlayStation #Shorts,#PlayStation #Shorts #Gaming,https://cdn.playstation.com/thumb/0fe0cd504d10.jpg,2026-01-22 17:00:00-08:00
1825,2026-01-22,18,110,,YT_LONG,[TITLE] - Deep Dive with the Dev Team,#PlayStation,https://cdn.playstation.com/thumb/2ccba4fe30db.jpg,2026-01-22 11:00:00-08:00
1826,2026-01-22,18,109,8,IG_REEL,POV: you finally got [TITLE] 🎮,#PlayStation #PS5 #Gaming,https://cdn.playstation.com/thumb/22f27ff0f538.jpg,2026-01-22 19:00:00-08:00
1827,2026-01-22,18,103,,BLOG_DEV_DIARY,Dev diary #7 - crafting [TITLE],#PlayStation,https://cdn.playstation.com/thumb/1e2e58077f21.jpg,2026-01-22 16:00:00-08:00
1828,2026-01-22,18,106,10,YT_SHORT,Behind the scenes: making [TITLE] #PlayStation #Shorts,#PlayStation #Shorts #Gaming,https://cdn.playstation.com/thumb/0fe0cd504d10.jpg,2026-01-22 17:00:00-08:00
1829,2026-01-22,18,107,,BLOG_DEV_DIARY,Dev diary #7 - crafting [TITLE],#PlayStation,https://cdn.playstation.com/thumb/1e2e58077f21.jpg,2026-01-22 16:00:00-08:00
1830,2026-01-22,18,108,,IG_REEL,POV: you finally got [TITLE] 🎮,#PlayStation #PS5 #Gaming,https://cdn.playstation.com/thumb/22f27ff0f538.jpg,2026-01-22 19:00:00-08:00
1831,2026-01-22,18,114,30,BLOG_POST,[TITLE]: Everything you need to know,#PlayStation,https://cdn.playstation.com/thumb/88296f69cddc.jpg,2026-01-22 13:00:00-08:00
1832,2026-01-22,18,114,30,IG_REEL,POV: you finally got [TITLE] 🎮,#PlayStation #PS5 #Gaming,https://cdn.playstation.com/thumb/22f27ff0f538.jpg,2026-01-22 19:00:00-08:00
1833,2026-01-22,18,110,,TT_TRENDING,gamers tell us their favorite PS5 moment,#PS5 #fyp #gamertok,https://cdn.playstation.com/thumb/31ea11102c86.jpg,2026-01-22 13:00:00-08:00
1834,2026-01-22,18,113,19,YT_LONG,[TITLE] - Deep Dive with the Dev Team,#PlayStation,https://cdn.playstation.com/thumb/2ccba4fe30db.jpg,2026-01-22 11:00:00-08:00
1835,2026-01-22,19,105,1,IG_POST,Drop a 🎮 if you're playing [TITLE] this weekend,#PlayStation,https://cdn.playstation.com/thumb/5d13be519c55.jpg,2026-01-22 15:00:00-08:00
1836,2026-01-22,19,114,30,IG_POST,Drop a 🎮 if you're playing [TITLE] this weekend,#PlayStation,https://cdn.playstation.com/thumb/5d13be519c55.jpg,2026-01-22 15:00:00-08:00
1837,2026-01-22,19,108,,YT_SHORT,Behind the scenes: making [TITLE] #PlayStation #Shorts,#PlayStation #Shorts #Gaming,https://cdn.playstation.com/thumb/0fe0cd504d10.jpg,2026-01-22 17:00:00-08:00
1838,2026-01-22,19,110,,IG_STORY,Out now on PS5 🔥,#PlayStation,https://cdn.playstation.com/thumb/dc70639e2fa5.jpg,2026-01-22 10:00:00-08:00
1839,2026-01-22,19,106,10,YT_TRAILER,[TITLE] - Official Launch Trailer | PS5,#PlayStation,https://cdn.playstation.com/thumb/79a5f64fc04a.jpg,2026-01-22 09:00:00-08:00
1840,2026-01-22,19,106,10,TT_VIDEO,when the [TITLE] cutscene hits different,#PlayStation #fyp #gaming,https://cdn.playstation.com/thumb/5fb489e4896c.jpg,2026-01-22 09:00:00-08:00
1841,2026-01-22,19,104,2,IG_REEL,POV: you finally got [TITLE] 🎮,#PlayStation #PS5 #Gaming,https://cdn.playstation.com/thumb/22f27ff0f538.jpg,2026-01-22 19:00:00-08:00
1842,2026-01-22,20,104,2,IG_POST,Drop a 🎮 if you're playing [TITLE] this weekend,#PlayStation,https://cdn.playstation.com/thumb/5d13be519c55.jpg,2026-01-22 15:00:00-08:00
1843,2026-01-22,20,103,,YT_TRAILER,[TITLE] - Official Launch Trailer | PS5,#PlayStation,https://cdn.playstation.com/thumb/79a5f64fc04a.jpg,2026-01-22 09:00:00-08:00
1844,2026-01-22,20,113,19,IG_REEL,POV: you finally got [TITLE] 🎮,#PlayStation #PS5 #Gaming,https://cdn.playstation.com/thumb/22f27ff0f538.jpg,2026-01-22 19:00:00-08:00
1845,2026-01-22,20,110,,YT_SHORT,Behind the scenes: making [TITLE] #PlayStation #Shorts,#PlayStation #Shorts #Gaming,https://cdn.playstation.com/thumb/0fe0cd504d10.jpg,2026-01-22 17:00:00-08:00
1846,2026-01-22,20,109,8,BLOG_DEV_DIARY,Dev diary #7 - crafting [TITLE],#PlayStation,https://cdn.playstation.com/thumb/1e2e58077f21.jpg,2026-01-22 16:00:00-08:00
1847,2026-01-22,20,108,,IG_REEL,POV: you finally got [TITLE] 🎮,#PlayStation #PS5 #Gaming,https://cdn.playstation.com/thumb/22f27ff0f538.jpg,2026-01-22 19:00:00-08:00
1848,2026-01-22,20,107,,BLOG_DEV_DIARY,Dev diary #7 - crafting [TITLE],#PlayStation,https://cdn.playstation.com/thumb/1e2e58077f21.jpg,2026-01-22 16:00:00-08:00
1849,2026-01-22,20,106,10,YT_TRAILER,[TITLE] - Official Launch Trailer | PS5,#PlayStation,https://cdn.playstation.com/thumb/79a5f64fc04a.jpg,2026-01-22 09:00:00-08:00
1850,2026-01-22,20,113,19,TT_VIDEO,when the [TITLE] cutscene hits different,#PlayStation #fyp #gaming,https://cdn.playstation.com/thumb/5fb489e4896c.jpg,2026-01-22 09:00:00-08:00
1851,2026-01-23,12,104,2,YT_SHORT,Behind the scenes: making [TITLE] #PlayStation #Shorts,#PlayStation #Shorts #Gaming,https://cdn.playstation.com/thumb/e17d5f00508d.jpg,2026-01-23 13:00:00-08:00
1852,2026-01-23,12,106,10,TT_VIDEO,when the [TITLE] cutscene hits different,#PlayStation #fyp #gaming,https://cdn.playstation.com/thumb/5b238bf550db.jpg,2026-01-23 11:00:00-08:00
1853,2026-01-23,12,113,19,YT_SHORT,Behind the scenes: making [TITLE] #PlayStation #Shorts,#PlayStation #Shorts #Gaming,https://cdn.playstation.com/thumb/e17d5f00508d.jpg,2026-01-23 13:00:00-08:00
1854,2026-01-23,18,105,1,IG_REEL,POV: you finally got [TITLE] 🎮,#PlayStation #PS5 #Gaming,https://cdn.playstation.com/thumb/b0b4b3853aa1.jpg,2026-01-23 20:00:00-08:00
1855,2026-01-23,18,103,,BLOG_POST,[TITLE]: Everything you need to know,#PlayStation,https://cdn.playstation.com/thumb/b44c479968cd.jpg,2026-01-23 11:00:00-08:00
1856,2026-01-23,18,109,8,IG_REEL,POV: you finally got [TITLE] 🎮,#PlayStation #PS5 #Gaming,https://cdn.playstation.com/thumb/b0b4b3853aa1.jpg,2026-01-23 20:00:00-08:00
1857,2026-01-23,18,110,,YT_LONG,[TITLE] - Deep Dive with the Dev Team,#PlayStation,https://cdn.playstation.com/thumb/812eb7d9adab.jpg,2026-01-23 19:00:00-08:00
1858,2026-01-23,18,109,8,YT_TRAILER,[TITLE] - Official Launch Trailer | PS5,#PlayStation,https://cdn.playstation.com/thumb/958fb3fb46e9.jpg,2026-01-23 12:00:00-08:00
1859,2026-01-23,19,110,,BLOG_DEV_DIARY,Dev diary #7 - crafting [TITLE],#PlayStation,https://cdn.playstation.com/thumb/58fd384b1b03.jpg,2026-01-23 17:00:00-08:00
1860,2026-01-23,19,105,1,TT_VIDEO,when the [TITLE] cutscene hits different,#PlayStation #fyp #gaming,https://cdn.playstation.com/thumb/5b238bf550db.jpg,2026-01-23 11:00:00-08:00
1861,2026-01-23,19,104,2,BLOG_DEV_DIARY,Dev diary #7 - crafting [TITLE],#PlayStation,https://cdn.playstation.com/thumb/58fd384b1b03.jpg,2026-01-23 17:00:00-08:00
1862,2026-01-23,19,108,,YT_SHORT,Behind the scenes: making [TITLE] #PlayStation #Shorts,#PlayStation #Shorts #Gaming,https://cdn.playstation.com/thumb/e17d5f00508d.jpg,2026-01-23 13:00:00-08:00
1863,2026-01-23,19,113,19,IG_STORY,Out now on PS5 🔥,#PlayStation,https://cdn.playstation.com/thumb/d125f2932be9.jpg,2026-01-23 13:00:00-08:00
1864,2026-01-23,19,114,30,BLOG_DEV_DIARY,Dev diary #7 - crafting [TITLE],#PlayStation,https://cdn.playstation.com/thumb/58fd384b1b03.jpg,2026-01-23 17:00:00-08:00
1865,2026-01-23,19,113,19,YT_LONG,[TITLE] - Deep Dive with the Dev Team,#PlayStation,https://cdn.playstation.com/thumb/812eb7d9adab.jpg,2026-01-23 19:00:00-08:00
1866,2026-01-23,19,110,,IG_REEL,POV: you finally got [TITLE] 🎮,#PlayStation #PS5 #Gaming,https://cdn.playstation.com/thumb/b0b4b3853aa1.jpg,2026-01-23 20:00:00-08:00
1867,2026-01-23,19,106,10,YT_TRAILER,[TITLE] - Official Launch Trailer | PS5,#PlayStation,https://cdn.playstation.com/thumb/958fb3fb46e9.jpg,2026-01-23 12:00:00-08:00
1868,2026-01-23,19,105,1,YT_SHORT,Behind the scenes: making [TITLE] #PlayStation #Shorts,#PlayStation #Shorts #Gaming,https://cdn.playstation.com/thumb/e17d5f00508d.jpg,2026-01-23 13:00:00-08:00
1869,2026-01-23,19,113,19,YT_TRAILER,[TITLE] - Official Launch Trailer | PS5,#PlayStation,https://cdn.playstation.com/thumb/958fb3fb46e9.jpg,2026-01-23 12:00:00-08:00
1870,2026-01-23,19,114,30,YT_LONG,[TITLE] - Deep Dive with the Dev Team,#PlayStation,https://cdn.playstation.com/thumb/812eb7d9adab.jpg,2026-01-23 19:00:00-08:00
1871,2026-01-23,20,110,,IG_POST,Drop a 🎮 if you're playing [TITLE] this weekend,#PlayStation,https://cdn.playstation.com/thumb/09a2ca6188a6.jpg,2026-01-23 11:00:00-08:00
1872,2026-01-23,20,106,10,YT_TRAILER,[TITLE] - Official Launch Trailer | PS5,#PlayStation,https://cdn.playstation.com/thumb/958fb3fb46e9.jpg,2026-01-23 12:00:00-08:00
1873,2026-01-23,20,107,,IG_STORY,Out now on PS5 🔥,#PlayStation,https://cdn.playstation.com/thumb/d125f2932be9.jpg,2026-01-23 13:00:00-08:00
1874,2026-01-23,20,104,2,BLOG_POST,[TITLE]: Everything you need to know,#PlayStation,https://cdn.playstation.com/thumb/b44c479968cd.jpg,2026-01-23 11:00:00-08:00
1875,2026-01-23,20,106,10,IG_POST,Drop a 🎮 if you're playing [TITLE] this weekend,#PlayStation,https://cdn.playstation.com/thumb/09a2ca6188a6.jpg,2026-01-23 11:00:00-08:00
1876,2026-01-23,20,106,10,IG_REEL,POV: you finally got [TITLE] 🎮,#PlayStation #PS5 #Gaming,https://cdn.playstation.com/thumb/b0b4b3853aa1.jpg,2026-01-23 20:00:00-08:00
1877,2026-01-24,12,108,,IG_REEL,POV: you finally got [TITLE] 🎮,#PlayStation #PS5 #Gaming,https://cdn.playstation.com/thumb/b1a34b17692d.jpg,2026-01-24 18:00:00-08:00
1878,2026-01-24,12,109,8,BLOG_DEV_DIARY,Dev diary #7 - crafting [TITLE],#PlayStation,https://cdn.playstation.com/thumb/f1140b3acef6.jpg,2026-01-24 20:00:00-08:00
1879,2026-01-24,12,107,,BLOG_DEV_DIARY,Dev diary #7 - crafting [TITLE],#PlayStation,https://cdn.playstation.com/thumb/f1140b3acef6.jpg,2026-01-24 20:00:00-08:00
1880,2026-01-24,12,103,,TT_VIDEO,when the [TITLE] cutscene hits different,#PlayStation #fyp #gaming,https://cdn.playstation.com/thumb/016c87423a3b.jpg,2026-01-24 18:00:00-08:00
1881,2026-01-24,18,106,10,IG_REEL,POV: you finally got [TITLE] 🎮,#PlayStation #PS5 #Gaming,https://cdn.playstation.com/thumb/b1a34b17692d.jpg,2026-01-24 18:00:00-08:00
1882,2026-01-24,18,103,,IG_POST,Drop a 🎮 if you're playing [TITLE] this weekend,#PlayStation,https://cdn.playstation.com/thumb/250d0a282bca.jpg,2026-01-24 16:00:00-08:00
1883,2026-01-24,18,114,30,YT_TRAILER,[TITLE] - Official Launch Trailer | PS5,#PlayStation,https://cdn.playstation.com/thumb/235d22f65a74.jpg,2026-01-24 19:00:00-08:00
1884,2026-01-24,18,104,2,YT_SHORT,Behind the scenes: making [TITLE] #PlayStation #Shorts,#PlayStation #Shorts #Gaming,https://cdn.playstation.com/thumb/06f8967ba669.jpg,2026-01-24 20:00:00-08:00
1885,2026-01-24,18,114,30,IG_STORY,Out now on PS5 🔥,#PlayStation,https://cdn.playstation.com/thumb/a140ddfd21dc.jpg,2026-01-24 15:00:00-08:00
1886,2026-01-24,18,108,,BLOG_POST,[TITLE]: Everything you need to know,#PlayStation,https://cdn.playstation.com/thumb/7a4b88102d2a.jpg,2026-01-24 17:00:00-08:00
1887,2026-01-24,18,105,1,BLOG_DEV_DIARY,Dev diary #7 - crafting [TITLE],#PlayStation,https://cdn.playstation.com/thumb/f1140b3acef6.jpg,2026-01-24 20:00:00-08:00
1888,2026-01-24,19,108,,YT_TRAILER,[TITLE] - Official Launch Trailer | PS5,#PlayStation,https://cdn.playstation.com/thumb/235d22f65a74.jpg,2026-01-24 19:00:00-08:00
1889,2026-01-24,19,105,1,YT_SHORT,Behind the scenes: making [TITLE] #PlayStation #Shorts,#PlayStation #Shorts #Gaming,https://cdn.playstation.com/thumb/06f8967ba669.jpg,2026-01-24 20:00:00-08:00
1890,2026-01-24,19,108,,BLOG_DEV_DIARY,Dev diary #7 - crafting [TITLE],#PlayStation,https://cdn.playstation.com/thumb/f1140b3acef6.jpg,2026-01-24 20:00:00-08:00
1891,2026-01-24,19,107,,BLOG_POST,[TITLE]: Everything you need to know,#PlayStation,https://cdn.playstation.com/thumb/7a4b88102d2a.jpg,2026-01-24 17:00:00-08:00
1892,2026-01-24,19,114,30,BLOG_POST,[TITLE]: Everything you need to know,#PlayStation,https://cdn.playstation.com/thumb/7a4b88102d2a.jpg,2026-01-24 17:00:00-08:00
1893,2026-01-24,19,103,,TT_VIDEO,when the [TITLE] cutscene hits different,#PlayStation #fyp #gaming,https://cdn.playstation.com/thumb/016c87423a3b.jpg,2026-01-24 18:00:00-08:00
1894,2026-01-24,19,108,,IG_REEL,POV: you finally got [TITLE] 🎮,#PlayStation #PS5 #Gaming,https://cdn.playstation.com/thumb/b1a34b17692d.jpg,2026-01-24 18:00:00-08:00
1895,2026-01-24,19,114,30,YT_SHORT,Behind the scenes: making [TITLE] #PlayStation #Shorts,#PlayStation #Shorts #Gaming,https://cdn.playstation.com/thumb/06f8967ba669.jpg,2026-01-24 20:00:00-08:00
1896,2026-01-24,20,109,8,IG_STORY,Out now on PS5 🔥,#PlayStation,https://cdn.playstation.com/thumb/a140ddfd21dc.jpg,2026-01-24 15:00:00-08:00
1897,2026-01-24,20,103,,IG_STORY,Out now on PS5 🔥,#PlayStation,https://cdn.playstation.com/thumb/a140ddfd21dc.jpg,2026-01-24 15:00:00-08:00
1898,2026-01-24,20,105,1,IG_POST,Drop a 🎮 if you're playing [TITLE] this weekend,#PlayStation,https://cdn.playstation.com/thumb/250d0a282bca.jpg,2026-01-24 16:00:00-08:00
1899,2026-01-24,20,105,1,BLOG_DEV_DIARY,Dev diary #7 - crafting [TITLE],#PlayStation,https://cdn.playstation.com/thumb/f1140b3acef6.jpg,2026-01-24 20:00:00-08:00
1900,2026-01-24,20,103,,BLOG_DEV_DIARY,Dev diary #7 - crafting [TITLE],#PlayStation,https://cdn.playstation.com/thumb/f1140b3acef6.jpg,2026-01-24 20:00:00-08:00
1901,2026-01-24,20,113,19,TT_TRENDING,gamers tell us their favorite PS5 moment,#PS5 #fyp #gamertok,https://cdn.playstation.com/thumb/ff254e8604a4.jpg,2026-01-24 11:00:00-08:00
1902,2026-01-24,20,104,2,YT_SHORT,Behind the scenes: making [TITLE] #PlayStation #Shorts,#PlayStation #Shorts #Gaming,https://cdn.playstation.com/thumb/06f8967ba669.jpg,2026-01-24 20:00:00-08:00
1903,2026-01-24,20,104,2,YT_LONG,[TITLE] - Deep Dive with the Dev Team,#PlayStation,https://cdn.playstation.com/thumb/66d312d27398.jpg,2026-01-24 11:00:00-08:00
1904,2026-01-24,20,113,19,IG_REEL,POV: you finally got [TITLE] 🎮,#PlayStation #PS5 #Gaming,https://cdn.playstation.com/thumb/b1a34b17692d.jpg,2026-01-24 18:00:00-08:00
1905,2026-01-24,20,103,,IG_REEL,POV: you finally got [TITLE] 🎮,#PlayStation #PS5 #Gaming,https://cdn.playstation.com/thumb/b1a34b17692d.jpg,2026-01-24 18:00:00-08:00
1906,2026-01-25,12,110,,IG_POST,Drop a 🎮 if you're playing [TITLE] this weekend,#PlayStation,https://cdn.playstation.com/thumb/c2ef74d29090.jpg,2026-01-25 19:00:00-08:00
1907,2026-01-25,12,103,,TT_TRENDING,gamers tell us their favorite PS5 moment,#PS5 #fyp #gamertok,https://cdn.playstation.com/thumb/558b26eb33f3.jpg,2026-01-25 17:00:00-08:00
1908,2026-01-25,12,103,,IG_POST,Drop a 🎮 if you're playing [TITLE] this weekend,#PlayStation,https://cdn.playstation.com/thumb/c2ef74d29090.jpg,2026-01-25 19:00:00-08:00
1909,2026-01-25,18,109,8,TT_TRENDING,gamers tell us their favorite PS5 moment,#PS5 #fyp #gamertok,https://cdn.playstation.com/thumb/558b26eb33f3.jpg,2026-01-25 17:00:00-08:00
1910,2026-01-25,18,113,19,TT_TRENDING,gamers tell us their favorite PS5 moment,#PS5 #fyp #gamertok,https://cdn.playstation.com/thumb/558b26eb33f3.jpg,2026-01-25 17:00:00-08:00
1911,2026-01-25,18,113,19,YT_SHORT,Behind the scenes: making [TITLE] #PlayStation #Shorts,#PlayStation #Shorts #Gaming,https://cdn.playstation.com/thumb/a1aeea0103b4.jpg,2026-01-25 15:00:00-08:00
1912,2026-01-25,18,107,,BLOG_POST,[TITLE]: Everything you need to know,#PlayStation,https://cdn.playstation.com/thumb/e1abaa0ccddb.jpg,2026-01-25 14:00:00-08:00
1913,2026-01-25,18,105,1,TT_TRENDING,gamers tell us their favorite PS5 moment,#PS5 #fyp #gamertok,https://cdn.playstation.com/thumb/558b26eb33f3.jpg,2026-01-25 17:00:00-08:00
1914,2026-01-25,18,107,,BLOG_DEV_DIARY,Dev diary #7 - crafting [TITLE],#PlayStation,https://cdn.playstation.com/thumb/0e6c8d2df68c.jpg,2026-01-25 10:00:00-08:00
1915,2026-01-25,18,113,19,YT_TRAILER,[TITLE] - Official Launch Trailer | PS5,#PlayStation,https://cdn.playstation.com/thumb/04ae6a3ce729.jpg,2026-01-25 10:00:00-08:00
1916,2026-01-25,18,114,30,TT_VIDEO,when the [TITLE] cutscene hits different,#PlayStation #fyp #gaming,https://cdn.playstation.com/thumb/3a6995349c35.jpg,2026-01-25 19:00:00-08:00
1917,2026-01-25,19,108,,YT_TRAILER,[TITLE] - Official Launch Trailer | PS5,#PlayStation,https://cdn.playstation.com/thumb/04ae6a3ce729.jpg,2026-01-25 10:00:00-08:00
1918,2026-01-25,19,108,,BLOG_DEV_DIARY,Dev diary #7 - crafting [TITLE],#PlayStation,https://cdn.playstation.com/thumb/0e6c8d2df68c.jpg,2026-01-25 10:00:00-08:00
1919,2026-01-25,19,110,,BLOG_DEV_DIARY,Dev diary #7 - crafting [TITLE],#PlayStation,https://cdn.playstation.com/thumb/0e6c8d2df68c.jpg,2026-01-25 10:00:00-08:00
1920,2026-01-25,19,114,30,IG_STORY,Out now on PS5 🔥,#PlayStation,https://cdn.playstation.com/thumb/ac7364bda08d.jpg,2026-01-25 20:00:00-08:00
1921,2026-01-25,19,104,2,TT_TRENDING,gamers tell us their favorite PS5 moment,#PS5 #fyp #gamertok,https://cdn.playstation.com/thumb/558b26eb33f3.jpg,2026-01-25 17:00:00-08:00
1922,2026-01-25,19,113,19,BLOG_POST,[TITLE]: Everything you need to know,#PlayStation,https://cdn.playstation.com/thumb/e1abaa0ccddb.jpg,2026-01-25 14:00:00-08:00
1923,2026-01-25,19,109,8,IG_STORY,Out now on PS5 🔥,#PlayStation,https://cdn.playstation.com/thumb/ac7364bda08d.jpg,2026-01-25 20:00:00-08:00
1924,2026-01-25,19,106,10,BLOG_POST,[TITLE]: Everything you need to know,#PlayStation,https://cdn.playstation.com/thumb/e1abaa0ccddb.jpg,2026-01-25 14:00:00-08:00
1925,2026-01-25,19,110,,TT_TRENDING,gamers tell us their favorite PS5 moment,#PS5 #fyp #gamertok,https://cdn.playstation.com/thumb/558b26eb33f3.jpg,2026-01-25 17:00:00-08:00
1926,2026-01-25,20,104,2,BLOG_DEV_DIARY,Dev diary #7 - crafting [TITLE],#PlayStation,https://cdn.playstation.com/thumb/0e6c8d2df68c.jpg,2026-01-25 10:00:00-08:00
1927,2026-01-25,20,108,,IG_REEL,POV: you finally got [TITLE] 🎮,#PlayStation #PS5 #Gaming,https://cdn.playstation.com/thumb/d21e939b623b.jpg,2026-01-25 16:00:00-08:00
1928,2026-01-25,20,104,2,IG_STORY,Out now on PS5 🔥,#PlayStation,https://cdn.playstation.com/thumb/ac7364bda08d.jpg,2026-01-25 20:00:00-08:00
1929,2026-01-25,20,105,1,YT_TRAILER,[TITLE] - Official Launch Trailer | PS5,#PlayStation,https://cdn.playstation.com/thumb/04ae6a3ce729.jpg,2026-01-25 10:00:00-08:00
1930,2026-01-25,20,109,8,IG_POST,Drop a 🎮 if you're playing [TITLE] this weekend,#PlayStation,https://cdn.playstation.com/thumb/c2ef74d29090.jpg,2026-01-25 19:00:00-08:00
1931,2026-01-25,20,106,10,YT_SHORT,Behind the scenes: making [TITLE] #PlayStation #Shorts,#PlayStation #Shorts #Gaming,https://cdn.playstation.com/thumb/a1aeea0103b4.jpg,2026-01-25 15:00:00-08:00
1932,2026-01-25,20,107,,BLOG_DEV_DIARY,Dev diary #7 - crafting [TITLE],#PlayStation,https://cdn.playstation.com/thumb/0e6c8d2df68c.jpg,2026-01-25 10:00:00-08:00
1933,2026-01-25,20,113,19,TT_VIDEO,when the [TITLE] cutscene hits different,#PlayStation #fyp #gaming,https://cdn.playstation.com/thumb/3a6995349c35.jpg,2026-01-25 19:00:00-08:00
1934,2026-01-25,20,108,,YT_TRAILER,[TITLE] - Official Launch Trailer | PS5,#PlayStation,https://cdn.playstation.com/thumb/04ae6a3ce729.jpg,2026-01-25 10:00:00-08:00
1935,2026-01-25,20,108,,YT_LONG,[TITLE] - Deep Dive with the Dev Team,#PlayStation,https://cdn.playstation.com/thumb/2892bf1cd12e.jpg,2026-01-25 13:00:00-08:00
1936,2026-01-25,20,104,2,IG_REEL,POV: you finally got [TITLE] 🎮,#PlayStation #PS5 #Gaming,https://cdn.playstation.com/thumb/d21e939b623b.jpg,2026-01-25 16:00:00-08:00
1937,2026-01-25,20,108,,TT_TRENDING,gamers tell us their favorite PS5 moment,#PS5 #fyp #gamertok,https://cdn.playstation.com/thumb/558b26eb33f3.jpg,2026-01-25 17:00:00-08:00
1938,2026-01-25,20,109,8,BLOG_DEV_DIARY,Dev diary #7 - crafting [TITLE],#PlayStation,https://cdn.playstation.com/thumb/0e6c8d2df68c.jpg,2026-01-25 10:00:00-08:00
1939,2026-01-25,20,105,1,TT_VIDEO,when the [TITLE] cutscene hits different,#PlayStation #fyp #gaming,https://cdn.playstation.com/thumb/3a6995349c35.jpg,2026-01-25 19:00:00-08:00
1940,2026-01-25,20,110,,IG_POST,Drop a 🎮 if you're playing [TITLE] this weekend,#PlayStation,https://cdn.playstation.com/thumb/c2ef74d29090.jpg,2026-01-25 19:00:00-08:00
1941,2026-01-25,20,106,10,BLOG_POST,[TITLE]: Everything you need to know,#PlayStation,https://cdn.playstation.com/thumb/e1abaa0ccddb.jpg,2026-01-25 14:00:00-08:00
1942,2026-01-26,12,103,,IG_STORY,Out now on PS5 🔥,#PlayStation,https://cdn.playstation.com/thumb/ef26fc0f0b2e.jpg,2026-01-26 13:00:00-08:00
1943,2026-01-26,12,109,8,YT_SHORT,Behind the scenes: making [TITLE] #PlayStation #Shorts,#PlayStation #Shorts #Gaming,https://cdn.playstation.com/thumb/242fdd3934de.jpg,2026-01-26 11:00:00-08:00
1944,2026-01-26,12,107,,IG_POST,Drop a 🎮 if you're playing [TITLE] this weekend,#PlayStation,https://cdn.playstation.com/thumb/d6a718ffd8c1.jpg,2026-01-26 13:00:00-08:00
1945,2026-01-26,12,103,,TT_TRENDING,gamers tell us their favorite PS5 moment,#PS5 #fyp #gamertok,https://cdn.playstation.com/thumb/3cdf8daf8a7b.jpg,2026-01-26 17:00:00-08:00
1946,2026-01-26,12,106,10,BLOG_DEV_DIARY,Dev diary #7 - crafting [TITLE],#PlayStation,https://cdn.playstation.com/thumb/060a2a1f6ec6.jpg,2026-01-26 16:00:00-08:00
1947,2026-01-26,18,113,19,YT_TRAILER,[TITLE] - Official Launch Trailer | PS5,#PlayStation,https://cdn.playstation.com/thumb/00850382cfeb.jpg,2026-01-26 13:00:00-08:00
1948,2026-01-26,18,108,,YT_TRAILER,[TITLE] - Official Launch Trailer | PS5,#PlayStation,https://cdn.playstation.com/thumb/00850382cfeb.jpg,2026-01-26 13:00:00-08:00
1949,2026-01-26,18,107,,YT_TRAILER,[TITLE] - Official Launch Trailer | PS5,#PlayStation,https://cdn.playstation.com/thumb/00850382cfeb.jpg,2026-01-26 13:00:00-08:00
1950,2026-01-26,18,108,,YT_SHORT,Behind the scenes: making [TITLE] #PlayStation #Shorts,#PlayStation #Shorts #Gaming,https://cdn.playstation.com/thumb/242fdd3934de.jpg,2026-01-26 11:00:00-08:00
1951,2026-01-26,18,110,,TT_TRENDING,gamers tell us their favorite PS5 moment,#PS5 #fyp #gamertok,https://cdn.playstation.com/thumb/3cdf8daf8a7b.jpg,2026-01-26 17:00:00-08:00
1952,2026-01-26,18,114,30,IG_STORY,Out now on PS5 🔥,#PlayStation,https://cdn.playstation.com/thumb/ef26fc0f0b2e.jpg,2026-01-26 13:00:00-08:00
1953,2026-01-26,18,114,30,BLOG_POST,[TITLE]: Everything you need to know,#PlayStation,https://cdn.playstation.com/thumb/d80d099c316e.jpg,2026-01-26 13:00:00-08:00
1954,2026-01-26,19,105,1,BLOG_DEV_DIARY,Dev diary #7 - crafting [TITLE],#PlayStation,https://cdn.playstation.com/thumb/060a2a1f6ec6.jpg,2026-01-26 16:00:00-08:00
1955,2026-01-26,19,110,,IG_STORY,Out now on PS5 🔥,#PlayStation,https://cdn.playstation.com/thumb/ef26fc0f0b2e.jpg,2026-01-26 13:00:00-08:00
1956,2026-01-26,19,107,,TT_TRENDING,gamers tell us their favorite PS5 moment,#PS5 #fyp #gamertok,https://cdn.playstation.com/thumb/3cdf8daf8a7b.jpg,2026-01-26 17:00:00-08:00
1957,2026-01-26,19,113,19,IG_STORY,Out now on PS5 🔥,#PlayStation,https://cdn.playstation.com/thumb/ef26fc0f0b2e.jpg,2026-01-26 13:00:00-08:00
1958,2026-01-26,19,104,2,IG_STORY,Out now on PS5 🔥,#PlayStation,https://cdn.playstation.com/thumb/ef26fc0f0b2e.jpg,2026-01-26 13:00:00-08:00
1959,2026-01-26,19,106,10,IG_STORY,Out now on PS5 🔥,#PlayStation,https://cdn.playstation.com/thumb/ef26fc0f0b2e.jpg,2026-01-26 13:00:00-08:00
1960,2026-01-26,19,109,8,YT_TRAILER,[TITLE] - Official Launch Trailer | PS5,#PlayStation,https://cdn.playstation.com/thumb/00850382cfeb.jpg,2026-01-26 13:00:00-08:00
1961,2026-01-26,19,107,,TT_VIDEO,when the [TITLE] cutscene hits different,#PlayStation #fyp #gaming,https://cdn.playstation.com/thumb/35a6d4977dda.jpg,2026-01-26 11:00:00-08:00
1962,2026-01-26,19,104,2,BLOG_POST,[TITLE]: Everything you need to know,#PlayStation,https://cdn.playstation.com/thumb/d80d099c316e.jpg,2026-01-26 13:00:00-08:00
1963,2026-01-26,20,109,8,BLOG_DEV_DIARY,Dev diary #7 - crafting [TITLE],#PlayStation,https://cdn.playstation.com/thumb/060a2a1f6ec6.jpg,2026-01-26 16:00:00-08:00
1964,2026-01-26,20,110,,IG_REEL,POV: you finally got [TITLE] 🎮,#PlayStation #PS5 #Gaming,https://cdn.playstation.com/thumb/d1e1677258a5.jpg,2026-01-26 17:00:00-08:00
1965,2026-01-26,20,106,10,TT_TRENDING,gamers tell us their favorite PS5 moment,#PS5 #fyp #gamertok,https://cdn.playstation.com/thumb/3cdf8daf8a7b.jpg,2026-01-26 17:00:00-08:00
1966,2026-01-26,20,105,1,TT_TRENDING,gamers tell us their favorite PS5 moment,#PS5 #fyp #gamertok,https://cdn.playstation.com/thumb/3cdf8daf8a7b.jpg,2026-01-26 17:00:00-08:00
1967,2026-01-26,20,110,,YT_TRAILER,[TITLE] - Official Launch Trailer | PS5,#PlayStation,https://cdn.playstation.com/thumb/00850382cfeb.jpg,2026-01-26 13:00:00-08:00
1968,2026-01-26,20,103,,IG_REEL,POV: you finally got [TITLE] 🎮,#PlayStation #PS5 #Gaming,https://cdn.playstation.com/thumb/d1e1677258a5.jpg,2026-01-26 17:00:00-08:00
1969,2026-01-26,20,105,1,BLOG_DEV_DIARY,Dev diary #7 - crafting [TITLE],#PlayStation,https://cdn.playstation.com/thumb/060a2a1f6ec6.jpg,2026-01-26 16:00:00-08:00
1970,2026-01-26,20,109,8,YT_LONG,[TITLE] - Deep Dive with the Dev Team,#PlayStation,https://cdn.playstation.com/thumb/6217c3c2c22a.jpg,2026-01-26 13:00:00-08:00
1971,2026-01-27,12,114,30,YT_TRAILER,[TITLE] - Official Launch Trailer | PS5,#PlayStation,https://cdn.playstation.com/thumb/641b5e768036.jpg,2026-01-27 17:00:00-08:00
1972,2026-01-27,12,104,2,IG_STORY,Out now on PS5 🔥,#PlayStation,https://cdn.playstation.com/thumb/d67a4612f019.jpg,2026-01-27 19:00:00-08:00
1973,2026-01-27,12,113,19,IG_POST,Drop a 🎮 if you're playing [TITLE] this weekend,#PlayStation,https://cdn.playstation.com/thumb/604ce9723a7e.jpg,2026-01-27 11:00:00-08:00
1974,2026-01-27,12,106,10,IG_STORY,Out now on PS5 🔥,#PlayStation,https://cdn.playstation.com/thumb/d67a4612f019.jpg,2026-01-27 19:00:00-08:00
1975,2026-01-27,12,106,10,IG_REEL,POV: you finally got [TITLE] 🎮,#PlayStation #PS5 #Gaming,https://cdn.playstation.com/thumb/9b1a08358645.jpg,2026-01-27 18:00:00-08:00
1976,2026-01-27,12,103,,YT_LONG,[TITLE] - Deep Dive with the Dev Team,#PlayStation,https://cdn.playstation.com/thumb/bfc827ed264f.jpg,2026-01-27 20:00:00-08:00
1977,2026-01-27,12,114,30,IG_REEL,POV: you finally got [TITLE] 🎮,#PlayStation #PS5 #Gaming,https://cdn.playstation.com/thumb/9b1a08358645.jpg,2026-01-27 18:00:00-08:00
1978,2026-01-27,12,106,10,BLOG_POST,[TITLE]: Everything you need to know,#PlayStation,https://cdn.playstation.com/thumb/203fc0a6d51e.jpg,2026-01-27 12:00:00-08:00
1979,2026-01-27,12,110,,IG_STORY,Out now on PS5 🔥,#PlayStation,https://cdn.playstation.com/thumb/d67a4612f019.jpg,2026-01-27 19:00:00-08:00
1980,2026-01-27,12,105,1,BLOG_DEV_DIARY,Dev diary #7 - crafting [TITLE],#PlayStation,https://cdn.playstation.com/thumb/da2268495302.jpg,2026-01-27 09:00:00-08:00
1981,2026-01-27,12,107,,BLOG_DEV_DIARY,Dev diary #7 - crafting [TITLE],#PlayStation,https://cdn.playstation.com/thumb/da2268495302.jpg,2026-01-27 09:00:00-08:00
1982,2026-01-27,12,106,10,TT_TRENDING,gamers tell us their favorite PS5 moment,#PS5 #fyp #gamertok,https://cdn.playstation.com/thumb/b3e42df09e41.jpg,2026-01-27 20:00:00-08:00
1983,2026-01-27,18,113,19,BLOG_POST,[TITLE]: Everything you need to know,#PlayStation,https://cdn.playstation.com/thumb/203fc0a6d51e.jpg,2026-01-27 12:00:00-08:00
1984,2026-01-27,18,110,,IG_STORY,Out now on PS5 🔥,#PlayStation,https://cdn.playstation.com/thumb/d67a4612f019.jpg,2026-01-27 19:00:00-08:00
1985,2026-01-27,18,106,10,TT_VIDEO,when the [TITLE] cutscene hits different,#PlayStation #fyp #gaming,https://cdn.playstation.com/thumb/ce7afebc6989.jpg,2026-01-27 10:00:00-08:00
1986,2026-01-27,18,106,10,YT_SHORT,Behind the scenes: making [TITLE] #PlayStation #Shorts,#PlayStation #Shorts #Gaming,https://cdn.playstation.com/thumb/4087928f1280.jpg,2026-01-27 13:00:00-08:00
1987,2026-01-27,18,109,8,IG_REEL,POV: you finally got [TITLE] 🎮,#PlayStation #PS5 #Gaming,https://cdn.playstation.com/thumb/9b1a08358645.jpg,2026-01-27 18:00:00-08:00
1988,2026-01-27,18,109,8,BLOG_POST,[TITLE]: Everything you need to know,#PlayStation,https://cdn.playstation.com/thumb/203fc0a6d51e.jpg,2026-01-27 12:00:00-08:00
1989,2026-01-27,19,113,19,YT_LONG,[TITLE] - Deep Dive with the Dev Team,#PlayStation,https://cdn.playstation.com/thumb/bfc827ed264f.jpg,2026-01-27 20:00:00-08:00
1990,2026-01-27,19,110,,YT_TRAILER,[TITLE] - Official Launch Trailer | PS5,#PlayStation,https://cdn.playstation.com/thumb/641b5e768036.jpg,2026-01-27 17:00:00-08:00
1991,2026-01-27,19,106,10,BLOG_POST,[TITLE]: Everything you need to know,#PlayStation,https://cdn.playstation.com/thumb/203fc0a6d51e.jpg,2026-01-27 12:00:00-08:00
1992,2026-01-27,19,107,,BLOG_POST,[TITLE]: Everything you need to know,#PlayStation,https://cdn.playstation.com/thumb/203fc0a6d51e.jpg,2026-01-27 12:00:00-08:00
1993,2026-01-27,19,109,8,BLOG_DEV_DIARY,Dev diary #7 - crafting [TITLE],#PlayStation,https://cdn.playstation.com/thumb/da2268495302.jpg,2026-01-27 09:00:00-08:00
1994,2026-01-27,19,108,,BLOG_DEV_DIARY,Dev diary #7 - crafting [TITLE],#PlayStation,https://cdn.playstation.com/thumb/da2268495302.jpg,2026-01-27 09:00:00-08:00
1995,2026-01-27,19,103,,TT_VIDEO,when the [TITLE] cutscene hits different,#PlayStation #fyp #gaming,https://cdn.playstation.com/thumb/ce7afebc6989.jpg,2026-01-27 10:00:00-08:00
1996,2026-01-27,19,110,,TT_VIDEO,when the [TITLE] cutscene hits different,#PlayStation #fyp #gaming,https://cdn.playstation.com/thumb/ce7afebc6989.jpg,2026-01-27 10:00:00-08:00
1997,2026-01-27,20,114,30,IG_POST,Drop a 🎮 if you're playing [TITLE] this weekend,#PlayStation,https://cdn.playstation.com/thumb/604ce9723a7e.jpg,2026-01-27 11:00:00-08:00
1998,2026-01-27,20,113,19,YT_SHORT,Behind the scenes: making [TITLE] #PlayStation #Shorts,#PlayStation #Shorts #Gaming,https://cdn.playstation.com/thumb/4087928f1280.jpg,2026-01-27 13:00:00-08:00
1999,2026-01-27,20,106,10,BLOG_POST,[TITLE]: Everything you need to know,#PlayStation,https://cdn.playstation.com/thumb/203fc0a6d51e.jpg,2026-01-27 12:00:00-08:00
2000,2026-01-27,20,114,30,TT_TRENDING,gamers tell us their favorite PS5 moment,#PS5 #fyp #gamertok,https://cdn.playstation.com/thumb/b3e42df09e41.jpg,2026-01-27 20:00:00-08:00
2001,2026-01-27,20,104,2,YT_LONG,[TITLE] - Deep Dive with the Dev Team,#PlayStation,https://cdn.playstation.com/thumb/bfc827ed264f.jpg,2026-01-27 20:00:00-08:00
2002,2026-01-28,12,107,,IG_POST,Drop a 🎮 if you're playing [TITLE] this weekend,#PlayStation,https://cdn.playstation.com/thumb/9c3ad2cd280c.jpg,2026-01-28 19:00:00-08:00
2003,2026-01-28,12,114,30,YT_LONG,[TITLE] - Deep Dive with the Dev Team,#PlayStation,https://cdn.playstation.com/thumb/9ce82abcaa8a.jpg,2026-01-28 17:00:00-08:00
2004,2026-01-28,12,105,1,TT_VIDEO,when the [TITLE] cutscene hits different,#PlayStation #fyp #gaming,https://cdn.playstation.com/thumb/b6c271ccbda7.jpg,2026-01-28 14:00:00-08:00
2005,2026-01-28,12,105,1,IG_REEL,POV: you finally got [TITLE] 🎮,#PlayStation #PS5 #Gaming,https://cdn.playstation.com/thumb/e144654059e3.jpg,2026-01-28 17:00:00-08:00
2006,2026-01-28,12,110,,IG_STORY,Out now on PS5 🔥,#PlayStation,https://cdn.playstation.com/thumb/3b5bcb52c89c.jpg,2026-01-28 14:00:00-08:00
2007,2026-01-28,12,107,,YT_TRAILER,[TITLE] - Official Launch Trailer | PS5,#PlayStation,https://cdn.playstation.com/thumb/6f1865d7d075.jpg,2026-01-28 11:00:00-08:00
2008,2026-01-28,12,109,8,BLOG_POST,[TITLE]: Everything you need to know,#PlayStation,https://cdn.playstation.com/thumb/5e16956b8e4a.jpg,2026-01-28 16:00:00-08:00
2009,2026-01-28,12,107,,BLOG_POST,[TITLE]: Everything you need to know,#PlayStation,https://cdn.playstation.com/thumb/5e16956b8e4a.jpg,2026-01-28 16:00:00-08:00
2010,2026-01-28,12,105,1,IG_STORY,Out now on PS5 🔥,#PlayStation,https://cdn.playstation.com/thumb/3b5bcb52c89c.jpg,2026-01-28 14:00:00-08:00
2011,2026-01-28,12,107,,YT_SHORT,Behind the scenes: making [TITLE] #PlayStation #Shorts,#PlayStation #Shorts #Gaming,https://cdn.playstation.com/thumb/db160b8c37da.jpg,2026-01-28 13:00:00-08:00
2012,2026-01-28,12,108,,IG_STORY,Out now on PS5 🔥,#PlayStation,https://cdn.playstation.com/thumb/3b5bcb52c89c.jpg,2026-01-28 14:00:00-08:00
2013,2026-01-28,12,113,19,IG_STORY,Out now on PS5 🔥,#PlayStation,https://cdn.playstation.com/thumb/3b5bcb52c89c.jpg,2026-01-28 14:00:00-08:00
2014,2026-01-28,12,114,30,IG_POST,Drop a 🎮 if you're playing [TITLE] this weekend,#PlayStation,https://cdn.playstation.com/thumb/9c3ad2cd280c.jpg,2026-01-28 19:00:00-08:00
2015,2026-01-28,18,110,,BLOG_POST,[TITLE]: Everything you need to know,#PlayStation,https://cdn.playstation.com/thumb/5e16956b8e4a.jpg,2026-01-28 16:00:00-08:00
2016,2026-01-28,18,114,30,YT_LONG,[TITLE] - Deep Dive with the Dev Team,#PlayStation,https://cdn.playstation.com/thumb/9ce82abcaa8a.jpg,2026-01-28 17:00:00-08:00
2017,2026-01-28,18,107,,YT_LONG,[TITLE] - Deep Dive with the Dev Team,#PlayStation,https://cdn.playstation.com/thumb/9ce82abcaa8a.jpg,2026-01-28 17:00:00-08:00
2018,2026-01-28,18,113,19,IG_REEL,POV: you finally got [TITLE] 🎮,#PlayStation #PS5 #Gaming,https://cdn.playstation.com/thumb/e144654059e3.jpg,2026-01-28 17:00:00-08:00
2019,2026-01-28,18,110,,IG_POST,Drop a 🎮 if you're playing [TITLE] this weekend,#PlayStation,https://cdn.playstation.com/thumb/9c3ad2cd280c.jpg,2026-01-28 19:00:00-08:00
2020,2026-01-28,18,114,30,IG_REEL,POV: you finally got [TITLE] 🎮,#PlayStation #PS5 #Gaming,https://cdn.playstation.com/thumb/e144654059e3.jpg,2026-01-28 17:00:00-08:00
2021,2026-01-28,18,107,,IG_STORY,Out now on PS5 🔥,#PlayStation,https://cdn.playstation.com/thumb/3b5bcb52c89c.jpg,2026-01-28 14:00:00-08:00
2022,2026-01-28,19,113,19,IG_REEL,POV: you finally got [TITLE] 🎮,#PlayStation #PS5 #Gaming,https://cdn.playstation.com/thumb/e144654059e3.jpg,2026-01-28 17:00:00-08:00
2023,2026-01-28,19,104,2,TT_TRENDING,gamers tell us their favorite PS5 moment,#PS5 #fyp #gamertok,https://cdn.playstation.com/thumb/9ca7d7f58bd0.jpg,2026-01-28 20:00:00-08:00
2024,2026-01-28,19,105,1,BLOG_POST,[TITLE]: Everything you need to know,#PlayStation,https://cdn.playstation.com/thumb/5e16956b8e4a.jpg,2026-01-28 16:00:00-08:00
2025,2026-01-28,19,106,10,TT_TRENDING,gamers tell us their favorite PS5 moment,#PS5 #fyp #gamertok,https://cdn.playstation.com/thumb/9ca7d7f58bd0.jpg,2026-01-28 20:00:00-08:00
2026,2026-01-28,19,108,,TT_TRENDING,gamers tell us their favorite PS5 moment,#PS5 #fyp #gamertok,https://cdn.playstation.com/thumb/9ca7d7f58bd0.jpg,2026-01-28 20:00:00-08:00
2027,2026-01-28,19,103,,YT_LONG,[TITLE] - Deep Dive with the Dev Team,#PlayStation,https://cdn.playstation.com/thumb/9ce82abcaa8a.jpg,2026-01-28 17:00:00-08:00
2028,2026-01-28,19,106,10,YT_LONG,[TITLE] - Deep Dive with the Dev Team,#PlayStation,https://cdn.playstation.com/thumb/9ce82abcaa8a.jpg,2026-01-28 17:00:00-08:00
2029,2026-01-28,19,107,,IG_POST,Drop a 🎮 if you're playing [TITLE] this weekend,#PlayStation,https://cdn.playstation.com/thumb/9c3ad2cd280c.jpg,2026-01-28 19:00:00-08:00
2030,2026-01-28,20,106,10,YT_TRAILER,[TITLE] - Official Launch Trailer | PS5,#PlayStation,https://cdn.playstation.com/thumb/6f1865d7d075.jpg,2026-01-28 11:00:00-08:00
2031,2026-01-28,20,105,1,YT_TRAILER,[TITLE] - Official Launch Trailer | PS5,#PlayStation,https://cdn.playstation.com/thumb/6f1865d7d075.jpg,2026-01-28 11:00:00-08:00
2032,2026-01-28,20,108,,TT_VIDEO,when the [TITLE] cutscene hits different,#PlayStation #fyp #gaming,https://cdn.playstation.com/thumb/b6c271ccbda7.jpg,2026-01-28 14:00:00-08:00
2033,2026-01-28,20,108,,YT_SHORT,Behind the scenes: making [TITLE] #PlayStation #Shorts,#PlayStation #Shorts #Gaming,https://cdn.playstation.com/thumb/db160b8c37da.jpg,2026-01-28 13:00:00-08:00
2034,2026-01-28,20,105,1,BLOG_DEV_DIARY,Dev diary #7 - crafting [TITLE],#PlayStation,https://cdn.playstation.com/thumb/601c7434eea5.jpg,2026-01-28 16:00:00-08:00
2035,2026-01-28,20,106,10,YT_SHORT,Behind the scenes: making [TITLE] #PlayStation #Shorts,#PlayStation #Shorts #Gaming,https://cdn.playstation.com/thumb/db160b8c37da.jpg,2026-01-28 13:00:00-08:00
2036,2026-01-28,20,103,,YT_SHORT,Behind the scenes: making [TITLE] #PlayStation #Shorts,#PlayStation #Shorts #Gaming,https://cdn.playstation.com/thumb/db160b8c37da.jpg,2026-01-28 13:00:00-08:00
2037,2026-01-29,12,110,,TT_TRENDING,gamers tell us their favorite PS5 moment,#PS5 #fyp #gamertok,https://cdn.playstation.com/thumb/c9950effce0d.jpg,2026-01-29 11:00:00-08:00
2038,2026-01-29,12,105,1,TT_VIDEO,when the [TITLE] cutscene hits different,#PlayStation #fyp #gaming,https://cdn.playstation.com/thumb/bbbdcfca4b3b.jpg,2026-01-29 17:00:00-08:00
2039,2026-01-29,12,109,8,IG_REEL,POV: you finally got [TITLE] 🎮,#PlayStation #PS5 #Gaming,https://cdn.playstation.com/thumb/9db663b97ca1.jpg,2026-01-29 14:00:00-08:00
2040,2026-01-29,12,114,30,TT_VIDEO,when the [TITLE] cutscene hits different,#PlayStation #fyp #gaming,https://cdn.playstation.com/thumb/bbbdcfca4b3b.jpg,2026-01-29 17:00:00-08:00
2041,2026-01-29,12,108,,IG_STORY,Out now on PS5 🔥,#PlayStation,https://cdn.playstation.com/thumb/06e90b59e741.jpg,2026-01-29 17:00:00-08:00
2042,2026-01-29,12,109,8,TT_TRENDING,gamers tell us their favorite PS5 moment,#PS5 #fyp #gamertok,https://cdn.playstation.com/thumb/c9950effce0d.jpg,2026-01-29 11:00:00-08:00
2043,2026-01-29,12,109,8,YT_TRAILER,[TITLE] - Official Launch Trailer | PS5,#PlayStation,https://cdn.playstation.com/thumb/12cf7f1ae40f.jpg,2026-01-29 10:00:00-08:00
2044,2026-01-29,12,110,,IG_POST,Drop a 🎮 if you're playing [TITLE] this weekend,#PlayStation,https://cdn.playstation.com/thumb/6425e1580a69.jpg,2026-01-29 11:00:00-08:00
2045,2026-01-29,12,107,,TT_TRENDING,gamers tell us their favorite PS5 moment,#PS5 #fyp #gamertok,https://cdn.playstation.com/thumb/c9950effce0d.jpg,2026-01-29 11:00:00-08:00
2046,2026-01-29,18,113,19,IG_STORY,Out now on PS5 🔥,#PlayStation,https://cdn.playstation.com/thumb/06e90b59e741.jpg,2026-01-29 17:00:00-08:00
2047,2026-01-29,18,110,,BLOG_DEV_DIARY,Dev diary #7 - crafting [TITLE],#PlayStation,https://cdn.playstation.com/thumb/9fddbc407ef0.jpg,2026-01-29 19:00:00-08:00
2048,2026-01-29,18,109,8,BLOG_POST,[TITLE]: Everything you need to know,#PlayStation,https://cdn.playstation.com/thumb/208b2057701c.jpg,2026-01-29 18:00:00-08:00
2049,2026-01-29,18,107,,YT_LONG,[TITLE] - Deep Dive with the Dev Team,#PlayStation,https://cdn.playstation.com/thumb/ea5b35018d7c.jpg,2026-01-29 10:00:00-08:00
2050,2026-01-29,18,106,10,YT_LONG,[TITLE] - Deep Dive with the Dev Team,#PlayStation,https://cdn.playstation.com/thumb/ea5b35018d7c.jpg,2026-01-29 10:00:00-08:00
2051,2026-01-29,18,104,2,BLOG_POST,[TITLE]: Everything you need to know,#PlayStation,https://cdn.playstation.com/thumb/208b2057701c.jpg,2026-01-29 18:00:00-08:00
2052,2026-01-29,18,113,19,IG_POST,Drop a 🎮 if you're playing [TITLE] this weekend,#PlayStation,https://cdn.playstation.com/thumb/6425e1580a69.jpg,2026-01-29 11:00:00-08:00
2053,2026-01-29,18,110,,TT_VIDEO,when the [TITLE] cutscene hits different,#PlayStation #fyp #gaming,https://cdn.playstation.com/thumb/bbbdcfca4b3b.jpg,2026-01-29 17:00:00-08:00
2054,2026-01-29,19,105,1,IG_STORY,Out now on PS5 🔥,#PlayStation,https://cdn.playstation.com/thumb/06e90b59e741.jpg,2026-01-29 17:00:00-08:00
2055,2026-01-29,19,114,30,IG_STORY,Out now on PS5 🔥,#PlayStation,https://cdn.playstation.com/thumb/06e90b59e741.jpg,2026-01-29 17:00:00-08:00
2056,2026-01-29,19,107,,IG_REEL,POV: you finally got [TITLE] 🎮,#PlayStation #PS5 #Gaming,https://cdn.playstation.com/thumb/9db663b97ca1.jpg,2026-01-29 14:00:00-08:00
2057,2026-01-29,19,105,1,IG_REEL,POV: you finally got [TITLE] 🎮,#PlayStation #PS5 #Gaming,https://cdn.playstation.com/thumb/9db663b97ca1.jpg,2026-01-29 14:00:00-08:00
2058,2026-01-29,19,108,,BLOG_POST,[TITLE]: Everything you need to know,#PlayStation,https://cdn.playstation.com/thumb/208b2057701c.jpg,2026-01-29 18:00:00-08:00
2059,2026-01-29,19,107,,YT_TRAILER,[TITLE] - Official Launch Trailer | PS5,#PlayStation,https://cdn.playstation.com/thumb/12cf7f1ae40f.jpg,2026-01-29 10:00:00-08:00
2060,2026-01-29,19,103,,IG_STORY,Out now on PS5 🔥,#PlayStation,https://cdn.playstation.com/thumb/06e90b59e741.jpg,2026-01-29 17:00:00-08:00
2061,2026-01-29,19,109,8,TT_VIDEO,when the [TITLE] cutscene hits different,#PlayStation #fyp #gaming,https://cdn.playstation.com/thumb/bbbdcfca4b3b.jpg,2026-01-29 17:00:00-08:00
2062,2026-01-29,19,110,,TT_VIDEO,when the [TITLE] cutscene hits different,#PlayStation #fyp #gaming,https://cdn.playstation.com/thumb/bbbdcfca4b3b.jpg,2026-01-29 17:00:00-08:00
2063,2026-01-29,20,105,1,IG_POST,Drop a 🎮 if you're playing [TITLE] this weekend,#PlayStation,https://cdn.playstation.com/thumb/6425e1580a69.jpg,2026-01-29 11:00:00-08:00
2064,2026-01-29,20,106,10,IG_POST,Drop a 🎮 if you're playing [TITLE] this weekend,#PlayStation,https://cdn.playstation.com/thumb/6425e1580a69.jpg,2026-01-29 11:00:00-08:00
2065,2026-01-29,20,105,1,IG_STORY,Out now on PS5 🔥,#PlayStation,https://cdn.playstation.com/thumb/06e90b59e741.jpg,2026-01-29 17:00:00-08:00
2066,2026-01-29,20,106,10,YT_SHORT,Behind the scenes: making [TITLE] #PlayStation #Shorts,#PlayStation #Shorts #Gaming,https://cdn.playstation.com/thumb/c06e1139aaa3.jpg,2026-01-29 19:00:00-08:00
2067,2026-01-29,20,107,,IG_STORY,Out now on PS5 🔥,#PlayStation,https://cdn.playstation.com/thumb/06e90b59e741.jpg,2026-01-29 17:00:00-08:00
2068,2026-01-29,20,104,2,IG_STORY,Out now on PS5 🔥,#PlayStation,https://cdn.playstation.com/thumb/06e90b59e741.jpg,2026-01-29 17:00:00-08:00
2069,2026-01-29,20,106,10,BLOG_POST,[TITLE]: Everything you need to know,#PlayStation,https://cdn.playstation.com/thumb/208b2057701c.jpg,2026-01-29 18:00:00-08:00
2070,2026-01-29,20,109,8,TT_VIDEO,when the [TITLE] cutscene hits different,#PlayStation #fyp #gaming,https://cdn.playstation.com/thumb/bbbdcfca4b3b.jpg,2026-01-29 17:00:00-08:00
2071,2026-01-29,20,109,8,BLOG_POST,[TITLE]: Everything you need to know,#PlayStation,https://cdn.playstation.com/thumb/208b2057701c.jpg,2026-01-29 18:00:00-08:00
2072,2026-01-29,20,113,19,YT_LONG,[TITLE] - Deep Dive with the Dev Team,#PlayStation,https://cdn.playstation.com/thumb/ea5b35018d7c.jpg,2026-01-29 10:00:00-08:00
2073,2026-01-29,20,105,1,TT_VIDEO,when the [TITLE] cutscene hits different,#PlayStation #fyp #gaming,https://cdn.playstation.com/thumb/bbbdcfca4b3b.jpg,2026-01-29 17:00:00-08:00
2074,2026-01-30,12,110,,YT_TRAILER,[TITLE] - Official Launch Trailer | PS5,#PlayStation,https://cdn.playstation.com/thumb/9095ef466983.jpg,2026-01-30 11:00:00-08:00
2075,2026-01-30,12,109,8,IG_POST,Drop a 🎮 if you're playing [TITLE] this weekend,#PlayStation,https://cdn.playstation.com/thumb/3420378cd2e0.jpg,2026-01-30 11:00:00-08:00
2076,2026-01-30,12,104,2,BLOG_POST,[TITLE]: Everything you need to know,#PlayStation,https://cdn.playstation.com/thumb/426e1a112c18.jpg,2026-01-30 09:00:00-08:00
2077,2026-01-30,12,114,30,YT_LONG,[TITLE] - Deep Dive with the Dev Team,#PlayStation,https://cdn.playstation.com/thumb/4ca72566f6f8.jpg,2026-01-30 13:00:00-08:00
2078,2026-01-30,12,107,,YT_TRAILER,[TITLE] - Official Launch Trailer | PS5,#PlayStation,https://cdn.playstation.com/thumb/9095ef466983.jpg,2026-01-30 11:00:00-08:00
2079,2026-01-30,12,107,,TT_VIDEO,when the [TITLE] cutscene hits different,#PlayStation #fyp #gaming,https://cdn.playstation.com/thumb/f9ab1050584e.jpg,2026-01-30 20:00:00-08:00
2080,2026-01-30,12,105,1,YT_TRAILER,[TITLE] - Official Launch Trailer | PS5,#PlayStation,https://cdn.playstation.com/thumb/9095ef466983.jpg,2026-01-30 11:00:00-08:00
2081,2026-01-30,12,104,2,TT_TRENDING,gamers tell us their favorite PS5 moment,#PS5 #fyp #gamertok,https://cdn.playstation.com/thumb/27471ca76328.jpg,2026-01-30 16:00:00-08:00
2082,2026-01-30,12,108,,BLOG_POST,[TITLE]: Everything you need to know,#PlayStation,https://cdn.playstation.com/thumb/426e1a112c18.jpg,2026-01-30 09:00:00-08:00
2083,2026-01-30,18,109,8,BLOG_POST,[TITLE]: Everything you need to know,#PlayStation,https://cdn.playstation.com/thumb/426e1a112c18.jpg,2026-01-30 09:00:00-08:00
2084,2026-01-30,18,107,,IG_REEL,POV: you finally got [TITLE] 🎮,#PlayStation #PS5 #Gaming,https://cdn.playstation.com/thumb/c4bf5fa91a35.jpg,2026-01-30 11:00:00-08:00
2085,2026-01-30,18,109,8,IG_REEL,POV: you finally got [TITLE] 🎮,#PlayStation #PS5 #Gaming,https://cdn.playstation.com/thumb/c4bf5fa91a35.jpg,2026-01-30 11:00:00-08:00
2086,2026-01-30,18,114,30,TT_TRENDING,gamers tell us their favorite PS5 moment,#PS5 #fyp #gamertok,https://cdn.playstation.com/thumb/27471ca76328.jpg,2026-01-30 16:00:00-08:00
2087,2026-01-30,18,104,2,YT_LONG,[TITLE] - Deep Dive with the Dev Team,#PlayStation,https://cdn.playstation.com/thumb/4ca72566f6f8.jpg,2026-01-30 13:00:00-08:00
2088,2026-01-30,18,107,,YT_LONG,[TITLE] - Deep Dive with the Dev Team,#PlayStation,https://cdn.playstation.com/thumb/4ca72566f6f8.jpg,2026-01-30 13:00:00-08:00
2089,2026-01-30,18,113,19,IG_STORY,Out now on PS5 🔥,#PlayStation,https://cdn.playstation.com/thumb/808bd47bf49a.jpg,2026-01-30 09:00:00-08:00
2090,2026-01-30,19,105,1,TT_VIDEO,when the [TITLE] cutscene hits different,#PlayStation #fyp #gaming,https://cdn.playstation.com/thumb/f9ab1050584e.jpg,2026-01-30 20:00:00-08:00
2091,2026-01-30,19,109,8,IG_POST,Drop a 🎮 if you're playing [TITLE] this weekend,#PlayStation,https://cdn.playstation.com/thumb/3420378cd2e0.jpg,2026-01-30 11:00:00-08:00
2092,2026-01-30,19,104,2,BLOG_DEV_DIARY,Dev diary #7 - crafting [TITLE],#PlayStation,https://cdn.playstation.com/thumb/8628a999f6ca.jpg,2026-01-30 11:00:00-08:00
2093,2026-01-30,19,110,,YT_SHORT,Behind the scenes: making [TITLE] #PlayStation #Shorts,#PlayStation #Shorts #Gaming,https://cdn.playstation.com/thumb/c67e2e798ba2.jpg,2026-01-30 10:00:00-08:00
2094,2026-01-30,19,104,2,YT_TRAILER,[TITLE] - Official Launch Trailer | PS5,#PlayStation,https://cdn.playstation.com/thumb/9095ef466983.jpg,2026-01-30 11:00:00-08:00
2095,2026-01-30,19,113,19,BLOG_DEV_DIARY,Dev diary #7 - crafting [TITLE],#PlayStation,https://cdn.playstation.com/thumb/8628a999f6ca.jpg,2026-01-30 11:00:00-08:00
2096,2026-01-30,19,110,,IG_REEL,POV: you finally got [TITLE] 🎮,#PlayStation #PS5 #Gaming,https://cdn.playstation.com/thumb/c4bf5fa91a35.jpg,2026-01-30 11:00:00-08:00
2097,2026-01-30,20,108,,TT_VIDEO,when the [TITLE] cutscene hits different,#PlayStation #fyp #gaming,https://cdn.playstation.com/thumb/f9ab1050584e.jpg,2026-01-30 20:00:00-08:00
2098,2026-01-30,20,104,2,TT_TRENDING,gamers tell us their favorite PS5 moment,#PS5 #fyp #gamertok,https://cdn.playstation.com/thumb/27471ca76328.jpg,2026-01-30 16:00:00-08:00
2099,2026-01-30,20,106,10,IG_REEL,POV: you finally got [TITLE] 🎮,#PlayStation #PS5 #Gaming,https://cdn.playstation.com/thumb/c4bf5fa91a35.jpg,2026-01-30 11:00:00-08:00
2100,2026-01-31,12,114,30,TT_VIDEO,when the [TITLE] cutscene hits different,#PlayStation #fyp #gaming,https://cdn.playstation.com/thumb/db8aaa24087a.jpg,2026-01-31 10:00:00-08:00
2101,2026-01-31,12,107,,YT_TRAILER,[TITLE] - Official Launch Trailer | PS5,#PlayStation,https://cdn.playstation.com/thumb/8d89ee8fcc71.jpg,2026-01-31 10:00:00-08:00
2102,2026-01-31,12,104,2,YT_TRAILER,[TITLE] - Official Launch Trailer | PS5,#PlayStation,https://cdn.playstation.com/thumb/8d89ee8fcc71.jpg,2026-01-31 10:00:00-08:00
2103,2026-01-31,12,105,1,TT_TRENDING,gamers tell us their favorite PS5 moment,#PS5 #fyp #gamertok,https://cdn.playstation.com/thumb/113a4b7fbbd8.jpg,2026-01-31 15:00:00-08:00
2104,2026-01-31,12,114,30,YT_TRAILER,[TITLE] - Official Launch Trailer | PS5,#PlayStation,https://cdn.playstation.com/thumb/8d89ee8fcc71.jpg,2026-01-31 10:00:00-08:00
2105,2026-01-31,12,107,,TT_VIDEO,when the [TITLE] cutscene hits different,#PlayStation #fyp #gaming,https://cdn.playstation.com/thumb/db8aaa24087a.jpg,2026-01-31 10:00:00-08:00
2106,2026-01-31,12,107,,BLOG_POST,[TITLE]: Everything you need to know,#PlayStation,https://cdn.playstation.com/thumb/e76ec38e1d90.jpg,2026-01-31 13:00:00-08:00
2107,2026-01-31,12,109,8,BLOG_POST,[TITLE]: Everything you need to know,#PlayStation,https://cdn.playstation.com/thumb/e76ec38e1d90.jpg,2026-01-31 13:00:00-08:00
2108,2026-01-31,12,109,8,TT_TRENDING,gamers tell us their favorite PS5 moment,#PS5 #fyp #gamertok,https://cdn.playstation.com/thumb/113a4b7fbbd8.jpg,2026-01-31 15:00:00-08:00
2109,2026-01-31,12,114,30,YT_SHORT,Behind the scenes: making [TITLE] #PlayStation #Shorts,#PlayStation #Shorts #Gaming,https://cdn.playstation.com/thumb/c8ce91b80346.jpg,2026-01-31 19:00:00-08:00
2110,2026-01-31,12,104,2,IG_REEL,POV: you finally got [TITLE] 🎮,#PlayStation #PS5 #Gaming,https://cdn.playstation.com/thumb/13174db95e27.jpg,2026-01-31 17:00:00-08:00
2111,2026-01-31,12,107,,IG_STORY,Out now on PS5 🔥,#PlayStation,https://cdn.playstation.com/thumb/867a505a2c72.jpg,2026-01-31 16:00:00-08:00
2112,2026-01-31,18,106,10,TT_TRENDING,gamers tell us their favorite PS5 moment,#PS5 #fyp #gamertok,https://cdn.playstation.com/thumb/113a4b7fbbd8.jpg,2026-01-31 15:00:00-08:00
2113,2026-01-31,18,107,,TT_VIDEO,when the [TITLE] cutscene hits different,#PlayStation #fyp #gaming,https://cdn.playstation.com/thumb/db8aaa24087a.jpg,2026-01-31 10:00:00-08:00
2114,2026-01-31,18,108,,YT_TRAILER,[TITLE] - Official Launch Trailer | PS5,#PlayStation,https://cdn.playstation.com/thumb/8d89ee8fcc71.jpg,2026-01-31 10:00:00-08:00
2115,2026-01-31,18,103,,IG_STORY,Out now on PS5 🔥,#PlayStation,https://cdn.playstation.com/thumb/867a505a2c72.jpg,2026-01-31 16:00:00-08:00
2116,2026-01-31,18,104,2,IG_POST,Drop a 🎮 if you're playing [TITLE] this weekend,#PlayStation,https://cdn.playstation.com/thumb/748324f21611.jpg,2026-01-31 19:00:00-08:00
2117,2026-01-31,18,114,30,IG_STORY,Out now on PS5 🔥,#PlayStation,https://cdn.playstation.com/thumb/867a505a2c72.jpg,2026-01-31 16:00:00-08:00
2118,2026-01-31,18,110,,YT_TRAILER,[TITLE] - Official Launch Trailer | PS5,#PlayStation,https://cdn.playstation.com/thumb/8d89ee8fcc71.jpg,2026-01-31 10:00:00-08:00
2119,2026-01-31,18,114,30,YT_TRAILER,[TITLE] - Official Launch Trailer | PS5,#PlayStation,https://cdn.playstation.com/thumb/8d89ee8fcc71.jpg,2026-01-31 10:00:00-08:00
2120,2026-01-31,18,106,10,YT_SHORT,Behind the scenes: making [TITLE] #PlayStation #Shorts,#PlayStation #Shorts #Gaming,https://cdn.playstation.com/thumb/c8ce91b80346.jpg,2026-01-31 19:00:00-08:00
2121,2026-01-31,19,105,1,IG_REEL,POV: you finally got [TITLE] 🎮,#PlayStation #PS5 #Gaming,https://cdn.playstation.com/thumb/13174db95e27.jpg,2026-01-31 17:00:00-08:00
2122,2026-01-31,19,109,8,TT_VIDEO,when the [TITLE] cutscene hits different,#PlayStation #fyp #gaming,https://cdn.playstation.com/thumb/db8aaa24087a.jpg,2026-01-31 10:00:00-08:00
2123,2026-01-31,19,104,2,IG_REEL,POV: you finally got [TITLE] 🎮,#PlayStation #PS5 #Gaming,https://cdn.playstation.com/thumb/13174db95e27.jpg,2026-01-31 17:00:00-08:00
2124,2026-01-31,19,110,,IG_STORY,Out now on PS5 🔥,#PlayStation,https://cdn.playstation.com/thumb/867a505a2c72.jpg,2026-01-31 16:00:00-08:00
2125,2026-01-31,19,113,19,YT_SHORT,Behind the scenes: making [TITLE] #PlayStation #Shorts,#PlayStation #Shorts #Gaming,https://cdn.playstation.com/thumb/c8ce91b80346.jpg,2026-01-31 19:00:00-08:00
2126,2026-01-31,19,114,30,YT_SHORT,Behind the scenes: making [TITLE] #PlayStation #Shorts,#PlayStation #Shorts #Gaming,https://cdn.playstation.com/thumb/c8ce91b80346.jpg,2026-01-31 19:00:00-08:00
2127,2026-01-31,19,103,,TT_VIDEO,when the [TITLE] cutscene hits different,#PlayStation #fyp #gaming,https://cdn.playstation.com/thumb/db8aaa24087a.jpg,2026-01-31 10:00:00-08:00
2128,2026-01-31,19,104,2,YT_SHORT,Behind the scenes: making [TITLE] #PlayStation #Shorts,#PlayStation #Shorts #Gaming,https://cdn.playstation.com/thumb/c8ce91b80346.jpg,2026-01-31 19:00:00-08:00
2129,2026-01-31,19,114,30,IG_POST,Drop a 🎮 if you're playing [TITLE] this weekend,#PlayStation,https://cdn.playstation.com/thumb/748324f21611.jpg,2026-01-31 19:00:00-08:00
2130,2026-01-31,19,107,,BLOG_POST,[TITLE]: Everything you need to know,#PlayStation,https://cdn.playstation.com/thumb/e76ec38e1d90.jpg,2026-01-31 13:00:00-08:00
2131,2026-01-31,20,113,19,YT_SHORT,Behind the scenes: making [TITLE] #PlayStation #Shorts,#PlayStation #Shorts #Gaming,https://cdn.playstation.com/thumb/c8ce91b80346.jpg,2026-01-31 19:00:00-08:00
2132,2026-01-31,20,114,30,YT_SHORT,Behind the scenes: making [TITLE] #PlayStation #Shorts,#PlayStation #Shorts #Gaming,https://cdn.playstation.com/thumb/c8ce91b80346.jpg,2026-01-31 19:00:00-08:00
2133,2026-01-31,20,106,10,YT_TRAILER,[TITLE] - Official Launch Trailer | PS5,#PlayStation,https://cdn.playstation.com/thumb/8d89ee8fcc71.jpg,2026-01-31 10:00:00-08:00
2134,2026-01-31,20,107,,TT_VIDEO,when the [TITLE] cutscene hits different,#PlayStation #fyp #gaming,https://cdn.playstation.com/thumb/db8aaa24087a.jpg,2026-01-31 10:00:00-08:00
2135,2026-01-31,20,108,,BLOG_POST,[TITLE]: Everything you need to know,#PlayStation,https://cdn.playstation.com/thumb/e76ec38e1d90.jpg,2026-01-31 13:00:00-08:00
2136,2026-02-01,12,114,30,YT_SHORT,Behind the scenes: making [TITLE] #PlayStation #Shorts,#PlayStation #Shorts #Gaming,https://cdn.playstation.com/thumb/38ddaee96224.jpg,2026-02-01 20:00:00-08:00
2137,2026-02-01,12,107,,IG_REEL,POV: you finally got [TITLE] 🎮,#PlayStation #PS5 #Gaming,https://cdn.playstation.com/thumb/47bd0ffb9d4a.jpg,2026-02-01 11:00:00-08:00
2138,2026-02-01,12,106,10,YT_LONG,[TITLE] - Deep Dive with the Dev Team,#PlayStation,https://cdn.playstation.com/thumb/e9ad155ade3d.jpg,2026-02-01 11:00:00-08:00
2139,2026-02-01,12,104,2,IG_REEL,POV: you finally got [TITLE] 🎮,#PlayStation #PS5 #Gaming,https://cdn.playstation.com/thumb/47bd0ffb9d4a.jpg,2026-02-01 11:00:00-08:00
2140,2026-02-01,12,111,,TT_TRENDING,gamers tell us their favorite PS5 moment,#PS5 #fyp #gamertok,https://cdn.playstation.com/thumb/2a2b2b2237ab.jpg,2026-02-01 11:00:00-08:00
2141,2026-02-01,12,114,30,IG_REEL,POV: you finally got [TITLE] 🎮,#PlayStation #PS5 #Gaming,https://cdn.playstation.com/thumb/47bd0ffb9d4a.jpg,2026-02-01 11:00:00-08:00
2142,2026-02-01,12,109,8,BLOG_POST,[TITLE]: Everything you need to know,#PlayStation,https://cdn.playstation.com/thumb/92cc145302ae.jpg,2026-02-01 18:00:00-08:00
2143,2026-02-01,12,109,8,BLOG_DEV_DIARY,Dev diary #7 - crafting [TITLE],#PlayStation,https://cdn.playstation.com/thumb/20bc4596bb11.jpg,2026-02-01 18:00:00-08:00
2144,2026-02-01,12,113,19,BLOG_DEV_DIARY,Dev diary #7 - crafting [TITLE],#PlayStation,https://cdn.playstation.com/thumb/20bc4596bb11.jpg,2026-02-01 18:00:00-08:00
2145,2026-02-01,18,107,,TT_TRENDING,gamers tell us their favorite PS5 moment,#PS5 #fyp #gamertok,https://cdn.playstation.com/thumb/2a2b2b2237ab.jpg,2026-02-01 11:00:00-08:00
2146,2026-02-01,18,109,8,TT_VIDEO,when the [TITLE] cutscene hits different,#PlayStation #fyp #gaming,https://cdn.playstation.com/thumb/bf8796dd958d.jpg,2026-02-01 19:00:00-08:00
2147,2026-02-01,18,106,10,IG_REEL,POV: you finally got [TITLE] 🎮,#PlayStation #PS5 #Gaming,https://cdn.playstation.com/thumb/47bd0ffb9d4a.jpg,2026-02-01 11:00:00-08:00
2148,2026-02-01,18,106,10,YT_TRAILER,[TITLE] - Official Launch Trailer | PS5,#PlayStation,https://cdn.playstation.com/thumb/02b98248eeae.jpg,2026-02-01 12:00:00-08:00
2149,2026-02-01,18,114,30,IG_STORY,Out now on PS5 🔥,#PlayStation,https://cdn.playstation.com/thumb/0bf2f9dea6ea.jpg,2026-02-01 12:00:00-08:00
2150,2026-02-01,18,110,,TT_VIDEO,when the [TITLE] cutscene hits different,#PlayStation #fyp #gaming,https://cdn.playstation.com/thumb/bf8796dd958d.jpg,2026-02-01 19:00:00-08:00
2151,2026-02-01,19,108,,IG_STORY,Out now on PS5 🔥,#PlayStation,https://cdn.playstation.com/thumb/0bf2f9dea6ea.jpg,2026-02-01 12:00:00-08:00
2152,2026-02-01,19,114,30,IG_REEL,POV: you finally got [TITLE] 🎮,#PlayStation #PS5 #Gaming,https://cdn.playstation.com/thumb/47bd0ffb9d4a.jpg,2026-02-01 11:00:00-08:00
2153,2026-02-01,19,109,8,TT_TRENDING,gamers tell us their favorite PS5 moment,#PS5 #fyp #gamertok,https://cdn.playstation.com/thumb/2a2b2b2237ab.jpg,2026-02-01 11:00:00-08:00
2154,2026-02-01,19,107,,YT_TRAILER,[TITLE] - Official Launch Trailer | PS5,#PlayStation,https://cdn.playstation.com/thumb/02b98248eeae.jpg,2026-02-01 12:00:00-08:00
2155,2026-02-01,19,111,,BLOG_DEV_DIARY,Dev diary #7 - crafting [TITLE],#PlayStation,https://cdn.playstation.com/thumb/20bc4596bb11.jpg,2026-02-01 18:00:00-08:00
2156,2026-02-01,19,114,30,BLOG_POST,[TITLE]: Everything you need to know,#PlayStation,https://cdn.playstation.com/thumb/92cc145302ae.jpg,2026-02-01 18:00:00-08:00
2157,2026-02-01,19,114,30,YT_TRAILER,[TITLE] - Official Launch Trailer | PS5,#PlayStation,https://cdn.playstation.com/thumb/02b98248eeae.jpg,2026-02-01 12:00:00-08:00
2158,2026-02-01,20,111,,TT_TRENDING,gamers tell us their favorite PS5 moment,#PS5 #fyp #gamertok,https://cdn.playstation.com/thumb/2a2b2b2237ab.jpg,2026-02-01 11:00:00-08:00
2159,2026-02-01,20,111,,IG_STORY,Out now on PS5 🔥,#PlayStation,https://cdn.playstation.com/thumb/0bf2f9dea6ea.jpg,2026-02-01 12:00:00-08:00
2160,2026-02-01,20,107,,YT_TRAILER,[TITLE] - Official Launch Trailer | PS5,#PlayStation,https://cdn.playstation.com/thumb/02b98248eeae.jpg,2026-02-01 12:00:00-08:00
2161,2026-02-01,20,104,2,IG_POST,Drop a 🎮 if you're playing [TITLE] this weekend,#PlayStation,https://cdn.playstation.com/thumb/0e4b5ef61657.jpg,2026-02-01 09:00:00-08:00
2162,2026-02-02,12,113,19,TT_VIDEO,when the [TITLE] cutscene hits different,#PlayStation #fyp #gaming,https://cdn.playstation.com/thumb/2fa304f1f5e3.jpg,2026-02-02 14:00:00-08:00
2163,2026-02-02,12,107,,YT_SHORT,Behind the scenes: making [TITLE] #PlayStation #Shorts,#PlayStation #Shorts #Gaming,https://cdn.playstation.com/thumb/54cd09d84d80.jpg,2026-02-02 14:00:00-08:00
2164,2026-02-02,12,113,19,IG_POST,Drop a 🎮 if you're playing [TITLE] this weekend,#PlayStation,https://cdn.playstation.com/thumb/c22af8dd3222.jpg,2026-02-02 13:00:00-08:00
2165,2026-02-02,12,110,,IG_POST,Drop a 🎮 if you're playing [TITLE] this weekend,#PlayStation,https://cdn.playstation.com/thumb/c22af8dd3222.jpg,2026-02-02 13:00:00-08:00
2166,2026-02-02,12,113,19,YT_TRAILER,[TITLE] - Official Launch Trailer | PS5,#PlayStation,https://cdn.playstation.com/thumb/0c8b71a895f9.jpg,2026-02-02 14:00:00-08:00
2167,2026-02-02,18,104,2,BLOG_POST,[TITLE]: Everything you need to know,#PlayStation,https://cdn.playstation.com/thumb/0c12037d5316.jpg,2026-02-02 09:00:00-08:00
2168,2026-02-02,18,113,19,YT_TRAILER,[TITLE] - Official Launch Trailer | PS5,#PlayStation,https://cdn.playstation.com/thumb/0c8b71a895f9.jpg,2026-02-02 14:00:00-08:00
2169,2026-02-02,18,109,8,IG_POST,Drop a 🎮 if you're playing [TITLE] this weekend,#PlayStation,https://cdn.playstation.com/thumb/c22af8dd3222.jpg,2026-02-02 13:00:00-08:00
2170,2026-02-02,18,113,19,YT_SHORT,Behind the scenes: making [TITLE] #PlayStation #Shorts,#PlayStation #Shorts #Gaming,https://cdn.playstation.com/thumb/54cd09d84d80.jpg,2026-02-02 14:00:00-08:00
2171,2026-02-02,18,106,10,TT_TRENDING,gamers tell us their favorite PS5 moment,#PS5 #fyp #gamertok,https://cdn.playstation.com/thumb/c94087c73810.jpg,2026-02-02 14:00:00-08:00
2172,2026-02-02,18,108,,IG_POST,Drop a 🎮 if you're playing [TITLE] this weekend,#PlayStation,https://cdn.playstation.com/thumb/c22af8dd3222.jpg,2026-02-02 13:00:00-08:00
2173,2026-02-02,18,111,,BLOG_DEV_DIARY,Dev diary #7 - crafting [TITLE],#PlayStation,https://cdn.playstation.com/thumb/df98f4c9e190.jpg,2026-02-02 11:00:00-08:00
2174,2026-02-02,19,111,,IG_REEL,POV: you finally got [TITLE] 🎮,#PlayStation #PS5 #Gaming,https://cdn.playstation.com/thumb/11b05274634c.jpg,2026-02-02 10:00:00-08:00
2175,2026-02-02,19,104,2,TT_TRENDING,gamers tell us their favorite PS5 moment,#PS5 #fyp #gamertok,https://cdn.playstation.com/thumb/c94087c73810.jpg,2026-02-02 14:00:00-08:00
2176,2026-02-02,19,104,2,YT_SHORT,Behind the scenes: making [TITLE] #PlayStation #Shorts,#PlayStation #Shorts #Gaming,https://cdn.playstation.com/thumb/54cd09d84d80.jpg,2026-02-02 14:00:00-08:00
2177,2026-02-02,19,108,,IG_REEL,POV: you finally got [TITLE] 🎮,#PlayStation #PS5 #Gaming,https://cdn.playstation.com/thumb/11b05274634c.jpg,2026-02-02 10:00:00-08:00
2178,2026-02-02,19,109,8,YT_LONG,[TITLE] - Deep Dive with the Dev Team,#PlayStation,https://cdn.playstation.com/thumb/a45756dc74b1.jpg,2026-02-02 11:00:00-08:00
2179,2026-02-02,20,109,8,IG_STORY,Out now on PS5 🔥,#PlayStation,https://cdn.playstation.com/thumb/7d07e5e4cdee.jpg,2026-02-02 19:00:00-08:00
2180,2026-02-02,20,106,10,TT_VIDEO,when the [TITLE] cutscene hits different,#PlayStation #fyp #gaming,https://cdn.playstation.com/thumb/2fa304f1f5e3.jpg,2026-02-02 14:00:00-08:00
2181,2026-02-02,20,107,,IG_POST,Drop a 🎮 if you're playing [TITLE] this weekend,#PlayStation,https://cdn.playstation.com/thumb/c22af8dd3222.jpg,2026-02-02 13:00:00-08:00
2182,2026-02-02,20,106,10,YT_TRAILER,[TITLE] - Official Launch Trailer | PS5,#PlayStation,https://cdn.playstation.com/thumb/0c8b71a895f9.jpg,2026-02-02 14:00:00-08:00
2183,2026-02-02,20,106,10,TT_TRENDING,gamers tell us their favorite PS5 moment,#PS5 #fyp #gamertok,https://cdn.playstation.com/thumb/c94087c73810.jpg,2026-02-02 14:00:00-08:00
2184,2026-02-02,20,104,2,IG_STORY,Out now on PS5 🔥,#PlayStation,https://cdn.playstation.com/thumb/7d07e5e4cdee.jpg,2026-02-02 19:00:00-08:00
2185,2026-02-02,20,104,2,YT_SHORT,Behind the scenes: making [TITLE] #PlayStation #Shorts,#PlayStation #Shorts #Gaming,https://cdn.playstation.com/thumb/54cd09d84d80.jpg,2026-02-02 14:00:00-08:00
2186,2026-02-02,20,113,19,YT_LONG,[TITLE] - Deep Dive with the Dev Team,#PlayStation,https://cdn.playstation.com/thumb/a45756dc74b1.jpg,2026-02-02 11:00:00-08:00
2187,2026-02-02,20,111,,TT_VIDEO,when the [TITLE] cutscene hits different,#PlayStation #fyp #gaming,https://cdn.playstation.com/thumb/2fa304f1f5e3.jpg,2026-02-02 14:00:00-08:00
2188,2026-02-02,20,104,2,IG_POST,Drop a 🎮 if you're playing [TITLE] this weekend,#PlayStation,https://cdn.playstation.com/thumb/c22af8dd3222.jpg,2026-02-02 13:00:00-08:00
2189,2026-02-02,20,113,19,IG_POST,Drop a 🎮 if you're playing [TITLE] this weekend,#PlayStation,https://cdn.playstation.com/thumb/c22af8dd3222.jpg,2026-02-02 13:00:00-08:00
2190,2026-02-03,12,104,2,YT_SHORT,Behind the scenes: making [TITLE] #PlayStation #Shorts,#PlayStation #Shorts #Gaming,https://cdn.playstation.com/thumb/f95c424063a8.jpg,2026-02-03 13:00:00-08:00
2191,2026-02-03,12,114,30,IG_POST,Drop a 🎮 if you're playing [TITLE] this weekend,#PlayStation,https://cdn.playstation.com/thumb/b7eafac0c5c6.jpg,2026-02-03 17:00:00-08:00
2192,2026-02-03,12,110,,YT_TRAILER,[TITLE] - Official Launch Trailer | PS5,#PlayStation,https://cdn.playstation.com/thumb/e1e2b4dd72c4.jpg,2026-02-03 12:00:00-08:00
2193,2026-02-03,12,113,19,IG_STORY,Out now on PS5 🔥,#PlayStation,https://cdn.playstation.com/thumb/1e9d13e07312.jpg,2026-02-03 09:00:00-08:00
2194,2026-02-03,12,110,,TT_TRENDING,gamers tell us their favorite PS5 moment,#PS5 #fyp #gamertok,https://cdn.playstation.com/thumb/1ef5af7cd66c.jpg,2026-02-03 10:00:00-08:00
2195,2026-02-03,12,109,8,YT_SHORT,Behind the scenes: making [TITLE] #PlayStation #Shorts,#PlayStation #Shorts #Gaming,https://cdn.playstation.com/thumb/f95c424063a8.jpg,2026-02-03 13:00:00-08:00
2196,2026-02-03,12,114,30,TT_VIDEO,when the [TITLE] cutscene hits different,#PlayStation #fyp #gaming,https://cdn.playstation.com/thumb/ae1090d9b173.jpg,2026-02-03 15:00:00-08:00
2197,2026-02-03,12,108,,IG_STORY,Out now on PS5 🔥,#PlayStation,https://cdn.playstation.com/thumb/1e9d13e07312.jpg,2026-02-03 09:00:00-08:00
2198,2026-02-03,12,108,,IG_REEL,POV: you finally got [TITLE] 🎮,#PlayStation #PS5 #Gaming,https://cdn.playstation.com/thumb/6e41f0f54084.jpg,2026-02-03 15:00:00-08:00
2199,2026-02-03,18,111,,BLOG_POST,[TITLE]: Everything you need to know,#PlayStation,https://cdn.playstation.com/thumb/7eac3c1a0f92.jpg,2026-02-03 12:00:00-08:00
2200,2026-02-03,18,104,2,TT_TRENDING,gamers tell us their favorite PS5 moment,#PS5 #fyp #gamertok,https://cdn.playstation.com/thumb/1ef5af7cd66c.jpg,2026-02-03 10:00:00-08:00
2201,2026-02-03,18,106,10,BLOG_DEV_DIARY,Dev diary #7 - crafting [TITLE],#PlayStation,https://cdn.playstation.com/thumb/a0847aecc57e.jpg,2026-02-03 13:00:00-08:00
2202,2026-02-03,18,108,,TT_VIDEO,when the [TITLE] cutscene hits different,#PlayStation #fyp #gaming,https://cdn.playstation.com/thumb/ae1090d9b173.jpg,2026-02-03 15:00:00-08:00
2203,2026-02-03,18,109,8,TT_VIDEO,when the [TITLE] cutscene hits different,#PlayStation #fyp #gaming,https://cdn.playstation.com/thumb/ae1090d9b173.jpg,2026-02-03 15:00:00-08:00
2204,2026-02-03,18,111,,IG_STORY,Out now on PS5 🔥,#PlayStation,https://cdn.playstation.com/thumb/1e9d13e07312.jpg,2026-02-03 09:00:00-08:00
2205,2026-02-03,18,108,,IG_STORY,Out now on PS5 🔥,#PlayStation,https://cdn.playstation.com/thumb/1e9d13e07312.jpg,2026-02-03 09:00:00-08:00
2206,2026-02-03,19,111,,YT_SHORT,Behind the scenes: making [TITLE] #PlayStation #Shorts,#PlayStation #Shorts #Gaming,https://cdn.playstation.com/thumb/f95c424063a8.jpg,2026-02-03 13:00:00-08:00
2207,2026-02-03,19,107,,IG_POST,Drop a 🎮 if you're playing [TITLE] this weekend,#PlayStation,https://cdn.playstation.com/thumb/b7eafac0c5c6.jpg,2026-02-03 17:00:00-08:00
2208,2026-02-03,19,107,,YT_SHORT,Behind the scenes: making [TITLE] #PlayStation #Shorts,#PlayStation #Shorts #Gaming,https://cdn.playstation.com/thumb/f95c424063a8.jpg,2026-02-03 13:00:00-08:00
2209,2026-02-03,19,111,,YT_LONG,[TITLE] - Deep Dive with the Dev Team,#PlayStation,https://cdn.playstation.com/thumb/9de186d1ab2b.jpg,2026-02-03 17:00:00-08:00
2210,2026-02-03,19,106,10,YT_TRAILER,[TITLE] - Official Launch Trailer | PS5,#PlayStation,https://cdn.playstation.com/thumb/e1e2b4dd72c4.jpg,2026-02-03 12:00:00-08:00
2211,2026-02-03,19,106,10,TT_TRENDING,gamers tell us their favorite PS5 moment,#PS5 #fyp #gamertok,https://cdn.playstation.com/thumb/1ef5af7cd66c.jpg,2026-02-03 10:00:00-08:00
2212,2026-02-03,19,108,,TT_TRENDING,gamers tell us their favorite PS5 moment,#PS5 #fyp #gamertok,https://cdn.playstation.com/thumb/1ef5af7cd66c.jpg,2026-02-03 10:00:00-08:00
2213,2026-02-03,19,104,2,YT_LONG,[TITLE] - Deep Dive with the Dev Team,#PlayStation,https://cdn.playstation.com/thumb/9de186d1ab2b.jpg,2026-02-03 17:00:00-08:00
2214,2026-02-03,19,110,,TT_TRENDING,gamers tell us their favorite PS5 moment,#PS5 #fyp #gamertok,https://cdn.playstation.com/thumb/1ef5af7cd66c.jpg,2026-02-03 10:00:00-08:00
2215,2026-02-03,19,107,,YT_LONG,[TITLE] - Deep Dive with the Dev Team,#PlayStation,https://cdn.playstation.com/thumb/9de186d1ab2b.jpg,2026-02-03 17:00:00-08:00
2216,2026-02-03,19,110,,IG_REEL,POV: you finally got [TITLE] 🎮,#PlayStation #PS5 #Gaming,https://cdn.playstation.com/thumb/6e41f0f54084.jpg,2026-02-03 15:00:00-08:00
2217,2026-02-03,20,109,8,IG_POST,Drop a 🎮 if you're playing [TITLE] this weekend,#PlayStation,https://cdn.playstation.com/thumb/b7eafac0c5c6.jpg,2026-02-03 17:00:00-08:00
2218,2026-02-03,20,111,,IG_REEL,POV: you finally got [TITLE] 🎮,#PlayStation #PS5 #Gaming,https://cdn.playstation.com/thumb/6e41f0f54084.jpg,2026-02-03 15:00:00-08:00
2219,2026-02-03,20,110,,TT_VIDEO,when the [TITLE] cutscene hits different,#PlayStation #fyp #gaming,https://cdn.playstation.com/thumb/ae1090d9b173.jpg,2026-02-03 15:00:00-08:00
2220,2026-02-03,20,109,8,TT_TRENDING,gamers tell us their favorite PS5 moment,#PS5 #fyp #gamertok,https://cdn.playstation.com/thumb/1ef5af7cd66c.jpg,2026-02-03 10:00:00-08:00
2221,2026-02-03,20,104,2,YT_LONG,[TITLE] - Deep Dive with the Dev Team,#PlayStation,https://cdn.playstation.com/thumb/9de186d1ab2b.jpg,2026-02-03 17:00:00-08:00
2222,2026-02-03,20,106,10,TT_TRENDING,gamers tell us their favorite PS5 moment,#PS5 #fyp #gamertok,https://cdn.playstation.com/thumb/1ef5af7cd66c.jpg,2026-02-03 10:00:00-08:00
2223,2026-02-03,20,111,,YT_LONG,[TITLE] - Deep Dive with the Dev Team,#PlayStation,https://cdn.playstation.com/thumb/9de186d1ab2b.jpg,2026-02-03 17:00:00-08:00
2224,2026-02-03,20,104,2,IG_STORY,Out now on PS5 🔥,#PlayStation,https://cdn.playstation.com/thumb/1e9d13e07312.jpg,2026-02-03 09:00:00-08:00
2225,2026-02-04,12,104,2,TT_VIDEO,when the [TITLE] cutscene hits different,#PlayStation #fyp #gaming,https://cdn.playstation.com/thumb/dc31eda04a3c.jpg,2026-02-04 14:00:00-08:00
2226,2026-02-04,12,110,,IG_POST,Drop a 🎮 if you're playing [TITLE] this weekend,#PlayStation,https://cdn.playstation.com/thumb/10712c222092.jpg,2026-02-04 10:00:00-08:00
2227,2026-02-04,12,113,19,IG_POST,Drop a 🎮 if you're playing [TITLE] this weekend,#PlayStation,https://cdn.playstation.com/thumb/10712c222092.jpg,2026-02-04 10:00:00-08:00
2228,2026-02-04,12,104,2,BLOG_DEV_DIARY,Dev diary #7 - crafting [TITLE],#PlayStation,https://cdn.playstation.com/thumb/f87b29e6beb5.jpg,2026-02-04 12:00:00-08:00
2229,2026-02-04,12,107,,YT_LONG,[TITLE] - Deep Dive with the Dev Team,#PlayStation,https://cdn.playstation.com/thumb/3e2cef98f963.jpg,2026-02-04 15:00:00-08:00
2230,2026-02-04,12,107,,IG_POST,Drop a 🎮 if you're playing [TITLE] this weekend,#PlayStation,https://cdn.playstation.com/thumb/10712c222092.jpg,2026-02-04 10:00:00-08:00
2231,2026-02-04,12,114,30,YT_TRAILER,[TITLE] - Official Launch Trailer | PS5,#PlayStation,https://cdn.playstation.com/thumb/26d0bd03b67b.jpg,2026-02-04 19:00:00-08:00
2232,2026-02-04,12,110,,YT_TRAILER,[TITLE] - Official Launch Trailer | PS5,#PlayStation,https://cdn.playstation.com/thumb/26d0bd03b67b.jpg,2026-02-04 19:00:00-08:00
2233,2026-02-04,18,111,,YT_TRAILER,[TITLE] - Official Launch Trailer | PS5,#PlayStation,https://cdn.playstation.com/thumb/26d0bd03b67b.jpg,2026-02-04 19:00:00-08:00
2234,2026-02-04,18,104,2,TT_VIDEO,when the [TITLE] cutscene hits different,#PlayStation #fyp #gaming,https://cdn.playstation.com/thumb/dc31eda04a3c.jpg,2026-02-04 14:00:00-08:00
2235,2026-02-04,18,106,10,TT_TRENDING,gamers tell us their favorite PS5 moment,#PS5 #fyp #gamertok,https://cdn.playstation.com/thumb/3a10b0d101e8.jpg,2026-02-04 12:00:00-08:00
2236,2026-02-04,18,109,8,YT_LONG,[TITLE] - Deep Dive with the Dev Team,#PlayStation,https://cdn.playstation.com/thumb/3e2cef98f963.jpg,2026-02-04 15:00:00-08:00
2237,2026-02-04,18,104,2,BLOG_POST,[TITLE]: Everything you need to know,#PlayStation,https://cdn.playstation.com/thumb/bbb8440d9bfc.jpg,2026-02-04 20:00:00-08:00
2238,2026-02-04,18,107,,YT_LONG,[TITLE] - Deep Dive with the Dev Team,#PlayStation,https://cdn.playstation.com/thumb/3e2cef98f963.jpg,2026-02-04 15:00:00-08:00
2239,2026-02-04,18,114,30,IG_STORY,Out now on PS5 🔥,#PlayStation,https://cdn.playstation.com/thumb/d1d4b64e9f28.jpg,2026-02-04 19:00:00-08:00
2240,2026-02-04,19,108,,YT_TRAILER,[TITLE] - Official Launch Trailer | PS5,#PlayStation,https://cdn.playstation.com/thumb/26d0bd03b67b.jpg,2026-02-04 19:00:00-08:00
2241,2026-02-04,19,108,,IG_POST,Drop a 🎮 if you're playing [TITLE] this weekend,#PlayStation,https://cdn.playstation.com/thumb/10712c222092.jpg,2026-02-04 10:00:00-08:00
2242,2026-02-04,19,111,,IG_POST,Drop a 🎮 if you're playing [TITLE] this weekend,#PlayStation,https://cdn.playstation.com/thumb/10712c222092.jpg,2026-02-04 10:00:00-08:00
2243,2026-02-04,19,104,2,TT_VIDEO,when the [TITLE] cutscene hits different,#PlayStation #fyp #gaming,https://cdn.playstation.com/thumb/dc31eda04a3c.jpg,2026-02-04 14:00:00-08:00
2244,2026-02-04,19,104,2,YT_TRAILER,[TITLE] - Official Launch Trailer | PS5,#PlayStation,https://cdn.playstation.com/thumb/26d0bd03b67b.jpg,2026-02-04 19:00:00-08:00
2245,2026-02-04,19,109,8,IG_STORY,Out now on PS5 🔥,#PlayStation,https://cdn.playstation.com/thumb/d1d4b64e9f28.jpg,2026-02-04 19:00:00-08:00
2246,2026-02-04,20,113,19,IG_POST,Drop a 🎮 if you're playing [TITLE] this weekend,#PlayStation,https://cdn.playstation.com/thumb/10712c222092.jpg,2026-02-04 10:00:00-08:00
2247,2026-02-04,20,110,,YT_LONG,[TITLE] - Deep Dive with the Dev Team,#PlayStation,https://cdn.playstation.com/thumb/3e2cef98f963.jpg,2026-02-04 15:00:00-08:00
2248,2026-02-04,20,111,,IG_REEL,POV: you finally got [TITLE] 🎮,#PlayStation #PS5 #Gaming,https://cdn.playstation.com/thumb/8f30529e660c.jpg,2026-02-04 13:00:00-08:00
2249,2026-02-04,20,111,,IG_POST,Drop a 🎮 if you're playing [TITLE] this weekend,#PlayStation,https://cdn.playstation.com/thumb/10712c222092.jpg,2026-02-04 10:00:00-08:00
2250,2026-02-04,20,107,,IG_POST,Drop a 🎮 if you're playing [TITLE] this weekend,#PlayStation,https://cdn.playstation.com/thumb/10712c222092.jpg,2026-02-04 10:00:00-08:00
2251,2026-02-04,20,114,30,IG_REEL,POV: you finally got [TITLE] 🎮,#PlayStation #PS5 #Gaming,https://cdn.playstation.com/thumb/8f30529e660c.jpg,2026-02-04 13:00:00-08:00
2252,2026-02-05,12,107,,IG_POST,Drop a 🎮 if you're playing [TITLE] this weekend,#PlayStation,https://cdn.playstation.com/thumb/7520e30c9827.jpg,2026-02-05 18:00:00-08:00
2253,2026-02-05,12,106,10,BLOG_POST,[TITLE]: Everything you need to know,#PlayStation,https://cdn.playstation.com/thumb/b47131edfa17.jpg,2026-02-05 14:00:00-08:00
2254,2026-02-05,12,114,30,IG_STORY,Out now on PS5 🔥,#PlayStation,https://cdn.playstation.com/thumb/3613a0a0d650.jpg,2026-02-05 12:00:00-08:00
2255,2026-02-05,12,106,10,IG_STORY,Out now on PS5 🔥,#PlayStation,https://cdn.playstation.com/thumb/3613a0a0d650.jpg,2026-02-05 12:00:00-08:00
2256,2026-02-05,12,114,30,YT_SHORT,Behind the scenes: making [TITLE] #PlayStation #Shorts,#PlayStation #Shorts #Gaming,https://cdn.playstation.com/thumb/62b8509e6a65.jpg,2026-02-05 12:00:00-08:00
2257,2026-02-05,12,113,19,TT_VIDEO,when the [TITLE] cutscene hits different,#PlayStation #fyp #gaming,https://cdn.playstation.com/thumb/02dbbc11bc42.jpg,2026-02-05 14:00:00-08:00
2258,2026-02-05,18,114,30,IG_POST,Drop a 🎮 if you're playing [TITLE] this weekend,#PlayStation,https://cdn.playstation.com/thumb/7520e30c9827.jpg,2026-02-05 18:00:00-08:00
2259,2026-02-05,18,111,,YT_TRAILER,[TITLE] - Official Launch Trailer | PS5,#PlayStation,https://cdn.playstation.com/thumb/f74f634fe76c.jpg,2026-02-05 14:00:00-08:00
2260,2026-02-05,18,113,19,YT_LONG,[TITLE] - Deep Dive with the Dev Team,#PlayStation,https://cdn.playstation.com/thumb/33c4da2b9bc7.jpg,2026-02-05 13:00:00-08:00
2261,2026-02-05,18,107,,YT_SHORT,Behind the scenes: making [TITLE] #PlayStation #Shorts,#PlayStation #Shorts #Gaming,https://cdn.playstation.com/thumb/62b8509e6a65.jpg,2026-02-05 12:00:00-08:00
2262,2026-02-05,18,108,,BLOG_DEV_DIARY,Dev diary #7 - crafting [TITLE],#PlayStation,https://cdn.playstation.com/thumb/571658a93c47.jpg,2026-02-05 10:00:00-08:00
2263,2026-02-05,18,108,,BLOG_POST,[TITLE]: Everything you need to know,#PlayStation,https://cdn.playstation.com/thumb/b47131edfa17.jpg,2026-02-05 14:00:00-08:00
2264,2026-02-05,18,110,,TT_VIDEO,when the [TITLE] cutscene hits different,#PlayStation #fyp #gaming,https://cdn.playstation.com/thumb/02dbbc11bc42.jpg,2026-02-05 14:00:00-08:00
2265,2026-02-05,18,111,,IG_REEL,POV: you finally got [TITLE] 🎮,#PlayStation #PS5 #Gaming,https://cdn.playstation.com/thumb/12906b223c81.jpg,2026-02-05 18:00:00-08:00
2266,2026-02-05,18,108,,TT_VIDEO,when the [TITLE] cutscene hits different,#PlayStation #fyp #gaming,https://cdn.playstation.com/thumb/02dbbc11bc42.jpg,2026-02-05 14:00:00-08:00
2267,2026-02-05,18,104,2,IG_POST,Drop a 🎮 if you're playing [TITLE] this weekend,#PlayStation,https://cdn.playstation.com/thumb/7520e30c9827.jpg,2026-02-05 18:00:00-08:00
2268,2026-02-05,18,106,10,IG_POST,Drop a 🎮 if you're playing [TITLE] this weekend,#PlayStation,https://cdn.playstation.com/thumb/7520e30c9827.jpg,2026-02-05 18:00:00-08:00
2269,2026-02-05,18,113,19,TT_TRENDING,gamers tell us their favorite PS5 moment,#PS5 #fyp #gamertok,https://cdn.playstation.com/thumb/75fc3bc481a3.jpg,2026-02-05 18:00:00-08:00
2270,2026-02-05,19,110,,IG_REEL,POV: you finally got [TITLE] 🎮,#PlayStation #PS5 #Gaming,https://cdn.playstation.com/thumb/12906b223c81.jpg,2026-02-05 18:00:00-08:00
2271,2026-02-05,19,110,,TT_VIDEO,when the [TITLE] cutscene hits different,#PlayStation #fyp #gaming,https://cdn.playstation.com/thumb/02dbbc11bc42.jpg,2026-02-05 14:00:00-08:00
2272,2026-02-05,19,107,,IG_STORY,Out now on PS5 🔥,#PlayStation,https://cdn.playstation.com/thumb/3613a0a0d650.jpg,2026-02-05 12:00:00-08:00
2273,2026-02-05,19,104,2,TT_VIDEO,when the [TITLE] cutscene hits different,#PlayStation #fyp #gaming,https://cdn.playstation.com/thumb/02dbbc11bc42.jpg,2026-02-05 14:00:00-08:00
2274,2026-02-05,20,106,10,BLOG_DEV_DIARY,Dev diary #7 - crafting [TITLE],#PlayStation,https://cdn.playstation.com/thumb/571658a93c47.jpg,2026-02-05 10:00:00-08:00
2275,2026-02-05,20,108,,IG_REEL,POV: you finally got [TITLE] 🎮,#PlayStation #PS5 #Gaming,https://cdn.playstation.com/thumb/12906b223c81.jpg,2026-02-05 18:00:00-08:00
2276,2026-02-05,20,108,,YT_LONG,[TITLE] - Deep Dive with the Dev Team,#PlayStation,https://cdn.playstation.com/thumb/33c4da2b9bc7.jpg,2026-02-05 13:00:00-08:00
2277,2026-02-05,20,107,,IG_POST,Drop a 🎮 if you're playing [TITLE] this weekend,#PlayStation,https://cdn.playstation.com/thumb/7520e30c9827.jpg,2026-02-05 18:00:00-08:00
2278,2026-02-05,20,114,30,TT_TRENDING,gamers tell us their favorite PS5 moment,#PS5 #fyp #gamertok,https://cdn.playstation.com/thumb/75fc3bc481a3.jpg,2026-02-05 18:00:00-08:00
2279,2026-02-05,20,104,2,YT_TRAILER,[TITLE] - Official Launch Trailer | PS5,#PlayStation,https://cdn.playstation.com/thumb/f74f634fe76c.jpg,2026-02-05 14:00:00-08:00
2280,2026-02-05,20,113,19,IG_STORY,Out now on PS5 🔥,#PlayStation,https://cdn.playstation.com/thumb/3613a0a0d650.jpg,2026-02-05 12:00:00-08:00
2281,2026-02-05,20,111,,TT_VIDEO,when the [TITLE] cutscene hits different,#PlayStation #fyp #gaming,https://cdn.playstation.com/thumb/02dbbc11bc42.jpg,2026-02-05 14:00:00-08:00
2282,2026-02-06,12,107,,IG_REEL,POV: you finally got [TITLE] 🎮,#PlayStation #PS5 #Gaming,https://cdn.playstation.com/thumb/43db78e0c30f.jpg,2026-02-06 13:00:00-08:00
2283,2026-02-06,12,108,,TT_TRENDING,gamers tell us their favorite PS5 moment,#PS5 #fyp #gamertok,https://cdn.playstation.com/thumb/b85670f1b3a2.jpg,2026-02-06 19:00:00-08:00
2284,2026-02-06,12,106,10,TT_TRENDING,gamers tell us their favorite PS5 moment,#PS5 #fyp #gamertok,https://cdn.playstation.com/thumb/b85670f1b3a2.jpg,2026-02-06 19:00:00-08:00
2285,2026-02-06,12,108,,YT_LONG,[TITLE] - Deep Dive with the Dev Team,#PlayStation,https://cdn.playstation.com/thumb/4e064973e3ac.jpg,2026-02-06 13:00:00-08:00
2286,2026-02-06,12,106,10,BLOG_DEV_DIARY,Dev diary #7 - crafting [TITLE],#PlayStation,https://cdn.playstation.com/thumb/a79f18f12eab.jpg,2026-02-06 19:00:00-08:00
2287,2026-02-06,12,111,,YT_TRAILER,[TITLE] - Official Launch Trailer | PS5,#PlayStation,https://cdn.playstation.com/thumb/db00583ff3d0.jpg,2026-02-06 18:00:00-08:00
2288,2026-02-06,18,108,,BLOG_DEV_DIARY,Dev diary #7 - crafting [TITLE],#PlayStation,https://cdn.playstation.com/thumb/a79f18f12eab.jpg,2026-02-06 19:00:00-08:00
2289,2026-02-06,18,107,,TT_TRENDING,gamers tell us their favorite PS5 moment,#PS5 #fyp #gamertok,https://cdn.playstation.com/thumb/b85670f1b3a2.jpg,2026-02-06 19:00:00-08:00
2290,2026-02-06,18,114,30,IG_STORY,Out now on PS5 🔥,#PlayStation,https://cdn.playstation.com/thumb/2a21f13ae7ba.jpg,2026-02-06 19:00:00-08:00
2291,2026-02-06,18,109,8,YT_TRAILER,[TITLE] - Official Launch Trailer | PS5,#PlayStation,https://cdn.playstation.com/thumb/db00583ff3d0.jpg,2026-02-06 18:00:00-08:00
2292,2026-02-06,18,111,,YT_TRAILER,[TITLE] - Official Launch Trailer | PS5,#PlayStation,https://cdn.playstation.com/thumb/db00583ff3d0.jpg,2026-02-06 18:00:00-08:00
2293,2026-02-06,18,110,,BLOG_DEV_DIARY,Dev diary #7 - crafting [TITLE],#PlayStation,https://cdn.playstation.com/thumb/a79f18f12eab.jpg,2026-02-06 19:00:00-08:00
2294,2026-02-06,18,114,30,YT_SHORT,Behind the scenes: making [TITLE] #PlayStation #Shorts,#PlayStation #Shorts #Gaming,https://cdn.playstation.com/thumb/df13d515b219.jpg,2026-02-06 09:00:00-08:00
2295,2026-02-06,18,107,,IG_REEL,POV: you finally got [TITLE] 🎮,#PlayStation #PS5 #Gaming,https://cdn.playstation.com/thumb/43db78e0c30f.jpg,2026-02-06 13:00:00-08:00
2296,2026-02-06,18,114,30,TT_TRENDING,gamers tell us their favorite PS5 moment,#PS5 #fyp #gamertok,https://cdn.playstation.com/thumb/b85670f1b3a2.jpg,2026-02-06 19:00:00-08:00
2297,2026-02-06,19,108,,YT_SHORT,Behind the scenes: making [TITLE] #PlayStation #Shorts,#PlayStation #Shorts #Gaming,https://cdn.playstation.com/thumb/df13d515b219.jpg,2026-02-06 09:00:00-08:00
2298,2026-02-06,19,108,,BLOG_DEV_DIARY,Dev diary #7 - crafting [TITLE],#PlayStation,https://cdn.playstation.com/thumb/a79f18f12eab.jpg,2026-02-06 19:00:00-08:00
2299,2026-02-06,19,114,30,BLOG_DEV_DIARY,Dev diary #7 - crafting [TITLE],#PlayStation,https://cdn.playstation.com/thumb/a79f18f12eab.jpg,2026-02-06 19:00:00-08:00
2300,2026-02-06,19,110,,IG_REEL,POV: you finally got [TITLE] 🎮,#PlayStation #PS5 #Gaming,https://cdn.playstation.com/thumb/43db78e0c30f.jpg,2026-02-06 13:00:00-08:00
2301,2026-02-06,19,107,,BLOG_POST,[TITLE]: Everything you need to know,#PlayStation,https://cdn.playstation.com/thumb/10b8ef75e6d6.jpg,2026-02-06 18:00:00-08:00
2302,2026-02-06,19,106,10,TT_VIDEO,when the [TITLE] cutscene hits different,#PlayStation #fyp #gaming,https://cdn.playstation.com/thumb/1c287d7a7b05.jpg,2026-02-06 09:00:00-08:00
2303,2026-02-06,20,109,8,IG_POST,Drop a 🎮 if you're playing [TITLE] this weekend,#PlayStation,https://cdn.playstation.com/thumb/7a7f2c33d11b.jpg,2026-02-06 11:00:00-08:00
2304,2026-02-06,20,104,2,BLOG_DEV_DIARY,Dev diary #7 - crafting [TITLE],#PlayStation,https://cdn.playstation.com/thumb/a79f18f12eab.jpg,2026-02-06 19:00:00-08:00
2305,2026-02-06,20,109,8,IG_STORY,Out now on PS5 🔥,#PlayStation,https://cdn.playstation.com/thumb/2a21f13ae7ba.jpg,2026-02-06 19:00:00-08:00
2306,2026-02-06,20,114,30,BLOG_POST,[TITLE]: Everything you need to know,#PlayStation,https://cdn.playstation.com/thumb/10b8ef75e6d6.jpg,2026-02-06 18:00:00-08:00
2307,2026-02-06,20,108,,IG_STORY,Out now on PS5 🔥,#PlayStation,https://cdn.playstation.com/thumb/2a21f13ae7ba.jpg,2026-02-06 19:00:00-08:00
2308,2026-02-06,20,107,,IG_REEL,POV: you finally got [TITLE] 🎮,#PlayStation #PS5 #Gaming,https://cdn.playstation.com/thumb/43db78e0c30f.jpg,2026-02-06 13:00:00-08:00
2309,2026-02-06,20,107,,TT_VIDEO,when the [TITLE] cutscene hits different,#PlayStation #fyp #gaming,https://cdn.playstation.com/thumb/1c287d7a7b05.jpg,2026-02-06 09:00:00-08:00
2310,2026-02-06,20,113,19,YT_LONG,[TITLE] - Deep Dive with the Dev Team,#PlayStation,https://cdn.playstation.com/thumb/4e064973e3ac.jpg,2026-02-06 13:00:00-08:00
2311,2026-02-06,20,107,,YT_SHORT,Behind the scenes: making [TITLE] #PlayStation #Shorts,#PlayStation #Shorts #Gaming,https://cdn.playstation.com/thumb/df13d515b219.jpg,2026-02-06 09:00:00-08:00
2312,2026-02-07,12,108,,IG_POST,Drop a 🎮 if you're playing [TITLE] this weekend,#PlayStation,https://cdn.playstation.com/thumb/810c3401e6ad.jpg,2026-02-07 17:00:00-08:00
2313,2026-02-07,12,109,8,YT_TRAILER,[TITLE] - Official Launch Trailer | PS5,#PlayStation,https://cdn.playstation.com/thumb/d9a7ecca8bca.jpg,2026-02-07 17:00:00-08:00
2314,2026-02-07,12,106,10,IG_REEL,POV: you finally got [TITLE] 🎮,#PlayStation #PS5 #Gaming,https://cdn.playstation.com/thumb/24945023e961.jpg,2026-02-07 18:00:00-08:00
2315,2026-02-07,12,108,,TT_TRENDING,gamers tell us their favorite PS5 moment,#PS5 #fyp #gamertok,https://cdn.playstation.com/thumb/4965ab59879b.jpg,2026-02-07 13:00:00-08:00
2316,2026-02-07,12,104,2,IG_REEL,POV: you finally got [TITLE] 🎮,#PlayStation #PS5 #Gaming,https://cdn.playstation.com/thumb/24945023e961.jpg,2026-02-07 18:00:00-08:00
2317,2026-02-07,12,110,,IG_STORY,Out now on PS5 🔥,#PlayStation,https://cdn.playstation.com/thumb/f9c06f86688f.jpg,2026-02-07 20:00:00-08:00
2318,2026-02-07,12,114,30,IG_REEL,POV: you finally got [TITLE] 🎮,#PlayStation #PS5 #Gaming,https://cdn.playstation.com/thumb/24945023e961.jpg,2026-02-07 18:00:00-08:00
2319,2026-02-07,18,113,19,YT_TRAILER,[TITLE] - Official Launch Trailer | PS5,#PlayStation,https://cdn.playstation.com/thumb/d9a7ecca8bca.jpg,2026-02-07 17:00:00-08:00
2320,2026-02-07,18,106,10,BLOG_POST,[TITLE]: Everything you need to know,#PlayStation,https://cdn.playstation.com/thumb/8ff36f0a46a2.jpg,2026-02-07 16:00:00-08:00
2321,2026-02-07,18,104,2,YT_SHORT,Behind the scenes: making [TITLE] #PlayStation #Shorts,#PlayStation #Shorts #Gaming,https://cdn.playstation.com/thumb/a4e2234cc13c.jpg,2026-02-07 13:00:00-08:00
2322,2026-02-07,18,107,,YT_SHORT,Behind the scenes: making [TITLE] #PlayStation #Shorts,#PlayStation #Shorts #Gaming,https://cdn.playstation.com/thumb/a4e2234cc13c.jpg,2026-02-07 13:00:00-08:00
2323,2026-02-07,18,107,,TT_TRENDING,gamers tell us their favorite PS5 moment,#PS5 #fyp #gamertok,https://cdn.playstation.com/thumb/4965ab59879b.jpg,2026-02-07 13:00:00-08:00
2324,2026-02-07,18,109,8,YT_SHORT,Behind the scenes: making [TITLE] #PlayStation #Shorts,#PlayStation #Shorts #Gaming,https://cdn.playstation.com/thumb/a4e2234cc13c.jpg,2026-02-07 13:00:00-08:00
2325,2026-02-07,18,108,,YT_LONG,[TITLE] - Deep Dive with the Dev Team,#PlayStation,https://cdn.playstation.com/thumb/f10cd2f9d3b5.jpg,2026-02-07 13:00:00-08:00
2326,2026-02-07,18,109,8,TT_TRENDING,gamers tell us their favorite PS5 moment,#PS5 #fyp #gamertok,https://cdn.playstation.com/thumb/4965ab59879b.jpg,2026-02-07 13:00:00-08:00
2327,2026-02-07,18,111,,TT_TRENDING,gamers tell us their favorite PS5 moment,#PS5 #fyp #gamertok,https://cdn.playstation.com/thumb/4965ab59879b.jpg,2026-02-07 13:00:00-08:00
2328,2026-02-07,18,114,30,TT_TRENDING,gamers tell us their favorite PS5 moment,#PS5 #fyp #gamertok,https://cdn.playstation.com/thumb/4965ab59879b.jpg,2026-02-07 13:00:00-08:00
2329,2026-02-07,19,104,2,IG_STORY,Out now on PS5 🔥,#PlayStation,https://cdn.playstation.com/thumb/f9c06f86688f.jpg,2026-02-07 20:00:00-08:00
2330,2026-02-07,19,110,,TT_TRENDING,gamers tell us their favorite PS5 moment,#PS5 #fyp #gamertok,https://cdn.playstation.com/thumb/4965ab59879b.jpg,2026-02-07 13:00:00-08:00
2331,2026-02-07,19,107,,YT_LONG,[TITLE] - Deep Dive with the Dev Team,#PlayStation,https://cdn.playstation.com/thumb/f10cd2f9d3b5.jpg,2026-02-07 13:00:00-08:00
2332,2026-02-07,19,108,,TT_VIDEO,when the [TITLE] cutscene hits different,#PlayStation #fyp #gaming,https://cdn.playstation.com/thumb/fc98d8d10b8e.jpg,2026-02-07 17:00:00-08:00
2333,2026-02-07,19,106,10,IG_STORY,Out now on PS5 🔥,#PlayStation,https://cdn.playstation.com/thumb/f9c06f86688f.jpg,2026-02-07 20:00:00-08:00
2334,2026-02-07,19,109,8,BLOG_POST,[TITLE]: Everything you need to know,#PlayStation,https://cdn.playstation.com/thumb/8ff36f0a46a2.jpg,2026-02-07 16:00:00-08:00
2335,2026-02-07,19,109,8,IG_STORY,Out now on PS5 🔥,#PlayStation,https://cdn.playstation.com/thumb/f9c06f86688f.jpg,2026-02-07 20:00:00-08:00
2336,2026-02-07,20,106,10,BLOG_DEV_DIARY,Dev diary #7 - crafting [TITLE],#PlayStation,https://cdn.playstation.com/thumb/4d99f29cfabe.jpg,2026-02-07 10:00:00-08:00
2337,2026-02-07,20,113,19,YT_LONG,[TITLE] - Deep Dive with the Dev Team,#PlayStation,https://cdn.playstation.com/thumb/f10cd2f9d3b5.jpg,2026-02-07 13:00:00-08:00
2338,2026-02-07,20,108,,BLOG_DEV_DIARY,Dev diary #7 - crafting [TITLE],#PlayStation,https://cdn.playstation.com/thumb/4d99f29cfabe.jpg,2026-02-07 10:00:00-08:00
2339,2026-02-07,20,108,,TT_VIDEO,when the [TITLE] cutscene hits different,#PlayStation #fyp #gaming,https://cdn.playstation.com/thumb/fc98d8d10b8e.jpg,2026-02-07 17:00:00-08:00
2340,2026-02-07,20,108,,YT_LONG,[TITLE] - Deep Dive with the Dev Team,#PlayStation,https://cdn.playstation.com/thumb/f10cd2f9d3b5.jpg,2026-02-07 13:00:00-08:00
2341,2026-02-07,20,104,2,YT_SHORT,Behind the scenes: making [TITLE] #PlayStation #Shorts,#PlayStation #Shorts #Gaming,https://cdn.playstation.com/thumb/a4e2234cc13c.jpg,2026-02-07 13:00:00-08:00
2342,2026-02-07,20,108,,IG_STORY,Out now on PS5 🔥,#PlayStation,https://cdn.playstation.com/thumb/f9c06f86688f.jpg,2026-02-07 20:00:00-08:00
2343,2026-02-07,20,110,,YT_TRAILER,[TITLE] - Official Launch Trailer | PS5,#PlayStation,https://cdn.playstation.com/thumb/d9a7ecca8bca.jpg,2026-02-07 17:00:00-08:00
2344,2026-02-07,20,111,,BLOG_POST,[TITLE]: Everything you need to know,#PlayStation,https://cdn.playstation.com/thumb/8ff36f0a46a2.jpg,2026-02-07 16:00:00-08:00
2345,2026-02-08,12,110,,TT_TRENDING,gamers tell us their favorite PS5 moment,#PS5 #fyp #gamertok,https://cdn.playstation.com/thumb/c06a38c4c42f.jpg,2026-02-08 16:00:00-08:00
2346,2026-02-08,12,106,10,YT_SHORT,Behind the scenes: making [TITLE] #PlayStation #Shorts,#PlayStation #Shorts #Gaming,https://cdn.playstation.com/thumb/f6d94cdc547a.jpg,2026-02-08 12:00:00-08:00
2347,2026-02-08,12,107,,YT_LONG,[TITLE] - Deep Dive with the Dev Team,#PlayStation,https://cdn.playstation.com/thumb/93de18f95dba.jpg,2026-02-08 10:00:00-08:00
2348,2026-02-08,12,108,,BLOG_POST,[TITLE]: Everything you need to know,#PlayStation,https://cdn.playstation.com/thumb/09e53378ff95.jpg,2026-02-08 18:00:00-08:00
2349,2026-02-08,12,111,,YT_TRAILER,[TITLE] - Official Launch Trailer | PS5,#PlayStation,https://cdn.playstation.com/thumb/0248bb5d4b15.jpg,2026-02-08 10:00:00-08:00
2350,2026-02-08,18,104,2,IG_STORY,Out now on PS5 🔥,#PlayStation,https://cdn.playstation.com/thumb/50a0f7efea45.jpg,2026-02-08 11:00:00-08:00
2351,2026-02-08,18,114,30,BLOG_DEV_DIARY,Dev diary #7 - crafting [TITLE],#PlayStation,https://cdn.playstation.com/thumb/b22bcd73b556.jpg,2026-02-08 14:00:00-08:00
2352,2026-02-08,18,109,8,YT_TRAILER,[TITLE] - Official Launch Trailer | PS5,#PlayStation,https://cdn.playstation.com/thumb/0248bb5d4b15.jpg,2026-02-08 10:00:00-08:00
2353,2026-02-08,18,109,8,IG_POST,Drop a 🎮 if you're playing [TITLE] this weekend,#PlayStation,https://cdn.playstation.com/thumb/e2741f997397.jpg,2026-02-08 17:00:00-08:00
2354,2026-02-08,18,108,,TT_TRENDING,gamers tell us their favorite PS5 moment,#PS5 #fyp #gamertok,https://cdn.playstation.com/thumb/c06a38c4c42f.jpg,2026-02-08 16:00:00-08:00
2355,2026-02-08,18,114,30,TT_VIDEO,when the [TITLE] cutscene hits different,#PlayStation #fyp #gaming,https://cdn.playstation.com/thumb/df5ca10bbf5e.jpg,2026-02-08 12:00:00-08:00
2356,2026-02-08,18,110,,YT_SHORT,Behind the scenes: making [TITLE] #PlayStation #Shorts,#PlayStation #Shorts #Gaming,https://cdn.playstation.com/thumb/f6d94cdc547a.jpg,2026-02-08 12:00:00-08:00
2357,2026-02-08,19,107,,YT_SHORT,Behind the scenes: making [TITLE] #PlayStation #Shorts,#PlayStation #Shorts #Gaming,https://cdn.playstation.com/thumb/f6d94cdc547a.jpg,2026-02-08 12:00:00-08:00
2358,2026-02-08,19,109,8,BLOG_DEV_DIARY,Dev diary #7 - crafting [TITLE],#PlayStation,https://cdn.playstation.com/thumb/b22bcd73b556.jpg,2026-02-08 14:00:00-08:00
2359,2026-02-08,19,107,,BLOG_POST,[TITLE]: Everything you need to know,#PlayStation,https://cdn.playstation.com/thumb/09e53378ff95.jpg,2026-02-08 18:00:00-08:00
2360,2026-02-08,19,108,,IG_STORY,Out now on PS5 🔥,#PlayStation,https://cdn.playstation.com/thumb/50a0f7efea45.jpg,2026-02-08 11:00:00-08:00
2361,2026-02-08,19,111,,IG_STORY,Out now on PS5 🔥,#PlayStation,https://cdn.playstation.com/thumb/50a0f7efea45.jpg,2026-02-08 11:00:00-08:00
2362,2026-02-08,19,109,8,IG_REEL,POV: you finally got [TITLE] 🎮,#PlayStation #PS5 #Gaming,https://cdn.playstation.com/thumb/7e9ce1c01b97.jpg,2026-02-08 11:00:00-08:00
2363,2026-02-08,19,104,2,YT_TRAILER,[TITLE] - Official Launch Trailer | PS5,#PlayStation,https://cdn.playstation.com/thumb/0248bb5d4b15.jpg,2026-02-08 10:00:00-08:00
2364,2026-02-08,19,110,,IG_POST,Drop a 🎮 if you're playing [TITLE] this weekend,#PlayStation,https://cdn.playstation.com/thumb/e2741f997397.jpg,2026-02-08 17:00:00-08:00
2365,2026-02-08,19,106,10,TT_TRENDING,gamers tell us their favorite PS5 moment,#PS5 #fyp #gamertok,https://cdn.playstation.com/thumb/c06a38c4c42f.jpg,2026-02-08 16:00:00-08:00
2366,2026-02-08,20,114,30,BLOG_POST,[TITLE]: Everything you need to know,#PlayStation,https://cdn.playstation.com/thumb/09e53378ff95.jpg,2026-02-08 18:00:00-08:00
2367,2026-02-08,20,109,8,TT_VIDEO,when the [TITLE] cutscene hits different,#PlayStation #fyp #gaming,https://cdn.playstation.com/thumb/df5ca10bbf5e.jpg,2026-02-08 12:00:00-08:00
2368,2026-02-08,20,111,,YT_SHORT,Behind the scenes: making [TITLE] #PlayStation #Shorts,#PlayStation #Shorts #Gaming,https://cdn.playstation.com/thumb/f6d94cdc547a.jpg,2026-02-08 12:00:00-08:00
2369,2026-02-08,20,109,8,IG_REEL,POV: you finally got [TITLE] 🎮,#PlayStation #PS5 #Gaming,https://cdn.playstation.com/thumb/7e9ce1c01b97.jpg,2026-02-08 11:00:00-08:00
2370,2026-02-08,20,110,,YT_TRAILER,[TITLE] - Official Launch Trailer | PS5,#PlayStation,https://cdn.playstation.com/thumb/0248bb5d4b15.jpg,2026-02-08 10:00:00-08:00
2371,2026-02-09,12,110,,YT_LONG,[TITLE] - Deep Dive with the Dev Team,#PlayStation,https://cdn.playstation.com/thumb/08419533bff6.jpg,2026-02-09 14:00:00-08:00
2372,2026-02-09,12,111,,TT_VIDEO,when the [TITLE] cutscene hits different,#PlayStation #fyp #gaming,https://cdn.playstation.com/thumb/20d487eb8e16.jpg,2026-02-09 19:00:00-08:00
2373,2026-02-09,12,111,,YT_TRAILER,[TITLE] - Official Launch Trailer | PS5,#PlayStation,https://cdn.playstation.com/thumb/12c01c53667a.jpg,2026-02-09 18:00:00-08:00
2374,2026-02-09,12,113,19,TT_TRENDING,gamers tell us their favorite PS5 moment,#PS5 #fyp #gamertok,https://cdn.playstation.com/thumb/f1a1320bc87e.jpg,2026-02-09 14:00:00-08:00
2375,2026-02-09,12,113,19,BLOG_DEV_DIARY,Dev diary #7 - crafting [TITLE],#PlayStation,https://cdn.playstation.com/thumb/6f719a7618b3.jpg,2026-02-09 19:00:00-08:00
2376,2026-02-09,12,106,10,YT_SHORT,Behind the scenes: making [TITLE] #PlayStation #Shorts,#PlayStation #Shorts #Gaming,https://cdn.playstation.com/thumb/23b3ca598c52.jpg,2026-02-09 13:00:00-08:00
2377,2026-02-09,12,109,8,YT_SHORT,Behind the scenes: making [TITLE] #PlayStation #Shorts,#PlayStation #Shorts #Gaming,https://cdn.playstation.com/thumb/23b3ca598c52.jpg,2026-02-09 13:00:00-08:00
2378,2026-02-09,18,106,10,BLOG_DEV_DIARY,Dev diary #7 - crafting [TITLE],#PlayStation,https://cdn.playstation.com/thumb/6f719a7618b3.jpg,2026-02-09 19:00:00-08:00
2379,2026-02-09,18,113,19,IG_POST,Drop a 🎮 if you're playing [TITLE] this weekend,#PlayStation,https://cdn.playstation.com/thumb/252c16ea1464.jpg,2026-02-09 17:00:00-08:00
2380,2026-02-09,18,108,,YT_LONG,[TITLE] - Deep Dive with the Dev Team,#PlayStation,https://cdn.playstation.com/thumb/08419533bff6.jpg,2026-02-09 14:00:00-08:00
2381,2026-02-09,18,113,19,YT_LONG,[TITLE] - Deep Dive with the Dev Team,#PlayStation,https://cdn.playstation.com/thumb/08419533bff6.jpg,2026-02-09 14:00:00-08:00
2382,2026-02-09,18,111,,IG_STORY,Out now on PS5 🔥,#PlayStation,https://cdn.playstation.com/thumb/00fd36423ed1.jpg,2026-02-09 13:00:00-08:00
2383,2026-02-09,18,114,30,YT_SHORT,Behind the scenes: making [TITLE] #PlayStation #Shorts,#PlayStation #Shorts #Gaming,https://cdn.playstation.com/thumb/23b3ca598c52.jpg,2026-02-09 13:00:00-08:00
2384,2026-02-09,18,104,2,IG_STORY,Out now on PS5 🔥,#PlayStation,https://cdn.playstation.com/thumb/00fd36423ed1.jpg,2026-02-09 13:00:00-08:00
2385,2026-02-09,18,114,30,IG_POST,Drop a 🎮 if you're playing [TITLE] this weekend,#PlayStation,https://cdn.playstation.com/thumb/252c16ea1464.jpg,2026-02-09 17:00:00-08:00
2386,2026-02-09,18,108,,IG_STORY,Out now on PS5 🔥,#PlayStation,https://cdn.playstation.com/thumb/00fd36423ed1.jpg,2026-02-09 13:00:00-08:00
2387,2026-02-09,18,109,8,BLOG_DEV_DIARY,Dev diary #7 - crafting [TITLE],#PlayStation,https://cdn.playstation.com/thumb/6f719a7618b3.jpg,2026-02-09 19:00:00-08:00
2388,2026-02-09,19,107,,TT_TRENDING,gamers tell us their favorite PS5 moment,#PS5 #fyp #gamertok,https://cdn.playstation.com/thumb/f1a1320bc87e.jpg,2026-02-09 14:00:00-08:00
2389,2026-02-09,19,111,,YT_SHORT,Behind the scenes: making [TITLE] #PlayStation #Shorts,#PlayStation #Shorts #Gaming,https://cdn.playstation.com/thumb/23b3ca598c52.jpg,2026-02-09 13:00:00-08:00
2390,2026-02-09,19,113,19,YT_LONG,[TITLE] - Deep Dive with the Dev Team,#PlayStation,https://cdn.playstation.com/thumb/08419533bff6.jpg,2026-02-09 14:00:00-08:00
2391,2026-02-09,19,109,8,YT_SHORT,Behind the scenes: making [TITLE] #PlayStation #Shorts,#PlayStation #Shorts #Gaming,https://cdn.playstation.com/thumb/23b3ca598c52.jpg,2026-02-09 13:00:00-08:00
2392,2026-02-09,19,111,,YT_TRAILER,[TITLE] - Official Launch Trailer | PS5,#PlayStation,https://cdn.playstation.com/thumb/12c01c53667a.jpg,2026-02-09 18:00:00-08:00
2393,2026-02-09,19,109,8,YT_LONG,[TITLE] - Deep Dive with the Dev Team,#PlayStation,https://cdn.playstation.com/thumb/08419533bff6.jpg,2026-02-09 14:00:00-08:00
2394,2026-02-09,19,108,,IG_STORY,Out now on PS5 🔥,#PlayStation,https://cdn.playstation.com/thumb/00fd36423ed1.jpg,2026-02-09 13:00:00-08:00
2395,2026-02-09,19,110,,TT_VIDEO,when the [TITLE] cutscene hits different,#PlayStation #fyp #gaming,https://cdn.playstation.com/thumb/20d487eb8e16.jpg,2026-02-09 19:00:00-08:00
2396,2026-02-09,19,109,8,BLOG_DEV_DIARY,Dev diary #7 - crafting [TITLE],#PlayStation,https://cdn.playstation.com/thumb/6f719a7618b3.jpg,2026-02-09 19:00:00-08:00
2397,2026-02-09,20,113,19,BLOG_POST,[TITLE]: Everything you need to know,#PlayStation,https://cdn.playstation.com/thumb/79981ae1a086.jpg,2026-02-09 16:00:00-08:00
2398,2026-02-09,20,104,2,IG_POST,Drop a 🎮 if you're playing [TITLE] this weekend,#PlayStation,https://cdn.playstation.com/thumb/252c16ea1464.jpg,2026-02-09 17:00:00-08:00
2399,2026-02-09,20,107,,TT_VIDEO,when the [TITLE] cutscene hits different,#PlayStation #fyp #gaming,https://cdn.playstation.com/thumb/20d487eb8e16.jpg,2026-02-09 19:00:00-08:00
2400,2026-02-09,20,106,10,BLOG_DEV_DIARY,Dev diary #7 - crafting [TITLE],#PlayStation,https://cdn.playstation.com/thumb/6f719a7618b3.jpg,2026-02-09 19:00:00-08:00
2401,2026-02-09,20,113,19,IG_REEL,POV: you finally got [TITLE] 🎮,#PlayStation #PS5 #Gaming,https://cdn.playstation.com/thumb/69dba594bbb0.jpg,2026-02-09 18:00:00-08:00
2402,2026-02-10,12,106,10,YT_LONG,[TITLE] - Deep Dive with the Dev Team,#PlayStation,https://cdn.playstation.com/thumb/9bae0e7acc9b.jpg,2026-02-10 17:00:00-08:00
2403,2026-02-10,12,113,19,BLOG_DEV_DIARY,Dev diary #7 - crafting [TITLE],#PlayStation,https://cdn.playstation.com/thumb/32fda1b657da.jpg,2026-02-10 18:00:00-08:00
2404,2026-02-10,12,109,8,IG_STORY,Out now on PS5 🔥,#PlayStation,https://cdn.playstation.com/thumb/917c4efe195e.jpg,2026-02-10 14:00:00-08:00
2405,2026-02-10,12,109,8,YT_SHORT,Behind the scenes: making [TITLE] #PlayStation #Shorts,#PlayStation #Shorts #Gaming,https://cdn.playstation.com/thumb/83ae3f265a9f.jpg,2026-02-10 09:00:00-08:00
2406,2026-02-10,12,108,,TT_TRENDING,gamers tell us their favorite PS5 moment,#PS5 #fyp #gamertok,https://cdn.playstation.com/thumb/c345a58cc874.jpg,2026-02-10 10:00:00-08:00
2407,2026-02-10,12,107,,YT_LONG,[TITLE] - Deep Dive with the Dev Team,#PlayStation,https://cdn.playstation.com/thumb/9bae0e7acc9b.jpg,2026-02-10 17:00:00-08:00
2408,2026-02-10,12,108,,TT_VIDEO,when the [TITLE] cutscene hits different,#PlayStation #fyp #gaming,https://cdn.playstation.com/thumb/ecf35dedea81.jpg,2026-02-10 16:00:00-08:00
2409,2026-02-10,12,104,2,IG_STORY,Out now on PS5 🔥,#PlayStation,https://cdn.playstation.com/thumb/917c4efe195e.jpg,2026-02-10 14:00:00-08:00
2410,2026-02-10,12,104,2,YT_SHORT,Behind the scenes: making [TITLE] #PlayStation #Shorts,#PlayStation #Shorts #Gaming,https://cdn.playstation.com/thumb/83ae3f265a9f.jpg,2026-02-10 09:00:00-08:00
2411,2026-02-10,18,110,,BLOG_POST,[TITLE]: Everything you need to know,#PlayStation,https://cdn.playstation.com/thumb/ce439e52b6fb.jpg,2026-02-10 15:00:00-08:00
2412,2026-02-10,18,110,,IG_POST,Drop a 🎮 if you're playing [TITLE] this weekend,#PlayStation,https://cdn.playstation.com/thumb/ce83fd10cabd.jpg,2026-02-10 12:00:00-08:00
2413,2026-02-10,18,106,10,IG_REEL,POV: you finally got [TITLE] 🎮,#PlayStation #PS5 #Gaming,https://cdn.playstation.com/thumb/74a5e4fc9e97.jpg,2026-02-10 17:00:00-08:00
2414,2026-02-10,18,109,8,IG_REEL,POV: you finally got [TITLE] 🎮,#PlayStation #PS5 #Gaming,https://cdn.playstation.com/thumb/74a5e4fc9e97.jpg,2026-02-10 17:00:00-08:00
2415,2026-02-10,18,113,19,BLOG_POST,[TITLE]: Everything you need to know,#PlayStation,https://cdn.playstation.com/thumb/ce439e52b6fb.jpg,2026-02-10 15:00:00-08:00
2416,2026-02-10,18,114,30,TT_TRENDING,gamers tell us their favorite PS5 moment,#PS5 #fyp #gamertok,https://cdn.playstation.com/thumb/c345a58cc874.jpg,2026-02-10 10:00:00-08:00
2417,2026-02-10,18,108,,YT_LONG,[TITLE] - Deep Dive with the Dev Team,#PlayStation,https://cdn.playstation.com/thumb/9bae0e7acc9b.jpg,2026-02-10 17:00:00-08:00
2418,2026-02-10,18,110,,YT_TRAILER,[TITLE] - Official Launch Trailer | PS5,#PlayStation,https://cdn.playstation.com/thumb/6ff339eff13c.jpg,2026-02-10 12:00:00-08:00
2419,2026-02-10,18,108,,BLOG_DEV_DIARY,Dev diary #7 - crafting [TITLE],#PlayStation,https://cdn.playstation.com/thumb/32fda1b657da.jpg,2026-02-10 18:00:00-08:00
2420,2026-02-10,19,106,10,BLOG_DEV_DIARY,Dev diary #7 - crafting [TITLE],#PlayStation,https://cdn.playstation.com/thumb/32fda1b657da.jpg,2026-02-10 18:00:00-08:00
2421,2026-02-10,19,111,,IG_STORY,Out now on PS5 🔥,#PlayStation,https://cdn.playstation.com/thumb/917c4efe195e.jpg,2026-02-10 14:00:00-08:00
2422,2026-02-10,19,107,,IG_REEL,POV: you finally got [TITLE] 🎮,#PlayStation #PS5 #Gaming,https://cdn.playstation.com/thumb/74a5e4fc9e97.jpg,2026-02-10 17:00:00-08:00
2423,2026-02-10,19,108,,YT_SHORT,Behind the scenes: making [TITLE] #PlayStation #Shorts,#PlayStation #Shorts #Gaming,https://cdn.playstation.com/thumb/83ae3f265a9f.jpg,2026-02-10 09:00:00-08:00
2424,2026-02-10,19,113,19,TT_VIDEO,when the [TITLE] cutscene hits different,#PlayStation #fyp #gaming,https://cdn.playstation.com/thumb/ecf35dedea81.jpg,2026-02-10 16:00:00-08:00
2425,2026-02-10,19,111,,YT_SHORT,Behind the scenes: making [TITLE] #PlayStation #Shorts,#PlayStation #Shorts #Gaming,https://cdn.playstation.com/thumb/83ae3f265a9f.jpg,2026-02-10 09:00:00-08:00
2426,2026-02-10,19,114,30,TT_TRENDING,gamers tell us their favorite PS5 moment,#PS5 #fyp #gamertok,https://cdn.playstation.com/thumb/c345a58cc874.jpg,2026-02-10 10:00:00-08:00
2427,2026-02-10,19,109,8,BLOG_POST,[TITLE]: Everything you need to know,#PlayStation,https://cdn.playstation.com/thumb/ce439e52b6fb.jpg,2026-02-10 15:00:00-08:00
2428,2026-02-10,19,107,,YT_TRAILER,[TITLE] - Official Launch Trailer | PS5,#PlayStation,https://cdn.playstation.com/thumb/6ff339eff13c.jpg,2026-02-10 12:00:00-08:00
2429,2026-02-10,19,111,,YT_TRAILER,[TITLE] - Official Launch Trailer | PS5,#PlayStation,https://cdn.playstation.com/thumb/6ff339eff13c.jpg,2026-02-10 12:00:00-08:00
2430,2026-02-10,19,106,10,YT_TRAILER,[TITLE] - Official Launch Trailer | PS5,#PlayStation,https://cdn.playstation.com/thumb/6ff339eff13c.jpg,2026-02-10 12:00:00-08:00
2431,2026-02-10,20,104,2,YT_TRAILER,[TITLE] - Official Launch Trailer | PS5,#PlayStation,https://cdn.playstation.com/thumb/6ff339eff13c.jpg,2026-02-10 12:00:00-08:00
2432,2026-02-10,20,111,,BLOG_DEV_DIARY,Dev diary #7 - crafting [TITLE],#PlayStation,https://cdn.playstation.com/thumb/32fda1b657da.jpg,2026-02-10 18:00:00-08:00
2433,2026-02-10,20,108,,YT_TRAILER,[TITLE] - Official Launch Trailer | PS5,#PlayStation,https://cdn.playstation.com/thumb/6ff339eff13c.jpg,2026-02-10 12:00:00-08:00
2434,2026-02-10,20,110,,IG_POST,Drop a 🎮 if you're playing [TITLE] this weekend,#PlayStation,https://cdn.playstation.com/thumb/ce83fd10cabd.jpg,2026-02-10 12:00:00-08:00
2435,2026-02-11,12,107,,IG_STORY,Out now on PS5 🔥,#PlayStation,https://cdn.playstation.com/thumb/217409e8ae96.jpg,2026-02-11 20:00:00-08:00
2436,2026-02-11,12,108,,IG_STORY,Out now on PS5 🔥,#PlayStation,https://cdn.playstation.com/thumb/217409e8ae96.jpg,2026-02-11 20:00:00-08:00
2437,2026-02-11,12,110,,TT_VIDEO,when the [TITLE] cutscene hits different,#PlayStation #fyp #gaming,https://cdn.playstation.com/thumb/f4d62a74d8d1.jpg,2026-02-11 10:00:00-08:00
2438,2026-02-11,12,111,,TT_VIDEO,when the [TITLE] cutscene hits different,#PlayStation #fyp #gaming,https://cdn.playstation.com/thumb/f4d62a74d8d1.jpg,2026-02-11 10:00:00-08:00
2439,2026-02-11,12,111,,IG_STORY,Out now on PS5 🔥,#PlayStation,https://cdn.playstation.com/thumb/217409e8ae96.jpg,2026-02-11 20:00:00-08:00
2440,2026-02-11,12,106,10,TT_TRENDING,gamers tell us their favorite PS5 moment,#PS5 #fyp #gamertok,https://cdn.playstation.com/thumb/59bb6539365f.jpg,2026-02-11 12:00:00-08:00
2441,2026-02-11,12,108,,TT_TRENDING,gamers tell us their favorite PS5 moment,#PS5 #fyp #gamertok,https://cdn.playstation.com/thumb/59bb6539365f.jpg,2026-02-11 12:00:00-08:00
2442,2026-02-11,18,107,,IG_REEL,POV: you finally got [TITLE] 🎮,#PlayStation #PS5 #Gaming,https://cdn.playstation.com/thumb/a9e921f32b8b.jpg,2026-02-11 14:00:00-08:00
2443,2026-02-11,18,111,,TT_VIDEO,when the [TITLE] cutscene hits different,#PlayStation #fyp #gaming,https://cdn.playstation.com/thumb/f4d62a74d8d1.jpg,2026-02-11 10:00:00-08:00
2444,2026-02-11,18,113,19,YT_LONG,[TITLE] - Deep Dive with the Dev Team,#PlayStation,https://cdn.playstation.com/thumb/c41d1aa0c76a.jpg,2026-02-11 17:00:00-08:00
2445,2026-02-11,18,109,8,BLOG_DEV_DIARY,Dev diary #7 - crafting [TITLE],#PlayStation,https://cdn.playstation.com/thumb/5fc68189b4d4.jpg,2026-02-11 19:00:00-08:00
2446,2026-02-11,18,114,30,BLOG_DEV_DIARY,Dev diary #7 - crafting [TITLE],#PlayStation,https://cdn.playstation.com/thumb/5fc68189b4d4.jpg,2026-02-11 19:00:00-08:00
2447,2026-02-11,19,114,30,BLOG_DEV_DIARY,Dev diary #7 - crafting [TITLE],#PlayStation,https://cdn.playstation.com/thumb/5fc68189b4d4.jpg,2026-02-11 19:00:00-08:00
2448,2026-02-11,19,113,19,IG_POST,Drop a 🎮 if you're playing [TITLE] this weekend,#PlayStation,https://cdn.playstation.com/thumb/45555330e9b9.jpg,2026-02-11 20:00:00-08:00
2449,2026-02-11,19,108,,IG_POST,Drop a 🎮 if you're playing [TITLE] this weekend,#PlayStation,https://cdn.playstation.com/thumb/45555330e9b9.jpg,2026-02-11 20:00:00-08:00
2450,2026-02-11,19,104,2,YT_TRAILER,[TITLE] - Official Launch Trailer | PS5,#PlayStation,https://cdn.playstation.com/thumb/cf78b6ec8237.jpg,2026-02-11 09:00:00-08:00
2451,2026-02-11,19,104,2,YT_LONG,[TITLE] - Deep Dive with the Dev Team,#PlayStation,https://cdn.playstation.com/thumb/c41d1aa0c76a.jpg,2026-02-11 17:00:00-08:00
2452,2026-02-11,19,114,30,YT_TRAILER,[TITLE] - Official Launch Trailer | PS5,#PlayStation,https://cdn.playstation.com/thumb/cf78b6ec8237.jpg,2026-02-11 09:00:00-08:00
2453,2026-02-11,19,111,,IG_REEL,POV: you finally got [TITLE] 🎮,#PlayStation #PS5 #Gaming,https://cdn.playstation.com/thumb/a9e921f32b8b.jpg,2026-02-11 14:00:00-08:00
2454,2026-02-11,19,114,30,TT_TRENDING,gamers tell us their favorite PS5 moment,#PS5 #fyp #gamertok,https://cdn.playstation.com/thumb/59bb6539365f.jpg,2026-02-11 12:00:00-08:00
2455,2026-02-11,20,114,30,YT_TRAILER,[TITLE] - Official Launch Trailer | PS5,#PlayStation,https://cdn.playstation.com/thumb/cf78b6ec8237.jpg,2026-02-11 09:00:00-08:00
2456,2026-02-11,20,104,2,BLOG_POST,[TITLE]: Everything you need to know,#PlayStation,https://cdn.playstation.com/thumb/f29477256651.jpg,2026-02-11 18:00:00-08:00
2457,2026-02-11,20,111,,IG_POST,Drop a 🎮 if you're playing [TITLE] this weekend,#PlayStation,https://cdn.playstation.com/thumb/45555330e9b9.jpg,2026-02-11 20:00:00-08:00
2458,2026-02-11,20,107,,YT_TRAILER,[TITLE] - Official Launch Trailer | PS5,#PlayStation,https://cdn.playstation.com/thumb/cf78b6ec8237.jpg,2026-02-11 09:00:00-08:00
2459,2026-02-11,20,106,10,YT_LONG,[TITLE] - Deep Dive with the Dev Team,#PlayStation,https://cdn.playstation.com/thumb/c41d1aa0c76a.jpg,2026-02-11 17:00:00-08:00
2460,2026-02-11,20,109,8,IG_POST,Drop a 🎮 if you're playing [TITLE] this weekend,#PlayStation,https://cdn.playstation.com/thumb/45555330e9b9.jpg,2026-02-11 20:00:00-08:00
2461,2026-02-11,20,114,30,TT_TRENDING,gamers tell us their favorite PS5 moment,#PS5 #fyp #gamertok,https://cdn.playstation.com/thumb/59bb6539365f.jpg,2026-02-11 12:00:00-08:00
2462,2026-02-11,20,110,,YT_LONG,[TITLE] - Deep Dive with the Dev Team,#PlayStation,https://cdn.playstation.com/thumb/c41d1aa0c76a.jpg,2026-02-11 17:00:00-08:00
2463,2026-02-12,12,108,,TT_TRENDING,gamers tell us their favorite PS5 moment,#PS5 #fyp #gamertok,https://cdn.playstation.com/thumb/c82ce359335f.jpg,2026-02-12 18:00:00-08:00
2464,2026-02-12,12,107,,YT_TRAILER,[TITLE] - Official Launch Trailer | PS5,#PlayStation,https://cdn.playstation.com/thumb/0193f5eb49c1.jpg,2026-02-12 13:00:00-08:00
2465,2026-02-12,12,113,19,TT_VIDEO,when the [TITLE] cutscene hits different,#PlayStation #fyp #gaming,https://cdn.playstation.com/thumb/ccc9b2c31a66.jpg,2026-02-12 11:00:00-08:00
2466,2026-02-12,12,107,,BLOG_POST,[TITLE]: Everything you need to know,#PlayStation,https://cdn.playstation.com/thumb/14b897c130ca.jpg,2026-02-12 18:00:00-08:00
2467,2026-02-12,12,108,,BLOG_POST,[TITLE]: Everything you need to know,#PlayStation,https://cdn.playstation.com/thumb/14b897c130ca.jpg,2026-02-12 18:00:00-08:00
2468,2026-02-12,12,109,8,TT_VIDEO,when the [TITLE] cutscene hits different,#PlayStation #fyp #gaming,https://cdn.playstation.com/thumb/ccc9b2c31a66.jpg,2026-02-12 11:00:00-08:00
2469,2026-02-12,18,111,,BLOG_POST,[TITLE]: Everything you need to know,#PlayStation,https://cdn.playstation.com/thumb/14b897c130ca.jpg,2026-02-12 18:00:00-08:00
2470,2026-02-12,18,111,,YT_SHORT,Behind the scenes: making [TITLE] #PlayStation #Shorts,#PlayStation #Shorts #Gaming,https://cdn.playstation.com/thumb/b2c5674674b9.jpg,2026-02-12 12:00:00-08:00
2471,2026-02-12,18,109,8,YT_LONG,[TITLE] - Deep Dive with the Dev Team,#PlayStation,https://cdn.playstation.com/thumb/0407c144468b.jpg,2026-02-12 20:00:00-08:00
2472,2026-02-12,18,106,10,TT_TRENDING,gamers tell us their favorite PS5 moment,#PS5 #fyp #gamertok,https://cdn.playstation.com/thumb/c82ce359335f.jpg,2026-02-12 18:00:00-08:00
2473,2026-02-12,18,111,,TT_VIDEO,when the [TITLE] cutscene hits different,#PlayStation #fyp #gaming,https://cdn.playstation.com/thumb/ccc9b2c31a66.jpg,2026-02-12 11:00:00-08:00
2474,2026-02-12,18,106,10,IG_POST,Drop a 🎮 if you're playing [TITLE] this weekend,#PlayStation,https://cdn.playstation.com/thumb/041b71fe9d88.jpg,2026-02-12 09:00:00-08:00
2475,2026-02-12,19,111,,IG_STORY,Out now on PS5 🔥,#PlayStation,https://cdn.playstation.com/thumb/f2b4ebb0f903.jpg,2026-02-12 09:00:00-08:00
2476,2026-02-12,19,106,10,IG_REEL,POV: you finally got [TITLE] 🎮,#PlayStation #PS5 #Gaming,https://cdn.playstation.com/thumb/b7b842163cb2.jpg,2026-02-12 11:00:00-08:00
2477,2026-02-12,19,113,19,YT_SHORT,Behind the scenes: making [TITLE] #PlayStation #Shorts,#PlayStation #Shorts #Gaming,https://cdn.playstation.com/thumb/b2c5674674b9.jpg,2026-02-12 12:00:00-08:00
2478,2026-02-12,19,107,,TT_TRENDING,gamers tell us their favorite PS5 moment,#PS5 #fyp #gamertok,https://cdn.playstation.com/thumb/c82ce359335f.jpg,2026-02-12 18:00:00-08:00
2479,2026-02-12,19,104,2,YT_TRAILER,[TITLE] - Official Launch Trailer | PS5,#PlayStation,https://cdn.playstation.com/thumb/0193f5eb49c1.jpg,2026-02-12 13:00:00-08:00
2480,2026-02-12,19,108,,YT_TRAILER,[TITLE] - Official Launch Trailer | PS5,#PlayStation,https://cdn.playstation.com/thumb/0193f5eb49c1.jpg,2026-02-12 13:00:00-08:00
2481,2026-02-12,19,106,10,YT_SHORT,Behind the scenes: making [TITLE] #PlayStation #Shorts,#PlayStation #Shorts #Gaming,https://cdn.playstation.com/thumb/b2c5674674b9.jpg,2026-02-12 12:00:00-08:00
2482,2026-02-12,19,108,,YT_SHORT,Behind the scenes: making [TITLE] #PlayStation #Shorts,#PlayStation #Shorts #Gaming,https://cdn.playstation.com/thumb/b2c5674674b9.jpg,2026-02-12 12:00:00-08:00
2483,2026-02-12,20,110,,TT_TRENDING,gamers tell us their favorite PS5 moment,#PS5 #fyp #gamertok,https://cdn.playstation.com/thumb/c82ce359335f.jpg,2026-02-12 18:00:00-08:00
2484,2026-02-12,20,111,,TT_TRENDING,gamers tell us their favorite PS5 moment,#PS5 #fyp #gamertok,https://cdn.playstation.com/thumb/c82ce359335f.jpg,2026-02-12 18:00:00-08:00
2485,2026-02-12,20,110,,YT_TRAILER,[TITLE] - Official Launch Trailer | PS5,#PlayStation,https://cdn.playstation.com/thumb/0193f5eb49c1.jpg,2026-02-12 13:00:00-08:00
2486,2026-02-12,20,106,10,BLOG_POST,[TITLE]: Everything you need to know,#PlayStation,https://cdn.playstation.com/thumb/14b897c130ca.jpg,2026-02-12 18:00:00-08:00
2487,2026-02-12,20,106,10,BLOG_DEV_DIARY,Dev diary #7 - crafting [TITLE],#PlayStation,https://cdn.playstation.com/thumb/3add70e7ee52.jpg,2026-02-12 11:00:00-08:00
2488,2026-02-12,20,107,,IG_POST,Drop a 🎮 if you're playing [TITLE] this weekend,#PlayStation,https://cdn.playstation.com/thumb/041b71fe9d88.jpg,2026-02-12 09:00:00-08:00
2489,2026-02-12,20,114,30,BLOG_DEV_DIARY,Dev diary #7 - crafting [TITLE],#PlayStation,https://cdn.playstation.com/thumb/3add70e7ee52.jpg,2026-02-12 11:00:00-08:00
2490,2026-02-13,12,110,,YT_LONG,[TITLE] - Deep Dive with the Dev Team,#PlayStation,https://cdn.playstation.com/thumb/6b2b50c98186.jpg,2026-02-13 19:00:00-08:00
2491,2026-02-13,12,109,8,IG_STORY,Out now on PS5 🔥,#PlayStation,https://cdn.playstation.com/thumb/a0fed5fc6d8a.jpg,2026-02-13 14:00:00-08:00
2492,2026-02-13,12,109,8,YT_TRAILER,[TITLE] - Official Launch Trailer | PS5,#PlayStation,https://cdn.playstation.com/thumb/03e6e0bd85af.jpg,2026-02-13 12:00:00-08:00
2493,2026-02-13,12,111,,TT_TRENDING,gamers tell us their favorite PS5 moment,#PS5 #fyp #gamertok,https://cdn.playstation.com/thumb/d9274da08303.jpg,2026-02-13 17:00:00-08:00
2494,2026-02-13,12,114,30,TT_TRENDING,gamers tell us their favorite PS5 moment,#PS5 #fyp #gamertok,https://cdn.playstation.com/thumb/d9274da08303.jpg,2026-02-13 17:00:00-08:00
2495,2026-02-13,12,114,30,BLOG_POST,[TITLE]: Everything you need to know,#PlayStation,https://cdn.playstation.com/thumb/37ec60257021.jpg,2026-02-13 19:00:00-08:00
2496,2026-02-13,12,107,,YT_TRAILER,[TITLE] - Official Launch Trailer | PS5,#PlayStation,https://cdn.playstation.com/thumb/03e6e0bd85af.jpg,2026-02-13 12:00:00-08:00
2497,2026-02-13,12,106,10,TT_VIDEO,when the [TITLE] cutscene hits different,#PlayStation #fyp #gaming,https://cdn.playstation.com/thumb/26eac0d752d8.jpg,2026-02-13 15:00:00-08:00
2498,2026-02-13,12,114,30,IG_POST,Drop a 🎮 if you're playing [TITLE] this weekend,#PlayStation,https://cdn.playstation.com/thumb/acef8db03623.jpg,2026-02-13 09:00:00-08:00
2499,2026-02-13,12,106,10,TT_TRENDING,gamers tell us their favorite PS5 moment,#PS5 #fyp #gamertok,https://cdn.playstation.com/thumb/d9274da08303.jpg,2026-02-13 17:00:00-08:00
2500,2026-02-13,12,107,,TT_VIDEO,when the [TITLE] cutscene hits different,#PlayStation #fyp #gaming,https://cdn.playstation.com/thumb/26eac0d752d8.jpg,2026-02-13 15:00:00-08:00
2501,2026-02-13,18,109,8,IG_POST,Drop a 🎮 if you're playing [TITLE] this weekend,#PlayStation,https://cdn.playstation.com/thumb/acef8db03623.jpg,2026-02-13 09:00:00-08:00
2502,2026-02-13,18,104,2,IG_REEL,POV: you finally got [TITLE] 🎮,#PlayStation #PS5 #Gaming,https://cdn.playstation.com/thumb/38120009ff17.jpg,2026-02-13 17:00:00-08:00
2503,2026-02-13,18,109,8,YT_SHORT,Behind the scenes: making [TITLE] #PlayStation #Shorts,#PlayStation #Shorts #Gaming,https://cdn.playstation.com/thumb/a387b7bcbbed.jpg,2026-02-13 12:00:00-08:00
2504,2026-02-13,18,104,2,BLOG_DEV_DIARY,Dev diary #7 - crafting [TITLE],#PlayStation,https://cdn.playstation.com/thumb/a6050a94bb17.jpg,2026-02-13 11:00:00-08:00
2505,2026-02-13,18,104,2,TT_VIDEO,when the [TITLE] cutscene hits different,#PlayStation #fyp #gaming,https://cdn.playstation.com/thumb/26eac0d752d8.jpg,2026-02-13 15:00:00-08:00
2506,2026-02-13,18,114,30,YT_LONG,[TITLE] - Deep Dive with the Dev Team,#PlayStation,https://cdn.playstation.com/thumb/6b2b50c98186.jpg,2026-02-13 19:00:00-08:00
2507,2026-02-13,19,113,19,BLOG_POST,[TITLE]: Everything you need to know,#PlayStation,https://cdn.playstation.com/thumb/37ec60257021.jpg,2026-02-13 19:00:00-08:00
2508,2026-02-13,19,106,10,YT_SHORT,Behind the scenes: making [TITLE] #PlayStation #Shorts,#PlayStation #Shorts #Gaming,https://cdn.playstation.com/thumb/a387b7bcbbed.jpg,2026-02-13 12:00:00-08:00
2509,2026-02-13,19,107,,TT_VIDEO,when the [TITLE] cutscene hits different,#PlayStation #fyp #gaming,https://cdn.playstation.com/thumb/26eac0d752d8.jpg,2026-02-13 15:00:00-08:00
2510,2026-02-13,19,109,8,IG_POST,Drop a 🎮 if you're playing [TITLE] this weekend,#PlayStation,https://cdn.playstation.com/thumb/acef8db03623.jpg,2026-02-13 09:00:00-08:00
2511,2026-02-13,19,109,8,TT_VIDEO,when the [TITLE] cutscene hits different,#PlayStation #fyp #gaming,https://cdn.playstation.com/thumb/26eac0d752d8.jpg,2026-02-13 15:00:00-08:00
2512,2026-02-13,19,114,30,IG_POST,Drop a 🎮 if you're playing [TITLE] this weekend,#PlayStation,https://cdn.playstation.com/thumb/acef8db03623.jpg,2026-02-13 09:00:00-08:00
2513,2026-02-13,19,104,2,BLOG_DEV_DIARY,Dev diary #7 - crafting [TITLE],#PlayStation,https://cdn.playstation.com/thumb/a6050a94bb17.jpg,2026-02-13 11:00:00-08:00
2514,2026-02-13,19,114,30,BLOG_POST,[TITLE]: Everything you need to know,#PlayStation,https://cdn.playstation.com/thumb/37ec60257021.jpg,2026-02-13 19:00:00-08:00
2515,2026-02-13,20,110,,YT_TRAILER,[TITLE] - Official Launch Trailer | PS5,#PlayStation,https://cdn.playstation.com/thumb/03e6e0bd85af.jpg,2026-02-13 12:00:00-08:00
2516,2026-02-13,20,113,19,TT_VIDEO,when the [TITLE] cutscene hits different,#PlayStation #fyp #gaming,https://cdn.playstation.com/thumb/26eac0d752d8.jpg,2026-02-13 15:00:00-08:00
2517,2026-02-13,20,114,30,YT_LONG,[TITLE] - Deep Dive with the Dev Team,#PlayStation,https://cdn.playstation.com/thumb/6b2b50c98186.jpg,2026-02-13 19:00:00-08:00
2518,2026-02-13,20,108,,IG_POST,Drop a 🎮 if you're playing [TITLE] this weekend,#PlayStation,https://cdn.playstation.com/thumb/acef8db03623.jpg,2026-02-13 09:00:00-08:00
2519,2026-02-13,20,106,10,TT_TRENDING,gamers tell us their favorite PS5 moment,#PS5 #fyp #gamertok,https://cdn.playstation.com/thumb/d9274da08303.jpg,2026-02-13 17:00:00-08:00
2520,2026-02-13,20,114,30,IG_POST,Drop a 🎮 if you're playing [TITLE] this weekend,#PlayStation,https://cdn.playstation.com/thumb/acef8db03623.jpg,2026-02-13 09:00:00-08:00
2521,2026-02-13,20,114,30,TT_TRENDING,gamers tell us their favorite PS5 moment,#PS5 #fyp #gamertok,https://cdn.playstation.com/thumb/d9274da08303.jpg,2026-02-13 17:00:00-08:00
2522,2026-02-13,20,114,30,YT_SHORT,Behind the scenes: making [TITLE] #PlayStation #Shorts,#PlayStation #Shorts #Gaming,https://cdn.playstation.com/thumb/a387b7bcbbed.jpg,2026-02-13 12:00:00-08:00
2523,2026-02-14,12,111,,YT_TRAILER,[TITLE] - Official Launch Trailer | PS5,#PlayStation,https://cdn.playstation.com/thumb/17475492b930.jpg,2026-02-14 17:00:00-08:00
2524,2026-02-14,12,110,,BLOG_DEV_DIARY,Dev diary #7 - crafting [TITLE],#PlayStation,https://cdn.playstation.com/thumb/ee2840556ec0.jpg,2026-02-14 16:00:00-08:00
2525,2026-02-14,12,110,,BLOG_POST,[TITLE]: Everything you need to know,#PlayStation,https://cdn.playstation.com/thumb/f19f0297fbe4.jpg,2026-02-14 10:00:00-08:00
2526,2026-02-14,12,107,,BLOG_DEV_DIARY,Dev diary #7 - crafting [TITLE],#PlayStation,https://cdn.playstation.com/thumb/ee2840556ec0.jpg,2026-02-14 16:00:00-08:00
2527,2026-02-14,12,107,,IG_STORY,Out now on PS5 🔥,#PlayStation,https://cdn.playstation.com/thumb/4cf23c9217c6.jpg,2026-02-14 13:00:00-08:00
2528,2026-02-14,12,111,,IG_STORY,Out now on PS5 🔥,#PlayStation,https://cdn.playstation.com/thumb/4cf23c9217c6.jpg,2026-02-14 13:00:00-08:00
2529,2026-02-14,12,110,,YT_SHORT,Behind the scenes: making [TITLE] #PlayStation #Shorts,#PlayStation #Shorts #Gaming,https://cdn.playstation.com/thumb/b0de9659eb11.jpg,2026-02-14 14:00:00-08:00
2530,2026-02-14,12,104,2,IG_REEL,POV: you finally got [TITLE] 🎮,#PlayStation #PS5 #Gaming,https://cdn.playstation.com/thumb/c9bd9b8eff31.jpg,2026-02-14 20:00:00-08:00
2531,2026-02-14,12,109,8,YT_SHORT,Behind the scenes: making [TITLE] #PlayStation #Shorts,#PlayStation #Shorts #Gaming,https://cdn.playstation.com/thumb/b0de9659eb11.jpg,2026-02-14 14:00:00-08:00
2532,2026-02-14,12,114,30,IG_STORY,Out now on PS5 🔥,#PlayStation,https://cdn.playstation.com/thumb/4cf23c9217c6.jpg,2026-02-14 13:00:00-08:00
2533,2026-02-14,18,107,,BLOG_POST,[TITLE]: Everything you need to know,#PlayStation,https://cdn.playstation.com/thumb/f19f0297fbe4.jpg,2026-02-14 10:00:00-08:00
2534,2026-02-14,18,107,,YT_SHORT,Behind the scenes: making [TITLE] #PlayStation #Shorts,#PlayStation #Shorts #Gaming,https://cdn.playstation.com/thumb/b0de9659eb11.jpg,2026-02-14 14:00:00-08:00
2535,2026-02-14,18,110,,YT_SHORT,Behind the scenes: making [TITLE] #PlayStation #Shorts,#PlayStation #Shorts #Gaming,https://cdn.playstation.com/thumb/b0de9659eb11.jpg,2026-02-14 14:00:00-08:00
2536,2026-02-14,18,111,,YT_LONG,[TITLE] - Deep Dive with the Dev Team,#PlayStation,https://cdn.playstation.com/thumb/738b546b32e3.jpg,2026-02-14 20:00:00-08:00
2537,2026-02-14,18,106,10,IG_STORY,Out now on PS5 🔥,#PlayStation,https://cdn.playstation.com/thumb/4cf23c9217c6.jpg,2026-02-14 13:00:00-08:00
2538,2026-02-14,18,113,19,IG_STORY,Out now on PS5 🔥,#PlayStation,https://cdn.playstation.com/thumb/4cf23c9217c6.jpg,2026-02-14 13:00:00-08:00
2539,2026-02-14,19,108,,BLOG_DEV_DIARY,Dev diary #7 - crafting [TITLE],#PlayStation,https://cdn.playstation.com/thumb/ee2840556ec0.jpg,2026-02-14 16:00:00-08:00
2540,2026-02-14,19,107,,TT_TRENDING,gamers tell us their favorite PS5 moment,#PS5 #fyp #gamertok,https://cdn.playstation.com/thumb/5e5fab6faa71.jpg,2026-02-14 14:00:00-08:00
2541,2026-02-14,19,111,,YT_TRAILER,[TITLE] - Official Launch Trailer | PS5,#PlayStation,https://cdn.playstation.com/thumb/17475492b930.jpg,2026-02-14 17:00:00-08:00
2542,2026-02-14,19,113,19,YT_LONG,[TITLE] - Deep Dive with the Dev Team,#PlayStation,https://cdn.playstation.com/thumb/738b546b32e3.jpg,2026-02-14 20:00:00-08:00
2543,2026-02-14,19,107,,YT_SHORT,Behind the scenes: making [TITLE] #PlayStation #Shorts,#PlayStation #Shorts #Gaming,https://cdn.playstation.com/thumb/b0de9659eb11.jpg,2026-02-14 14:00:00-08:00
2544,2026-02-14,19,109,8,YT_LONG,[TITLE] - Deep Dive with the Dev Team,#PlayStation,https://cdn.playstation.com/thumb/738b546b32e3.jpg,2026-02-14 20:00:00-08:00
2545,2026-02-14,19,113,19,BLOG_POST,[TITLE]: Everything you need to know,#PlayStation,https://cdn.playstation.com/thumb/f19f0297fbe4.jpg,2026-02-14 10:00:00-08:00
2546,2026-02-14,19,108,,TT_VIDEO,when the [TITLE] cutscene hits different,#PlayStation #fyp #gaming,https://cdn.playstation.com/thumb/9b49011e8831.jpg,2026-02-14 19:00:00-08:00
2547,2026-02-14,20,104,2,YT_TRAILER,[TITLE] - Official Launch Trailer | PS5,#PlayStation,https://cdn.playstation.com/thumb/17475492b930.jpg,2026-02-14 17:00:00-08:00
2548,2026-02-14,20,109,8,TT_TRENDING,gamers tell us their favorite PS5 moment,#PS5 #fyp #gamertok,https://cdn.playstation.com/thumb/5e5fab6faa71.jpg,2026-02-14 14:00:00-08:00
2549,2026-02-14,20,108,,TT_VIDEO,when the [TITLE] cutscene hits different,#PlayStation #fyp #gaming,https://cdn.playstation.com/thumb/9b49011e8831.jpg,2026-02-14 19:00:00-08:00
2550,2026-02-14,20,106,10,YT_TRAILER,[TITLE] - Official Launch Trailer | PS5,#PlayStation,https://cdn.playstation.com/thumb/17475492b930.jpg,2026-02-14 17:00:00-08:00
2551,2026-02-14,20,111,,IG_REEL,POV: you finally got [TITLE] 🎮,#PlayStation #PS5 #Gaming,https://cdn.playstation.com/thumb/c9bd9b8eff31.jpg,2026-02-14 20:00:00-08:00
2552,2026-02-14,20,108,,TT_TRENDING,gamers tell us their favorite PS5 moment,#PS5 #fyp #gamertok,https://cdn.playstation.com/thumb/5e5fab6faa71.jpg,2026-02-14 14:00:00-08:00
2553,2026-02-14,20,106,10,IG_STORY,Out now on PS5 🔥,#PlayStation,https://cdn.playstation.com/thumb/4cf23c9217c6.jpg,2026-02-14 13:00:00-08:00
2554,2026-02-14,20,110,,IG_STORY,Out now on PS5 🔥,#PlayStation,https://cdn.playstation.com/thumb/4cf23c9217c6.jpg,2026-02-14 13:00:00-08:00
2555,2026-02-14,20,109,8,TT_VIDEO,when the [TITLE] cutscene hits different,#PlayStation #fyp #gaming,https://cdn.playstation.com/thumb/9b49011e8831.jpg,2026-02-14 19:00:00-08:00
2556,2026-02-14,20,107,,TT_TRENDING,gamers tell us their favorite PS5 moment,#PS5 #fyp #gamertok,https://cdn.playstation.com/thumb/5e5fab6faa71.jpg,2026-02-14 14:00:00-08:00
2557,2026-02-14,20,110,,YT_TRAILER,[TITLE] - Official Launch Trailer | PS5,#PlayStation,https://cdn.playstation.com/thumb/17475492b930.jpg,2026-02-14 17:00:00-08:00
2558,2026-02-14,20,111,,TT_VIDEO,when the [TITLE] cutscene hits different,#PlayStation #fyp #gaming,https://cdn.playstation.com/thumb/9b49011e8831.jpg,2026-02-14 19:00:00-08:00
2559,2026-02-15,12,113,19,BLOG_DEV_DIARY,Dev diary #7 - crafting [TITLE],#PlayStation,https://cdn.playstation.com/thumb/7b18b06aebdf.jpg,2026-02-15 12:00:00-08:00
2560,2026-02-15,12,114,30,YT_SHORT,Behind the scenes: making [TITLE] #PlayStation #Shorts,#PlayStation #Shorts #Gaming,https://cdn.playstation.com/thumb/bea79cef838c.jpg,2026-02-15 11:00:00-08:00
2561,2026-02-15,12,104,2,BLOG_POST,[TITLE]: Everything you need to know,#PlayStation,https://cdn.playstation.com/thumb/3fe6b3333849.jpg,2026-02-15 10:00:00-08:00
2562,2026-02-15,18,114,30,BLOG_DEV_DIARY,Dev diary #7 - crafting [TITLE],#PlayStation,https://cdn.playstation.com/thumb/7b18b06aebdf.jpg,2026-02-15 12:00:00-08:00
2563,2026-02-15,18,107,,IG_POST,Drop a 🎮 if you're playing [TITLE] this weekend,#PlayStation,https://cdn.playstation.com/thumb/2c492a06e5e7.jpg,2026-02-15 19:00:00-08:00
2564,2026-02-15,18,110,,YT_SHORT,Behind the scenes: making [TITLE] #PlayStation #Shorts,#PlayStation #Shorts #Gaming,https://cdn.playstation.com/thumb/bea79cef838c.jpg,2026-02-15 11:00:00-08:00
2565,2026-02-15,18,114,30,YT_SHORT,Behind the scenes: making [TITLE] #PlayStation #Shorts,#PlayStation #Shorts #Gaming,https://cdn.playstation.com/thumb/bea79cef838c.jpg,2026-02-15 11:00:00-08:00
2566,2026-02-15,18,108,,BLOG_POST,[TITLE]: Everything you need to know,#PlayStation,https://cdn.playstation.com/thumb/3fe6b3333849.jpg,2026-02-15 10:00:00-08:00
2567,2026-02-15,18,113,19,IG_REEL,POV: you finally got [TITLE] 🎮,#PlayStation #PS5 #Gaming,https://cdn.playstation.com/thumb/f0eb6385c2c1.jpg,2026-02-15 13:00:00-08:00
2568,2026-02-15,18,104,2,BLOG_POST,[TITLE]: Everything you need to know,#PlayStation,https://cdn.playstation.com/thumb/3fe6b3333849.jpg,2026-02-15 10:00:00-08:00
2569,2026-02-15,18,113,19,YT_LONG,[TITLE] - Deep Dive with the Dev Team,#PlayStation,https://cdn.playstation.com/thumb/4f2e3fadacac.jpg,2026-02-15 09:00:00-08:00
2570,2026-02-15,18,114,30,IG_POST,Drop a 🎮 if you're playing [TITLE] this weekend,#PlayStation,https://cdn.playstation.com/thumb/2c492a06e5e7.jpg,2026-02-15 19:00:00-08:00
2571,2026-02-15,18,114,30,TT_TRENDING,gamers tell us their favorite PS5 moment,#PS5 #fyp #gamertok,https://cdn.playstation.com/thumb/ab8db4f446f7.jpg,2026-02-15 13:00:00-08:00
2572,2026-02-15,19,107,,YT_LONG,[TITLE] - Deep Dive with the Dev Team,#PlayStation,https://cdn.playstation.com/thumb/4f2e3fadacac.jpg,2026-02-15 09:00:00-08:00
2573,2026-02-15,19,111,,BLOG_POST,[TITLE]: Everything you need to know,#PlayStation,https://cdn.playstation.com/thumb/3fe6b3333849.jpg,2026-02-15 10:00:00-08:00
2574,2026-02-15,19,108,,YT_LONG,[TITLE] - Deep Dive with the Dev Team,#PlayStation,https://cdn.playstation.com/thumb/4f2e3fadacac.jpg,2026-02-15 09:00:00-08:00
2575,2026-02-15,19,106,10,TT_TRENDING,gamers tell us their favorite PS5 moment,#PS5 #fyp #gamertok,https://cdn.playstation.com/thumb/ab8db4f446f7.jpg,2026-02-15 13:00:00-08:00
2576,2026-02-15,19,108,,BLOG_DEV_DIARY,Dev diary #7 - crafting [TITLE],#PlayStation,https://cdn.playstation.com/thumb/7b18b06aebdf.jpg,2026-02-15 12:00:00-08:00
2577,2026-02-15,19,104,2,BLOG_DEV_DIARY,Dev diary #7 - crafting [TITLE],#PlayStation,https://cdn.playstation.com/thumb/7b18b06aebdf.jpg,2026-02-15 12:00:00-08:00
2578,2026-02-15,19,113,19,YT_LONG,[TITLE] - Deep Dive with the Dev Team,#PlayStation,https://cdn.playstation.com/thumb/4f2e3fadacac.jpg,2026-02-15 09:00:00-08:00
2579,2026-02-15,19,114,30,BLOG_DEV_DIARY,Dev diary #7 - crafting [TITLE],#PlayStation,https://cdn.playstation.com/thumb/7b18b06aebdf.jpg,2026-02-15 12:00:00-08:00
2580,2026-02-15,19,113,19,BLOG_POST,[TITLE]: Everything you need to know,#PlayStation,https://cdn.playstation.com/thumb/3fe6b3333849.jpg,2026-02-15 10:00:00-08:00
2581,2026-02-15,20,113,19,BLOG_DEV_DIARY,Dev diary #7 - crafting [TITLE],#PlayStation,https://cdn.playstation.com/thumb/7b18b06aebdf.jpg,2026-02-15 12:00:00-08:00
2582,2026-02-15,20,108,,YT_TRAILER,[TITLE] - Official Launch Trailer | PS5,#PlayStation,https://cdn.playstation.com/thumb/12f2532de5e4.jpg,2026-02-15 16:00:00-08:00
2583,2026-02-15,20,108,,IG_REEL,POV: you finally got [TITLE] 🎮,#PlayStation #PS5 #Gaming,https://cdn.playstation.com/thumb/f0eb6385c2c1.jpg,2026-02-15 13:00:00-08:00
2584,2026-02-15,20,107,,IG_REEL,POV: you finally got [TITLE] 🎮,#PlayStation #PS5 #Gaming,https://cdn.playstation.com/thumb/f0eb6385c2c1.jpg,2026-02-15 13:00:00-08:00
2585,2026-02-15,20,107,,IG_STORY,Out now on PS5 🔥,#PlayStation,https://cdn.playstation.com/thumb/2585d475c3a5.jpg,2026-02-15 14:00:00-08:00
2586,2026-02-15,20,111,,IG_REEL,POV: you finally got [TITLE] 🎮,#PlayStation #PS5 #Gaming,https://cdn.playstation.com/thumb/f0eb6385c2c1.jpg,2026-02-15 13:00:00-08:00
2587,2026-02-15,20,104,2,YT_SHORT,Behind the scenes: making [TITLE] #PlayStation #Shorts,#PlayStation #Shorts #Gaming,https://cdn.playstation.com/thumb/bea79cef838c.jpg,2026-02-15 11:00:00-08:00
2588,2026-02-16,12,106,10,BLOG_DEV_DIARY,Dev diary #7 - crafting [TITLE],#PlayStation,https://cdn.playstation.com/thumb/2b83f617d226.jpg,2026-02-16 15:00:00-08:00
2589,2026-02-16,12,104,2,YT_SHORT,Behind the scenes: making [TITLE] #PlayStation #Shorts,#PlayStation #Shorts #Gaming,https://cdn.playstation.com/thumb/5897091e351b.jpg,2026-02-16 17:00:00-08:00
2590,2026-02-16,12,114,30,BLOG_DEV_DIARY,Dev diary #7 - crafting [TITLE],#PlayStation,https://cdn.playstation.com/thumb/2b83f617d226.jpg,2026-02-16 15:00:00-08:00
2591,2026-02-16,12,111,,IG_POST,Drop a 🎮 if you're playing [TITLE] this weekend,#PlayStation,https://cdn.playstation.com/thumb/1f22b660b874.jpg,2026-02-16 09:00:00-08:00
2592,2026-02-16,12,110,,YT_TRAILER,[TITLE] - Official Launch Trailer | PS5,#PlayStation,https://cdn.playstation.com/thumb/1ad28b906a02.jpg,2026-02-16 20:00:00-08:00
2593,2026-02-16,12,113,19,YT_TRAILER,[TITLE] - Official Launch Trailer | PS5,#PlayStation,https://cdn.playstation.com/thumb/1ad28b906a02.jpg,2026-02-16 20:00:00-08:00
2594,2026-02-16,18,107,,BLOG_POST,[TITLE]: Everything you need to know,#PlayStation,https://cdn.playstation.com/thumb/51776f526731.jpg,2026-02-16 20:00:00-08:00
2595,2026-02-16,18,108,,BLOG_DEV_DIARY,Dev diary #7 - crafting [TITLE],#PlayStation,https://cdn.playstation.com/thumb/2b83f617d226.jpg,2026-02-16 15:00:00-08:00
2596,2026-02-16,18,113,19,TT_VIDEO,when the [TITLE] cutscene hits different,#PlayStation #fyp #gaming,https://cdn.playstation.com/thumb/57620438fb91.jpg,2026-02-16 12:00:00-08:00
2597,2026-02-16,18,110,,IG_POST,Drop a 🎮 if you're playing [TITLE] this weekend,#PlayStation,https://cdn.playstation.com/thumb/1f22b660b874.jpg,2026-02-16 09:00:00-08:00
2598,2026-02-16,18,111,,TT_VIDEO,when the [TITLE] cutscene hits different,#PlayStation #fyp #gaming,https://cdn.playstation.com/thumb/57620438fb91.jpg,2026-02-16 12:00:00-08:00
2599,2026-02-16,18,113,19,TT_TRENDING,gamers tell us their favorite PS5 moment,#PS5 #fyp #gamertok,https://cdn.playstation.com/thumb/936ee89b6f01.jpg,2026-02-16 12:00:00-08:00
2600,2026-02-16,18,110,,YT_LONG,[TITLE] - Deep Dive with the Dev Team,#PlayStation,https://cdn.playstation.com/thumb/993f244fea4d.jpg,2026-02-16 12:00:00-08:00
2601,2026-02-16,18,108,,TT_VIDEO,when the [TITLE] cutscene hits different,#PlayStation #fyp #gaming,https://cdn.playstation.com/thumb/57620438fb91.jpg,2026-02-16 12:00:00-08:00
2602,2026-02-16,18,113,19,IG_POST,Drop a 🎮 if you're playing [TITLE] this weekend,#PlayStation,https://cdn.playstation.com/thumb/1f22b660b874.jpg,2026-02-16 09:00:00-08:00
2603,2026-02-16,18,106,10,TT_TRENDING,gamers tell us their favorite PS5 moment,#PS5 #fyp #gamertok,https://cdn.playstation.com/thumb/936ee89b6f01.jpg,2026-02-16 12:00:00-08:00
2604,2026-02-16,19,111,,YT_SHORT,Behind the scenes: making [TITLE] #PlayStation #Shorts,#PlayStation #Shorts #Gaming,https://cdn.playstation.com/thumb/5897091e351b.jpg,2026-02-16 17:00:00-08:00
2605,2026-02-16,19,113,19,YT_TRAILER,[TITLE] - Official Launch Trailer | PS5,#PlayStation,https://cdn.playstation.com/thumb/1ad28b906a02.jpg,2026-02-16 20:00:00-08:00
2606,2026-02-16,19,104,2,IG_POST,Drop a 🎮 if you're playing [TITLE] this weekend,#PlayStation,https://cdn.playstation.com/thumb/1f22b660b874.jpg,2026-02-16 09:00:00-08:00
2607,2026-02-16,19,108,,IG_REEL,POV: you finally got [TITLE] 🎮,#PlayStation #PS5 #Gaming,https://cdn.playstation.com/thumb/fb955a82a98f.jpg,2026-02-16 16:00:00-08:00
2608,2026-02-16,19,107,,BLOG_DEV_DIARY,Dev diary #7 - crafting [TITLE],#PlayStation,https://cdn.playstation.com/thumb/2b83f617d226.jpg,2026-02-16 15:00:00-08:00
2609,2026-02-16,19,110,,IG_STORY,Out now on PS5 🔥,#PlayStation,https://cdn.playstation.com/thumb/a42e4b5cd7ba.jpg,2026-02-16 19:00:00-08:00
2610,2026-02-16,19,113,19,YT_SHORT,Behind the scenes: making [TITLE] #PlayStation #Shorts,#PlayStation #Shorts #Gaming,https://cdn.playstation.com/thumb/5897091e351b.jpg,2026-02-16 17:00:00-08:00
2611,2026-02-16,19,113,19,BLOG_DEV_DIARY,Dev diary #7 - crafting [TITLE],#PlayStation,https://cdn.playstation.com/thumb/2b83f617d226.jpg,2026-02-16 15:00:00-08:00
2612,2026-02-16,19,106,10,BLOG_DEV_DIARY,Dev diary #7 - crafting [TITLE],#PlayStation,https://cdn.playstation.com/thumb/2b83f617d226.jpg,2026-02-16 15:00:00-08:00
2613,2026-02-16,19,107,,IG_STORY,Out now on PS5 🔥,#PlayStation,https://cdn.playstation.com/thumb/a42e4b5cd7ba.jpg,2026-02-16 19:00:00-08:00
2614,2026-02-16,19,114,30,YT_LONG,[TITLE] - Deep Dive with the Dev Team,#PlayStation,https://cdn.playstation.com/thumb/993f244fea4d.jpg,2026-02-16 12:00:00-08:00
2615,2026-02-16,19,104,2,BLOG_POST,[TITLE]: Everything you need to know,#PlayStation,https://cdn.playstation.com/thumb/51776f526731.jpg,2026-02-16 20:00:00-08:00
2616,2026-02-16,19,107,,BLOG_POST,[TITLE]: Everything you need to know,#PlayStation,https://cdn.playstation.com/thumb/51776f526731.jpg,2026-02-16 20:00:00-08:00
2617,2026-02-16,19,108,,BLOG_POST,[TITLE]: Everything you need to know,#PlayStation,https://cdn.playstation.com/thumb/51776f526731.jpg,2026-02-16 20:00:00-08:00
2618,2026-02-16,19,113,19,BLOG_POST,[TITLE]: Everything you need to know,#PlayStation,https://cdn.playstation.com/thumb/51776f526731.jpg,2026-02-16 20:00:00-08:00
2619,2026-02-16,20,108,,YT_TRAILER,[TITLE] - Official Launch Trailer | PS5,#PlayStation,https://cdn.playstation.com/thumb/1ad28b906a02.jpg,2026-02-16 20:00:00-08:00
2620,2026-02-16,20,108,,IG_STORY,Out now on PS5 🔥,#PlayStation,https://cdn.playstation.com/thumb/a42e4b5cd7ba.jpg,2026-02-16 19:00:00-08:00
2621,2026-02-16,20,110,,BLOG_POST,[TITLE]: Everything you need to know,#PlayStation,https://cdn.playstation.com/thumb/51776f526731.jpg,2026-02-16 20:00:00-08:00
2622,2026-02-17,12,106,10,IG_STORY,Out now on PS5 🔥,#PlayStation,https://cdn.playstation.com/thumb/4e48cb2e51e9.jpg,2026-02-17 17:00:00-08:00
2623,2026-02-17,12,104,2,YT_SHORT,Behind the scenes: making [TITLE] #PlayStation #Shorts,#PlayStation #Shorts #Gaming,https://cdn.playstation.com/thumb/807a35897bcd.jpg,2026-02-17 20:00:00-08:00
2624,2026-02-17,12,108,,IG_REEL,POV: you finally got [TITLE] 🎮,#PlayStation #PS5 #Gaming,https://cdn.playstation.com/thumb/e4ee1f912a56.jpg,2026-02-17 10:00:00-08:00
2625,2026-02-17,18,106,10,YT_SHORT,Behind the scenes: making [TITLE] #PlayStation #Shorts,#PlayStation #Shorts #Gaming,https://cdn.playstation.com/thumb/807a35897bcd.jpg,2026-02-17 20:00:00-08:00
2626,2026-02-17,18,108,,TT_VIDEO,when the [TITLE] cutscene hits different,#PlayStation #fyp #gaming,https://cdn.playstation.com/thumb/7c2187db197b.jpg,2026-02-17 11:00:00-08:00
2627,2026-02-17,18,108,,YT_TRAILER,[TITLE] - Official Launch Trailer | PS5,#PlayStation,https://cdn.playstation.com/thumb/9de37ba724a6.jpg,2026-02-17 09:00:00-08:00
2628,2026-02-17,18,110,,YT_LONG,[TITLE] - Deep Dive with the Dev Team,#PlayStation,https://cdn.playstation.com/thumb/8a5e3f6f3ab9.jpg,2026-02-17 12:00:00-08:00
2629,2026-02-17,18,110,,YT_TRAILER,[TITLE] - Official Launch Trailer | PS5,#PlayStation,https://cdn.playstation.com/thumb/9de37ba724a6.jpg,2026-02-17 09:00:00-08:00
2630,2026-02-17,19,114,30,YT_LONG,[TITLE] - Deep Dive with the Dev Team,#PlayStation,https://cdn.playstation.com/thumb/8a5e3f6f3ab9.jpg,2026-02-17 12:00:00-08:00
2631,2026-02-17,19,104,2,TT_VIDEO,when the [TITLE] cutscene hits different,#PlayStation #fyp #gaming,https://cdn.playstation.com/thumb/7c2187db197b.jpg,2026-02-17 11:00:00-08:00
2632,2026-02-17,19,108,,YT_TRAILER,[TITLE] - Official Launch Trailer | PS5,#PlayStation,https://cdn.playstation.com/thumb/9de37ba724a6.jpg,2026-02-17 09:00:00-08:00
2633,2026-02-17,19,114,30,IG_POST,Drop a 🎮 if you're playing [TITLE] this weekend,#PlayStation,https://cdn.playstation.com/thumb/2dd1fae8834d.jpg,2026-02-17 14:00:00-08:00
2634,2026-02-17,20,113,19,IG_POST,Drop a 🎮 if you're playing [TITLE] this weekend,#PlayStation,https://cdn.playstation.com/thumb/2dd1fae8834d.jpg,2026-02-17 14:00:00-08:00
2635,2026-02-17,20,106,10,YT_TRAILER,[TITLE] - Official Launch Trailer | PS5,#PlayStation,https://cdn.playstation.com/thumb/9de37ba724a6.jpg,2026-02-17 09:00:00-08:00
2636,2026-02-17,20,107,,YT_TRAILER,[TITLE] - Official Launch Trailer | PS5,#PlayStation,https://cdn.playstation.com/thumb/9de37ba724a6.jpg,2026-02-17 09:00:00-08:00
2637,2026-02-17,20,108,,IG_STORY,Out now on PS5 🔥,#PlayStation,https://cdn.playstation.com/thumb/4e48cb2e51e9.jpg,2026-02-17 17:00:00-08:00
2638,2026-02-18,12,113,19,YT_TRAILER,[TITLE] - Official Launch Trailer | PS5,#PlayStation,https://cdn.playstation.com/thumb/7b6df449ce6e.jpg,2026-02-18 15:00:00-08:00
2639,2026-02-18,12,104,2,TT_TRENDING,gamers tell us their favorite PS5 moment,#PS5 #fyp #gamertok,https://cdn.playstation.com/thumb/4f98a908256c.jpg,2026-02-18 17:00:00-08:00
2640,2026-02-18,12,113,19,BLOG_POST,[TITLE]: Everything you need to know,#PlayStation,https://cdn.playstation.com/thumb/70762aa26d1a.jpg,2026-02-18 14:00:00-08:00
2641,2026-02-18,12,107,,IG_POST,Drop a 🎮 if you're playing [TITLE] this weekend,#PlayStation,https://cdn.playstation.com/thumb/a10cc4561cbd.jpg,2026-02-18 10:00:00-08:00
2642,2026-02-18,12,107,,IG_STORY,Out now on PS5 🔥,#PlayStation,https://cdn.playstation.com/thumb/880295b659e7.jpg,2026-02-18 14:00:00-08:00
2643,2026-02-18,12,108,,YT_LONG,[TITLE] - Deep Dive with the Dev Team,#PlayStation,https://cdn.playstation.com/thumb/5606fbdac0c3.jpg,2026-02-18 16:00:00-08:00
2644,2026-02-18,12,107,,TT_TRENDING,gamers tell us their favorite PS5 moment,#PS5 #fyp #gamertok,https://cdn.playstation.com/thumb/4f98a908256c.jpg,2026-02-18 17:00:00-08:00
2645,2026-02-18,12,104,2,TT_VIDEO,when the [TITLE] cutscene hits different,#PlayStation #fyp #gaming,https://cdn.playstation.com/thumb/65546098f0be.jpg,2026-02-18 09:00:00-08:00
2646,2026-02-18,18,107,,IG_STORY,Out now on PS5 🔥,#PlayStation,https://cdn.playstation.com/thumb/880295b659e7.jpg,2026-02-18 14:00:00-08:00
2647,2026-02-18,18,108,,TT_VIDEO,when the [TITLE] cutscene hits different,#PlayStation #fyp #gaming,https://cdn.playstation.com/thumb/65546098f0be.jpg,2026-02-18 09:00:00-08:00
2648,2026-02-18,18,110,,YT_LONG,[TITLE] - Deep Dive with the Dev Team,#PlayStation,https://cdn.playstation.com/thumb/5606fbdac0c3.jpg,2026-02-18 16:00:00-08:00
2649,2026-02-18,18,113,19,YT_LONG,[TITLE] - Deep Dive with the Dev Team,#PlayStation,https://cdn.playstation.com/thumb/5606fbdac0c3.jpg,2026-02-18 16:00:00-08:00
2650,2026-02-18,19,108,,IG_STORY,Out now on PS5 🔥,#PlayStation,https://cdn.playstation.com/thumb/880295b659e7.jpg,2026-02-18 14:00:00-08:00
2651,2026-02-18,19,108,,BLOG_DEV_DIARY,Dev diary #7 - crafting [TITLE],#PlayStation,https://cdn.playstation.com/thumb/53907d015579.jpg,2026-02-18 09:00:00-08:00
2652,2026-02-18,19,104,2,BLOG_POST,[TITLE]: Everything you need to know,#PlayStation,https://cdn.playstation.com/thumb/70762aa26d1a.jpg,2026-02-18 14:00:00-08:00
2653,2026-02-18,19,104,2,IG_REEL,POV: you finally got [TITLE] 🎮,#PlayStation #PS5 #Gaming,https://cdn.playstation.com/thumb/05ef406ce3a8.jpg,2026-02-18 20:00:00-08:00
2654,2026-02-18,19,113,19,IG_REEL,POV: you finally got [TITLE] 🎮,#PlayStation #PS5 #Gaming,https://cdn.playstation.com/thumb/05ef406ce3a8.jpg,2026-02-18 20:00:00-08:00
2655,2026-02-18,19,113,19,YT_TRAILER,[TITLE] - Official Launch Trailer | PS5,#PlayStation,https://cdn.playstation.com/thumb/7b6df449ce6e.jpg,2026-02-18 15:00:00-08:00
2656,2026-02-18,19,106,10,BLOG_DEV_DIARY,Dev diary #7 - crafting [TITLE],#PlayStation,https://cdn.playstation.com/thumb/53907d015579.jpg,2026-02-18 09:00:00-08:00
2657,2026-02-18,19,107,,YT_LONG,[TITLE] - Deep Dive with the Dev Team,#PlayStation,https://cdn.playstation.com/thumb/5606fbdac0c3.jpg,2026-02-18 16:00:00-08:00
2658,2026-02-18,19,110,,IG_POST,Drop a 🎮 if you're playing [TITLE] this weekend,#PlayStation,https://cdn.playstation.com/thumb/a10cc4561cbd.jpg,2026-02-18 10:00:00-08:00
2659,2026-02-18,20,104,2,TT_VIDEO,when the [TITLE] cutscene hits different,#PlayStation #fyp #gaming,https://cdn.playstation.com/thumb/65546098f0be.jpg,2026-02-18 09:00:00-08:00
2660,2026-02-18,20,107,,IG_REEL,POV: you finally got [TITLE] 🎮,#PlayStation #PS5 #Gaming,https://cdn.playstation.com/thumb/05ef406ce3a8.jpg,2026-02-18 20:00:00-08:00
2661,2026-02-18,20,114,30,IG_REEL,POV: you finally got [TITLE] 🎮,#PlayStation #PS5 #Gaming,https://cdn.playstation.com/thumb/05ef406ce3a8.jpg,2026-02-18 20:00:00-08:00
2662,2026-02-18,20,114,30,BLOG_POST,[TITLE]: Everything you need to know,#PlayStation,https://cdn.playstation.com/thumb/70762aa26d1a.jpg,2026-02-18 14:00:00-08:00
2663,2026-02-18,20,108,,TT_TRENDING,gamers tell us their favorite PS5 moment,#PS5 #fyp #gamertok,https://cdn.playstation.com/thumb/4f98a908256c.jpg,2026-02-18 17:00:00-08:00
2664,2026-02-18,20,108,,YT_LONG,[TITLE] - Deep Dive with the Dev Team,#PlayStation,https://cdn.playstation.com/thumb/5606fbdac0c3.jpg,2026-02-18 16:00:00-08:00
2665,2026-02-18,20,104,2,YT_TRAILER,[TITLE] - Official Launch Trailer | PS5,#PlayStation,https://cdn.playstation.com/thumb/7b6df449ce6e.jpg,2026-02-18 15:00:00-08:00
2666,2026-02-18,20,113,19,BLOG_DEV_DIARY,Dev diary #7 - crafting [TITLE],#PlayStation,https://cdn.playstation.com/thumb/53907d015579.jpg,2026-02-18 09:00:00-08:00
2667,2026-02-19,12,108,,YT_TRAILER,[TITLE] - Official Launch Trailer | PS5,#PlayStation,https://cdn.playstation.com/thumb/cd25cfa6dc7f.jpg,2026-02-19 17:00:00-08:00
2668,2026-02-19,12,106,10,YT_TRAILER,[TITLE] - Official Launch Trailer | PS5,#PlayStation,https://cdn.playstation.com/thumb/cd25cfa6dc7f.jpg,2026-02-19 17:00:00-08:00
2669,2026-02-19,18,108,,IG_STORY,Out now on PS5 🔥,#PlayStation,https://cdn.playstation.com/thumb/3afd88a49273.jpg,2026-02-19 20:00:00-08:00
2670,2026-02-19,18,108,,TT_TRENDING,gamers tell us their favorite PS5 moment,#PS5 #fyp #gamertok,https://cdn.playstation.com/thumb/78c5656a9582.jpg,2026-02-19 16:00:00-08:00
2671,2026-02-19,18,104,2,BLOG_POST,[TITLE]: Everything you need to know,#PlayStation,https://cdn.playstation.com/thumb/081d3f5f913a.jpg,2026-02-19 10:00:00-08:00
2672,2026-02-19,18,113,19,YT_SHORT,Behind the scenes: making [TITLE] #PlayStation #Shorts,#PlayStation #Shorts #Gaming,https://cdn.playstation.com/thumb/dc3953231b6d.jpg,2026-02-19 14:00:00-08:00
2673,2026-02-19,18,106,10,IG_POST,Drop a 🎮 if you're playing [TITLE] this weekend,#PlayStation,https://cdn.playstation.com/thumb/493188167c0f.jpg,2026-02-19 14:00:00-08:00
2674,2026-02-19,18,113,19,BLOG_POST,[TITLE]: Everything you need to know,#PlayStation,https://cdn.playstation.com/thumb/081d3f5f913a.jpg,2026-02-19 10:00:00-08:00
2675,2026-02-19,18,104,2,YT_SHORT,Behind the scenes: making [TITLE] #PlayStation #Shorts,#PlayStation #Shorts #Gaming,https://cdn.playstation.com/thumb/dc3953231b6d.jpg,2026-02-19 14:00:00-08:00
2676,2026-02-19,18,114,30,BLOG_POST,[TITLE]: Everything you need to know,#PlayStation,https://cdn.playstation.com/thumb/081d3f5f913a.jpg,2026-02-19 10:00:00-08:00
2677,2026-02-19,19,113,19,TT_VIDEO,when the [TITLE] cutscene hits different,#PlayStation #fyp #gaming,https://cdn.playstation.com/thumb/9f098395290a.jpg,2026-02-19 15:00:00-08:00
2678,2026-02-19,19,113,19,BLOG_DEV_DIARY,Dev diary #7 - crafting [TITLE],#PlayStation,https://cdn.playstation.com/thumb/d1983a82258b.jpg,2026-02-19 16:00:00-08:00
2679,2026-02-19,19,104,2,YT_TRAILER,[TITLE] - Official Launch Trailer | PS5,#PlayStation,https://cdn.playstation.com/thumb/cd25cfa6dc7f.jpg,2026-02-19 17:00:00-08:00
2680,2026-02-19,19,114,30,IG_POST,Drop a 🎮 if you're playing [TITLE] this weekend,#PlayStation,https://cdn.playstation.com/thumb/493188167c0f.jpg,2026-02-19 14:00:00-08:00
2681,2026-02-19,19,104,2,YT_LONG,[TITLE] - Deep Dive with the Dev Team,#PlayStation,https://cdn.playstation.com/thumb/4c87ac625a61.jpg,2026-02-19 17:00:00-08:00
2682,2026-02-19,19,110,,TT_VIDEO,when the [TITLE] cutscene hits different,#PlayStation #fyp #gaming,https://cdn.playstation.com/thumb/9f098395290a.jpg,2026-02-19 15:00:00-08:00
2683,2026-02-19,20,107,,TT_VIDEO,when the [TITLE] cutscene hits different,#PlayStation #fyp #gaming,https://cdn.playstation.com/thumb/9f098395290a.jpg,2026-02-19 15:00:00-08:00
2684,2026-02-19,20,108,,BLOG_POST,[TITLE]: Everything you need to know,#PlayStation,https://cdn.playstation.com/thumb/081d3f5f913a.jpg,2026-02-19 10:00:00-08:00
2685,2026-02-20,12,108,,IG_STORY,Out now on PS5 🔥,#PlayStation,https://cdn.playstation.com/thumb/fa057ea8914e.jpg,2026-02-20 16:00:00-08:00
2686,2026-02-20,12,106,10,YT_SHORT,Behind the scenes: making [TITLE] #PlayStation #Shorts,#PlayStation #Shorts #Gaming,https://cdn.playstation.com/thumb/661146538419.jpg,2026-02-20 16:00:00-08:00
2687,2026-02-20,12,113,19,BLOG_POST,[TITLE]: Everything you need to know,#PlayStation,https://cdn.playstation.com/thumb/5e2f9fc080c3.jpg,2026-02-20 17:00:00-08:00
2688,2026-02-20,12,104,2,IG_STORY,Out now on PS5 🔥,#PlayStation,https://cdn.playstation.com/thumb/fa057ea8914e.jpg,2026-02-20 16:00:00-08:00
2689,2026-02-20,12,113,19,IG_REEL,POV: you finally got [TITLE] 🎮,#PlayStation #PS5 #Gaming,https://cdn.playstation.com/thumb/dcb51197be4d.jpg,2026-02-20 16:00:00-08:00
2690,2026-02-20,12,104,2,TT_TRENDING,gamers tell us their favorite PS5 moment,#PS5 #fyp #gamertok,https://cdn.playstation.com/thumb/8d8803f1eca9.jpg,2026-02-20 18:00:00-08:00
2691,2026-02-20,12,110,,TT_VIDEO,when the [TITLE] cutscene hits different,#PlayStation #fyp #gaming,https://cdn.playstation.com/thumb/1f08b98ff78a.jpg,2026-02-20 13:00:00-08:00
2692,2026-02-20,12,106,10,IG_REEL,POV: you finally got [TITLE] 🎮,#PlayStation #PS5 #Gaming,https://cdn.playstation.com/thumb/dcb51197be4d.jpg,2026-02-20 16:00:00-08:00
2693,2026-02-20,12,114,30,BLOG_DEV_DIARY,Dev diary #7 - crafting [TITLE],#PlayStation,https://cdn.playstation.com/thumb/c41a803f6328.jpg,2026-02-20 16:00:00-08:00
2694,2026-02-20,12,114,30,IG_REEL,POV: you finally got [TITLE] 🎮,#PlayStation #PS5 #Gaming,https://cdn.playstation.com/thumb/dcb51197be4d.jpg,2026-02-20 16:00:00-08:00
2695,2026-02-20,12,113,19,YT_LONG,[TITLE] - Deep Dive with the Dev Team,#PlayStation,https://cdn.playstation.com/thumb/29f803874b72.jpg,2026-02-20 16:00:00-08:00
2696,2026-02-20,12,104,2,BLOG_DEV_DIARY,Dev diary #7 - crafting [TITLE],#PlayStation,https://cdn.playstation.com/thumb/c41a803f6328.jpg,2026-02-20 16:00:00-08:00
2697,2026-02-20,18,110,,IG_POST,Drop a 🎮 if you're playing [TITLE] this weekend,#PlayStation,https://cdn.playstation.com/thumb/70d9d9b12446.jpg,2026-02-20 16:00:00-08:00
2698,2026-02-20,18,114,30,TT_VIDEO,when the [TITLE] cutscene hits different,#PlayStation #fyp #gaming,https://cdn.playstation.com/thumb/1f08b98ff78a.jpg,2026-02-20 13:00:00-08:00
2699,2026-02-20,18,106,10,YT_TRAILER,[TITLE] - Official Launch Trailer | PS5,#PlayStation,https://cdn.playstation.com/thumb/0c1811733c7e.jpg,2026-02-20 19:00:00-08:00
2700,2026-02-20,18,106,10,BLOG_DEV_DIARY,Dev diary #7 - crafting [TITLE],#PlayStation,https://cdn.playstation.com/thumb/c41a803f6328.jpg,2026-02-20 16:00:00-08:00
2701,2026-02-20,19,113,19,YT_SHORT,Behind the scenes: making [TITLE] #PlayStation #Shorts,#PlayStation #Shorts #Gaming,https://cdn.playstation.com/thumb/661146538419.jpg,2026-02-20 16:00:00-08:00
2702,2026-02-20,19,106,10,TT_VIDEO,when the [TITLE] cutscene hits different,#PlayStation #fyp #gaming,https://cdn.playstation.com/thumb/1f08b98ff78a.jpg,2026-02-20 13:00:00-08:00
2703,2026-02-20,19,107,,TT_TRENDING,gamers tell us their favorite PS5 moment,#PS5 #fyp #gamertok,https://cdn.playstation.com/thumb/8d8803f1eca9.jpg,2026-02-20 18:00:00-08:00
2704,2026-02-20,19,113,19,IG_POST,Drop a 🎮 if you're playing [TITLE] this weekend,#PlayStation,https://cdn.playstation.com/thumb/70d9d9b12446.jpg,2026-02-20 16:00:00-08:00
2705,2026-02-20,19,108,,IG_STORY,Out now on PS5 🔥,#PlayStation,https://cdn.playstation.com/thumb/fa057ea8914e.jpg,2026-02-20 16:00:00-08:00
2706,2026-02-20,20,108,,IG_POST,Drop a 🎮 if you're playing [TITLE] this weekend,#PlayStation,https://cdn.playstation.com/thumb/70d9d9b12446.jpg,2026-02-20 16:00:00-08:00
2707,2026-02-20,20,107,,BLOG_DEV_DIARY,Dev diary #7 - crafting [TITLE],#PlayStation,https://cdn.playstation.com/thumb/c41a803f6328.jpg,2026-02-20 16:00:00-08:00
2708,2026-02-20,20,106,10,BLOG_POST,[TITLE]: Everything you need to know,#PlayStation,https://cdn.playstation.com/thumb/5e2f9fc080c3.jpg,2026-02-20 17:00:00-08:00
2709,2026-02-20,20,108,,BLOG_POST,[TITLE]: Everything you need to know,#PlayStation,https://cdn.playstation.com/thumb/5e2f9fc080c3.jpg,2026-02-20 17:00:00-08:00
2710,2026-02-20,20,108,,YT_TRAILER,[TITLE] - Official Launch Trailer | PS5,#PlayStation,https://cdn.playstation.com/thumb/0c1811733c7e.jpg,2026-02-20 19:00:00-08:00
2711,2026-02-20,20,114,30,YT_SHORT,Behind the scenes: making [TITLE] #PlayStation #Shorts,#PlayStation #Shorts #Gaming,https://cdn.playstation.com/thumb/661146538419.jpg,2026-02-20 16:00:00-08:00
2712,2026-02-20,20,108,,YT_LONG,[TITLE] - Deep Dive with the Dev Team,#PlayStation,https://cdn.playstation.com/thumb/29f803874b72.jpg,2026-02-20 16:00:00-08:00
2713,2026-02-20,20,108,,TT_VIDEO,when the [TITLE] cutscene hits different,#PlayStation #fyp #gaming,https://cdn.playstation.com/thumb/1f08b98ff78a.jpg,2026-02-20 13:00:00-08:00
2714,2026-02-20,20,107,,YT_SHORT,Behind the scenes: making [TITLE] #PlayStation #Shorts,#PlayStation #Shorts #Gaming,https://cdn.playstation.com/thumb/661146538419.jpg,2026-02-20 16:00:00-08:00
2715,2026-02-20,20,107,,TT_TRENDING,gamers tell us their favorite PS5 moment,#PS5 #fyp #gamertok,https://cdn.playstation.com/thumb/8d8803f1eca9.jpg,2026-02-20 18:00:00-08:00
2716,2026-02-20,20,114,30,IG_POST,Drop a 🎮 if you're playing [TITLE] this weekend,#PlayStation,https://cdn.playstation.com/thumb/70d9d9b12446.jpg,2026-02-20 16:00:00-08:00
2717,2026-02-20,20,110,,BLOG_POST,[TITLE]: Everything you need to know,#PlayStation,https://cdn.playstation.com/thumb/5e2f9fc080c3.jpg,2026-02-20 17:00:00-08:00
2718,2026-02-21,12,110,,IG_POST,Drop a 🎮 if you're playing [TITLE] this weekend,#PlayStation,https://cdn.playstation.com/thumb/3e5165ece39b.jpg,2026-02-21 20:00:00-08:00
2719,2026-02-21,12,110,,YT_TRAILER,[TITLE] - Official Launch Trailer | PS5,#PlayStation,https://cdn.playstation.com/thumb/211e7fd557ec.jpg,2026-02-21 19:00:00-08:00
2720,2026-02-21,12,108,,IG_STORY,Out now on PS5 🔥,#PlayStation,https://cdn.playstation.com/thumb/fc8bf0692af1.jpg,2026-02-21 18:00:00-08:00
2721,2026-02-21,12,106,10,IG_POST,Drop a 🎮 if you're playing [TITLE] this weekend,#PlayStation,https://cdn.playstation.com/thumb/3e5165ece39b.jpg,2026-02-21 20:00:00-08:00
2722,2026-02-21,18,110,,YT_SHORT,Behind the scenes: making [TITLE] #PlayStation #Shorts,#PlayStation #Shorts #Gaming,https://cdn.playstation.com/thumb/330217839728.jpg,2026-02-21 10:00:00-08:00
2723,2026-02-21,18,107,,IG_STORY,Out now on PS5 🔥,#PlayStation,https://cdn.playstation.com/thumb/fc8bf0692af1.jpg,2026-02-21 18:00:00-08:00
2724,2026-02-21,18,108,,TT_VIDEO,when the [TITLE] cutscene hits different,#PlayStation #fyp #gaming,https://cdn.playstation.com/thumb/064ef697c8ca.jpg,2026-02-21 10:00:00-08:00
2725,2026-02-21,18,106,10,BLOG_POST,[TITLE]: Everything you need to know,#PlayStation,https://cdn.playstation.com/thumb/a0b06302b109.jpg,2026-02-21 18:00:00-08:00
2726,2026-02-21,19,114,30,TT_TRENDING,gamers tell us their favorite PS5 moment,#PS5 #fyp #gamertok,https://cdn.playstation.com/thumb/d8bf27fa1f9c.jpg,2026-02-21 17:00:00-08:00
2727,2026-02-21,19,113,19,TT_VIDEO,when the [TITLE] cutscene hits different,#PlayStation #fyp #gaming,https://cdn.playstation.com/thumb/064ef697c8ca.jpg,2026-02-21 10:00:00-08:00
2728,2026-02-21,19,114,30,YT_LONG,[TITLE] - Deep Dive with the Dev Team,#PlayStation,https://cdn.playstation.com/thumb/494eebf4cb23.jpg,2026-02-21 09:00:00-08:00
2729,2026-02-21,19,113,19,IG_STORY,Out now on PS5 🔥,#PlayStation,https://cdn.playstation.com/thumb/fc8bf0692af1.jpg,2026-02-21 18:00:00-08:00
2730,2026-02-21,19,108,,BLOG_DEV_DIARY,Dev diary #7 - crafting [TITLE],#PlayStation,https://cdn.playstation.com/thumb/61df302cd520.jpg,2026-02-21 10:00:00-08:00
2731,2026-02-21,19,113,19,YT_TRAILER,[TITLE] - Official Launch Trailer | PS5,#PlayStation,https://cdn.playstation.com/thumb/211e7fd557ec.jpg,2026-02-21 19:00:00-08:00
2732,2026-02-21,19,108,,YT_LONG,[TITLE] - Deep Dive with the Dev Team,#PlayStation,https://cdn.playstation.com/thumb/494eebf4cb23.jpg,2026-02-21 09:00:00-08:00
2733,2026-02-21,20,110,,BLOG_DEV_DIARY,Dev diary #7 - crafting [TITLE],#PlayStation,https://cdn.playstation.com/thumb/61df302cd520.jpg,2026-02-21 10:00:00-08:00
2734,2026-02-21,20,113,19,YT_TRAILER,[TITLE] - Official Launch Trailer | PS5,#PlayStation,https://cdn.playstation.com/thumb/211e7fd557ec.jpg,2026-02-21 19:00:00-08:00
2735,2026-02-21,20,108,,IG_POST,Drop a 🎮 if you're playing [TITLE] this weekend,#PlayStation,https://cdn.playstation.com/thumb/3e5165ece39b.jpg,2026-02-21 20:00:00-08:00
2736,2026-02-21,20,106,10,BLOG_POST,[TITLE]: Everything you need to know,#PlayStation,https://cdn.playstation.com/thumb/a0b06302b109.jpg,2026-02-21 18:00:00-08:00
2737,2026-02-22,12,113,19,BLOG_POST,[TITLE]: Everything you need to know,#PlayStation,https://cdn.playstation.com/thumb/6834bf450255.jpg,2026-02-22 19:00:00-08:00
2738,2026-02-22,12,113,19,IG_REEL,POV: you finally got [TITLE] 🎮,#PlayStation #PS5 #Gaming,https://cdn.playstation.com/thumb/f4704e8aa8c2.jpg,2026-02-22 10:00:00-08:00
2739,2026-02-22,12,110,,IG_STORY,Out now on PS5 🔥,#PlayStation,https://cdn.playstation.com/thumb/4f9a835fffdb.jpg,2026-02-22 20:00:00-08:00
2740,2026-02-22,12,106,10,BLOG_DEV_DIARY,Dev diary #7 - crafting [TITLE],#PlayStation,https://cdn.playstation.com/thumb/3e4f1cd6afcd.jpg,2026-02-22 09:00:00-08:00
2741,2026-02-22,12,106,10,IG_REEL,POV: you finally got [TITLE] 🎮,#PlayStation #PS5 #Gaming,https://cdn.playstation.com/thumb/f4704e8aa8c2.jpg,2026-02-22 10:00:00-08:00
2742,2026-02-22,12,107,,YT_LONG,[TITLE] - Deep Dive with the Dev Team,#PlayStation,https://cdn.playstation.com/thumb/25d0dab7698e.jpg,2026-02-22 15:00:00-08:00
2743,2026-02-22,12,108,,BLOG_POST,[TITLE]: Everything you need to know,#PlayStation,https://cdn.playstation.com/thumb/6834bf450255.jpg,2026-02-22 19:00:00-08:00
2744,2026-02-22,12,114,30,YT_SHORT,Behind the scenes: making [TITLE] #PlayStation #Shorts,#PlayStation #Shorts #Gaming,https://cdn.playstation.com/thumb/10195271aad1.jpg,2026-02-22 17:00:00-08:00
2745,2026-02-22,18,110,,TT_VIDEO,when the [TITLE] cutscene hits different,#PlayStation #fyp #gaming,https://cdn.playstation.com/thumb/5dd34468cc1b.jpg,2026-02-22 14:00:00-08:00
2746,2026-02-22,18,114,30,YT_SHORT,Behind the scenes: making [TITLE] #PlayStation #Shorts,#PlayStation #Shorts #Gaming,https://cdn.playstation.com/thumb/10195271aad1.jpg,2026-02-22 17:00:00-08:00
2747,2026-02-22,18,106,10,BLOG_POST,[TITLE]: Everything you need to know,#PlayStation,https://cdn.playstation.com/thumb/6834bf450255.jpg,2026-02-22 19:00:00-08:00
2748,2026-02-22,18,114,30,TT_VIDEO,when the [TITLE] cutscene hits different,#PlayStation #fyp #gaming,https://cdn.playstation.com/thumb/5dd34468cc1b.jpg,2026-02-22 14:00:00-08:00
2749,2026-02-22,18,113,19,IG_STORY,Out now on PS5 🔥,#PlayStation,https://cdn.playstation.com/thumb/4f9a835fffdb.jpg,2026-02-22 20:00:00-08:00
2750,2026-02-22,19,104,2,YT_LONG,[TITLE] - Deep Dive with the Dev Team,#PlayStation,https://cdn.playstation.com/thumb/25d0dab7698e.jpg,2026-02-22 15:00:00-08:00
2751,2026-02-22,19,106,10,YT_SHORT,Behind the scenes: making [TITLE] #PlayStation #Shorts,#PlayStation #Shorts #Gaming,https://cdn.playstation.com/thumb/10195271aad1.jpg,2026-02-22 17:00:00-08:00
2752,2026-02-22,19,114,30,TT_VIDEO,when the [TITLE] cutscene hits different,#PlayStation #fyp #gaming,https://cdn.playstation.com/thumb/5dd34468cc1b.jpg,2026-02-22 14:00:00-08:00
2753,2026-02-22,20,106,10,YT_LONG,[TITLE] - Deep Dive with the Dev Team,#PlayStation,https://cdn.playstation.com/thumb/25d0dab7698e.jpg,2026-02-22 15:00:00-08:00
2754,2026-02-22,20,107,,IG_STORY,Out now on PS5 🔥,#PlayStation,https://cdn.playstation.com/thumb/4f9a835fffdb.jpg,2026-02-22 20:00:00-08:00
2755,2026-02-22,20,104,2,IG_POST,Drop a 🎮 if you're playing [TITLE] this weekend,#PlayStation,https://cdn.playstation.com/thumb/dec268006af0.jpg,2026-02-22 17:00:00-08:00
2756,2026-02-22,20,107,,BLOG_DEV_DIARY,Dev diary #7 - crafting [TITLE],#PlayStation,https://cdn.playstation.com/thumb/3e4f1cd6afcd.jpg,2026-02-22 09:00:00-08:00
2757,2026-02-22,20,110,,YT_TRAILER,[TITLE] - Official Launch Trailer | PS5,#PlayStation,https://cdn.playstation.com/thumb/159ecc5323d4.jpg,2026-02-22 20:00:00-08:00
2758,2026-02-23,12,110,,YT_TRAILER,[TITLE] - Official Launch Trailer | PS5,#PlayStation,https://cdn.playstation.com/thumb/e0e7e4cbb74f.jpg,2026-02-23 09:00:00-08:00
2759,2026-02-23,12,106,10,YT_TRAILER,[TITLE] - Official Launch Trailer | PS5,#PlayStation,https://cdn.playstation.com/thumb/e0e7e4cbb74f.jpg,2026-02-23 09:00:00-08:00
2760,2026-02-23,12,114,30,TT_TRENDING,gamers tell us their favorite PS5 moment,#PS5 #fyp #gamertok,https://cdn.playstation.com/thumb/475df4a61e81.jpg,2026-02-23 16:00:00-08:00
2761,2026-02-23,12,108,,YT_LONG,[TITLE] - Deep Dive with the Dev Team,#PlayStation,https://cdn.playstation.com/thumb/34cd97a6e27e.jpg,2026-02-23 15:00:00-08:00
2762,2026-02-23,12,114,30,IG_REEL,POV: you finally got [TITLE] 🎮,#PlayStation #PS5 #Gaming,https://cdn.playstation.com/thumb/000824b9e429.jpg,2026-02-23 20:00:00-08:00
2763,2026-02-23,12,104,2,IG_STORY,Out now on PS5 🔥,#PlayStation,https://cdn.playstation.com/thumb/3bfb58b7e76b.jpg,2026-02-23 18:00:00-08:00
2764,2026-02-23,18,106,10,IG_STORY,Out now on PS5 🔥,#PlayStation,https://cdn.playstation.com/thumb/3bfb58b7e76b.jpg,2026-02-23 18:00:00-08:00
2765,2026-02-23,18,106,10,IG_POST,Drop a 🎮 if you're playing [TITLE] this weekend,#PlayStation,https://cdn.playstation.com/thumb/cb3e9e7bc3d8.jpg,2026-02-23 16:00:00-08:00
2766,2026-02-23,18,114,30,IG_REEL,POV: you finally got [TITLE] 🎮,#PlayStation #PS5 #Gaming,https://cdn.playstation.com/thumb/000824b9e429.jpg,2026-02-23 20:00:00-08:00
2767,2026-02-23,18,113,19,IG_STORY,Out now on PS5 🔥,#PlayStation,https://cdn.playstation.com/thumb/3bfb58b7e76b.jpg,2026-02-23 18:00:00-08:00
2768,2026-02-23,18,104,2,TT_TRENDING,gamers tell us their favorite PS5 moment,#PS5 #fyp #gamertok,https://cdn.playstation.com/thumb/475df4a61e81.jpg,2026-02-23 16:00:00-08:00
2769,2026-02-23,18,108,,IG_REEL,POV: you finally got [TITLE] 🎮,#PlayStation #PS5 #Gaming,https://cdn.playstation.com/thumb/000824b9e429.jpg,2026-02-23 20:00:00-08:00
2770,2026-02-23,18,114,30,YT_LONG,[TITLE] - Deep Dive with the Dev Team,#PlayStation,https://cdn.playstation.com/thumb/34cd97a6e27e.jpg,2026-02-23 15:00:00-08:00
2771,2026-02-23,18,107,,BLOG_DEV_DIARY,Dev diary #7 - crafting [TITLE],#PlayStation,https://cdn.playstation.com/thumb/f552239f177b.jpg,2026-02-23 12:00:00-08:00
2772,2026-02-23,19,104,2,IG_POST,Drop a 🎮 if you're playing [TITLE] this weekend,#PlayStation,https://cdn.playstation.com/thumb/cb3e9e7bc3d8.jpg,2026-02-23 16:00:00-08:00
2773,2026-02-23,19,107,,IG_POST,Drop a 🎮 if you're playing [TITLE] this weekend,#PlayStation,https://cdn.playstation.com/thumb/cb3e9e7bc3d8.jpg,2026-02-23 16:00:00-08:00
2774,2026-02-23,19,110,,TT_TRENDING,gamers tell us their favorite PS5 moment,#PS5 #fyp #gamertok,https://cdn.playstation.com/thumb/475df4a61e81.jpg,2026-02-23 16:00:00-08:00
2775,2026-02-23,19,113,19,BLOG_DEV_DIARY,Dev diary #7 - crafting [TITLE],#PlayStation,https://cdn.playstation.com/thumb/f552239f177b.jpg,2026-02-23 12:00:00-08:00
2776,2026-02-23,19,108,,YT_TRAILER,[TITLE] - Official Launch Trailer | PS5,#PlayStation,https://cdn.playstation.com/thumb/e0e7e4cbb74f.jpg,2026-02-23 09:00:00-08:00
2777,2026-02-23,19,113,19,TT_VIDEO,when the [TITLE] cutscene hits different,#PlayStation #fyp #gaming,https://cdn.playstation.com/thumb/33bb9427308d.jpg,2026-02-23 17:00:00-08:00
2778,2026-02-23,20,104,2,IG_REEL,POV: you finally got [TITLE] 🎮,#PlayStation #PS5 #Gaming,https://cdn.playstation.com/thumb/000824b9e429.jpg,2026-02-23 20:00:00-08:00
2779,2026-02-23,20,113,19,BLOG_POST,[TITLE]: Everything you need to know,#PlayStation,https://cdn.playstation.com/thumb/6d8b423e44c5.jpg,2026-02-23 13:00:00-08:00
2780,2026-02-23,20,114,30,YT_TRAILER,[TITLE] - Official Launch Trailer | PS5,#PlayStation,https://cdn.playstation.com/thumb/e0e7e4cbb74f.jpg,2026-02-23 09:00:00-08:00
2781,2026-02-23,20,106,10,BLOG_DEV_DIARY,Dev diary #7 - crafting [TITLE],#PlayStation,https://cdn.playstation.com/thumb/f552239f177b.jpg,2026-02-23 12:00:00-08:00
2782,2026-02-23,20,106,10,YT_LONG,[TITLE] - Deep Dive with the Dev Team,#PlayStation,https://cdn.playstation.com/thumb/34cd97a6e27e.jpg,2026-02-23 15:00:00-08:00
2783,2026-02-23,20,114,30,YT_SHORT,Behind the scenes: making [TITLE] #PlayStation #Shorts,#PlayStation #Shorts #Gaming,https://cdn.playstation.com/thumb/a8b7686e705f.jpg,2026-02-23 14:00:00-08:00
2784,2026-02-23,20,104,2,BLOG_DEV_DIARY,Dev diary #7 - crafting [TITLE],#PlayStation,https://cdn.playstation.com/thumb/f552239f177b.jpg,2026-02-23 12:00:00-08:00
2785,2026-02-23,20,108,,YT_SHORT,Behind the scenes: making [TITLE] #PlayStation #Shorts,#PlayStation #Shorts #Gaming,https://cdn.playstation.com/thumb/a8b7686e705f.jpg,2026-02-23 14:00:00-08:00
2786,2026-02-24,12,114,30,TT_TRENDING,gamers tell us their favorite PS5 moment,#PS5 #fyp #gamertok,https://cdn.playstation.com/thumb/b6648edb9739.jpg,2026-02-24 09:00:00-08:00
2787,2026-02-24,12,110,,YT_LONG,[TITLE] - Deep Dive with the Dev Team,#PlayStation,https://cdn.playstation.com/thumb/5f56346f816b.jpg,2026-02-24 10:00:00-08:00
2788,2026-02-24,12,104,2,YT_SHORT,Behind the scenes: making [TITLE] #PlayStation #Shorts,#PlayStation #Shorts #Gaming,https://cdn.playstation.com/thumb/2605eb2c183e.jpg,2026-02-24 10:00:00-08:00
2789,2026-02-24,12,110,,YT_SHORT,Behind the scenes: making [TITLE] #PlayStation #Shorts,#PlayStation #Shorts #Gaming,https://cdn.playstation.com/thumb/2605eb2c183e.jpg,2026-02-24 10:00:00-08:00
2790,2026-02-24,12,106,10,YT_TRAILER,[TITLE] - Official Launch Trailer | PS5,#PlayStation,https://cdn.playstation.com/thumb/402954828dc3.jpg,2026-02-24 09:00:00-08:00
2791,2026-02-24,18,113,19,BLOG_DEV_DIARY,Dev diary #7 - crafting [TITLE],#PlayStation,https://cdn.playstation.com/thumb/338de722196a.jpg,2026-02-24 13:00:00-08:00
2792,2026-02-24,18,113,19,IG_STORY,Out now on PS5 🔥,#PlayStation,https://cdn.playstation.com/thumb/e95274275840.jpg,2026-02-24 15:00:00-08:00
2793,2026-02-24,18,110,,YT_SHORT,Behind the scenes: making [TITLE] #PlayStation #Shorts,#PlayStation #Shorts #Gaming,https://cdn.playstation.com/thumb/2605eb2c183e.jpg,2026-02-24 10:00:00-08:00
2794,2026-02-24,18,107,,IG_POST,Drop a 🎮 if you're playing [TITLE] this weekend,#PlayStation,https://cdn.playstation.com/thumb/dd3bc6cf55ab.jpg,2026-02-24 09:00:00-08:00
2795,2026-02-24,18,108,,YT_TRAILER,[TITLE] - Official Launch Trailer | PS5,#PlayStation,https://cdn.playstation.com/thumb/402954828dc3.jpg,2026-02-24 09:00:00-08:00
2796,2026-02-24,18,114,30,TT_VIDEO,when the [TITLE] cutscene hits different,#PlayStation #fyp #gaming,https://cdn.playstation.com/thumb/ee65e8f55f33.jpg,2026-02-24 09:00:00-08:00
2797,2026-02-24,18,110,,YT_LONG,[TITLE] - Deep Dive with the Dev Team,#PlayStation,https://cdn.playstation.com/thumb/5f56346f816b.jpg,2026-02-24 10:00:00-08:00
2798,2026-02-24,19,107,,BLOG_DEV_DIARY,Dev diary #7 - crafting [TITLE],#PlayStation,https://cdn.playstation.com/thumb/338de722196a.jpg,2026-02-24 13:00:00-08:00
2799,2026-02-24,19,106,10,IG_POST,Drop a 🎮 if you're playing [TITLE] this weekend,#PlayStation,https://cdn.playstation.com/thumb/dd3bc6cf55ab.jpg,2026-02-24 09:00:00-08:00
2800,2026-02-24,19,107,,IG_STORY,Out now on PS5 🔥,#PlayStation,https://cdn.playstation.com/thumb/e95274275840.jpg,2026-02-24 15:00:00-08:00
2801,2026-02-24,19,113,19,IG_POST,Drop a 🎮 if you're playing [TITLE] this weekend,#PlayStation,https://cdn.playstation.com/thumb/dd3bc6cf55ab.jpg,2026-02-24 09:00:00-08:00
2802,2026-02-24,20,104,2,YT_LONG,[TITLE] - Deep Dive with the Dev Team,#PlayStation,https://cdn.playstation.com/thumb/5f56346f816b.jpg,2026-02-24 10:00:00-08:00
2803,2026-02-24,20,110,,BLOG_DEV_DIARY,Dev diary #7 - crafting [TITLE],#PlayStation,https://cdn.playstation.com/thumb/338de722196a.jpg,2026-02-24 13:00:00-08:00
2804,2026-02-24,20,104,2,IG_STORY,Out now on PS5 🔥,#PlayStation,https://cdn.playstation.com/thumb/e95274275840.jpg,2026-02-24 15:00:00-08:00
2805,2026-02-25,12,114,30,BLOG_POST,[TITLE]: Everything you need to know,#PlayStation,https://cdn.playstation.com/thumb/787d08f78477.jpg,2026-02-25 20:00:00-08:00
2806,2026-02-25,12,107,,TT_VIDEO,when the [TITLE] cutscene hits different,#PlayStation #fyp #gaming,https://cdn.playstation.com/thumb/ac38d5a30b01.jpg,2026-02-25 19:00:00-08:00
2807,2026-02-25,12,110,,BLOG_DEV_DIARY,Dev diary #7 - crafting [TITLE],#PlayStation,https://cdn.playstation.com/thumb/1e36e1b78b3d.jpg,2026-02-25 12:00:00-08:00
2808,2026-02-25,12,113,19,IG_STORY,Out now on PS5 🔥,#PlayStation,https://cdn.playstation.com/thumb/b70b850a21f3.jpg,2026-02-25 17:00:00-08:00
2809,2026-02-25,12,107,,BLOG_DEV_DIARY,Dev diary #7 - crafting [TITLE],#PlayStation,https://cdn.playstation.com/thumb/1e36e1b78b3d.jpg,2026-02-25 12:00:00-08:00
2810,2026-02-25,12,106,10,BLOG_DEV_DIARY,Dev diary #7 - crafting [TITLE],#PlayStation,https://cdn.playstation.com/thumb/1e36e1b78b3d.jpg,2026-02-25 12:00:00-08:00
2811,2026-02-25,18,110,,IG_POST,Drop a 🎮 if you're playing [TITLE] this weekend,#PlayStation,https://cdn.playstation.com/thumb/92970c41bea3.jpg,2026-02-25 14:00:00-08:00
2812,2026-02-25,18,114,30,YT_LONG,[TITLE] - Deep Dive with the Dev Team,#PlayStation,https://cdn.playstation.com/thumb/b8d79610fd90.jpg,2026-02-25 19:00:00-08:00
2813,2026-02-25,18,106,10,YT_SHORT,Behind the scenes: making [TITLE] #PlayStation #Shorts,#PlayStation #Shorts #Gaming,https://cdn.playstation.com/thumb/7a03c5cb94f4.jpg,2026-02-25 15:00:00-08:00
2814,2026-02-25,18,107,,IG_REEL,POV: you finally got [TITLE] 🎮,#PlayStation #PS5 #Gaming,https://cdn.playstation.com/thumb/7e6357aba918.jpg,2026-02-25 12:00:00-08:00
2815,2026-02-25,18,104,2,TT_VIDEO,when the [TITLE] cutscene hits different,#PlayStation #fyp #gaming,https://cdn.playstation.com/thumb/ac38d5a30b01.jpg,2026-02-25 19:00:00-08:00
2816,2026-02-25,19,106,10,IG_POST,Drop a 🎮 if you're playing [TITLE] this weekend,#PlayStation,https://cdn.playstation.com/thumb/92970c41bea3.jpg,2026-02-25 14:00:00-08:00
2817,2026-02-25,19,114,30,YT_SHORT,Behind the scenes: making [TITLE] #PlayStation #Shorts,#PlayStation #Shorts #Gaming,https://cdn.playstation.com/thumb/7a03c5cb94f4.jpg,2026-02-25 15:00:00-08:00
2818,2026-02-25,19,110,,IG_POST,Drop a 🎮 if you're playing [TITLE] this weekend,#PlayStation,https://cdn.playstation.com/thumb/92970c41bea3.jpg,2026-02-25 14:00:00-08:00
2819,2026-02-25,19,113,19,YT_LONG,[TITLE] - Deep Dive with the Dev Team,#PlayStation,https://cdn.playstation.com/thumb/b8d79610fd90.jpg,2026-02-25 19:00:00-08:00
2820,2026-02-25,19,110,,BLOG_DEV_DIARY,Dev diary #7 - crafting [TITLE],#PlayStation,https://cdn.playstation.com/thumb/1e36e1b78b3d.jpg,2026-02-25 12:00:00-08:00
2821,2026-02-25,20,108,,IG_STORY,Out now on PS5 🔥,#PlayStation,https://cdn.playstation.com/thumb/b70b850a21f3.jpg,2026-02-25 17:00:00-08:00
2822,2026-02-25,20,113,19,YT_LONG,[TITLE] - Deep Dive with the Dev Team,#PlayStation,https://cdn.playstation.com/thumb/b8d79610fd90.jpg,2026-02-25 19:00:00-08:00
2823,2026-02-25,20,113,19,IG_POST,Drop a 🎮 if you're playing [TITLE] this weekend,#PlayStation,https://cdn.playstation.com/thumb/92970c41bea3.jpg,2026-02-25 14:00:00-08:00
2824,2026-02-25,20,110,,YT_TRAILER,[TITLE] - Official Launch Trailer | PS5,#PlayStation,https://cdn.playstation.com/thumb/1b2a44af212b.jpg,2026-02-25 17:00:00-08:00
2825,2026-02-26,12,114,30,TT_TRENDING,gamers tell us their favorite PS5 moment,#PS5 #fyp #gamertok,https://cdn.playstation.com/thumb/843b508402f2.jpg,2026-02-26 18:00:00-08:00
2826,2026-02-26,12,107,,YT_SHORT,Behind the scenes: making [TITLE] #PlayStation #Shorts,#PlayStation #Shorts #Gaming,https://cdn.playstation.com/thumb/4f5cfefe9878.jpg,2026-02-26 10:00:00-08:00
2827,2026-02-26,12,108,,YT_SHORT,Behind the scenes: making [TITLE] #PlayStation #Shorts,#PlayStation #Shorts #Gaming,https://cdn.playstation.com/thumb/4f5cfefe9878.jpg,2026-02-26 10:00:00-08:00
2828,2026-02-26,18,107,,TT_TRENDING,gamers tell us their favorite PS5 moment,#PS5 #fyp #gamertok,https://cdn.playstation.com/thumb/843b508402f2.jpg,2026-02-26 18:00:00-08:00
2829,2026-02-26,18,106,10,YT_LONG,[TITLE] - Deep Dive with the Dev Team,#PlayStation,https://cdn.playstation.com/thumb/9e4dc69a0a2f.jpg,2026-02-26 14:00:00-08:00
2830,2026-02-26,18,107,,IG_REEL,POV: you finally got [TITLE] 🎮,#PlayStation #PS5 #Gaming,https://cdn.playstation.com/thumb/dd7fafd5f9ce.jpg,2026-02-26 15:00:00-08:00
2831,2026-02-26,18,106,10,IG_REEL,POV: you finally got [TITLE] 🎮,#PlayStation #PS5 #Gaming,https://cdn.playstation.com/thumb/dd7fafd5f9ce.jpg,2026-02-26 15:00:00-08:00
2832,2026-02-26,18,106,10,TT_VIDEO,when the [TITLE] cutscene hits different,#PlayStation #fyp #gaming,https://cdn.playstation.com/thumb/933c388ba8a4.jpg,2026-02-26 12:00:00-08:00
2833,2026-02-26,18,113,19,IG_POST,Drop a 🎮 if you're playing [TITLE] this weekend,#PlayStation,https://cdn.playstation.com/thumb/837a5896ead0.jpg,2026-02-26 09:00:00-08:00
2834,2026-02-26,18,107,,BLOG_DEV_DIARY,Dev diary #7 - crafting [TITLE],#PlayStation,https://cdn.playstation.com/thumb/89e4a782e62d.jpg,2026-02-26 11:00:00-08:00
2835,2026-02-26,18,106,10,YT_SHORT,Behind the scenes: making [TITLE] #PlayStation #Shorts,#PlayStation #Shorts #Gaming,https://cdn.playstation.com/thumb/4f5cfefe9878.jpg,2026-02-26 10:00:00-08:00
2836,2026-02-26,18,114,30,IG_STORY,Out now on PS5 🔥,#PlayStation,https://cdn.playstation.com/thumb/d285e874b9e2.jpg,2026-02-26 10:00:00-08:00
2837,2026-02-26,18,108,,YT_SHORT,Behind the scenes: making [TITLE] #PlayStation #Shorts,#PlayStation #Shorts #Gaming,https://cdn.playstation.com/thumb/4f5cfefe9878.jpg,2026-02-26 10:00:00-08:00
2838,2026-02-26,19,113,19,YT_SHORT,Behind the scenes: making [TITLE] #PlayStation #Shorts,#PlayStation #Shorts #Gaming,https://cdn.playstation.com/thumb/4f5cfefe9878.jpg,2026-02-26 10:00:00-08:00
2839,2026-02-26,19,108,,BLOG_DEV_DIARY,Dev diary #7 - crafting [TITLE],#PlayStation,https://cdn.playstation.com/thumb/89e4a782e62d.jpg,2026-02-26 11:00:00-08:00
2840,2026-02-26,19,113,19,TT_TRENDING,gamers tell us their favorite PS5 moment,#PS5 #fyp #gamertok,https://cdn.playstation.com/thumb/843b508402f2.jpg,2026-02-26 18:00:00-08:00
2841,2026-02-26,19,107,,TT_TRENDING,gamers tell us their favorite PS5 moment,#PS5 #fyp #gamertok,https://cdn.playstation.com/thumb/843b508402f2.jpg,2026-02-26 18:00:00-08:00
2842,2026-02-26,20,106,10,IG_STORY,Out now on PS5 🔥,#PlayStation,https://cdn.playstation.com/thumb/d285e874b9e2.jpg,2026-02-26 10:00:00-08:00
2843,2026-02-26,20,108,,BLOG_DEV_DIARY,Dev diary #7 - crafting [TITLE],#PlayStation,https://cdn.playstation.com/thumb/89e4a782e62d.jpg,2026-02-26 11:00:00-08:00
2844,2026-02-26,20,106,10,YT_LONG,[TITLE] - Deep Dive with the Dev Team,#PlayStation,https://cdn.playstation.com/thumb/9e4dc69a0a2f.jpg,2026-02-26 14:00:00-08:00
2845,2026-02-26,20,114,30,BLOG_DEV_DIARY,Dev diary #7 - crafting [TITLE],#PlayStation,https://cdn.playstation.com/thumb/89e4a782e62d.jpg,2026-02-26 11:00:00-08:00
2846,2026-02-26,20,106,10,IG_REEL,POV: you finally got [TITLE] 🎮,#PlayStation #PS5 #Gaming,https://cdn.playstation.com/thumb/dd7fafd5f9ce.jpg,2026-02-26 15:00:00-08:00
2847,2026-02-26,20,107,,IG_STORY,Out now on PS5 🔥,#PlayStation,https://cdn.playstation.com/thumb/d285e874b9e2.jpg,2026-02-26 10:00:00-08:00
2848,2026-02-27,12,113,19,BLOG_DEV_DIARY,Dev diary #7 - crafting [TITLE],#PlayStation,https://cdn.playstation.com/thumb/3c4ff9a19fc8.jpg,2026-02-27 18:00:00-08:00
2849,2026-02-27,12,108,,IG_POST,Drop a 🎮 if you're playing [TITLE] this weekend,#PlayStation,https://cdn.playstation.com/thumb/678b6eca3578.jpg,2026-02-27 15:00:00-08:00
2850,2026-02-27,12,106,10,IG_POST,Drop a 🎮 if you're playing [TITLE] this weekend,#PlayStation,https://cdn.playstation.com/thumb/678b6eca3578.jpg,2026-02-27 15:00:00-08:00
2851,2026-02-27,12,107,,YT_LONG,[TITLE] - Deep Dive with the Dev Team,#PlayStation,https://cdn.playstation.com/thumb/e53ac2ddf4eb.jpg,2026-02-27 16:00:00-08:00
2852,2026-02-27,12,108,,YT_TRAILER,[TITLE] - Official Launch Trailer | PS5,#PlayStation,https://cdn.playstation.com/thumb/3a96f21f399d.jpg,2026-02-27 15:00:00-08:00
2853,2026-02-27,18,110,,BLOG_POST,[TITLE]: Everything you need to know,#PlayStation,https://cdn.playstation.com/thumb/5839706ffbc0.jpg,2026-02-27 16:00:00-08:00
2854,2026-02-27,18,106,10,IG_REEL,POV: you finally got [TITLE] 🎮,#PlayStation #PS5 #Gaming,https://cdn.playstation.com/thumb/f93e66112a47.jpg,2026-02-27 16:00:00-08:00
2855,2026-02-27,18,106,10,TT_VIDEO,when the [TITLE] cutscene hits different,#PlayStation #fyp #gaming,https://cdn.playstation.com/thumb/85f83b0f8392.jpg,2026-02-27 16:00:00-08:00
2856,2026-02-27,18,108,,YT_SHORT,Behind the scenes: making [TITLE] #PlayStation #Shorts,#PlayStation #Shorts #Gaming,https://cdn.playstation.com/thumb/eea0b6d5364a.jpg,2026-02-27 10:00:00-08:00
2857,2026-02-27,19,104,2,IG_STORY,Out now on PS5 🔥,#PlayStation,https://cdn.playstation.com/thumb/3da391c750d4.jpg,2026-02-27 17:00:00-08:00
2858,2026-02-27,19,113,19,BLOG_DEV_DIARY,Dev diary #7 - crafting [TITLE],#PlayStation,https://cdn.playstation.com/thumb/3c4ff9a19fc8.jpg,2026-02-27 18:00:00-08:00
2859,2026-02-27,19,107,,BLOG_DEV_DIARY,Dev diary #7 - crafting [TITLE],#PlayStation,https://cdn.playstation.com/thumb/3c4ff9a19fc8.jpg,2026-02-27 18:00:00-08:00
2860,2026-02-27,20,106,10,BLOG_DEV_DIARY,Dev diary #7 - crafting [TITLE],#PlayStation,https://cdn.playstation.com/thumb/3c4ff9a19fc8.jpg,2026-02-27 18:00:00-08:00
2861,2026-02-27,20,106,10,YT_TRAILER,[TITLE] - Official Launch Trailer | PS5,#PlayStation,https://cdn.playstation.com/thumb/3a96f21f399d.jpg,2026-02-27 15:00:00-08:00
2862,2026-02-27,20,104,2,IG_STORY,Out now on PS5 🔥,#PlayStation,https://cdn.playstation.com/thumb/3da391c750d4.jpg,2026-02-27 17:00:00-08:00
2863,2026-02-27,20,106,10,IG_STORY,Out now on PS5 🔥,#PlayStation,https://cdn.playstation.com/thumb/3da391c750d4.jpg,2026-02-27 17:00:00-08:00
2864,2026-02-27,20,108,,TT_VIDEO,when the [TITLE] cutscene hits different,#PlayStation #fyp #gaming,https://cdn.playstation.com/thumb/85f83b0f8392.jpg,2026-02-27 16:00:00-08:00
2865,2026-02-28,12,104,2,YT_TRAILER,[TITLE] - Official Launch Trailer | PS5,#PlayStation,https://cdn.playstation.com/thumb/0e25c22d1124.jpg,2026-02-28 15:00:00-08:00
2866,2026-02-28,12,108,,TT_VIDEO,when the [TITLE] cutscene hits different,#PlayStation #fyp #gaming,https://cdn.playstation.com/thumb/4f55c9104d7b.jpg,2026-02-28 14:00:00-08:00
2867,2026-02-28,12,110,,IG_STORY,Out now on PS5 🔥,#PlayStation,https://cdn.playstation.com/thumb/22e472289517.jpg,2026-02-28 12:00:00-08:00
2868,2026-02-28,12,108,,IG_POST,Drop a 🎮 if you're playing [TITLE] this weekend,#PlayStation,https://cdn.playstation.com/thumb/d326f13c18f4.jpg,2026-02-28 18:00:00-08:00
2869,2026-02-28,12,113,19,IG_STORY,Out now on PS5 🔥,#PlayStation,https://cdn.playstation.com/thumb/22e472289517.jpg,2026-02-28 12:00:00-08:00
2870,2026-02-28,18,107,,BLOG_POST,[TITLE]: Everything you need to know,#PlayStation,https://cdn.playstation.com/thumb/81912a82c1e6.jpg,2026-02-28 11:00:00-08:00
2871,2026-02-28,18,108,,YT_LONG,[TITLE] - Deep Dive with the Dev Team,#PlayStation,https://cdn.playstation.com/thumb/673ec88ece64.jpg,2026-02-28 20:00:00-08:00
2872,2026-02-28,19,113,19,BLOG_POST,[TITLE]: Everything you need to know,#PlayStation,https://cdn.playstation.com/thumb/81912a82c1e6.jpg,2026-02-28 11:00:00-08:00
2873,2026-02-28,19,107,,YT_LONG,[TITLE] - Deep Dive with the Dev Team,#PlayStation,https://cdn.playstation.com/thumb/673ec88ece64.jpg,2026-02-28 20:00:00-08:00
2874,2026-02-28,19,108,,IG_POST,Drop a 🎮 if you're playing [TITLE] this weekend,#PlayStation,https://cdn.playstation.com/thumb/d326f13c18f4.jpg,2026-02-28 18:00:00-08:00
2875,2026-02-28,19,113,19,IG_POST,Drop a 🎮 if you're playing [TITLE] this weekend,#PlayStation,https://cdn.playstation.com/thumb/d326f13c18f4.jpg,2026-02-28 18:00:00-08:00
2876,2026-02-28,19,107,,IG_STORY,Out now on PS5 🔥,#PlayStation,https://cdn.playstation.com/thumb/22e472289517.jpg,2026-02-28 12:00:00-08:00
2877,2026-02-28,19,108,,BLOG_POST,[TITLE]: Everything you need to know,#PlayStation,https://cdn.playstation.com/thumb/81912a82c1e6.jpg,2026-02-28 11:00:00-08:00
2878,2026-02-28,20,110,,IG_POST,Drop a 🎮 if you're playing [TITLE] this weekend,#PlayStation,https://cdn.playstation.com/thumb/d326f13c18f4.jpg,2026-02-28 18:00:00-08:00
2879,2026-02-28,20,113,19,YT_LONG,[TITLE] - Deep Dive with the Dev Team,#PlayStation,https://cdn.playstation.com/thumb/673ec88ece64.jpg,2026-02-28 20:00:00-08:00
2880,2026-03-01,12,112,,IG_POST,Drop a 🎮 if you're playing [TITLE] this weekend,#PlayStation,https://cdn.playstation.com/thumb/40d95abf7f96.jpg,2026-03-01 18:00:00-08:00
2881,2026-03-01,12,107,,TT_TRENDING,gamers tell us their favorite PS5 moment,#PS5 #fyp #gamertok,https://cdn.playstation.com/thumb/186ede4c9ffa.jpg,2026-03-01 13:00:00-08:00
2882,2026-03-01,12,112,,YT_TRAILER,[TITLE] - Official Launch Trailer | PS5,#PlayStation,https://cdn.playstation.com/thumb/3cdcf6d38a1b.jpg,2026-03-01 16:00:00-08:00
2883,2026-03-01,12,107,,TT_VIDEO,when the [TITLE] cutscene hits different,#PlayStation #fyp #gaming,https://cdn.playstation.com/thumb/a524fd3472a8.jpg,2026-03-01 14:00:00-08:00
2884,2026-03-01,18,110,,TT_TRENDING,gamers tell us their favorite PS5 moment,#PS5 #fyp #gamertok,https://cdn.playstation.com/thumb/186ede4c9ffa.jpg,2026-03-01 13:00:00-08:00
2885,2026-03-01,18,106,10,IG_STORY,Out now on PS5 🔥,#PlayStation,https://cdn.playstation.com/thumb/124ffc15618e.jpg,2026-03-01 12:00:00-08:00
2886,2026-03-01,18,110,,IG_STORY,Out now on PS5 🔥,#PlayStation,https://cdn.playstation.com/thumb/124ffc15618e.jpg,2026-03-01 12:00:00-08:00
2887,2026-03-01,18,107,,IG_POST,Drop a 🎮 if you're playing [TITLE] this weekend,#PlayStation,https://cdn.playstation.com/thumb/40d95abf7f96.jpg,2026-03-01 18:00:00-08:00
2888,2026-03-01,18,107,,BLOG_DEV_DIARY,Dev diary #7 - crafting [TITLE],#PlayStation,https://cdn.playstation.com/thumb/63e828540cdb.jpg,2026-03-01 16:00:00-08:00
2889,2026-03-01,18,112,,TT_VIDEO,when the [TITLE] cutscene hits different,#PlayStation #fyp #gaming,https://cdn.playstation.com/thumb/a524fd3472a8.jpg,2026-03-01 14:00:00-08:00
2890,2026-03-01,19,107,,BLOG_DEV_DIARY,Dev diary #7 - crafting [TITLE],#PlayStation,https://cdn.playstation.com/thumb/63e828540cdb.jpg,2026-03-01 16:00:00-08:00
2891,2026-03-01,19,107,,TT_TRENDING,gamers tell us their favorite PS5 moment,#PS5 #fyp #gamertok,https://cdn.playstation.com/thumb/186ede4c9ffa.jpg,2026-03-01 13:00:00-08:00
2892,2026-03-01,19,106,10,BLOG_POST,[TITLE]: Everything you need to know,#PlayStation,https://cdn.playstation.com/thumb/6b23a3e85aa8.jpg,2026-03-01 20:00:00-08:00
2893,2026-03-01,19,107,,IG_REEL,POV: you finally got [TITLE] 🎮,#PlayStation #PS5 #Gaming,https://cdn.playstation.com/thumb/b4f3e84cf6c7.jpg,2026-03-01 16:00:00-08:00
2894,2026-03-01,19,110,,YT_LONG,[TITLE] - Deep Dive with the Dev Team,#PlayStation,https://cdn.playstation.com/thumb/e6c85266ba0b.jpg,2026-03-01 09:00:00-08:00
2895,2026-03-01,19,107,,YT_LONG,[TITLE] - Deep Dive with the Dev Team,#PlayStation,https://cdn.playstation.com/thumb/e6c85266ba0b.jpg,2026-03-01 09:00:00-08:00
2896,2026-03-01,20,107,,IG_REEL,POV: you finally got [TITLE] 🎮,#PlayStation #PS5 #Gaming,https://cdn.playstation.com/thumb/b4f3e84cf6c7.jpg,2026-03-01 16:00:00-08:00
2897,2026-03-01,20,110,,YT_LONG,[TITLE] - Deep Dive with the Dev Team,#PlayStation,https://cdn.playstation.com/thumb/e6c85266ba0b.jpg,2026-03-01 09:00:00-08:00
2898,2026-03-01,20,112,,IG_REEL,POV: you finally got [TITLE] 🎮,#PlayStation #PS5 #Gaming,https://cdn.playstation.com/thumb/b4f3e84cf6c7.jpg,2026-03-01 16:00:00-08:00
2899,2026-03-01,20,107,,TT_TRENDING,gamers tell us their favorite PS5 moment,#PS5 #fyp #gamertok,https://cdn.playstation.com/thumb/186ede4c9ffa.jpg,2026-03-01 13:00:00-08:00
2900,2026-03-02,12,108,,YT_SHORT,Behind the scenes: making [TITLE] #PlayStation #Shorts,#PlayStation #Shorts #Gaming,https://cdn.playstation.com/thumb/5d99c7f689fc.jpg,2026-03-02 09:00:00-08:00
2901,2026-03-02,18,112,,BLOG_DEV_DIARY,Dev diary #7 - crafting [TITLE],#PlayStation,https://cdn.playstation.com/thumb/02506306c083.jpg,2026-03-02 13:00:00-08:00
2902,2026-03-02,19,110,,IG_REEL,POV: you finally got [TITLE] 🎮,#PlayStation #PS5 #Gaming,https://cdn.playstation.com/thumb/45697f230515.jpg,2026-03-02 18:00:00-08:00
2903,2026-03-02,19,106,10,BLOG_DEV_DIARY,Dev diary #7 - crafting [TITLE],#PlayStation,https://cdn.playstation.com/thumb/02506306c083.jpg,2026-03-02 13:00:00-08:00
2904,2026-03-02,19,112,,TT_VIDEO,when the [TITLE] cutscene hits different,#PlayStation #fyp #gaming,https://cdn.playstation.com/thumb/9f1b9284c165.jpg,2026-03-02 18:00:00-08:00
2905,2026-03-02,19,106,10,TT_VIDEO,when the [TITLE] cutscene hits different,#PlayStation #fyp #gaming,https://cdn.playstation.com/thumb/9f1b9284c165.jpg,2026-03-02 18:00:00-08:00
2906,2026-03-02,20,112,,BLOG_POST,[TITLE]: Everything you need to know,#PlayStation,https://cdn.playstation.com/thumb/979a20636d02.jpg,2026-03-02 20:00:00-08:00
2907,2026-03-03,12,110,,IG_REEL,POV: you finally got [TITLE] 🎮,#PlayStation #PS5 #Gaming,https://cdn.playstation.com/thumb/6c019432d297.jpg,2026-03-03 16:00:00-08:00
2908,2026-03-03,12,107,,IG_REEL,POV: you finally got [TITLE] 🎮,#PlayStation #PS5 #Gaming,https://cdn.playstation.com/thumb/6c019432d297.jpg,2026-03-03 16:00:00-08:00
2909,2026-03-03,18,110,,TT_VIDEO,when the [TITLE] cutscene hits different,#PlayStation #fyp #gaming,https://cdn.playstation.com/thumb/4c695ae181e9.jpg,2026-03-03 17:00:00-08:00
2910,2026-03-03,19,108,,BLOG_POST,[TITLE]: Everything you need to know,#PlayStation,https://cdn.playstation.com/thumb/66cfc67beac2.jpg,2026-03-03 14:00:00-08:00
2911,2026-03-03,20,108,,IG_REEL,POV: you finally got [TITLE] 🎮,#PlayStation #PS5 #Gaming,https://cdn.playstation.com/thumb/6c019432d297.jpg,2026-03-03 16:00:00-08:00
2912,2026-03-03,20,110,,BLOG_POST,[TITLE]: Everything you need to know,#PlayStation,https://cdn.playstation.com/thumb/66cfc67beac2.jpg,2026-03-03 14:00:00-08:00
2913,2026-03-03,20,107,,BLOG_POST,[TITLE]: Everything you need to know,#PlayStation,https://cdn.playstation.com/thumb/66cfc67beac2.jpg,2026-03-03 14:00:00-08:00
2914,2026-03-04,12,106,10,TT_TRENDING,gamers tell us their favorite PS5 moment,#PS5 #fyp #gamertok,https://cdn.playstation.com/thumb/4ebf1f682430.jpg,2026-03-04 16:00:00-08:00
2915,2026-03-04,12,112,,IG_POST,Drop a 🎮 if you're playing [TITLE] this weekend,#PlayStation,https://cdn.playstation.com/thumb/61c4f6b801ac.jpg,2026-03-04 10:00:00-08:00
2916,2026-03-04,18,106,10,IG_REEL,POV: you finally got [TITLE] 🎮,#PlayStation #PS5 #Gaming,https://cdn.playstation.com/thumb/53c484b6514b.jpg,2026-03-04 09:00:00-08:00
2917,2026-03-04,18,107,,YT_SHORT,Behind the scenes: making [TITLE] #PlayStation #Shorts,#PlayStation #Shorts #Gaming,https://cdn.playstation.com/thumb/0f17f18e3182.jpg,2026-03-04 18:00:00-08:00
2918,2026-03-04,18,112,,YT_SHORT,Behind the scenes: making [TITLE] #PlayStation #Shorts,#PlayStation #Shorts #Gaming,https://cdn.playstation.com/thumb/0f17f18e3182.jpg,2026-03-04 18:00:00-08:00
2919,2026-03-04,20,110,,IG_REEL,POV: you finally got [TITLE] 🎮,#PlayStation #PS5 #Gaming,https://cdn.playstation.com/thumb/53c484b6514b.jpg,2026-03-04 09:00:00-08:00
2920,2026-03-04,20,108,,TT_VIDEO,when the [TITLE] cutscene hits different,#PlayStation #fyp #gaming,https://cdn.playstation.com/thumb/45028d5160c2.jpg,2026-03-04 17:00:00-08:00
2921,2026-03-04,20,108,,IG_REEL,POV: you finally got [TITLE] 🎮,#PlayStation #PS5 #Gaming,https://cdn.playstation.com/thumb/53c484b6514b.jpg,2026-03-04 09:00:00-08:00
2922,2026-03-04,20,107,,IG_STORY,Out now on PS5 🔥,#PlayStation,https://cdn.playstation.com/thumb/5912f9d46913.jpg,2026-03-04 12:00:00-08:00
2923,2026-03-05,12,112,,IG_REEL,POV: you finally got [TITLE] 🎮,#PlayStation #PS5 #Gaming,https://cdn.playstation.com/thumb/e89fad0475de.jpg,2026-03-05 15:00:00-08:00
2924,2026-03-05,19,112,,YT_LONG,[TITLE] - Deep Dive with the Dev Team,#PlayStation,https://cdn.playstation.com/thumb/6aad7641758e.jpg,2026-03-05 11:00:00-08:00
2925,2026-03-05,19,106,10,TT_VIDEO,when the [TITLE] cutscene hits different,#PlayStation #fyp #gaming,https://cdn.playstation.com/thumb/8b72d4585eeb.jpg,2026-03-05 17:00:00-08:00
2926,2026-03-05,19,108,,BLOG_DEV_DIARY,Dev diary #7 - crafting [TITLE],#PlayStation,https://cdn.playstation.com/thumb/f8e2de290325.jpg,2026-03-05 19:00:00-08:00
2927,2026-03-05,20,108,,IG_REEL,POV: you finally got [TITLE] 🎮,#PlayStation #PS5 #Gaming,https://cdn.playstation.com/thumb/e89fad0475de.jpg,2026-03-05 15:00:00-08:00
2928,2026-03-05,20,110,,IG_REEL,POV: you finally got [TITLE] 🎮,#PlayStation #PS5 #Gaming,https://cdn.playstation.com/thumb/e89fad0475de.jpg,2026-03-05 15:00:00-08:00
2929,2026-03-05,20,106,10,TT_TRENDING,gamers tell us their favorite PS5 moment,#PS5 #fyp #gamertok,https://cdn.playstation.com/thumb/2d0dfe673718.jpg,2026-03-05 20:00:00-08:00
2930,2026-03-06,12,108,,YT_SHORT,Behind the scenes: making [TITLE] #PlayStation #Shorts,#PlayStation #Shorts #Gaming,https://cdn.playstation.com/thumb/6824da68276c.jpg,2026-03-06 11:00:00-08:00
2931,2026-03-06,12,108,,IG_POST,Drop a 🎮 if you're playing [TITLE] this weekend,#PlayStation,https://cdn.playstation.com/thumb/91dc06d5de28.jpg,2026-03-06 20:00:00-08:00
2932,2026-03-06,12,107,,BLOG_DEV_DIARY,Dev diary #7 - crafting [TITLE],#PlayStation,https://cdn.playstation.com/thumb/ec62647e14e1.jpg,2026-03-06 17:00:00-08:00
2933,2026-03-06,12,108,,BLOG_DEV_DIARY,Dev diary #7 - crafting [TITLE],#PlayStation,https://cdn.playstation.com/thumb/ec62647e14e1.jpg,2026-03-06 17:00:00-08:00
2934,2026-03-06,19,112,,TT_TRENDING,gamers tell us their favorite PS5 moment,#PS5 #fyp #gamertok,https://cdn.playstation.com/thumb/f10fe4920e9b.jpg,2026-03-06 13:00:00-08:00
2935,2026-03-06,19,107,,BLOG_DEV_DIARY,Dev diary #7 - crafting [TITLE],#PlayStation,https://cdn.playstation.com/thumb/ec62647e14e1.jpg,2026-03-06 17:00:00-08:00
2936,2026-03-06,19,107,,YT_TRAILER,[TITLE] - Official Launch Trailer | PS5,#PlayStation,https://cdn.playstation.com/thumb/9a3d14f01b2f.jpg,2026-03-06 11:00:00-08:00
2937,2026-03-06,20,112,,YT_LONG,[TITLE] - Deep Dive with the Dev Team,#PlayStation,https://cdn.playstation.com/thumb/42ab1adc518b.jpg,2026-03-06 15:00:00-08:00
2938,2026-03-07,12,107,,TT_VIDEO,when the [TITLE] cutscene hits different,#PlayStation #fyp #gaming,https://cdn.playstation.com/thumb/7b7b3d4028d5.jpg,2026-03-07 20:00:00-08:00
2939,2026-03-07,12,112,,TT_VIDEO,when the [TITLE] cutscene hits different,#PlayStation #fyp #gaming,https://cdn.playstation.com/thumb/7b7b3d4028d5.jpg,2026-03-07 20:00:00-08:00
2940,2026-03-07,12,112,,TT_TRENDING,gamers tell us their favorite PS5 moment,#PS5 #fyp #gamertok,https://cdn.playstation.com/thumb/d68ffdd5f01c.jpg,2026-03-07 19:00:00-08:00
2941,2026-03-07,12,110,,YT_SHORT,Behind the scenes: making [TITLE] #PlayStation #Shorts,#PlayStation #Shorts #Gaming,https://cdn.playstation.com/thumb/a639023c732f.jpg,2026-03-07 12:00:00-08:00
2942,2026-03-07,19,110,,IG_STORY,Out now on PS5 🔥,#PlayStation,https://cdn.playstation.com/thumb/bac0286ed5ca.jpg,2026-03-07 16:00:00-08:00
2943,2026-03-07,19,110,,TT_VIDEO,when the [TITLE] cutscene hits different,#PlayStation #fyp #gaming,https://cdn.playstation.com/thumb/7b7b3d4028d5.jpg,2026-03-07 20:00:00-08:00
2944,2026-03-07,20,110,,IG_STORY,Out now on PS5 🔥,#PlayStation,https://cdn.playstation.com/thumb/bac0286ed5ca.jpg,2026-03-07 16:00:00-08:00
2945,2026-03-07,20,110,,YT_LONG,[TITLE] - Deep Dive with the Dev Team,#PlayStation,https://cdn.playstation.com/thumb/4d0604ff82be.jpg,2026-03-07 09:00:00-08:00
2946,2026-03-07,20,107,,TT_TRENDING,gamers tell us their favorite PS5 moment,#PS5 #fyp #gamertok,https://cdn.playstation.com/thumb/d68ffdd5f01c.jpg,2026-03-07 19:00:00-08:00
2947,2026-03-08,12,106,10,YT_LONG,[TITLE] - Deep Dive with the Dev Team,#PlayStation,https://cdn.playstation.com/thumb/9f02333ddf5d.jpg,2026-03-08 11:00:00-07:00
2948,2026-03-08,12,110,,TT_VIDEO,when the [TITLE] cutscene hits different,#PlayStation #fyp #gaming,https://cdn.playstation.com/thumb/a9adb4e22f67.jpg,2026-03-08 09:00:00-07:00
2949,2026-03-08,18,108,,BLOG_POST,[TITLE]: Everything you need to know,#PlayStation,https://cdn.playstation.com/thumb/6fd11ffe4192.jpg,2026-03-08 11:00:00-07:00
2950,2026-03-08,18,110,,IG_POST,Drop a 🎮 if you're playing [TITLE] this weekend,#PlayStation,https://cdn.playstation.com/thumb/40d7220da8d4.jpg,2026-03-08 12:00:00-07:00
2951,2026-03-08,18,110,,BLOG_POST,[TITLE]: Everything you need to know,#PlayStation,https://cdn.playstation.com/thumb/6fd11ffe4192.jpg,2026-03-08 11:00:00-07:00
2952,2026-03-08,18,112,,YT_TRAILER,[TITLE] - Official Launch Trailer | PS5,#PlayStation,https://cdn.playstation.com/thumb/ae9164877023.jpg,2026-03-08 14:00:00-07:00
2953,2026-03-08,18,107,,IG_REEL,POV: you finally got [TITLE] 🎮,#PlayStation #PS5 #Gaming,https://cdn.playstation.com/thumb/557a994e5deb.jpg,2026-03-08 14:00:00-07:00
2954,2026-03-08,20,108,,BLOG_DEV_DIARY,Dev diary #7 - crafting [TITLE],#PlayStation,https://cdn.playstation.com/thumb/4d261ab6cc72.jpg,2026-03-08 11:00:00-07:00
2955,2026-03-09,12,108,,YT_LONG,[TITLE] - Deep Dive with the Dev Team,#PlayStation,https://cdn.playstation.com/thumb/f66a588ea8a6.jpg,2026-03-09 20:00:00-07:00
2956,2026-03-09,18,110,,TT_TRENDING,gamers tell us their favorite PS5 moment,#PS5 #fyp #gamertok,https://cdn.playstation.com/thumb/37a602a1db4f.jpg,2026-03-09 15:00:00-07:00
2957,2026-03-09,18,108,,YT_SHORT,Behind the scenes: making [TITLE] #PlayStation #Shorts,#PlayStation #Shorts #Gaming,https://cdn.playstation.com/thumb/1a06f9d45928.jpg,2026-03-09 19:00:00-07:00
2958,2026-03-09,19,110,,YT_SHORT,Behind the scenes: making [TITLE] #PlayStation #Shorts,#PlayStation #Shorts #Gaming,https://cdn.playstation.com/thumb/1a06f9d45928.jpg,2026-03-09 19:00:00-07:00
2959,2026-03-10,18,106,10,BLOG_POST,[TITLE]: Everything you need to know,#PlayStation,https://cdn.playstation.com/thumb/5fe2a19bcf74.jpg,2026-03-10 10:00:00-07:00
2960,2026-03-10,18,112,,YT_TRAILER,[TITLE] - Official Launch Trailer | PS5,#PlayStation,https://cdn.playstation.com/thumb/91182eba9ece.jpg,2026-03-10 15:00:00-07:00
2961,2026-03-10,19,106,10,IG_POST,Drop a 🎮 if you're playing [TITLE] this weekend,#PlayStation,https://cdn.playstation.com/thumb/91cfed71eb4d.jpg,2026-03-10 15:00:00-07:00
2962,2026-03-11,12,112,,TT_VIDEO,when the [TITLE] cutscene hits different,#PlayStation #fyp #gaming,https://cdn.playstation.com/thumb/2669fc8765f9.jpg,2026-03-11 15:00:00-07:00
2963,2026-03-11,12,108,,YT_TRAILER,[TITLE] - Official Launch Trailer | PS5,#PlayStation,https://cdn.playstation.com/thumb/8c91e6e388a1.jpg,2026-03-11 11:00:00-07:00
2964,2026-03-11,12,112,,TT_TRENDING,gamers tell us their favorite PS5 moment,#PS5 #fyp #gamertok,https://cdn.playstation.com/thumb/de7dc0ea466d.jpg,2026-03-11 12:00:00-07:00
2965,2026-03-11,19,110,,IG_POST,Drop a 🎮 if you're playing [TITLE] this weekend,#PlayStation,https://cdn.playstation.com/thumb/6c28dbde30a8.jpg,2026-03-11 09:00:00-07:00
2966,2026-03-11,20,112,,BLOG_POST,[TITLE]: Everything you need to know,#PlayStation,https://cdn.playstation.com/thumb/d5ff33bf2052.jpg,2026-03-11 09:00:00-07:00
2967,2026-03-11,20,112,,YT_SHORT,Behind the scenes: making [TITLE] #PlayStation #Shorts,#PlayStation #Shorts #Gaming,https://cdn.playstation.com/thumb/d992657bad73.jpg,2026-03-11 20:00:00-07:00
2968,2026-03-12,12,108,,BLOG_DEV_DIARY,Dev diary #7 - crafting [TITLE],#PlayStation,https://cdn.playstation.com/thumb/5c982b0fd268.jpg,2026-03-12 17:00:00-07:00
2969,2026-03-12,18,107,,IG_STORY,Out now on PS5 🔥,#PlayStation,https://cdn.playstation.com/thumb/8a0ff3e67cb9.jpg,2026-03-12 19:00:00-07:00
2970,2026-03-12,19,112,,BLOG_POST,[TITLE]: Everything you need to know,#PlayStation,https://cdn.playstation.com/thumb/423de708dfab.jpg,2026-03-12 20:00:00-07:00
2971,2026-03-12,19,106,10,IG_REEL,POV: you finally got [TITLE] 🎮,#PlayStation #PS5 #Gaming,https://cdn.playstation.com/thumb/7f7a45034c1c.jpg,2026-03-12 14:00:00-07:00
2972,2026-03-12,20,112,,YT_SHORT,Behind the scenes: making [TITLE] #PlayStation #Shorts,#PlayStation #Shorts #Gaming,https://cdn.playstation.com/thumb/3c948ff682b2.jpg,2026-03-12 14:00:00-07:00
2973,2026-03-12,20,110,,BLOG_POST,[TITLE]: Everything you need to know,#PlayStation,https://cdn.playstation.com/thumb/423de708dfab.jpg,2026-03-12 20:00:00-07:00
2974,2026-03-13,12,110,,IG_STORY,Out now on PS5 🔥,#PlayStation,https://cdn.playstation.com/thumb/0ac473137cb9.jpg,2026-03-13 09:00:00-07:00
2975,2026-03-13,18,110,,IG_POST,Drop a 🎮 if you're playing [TITLE] this weekend,#PlayStation,https://cdn.playstation.com/thumb/452e154035d0.jpg,2026-03-13 13:00:00-07:00
2976,2026-03-13,18,108,,IG_REEL,POV: you finally got [TITLE] 🎮,#PlayStation #PS5 #Gaming,https://cdn.playstation.com/thumb/f1fcefc024c5.jpg,2026-03-13 17:00:00-07:00
2977,2026-03-13,18,110,,IG_REEL,POV: you finally got [TITLE] 🎮,#PlayStation #PS5 #Gaming,https://cdn.playstation.com/thumb/f1fcefc024c5.jpg,2026-03-13 17:00:00-07:00
2978,2026-03-13,18,106,10,YT_LONG,[TITLE] - Deep Dive with the Dev Team,#PlayStation,https://cdn.playstation.com/thumb/645523c30d30.jpg,2026-03-13 19:00:00-07:00
2979,2026-03-13,20,110,,BLOG_DEV_DIARY,Dev diary #7 - crafting [TITLE],#PlayStation,https://cdn.playstation.com/thumb/e9140983bb3b.jpg,2026-03-13 16:00:00-07:00
2980,2026-03-14,12,112,,BLOG_POST,[TITLE]: Everything you need to know,#PlayStation,https://cdn.playstation.com/thumb/3d9e33366d6b.jpg,2026-03-14 19:00:00-07:00
2981,2026-03-14,12,108,,BLOG_POST,[TITLE]: Everything you need to know,#PlayStation,https://cdn.playstation.com/thumb/3d9e33366d6b.jpg,2026-03-14 19:00:00-07:00
2982,2026-03-14,18,112,,BLOG_POST,[TITLE]: Everything you need to know,#PlayStation,https://cdn.playstation.com/thumb/3d9e33366d6b.jpg,2026-03-14 19:00:00-07:00
2983,2026-03-14,18,108,,IG_STORY,Out now on PS5 🔥,#PlayStation,https://cdn.playstation.com/thumb/92d1932c1244.jpg,2026-03-14 13:00:00-07:00
2984,2026-03-14,18,110,,IG_STORY,Out now on PS5 🔥,#PlayStation,https://cdn.playstation.com/thumb/92d1932c1244.jpg,2026-03-14 13:00:00-07:00
2985,2026-03-14,18,106,10,YT_SHORT,Behind the scenes: making [TITLE] #PlayStation #Shorts,#PlayStation #Shorts #Gaming,https://cdn.playstation.com/thumb/0d08fae5b191.jpg,2026-03-14 12:00:00-07:00
2986,2026-03-14,19,112,,BLOG_DEV_DIARY,Dev diary #7 - crafting [TITLE],#PlayStation,https://cdn.playstation.com/thumb/2a70ccf17657.jpg,2026-03-14 13:00:00-07:00
2987,2026-03-14,20,108,,TT_TRENDING,gamers tell us their favorite PS5 moment,#PS5 #fyp #gamertok,https://cdn.playstation.com/thumb/b7752082d330.jpg,2026-03-14 10:00:00-07:00
2988,2026-03-15,12,108,,BLOG_POST,[TITLE]: Everything you need to know,#PlayStation,https://cdn.playstation.com/thumb/25e3644c6950.jpg,2026-03-15 09:00:00-07:00
2989,2026-03-15,12,110,,BLOG_DEV_DIARY,Dev diary #7 - crafting [TITLE],#PlayStation,https://cdn.playstation.com/thumb/4712a3cefacc.jpg,2026-03-15 16:00:00-07:00
2990,2026-03-15,12,112,,IG_STORY,Out now on PS5 🔥,#PlayStation,https://cdn.playstation.com/thumb/6983e747953e.jpg,2026-03-15 14:00:00-07:00
2991,2026-03-15,12,110,,TT_TRENDING,gamers tell us their favorite PS5 moment,#PS5 #fyp #gamertok,https://cdn.playstation.com/thumb/04c9f44b7ae4.jpg,2026-03-15 12:00:00-07:00
2992,2026-03-15,12,108,,TT_TRENDING,gamers tell us their favorite PS5 moment,#PS5 #fyp #gamertok,https://cdn.playstation.com/thumb/04c9f44b7ae4.jpg,2026-03-15 12:00:00-07:00
2993,2026-03-15,12,106,10,IG_STORY,Out now on PS5 🔥,#PlayStation,https://cdn.playstation.com/thumb/6983e747953e.jpg,2026-03-15 14:00:00-07:00
2994,2026-03-15,12,108,,TT_VIDEO,when the [TITLE] cutscene hits different,#PlayStation #fyp #gaming,https://cdn.playstation.com/thumb/4b4abc6ace35.jpg,2026-03-15 09:00:00-07:00
2995,2026-03-15,18,112,,TT_VIDEO,when the [TITLE] cutscene hits different,#PlayStation #fyp #gaming,https://cdn.playstation.com/thumb/4b4abc6ace35.jpg,2026-03-15 09:00:00-07:00
2996,2026-03-15,18,108,,YT_TRAILER,[TITLE] - Official Launch Trailer | PS5,#PlayStation,https://cdn.playstation.com/thumb/63f2e01c45dc.jpg,2026-03-15 20:00:00-07:00
2997,2026-03-15,18,106,10,IG_POST,Drop a 🎮 if you're playing [TITLE] this weekend,#PlayStation,https://cdn.playstation.com/thumb/9e35b40d8a51.jpg,2026-03-15 17:00:00-07:00
2998,2026-03-15,18,110,,YT_TRAILER,[TITLE] - Official Launch Trailer | PS5,#PlayStation,https://cdn.playstation.com/thumb/63f2e01c45dc.jpg,2026-03-15 20:00:00-07:00
2999,2026-03-15,18,108,,YT_SHORT,Behind the scenes: making [TITLE] #PlayStation #Shorts,#PlayStation #Shorts #Gaming,https://cdn.playstation.com/thumb/1a116a44c2d9.jpg,2026-03-15 15:00:00-07:00
3000,2026-03-15,18,110,,BLOG_DEV_DIARY,Dev diary #7 - crafting [TITLE],#PlayStation,https://cdn.playstation.com/thumb/4712a3cefacc.jpg,2026-03-15 16:00:00-07:00
3001,2026-03-15,18,108,,BLOG_POST,[TITLE]: Everything you need to know,#PlayStation,https://cdn.playstation.com/thumb/25e3644c6950.jpg,2026-03-15 09:00:00-07:00
3002,2026-03-15,19,106,10,IG_REEL,POV: you finally got [TITLE] 🎮,#PlayStation #PS5 #Gaming,https://cdn.playstation.com/thumb/6486466b7b07.jpg,2026-03-15 09:00:00-07:00
3003,2026-03-15,19,107,,IG_REEL,POV: you finally got [TITLE] 🎮,#PlayStation #PS5 #Gaming,https://cdn.playstation.com/thumb/6486466b7b07.jpg,2026-03-15 09:00:00-07:00
3004,2026-03-15,19,110,,YT_TRAILER,[TITLE] - Official Launch Trailer | PS5,#PlayStation,https://cdn.playstation.com/thumb/63f2e01c45dc.jpg,2026-03-15 20:00:00-07:00
3005,2026-03-15,20,107,,BLOG_DEV_DIARY,Dev diary #7 - crafting [TITLE],#PlayStation,https://cdn.playstation.com/thumb/4712a3cefacc.jpg,2026-03-15 16:00:00-07:00
3006,2026-03-15,20,110,,YT_LONG,[TITLE] - Deep Dive with the Dev Team,#PlayStation,https://cdn.playstation.com/thumb/979d9bf7e38f.jpg,2026-03-15 20:00:00-07:00
3007,2026-03-15,20,107,,TT_VIDEO,when the [TITLE] cutscene hits different,#PlayStation #fyp #gaming,https://cdn.playstation.com/thumb/4b4abc6ace35.jpg,2026-03-15 09:00:00-07:00
3008,2026-03-15,20,106,10,IG_REEL,POV: you finally got [TITLE] 🎮,#PlayStation #PS5 #Gaming,https://cdn.playstation.com/thumb/6486466b7b07.jpg,2026-03-15 09:00:00-07:00
3009,2026-03-15,20,106,10,TT_TRENDING,gamers tell us their favorite PS5 moment,#PS5 #fyp #gamertok,https://cdn.playstation.com/thumb/04c9f44b7ae4.jpg,2026-03-15 12:00:00-07:00
3010,2026-03-16,12,110,,TT_TRENDING,gamers tell us their favorite PS5 moment,#PS5 #fyp #gamertok,https://cdn.playstation.com/thumb/6c94f0b8dfd0.jpg,2026-03-16 16:00:00-07:00
3011,2026-03-16,12,107,,IG_REEL,POV: you finally got [TITLE] 🎮,#PlayStation #PS5 #Gaming,https://cdn.playstation.com/thumb/b1b941b47997.jpg,2026-03-16 12:00:00-07:00
3012,2026-03-16,18,110,,YT_LONG,[TITLE] - Deep Dive with the Dev Team,#PlayStation,https://cdn.playstation.com/thumb/5bf2fd55b942.jpg,2026-03-16 16:00:00-07:00
3013,2026-03-16,18,110,,TT_VIDEO,when the [TITLE] cutscene hits different,#PlayStation #fyp #gaming,https://cdn.playstation.com/thumb/062de3affb79.jpg,2026-03-16 19:00:00-07:00
3014,2026-03-16,18,106,10,IG_REEL,POV: you finally got [TITLE] 🎮,#PlayStation #PS5 #Gaming,https://cdn.playstation.com/thumb/b1b941b47997.jpg,2026-03-16 12:00:00-07:00
3015,2026-03-16,20,110,,YT_LONG,[TITLE] - Deep Dive with the Dev Team,#PlayStation,https://cdn.playstation.com/thumb/5bf2fd55b942.jpg,2026-03-16 16:00:00-07:00
3016,2026-03-16,20,110,,IG_STORY,Out now on PS5 🔥,#PlayStation,https://cdn.playstation.com/thumb/322d5d4ea073.jpg,2026-03-16 12:00:00-07:00
3017,2026-03-17,12,107,,IG_REEL,POV: you finally got [TITLE] 🎮,#PlayStation #PS5 #Gaming,https://cdn.playstation.com/thumb/905016aaa3f9.jpg,2026-03-17 10:00:00-07:00
3018,2026-03-17,12,112,,IG_REEL,POV: you finally got [TITLE] 🎮,#PlayStation #PS5 #Gaming,https://cdn.playstation.com/thumb/905016aaa3f9.jpg,2026-03-17 10:00:00-07:00
3019,2026-03-17,12,110,,YT_LONG,[TITLE] - Deep Dive with the Dev Team,#PlayStation,https://cdn.playstation.com/thumb/c51446c3395b.jpg,2026-03-17 10:00:00-07:00
3020,2026-03-17,18,107,,TT_TRENDING,gamers tell us their favorite PS5 moment,#PS5 #fyp #gamertok,https://cdn.playstation.com/thumb/0d51dac1d5f1.jpg,2026-03-17 13:00:00-07:00
3021,2026-03-17,18,110,,TT_VIDEO,when the [TITLE] cutscene hits different,#PlayStation #fyp #gaming,https://cdn.playstation.com/thumb/7972a567569b.jpg,2026-03-17 18:00:00-07:00
3022,2026-03-17,18,110,,IG_POST,Drop a 🎮 if you're playing [TITLE] this weekend,#PlayStation,https://cdn.playstation.com/thumb/baf798bf18da.jpg,2026-03-17 10:00:00-07:00
3023,2026-03-17,19,112,,YT_SHORT,Behind the scenes: making [TITLE] #PlayStation #Shorts,#PlayStation #Shorts #Gaming,https://cdn.playstation.com/thumb/2f3dfc6e4937.jpg,2026-03-17 18:00:00-07:00
3024,2026-03-17,19,110,,IG_REEL,POV: you finally got [TITLE] 🎮,#PlayStation #PS5 #Gaming,https://cdn.playstation.com/thumb/905016aaa3f9.jpg,2026-03-17 10:00:00-07:00
3025,2026-03-17,19,107,,YT_SHORT,Behind the scenes: making [TITLE] #PlayStation #Shorts,#PlayStation #Shorts #Gaming,https://cdn.playstation.com/thumb/2f3dfc6e4937.jpg,2026-03-17 18:00:00-07:00
3026,2026-03-17,19,112,,TT_TRENDING,gamers tell us their favorite PS5 moment,#PS5 #fyp #gamertok,https://cdn.playstation.com/thumb/0d51dac1d5f1.jpg,2026-03-17 13:00:00-07:00
3027,2026-03-17,20,110,,YT_TRAILER,[TITLE] - Official Launch Trailer | PS5,#PlayStation,https://cdn.playstation.com/thumb/1c81d025146a.jpg,2026-03-17 15:00:00-07:00
3028,2026-03-17,20,112,,TT_TRENDING,gamers tell us their favorite PS5 moment,#PS5 #fyp #gamertok,https://cdn.playstation.com/thumb/0d51dac1d5f1.jpg,2026-03-17 13:00:00-07:00
3029,2026-03-17,20,110,,TT_TRENDING,gamers tell us their favorite PS5 moment,#PS5 #fyp #gamertok,https://cdn.playstation.com/thumb/0d51dac1d5f1.jpg,2026-03-17 13:00:00-07:00
3030,2026-03-17,20,106,10,YT_TRAILER,[TITLE] - Official Launch Trailer | PS5,#PlayStation,https://cdn.playstation.com/thumb/1c81d025146a.jpg,2026-03-17 15:00:00-07:00
3031,2026-03-18,18,112,,TT_VIDEO,when the [TITLE] cutscene hits different,#PlayStation #fyp #gaming,https://cdn.playstation.com/thumb/5af171fdd77c.jpg,2026-03-18 18:00:00-07:00
3032,2026-03-18,18,106,10,YT_SHORT,Behind the scenes: making [TITLE] #PlayStation #Shorts,#PlayStation #Shorts #Gaming,https://cdn.playstation.com/thumb/9602dd0a9ec4.jpg,2026-03-18 11:00:00-07:00
3033,2026-03-18,18,106,10,TT_TRENDING,gamers tell us their favorite PS5 moment,#PS5 #fyp #gamertok,https://cdn.playstation.com/thumb/a9eff7075069.jpg,2026-03-18 19:00:00-07:00
3034,2026-03-18,18,110,,YT_SHORT,Behind the scenes: making [TITLE] #PlayStation #Shorts,#PlayStation #Shorts #Gaming,https://cdn.playstation.com/thumb/9602dd0a9ec4.jpg,2026-03-18 11:00:00-07:00
3035,2026-03-18,18,108,,YT_TRAILER,[TITLE] - Official Launch Trailer | PS5,#PlayStation,https://cdn.playstation.com/thumb/d14edcf79724.jpg,2026-03-18 10:00:00-07:00
3036,2026-03-18,19,110,,IG_REEL,POV: you finally got [TITLE] 🎮,#PlayStation #PS5 #Gaming,https://cdn.playstation.com/thumb/b24bc932c5d4.jpg,2026-03-18 18:00:00-07:00
3037,2026-03-18,19,107,,YT_TRAILER,[TITLE] - Official Launch Trailer | PS5,#PlayStation,https://cdn.playstation.com/thumb/d14edcf79724.jpg,2026-03-18 10:00:00-07:00
3038,2026-03-18,19,106,10,TT_VIDEO,when the [TITLE] cutscene hits different,#PlayStation #fyp #gaming,https://cdn.playstation.com/thumb/5af171fdd77c.jpg,2026-03-18 18:00:00-07:00
3039,2026-03-18,19,106,10,TT_TRENDING,gamers tell us their favorite PS5 moment,#PS5 #fyp #gamertok,https://cdn.playstation.com/thumb/a9eff7075069.jpg,2026-03-18 19:00:00-07:00
3040,2026-03-18,19,112,,TT_TRENDING,gamers tell us their favorite PS5 moment,#PS5 #fyp #gamertok,https://cdn.playstation.com/thumb/a9eff7075069.jpg,2026-03-18 19:00:00-07:00
3041,2026-03-18,19,107,,BLOG_POST,[TITLE]: Everything you need to know,#PlayStation,https://cdn.playstation.com/thumb/2726d54090af.jpg,2026-03-18 12:00:00-07:00
3042,2026-03-18,19,110,,YT_TRAILER,[TITLE] - Official Launch Trailer | PS5,#PlayStation,https://cdn.playstation.com/thumb/d14edcf79724.jpg,2026-03-18 10:00:00-07:00
3043,2026-03-18,20,107,,IG_POST,Drop a 🎮 if you're playing [TITLE] this weekend,#PlayStation,https://cdn.playstation.com/thumb/145c85739aae.jpg,2026-03-18 14:00:00-07:00
3044,2026-03-18,20,110,,IG_REEL,POV: you finally got [TITLE] 🎮,#PlayStation #PS5 #Gaming,https://cdn.playstation.com/thumb/b24bc932c5d4.jpg,2026-03-18 18:00:00-07:00
3045,2026-03-18,20,106,10,YT_TRAILER,[TITLE] - Official Launch Trailer | PS5,#PlayStation,https://cdn.playstation.com/thumb/d14edcf79724.jpg,2026-03-18 10:00:00-07:00
3046,2026-03-18,20,106,10,IG_STORY,Out now on PS5 🔥,#PlayStation,https://cdn.playstation.com/thumb/dd13c7edfb5d.jpg,2026-03-18 13:00:00-07:00
3047,2026-03-18,20,106,10,TT_VIDEO,when the [TITLE] cutscene hits different,#PlayStation #fyp #gaming,https://cdn.playstation.com/thumb/5af171fdd77c.jpg,2026-03-18 18:00:00-07:00
3048,2026-03-18,20,112,,YT_LONG,[TITLE] - Deep Dive with the Dev Team,#PlayStation,https://cdn.playstation.com/thumb/01d7957a6d31.jpg,2026-03-18 10:00:00-07:00
3049,2026-03-19,12,108,,IG_STORY,Out now on PS5 🔥,#PlayStation,https://cdn.playstation.com/thumb/a98816e70e99.jpg,2026-03-19 09:00:00-07:00
3050,2026-03-19,12,108,,YT_TRAILER,[TITLE] - Official Launch Trailer | PS5,#PlayStation,https://cdn.playstation.com/thumb/1eb0fb6ba3e5.jpg,2026-03-19 09:00:00-07:00
3051,2026-03-19,12,110,,YT_SHORT,Behind the scenes: making [TITLE] #PlayStation #Shorts,#PlayStation #Shorts #Gaming,https://cdn.playstation.com/thumb/d435987a1457.jpg,2026-03-19 20:00:00-07:00
3052,2026-03-19,12,112,,IG_POST,Drop a 🎮 if you're playing [TITLE] this weekend,#PlayStation,https://cdn.playstation.com/thumb/1fc1c0708bbb.jpg,2026-03-19 20:00:00-07:00
3053,2026-03-19,12,110,,TT_VIDEO,when the [TITLE] cutscene hits different,#PlayStation #fyp #gaming,https://cdn.playstation.com/thumb/16d91cd330c1.jpg,2026-03-19 13:00:00-07:00
3054,2026-03-19,12,107,,IG_STORY,Out now on PS5 🔥,#PlayStation,https://cdn.playstation.com/thumb/a98816e70e99.jpg,2026-03-19 09:00:00-07:00
3055,2026-03-19,12,106,10,BLOG_POST,[TITLE]: Everything you need to know,#PlayStation,https://cdn.playstation.com/thumb/bf38fc305e05.jpg,2026-03-19 14:00:00-07:00
3056,2026-03-19,18,108,,BLOG_DEV_DIARY,Dev diary #7 - crafting [TITLE],#PlayStation,https://cdn.playstation.com/thumb/3bb1069d1963.jpg,2026-03-19 10:00:00-07:00
3057,2026-03-19,18,108,,BLOG_POST,[TITLE]: Everything you need to know,#PlayStation,https://cdn.playstation.com/thumb/bf38fc305e05.jpg,2026-03-19 14:00:00-07:00
3058,2026-03-19,19,107,,YT_LONG,[TITLE] - Deep Dive with the Dev Team,#PlayStation,https://cdn.playstation.com/thumb/3e46452d89f7.jpg,2026-03-19 17:00:00-07:00
3059,2026-03-19,19,108,,YT_TRAILER,[TITLE] - Official Launch Trailer | PS5,#PlayStation,https://cdn.playstation.com/thumb/1eb0fb6ba3e5.jpg,2026-03-19 09:00:00-07:00
3060,2026-03-19,19,112,,IG_REEL,POV: you finally got [TITLE] 🎮,#PlayStation #PS5 #Gaming,https://cdn.playstation.com/thumb/72fc95b220f2.jpg,2026-03-19 15:00:00-07:00
3061,2026-03-19,19,110,,IG_REEL,POV: you finally got [TITLE] 🎮,#PlayStation #PS5 #Gaming,https://cdn.playstation.com/thumb/72fc95b220f2.jpg,2026-03-19 15:00:00-07:00
3062,2026-03-19,19,107,,IG_POST,Drop a 🎮 if you're playing [TITLE] this weekend,#PlayStation,https://cdn.playstation.com/thumb/1fc1c0708bbb.jpg,2026-03-19 20:00:00-07:00
3063,2026-03-19,19,112,,YT_LONG,[TITLE] - Deep Dive with the Dev Team,#PlayStation,https://cdn.playstation.com/thumb/3e46452d89f7.jpg,2026-03-19 17:00:00-07:00
3064,2026-03-19,20,112,,YT_TRAILER,[TITLE] - Official Launch Trailer | PS5,#PlayStation,https://cdn.playstation.com/thumb/1eb0fb6ba3e5.jpg,2026-03-19 09:00:00-07:00
3065,2026-03-19,20,107,,YT_LONG,[TITLE] - Deep Dive with the Dev Team,#PlayStation,https://cdn.playstation.com/thumb/3e46452d89f7.jpg,2026-03-19 17:00:00-07:00
3066,2026-03-19,20,108,,YT_LONG,[TITLE] - Deep Dive with the Dev Team,#PlayStation,https://cdn.playstation.com/thumb/3e46452d89f7.jpg,2026-03-19 17:00:00-07:00
3067,2026-03-19,20,110,,YT_LONG,[TITLE] - Deep Dive with the Dev Team,#PlayStation,https://cdn.playstation.com/thumb/3e46452d89f7.jpg,2026-03-19 17:00:00-07:00
3068,2026-03-19,20,110,,YT_SHORT,Behind the scenes: making [TITLE] #PlayStation #Shorts,#PlayStation #Shorts #Gaming,https://cdn.playstation.com/thumb/d435987a1457.jpg,2026-03-19 20:00:00-07:00
3069,2026-03-20,12,112,,IG_POST,Drop a 🎮 if you're playing [TITLE] this weekend,#PlayStation,https://cdn.playstation.com/thumb/02ccd9ec2df7.jpg,2026-03-20 16:00:00-07:00
3070,2026-03-20,12,112,,IG_REEL,POV: you finally got [TITLE] 🎮,#PlayStation #PS5 #Gaming,https://cdn.playstation.com/thumb/dc2124b2763c.jpg,2026-03-20 19:00:00-07:00
3071,2026-03-20,12,110,,YT_LONG,[TITLE] - Deep Dive with the Dev Team,#PlayStation,https://cdn.playstation.com/thumb/7b8b830fc3db.jpg,2026-03-20 20:00:00-07:00
3072,2026-03-20,18,107,,IG_STORY,Out now on PS5 🔥,#PlayStation,https://cdn.playstation.com/thumb/cae6c51ddffa.jpg,2026-03-20 11:00:00-07:00
3073,2026-03-20,18,112,,YT_LONG,[TITLE] - Deep Dive with the Dev Team,#PlayStation,https://cdn.playstation.com/thumb/7b8b830fc3db.jpg,2026-03-20 20:00:00-07:00
3074,2026-03-20,18,107,,IG_POST,Drop a 🎮 if you're playing [TITLE] this weekend,#PlayStation,https://cdn.playstation.com/thumb/02ccd9ec2df7.jpg,2026-03-20 16:00:00-07:00
3075,2026-03-20,18,108,,IG_REEL,POV: you finally got [TITLE] 🎮,#PlayStation #PS5 #Gaming,https://cdn.playstation.com/thumb/dc2124b2763c.jpg,2026-03-20 19:00:00-07:00
3076,2026-03-20,18,106,10,TT_TRENDING,gamers tell us their favorite PS5 moment,#PS5 #fyp #gamertok,https://cdn.playstation.com/thumb/0711938fbf5c.jpg,2026-03-20 16:00:00-07:00
3077,2026-03-20,18,112,,BLOG_DEV_DIARY,Dev diary #7 - crafting [TITLE],#PlayStation,https://cdn.playstation.com/thumb/e8b61df9014e.jpg,2026-03-20 13:00:00-07:00
3078,2026-03-20,18,106,10,BLOG_POST,[TITLE]: Everything you need to know,#PlayStation,https://cdn.playstation.com/thumb/40acbe05157c.jpg,2026-03-20 15:00:00-07:00
3079,2026-03-20,18,106,10,YT_LONG,[TITLE] - Deep Dive with the Dev Team,#PlayStation,https://cdn.playstation.com/thumb/7b8b830fc3db.jpg,2026-03-20 20:00:00-07:00
3080,2026-03-20,19,107,,TT_VIDEO,when the [TITLE] cutscene hits different,#PlayStation #fyp #gaming,https://cdn.playstation.com/thumb/4c97f2ae125f.jpg,2026-03-20 15:00:00-07:00
3081,2026-03-20,19,110,,IG_REEL,POV: you finally got [TITLE] 🎮,#PlayStation #PS5 #Gaming,https://cdn.playstation.com/thumb/dc2124b2763c.jpg,2026-03-20 19:00:00-07:00
3082,2026-03-20,19,107,,YT_SHORT,Behind the scenes: making [TITLE] #PlayStation #Shorts,#PlayStation #Shorts #Gaming,https://cdn.playstation.com/thumb/021a47f8ca78.jpg,2026-03-20 20:00:00-07:00
3083,2026-03-20,19,110,,BLOG_DEV_DIARY,Dev diary #7 - crafting [TITLE],#PlayStation,https://cdn.playstation.com/thumb/e8b61df9014e.jpg,2026-03-20 13:00:00-07:00
3084,2026-03-20,20,108,,IG_STORY,Out now on PS5 🔥,#PlayStation,https://cdn.playstation.com/thumb/cae6c51ddffa.jpg,2026-03-20 11:00:00-07:00
3085,2026-03-20,20,108,,IG_REEL,POV: you finally got [TITLE] 🎮,#PlayStation #PS5 #Gaming,https://cdn.playstation.com/thumb/dc2124b2763c.jpg,2026-03-20 19:00:00-07:00
3086,2026-03-20,20,112,,YT_TRAILER,[TITLE] - Official Launch Trailer | PS5,#PlayStation,https://cdn.playstation.com/thumb/665e7fdf73b5.jpg,2026-03-20 15:00:00-07:00
3087,2026-03-21,12,107,,IG_REEL,POV: you finally got [TITLE] 🎮,#PlayStation #PS5 #Gaming,https://cdn.playstation.com/thumb/953209fa4764.jpg,2026-03-21 11:00:00-07:00
3088,2026-03-21,12,110,,YT_LONG,[TITLE] - Deep Dive with the Dev Team,#PlayStation,https://cdn.playstation.com/thumb/28fe7fbf305d.jpg,2026-03-21 19:00:00-07:00
3089,2026-03-21,12,106,10,BLOG_DEV_DIARY,Dev diary #7 - crafting [TITLE],#PlayStation,https://cdn.playstation.com/thumb/86387e6da037.jpg,2026-03-21 18:00:00-07:00
3090,2026-03-21,12,106,10,YT_SHORT,Behind the scenes: making [TITLE] #PlayStation #Shorts,#PlayStation #Shorts #Gaming,https://cdn.playstation.com/thumb/c6a5b1115786.jpg,2026-03-21 16:00:00-07:00
3091,2026-03-21,12,107,,TT_VIDEO,when the [TITLE] cutscene hits different,#PlayStation #fyp #gaming,https://cdn.playstation.com/thumb/7cb7d60df099.jpg,2026-03-21 09:00:00-07:00
3092,2026-03-21,18,108,,BLOG_POST,[TITLE]: Everything you need to know,#PlayStation,https://cdn.playstation.com/thumb/595016c29b3e.jpg,2026-03-21 15:00:00-07:00
3093,2026-03-21,19,110,,TT_VIDEO,when the [TITLE] cutscene hits different,#PlayStation #fyp #gaming,https://cdn.playstation.com/thumb/7cb7d60df099.jpg,2026-03-21 09:00:00-07:00
3094,2026-03-21,19,106,10,YT_LONG,[TITLE] - Deep Dive with the Dev Team,#PlayStation,https://cdn.playstation.com/thumb/28fe7fbf305d.jpg,2026-03-21 19:00:00-07:00
3095,2026-03-21,19,110,,TT_TRENDING,gamers tell us their favorite PS5 moment,#PS5 #fyp #gamertok,https://cdn.playstation.com/thumb/3bf9a2458d0c.jpg,2026-03-21 15:00:00-07:00
3096,2026-03-21,19,108,,TT_TRENDING,gamers tell us their favorite PS5 moment,#PS5 #fyp #gamertok,https://cdn.playstation.com/thumb/3bf9a2458d0c.jpg,2026-03-21 15:00:00-07:00
3097,2026-03-21,19,106,10,YT_TRAILER,[TITLE] - Official Launch Trailer | PS5,#PlayStation,https://cdn.playstation.com/thumb/e86a8a1f7d14.jpg,2026-03-21 10:00:00-07:00
3098,2026-03-21,20,112,,YT_TRAILER,[TITLE] - Official Launch Trailer | PS5,#PlayStation,https://cdn.playstation.com/thumb/e86a8a1f7d14.jpg,2026-03-21 10:00:00-07:00
3099,2026-03-21,20,107,,YT_LONG,[TITLE] - Deep Dive with the Dev Team,#PlayStation,https://cdn.playstation.com/thumb/28fe7fbf305d.jpg,2026-03-21 19:00:00-07:00
3100,2026-03-21,20,108,,YT_TRAILER,[TITLE] - Official Launch Trailer | PS5,#PlayStation,https://cdn.playstation.com/thumb/e86a8a1f7d14.jpg,2026-03-21 10:00:00-07:00
3101,2026-03-21,20,108,,IG_REEL,POV: you finally got [TITLE] 🎮,#PlayStation #PS5 #Gaming,https://cdn.playstation.com/thumb/953209fa4764.jpg,2026-03-21 11:00:00-07:00
3102,2026-03-22,12,112,,BLOG_DEV_DIARY,Dev diary #7 - crafting [TITLE],#PlayStation,https://cdn.playstation.com/thumb/e18e9fa12b1f.jpg,2026-03-22 09:00:00-07:00
3103,2026-03-22,12,106,10,IG_POST,Drop a 🎮 if you're playing [TITLE] this weekend,#PlayStation,https://cdn.playstation.com/thumb/9b2ceaf942d9.jpg,2026-03-22 16:00:00-07:00
3104,2026-03-22,18,108,,IG_REEL,POV: you finally got [TITLE] 🎮,#PlayStation #PS5 #Gaming,https://cdn.playstation.com/thumb/e390ca10f7cb.jpg,2026-03-22 11:00:00-07:00
3105,2026-03-22,18,110,,IG_STORY,Out now on PS5 🔥,#PlayStation,https://cdn.playstation.com/thumb/3a2ac08a4da1.jpg,2026-03-22 12:00:00-07:00
3106,2026-03-22,19,112,,IG_REEL,POV: you finally got [TITLE] 🎮,#PlayStation #PS5 #Gaming,https://cdn.playstation.com/thumb/e390ca10f7cb.jpg,2026-03-22 11:00:00-07:00
3107,2026-03-22,19,110,,YT_TRAILER,[TITLE] - Official Launch Trailer | PS5,#PlayStation,https://cdn.playstation.com/thumb/8f4fa38fcd22.jpg,2026-03-22 15:00:00-07:00
3108,2026-03-22,19,110,,BLOG_DEV_DIARY,Dev diary #7 - crafting [TITLE],#PlayStation,https://cdn.playstation.com/thumb/e18e9fa12b1f.jpg,2026-03-22 09:00:00-07:00
3109,2026-03-22,20,106,10,IG_STORY,Out now on PS5 🔥,#PlayStation,https://cdn.playstation.com/thumb/3a2ac08a4da1.jpg,2026-03-22 12:00:00-07:00
3110,2026-03-23,12,108,,TT_TRENDING,gamers tell us their favorite PS5 moment,#PS5 #fyp #gamertok,https://cdn.playstation.com/thumb/21771f4654d3.jpg,2026-03-23 09:00:00-07:00
3111,2026-03-23,12,106,10,IG_STORY,Out now on PS5 🔥,#PlayStation,https://cdn.playstation.com/thumb/814b4026e635.jpg,2026-03-23 18:00:00-07:00
3112,2026-03-23,12,112,,YT_TRAILER,[TITLE] - Official Launch Trailer | PS5,#PlayStation,https://cdn.playstation.com/thumb/4ef90c2dc99e.jpg,2026-03-23 15:00:00-07:00
3113,2026-03-23,12,110,,BLOG_DEV_DIARY,Dev diary #7 - crafting [TITLE],#PlayStation,https://cdn.playstation.com/thumb/fe6be81c6bfe.jpg,2026-03-23 20:00:00-07:00
3114,2026-03-23,12,108,,BLOG_POST,[TITLE]: Everything you need to know,#PlayStation,https://cdn.playstation.com/thumb/9831d42ee72a.jpg,2026-03-23 16:00:00-07:00
3115,2026-03-23,18,112,,YT_SHORT,Behind the scenes: making [TITLE] #PlayStation #Shorts,#PlayStation #Shorts #Gaming,https://cdn.playstation.com/thumb/481e0e3776e0.jpg,2026-03-23 19:00:00-07:00
3116,2026-03-23,18,110,,BLOG_POST,[TITLE]: Everything you need to know,#PlayStation,https://cdn.playstation.com/thumb/9831d42ee72a.jpg,2026-03-23 16:00:00-07:00
3117,2026-03-23,18,108,,IG_REEL,POV: you finally got [TITLE] 🎮,#PlayStation #PS5 #Gaming,https://cdn.playstation.com/thumb/18705aa40190.jpg,2026-03-23 14:00:00-07:00
3118,2026-03-23,18,106,10,TT_VIDEO,when the [TITLE] cutscene hits different,#PlayStation #fyp #gaming,https://cdn.playstation.com/thumb/626c72f90464.jpg,2026-03-23 20:00:00-07:00
3119,2026-03-23,18,107,,IG_STORY,Out now on PS5 🔥,#PlayStation,https://cdn.playstation.com/thumb/814b4026e635.jpg,2026-03-23 18:00:00-07:00
3120,2026-03-23,18,112,,IG_STORY,Out now on PS5 🔥,#PlayStation,https://cdn.playstation.com/thumb/814b4026e635.jpg,2026-03-23 18:00:00-07:00
3121,2026-03-23,18,110,,BLOG_DEV_DIARY,Dev diary #7 - crafting [TITLE],#PlayStation,https://cdn.playstation.com/thumb/fe6be81c6bfe.jpg,2026-03-23 20:00:00-07:00
3122,2026-03-23,18,106,10,YT_TRAILER,[TITLE] - Official Launch Trailer | PS5,#PlayStation,https://cdn.playstation.com/thumb/4ef90c2dc99e.jpg,2026-03-23 15:00:00-07:00
3123,2026-03-23,19,112,,IG_REEL,POV: you finally got [TITLE] 🎮,#PlayStation #PS5 #Gaming,https://cdn.playstation.com/thumb/18705aa40190.jpg,2026-03-23 14:00:00-07:00
3124,2026-03-23,19,112,,TT_VIDEO,when the [TITLE] cutscene hits different,#PlayStation #fyp #gaming,https://cdn.playstation.com/thumb/626c72f90464.jpg,2026-03-23 20:00:00-07:00
3125,2026-03-23,19,107,,BLOG_DEV_DIARY,Dev diary #7 - crafting [TITLE],#PlayStation,https://cdn.playstation.com/thumb/fe6be81c6bfe.jpg,2026-03-23 20:00:00-07:00
3126,2026-03-23,19,106,10,IG_POST,Drop a 🎮 if you're playing [TITLE] this weekend,#PlayStation,https://cdn.playstation.com/thumb/5ae8a653631f.jpg,2026-03-23 19:00:00-07:00
3127,2026-03-23,19,110,,YT_LONG,[TITLE] - Deep Dive with the Dev Team,#PlayStation,https://cdn.playstation.com/thumb/3e009047ab89.jpg,2026-03-23 19:00:00-07:00
3128,2026-03-23,20,108,,BLOG_DEV_DIARY,Dev diary #7 - crafting [TITLE],#PlayStation,https://cdn.playstation.com/thumb/fe6be81c6bfe.jpg,2026-03-23 20:00:00-07:00
3129,2026-03-23,20,107,,YT_TRAILER,[TITLE] - Official Launch Trailer | PS5,#PlayStation,https://cdn.playstation.com/thumb/4ef90c2dc99e.jpg,2026-03-23 15:00:00-07:00
3130,2026-03-24,12,112,,BLOG_POST,[TITLE]: Everything you need to know,#PlayStation,https://cdn.playstation.com/thumb/01dc6d7d9b44.jpg,2026-03-24 13:00:00-07:00
3131,2026-03-24,12,106,10,IG_REEL,POV: you finally got [TITLE] 🎮,#PlayStation #PS5 #Gaming,https://cdn.playstation.com/thumb/a791e6f2b0e4.jpg,2026-03-24 20:00:00-07:00
3132,2026-03-24,12,106,10,YT_LONG,[TITLE] - Deep Dive with the Dev Team,#PlayStation,https://cdn.playstation.com/thumb/b808015d0409.jpg,2026-03-24 15:00:00-07:00
3133,2026-03-24,18,107,,YT_LONG,[TITLE] - Deep Dive with the Dev Team,#PlayStation,https://cdn.playstation.com/thumb/b808015d0409.jpg,2026-03-24 15:00:00-07:00
3134,2026-03-24,18,110,,TT_TRENDING,gamers tell us their favorite PS5 moment,#PS5 #fyp #gamertok,https://cdn.playstation.com/thumb/b627c8b6adb3.jpg,2026-03-24 09:00:00-07:00
3135,2026-03-24,18,110,,YT_LONG,[TITLE] - Deep Dive with the Dev Team,#PlayStation,https://cdn.playstation.com/thumb/b808015d0409.jpg,2026-03-24 15:00:00-07:00
3136,2026-03-24,18,107,,YT_SHORT,Behind the scenes: making [TITLE] #PlayStation #Shorts,#PlayStation #Shorts #Gaming,https://cdn.playstation.com/thumb/69a05799d530.jpg,2026-03-24 12:00:00-07:00
3137,2026-03-24,19,107,,TT_TRENDING,gamers tell us their favorite PS5 moment,#PS5 #fyp #gamertok,https://cdn.playstation.com/thumb/b627c8b6adb3.jpg,2026-03-24 09:00:00-07:00
3138,2026-03-24,19,112,,YT_LONG,[TITLE] - Deep Dive with the Dev Team,#PlayStation,https://cdn.playstation.com/thumb/b808015d0409.jpg,2026-03-24 15:00:00-07:00
3139,2026-03-24,20,108,,BLOG_POST,[TITLE]: Everything you need to know,#PlayStation,https://cdn.playstation.com/thumb/01dc6d7d9b44.jpg,2026-03-24 13:00:00-07:00
3140,2026-03-24,20,106,10,YT_TRAILER,[TITLE] - Official Launch Trailer | PS5,#PlayStation,https://cdn.playstation.com/thumb/e3f50ac3cd9e.jpg,2026-03-24 12:00:00-07:00
3141,2026-03-24,20,110,,YT_LONG,[TITLE] - Deep Dive with the Dev Team,#PlayStation,https://cdn.playstation.com/thumb/b808015d0409.jpg,2026-03-24 15:00:00-07:00
3142,2026-03-24,20,106,10,IG_STORY,Out now on PS5 🔥,#PlayStation,https://cdn.playstation.com/thumb/78ba67337c41.jpg,2026-03-24 09:00:00-07:00
3143,2026-03-24,20,108,,IG_STORY,Out now on PS5 🔥,#PlayStation,https://cdn.playstation.com/thumb/78ba67337c41.jpg,2026-03-24 09:00:00-07:00
3144,2026-03-24,20,108,,IG_REEL,POV: you finally got [TITLE] 🎮,#PlayStation #PS5 #Gaming,https://cdn.playstation.com/thumb/a791e6f2b0e4.jpg,2026-03-24 20:00:00-07:00
3145,2026-03-25,12,106,10,IG_STORY,Out now on PS5 🔥,#PlayStation,https://cdn.playstation.com/thumb/088cd2767bf4.jpg,2026-03-25 16:00:00-07:00
3146,2026-03-25,18,108,,TT_TRENDING,gamers tell us their favorite PS5 moment,#PS5 #fyp #gamertok,https://cdn.playstation.com/thumb/b77a506a585a.jpg,2026-03-25 10:00:00-07:00
3147,2026-03-25,18,107,,IG_STORY,Out now on PS5 🔥,#PlayStation,https://cdn.playstation.com/thumb/088cd2767bf4.jpg,2026-03-25 16:00:00-07:00
3148,2026-03-25,18,112,,TT_TRENDING,gamers tell us their favorite PS5 moment,#PS5 #fyp #gamertok,https://cdn.playstation.com/thumb/b77a506a585a.jpg,2026-03-25 10:00:00-07:00
3149,2026-03-25,18,107,,YT_TRAILER,[TITLE] - Official Launch Trailer | PS5,#PlayStation,https://cdn.playstation.com/thumb/e6d521c52352.jpg,2026-03-25 13:00:00-07:00
3150,2026-03-25,18,107,,BLOG_DEV_DIARY,Dev diary #7 - crafting [TITLE],#PlayStation,https://cdn.playstation.com/thumb/2b4fd48ba7d6.jpg,2026-03-25 09:00:00-07:00
3151,2026-03-25,19,107,,YT_LONG,[TITLE] - Deep Dive with the Dev Team,#PlayStation,https://cdn.playstation.com/thumb/b5f77e89f013.jpg,2026-03-25 14:00:00-07:00
3152,2026-03-25,19,106,10,IG_POST,Drop a 🎮 if you're playing [TITLE] this weekend,#PlayStation,https://cdn.playstation.com/thumb/39515c6db9c1.jpg,2026-03-25 09:00:00-07:00
3153,2026-03-25,19,106,10,BLOG_DEV_DIARY,Dev diary #7 - crafting [TITLE],#PlayStation,https://cdn.playstation.com/thumb/2b4fd48ba7d6.jpg,2026-03-25 09:00:00-07:00
3154,2026-03-25,19,107,,BLOG_DEV_DIARY,Dev diary #7 - crafting [TITLE],#PlayStation,https://cdn.playstation.com/thumb/2b4fd48ba7d6.jpg,2026-03-25 09:00:00-07:00
3155,2026-03-25,19,108,,IG_POST,Drop a 🎮 if you're playing [TITLE] this weekend,#PlayStation,https://cdn.playstation.com/thumb/39515c6db9c1.jpg,2026-03-25 09:00:00-07:00
3156,2026-03-25,20,112,,IG_STORY,Out now on PS5 🔥,#PlayStation,https://cdn.playstation.com/thumb/088cd2767bf4.jpg,2026-03-25 16:00:00-07:00
3157,2026-03-25,20,112,,TT_TRENDING,gamers tell us their favorite PS5 moment,#PS5 #fyp #gamertok,https://cdn.playstation.com/thumb/b77a506a585a.jpg,2026-03-25 10:00:00-07:00
3158,2026-03-25,20,107,,IG_STORY,Out now on PS5 🔥,#PlayStation,https://cdn.playstation.com/thumb/088cd2767bf4.jpg,2026-03-25 16:00:00-07:00
3159,2026-03-25,20,106,10,YT_SHORT,Behind the scenes: making [TITLE] #PlayStation #Shorts,#PlayStation #Shorts #Gaming,https://cdn.playstation.com/thumb/23cb13f8d51d.jpg,2026-03-25 19:00:00-07:00
3160,2026-03-26,12,107,,IG_POST,Drop a 🎮 if you're playing [TITLE] this weekend,#PlayStation,https://cdn.playstation.com/thumb/96fb0881b3d5.jpg,2026-03-26 19:00:00-07:00
3161,2026-03-26,12,106,10,IG_REEL,POV: you finally got [TITLE] 🎮,#PlayStation #PS5 #Gaming,https://cdn.playstation.com/thumb/6db95cc0db5e.jpg,2026-03-26 17:00:00-07:00
3162,2026-03-26,12,106,10,BLOG_POST,[TITLE]: Everything you need to know,#PlayStation,https://cdn.playstation.com/thumb/a8ff9d798572.jpg,2026-03-26 14:00:00-07:00
3163,2026-03-26,18,112,,YT_TRAILER,[TITLE] - Official Launch Trailer | PS5,#PlayStation,https://cdn.playstation.com/thumb/98436a64766e.jpg,2026-03-26 20:00:00-07:00
3164,2026-03-26,18,110,,TT_TRENDING,gamers tell us their favorite PS5 moment,#PS5 #fyp #gamertok,https://cdn.playstation.com/thumb/d75aac4f7d63.jpg,2026-03-26 10:00:00-07:00
3165,2026-03-26,18,108,,BLOG_DEV_DIARY,Dev diary #7 - crafting [TITLE],#PlayStation,https://cdn.playstation.com/thumb/0945d7417753.jpg,2026-03-26 15:00:00-07:00
3166,2026-03-26,18,107,,YT_LONG,[TITLE] - Deep Dive with the Dev Team,#PlayStation,https://cdn.playstation.com/thumb/6d0025c03a5e.jpg,2026-03-26 20:00:00-07:00
3167,2026-03-26,19,112,,TT_VIDEO,when the [TITLE] cutscene hits different,#PlayStation #fyp #gaming,https://cdn.playstation.com/thumb/90ecc340fc80.jpg,2026-03-26 18:00:00-07:00
3168,2026-03-26,19,106,10,TT_VIDEO,when the [TITLE] cutscene hits different,#PlayStation #fyp #gaming,https://cdn.playstation.com/thumb/90ecc340fc80.jpg,2026-03-26 18:00:00-07:00
3169,2026-03-26,19,106,10,YT_SHORT,Behind the scenes: making [TITLE] #PlayStation #Shorts,#PlayStation #Shorts #Gaming,https://cdn.playstation.com/thumb/c5d5e65e0e3e.jpg,2026-03-26 19:00:00-07:00
3170,2026-03-26,19,107,,BLOG_POST,[TITLE]: Everything you need to know,#PlayStation,https://cdn.playstation.com/thumb/a8ff9d798572.jpg,2026-03-26 14:00:00-07:00
3171,2026-03-26,20,106,10,BLOG_DEV_DIARY,Dev diary #7 - crafting [TITLE],#PlayStation,https://cdn.playstation.com/thumb/0945d7417753.jpg,2026-03-26 15:00:00-07:00
3172,2026-03-26,20,106,10,IG_STORY,Out now on PS5 🔥,#PlayStation,https://cdn.playstation.com/thumb/97489aeea00a.jpg,2026-03-26 19:00:00-07:00
3173,2026-03-26,20,112,,YT_LONG,[TITLE] - Deep Dive with the Dev Team,#PlayStation,https://cdn.playstation.com/thumb/6d0025c03a5e.jpg,2026-03-26 20:00:00-07:00
3174,2026-03-26,20,110,,BLOG_DEV_DIARY,Dev diary #7 - crafting [TITLE],#PlayStation,https://cdn.playstation.com/thumb/0945d7417753.jpg,2026-03-26 15:00:00-07:00
3175,2026-03-26,20,110,,YT_TRAILER,[TITLE] - Official Launch Trailer | PS5,#PlayStation,https://cdn.playstation.com/thumb/98436a64766e.jpg,2026-03-26 20:00:00-07:00
3176,2026-03-26,20,112,,IG_REEL,POV: you finally got [TITLE] 🎮,#PlayStation #PS5 #Gaming,https://cdn.playstation.com/thumb/6db95cc0db5e.jpg,2026-03-26 17:00:00-07:00
3177,2026-03-27,12,110,,YT_TRAILER,[TITLE] - Official Launch Trailer | PS5,#PlayStation,https://cdn.playstation.com/thumb/1bf13e11057b.jpg,2026-03-27 12:00:00-07:00
3178,2026-03-27,18,108,,IG_REEL,POV: you finally got [TITLE] 🎮,#PlayStation #PS5 #Gaming,https://cdn.playstation.com/thumb/85dbf63a7df1.jpg,2026-03-27 12:00:00-07:00
3179,2026-03-27,18,110,,IG_STORY,Out now on PS5 🔥,#PlayStation,https://cdn.playstation.com/thumb/86f27301d4b1.jpg,2026-03-27 17:00:00-07:00
3180,2026-03-27,18,108,,YT_SHORT,Behind the scenes: making [TITLE] #PlayStation #Shorts,#PlayStation #Shorts #Gaming,https://cdn.playstation.com/thumb/b300aac545eb.jpg,2026-03-27 14:00:00-07:00
3181,2026-03-27,18,110,,YT_SHORT,Behind the scenes: making [TITLE] #PlayStation #Shorts,#PlayStation #Shorts #Gaming,https://cdn.playstation.com/thumb/b300aac545eb.jpg,2026-03-27 14:00:00-07:00
3182,2026-03-27,19,108,,TT_VIDEO,when the [TITLE] cutscene hits different,#PlayStation #fyp #gaming,https://cdn.playstation.com/thumb/e17d1d421ddf.jpg,2026-03-27 10:00:00-07:00
3183,2026-03-27,19,110,,YT_LONG,[TITLE] - Deep Dive with the Dev Team,#PlayStation,https://cdn.playstation.com/thumb/e234e5b608b4.jpg,2026-03-27 15:00:00-07:00
3184,2026-03-27,19,112,,YT_SHORT,Behind the scenes: making [TITLE] #PlayStation #Shorts,#PlayStation #Shorts #Gaming,https://cdn.playstation.com/thumb/b300aac545eb.jpg,2026-03-27 14:00:00-07:00
3185,2026-03-27,19,107,,IG_STORY,Out now on PS5 🔥,#PlayStation,https://cdn.playstation.com/thumb/86f27301d4b1.jpg,2026-03-27 17:00:00-07:00
3186,2026-03-27,20,112,,YT_SHORT,Behind the scenes: making [TITLE] #PlayStation #Shorts,#PlayStation #Shorts #Gaming,https://cdn.playstation.com/thumb/b300aac545eb.jpg,2026-03-27 14:00:00-07:00
3187,2026-03-27,20,110,,IG_POST,Drop a 🎮 if you're playing [TITLE] this weekend,#PlayStation,https://cdn.playstation.com/thumb/3459c37ab87a.jpg,2026-03-27 20:00:00-07:00
3188,2026-03-27,20,112,,BLOG_POST,[TITLE]: Everything you need to know,#PlayStation,https://cdn.playstation.com/thumb/75dff9466e0f.jpg,2026-03-27 09:00:00-07:00
3189,2026-03-27,20,110,,BLOG_POST,[TITLE]: Everything you need to know,#PlayStation,https://cdn.playstation.com/thumb/75dff9466e0f.jpg,2026-03-27 09:00:00-07:00
3190,2026-03-28,12,110,,TT_TRENDING,gamers tell us their favorite PS5 moment,#PS5 #fyp #gamertok,https://cdn.playstation.com/thumb/ce8470c3156d.jpg,2026-03-28 09:00:00-07:00
3191,2026-03-28,12,107,,YT_TRAILER,[TITLE] - Official Launch Trailer | PS5,#PlayStation,https://cdn.playstation.com/thumb/0473f166b008.jpg,2026-03-28 18:00:00-07:00
3192,2026-03-28,12,106,10,TT_TRENDING,gamers tell us their favorite PS5 moment,#PS5 #fyp #gamertok,https://cdn.playstation.com/thumb/ce8470c3156d.jpg,2026-03-28 09:00:00-07:00
3193,2026-03-28,19,112,,BLOG_DEV_DIARY,Dev diary #7 - crafting [TITLE],#PlayStation,https://cdn.playstation.com/thumb/cda54f1d71da.jpg,2026-03-28 12:00:00-07:00
3194,2026-03-28,19,108,,IG_REEL,POV: you finally got [TITLE] 🎮,#PlayStation #PS5 #Gaming,https://cdn.playstation.com/thumb/89a5e1b06a51.jpg,2026-03-28 19:00:00-07:00
3195,2026-03-28,20,108,,YT_SHORT,Behind the scenes: making [TITLE] #PlayStation #Shorts,#PlayStation #Shorts #Gaming,https://cdn.playstation.com/thumb/fba1d6ed741b.jpg,2026-03-28 17:00:00-07:00
3196,2026-03-28,20,106,10,TT_TRENDING,gamers tell us their favorite PS5 moment,#PS5 #fyp #gamertok,https://cdn.playstation.com/thumb/ce8470c3156d.jpg,2026-03-28 09:00:00-07:00
3197,2026-03-29,12,106,10,IG_STORY,Out now on PS5 🔥,#PlayStation,https://cdn.playstation.com/thumb/f844583b1e94.jpg,2026-03-29 17:00:00-07:00
3198,2026-03-29,12,107,,YT_TRAILER,[TITLE] - Official Launch Trailer | PS5,#PlayStation,https://cdn.playstation.com/thumb/37cf9f4a3918.jpg,2026-03-29 12:00:00-07:00
3199,2026-03-29,12,112,,IG_STORY,Out now on PS5 🔥,#PlayStation,https://cdn.playstation.com/thumb/f844583b1e94.jpg,2026-03-29 17:00:00-07:00
3200,2026-03-29,12,106,10,YT_SHORT,Behind the scenes: making [TITLE] #PlayStation #Shorts,#PlayStation #Shorts #Gaming,https://cdn.playstation.com/thumb/387375dd6f81.jpg,2026-03-29 12:00:00-07:00
3201,2026-03-29,18,112,,TT_VIDEO,when the [TITLE] cutscene hits different,#PlayStation #fyp #gaming,https://cdn.playstation.com/thumb/f82035f5afd8.jpg,2026-03-29 09:00:00-07:00
3202,2026-03-29,19,106,10,TT_VIDEO,when the [TITLE] cutscene hits different,#PlayStation #fyp #gaming,https://cdn.playstation.com/thumb/f82035f5afd8.jpg,2026-03-29 09:00:00-07:00
3203,2026-03-29,19,108,,BLOG_POST,[TITLE]: Everything you need to know,#PlayStation,https://cdn.playstation.com/thumb/1e528729a613.jpg,2026-03-29 14:00:00-07:00
3204,2026-03-29,19,110,,YT_TRAILER,[TITLE] - Official Launch Trailer | PS5,#PlayStation,https://cdn.playstation.com/thumb/37cf9f4a3918.jpg,2026-03-29 12:00:00-07:00
3205,2026-03-29,19,112,,YT_SHORT,Behind the scenes: making [TITLE] #PlayStation #Shorts,#PlayStation #Shorts #Gaming,https://cdn.playstation.com/thumb/387375dd6f81.jpg,2026-03-29 12:00:00-07:00
3206,2026-03-29,19,108,,BLOG_DEV_DIARY,Dev diary #7 - crafting [TITLE],#PlayStation,https://cdn.playstation.com/thumb/74e2f163e1ad.jpg,2026-03-29 12:00:00-07:00
3207,2026-03-29,20,107,,YT_TRAILER,[TITLE] - Official Launch Trailer | PS5,#PlayStation,https://cdn.playstation.com/thumb/37cf9f4a3918.jpg,2026-03-29 12:00:00-07:00
3208,2026-03-29,20,108,,IG_REEL,POV: you finally got [TITLE] 🎮,#PlayStation #PS5 #Gaming,https://cdn.playstation.com/thumb/302da6cac10e.jpg,2026-03-29 11:00:00-07:00
3209,2026-03-29,20,112,,BLOG_DEV_DIARY,Dev diary #7 - crafting [TITLE],#PlayStation,https://cdn.playstation.com/thumb/74e2f163e1ad.jpg,2026-03-29 12:00:00-07:00
3210,2026-03-30,12,112,,YT_TRAILER,[TITLE] - Official Launch Trailer | PS5,#PlayStation,https://cdn.playstation.com/thumb/244d3314b31d.jpg,2026-03-30 20:00:00-07:00
3211,2026-03-30,12,107,,YT_SHORT,Behind the scenes: making [TITLE] #PlayStation #Shorts,#PlayStation #Shorts #Gaming,https://cdn.playstation.com/thumb/c27d082ee4d7.jpg,2026-03-30 16:00:00-07:00
3212,2026-03-30,12,108,,TT_TRENDING,gamers tell us their favorite PS5 moment,#PS5 #fyp #gamertok,https://cdn.playstation.com/thumb/8544539fd903.jpg,2026-03-30 13:00:00-07:00
3213,2026-03-30,12,108,,IG_POST,Drop a 🎮 if you're playing [TITLE] this weekend,#PlayStation,https://cdn.playstation.com/thumb/e63ccae64d6a.jpg,2026-03-30 09:00:00-07:00
3214,2026-03-30,12,107,,IG_REEL,POV: you finally got [TITLE] 🎮,#PlayStation #PS5 #Gaming,https://cdn.playstation.com/thumb/c00a96e4a3e8.jpg,2026-03-30 12:00:00-07:00
3215,2026-03-30,18,106,10,IG_REEL,POV: you finally got [TITLE] 🎮,#PlayStation #PS5 #Gaming,https://cdn.playstation.com/thumb/c00a96e4a3e8.jpg,2026-03-30 12:00:00-07:00
3216,2026-03-30,18,108,,YT_LONG,[TITLE] - Deep Dive with the Dev Team,#PlayStation,https://cdn.playstation.com/thumb/9f3ae45215fa.jpg,2026-03-30 09:00:00-07:00
3217,2026-03-30,18,112,,YT_LONG,[TITLE] - Deep Dive with the Dev Team,#PlayStation,https://cdn.playstation.com/thumb/9f3ae45215fa.jpg,2026-03-30 09:00:00-07:00
3218,2026-03-30,18,108,,YT_SHORT,Behind the scenes: making [TITLE] #PlayStation #Shorts,#PlayStation #Shorts #Gaming,https://cdn.playstation.com/thumb/c27d082ee4d7.jpg,2026-03-30 16:00:00-07:00
3219,2026-03-30,18,112,,BLOG_DEV_DIARY,Dev diary #7 - crafting [TITLE],#PlayStation,https://cdn.playstation.com/thumb/a18853c46bf4.jpg,2026-03-30 18:00:00-07:00
3220,2026-03-30,18,110,,BLOG_DEV_DIARY,Dev diary #7 - crafting [TITLE],#PlayStation,https://cdn.playstation.com/thumb/a18853c46bf4.jpg,2026-03-30 18:00:00-07:00
3221,2026-03-30,18,108,,IG_POST,Drop a 🎮 if you're playing [TITLE] this weekend,#PlayStation,https://cdn.playstation.com/thumb/e63ccae64d6a.jpg,2026-03-30 09:00:00-07:00
3222,2026-03-30,18,107,,YT_LONG,[TITLE] - Deep Dive with the Dev Team,#PlayStation,https://cdn.playstation.com/thumb/9f3ae45215fa.jpg,2026-03-30 09:00:00-07:00
3223,2026-03-30,18,107,,IG_REEL,POV: you finally got [TITLE] 🎮,#PlayStation #PS5 #Gaming,https://cdn.playstation.com/thumb/c00a96e4a3e8.jpg,2026-03-30 12:00:00-07:00
3224,2026-03-30,19,112,,BLOG_POST,[TITLE]: Everything you need to know,#PlayStation,https://cdn.playstation.com/thumb/7e6b2e03d09e.jpg,2026-03-30 09:00:00-07:00
3225,2026-03-30,19,108,,YT_LONG,[TITLE] - Deep Dive with the Dev Team,#PlayStation,https://cdn.playstation.com/thumb/9f3ae45215fa.jpg,2026-03-30 09:00:00-07:00
3226,2026-03-30,20,106,10,BLOG_DEV_DIARY,Dev diary #7 - crafting [TITLE],#PlayStation,https://cdn.playstation.com/thumb/a18853c46bf4.jpg,2026-03-30 18:00:00-07:00
3227,2026-03-30,20,112,,BLOG_DEV_DIARY,Dev diary #7 - crafting [TITLE],#PlayStation,https://cdn.playstation.com/thumb/a18853c46bf4.jpg,2026-03-30 18:00:00-07:00
3228,2026-03-30,20,108,,TT_TRENDING,gamers tell us their favorite PS5 moment,#PS5 #fyp #gamertok,https://cdn.playstation.com/thumb/8544539fd903.jpg,2026-03-30 13:00:00-07:00
3229,2026-03-30,20,107,,IG_POST,Drop a 🎮 if you're playing [TITLE] this weekend,#PlayStation,https://cdn.playstation.com/thumb/e63ccae64d6a.jpg,2026-03-30 09:00:00-07:00
3230,2026-03-30,20,106,10,YT_SHORT,Behind the scenes: making [TITLE] #PlayStation #Shorts,#PlayStation #Shorts #Gaming,https://cdn.playstation.com/thumb/c27d082ee4d7.jpg,2026-03-30 16:00:00-07:00
3231,2026-03-30,20,106,10,YT_TRAILER,[TITLE] - Official Launch Trailer | PS5,#PlayStation,https://cdn.playstation.com/thumb/244d3314b31d.jpg,2026-03-30 20:00:00-07:00
3232,2026-03-31,12,110,,BLOG_DEV_DIARY,Dev diary #7 - crafting [TITLE],#PlayStation,https://cdn.playstation.com/thumb/403e3c9b43c1.jpg,2026-03-31 17:00:00-07:00
3233,2026-03-31,12,107,,IG_REEL,POV: you finally got [TITLE] 🎮,#PlayStation #PS5 #Gaming,https://cdn.playstation.com/thumb/18fb10f90483.jpg,2026-03-31 09:00:00-07:00
3234,2026-03-31,12,106,10,IG_REEL,POV: you finally got [TITLE] 🎮,#PlayStation #PS5 #Gaming,https://cdn.playstation.com/thumb/18fb10f90483.jpg,2026-03-31 09:00:00-07:00
3235,2026-03-31,12,108,,IG_REEL,POV: you finally got [TITLE] 🎮,#PlayStation #PS5 #Gaming,https://cdn.playstation.com/thumb/18fb10f90483.jpg,2026-03-31 09:00:00-07:00
3236,2026-03-31,12,110,,TT_VIDEO,when the [TITLE] cutscene hits different,#PlayStation #fyp #gaming,https://cdn.playstation.com/thumb/ef4bea9b725c.jpg,2026-03-31 12:00:00-07:00
3237,2026-03-31,12,110,,YT_TRAILER,[TITLE] - Official Launch Trailer | PS5,#PlayStation,https://cdn.playstation.com/thumb/092d4f46304f.jpg,2026-03-31 19:00:00-07:00
3238,2026-03-31,18,110,,YT_SHORT,Behind the scenes: making [TITLE] #PlayStation #Shorts,#PlayStation #Shorts #Gaming,https://cdn.playstation.com/thumb/5ae40a1562d9.jpg,2026-03-31 19:00:00-07:00
3239,2026-03-31,18,107,,TT_VIDEO,when the [TITLE] cutscene hits different,#PlayStation #fyp #gaming,https://cdn.playstation.com/thumb/ef4bea9b725c.jpg,2026-03-31 12:00:00-07:00
3240,2026-03-31,18,112,,YT_LONG,[TITLE] - Deep Dive with the Dev Team,#PlayStation,https://cdn.playstation.com/thumb/4418d4b7c997.jpg,2026-03-31 20:00:00-07:00
3241,2026-03-31,18,112,,TT_VIDEO,when the [TITLE] cutscene hits different,#PlayStation #fyp #gaming,https://cdn.playstation.com/thumb/ef4bea9b725c.jpg,2026-03-31 12:00:00-07:00
3242,2026-03-31,18,107,,IG_POST,Drop a 🎮 if you're playing [TITLE] this weekend,#PlayStation,https://cdn.playstation.com/thumb/379b90aa5506.jpg,2026-03-31 17:00:00-07:00
3243,2026-03-31,19,107,,YT_TRAILER,[TITLE] - Official Launch Trailer | PS5,#PlayStation,https://cdn.playstation.com/thumb/092d4f46304f.jpg,2026-03-31 19:00:00-07:00
3244,2026-03-31,19,112,,BLOG_DEV_DIARY,Dev diary #7 - crafting [TITLE],#PlayStation,https://cdn.playstation.com/thumb/403e3c9b43c1.jpg,2026-03-31 17:00:00-07:00
3245,2026-03-31,19,106,10,IG_REEL,POV: you finally got [TITLE] 🎮,#PlayStation #PS5 #Gaming,https://cdn.playstation.com/thumb/18fb10f90483.jpg,2026-03-31 09:00:00-07:00
3246,2026-03-31,19,106,10,TT_VIDEO,when the [TITLE] cutscene hits different,#PlayStation #fyp #gaming,https://cdn.playstation.com/thumb/ef4bea9b725c.jpg,2026-03-31 12:00:00-07:00
3247,2026-03-31,19,112,,YT_LONG,[TITLE] - Deep Dive with the Dev Team,#PlayStation,https://cdn.playstation.com/thumb/4418d4b7c997.jpg,2026-03-31 20:00:00-07:00
3248,2026-03-31,19,106,10,TT_TRENDING,gamers tell us their favorite PS5 moment,#PS5 #fyp #gamertok,https://cdn.playstation.com/thumb/3c2f62edf0bd.jpg,2026-03-31 17:00:00-07:00
3249,2026-03-31,20,107,,YT_LONG,[TITLE] - Deep Dive with the Dev Team,#PlayStation,https://cdn.playstation.com/thumb/4418d4b7c997.jpg,2026-03-31 20:00:00-07:00
3250,2026-03-31,20,106,10,IG_STORY,Out now on PS5 🔥,#PlayStation,https://cdn.playstation.com/thumb/ba3cefc70f3c.jpg,2026-03-31 17:00:00-07:00
3251,2026-04-01,12,106,10,IG_STORY,Out now on PS5 🔥,#PlayStation,https://cdn.playstation.com/thumb/9a7ec8f367f6.jpg,2026-04-01 12:00:00-07:00
3252,2026-04-01,12,112,,TT_VIDEO,when the [TITLE] cutscene hits different,#PlayStation #fyp #gaming,https://cdn.playstation.com/thumb/bf82be3f117d.jpg,2026-04-01 10:00:00-07:00
3253,2026-04-01,18,106,10,YT_TRAILER,[TITLE] - Official Launch Trailer | PS5,#PlayStation,https://cdn.playstation.com/thumb/7315c8cdf083.jpg,2026-04-01 10:00:00-07:00
3254,2026-04-01,18,107,,YT_LONG,[TITLE] - Deep Dive with the Dev Team,#PlayStation,https://cdn.playstation.com/thumb/5393d2f9149b.jpg,2026-04-01 18:00:00-07:00
3255,2026-04-01,18,112,,YT_TRAILER,[TITLE] - Official Launch Trailer | PS5,#PlayStation,https://cdn.playstation.com/thumb/7315c8cdf083.jpg,2026-04-01 10:00:00-07:00
3256,2026-04-01,19,112,,YT_TRAILER,[TITLE] - Official Launch Trailer | PS5,#PlayStation,https://cdn.playstation.com/thumb/7315c8cdf083.jpg,2026-04-01 10:00:00-07:00
3257,2026-04-01,20,107,,YT_SHORT,Behind the scenes: making [TITLE] #PlayStation #Shorts,#PlayStation #Shorts #Gaming,https://cdn.playstation.com/thumb/3db41abb323e.jpg,2026-04-01 13:00:00-07:00
3258,2026-04-02,12,106,10,TT_TRENDING,gamers tell us their favorite PS5 moment,#PS5 #fyp #gamertok,https://cdn.playstation.com/thumb/559537a745b3.jpg,2026-04-02 15:00:00-07:00
3259,2026-04-02,12,107,,YT_SHORT,Behind the scenes: making [TITLE] #PlayStation #Shorts,#PlayStation #Shorts #Gaming,https://cdn.playstation.com/thumb/fe1669403cfc.jpg,2026-04-02 09:00:00-07:00
3260,2026-04-02,12,112,,TT_TRENDING,gamers tell us their favorite PS5 moment,#PS5 #fyp #gamertok,https://cdn.playstation.com/thumb/559537a745b3.jpg,2026-04-02 15:00:00-07:00
3261,2026-04-02,18,106,10,YT_TRAILER,[TITLE] - Official Launch Trailer | PS5,#PlayStation,https://cdn.playstation.com/thumb/0cd7b9b31550.jpg,2026-04-02 17:00:00-07:00
3262,2026-04-02,18,106,10,IG_REEL,POV: you finally got [TITLE] 🎮,#PlayStation #PS5 #Gaming,https://cdn.playstation.com/thumb/a8c41b8692d5.jpg,2026-04-02 15:00:00-07:00
3263,2026-04-02,19,107,,IG_POST,Drop a 🎮 if you're playing [TITLE] this weekend,#PlayStation,https://cdn.playstation.com/thumb/b921c704489c.jpg,2026-04-02 12:00:00-07:00
3264,2026-04-02,19,106,10,BLOG_POST,[TITLE]: Everything you need to know,#PlayStation,https://cdn.playstation.com/thumb/e29b28bae4d4.jpg,2026-04-02 16:00:00-07:00
3265,2026-04-02,20,107,,IG_STORY,Out now on PS5 🔥,#PlayStation,https://cdn.playstation.com/thumb/849bf50a0724.jpg,2026-04-02 19:00:00-07:00
3266,2026-04-03,12,107,,TT_VIDEO,when the [TITLE] cutscene hits different,#PlayStation #fyp #gaming,https://cdn.playstation.com/thumb/4b5fe1d281cf.jpg,2026-04-03 19:00:00-07:00
3267,2026-04-03,12,106,10,BLOG_POST,[TITLE]: Everything you need to know,#PlayStation,https://cdn.playstation.com/thumb/6ece4dc40785.jpg,2026-04-03 15:00:00-07:00
3268,2026-04-03,12,112,,YT_LONG,[TITLE] - Deep Dive with the Dev Team,#PlayStation,https://cdn.playstation.com/thumb/a9e77012a60d.jpg,2026-04-03 11:00:00-07:00
3269,2026-04-03,12,106,10,YT_TRAILER,[TITLE] - Official Launch Trailer | PS5,#PlayStation,https://cdn.playstation.com/thumb/b46c63a1f741.jpg,2026-04-03 12:00:00-07:00
3270,2026-04-03,12,107,,IG_REEL,POV: you finally got [TITLE] 🎮,#PlayStation #PS5 #Gaming,https://cdn.playstation.com/thumb/a3a822bd8ad9.jpg,2026-04-03 14:00:00-07:00
3271,2026-04-03,12,112,,BLOG_DEV_DIARY,Dev diary #7 - crafting [TITLE],#PlayStation,https://cdn.playstation.com/thumb/b824c8d10f71.jpg,2026-04-03 09:00:00-07:00
3272,2026-04-03,18,112,,IG_REEL,POV: you finally got [TITLE] 🎮,#PlayStation #PS5 #Gaming,https://cdn.playstation.com/thumb/a3a822bd8ad9.jpg,2026-04-03 14:00:00-07:00
3273,2026-04-03,18,112,,IG_POST,Drop a 🎮 if you're playing [TITLE] this weekend,#PlayStation,https://cdn.playstation.com/thumb/5115c59b58d7.jpg,2026-04-03 17:00:00-07:00
3274,2026-04-03,18,106,10,YT_TRAILER,[TITLE] - Official Launch Trailer | PS5,#PlayStation,https://cdn.playstation.com/thumb/b46c63a1f741.jpg,2026-04-03 12:00:00-07:00
3275,2026-04-03,18,107,,YT_SHORT,Behind the scenes: making [TITLE] #PlayStation #Shorts,#PlayStation #Shorts #Gaming,https://cdn.playstation.com/thumb/6a9d5e40a0e7.jpg,2026-04-03 12:00:00-07:00
3276,2026-04-03,18,112,,BLOG_POST,[TITLE]: Everything you need to know,#PlayStation,https://cdn.playstation.com/thumb/6ece4dc40785.jpg,2026-04-03 15:00:00-07:00
3277,2026-04-03,19,107,,TT_VIDEO,when the [TITLE] cutscene hits different,#PlayStation #fyp #gaming,https://cdn.playstation.com/thumb/4b5fe1d281cf.jpg,2026-04-03 19:00:00-07:00
3278,2026-04-03,19,107,,BLOG_POST,[TITLE]: Everything you need to know,#PlayStation,https://cdn.playstation.com/thumb/6ece4dc40785.jpg,2026-04-03 15:00:00-07:00
3279,2026-04-03,19,112,,YT_SHORT,Behind the scenes: making [TITLE] #PlayStation #Shorts,#PlayStation #Shorts #Gaming,https://cdn.playstation.com/thumb/6a9d5e40a0e7.jpg,2026-04-03 12:00:00-07:00
3280,2026-04-03,19,107,,TT_TRENDING,gamers tell us their favorite PS5 moment,#PS5 #fyp #gamertok,https://cdn.playstation.com/thumb/75b2e6b61d79.jpg,2026-04-03 18:00:00-07:00
3281,2026-04-03,20,106,10,IG_POST,Drop a 🎮 if you're playing [TITLE] this weekend,#PlayStation,https://cdn.playstation.com/thumb/5115c59b58d7.jpg,2026-04-03 17:00:00-07:00
3282,2026-04-03,20,106,10,YT_LONG,[TITLE] - Deep Dive with the Dev Team,#PlayStation,https://cdn.playstation.com/thumb/a9e77012a60d.jpg,2026-04-03 11:00:00-07:00
3283,2026-04-03,20,106,10,BLOG_POST,[TITLE]: Everything you need to know,#PlayStation,https://cdn.playstation.com/thumb/6ece4dc40785.jpg,2026-04-03 15:00:00-07:00
3284,2026-04-04,12,107,,IG_REEL,POV: you finally got [TITLE] 🎮,#PlayStation #PS5 #Gaming,https://cdn.playstation.com/thumb/288b0ae0397a.jpg,2026-04-04 19:00:00-07:00
3285,2026-04-04,12,112,,TT_TRENDING,gamers tell us their favorite PS5 moment,#PS5 #fyp #gamertok,https://cdn.playstation.com/thumb/fe2c9ec49e97.jpg,2026-04-04 12:00:00-07:00
3286,2026-04-04,12,106,10,IG_STORY,Out now on PS5 🔥,#PlayStation,https://cdn.playstation.com/thumb/098931712188.jpg,2026-04-04 17:00:00-07:00
3287,2026-04-04,12,112,,YT_SHORT,Behind the scenes: making [TITLE] #PlayStation #Shorts,#PlayStation #Shorts #Gaming,https://cdn.playstation.com/thumb/33f994158b71.jpg,2026-04-04 09:00:00-07:00
3288,2026-04-04,18,112,,YT_SHORT,Behind the scenes: making [TITLE] #PlayStation #Shorts,#PlayStation #Shorts #Gaming,https://cdn.playstation.com/thumb/33f994158b71.jpg,2026-04-04 09:00:00-07:00
3289,2026-04-04,18,112,,IG_POST,Drop a 🎮 if you're playing [TITLE] this weekend,#PlayStation,https://cdn.playstation.com/thumb/5b84822398f6.jpg,2026-04-04 17:00:00-07:00
3290,2026-04-04,18,106,10,YT_SHORT,Behind the scenes: making [TITLE] #PlayStation #Shorts,#PlayStation #Shorts #Gaming,https://cdn.playstation.com/thumb/33f994158b71.jpg,2026-04-04 09:00:00-07:00
3291,2026-04-04,19,107,,BLOG_DEV_DIARY,Dev diary #7 - crafting [TITLE],#PlayStation,https://cdn.playstation.com/thumb/087bff451af7.jpg,2026-04-04 12:00:00-07:00
3292,2026-04-04,19,106,10,YT_LONG,[TITLE] - Deep Dive with the Dev Team,#PlayStation,https://cdn.playstation.com/thumb/e6a4aee9fd14.jpg,2026-04-04 13:00:00-07:00
3293,2026-04-04,19,112,,BLOG_DEV_DIARY,Dev diary #7 - crafting [TITLE],#PlayStation,https://cdn.playstation.com/thumb/087bff451af7.jpg,2026-04-04 12:00:00-07:00
3294,2026-04-04,19,112,,IG_POST,Drop a 🎮 if you're playing [TITLE] this weekend,#PlayStation,https://cdn.playstation.com/thumb/5b84822398f6.jpg,2026-04-04 17:00:00-07:00
3295,2026-04-04,19,106,10,BLOG_DEV_DIARY,Dev diary #7 - crafting [TITLE],#PlayStation,https://cdn.playstation.com/thumb/087bff451af7.jpg,2026-04-04 12:00:00-07:00
3296,2026-04-04,20,106,10,IG_STORY,Out now on PS5 🔥,#PlayStation,https://cdn.playstation.com/thumb/098931712188.jpg,2026-04-04 17:00:00-07:00
3297,2026-04-04,20,106,10,BLOG_POST,[TITLE]: Everything you need to know,#PlayStation,https://cdn.playstation.com/thumb/f209ad437c47.jpg,2026-04-04 09:00:00-07:00
3298,2026-04-04,20,107,,BLOG_DEV_DIARY,Dev diary #7 - crafting [TITLE],#PlayStation,https://cdn.playstation.com/thumb/087bff451af7.jpg,2026-04-04 12:00:00-07:00
3299,2026-04-04,20,107,,IG_POST,Drop a 🎮 if you're playing [TITLE] this weekend,#PlayStation,https://cdn.playstation.com/thumb/5b84822398f6.jpg,2026-04-04 17:00:00-07:00
3300,2026-04-05,18,106,10,YT_TRAILER,[TITLE] - Official Launch Trailer | PS5,#PlayStation,https://cdn.playstation.com/thumb/9e0ef882e04b.jpg,2026-04-05 17:00:00-07:00
3301,2026-04-05,18,107,,IG_REEL,POV: you finally got [TITLE] 🎮,#PlayStation #PS5 #Gaming,https://cdn.playstation.com/thumb/5d01518d4103.jpg,2026-04-05 19:00:00-07:00
3302,2026-04-05,18,106,10,YT_SHORT,Behind the scenes: making [TITLE] #PlayStation #Shorts,#PlayStation #Shorts #Gaming,https://cdn.playstation.com/thumb/79fcd2ad6eb9.jpg,2026-04-05 14:00:00-07:00
3303,2026-04-05,19,106,10,YT_SHORT,Behind the scenes: making [TITLE] #PlayStation #Shorts,#PlayStation #Shorts #Gaming,https://cdn.playstation.com/thumb/79fcd2ad6eb9.jpg,2026-04-05 14:00:00-07:00
3304,2026-04-05,19,107,,BLOG_DEV_DIARY,Dev diary #7 - crafting [TITLE],#PlayStation,https://cdn.playstation.com/thumb/8e92584ce04b.jpg,2026-04-05 20:00:00-07:00
3305,2026-04-05,19,112,,TT_TRENDING,gamers tell us their favorite PS5 moment,#PS5 #fyp #gamertok,https://cdn.playstation.com/thumb/494fd3f52e07.jpg,2026-04-05 14:00:00-07:00
3306,2026-04-05,19,112,,IG_POST,Drop a 🎮 if you're playing [TITLE] this weekend,#PlayStation,https://cdn.playstation.com/thumb/411f2b7c93bf.jpg,2026-04-05 14:00:00-07:00
3307,2026-04-05,20,112,,IG_STORY,Out now on PS5 🔥,#PlayStation,https://cdn.playstation.com/thumb/2d6525657b90.jpg,2026-04-05 17:00:00-07:00
3308,2026-04-05,20,107,,IG_REEL,POV: you finally got [TITLE] 🎮,#PlayStation #PS5 #Gaming,https://cdn.playstation.com/thumb/5d01518d4103.jpg,2026-04-05 19:00:00-07:00
3309,2026-04-05,20,107,,BLOG_POST,[TITLE]: Everything you need to know,#PlayStation,https://cdn.playstation.com/thumb/cf214b286869.jpg,2026-04-05 14:00:00-07:00
3310,2026-04-05,20,112,,YT_LONG,[TITLE] - Deep Dive with the Dev Team,#PlayStation,https://cdn.playstation.com/thumb/01fc788d3652.jpg,2026-04-05 18:00:00-07:00
3311,2026-04-05,20,107,,YT_LONG,[TITLE] - Deep Dive with the Dev Team,#PlayStation,https://cdn.playstation.com/thumb/01fc788d3652.jpg,2026-04-05 18:00:00-07:00
3312,2026-04-05,20,106,10,YT_LONG,[TITLE] - Deep Dive with the Dev Team,#PlayStation,https://cdn.playstation.com/thumb/01fc788d3652.jpg,2026-04-05 18:00:00-07:00
3313,2026-04-06,12,107,,IG_REEL,POV: you finally got [TITLE] 🎮,#PlayStation #PS5 #Gaming,https://cdn.playstation.com/thumb/03b9084ab20c.jpg,2026-04-06 12:00:00-07:00
3314,2026-04-06,12,112,,IG_STORY,Out now on PS5 🔥,#PlayStation,https://cdn.playstation.com/thumb/b1015e1d5057.jpg,2026-04-06 16:00:00-07:00
3315,2026-04-06,18,107,,TT_TRENDING,gamers tell us their favorite PS5 moment,#PS5 #fyp #gamertok,https://cdn.playstation.com/thumb/e6631f2b311b.jpg,2026-04-06 11:00:00-07:00
3316,2026-04-06,18,106,10,BLOG_POST,[TITLE]: Everything you need to know,#PlayStation,https://cdn.playstation.com/thumb/1403fe1bbcaa.jpg,2026-04-06 20:00:00-07:00
3317,2026-04-06,18,106,10,YT_TRAILER,[TITLE] - Official Launch Trailer | PS5,#PlayStation,https://cdn.playstation.com/thumb/37373664d1c6.jpg,2026-04-06 14:00:00-07:00
3318,2026-04-06,18,107,,BLOG_DEV_DIARY,Dev diary #7 - crafting [TITLE],#PlayStation,https://cdn.playstation.com/thumb/96423ff1f8d5.jpg,2026-04-06 12:00:00-07:00
3319,2026-04-06,18,106,10,IG_STORY,Out now on PS5 🔥,#PlayStation,https://cdn.playstation.com/thumb/b1015e1d5057.jpg,2026-04-06 16:00:00-07:00
3320,2026-04-06,20,106,10,YT_TRAILER,[TITLE] - Official Launch Trailer | PS5,#PlayStation,https://cdn.playstation.com/thumb/37373664d1c6.jpg,2026-04-06 14:00:00-07:00
3321,2026-04-06,20,107,,IG_STORY,Out now on PS5 🔥,#PlayStation,https://cdn.playstation.com/thumb/b1015e1d5057.jpg,2026-04-06 16:00:00-07:00
3322,2026-04-07,12,112,,IG_REEL,POV: you finally got [TITLE] 🎮,#PlayStation #PS5 #Gaming,https://cdn.playstation.com/thumb/c7e472a2cea9.jpg,2026-04-07 09:00:00-07:00
3323,2026-04-07,18,107,,YT_LONG,[TITLE] - Deep Dive with the Dev Team,#PlayStation,https://cdn.playstation.com/thumb/1f7955a009d2.jpg,2026-04-07 18:00:00-07:00
3324,2026-04-07,18,106,10,IG_REEL,POV: you finally got [TITLE] 🎮,#PlayStation #PS5 #Gaming,https://cdn.playstation.com/thumb/c7e472a2cea9.jpg,2026-04-07 09:00:00-07:00
3325,2026-04-07,18,107,,BLOG_POST,[TITLE]: Everything you need to know,#PlayStation,https://cdn.playstation.com/thumb/de49eddacda0.jpg,2026-04-07 20:00:00-07:00
3326,2026-04-07,18,112,,IG_STORY,Out now on PS5 🔥,#PlayStation,https://cdn.playstation.com/thumb/0281686159ac.jpg,2026-04-07 19:00:00-07:00
3327,2026-04-07,19,107,,IG_REEL,POV: you finally got [TITLE] 🎮,#PlayStation #PS5 #Gaming,https://cdn.playstation.com/thumb/c7e472a2cea9.jpg,2026-04-07 09:00:00-07:00
3328,2026-04-07,20,107,,TT_VIDEO,when the [TITLE] cutscene hits different,#PlayStation #fyp #gaming,https://cdn.playstation.com/thumb/a5ec17e5f966.jpg,2026-04-07 11:00:00-07:00
3329,2026-04-07,20,112,,TT_VIDEO,when the [TITLE] cutscene hits different,#PlayStation #fyp #gaming,https://cdn.playstation.com/thumb/a5ec17e5f966.jpg,2026-04-07 11:00:00-07:00
3330,2026-04-07,20,106,10,YT_LONG,[TITLE] - Deep Dive with the Dev Team,#PlayStation,https://cdn.playstation.com/thumb/1f7955a009d2.jpg,2026-04-07 18:00:00-07:00
3331,2026-04-08,12,107,,YT_TRAILER,[TITLE] - Official Launch Trailer | PS5,#PlayStation,https://cdn.playstation.com/thumb/09c28ad69fb7.jpg,2026-04-08 17:00:00-07:00
3332,2026-04-08,12,112,,YT_SHORT,Behind the scenes: making [TITLE] #PlayStation #Shorts,#PlayStation #Shorts #Gaming,https://cdn.playstation.com/thumb/f383430b9b96.jpg,2026-04-08 09:00:00-07:00
3333,2026-04-08,12,106,10,BLOG_DEV_DIARY,Dev diary #7 - crafting [TITLE],#PlayStation,https://cdn.playstation.com/thumb/520f90b601e9.jpg,2026-04-08 15:00:00-07:00
3334,2026-04-08,18,112,,YT_SHORT,Behind the scenes: making [TITLE] #PlayStation #Shorts,#PlayStation #Shorts #Gaming,https://cdn.playstation.com/thumb/f383430b9b96.jpg,2026-04-08 09:00:00-07:00
3335,2026-04-08,18,106,10,YT_TRAILER,[TITLE] - Official Launch Trailer | PS5,#PlayStation,https://cdn.playstation.com/thumb/09c28ad69fb7.jpg,2026-04-08 17:00:00-07:00
3336,2026-04-08,19,107,,IG_POST,Drop a 🎮 if you're playing [TITLE] this weekend,#PlayStation,https://cdn.playstation.com/thumb/64e675b438ab.jpg,2026-04-08 16:00:00-07:00
3337,2026-04-08,19,106,10,IG_REEL,POV: you finally got [TITLE] 🎮,#PlayStation #PS5 #Gaming,https://cdn.playstation.com/thumb/693638040ae7.jpg,2026-04-08 10:00:00-07:00
3338,2026-04-08,19,106,10,YT_LONG,[TITLE] - Deep Dive with the Dev Team,#PlayStation,https://cdn.playstation.com/thumb/2fc2ee55184b.jpg,2026-04-08 13:00:00-07:00
3339,2026-04-08,19,112,,YT_LONG,[TITLE] - Deep Dive with the Dev Team,#PlayStation,https://cdn.playstation.com/thumb/2fc2ee55184b.jpg,2026-04-08 13:00:00-07:00
3340,2026-04-08,19,112,,IG_REEL,POV: you finally got [TITLE] 🎮,#PlayStation #PS5 #Gaming,https://cdn.playstation.com/thumb/693638040ae7.jpg,2026-04-08 10:00:00-07:00
3341,2026-04-08,20,112,,BLOG_POST,[TITLE]: Everything you need to know,#PlayStation,https://cdn.playstation.com/thumb/87e808d86dc4.jpg,2026-04-08 11:00:00-07:00
3342,2026-04-09,12,112,,YT_TRAILER,[TITLE] - Official Launch Trailer | PS5,#PlayStation,https://cdn.playstation.com/thumb/7df799ca912b.jpg,2026-04-09 11:00:00-07:00
3343,2026-04-09,12,106,10,BLOG_DEV_DIARY,Dev diary #7 - crafting [TITLE],#PlayStation,https://cdn.playstation.com/thumb/1d46afaa01d7.jpg,2026-04-09 13:00:00-07:00
3344,2026-04-09,18,107,,IG_POST,Drop a 🎮 if you're playing [TITLE] this weekend,#PlayStation,https://cdn.playstation.com/thumb/e1a4a17a7a37.jpg,2026-04-09 11:00:00-07:00
3345,2026-04-09,18,112,,YT_LONG,[TITLE] - Deep Dive with the Dev Team,#PlayStation,https://cdn.playstation.com/thumb/2075452f0f9d.jpg,2026-04-09 19:00:00-07:00
3346,2026-04-09,18,112,,TT_VIDEO,when the [TITLE] cutscene hits different,#PlayStation #fyp #gaming,https://cdn.playstation.com/thumb/5ee3edfa67f7.jpg,2026-04-09 19:00:00-07:00
3347,2026-04-09,19,107,,YT_SHORT,Behind the scenes: making [TITLE] #PlayStation #Shorts,#PlayStation #Shorts #Gaming,https://cdn.playstation.com/thumb/5f53d375c1eb.jpg,2026-04-09 13:00:00-07:00
3348,2026-04-09,19,112,,TT_TRENDING,gamers tell us their favorite PS5 moment,#PS5 #fyp #gamertok,https://cdn.playstation.com/thumb/4a25ccc8a5a5.jpg,2026-04-09 10:00:00-07:00
3349,2026-04-09,19,106,10,IG_POST,Drop a 🎮 if you're playing [TITLE] this weekend,#PlayStation,https://cdn.playstation.com/thumb/e1a4a17a7a37.jpg,2026-04-09 11:00:00-07:00
3350,2026-04-09,19,106,10,BLOG_POST,[TITLE]: Everything you need to know,#PlayStation,https://cdn.playstation.com/thumb/35fc34583e37.jpg,2026-04-09 14:00:00-07:00
3351,2026-04-09,20,112,,BLOG_DEV_DIARY,Dev diary #7 - crafting [TITLE],#PlayStation,https://cdn.playstation.com/thumb/1d46afaa01d7.jpg,2026-04-09 13:00:00-07:00
3352,2026-04-09,20,112,,IG_REEL,POV: you finally got [TITLE] 🎮,#PlayStation #PS5 #Gaming,https://cdn.playstation.com/thumb/3106d3894276.jpg,2026-04-09 13:00:00-07:00
3353,2026-04-10,12,106,10,IG_POST,Drop a 🎮 if you're playing [TITLE] this weekend,#PlayStation,https://cdn.playstation.com/thumb/731e761d0ce8.jpg,2026-04-10 16:00:00-07:00
3354,2026-04-10,12,112,,YT_TRAILER,[TITLE] - Official Launch Trailer | PS5,#PlayStation,https://cdn.playstation.com/thumb/4fc2af3ac5f3.jpg,2026-04-10 15:00:00-07:00
3355,2026-04-10,18,112,,YT_SHORT,Behind the scenes: making [TITLE] #PlayStation #Shorts,#PlayStation #Shorts #Gaming,https://cdn.playstation.com/thumb/990aedb2689c.jpg,2026-04-10 09:00:00-07:00
3356,2026-04-10,18,112,,TT_TRENDING,gamers tell us their favorite PS5 moment,#PS5 #fyp #gamertok,https://cdn.playstation.com/thumb/6f6020c6efc4.jpg,2026-04-10 15:00:00-07:00
3357,2026-04-10,19,112,,BLOG_DEV_DIARY,Dev diary #7 - crafting [TITLE],#PlayStation,https://cdn.playstation.com/thumb/c9e8141fea8f.jpg,2026-04-10 13:00:00-07:00
3358,2026-04-10,19,112,,IG_STORY,Out now on PS5 🔥,#PlayStation,https://cdn.playstation.com/thumb/f8c2b015f4b6.jpg,2026-04-10 13:00:00-07:00
3359,2026-04-10,19,107,,BLOG_POST,[TITLE]: Everything you need to know,#PlayStation,https://cdn.playstation.com/thumb/f85ecfa9b4bd.jpg,2026-04-10 16:00:00-07:00
3360,2026-04-10,19,112,,YT_LONG,[TITLE] - Deep Dive with the Dev Team,#PlayStation,https://cdn.playstation.com/thumb/d5e96cdec8d7.jpg,2026-04-10 16:00:00-07:00
3361,2026-04-10,19,106,10,BLOG_POST,[TITLE]: Everything you need to know,#PlayStation,https://cdn.playstation.com/thumb/f85ecfa9b4bd.jpg,2026-04-10 16:00:00-07:00
3362,2026-04-10,19,107,,BLOG_DEV_DIARY,Dev diary #7 - crafting [TITLE],#PlayStation,https://cdn.playstation.com/thumb/c9e8141fea8f.jpg,2026-04-10 13:00:00-07:00
3363,2026-04-10,20,106,10,TT_TRENDING,gamers tell us their favorite PS5 moment,#PS5 #fyp #gamertok,https://cdn.playstation.com/thumb/6f6020c6efc4.jpg,2026-04-10 15:00:00-07:00
3364,2026-04-10,20,106,10,BLOG_POST,[TITLE]: Everything you need to know,#PlayStation,https://cdn.playstation.com/thumb/f85ecfa9b4bd.jpg,2026-04-10 16:00:00-07:00
3365,2026-04-10,20,112,,IG_REEL,POV: you finally got [TITLE] 🎮,#PlayStation #PS5 #Gaming,https://cdn.playstation.com/thumb/126cad8aa4e6.jpg,2026-04-10 12:00:00-07:00
3366,2026-04-11,12,107,,IG_POST,Drop a 🎮 if you're playing [TITLE] this weekend,#PlayStation,https://cdn.playstation.com/thumb/befb47d897db.jpg,2026-04-11 19:00:00-07:00
3367,2026-04-11,12,112,,TT_TRENDING,gamers tell us their favorite PS5 moment,#PS5 #fyp #gamertok,https://cdn.playstation.com/thumb/856634d85327.jpg,2026-04-11 14:00:00-07:00
3368,2026-04-11,18,107,,TT_TRENDING,gamers tell us their favorite PS5 moment,#PS5 #fyp #gamertok,https://cdn.playstation.com/thumb/856634d85327.jpg,2026-04-11 14:00:00-07:00
3369,2026-04-11,18,106,10,TT_TRENDING,gamers tell us their favorite PS5 moment,#PS5 #fyp #gamertok,https://cdn.playstation.com/thumb/856634d85327.jpg,2026-04-11 14:00:00-07:00
3370,2026-04-11,19,107,,TT_VIDEO,when the [TITLE] cutscene hits different,#PlayStation #fyp #gaming,https://cdn.playstation.com/thumb/4ec79b0f1d17.jpg,2026-04-11 11:00:00-07:00
3371,2026-04-11,20,112,,IG_REEL,POV: you finally got [TITLE] 🎮,#PlayStation #PS5 #Gaming,https://cdn.playstation.com/thumb/7af05c937876.jpg,2026-04-11 19:00:00-07:00
3372,2026-04-12,12,107,,TT_TRENDING,gamers tell us their favorite PS5 moment,#PS5 #fyp #gamertok,https://cdn.playstation.com/thumb/69de5004d8d1.jpg,2026-04-12 12:00:00-07:00
3373,2026-04-12,18,106,10,YT_LONG,[TITLE] - Deep Dive with the Dev Team,#PlayStation,https://cdn.playstation.com/thumb/08957a3bb7ea.jpg,2026-04-12 19:00:00-07:00
3374,2026-04-12,18,107,,YT_SHORT,Behind the scenes: making [TITLE] #PlayStation #Shorts,#PlayStation #Shorts #Gaming,https://cdn.playstation.com/thumb/51e439f6366f.jpg,2026-04-12 16:00:00-07:00
3375,2026-04-12,18,112,,TT_TRENDING,gamers tell us their favorite PS5 moment,#PS5 #fyp #gamertok,https://cdn.playstation.com/thumb/69de5004d8d1.jpg,2026-04-12 12:00:00-07:00
3376,2026-04-12,18,107,,TT_TRENDING,gamers tell us their favorite PS5 moment,#PS5 #fyp #gamertok,https://cdn.playstation.com/thumb/69de5004d8d1.jpg,2026-04-12 12:00:00-07:00
3377,2026-04-12,19,112,,IG_REEL,POV: you finally got [TITLE] 🎮,#PlayStation #PS5 #Gaming,https://cdn.playstation.com/thumb/be13734e20ca.jpg,2026-04-12 18:00:00-07:00
3378,2026-04-12,19,107,,YT_TRAILER,[TITLE] - Official Launch Trailer | PS5,#PlayStation,https://cdn.playstation.com/thumb/8f3a9c45545f.jpg,2026-04-12 11:00:00-07:00
3379,2026-04-12,19,107,,IG_REEL,POV: you finally got [TITLE] 🎮,#PlayStation #PS5 #Gaming,https://cdn.playstation.com/thumb/be13734e20ca.jpg,2026-04-12 18:00:00-07:00
3380,2026-04-12,20,106,10,IG_REEL,POV: you finally got [TITLE] 🎮,#PlayStation #PS5 #Gaming,https://cdn.playstation.com/thumb/be13734e20ca.jpg,2026-04-12 18:00:00-07:00
3381,2026-04-12,20,106,10,TT_VIDEO,when the [TITLE] cutscene hits different,#PlayStation #fyp #gaming,https://cdn.playstation.com/thumb/fa67f30daebf.jpg,2026-04-12 17:00:00-07:00
3382,2026-04-12,20,107,,TT_VIDEO,when the [TITLE] cutscene hits different,#PlayStation #fyp #gaming,https://cdn.playstation.com/thumb/fa67f30daebf.jpg,2026-04-12 17:00:00-07:00
3383,2026-04-13,12,112,,BLOG_POST,[TITLE]: Everything you need to know,#PlayStation,https://cdn.playstation.com/thumb/1c63a1c825c9.jpg,2026-04-13 19:00:00-07:00
3384,2026-04-13,12,106,10,TT_VIDEO,when the [TITLE] cutscene hits different,#PlayStation #fyp #gaming,https://cdn.playstation.com/thumb/bcfc8ded79e3.jpg,2026-04-13 18:00:00-07:00
3385,2026-04-13,18,112,,BLOG_DEV_DIARY,Dev diary #7 - crafting [TITLE],#PlayStation,https://cdn.playstation.com/thumb/6e1b16828701.jpg,2026-04-13 12:00:00-07:00
3386,2026-04-13,18,106,10,IG_REEL,POV: you finally got [TITLE] 🎮,#PlayStation #PS5 #Gaming,https://cdn.playstation.com/thumb/6001a28db384.jpg,2026-04-13 13:00:00-07:00
3387,2026-04-13,18,106,10,TT_TRENDING,gamers tell us their favorite PS5 moment,#PS5 #fyp #gamertok,https://cdn.playstation.com/thumb/eb2898b45e2b.jpg,2026-04-13 15:00:00-07:00
3388,2026-04-13,18,112,,YT_SHORT,Behind the scenes: making [TITLE] #PlayStation #Shorts,#PlayStation #Shorts #Gaming,https://cdn.playstation.com/thumb/6c0709ee54fe.jpg,2026-04-13 15:00:00-07:00
3389,2026-04-13,18,106,10,YT_LONG,[TITLE] - Deep Dive with the Dev Team,#PlayStation,https://cdn.playstation.com/thumb/edfbad68a26b.jpg,2026-04-13 13:00:00-07:00
3390,2026-04-13,19,107,,YT_SHORT,Behind the scenes: making [TITLE] #PlayStation #Shorts,#PlayStation #Shorts #Gaming,https://cdn.playstation.com/thumb/6c0709ee54fe.jpg,2026-04-13 15:00:00-07:00
3391,2026-04-13,19,106,10,TT_VIDEO,when the [TITLE] cutscene hits different,#PlayStation #fyp #gaming,https://cdn.playstation.com/thumb/bcfc8ded79e3.jpg,2026-04-13 18:00:00-07:00
3392,2026-04-13,20,112,,BLOG_DEV_DIARY,Dev diary #7 - crafting [TITLE],#PlayStation,https://cdn.playstation.com/thumb/6e1b16828701.jpg,2026-04-13 12:00:00-07:00
3393,2026-04-13,20,107,,YT_LONG,[TITLE] - Deep Dive with the Dev Team,#PlayStation,https://cdn.playstation.com/thumb/edfbad68a26b.jpg,2026-04-13 13:00:00-07:00
3394,2026-04-13,20,107,,TT_VIDEO,when the [TITLE] cutscene hits different,#PlayStation #fyp #gaming,https://cdn.playstation.com/thumb/bcfc8ded79e3.jpg,2026-04-13 18:00:00-07:00
3395,2026-04-14,12,107,,IG_REEL,POV: you finally got [TITLE] 🎮,#PlayStation #PS5 #Gaming,https://cdn.playstation.com/thumb/3cff8d338547.jpg,2026-04-14 19:00:00-07:00
3396,2026-04-14,12,106,10,IG_POST,Drop a 🎮 if you're playing [TITLE] this weekend,#PlayStation,https://cdn.playstation.com/thumb/1e67510ba59a.jpg,2026-04-14 18:00:00-07:00
3397,2026-04-14,18,112,,TT_VIDEO,when the [TITLE] cutscene hits different,#PlayStation #fyp #gaming,https://cdn.playstation.com/thumb/442af89e4e49.jpg,2026-04-14 11:00:00-07:00
3398,2026-04-14,18,106,10,BLOG_DEV_DIARY,Dev diary #7 - crafting [TITLE],#PlayStation,https://cdn.playstation.com/thumb/e57cc66ac6c2.jpg,2026-04-14 20:00:00-07:00
3399,2026-04-14,19,107,,BLOG_DEV_DIARY,Dev diary #7 - crafting [TITLE],#PlayStation,https://cdn.playstation.com/thumb/e57cc66ac6c2.jpg,2026-04-14 20:00:00-07:00
3400,2026-04-14,19,112,,IG_POST,Drop a 🎮 if you're playing [TITLE] this weekend,#PlayStation,https://cdn.playstation.com/thumb/1e67510ba59a.jpg,2026-04-14 18:00:00-07:00
3401,2026-04-14,20,107,,YT_TRAILER,[TITLE] - Official Launch Trailer | PS5,#PlayStation,https://cdn.playstation.com/thumb/6759518ab92f.jpg,2026-04-14 15:00:00-07:00
3402,2026-04-15,12,107,,BLOG_POST,[TITLE]: Everything you need to know,#PlayStation,https://cdn.playstation.com/thumb/7d57228d555a.jpg,2026-04-15 19:00:00-07:00
3403,2026-04-15,12,112,,BLOG_POST,[TITLE]: Everything you need to know,#PlayStation,https://cdn.playstation.com/thumb/7d57228d555a.jpg,2026-04-15 19:00:00-07:00
3404,2026-04-15,12,107,,TT_TRENDING,gamers tell us their favorite PS5 moment,#PS5 #fyp #gamertok,https://cdn.playstation.com/thumb/813a689565b1.jpg,2026-04-15 11:00:00-07:00
3405,2026-04-15,12,106,10,IG_STORY,Out now on PS5 🔥,#PlayStation,https://cdn.playstation.com/thumb/d65d96338cca.jpg,2026-04-15 16:00:00-07:00
3406,2026-04-15,18,106,10,BLOG_POST,[TITLE]: Everything you need to know,#PlayStation,https://cdn.playstation.com/thumb/7d57228d555a.jpg,2026-04-15 19:00:00-07:00
3407,2026-04-15,18,107,,BLOG_POST,[TITLE]: Everything you need to know,#PlayStation,https://cdn.playstation.com/thumb/7d57228d555a.jpg,2026-04-15 19:00:00-07:00
3408,2026-04-15,19,106,10,YT_LONG,[TITLE] - Deep Dive with the Dev Team,#PlayStation,https://cdn.playstation.com/thumb/569525ef6132.jpg,2026-04-15 10:00:00-07:00
3409,2026-04-15,19,106,10,TT_VIDEO,when the [TITLE] cutscene hits different,#PlayStation #fyp #gaming,https://cdn.playstation.com/thumb/0e99b859b41f.jpg,2026-04-15 13:00:00-07:00
3410,2026-04-15,19,106,10,BLOG_DEV_DIARY,Dev diary #7 - crafting [TITLE],#PlayStation,https://cdn.playstation.com/thumb/cea823ee1d97.jpg,2026-04-15 19:00:00-07:00
3411,2026-04-15,20,106,10,IG_STORY,Out now on PS5 🔥,#PlayStation,https://cdn.playstation.com/thumb/d65d96338cca.jpg,2026-04-15 16:00:00-07:00
3412,2026-04-16,12,112,,TT_VIDEO,when the [TITLE] cutscene hits different,#PlayStation #fyp #gaming,https://cdn.playstation.com/thumb/b2dfb68cab64.jpg,2026-04-16 17:00:00-07:00
3413,2026-04-16,18,106,10,YT_SHORT,Behind the scenes: making [TITLE] #PlayStation #Shorts,#PlayStation #Shorts #Gaming,https://cdn.playstation.com/thumb/a068a0192279.jpg,2026-04-16 18:00:00-07:00
3414,2026-04-16,18,107,,YT_LONG,[TITLE] - Deep Dive with the Dev Team,#PlayStation,https://cdn.playstation.com/thumb/832f9d6aaf98.jpg,2026-04-16 15:00:00-07:00
3415,2026-04-16,20,112,,YT_SHORT,Behind the scenes: making [TITLE] #PlayStation #Shorts,#PlayStation #Shorts #Gaming,https://cdn.playstation.com/thumb/a068a0192279.jpg,2026-04-16 18:00:00-07:00
3416,2026-04-16,20,107,,BLOG_DEV_DIARY,Dev diary #7 - crafting [TITLE],#PlayStation,https://cdn.playstation.com/thumb/d7ae652f0f79.jpg,2026-04-16 12:00:00-07:00
3417,2026-04-16,20,106,10,IG_REEL,POV: you finally got [TITLE] 🎮,#PlayStation #PS5 #Gaming,https://cdn.playstation.com/thumb/e2346430f4e6.jpg,2026-04-16 14:00:00-07:00
3418,2026-04-16,20,112,,BLOG_POST,[TITLE]: Everything you need to know,#PlayStation,https://cdn.playstation.com/thumb/a71a53e5f423.jpg,2026-04-16 19:00:00-07:00
3419,2026-04-17,12,106,10,YT_TRAILER,[TITLE] - Official Launch Trailer | PS5,#PlayStation,https://cdn.playstation.com/thumb/57a0c1f6517a.jpg,2026-04-17 10:00:00-07:00
3420,2026-04-17,12,112,,TT_TRENDING,gamers tell us their favorite PS5 moment,#PS5 #fyp #gamertok,https://cdn.playstation.com/thumb/a58809ebf860.jpg,2026-04-17 16:00:00-07:00
3421,2026-04-17,12,106,10,YT_LONG,[TITLE] - Deep Dive with the Dev Team,#PlayStation,https://cdn.playstation.com/thumb/cf88f8193a6d.jpg,2026-04-17 13:00:00-07:00
3422,2026-04-17,12,107,,BLOG_DEV_DIARY,Dev diary #7 - crafting [TITLE],#PlayStation,https://cdn.playstation.com/thumb/2c93412ad5ae.jpg,2026-04-17 12:00:00-07:00
3423,2026-04-17,18,112,,TT_TRENDING,gamers tell us their favorite PS5 moment,#PS5 #fyp #gamertok,https://cdn.playstation.com/thumb/a58809ebf860.jpg,2026-04-17 16:00:00-07:00
3424,2026-04-17,19,112,,YT_LONG,[TITLE] - Deep Dive with the Dev Team,#PlayStation,https://cdn.playstation.com/thumb/cf88f8193a6d.jpg,2026-04-17 13:00:00-07:00
3425,2026-04-17,19,106,10,YT_SHORT,Behind the scenes: making [TITLE] #PlayStation #Shorts,#PlayStation #Shorts #Gaming,https://cdn.playstation.com/thumb/f7b76a5e67ea.jpg,2026-04-17 09:00:00-07:00
3426,2026-04-18,12,107,,IG_POST,Drop a 🎮 if you're playing [TITLE] this weekend,#PlayStation,https://cdn.playstation.com/thumb/32e485f6c0b6.jpg,2026-04-18 09:00:00-07:00
3427,2026-04-18,12,107,,TT_VIDEO,when the [TITLE] cutscene hits different,#PlayStation #fyp #gaming,https://cdn.playstation.com/thumb/cadb816764ba.jpg,2026-04-18 18:00:00-07:00
3428,2026-04-18,18,107,,YT_SHORT,Behind the scenes: making [TITLE] #PlayStation #Shorts,#PlayStation #Shorts #Gaming,https://cdn.playstation.com/thumb/adf8aeca3098.jpg,2026-04-18 14:00:00-07:00
3429,2026-04-18,18,107,,IG_REEL,POV: you finally got [TITLE] 🎮,#PlayStation #PS5 #Gaming,https://cdn.playstation.com/thumb/99ae98bbdc8d.jpg,2026-04-18 19:00:00-07:00
3430,2026-04-18,18,106,10,TT_VIDEO,when the [TITLE] cutscene hits different,#PlayStation #fyp #gaming,https://cdn.playstation.com/thumb/cadb816764ba.jpg,2026-04-18 18:00:00-07:00
3431,2026-04-18,19,107,,BLOG_POST,[TITLE]: Everything you need to know,#PlayStation,https://cdn.playstation.com/thumb/33ea5e0ee13b.jpg,2026-04-18 14:00:00-07:00
3432,2026-04-18,20,112,,BLOG_POST,[TITLE]: Everything you need to know,#PlayStation,https://cdn.playstation.com/thumb/33ea5e0ee13b.jpg,2026-04-18 14:00:00-07:00
3433,2026-04-19,18,112,,YT_SHORT,Behind the scenes: making [TITLE] #PlayStation #Shorts,#PlayStation #Shorts #Gaming,https://cdn.playstation.com/thumb/076ba76585b5.jpg,2026-04-19 12:00:00-07:00
3434,2026-04-19,18,106,10,TT_VIDEO,when the [TITLE] cutscene hits different,#PlayStation #fyp #gaming,https://cdn.playstation.com/thumb/0ecfc85c05bf.jpg,2026-04-19 20:00:00-07:00
3435,2026-04-19,18,112,,YT_LONG,[TITLE] - Deep Dive with the Dev Team,#PlayStation,https://cdn.playstation.com/thumb/4922ebf14e8c.jpg,2026-04-19 20:00:00-07:00
3436,2026-04-19,18,106,10,YT_LONG,[TITLE] - Deep Dive with the Dev Team,#PlayStation,https://cdn.playstation.com/thumb/4922ebf14e8c.jpg,2026-04-19 20:00:00-07:00
3437,2026-04-19,19,112,,TT_TRENDING,gamers tell us their favorite PS5 moment,#PS5 #fyp #gamertok,https://cdn.playstation.com/thumb/9a25c891358a.jpg,2026-04-19 14:00:00-07:00
3438,2026-04-19,20,112,,YT_SHORT,Behind the scenes: making [TITLE] #PlayStation #Shorts,#PlayStation #Shorts #Gaming,https://cdn.playstation.com/thumb/076ba76585b5.jpg,2026-04-19 12:00:00-07:00
3439,2026-04-20,12,106,10,TT_VIDEO,when the [TITLE] cutscene hits different,#PlayStation #fyp #gaming,https://cdn.playstation.com/thumb/46139327291e.jpg,2026-04-20 14:00:00-07:00
3440,2026-04-20,12,107,,BLOG_DEV_DIARY,Dev diary #7 - crafting [TITLE],#PlayStation,https://cdn.playstation.com/thumb/aa6106551542.jpg,2026-04-20 20:00:00-07:00
3441,2026-04-20,18,112,,YT_TRAILER,[TITLE] - Official Launch Trailer | PS5,#PlayStation,https://cdn.playstation.com/thumb/524fe8f7c100.jpg,2026-04-20 19:00:00-07:00
3442,2026-04-20,18,112,,IG_POST,Drop a 🎮 if you're playing [TITLE] this weekend,#PlayStation,https://cdn.playstation.com/thumb/aaca4c5b1fca.jpg,2026-04-20 20:00:00-07:00
3443,2026-04-20,18,107,,TT_TRENDING,gamers tell us their favorite PS5 moment,#PS5 #fyp #gamertok,https://cdn.playstation.com/thumb/e1d5ef81d312.jpg,2026-04-20 20:00:00-07:00
3444,2026-04-20,18,106,10,IG_POST,Drop a 🎮 if you're playing [TITLE] this weekend,#PlayStation,https://cdn.playstation.com/thumb/aaca4c5b1fca.jpg,2026-04-20 20:00:00-07:00
3445,2026-04-20,19,112,,YT_SHORT,Behind the scenes: making [TITLE] #PlayStation #Shorts,#PlayStation #Shorts #Gaming,https://cdn.playstation.com/thumb/192a4b4993ae.jpg,2026-04-20 13:00:00-07:00
3446,2026-04-20,20,107,,TT_TRENDING,gamers tell us their favorite PS5 moment,#PS5 #fyp #gamertok,https://cdn.playstation.com/thumb/e1d5ef81d312.jpg,2026-04-20 20:00:00-07:00
3447,2026-04-21,12,106,10,BLOG_DEV_DIARY,Dev diary #7 - crafting [TITLE],#PlayStation,https://cdn.playstation.com/thumb/a1156fed69bc.jpg,2026-04-21 16:00:00-07:00
3448,2026-04-21,12,112,,YT_LONG,[TITLE] - Deep Dive with the Dev Team,#PlayStation,https://cdn.playstation.com/thumb/54bba3eb9b8b.jpg,2026-04-21 12:00:00-07:00
3449,2026-04-21,18,112,,YT_SHORT,Behind the scenes: making [TITLE] #PlayStation #Shorts,#PlayStation #Shorts #Gaming,https://cdn.playstation.com/thumb/a74ae328d678.jpg,2026-04-21 10:00:00-07:00
3450,2026-04-21,18,107,,YT_TRAILER,[TITLE] - Official Launch Trailer | PS5,#PlayStation,https://cdn.playstation.com/thumb/aba71c020210.jpg,2026-04-21 14:00:00-07:00
3451,2026-04-21,18,112,,YT_TRAILER,[TITLE] - Official Launch Trailer | PS5,#PlayStation,https://cdn.playstation.com/thumb/aba71c020210.jpg,2026-04-21 14:00:00-07:00
3452,2026-04-21,19,107,,YT_LONG,[TITLE] - Deep Dive with the Dev Team,#PlayStation,https://cdn.playstation.com/thumb/54bba3eb9b8b.jpg,2026-04-21 12:00:00-07:00
3453,2026-04-21,19,106,10,TT_TRENDING,gamers tell us their favorite PS5 moment,#PS5 #fyp #gamertok,https://cdn.playstation.com/thumb/cdf2d12e9353.jpg,2026-04-21 10:00:00-07:00
3454,2026-04-21,19,106,10,BLOG_POST,[TITLE]: Everything you need to know,#PlayStation,https://cdn.playstation.com/thumb/348c988da179.jpg,2026-04-21 20:00:00-07:00
3455,2026-04-21,19,107,,IG_REEL,POV: you finally got [TITLE] 🎮,#PlayStation #PS5 #Gaming,https://cdn.playstation.com/thumb/e3b6896be35b.jpg,2026-04-21 18:00:00-07:00
3456,2026-04-21,20,107,,TT_TRENDING,gamers tell us their favorite PS5 moment,#PS5 #fyp #gamertok,https://cdn.playstation.com/thumb/cdf2d12e9353.jpg,2026-04-21 10:00:00-07:00
3457,2026-04-21,20,112,,IG_REEL,POV: you finally got [TITLE] 🎮,#PlayStation #PS5 #Gaming,https://cdn.playstation.com/thumb/e3b6896be35b.jpg,2026-04-21 18:00:00-07:00
3458,2026-04-21,20,106,10,YT_TRAILER,[TITLE] - Official Launch Trailer | PS5,#PlayStation,https://cdn.playstation.com/thumb/aba71c020210.jpg,2026-04-21 14:00:00-07:00
3459,2026-04-22,12,106,10,IG_REEL,POV: you finally got [TITLE] 🎮,#PlayStation #PS5 #Gaming,https://cdn.playstation.com/thumb/14d82ec131e1.jpg,2026-04-22 09:00:00-07:00
3460,2026-04-22,12,107,,TT_VIDEO,when the [TITLE] cutscene hits different,#PlayStation #fyp #gaming,https://cdn.playstation.com/thumb/0f10f19400c1.jpg,2026-04-22 15:00:00-07:00
3461,2026-04-22,18,112,,YT_TRAILER,[TITLE] - Official Launch Trailer | PS5,#PlayStation,https://cdn.playstation.com/thumb/8c8a1962eb3f.jpg,2026-04-22 10:00:00-07:00
3462,2026-04-22,18,106,10,YT_SHORT,Behind the scenes: making [TITLE] #PlayStation #Shorts,#PlayStation #Shorts #Gaming,https://cdn.playstation.com/thumb/684fafecdf61.jpg,2026-04-22 11:00:00-07:00
3463,2026-04-22,18,112,,IG_STORY,Out now on PS5 🔥,#PlayStation,https://cdn.playstation.com/thumb/8445bc235db3.jpg,2026-04-22 15:00:00-07:00
3464,2026-04-22,19,107,,TT_VIDEO,when the [TITLE] cutscene hits different,#PlayStation #fyp #gaming,https://cdn.playstation.com/thumb/0f10f19400c1.jpg,2026-04-22 15:00:00-07:00
3465,2026-04-22,19,107,,IG_POST,Drop a 🎮 if you're playing [TITLE] this weekend,#PlayStation,https://cdn.playstation.com/thumb/2f264b8a1956.jpg,2026-04-22 17:00:00-07:00
3466,2026-04-22,20,106,10,BLOG_POST,[TITLE]: Everything you need to know,#PlayStation,https://cdn.playstation.com/thumb/f5964bf68ffc.jpg,2026-04-22 13:00:00-07:00
3467,2026-04-22,20,112,,BLOG_DEV_DIARY,Dev diary #7 - crafting [TITLE],#PlayStation,https://cdn.playstation.com/thumb/dcd07f1c09fd.jpg,2026-04-22 09:00:00-07:00
3468,2026-04-23,12,112,,TT_VIDEO,when the [TITLE] cutscene hits different,#PlayStation #fyp #gaming,https://cdn.playstation.com/thumb/335df1676f0d.jpg,2026-04-23 10:00:00-07:00
3469,2026-04-23,12,112,,YT_LONG,[TITLE] - Deep Dive with the Dev Team,#PlayStation,https://cdn.playstation.com/thumb/0a322df058ee.jpg,2026-04-23 11:00:00-07:00
3470,2026-04-23,18,107,,IG_STORY,Out now on PS5 🔥,#PlayStation,https://cdn.playstation.com/thumb/ed31befc89de.jpg,2026-04-23 09:00:00-07:00
3471,2026-04-23,19,112,,IG_REEL,POV: you finally got [TITLE] 🎮,#PlayStation #PS5 #Gaming,https://cdn.playstation.com/thumb/88131d0d3f46.jpg,2026-04-23 09:00:00-07:00
3472,2026-04-23,19,112,,IG_POST,Drop a 🎮 if you're playing [TITLE] this weekend,#PlayStation,https://cdn.playstation.com/thumb/7d166c929217.jpg,2026-04-23 13:00:00-07:00
3473,2026-04-23,20,107,,YT_TRAILER,[TITLE] - Official Launch Trailer | PS5,#PlayStation,https://cdn.playstation.com/thumb/a067fd9153ca.jpg,2026-04-23 18:00:00-07:00
3474,2026-04-23,20,107,,IG_REEL,POV: you finally got [TITLE] 🎮,#PlayStation #PS5 #Gaming,https://cdn.playstation.com/thumb/88131d0d3f46.jpg,2026-04-23 09:00:00-07:00
3475,2026-04-23,20,106,10,TT_VIDEO,when the [TITLE] cutscene hits different,#PlayStation #fyp #gaming,https://cdn.playstation.com/thumb/335df1676f0d.jpg,2026-04-23 10:00:00-07:00
3476,2026-04-23,20,112,,IG_REEL,POV: you finally got [TITLE] 🎮,#PlayStation #PS5 #Gaming,https://cdn.playstation.com/thumb/88131d0d3f46.jpg,2026-04-23 09:00:00-07:00
3477,2026-04-24,12,107,,IG_REEL,POV: you finally got [TITLE] 🎮,#PlayStation #PS5 #Gaming,https://cdn.playstation.com/thumb/3403ccc375a0.jpg,2026-04-24 14:00:00-07:00
3478,2026-04-24,12,106,10,BLOG_DEV_DIARY,Dev diary #7 - crafting [TITLE],#PlayStation,https://cdn.playstation.com/thumb/4acb89883bab.jpg,2026-04-24 19:00:00-07:00
3479,2026-04-24,12,106,10,YT_SHORT,Behind the scenes: making [TITLE] #PlayStation #Shorts,#PlayStation #Shorts #Gaming,https://cdn.playstation.com/thumb/2da18430d680.jpg,2026-04-24 17:00:00-07:00
3480,2026-04-24,12,106,10,IG_REEL,POV: you finally got [TITLE] 🎮,#PlayStation #PS5 #Gaming,https://cdn.playstation.com/thumb/3403ccc375a0.jpg,2026-04-24 14:00:00-07:00
3481,2026-04-24,18,106,10,YT_TRAILER,[TITLE] - Official Launch Trailer | PS5,#PlayStation,https://cdn.playstation.com/thumb/f955e49a48a5.jpg,2026-04-24 13:00:00-07:00
3482,2026-04-24,19,107,,TT_TRENDING,gamers tell us their favorite PS5 moment,#PS5 #fyp #gamertok,https://cdn.playstation.com/thumb/4d1593cb06fc.jpg,2026-04-24 10:00:00-07:00
3483,2026-04-24,19,112,,TT_VIDEO,when the [TITLE] cutscene hits different,#PlayStation #fyp #gaming,https://cdn.playstation.com/thumb/68a9ab1a30f4.jpg,2026-04-24 16:00:00-07:00
3484,2026-04-24,20,106,10,IG_REEL,POV: you finally got [TITLE] 🎮,#PlayStation #PS5 #Gaming,https://cdn.playstation.com/thumb/3403ccc375a0.jpg,2026-04-24 14:00:00-07:00
3485,2026-04-24,20,107,,IG_POST,Drop a 🎮 if you're playing [TITLE] this weekend,#PlayStation,https://cdn.playstation.com/thumb/94d0851ee65f.jpg,2026-04-24 14:00:00-07:00
3486,2026-04-24,20,112,,IG_REEL,POV: you finally got [TITLE] 🎮,#PlayStation #PS5 #Gaming,https://cdn.playstation.com/thumb/3403ccc375a0.jpg,2026-04-24 14:00:00-07:00
3487,2026-04-25,12,106,10,YT_LONG,[TITLE] - Deep Dive with the Dev Team,#PlayStation,https://cdn.playstation.com/thumb/4ea6410b0001.jpg,2026-04-25 17:00:00-07:00
3488,2026-04-25,12,112,,TT_VIDEO,when the [TITLE] cutscene hits different,#PlayStation #fyp #gaming,https://cdn.playstation.com/thumb/cf416603c599.jpg,2026-04-25 13:00:00-07:00
3489,2026-04-25,12,106,10,YT_TRAILER,[TITLE] - Official Launch Trailer | PS5,#PlayStation,https://cdn.playstation.com/thumb/84e670e6b59f.jpg,2026-04-25 17:00:00-07:00
3490,2026-04-25,18,107,,IG_STORY,Out now on PS5 🔥,#PlayStation,https://cdn.playstation.com/thumb/1110b33a750d.jpg,2026-04-25 09:00:00-07:00
3491,2026-04-25,18,106,10,IG_POST,Drop a 🎮 if you're playing [TITLE] this weekend,#PlayStation,https://cdn.playstation.com/thumb/501e4b2bae27.jpg,2026-04-25 17:00:00-07:00
3492,2026-04-25,18,112,,YT_LONG,[TITLE] - Deep Dive with the Dev Team,#PlayStation,https://cdn.playstation.com/thumb/4ea6410b0001.jpg,2026-04-25 17:00:00-07:00
3493,2026-04-25,19,112,,IG_POST,Drop a 🎮 if you're playing [TITLE] this weekend,#PlayStation,https://cdn.playstation.com/thumb/501e4b2bae27.jpg,2026-04-25 17:00:00-07:00
3494,2026-04-25,19,106,10,YT_SHORT,Behind the scenes: making [TITLE] #PlayStation #Shorts,#PlayStation #Shorts #Gaming,https://cdn.playstation.com/thumb/c0642349aac3.jpg,2026-04-25 13:00:00-07:00
3495,2026-04-25,19,107,,IG_STORY,Out now on PS5 🔥,#PlayStation,https://cdn.playstation.com/thumb/1110b33a750d.jpg,2026-04-25 09:00:00-07:00
3496,2026-04-25,19,107,,TT_TRENDING,gamers tell us their favorite PS5 moment,#PS5 #fyp #gamertok,https://cdn.playstation.com/thumb/446a9252d8ca.jpg,2026-04-25 13:00:00-07:00
3497,2026-04-25,20,106,10,IG_REEL,POV: you finally got [TITLE] 🎮,#PlayStation #PS5 #Gaming,https://cdn.playstation.com/thumb/752dc2cc713f.jpg,2026-04-25 19:00:00-07:00
3498,2026-04-25,20,112,,TT_VIDEO,when the [TITLE] cutscene hits different,#PlayStation #fyp #gaming,https://cdn.playstation.com/thumb/cf416603c599.jpg,2026-04-25 13:00:00-07:00
3499,2026-04-26,12,106,10,TT_TRENDING,gamers tell us their favorite PS5 moment,#PS5 #fyp #gamertok,https://cdn.playstation.com/thumb/e266af9ae29b.jpg,2026-04-26 10:00:00-07:00
3500,2026-04-26,12,107,,IG_REEL,POV: you finally got [TITLE] 🎮,#PlayStation #PS5 #Gaming,https://cdn.playstation.com/thumb/98c6d073c523.jpg,2026-04-26 13:00:00-07:00
3501,2026-04-26,18,112,,IG_POST,Drop a 🎮 if you're playing [TITLE] this weekend,#PlayStation,https://cdn.playstation.com/thumb/c13428e53765.jpg,2026-04-26 10:00:00-07:00
3502,2026-04-26,19,106,10,BLOG_DEV_DIARY,Dev diary #7 - crafting [TITLE],#PlayStation,https://cdn.playstation.com/thumb/a1efce16f00b.jpg,2026-04-26 17:00:00-07:00
3503,2026-04-26,19,107,,YT_TRAILER,[TITLE] - Official Launch Trailer | PS5,#PlayStation,https://cdn.playstation.com/thumb/21d2f9da36ee.jpg,2026-04-26 10:00:00-07:00
3504,2026-04-26,19,106,10,IG_POST,Drop a 🎮 if you're playing [TITLE] this weekend,#PlayStation,https://cdn.playstation.com/thumb/c13428e53765.jpg,2026-04-26 10:00:00-07:00
3505,2026-04-26,20,106,10,YT_SHORT,Behind the scenes: making [TITLE] #PlayStation #Shorts,#PlayStation #Shorts #Gaming,https://cdn.playstation.com/thumb/916b5d862f32.jpg,2026-04-26 18:00:00-07:00
3506,2026-04-26,20,112,,BLOG_POST,[TITLE]: Everything you need to know,#PlayStation,https://cdn.playstation.com/thumb/5dd549eaeee6.jpg,2026-04-26 13:00:00-07:00
3507,2026-04-27,12,106,10,YT_LONG,[TITLE] - Deep Dive with the Dev Team,#PlayStation,https://cdn.playstation.com/thumb/e1d9b7de5b93.jpg,2026-04-27 18:00:00-07:00
3508,2026-04-27,12,112,,YT_LONG,[TITLE] - Deep Dive with the Dev Team,#PlayStation,https://cdn.playstation.com/thumb/e1d9b7de5b93.jpg,2026-04-27 18:00:00-07:00
3509,2026-04-27,12,107,,TT_VIDEO,when the [TITLE] cutscene hits different,#PlayStation #fyp #gaming,https://cdn.playstation.com/thumb/a86554bc3f20.jpg,2026-04-27 20:00:00-07:00
3510,2026-04-27,18,106,10,BLOG_DEV_DIARY,Dev diary #7 - crafting [TITLE],#PlayStation,https://cdn.playstation.com/thumb/cd7478f6cd07.jpg,2026-04-27 14:00:00-07:00
3511,2026-04-27,18,112,,YT_SHORT,Behind the scenes: making [TITLE] #PlayStation #Shorts,#PlayStation #Shorts #Gaming,https://cdn.playstation.com/thumb/09f00821753e.jpg,2026-04-27 17:00:00-07:00
3512,2026-04-27,18,107,,IG_STORY,Out now on PS5 🔥,#PlayStation,https://cdn.playstation.com/thumb/2293a305576a.jpg,2026-04-27 19:00:00-07:00
3513,2026-04-27,19,107,,TT_VIDEO,when the [TITLE] cutscene hits different,#PlayStation #fyp #gaming,https://cdn.playstation.com/thumb/a86554bc3f20.jpg,2026-04-27 20:00:00-07:00
3514,2026-04-27,19,107,,YT_TRAILER,[TITLE] - Official Launch Trailer | PS5,#PlayStation,https://cdn.playstation.com/thumb/065593b00f4c.jpg,2026-04-27 16:00:00-07:00
3515,2026-04-27,20,112,,TT_VIDEO,when the [TITLE] cutscene hits different,#PlayStation #fyp #gaming,https://cdn.playstation.com/thumb/a86554bc3f20.jpg,2026-04-27 20:00:00-07:00
3516,2026-04-27,20,107,,YT_LONG,[TITLE] - Deep Dive with the Dev Team,#PlayStation,https://cdn.playstation.com/thumb/e1d9b7de5b93.jpg,2026-04-27 18:00:00-07:00
3517,2026-04-27,20,112,,BLOG_POST,[TITLE]: Everything you need to know,#PlayStation,https://cdn.playstation.com/thumb/7a271609ceb3.jpg,2026-04-27 13:00:00-07:00
3518,2026-04-28,12,107,,BLOG_DEV_DIARY,Dev diary #7 - crafting [TITLE],#PlayStation,https://cdn.playstation.com/thumb/914b22c6b4e4.jpg,2026-04-28 18:00:00-07:00
3519,2026-04-28,12,112,,YT_LONG,[TITLE] - Deep Dive with the Dev Team,#PlayStation,https://cdn.playstation.com/thumb/9547e886d51c.jpg,2026-04-28 17:00:00-07:00
3520,2026-04-28,18,106,10,YT_SHORT,Behind the scenes: making [TITLE] #PlayStation #Shorts,#PlayStation #Shorts #Gaming,https://cdn.playstation.com/thumb/1825f0c61f6e.jpg,2026-04-28 09:00:00-07:00
3521,2026-04-28,18,106,10,YT_TRAILER,[TITLE] - Official Launch Trailer | PS5,#PlayStation,https://cdn.playstation.com/thumb/bee110ea01da.jpg,2026-04-28 18:00:00-07:00
3522,2026-04-28,18,112,,IG_POST,Drop a 🎮 if you're playing [TITLE] this weekend,#PlayStation,https://cdn.playstation.com/thumb/01191a4cbe1b.jpg,2026-04-28 15:00:00-07:00
3523,2026-04-28,19,106,10,TT_TRENDING,gamers tell us their favorite PS5 moment,#PS5 #fyp #gamertok,https://cdn.playstation.com/thumb/c70c760afa72.jpg,2026-04-28 15:00:00-07:00
3524,2026-04-28,19,106,10,YT_SHORT,Behind the scenes: making [TITLE] #PlayStation #Shorts,#PlayStation #Shorts #Gaming,https://cdn.playstation.com/thumb/1825f0c61f6e.jpg,2026-04-28 09:00:00-07:00
3525,2026-04-29,12,106,10,YT_LONG,[TITLE] - Deep Dive with the Dev Team,#PlayStation,https://cdn.playstation.com/thumb/542108d1da9b.jpg,2026-04-29 11:00:00-07:00
3526,2026-04-29,12,107,,IG_POST,Drop a 🎮 if you're playing [TITLE] this weekend,#PlayStation,https://cdn.playstation.com/thumb/405984c7b567.jpg,2026-04-29 16:00:00-07:00
3527,2026-04-29,12,107,,BLOG_DEV_DIARY,Dev diary #7 - crafting [TITLE],#PlayStation,https://cdn.playstation.com/thumb/5050721ba203.jpg,2026-04-29 18:00:00-07:00
3528,2026-04-29,18,107,,IG_POST,Drop a 🎮 if you're playing [TITLE] this weekend,#PlayStation,https://cdn.playstation.com/thumb/405984c7b567.jpg,2026-04-29 16:00:00-07:00
3529,2026-04-29,18,107,,TT_TRENDING,gamers tell us their favorite PS5 moment,#PS5 #fyp #gamertok,https://cdn.playstation.com/thumb/892368ebdb66.jpg,2026-04-29 10:00:00-07:00
3530,2026-04-29,18,106,10,TT_VIDEO,when the [TITLE] cutscene hits different,#PlayStation #fyp #gaming,https://cdn.playstation.com/thumb/7733657a7ad1.jpg,2026-04-29 09:00:00-07:00
3531,2026-04-29,18,107,,BLOG_POST,[TITLE]: Everything you need to know,#PlayStation,https://cdn.playstation.com/thumb/98a0c7150d8f.jpg,2026-04-29 18:00:00-07:00
3532,2026-04-29,19,112,,IG_STORY,Out now on PS5 🔥,#PlayStation,https://cdn.playstation.com/thumb/c12237ce67e3.jpg,2026-04-29 16:00:00-07:00
3533,2026-04-29,19,107,,YT_TRAILER,[TITLE] - Official Launch Trailer | PS5,#PlayStation,https://cdn.playstation.com/thumb/3a58e508712a.jpg,2026-04-29 11:00:00-07:00
3534,2026-04-29,20,107,,IG_STORY,Out now on PS5 🔥,#PlayStation,https://cdn.playstation.com/thumb/c12237ce67e3.jpg,2026-04-29 16:00:00-07:00
3535,2026-04-29,20,112,,YT_TRAILER,[TITLE] - Official Launch Trailer | PS5,#PlayStation,https://cdn.playstation.com/thumb/3a58e508712a.jpg,2026-04-29 11:00:00-07:00
3536,2026-04-29,20,106,10,YT_TRAILER,[TITLE] - Official Launch Trailer | PS5,#PlayStation,https://cdn.playstation.com/thumb/3a58e508712a.jpg,2026-04-29 11:00:00-07:00
3537,2026-04-30,12,112,,YT_SHORT,Behind the scenes: making [TITLE] #PlayStation #Shorts,#PlayStation #Shorts #Gaming,https://cdn.playstation.com/thumb/9712255301a4.jpg,2026-04-30 16:00:00-07:00
3538,2026-04-30,12,107,,BLOG_DEV_DIARY,Dev diary #7 - crafting [TITLE],#PlayStation,https://cdn.playstation.com/thumb/142f380084ea.jpg,2026-04-30 12:00:00-07:00
3539,2026-04-30,12,106,10,BLOG_DEV_DIARY,Dev diary #7 - crafting [TITLE],#PlayStation,https://cdn.playstation.com/thumb/142f380084ea.jpg,2026-04-30 12:00:00-07:00
3540,2026-04-30,18,112,,YT_TRAILER,[TITLE] - Official Launch Trailer | PS5,#PlayStation,https://cdn.playstation.com/thumb/55d110f50e8f.jpg,2026-04-30 17:00:00-07:00
3541,2026-04-30,18,112,,YT_LONG,[TITLE] - Deep Dive with the Dev Team,#PlayStation,https://cdn.playstation.com/thumb/855287935c18.jpg,2026-04-30 16:00:00-07:00
3542,2026-04-30,19,106,10,TT_TRENDING,gamers tell us their favorite PS5 moment,#PS5 #fyp #gamertok,https://cdn.playstation.com/thumb/46aa6589feb0.jpg,2026-04-30 11:00:00-07:00
3543,2026-04-30,19,106,10,YT_LONG,[TITLE] - Deep Dive with the Dev Team,#PlayStation,https://cdn.playstation.com/thumb/855287935c18.jpg,2026-04-30 16:00:00-07:00
3544,2026-04-30,19,106,10,TT_VIDEO,when the [TITLE] cutscene hits different,#PlayStation #fyp #gaming,https://cdn.playstation.com/thumb/d2e63cc4841a.jpg,2026-04-30 15:00:00-07:00
3545,2026-04-30,19,112,,IG_STORY,Out now on PS5 🔥,#PlayStation,https://cdn.playstation.com/thumb/9bbcda4a3847.jpg,2026-04-30 10:00:00-07:00
