DATE_DAY,TITLE_ID,DAU,AVG_SESSION_MIN,MP_SESSIONS,TROPHIES_UNLOCKED
2025-11-01,1,1622480,56,102240,207040
2025-11-01,17,598880,72,154260,160640
2025-11-01,25,493696,89,314400,157120
2025-11-01,2,919360,73,170100,179200
2025-11-01,18,402496,63,200700,353920
2025-11-01,26,397024,85,104940,206080
2025-11-01,3,1421200,70,155160,160640
2025-11-01,19,863600,48,527400,301120
2025-11-01,27,680960,79,119520,297600
2025-11-01,4,1165520,110,105300,239360
2025-11-01,12,633536,116,383400,138240
2025-11-01,20,1336880,72,77400,289600
2025-11-01,28,663936,86,205560,132800
2025-11-01,5,1441600,84,100260,152960
2025-11-01,13,338048,99,146880,342080
2025-11-01,21,840480,76,102420,200640
2025-11-01,29,355072,44,111240,277760
2025-11-01,6,1434800,110,178560,177280
2025-11-01,14,428640,65,162720,345280
2025-11-01,22,1349120,119,183960,254720
2025-11-01,7,1301520,80,156240,173760
2025-11-01,15,624416,115,136980,170240
2025-11-01,23,1154640,75,179100,313280
2025-11-01,8,1109760,51,82800,336320
2025-11-01,24,1282480,80,107640,325440
2025-11-02,1,1074400,91,110340,163840
2025-11-02,17,665152,92,98100,197760
2025-11-02,25,710144,54,432000,377280
2025-11-02,2,696320,104,129060,408320
2025-11-02,18,458432,118,204300,375040
2025-11-02,26,671232,103,132300,379200
2025-11-02,3,1614320,104,168120,309120
2025-11-02,19,723520,51,361200,181120
2025-11-02,27,652384,97,163800,322560
2025-11-02,4,1407600,97,145080,221760
2025-11-02,12,328928,92,528600,159680
2025-11-02,20,1350480,73,87660,136640
2025-11-02,28,389120,47,154260,309440
2025-11-02,5,1566720,65,90720,250240
2025-11-02,13,440192,47,180180,146560
2025-11-02,21,923440,98,110520,160320
2025-11-02,29,719872,84,187020,368000
2025-11-02,6,859520,96,167400,245760
2025-11-02,14,546592,60,198720,401600
2025-11-02,22,1238960,67,187560,369920
2025-11-02,7,1141040,83,204480,300800
2025-11-02,15,511328,72,203580,222400
2025-11-02,23,1551760,105,134640,149760
2025-11-02,8,1440240,86,75240,198400
2025-11-02,24,767040,53,187560,198720
2025-11-03,1,851700,73,75060,411200
2025-11-03,17,358720,68,190440,368960
2025-11-03,25,415720,79,414600,170880
2025-11-03,2,823650,121,149580,350080
2025-11-03,18,300200,86,215820,299840
2025-11-03,26,383040,62,201600,392960
2025-11-03,3,595000,60,184500,328320
2025-11-03,19,490450,107,570600,207680
2025-11-03,27,278540,83,116460,135040
2025-11-03,4,652800,79,129420,360000
2025-11-03,12,316160,44,399000,178880
2025-11-03,20,1004700,47,151560,208000
2025-11-03,28,328320,108,194220,266880
2025-11-03,5,763300,120,152820,161920
2025-11-03,13,332880,89,156960,415680
2025-11-03,21,852550,109,102420,285760
2025-11-03,29,379620,57,215280,295360
2025-11-03,6,846600,46,143100,171200
2025-11-03,14,219640,102,81540,310080
2025-11-03,22,459000,75,114480,229440
2025-11-03,7,709750,94,160740,246080
2025-11-03,15,209760,43,122580,228480
2025-11-03,23,761600,48,124740,384000
2025-11-03,8,762450,110,78300,151360
2025-11-03,24,708050,108,208440,347520
2025-11-04,1,684250,82,120060,233600
2025-11-04,17,334020,114,108000,216000
2025-11-04,25,196840,69,507000,388160
2025-11-04,2,937550,77,75060,331200
2025-11-04,18,446880,52,82260,243200
2025-11-04,26,437760,117,96120,227520
2025-11-04,3,664700,110,103860,144640
2025-11-04,19,578000,53,694200,241920
2025-11-04,27,427120,54,186660,158720
2025-11-04,4,897600,71,206640,361280
2025-11-04,12,211660,58,577800,142080
2025-11-04,20,578850,79,109260,182400
2025-11-04,28,373160,102,136980,415360
2025-11-04,5,537200,102,195660,244160
2025-11-04,13,395580,122,162540,313600
2025-11-04,21,816000,47,147420,167040
2025-11-04,29,295260,70,132660,216000
2025-11-04,6,895050,70,212940,319040
2025-11-04,14,327940,105,142020,137280
2025-11-04,22,617950,101,179460,401600
2025-11-04,7,444550,108,88920,155520
2025-11-04,15,209000,77,131220,155200
2025-11-04,23,835550,68,214380,362880
2025-11-04,8,604350,62,182160,165440
2025-11-04,24,689350,114,103680,248320
2025-11-05,1,664700,65,206100,145280
2025-11-05,17,279680,49,93060,296320
2025-11-05,25,353780,107,453000,330560
2025-11-05,2,568650,42,89640,282880
2025-11-05,18,204440,64,176760,131520
2025-11-05,26,451060,75,204660,270400
2025-11-05,3,439450,120,205200,396160
2025-11-05,19,944350,114,659400,244800
2025-11-05,27,209760,118,119880,178240
2025-11-05,4,572050,80,145440,172480
2025-11-05,12,347320,117,579600,298240
2025-11-05,20,995350,62,111420,257600
2025-11-05,28,455240,116,123480,242560
2025-11-05,5,883150,45,140220,190400
2025-11-05,13,330220,104,83520,148480
2025-11-05,21,844050,96,91800,370880
2025-11-05,29,369740,117,146160,224320
2025-11-05,6,960500,122,181620,230720
2025-11-05,14,333640,102,91080,246720
2025-11-05,22,671500,95,119160,330880
2025-11-05,7,431800,55,108000,136000
2025-11-05,15,269800,100,108900,133760
2025-11-05,23,889100,91,99900,327680
2025-11-05,8,797300,43,163620,220160
2025-11-05,24,517650,114,83340,173120
2025-11-06,1,470900,115,140760,357440
2025-11-06,17,291460,85,214920,288640
2025-11-06,25,405840,89,688200,294720
2025-11-06,2,1014900,74,123480,220480
2025-11-06,18,422560,98,161820,352640
2025-11-06,26,202920,57,170460,253440
2025-11-06,3,854250,95,180900,294400
2025-11-06,19,635800,88,539400,295680
2025-11-06,27,194940,54,107100,242880
2025-11-06,4,431800,121,106200,177920
2025-11-06,12,359100,77,506400,368000
2025-11-06,20,776900,105,215100,266240
2025-11-06,28,305140,93,174960,279040
2025-11-06,5,850850,47,95400,398720
2025-11-06,13,381520,87,137340,137600
2025-11-06,21,569500,74,195840,377600
2025-11-06,29,442320,89,133020,399680
2025-11-06,6,975800,122,172080,260480
2025-11-06,14,223440,48,73260,354560
2025-11-06,22,497250,81,103680,128640
2025-11-06,7,688500,75,196200,352640
2025-11-06,15,322240,58,108000,207680
2025-11-06,23,872950,93,212940,318080
2025-11-06,8,921400,121,209880,263360
2025-11-06,24,633250,56,77580,372160
2025-11-07,1,962200,68,159300,331200
2025-11-07,17,431300,118,93420,138240
2025-11-07,25,229520,105,558600,250240
2025-11-07,2,640050,88,183780,189760
2025-11-07,18,337060,48,190260,229760
2025-11-07,26,239400,122,183060,407680
2025-11-07,3,859350,106,88740,383360
2025-11-07,19,632400,83,312600,129280
2025-11-07,27,330600,45,140220,331520
2025-11-07,4,810050,75,179640,301440
2025-11-07,12,420280,59,428400,405440
2025-11-07,20,715700,48,142740,342080
2025-11-07,28,192280,90,128520,266880
2025-11-07,5,857650,93,83520,160320
2025-11-07,13,337820,114,122580,337600
2025-11-07,21,889950,113,144900,401600
2025-11-07,29,418000,86,206100,304000
2025-11-07,6,703800,100,84600,259520
2025-11-07,14,280440,44,100980,164160
2025-11-07,22,898450,55,104040,186560
2025-11-07,7,651100,100,100440,171200
2025-11-07,15,262580,88,83880,331520
2025-11-07,23,761600,48,185760,321920
2025-11-07,8,788800,97,157500,171200
2025-11-07,24,540600,51,155160,269120
2025-11-08,1,1123360,53,93240,132800
2025-11-08,17,434720,73,127980,137280
2025-11-08,25,666368,61,304800,411520
2025-11-08,2,690880,92,211860,229120
2025-11-08,18,349600,69,181080,234240
2025-11-08,26,632320,69,213120,363840
2025-11-08,3,1154640,55,186300,259520
2025-11-08,19,733040,83,556200,364480
2025-11-08,27,718048,66,176220,348160
2025-11-08,4,1101600,102,207000,239680
2025-11-08,12,505856,70,351000,137920
2025-11-08,20,1302880,110,169740,407040
2025-11-08,28,620160,45,166140,406400
2025-11-08,5,1003680,115,192960,402880
2025-11-08,13,706496,88,179820,254720
2025-11-08,21,1266160,114,138240,173440
2025-11-08,29,707712,56,110880,211520
2025-11-08,6,757520,100,94320,385920
2025-11-08,14,668192,91,124020,303360
2025-11-08,22,1192720,77,106560,180160
2025-11-08,7,1326000,76,168300,392320
2025-11-08,15,669408,101,141660,187840
2025-11-08,23,792880,71,118980,224000
2025-11-08,8,790160,67,78300,254720
2025-11-08,24,694960,118,74880,277760
2025-11-09,1,1175040,118,112320,382720
2025-11-09,17,342912,107,176400,158720
2025-11-09,25,398240,87,372000,149120
2025-11-09,2,892160,62,153180,183040
2025-11-09,18,315552,110,157680,225600
2025-11-09,26,675488,82,87660,346880
2025-11-09,3,1381760,54,210240,160320
2025-11-09,19,1596640,86,712800,193280
2025-11-09,27,701632,58,108360,321280
2025-11-09,4,1259360,67,73440,202880
2025-11-09,12,344128,112,708000,388480
2025-11-09,20,1385840,58,73080,274880
2025-11-09,28,402496,70,111060,289920
2025-11-09,5,769760,75,208260,389440
2025-11-09,13,431680,56,191160,222400
2025-11-09,21,1251200,47,75240,214400
2025-11-09,29,486400,104,125640,253440
2025-11-09,6,829600,101,210600,232640
2025-11-09,14,597056,81,143100,381760
2025-11-09,22,1360000,94,115920,215360
2025-11-09,7,1028160,61,213300,279680
2025-11-09,15,678528,99,140400,369280
2025-11-09,23,1131520,89,87840,243200
2025-11-09,8,1203600,85,174240,159040
2025-11-09,24,688160,115,108540,312320
2025-11-10,1,483650,118,124020,217600
2025-11-10,17,198740,61,205020,146560
2025-11-10,25,197220,80,633000,222080
2025-11-10,2,763300,95,189360,383680
2025-11-10,18,450300,81,92880,330560
2025-11-10,26,197220,86,207720,254400
2025-11-10,3,964750,70,104940,335680
2025-11-10,19,784550,66,717000,244480
2025-11-10,27,456000,48,95400,216320
2025-11-10,4,936700,71,144000,242240
2025-11-10,12,350740,110,475800,315200
2025-11-10,20,685950,63,147060,261760
2025-11-10,28,228380,107,118260,316160
2025-11-10,5,494700,50,100260,150080
2025-11-10,13,408500,63,121500,232640
2025-11-10,21,611150,78,160740,255680
2025-11-10,29,251180,64,140940,218560
2025-11-10,6,529550,85,203220,233280
2025-11-10,14,455240,62,129420,175040
2025-11-10,22,910350,58,110880,220160
2025-11-10,7,600950,114,194760,293440
2025-11-10,15,227620,90,104940,378560
2025-11-10,23,998750,101,154620,316160
2025-11-10,8,615400,74,106020,212480
2025-11-10,24,538050,46,141840,319680
2025-11-11,1,441150,58,211320,280960
2025-11-11,17,239020,103,153720,280000
2025-11-11,25,209760,93,286800,392320
2025-11-11,2,714000,89,170100,254080
2025-11-11,18,392540,68,204660,363520
2025-11-11,26,346180,75,94860,355520
2025-11-11,3,693600,58,140040,336000
2025-11-11,19,524450,85,528000,177600
2025-11-11,27,243960,42,154620,155840
2025-11-11,4,1003850,71,82260,216000
2025-11-11,12,375820,75,480000,318720
2025-11-11,20,874650,113,144540,304960
2025-11-11,28,336300,113,146340,251840
2025-11-11,5,571200,51,197280,150720
2025-11-11,13,311220,96,190260,161920
2025-11-11,21,808350,95,123660,412800
2025-11-11,29,444220,59,188460,193280
2025-11-11,6,612000,51,75240,341760
2025-11-11,14,264100,48,117180,412480
2025-11-11,22,887400,113,79380,391680
2025-11-11,7,560150,50,149760,184000
2025-11-11,15,205200,97,113760,129600
2025-11-11,23,880600,96,190440,364480
2025-11-11,8,594150,76,197640,393920
2025-11-11,24,865300,47,178020,293440
2025-11-12,1,693600,68,90000,167040
2025-11-12,17,207100,78,211140,331840
2025-11-12,25,235600,47,364200,317120
2025-11-12,2,535500,109,133200,355200
2025-11-12,18,292600,110,168480,397120
2025-11-12,26,319200,96,136440,352640
2025-11-12,3,859350,108,87300,292800
2025-11-12,19,1003850,45,333600,233920
2025-11-12,27,273220,95,74340,393600
2025-11-12,4,637500,93,149220,313600
2025-11-12,12,278160,85,286200,400320
2025-11-12,20,878900,87,153180,179520
2025-11-12,28,367460,49,215280,328960
2025-11-12,5,872100,82,102960,391360
2025-11-12,13,229900,46,187560,192320
2025-11-12,21,646850,104,105660,154880
2025-11-12,29,433960,103,162540,368960
2025-11-12,6,704650,94,174960,211840
2025-11-12,14,394820,55,173520,398400
2025-11-12,22,697000,95,105660,247360
2025-11-12,7,761600,112,78840,143360
2025-11-12,15,254220,78,168480,292160
2025-11-12,23,685950,118,81360,170880
2025-11-12,8,607750,53,130680,406400
2025-11-12,24,672350,96,162000,218880
2025-11-13,1,691900,67,83520,143680
2025-11-13,17,228000,108,151560,368320
2025-11-13,25,325660,107,514800,132160
2025-11-13,2,906100,98,180360,387200
2025-11-13,18,398620,48,213840,208960
2025-11-13,26,269800,122,206640,294400
2025-11-13,3,804950,108,178740,372480
2025-11-13,19,721650,114,623400,382080
2025-11-13,27,244340,43,149760,154240
2025-11-13,4,914600,57,174420,409920
2025-11-13,12,268280,96,357000,225920
2025-11-13,20,854250,58,97740,215040
2025-11-13,28,369360,63,207180,403520
2025-11-13,5,680850,119,188640,305600
2025-11-13,13,195320,95,104400,131840
2025-11-13,21,504050,94,161100,301440
2025-11-13,29,294120,82,72900,157760
2025-11-13,6,688500,42,147960,388480
2025-11-13,14,325660,66,160380,332800
2025-11-13,22,623900,110,75780,131520
2025-11-13,7,501500,89,107460,361280
2025-11-13,15,294500,58,189540,166080
2025-11-13,23,754800,95,95220,302080
2025-11-13,8,515950,66,205020,266560
2025-11-13,24,690200,122,144180,336640
2025-11-14,1,923100,76,84600,165440
2025-11-14,17,423320,65,132120,291200
2025-11-14,25,315780,107,386400,282880
2025-11-14,2,674900,111,204300,345280
2025-11-14,18,325660,106,150660,356160
2025-11-14,26,425600,96,121680,265600
2025-11-14,3,788800,66,209340,378240
2025-11-14,11,863170,80,309600,332480
2025-11-14,19,695300,61,304200,219840
2025-11-14,27,387220,77,99180,409600
2025-11-14,4,495550,112,182880,185920
2025-11-14,12,398240,87,282000,243520
2025-11-14,20,754800,89,126720,170880
2025-11-14,28,220780,88,202500,166720
2025-11-14,5,724200,121,214920,220800
2025-11-14,13,230660,110,149400,232000
2025-11-14,21,640900,85,140040,214720
2025-11-14,29,244720,70,145980,157120
2025-11-14,6,510000,59,172800,256960
2025-11-14,14,228760,83,123660,198080
2025-11-14,22,490450,119,104760,363200
2025-11-14,7,551650,112,185040,211520
2025-11-14,15,382660,114,153000,248960
2025-11-14,23,982600,122,165780,268160
2025-11-14,8,997900,65,104760,184960
2025-11-14,24,646850,122,108180,231040
2025-11-15,1,790160,72,125460,206720
2025-11-15,17,370880,87,114480,128000
2025-11-15,25,348992,113,495000,377280
2025-11-15,2,1562640,54,132120,359360
2025-11-15,18,619552,105,82080,321600
2025-11-15,26,446880,53,202140,155840
2025-11-15,3,1204960,48,115920,398080
2025-11-15,11,2359952,47,619800,175360
2025-11-15,19,1301520,60,571200,254720
2025-11-15,27,370272,72,87840,227520
2025-11-15,4,881280,81,141840,298560
2025-11-15,12,366624,88,307200,147520
2025-11-15,20,688160,57,199260,164800
2025-11-15,28,645088,84,141300,179840
2025-11-15,5,1207680,103,146520,225280
2025-11-15,13,614080,44,171900,257600
2025-11-15,21,783360,45,136080,184960
2025-11-15,29,523488,114,98820,232640
2025-11-15,6,757520,62,152280,261120
2025-11-15,14,356288,122,193500,318400
2025-11-15,22,718080,108,181800,396800
2025-11-15,7,1054000,93,174240,165760
2025-11-15,15,635968,70,122940,415040
2025-11-15,23,1305600,66,136440,244800
2025-11-15,8,765680,47,145620,339840
2025-11-15,24,743920,54,145260,225920
2025-11-16,1,1270240,48,140580,329280
2025-11-16,17,617120,79,107100,160960
2025-11-16,25,465728,122,435000,344320
2025-11-16,2,1355920,117,122940,253760
2025-11-16,18,482752,49,194220,242560
2025-11-16,26,437152,119,128340,402560
2025-11-16,3,1277040,64,188820,173760
2025-11-16,11,1540672,50,471600,282880
2025-11-16,19,1430720,82,556800,321920
2025-11-16,27,643872,59,117360,300800
2025-11-16,4,1506880,49,144180,310400
2025-11-16,12,575168,103,578400,216000
2025-11-16,20,1211760,110,175320,136960
2025-11-16,28,415264,105,143100,392000
2025-11-16,5,715360,112,156420,205120
2025-11-16,13,693120,44,133560,156160
2025-11-16,21,833680,85,182160,298240
2025-11-16,29,590976,77,157680,261120
2025-11-16,6,1321920,43,143100,340800
2025-11-16,14,702240,122,77760,132480
2025-11-16,22,1063520,46,146880,413440
2025-11-16,7,686800,101,202680,267520
2025-11-16,15,353248,78,131760,266880
2025-11-16,23,1510960,118,167220,238400
2025-11-16,8,854080,68,86400,301760
2025-11-16,24,1063520,67,191340,186560
2025-11-17,1,929900,98,150660,382080
2025-11-17,17,261440,76,136980,407040
2025-11-17,25,190000,99,352200,241600
2025-11-17,2,499800,115,155160,256640
2025-11-17,18,350360,109,97380,409920
2025-11-17,26,266760,102,159840,301760
2025-11-17,3,1000450,67,181980,283200
2025-11-17,11,1377880,81,280800,178560
2025-11-17,19,499800,94,319200,351680
2025-11-17,27,383040,122,198000,369600
2025-11-17,4,430100,94,100980,176000
2025-11-17,12,237500,58,450600,326720
2025-11-17,20,869550,113,109980,396160
2025-11-17,28,293740,47,98280,133760
2025-11-17,5,1016600,59,211320,164160
2025-11-17,13,448780,65,190800,143680
2025-11-17,21,561000,70,153900,365440
2025-11-17,29,422180,94,186480,326080
2025-11-17,6,649400,94,144360,210560
2025-11-17,14,403180,90,96120,185600
2025-11-17,22,972400,69,151740,404160
2025-11-17,7,455600,90,118440,223680
2025-11-17,15,330600,67,214380,362240
2025-11-17,23,799000,47,140040,276800
2025-11-17,8,451350,122,178380,136960
2025-11-17,24,858500,95,85680,388160
2025-11-18,1,452200,80,136980,381120
2025-11-18,17,378100,52,214200,402240
2025-11-18,25,362520,95,300600,259840
2025-11-18,2,650250,69,109260,249920
2025-11-18,18,365180,67,123480,302080
2025-11-18,26,224200,45,187380,205120
2025-11-18,3,647700,110,131040,261120
2025-11-18,11,1514870,105,455400,378880
2025-11-18,19,836400,97,385800,218560
2025-11-18,27,244340,90,129600,191040
2025-11-18,4,873800,87,116640,326400
2025-11-18,12,379240,68,464400,264320
2025-11-18,20,959650,91,165240,248000
2025-11-18,28,318820,116,183240,137920
2025-11-18,5,708900,44,122040,399360
2025-11-18,13,447260,64,110520,244160
2025-11-18,21,664700,121,211680,168320
2025-11-18,29,454480,121,111420,200000
2025-11-18,6,627300,110,156240,213440
2025-11-18,14,231040,88,138240,305280
2025-11-18,22,731850,101,191520,196800
2025-11-18,7,966450,52,180720,268160
2025-11-18,15,233320,82,92700,377600
2025-11-18,23,769250,97,98640,242880
2025-11-18,8,974950,68,73080,295360
2025-11-18,24,821950,97,84780,181440
2025-11-19,1,445400,64,74160,296320
2025-11-19,17,428640,48,87840,157440
2025-11-19,25,270560,121,407400,333120
2025-11-19,2,634950,99,104580,275520
2025-11-19,18,290320,70,132660,163520
2025-11-19,26,349600,75,123480,353920
2025-11-19,3,661300,70,201780,415680
2025-11-19,11,1518860,76,493800,231040
2025-11-19,19,951150,87,454200,302080
2025-11-19,27,278540,84,103500,360960
2025-11-19,4,753950,88,81180,222720
2025-11-19,12,408500,95,606600,236160
2025-11-19,20,739500,107,130320,319360
2025-11-19,28,355300,76,83700,354240
2025-11-19,5,538050,97,112680,301120
2025-11-19,13,307800,115,136800,216000
2025-11-19,21,897600,95,100980,246080
2025-11-19,29,296400,49,149400,237120
2025-11-19,6,521050,107,79200,303680
2025-11-19,14,384940,80,174960,292160
2025-11-19,22,868700,62,134280,411520
2025-11-19,7,743750,104,186840,129600
2025-11-19,15,337820,84,106560,364160
2025-11-19,23,805800,106,196200,334400
2025-11-19,8,928200,83,121860,390720
2025-11-19,24,587350,95,208800,291840
2025-11-20,1,700400,46,157500,345280
2025-11-20,17,367840,122,179280,341120
2025-11-20,25,297160,117,452400,364800
2025-11-20,2,925650,72,72180,336960
2025-11-20,18,440420,84,98460,333440
2025-11-20,26,377340,55,206100,401280
2025-11-20,3,468350,82,81900,157760
2025-11-20,11,1299410,121,522000,301760
2025-11-20,19,793900,116,490200,304000
2025-11-20,27,216220,68,87840,143680
2025-11-20,4,544850,109,115020,240960
2025-11-20,12,330600,114,678000,376640
2025-11-20,20,616250,50,96480,288320
2025-11-20,28,388740,80,129780,348160
2025-11-20,5,776050,61,182700,264960
2025-11-20,13,442320,121,186480,171520
2025-11-20,21,433500,42,112140,147840
2025-11-20,29,342760,94,156780,186240
2025-11-20,6,748850,113,121500,403840
2025-11-20,14,214320,120,202140,384000
2025-11-20,22,786250,93,150840,403520
2025-11-20,7,558450,46,130860,148160
2025-11-20,15,209380,81,214200,276480
2025-11-20,23,878900,105,208080,175040
2025-11-20,8,938400,110,207180,339200
2025-11-20,24,714850,50,159660,202240
2025-11-21,1,1007250,43,200160,164800
2025-11-21,17,381900,71,73440,277120
2025-11-21,25,235980,92,410400,139840
2025-11-21,2,889950,98,121860,248640
2025-11-21,18,441940,114,177300,283520
2025-11-21,26,408880,79,88200,154240
2025-11-21,3,732700,91,151560,187520
2025-11-21,11,1263500,79,704400,395200
2025-11-21,19,964750,55,464400,340800
2025-11-21,27,342000,44,137160,224320
2025-11-21,4,937550,70,150480,201600
2025-11-21,12,292220,112,420000,283520
2025-11-21,20,596700,71,161100,153280
2025-11-21,28,243960,84,82080,406400
2025-11-21,5,556750,48,171180,203840
2025-11-21,13,210900,87,103680,144000
2025-11-21,21,857650,53,208080,216960
2025-11-21,29,213940,89,180000,207360
2025-11-21,6,898450,89,205920,173120
2025-11-21,14,353020,48,178200,296000
2025-11-21,22,889100,70,208800,153920
2025-11-21,7,472600,120,145440,209280
2025-11-21,15,228380,111,153540,409920
2025-11-21,23,995350,80,157680,238400
2025-11-21,8,947750,105,151380,156800
2025-11-21,24,518500,61,175320,408640
2025-11-22,1,890800,63,197280,220480
2025-11-22,17,524704,59,213660,153280
2025-11-22,25,632928,74,567000,253760
2025-11-22,2,1090720,112,86220,146560
2025-11-22,18,572736,58,134820,223040
2025-11-22,26,442016,83,142920,143680
2025-11-22,3,1421200,118,75240,229440
2025-11-22,11,1596000,104,283800,375040
2025-11-22,19,1554480,52,414600,310400
2025-11-22,27,333792,99,116100,148160
2025-11-22,4,1614320,89,72180,164160
2025-11-22,12,719872,95,429000,324800
2025-11-22,20,1467440,85,101880,320320
2025-11-22,28,576384,56,134100,388800
2025-11-22,5,1127440,121,78300,320320
2025-11-22,13,349600,87,152280,203840
2025-11-22,21,875840,69,79920,398720
2025-11-22,29,714400,106,178200,217920
2025-11-22,6,961520,110,139140,353600
2025-11-22,14,524704,69,208440,257600
2025-11-22,22,1335520,49,131940,332480
2025-11-22,7,1145120,43,139140,190080
2025-11-22,15,512544,60,115200,198400
2025-11-22,23,1572160,63,109260,166400
2025-11-22,8,1070320,109,87300,217920
2025-11-22,24,1175040,92,171180,235200
2025-11-23,1,1481040,44,176940,368640
2025-11-23,17,480320,57,77580,227840
2025-11-23,25,620160,56,550200,322880
2025-11-23,2,1150560,58,88920,263040
2025-11-23,18,349600,91,109080,265600
2025-11-23,26,380000,84,84600,149120
2025-11-23,3,773840,108,215460,296000
2025-11-23,11,1510880,78,561600,305600
2025-11-23,19,1330080,116,457800,206720
2025-11-23,27,596448,116,95040,161600
2025-11-23,4,1123360,47,72000,198400
2025-11-23,12,400064,99,349800,175360
2025-11-23,20,1578960,93,166680,191040
2025-11-23,28,516800,107,99360,142400
2025-11-23,5,1577600,108,95580,291840
2025-11-23,13,541728,110,196380,159680
2025-11-23,21,892160,110,86580,411840
2025-11-23,29,657856,116,107640,145280
2025-11-23,6,742560,89,173880,288320
2025-11-23,14,673056,60,164880,347200
2025-11-23,22,1464720,93,82440,299840
2025-11-23,7,905760,89,130680,155200
2025-11-23,15,417088,102,195300,314240
2025-11-23,23,836400,99,132300,191680
2025-11-23,8,1113840,94,211140,217600
2025-11-23,24,1467440,47,98640,154240
2025-11-24,1,923100,100,102600,241280
2025-11-24,17,329840,85,165960,149440
2025-11-24,25,364040,64,366600,297920
2025-11-24,2,665550,68,148860,206720
2025-11-24,18,410780,53,162000,143680
2025-11-24,26,291840,84,185400,172480
2025-11-24,3,758200,89,215280,279680
2025-11-24,11,1570730,102,273000,322880
2025-11-24,19,811750,51,241800,334080
2025-11-24,27,257260,109,198000,232000
2025-11-24,4,942650,76,90000,313600
2025-11-24,12,289940,109,439200,369280
2025-11-24,20,477700,96,135720,143680
2025-11-24,28,246620,79,169380,352000
2025-11-24,5,749700,94,157140,312320
2025-11-24,13,297160,64,184860,189440
2025-11-24,21,821950,118,180180,224000
2025-11-24,29,209000,53,160560,190400
2025-11-24,6,879750,94,211140,382400
2025-11-24,14,311980,45,122940,311680
2025-11-24,22,806650,110,108180,147520
2025-11-24,7,972400,88,123120,207680
2025-11-24,15,441560,113,172800,194560
2025-11-24,23,987700,72,80100,140160
2025-11-24,8,905250,103,77760,129280
2025-11-24,24,607750,67,134640,393920
2025-11-25,1,923950,107,111240,312960
2025-11-25,17,310080,62,129240,139520
2025-11-25,25,194560,94,302400,145920
2025-11-25,2,1013200,62,108900,394240
2025-11-25,18,248140,98,158940,249600
2025-11-25,26,291080,109,81540,364800
2025-11-25,3,834700,67,95220,145600
2025-11-25,11,1000160,45,561600,414080
2025-11-25,19,499800,85,310800,172480
2025-11-25,27,359860,75,171360,268160
2025-11-25,4,440300,82,195120,256000
2025-11-25,12,387980,118,408600,321280
2025-11-25,20,574600,51,170820,173120
2025-11-25,28,370120,62,181620,302720
2025-11-25,5,876350,44,108720,165120
2025-11-25,13,286140,78,135720,336960
2025-11-25,21,513400,81,195300,240960
2025-11-25,29,260680,54,173160,400960
2025-11-25,6,523600,46,190980,188480
2025-11-25,14,383420,74,93420,325120
2025-11-25,22,507450,45,98100,336320
2025-11-25,7,904400,51,206280,357120
2025-11-25,15,343520,64,106560,215040
2025-11-25,23,998750,44,151380,272640
2025-11-25,8,885700,63,118800,310400
2025-11-25,24,688500,43,170280,174720
2025-11-26,1,823650,85,165960,232000
2025-11-26,17,306280,68,93420,339520
2025-11-26,25,239780,86,281400,321600
2025-11-26,2,584800,100,113940,244480
2025-11-26,18,311980,98,182700,376640
2025-11-26,26,261820,112,116820,233600
2025-11-26,3,567800,119,171720,314240
2025-11-26,11,804650,78,521400,387840
2025-11-26,19,959650,82,416400,265920
2025-11-26,27,270560,67,108180,275200
2025-11-26,4,566100,110,72540,304960
2025-11-26,12,332880,80,320400,374720
2025-11-26,20,426700,112,139320,414720
2025-11-26,28,275880,46,172980,218240
2025-11-26,5,466650,73,166140,181760
2025-11-26,13,190760,122,133920,224960
2025-11-26,21,812600,79,91620,367680
2025-11-26,29,414580,68,199980,339200
2025-11-26,6,745450,94,87480,152000
2025-11-26,14,387600,71,197280,399680
2025-11-26,22,809200,122,76860,225280
2025-11-26,7,491300,79,171180,324480
2025-11-26,15,334400,92,186300,161280
2025-11-26,23,547400,69,151560,288960
2025-11-26,8,843200,48,143640,340480
2025-11-26,24,850000,100,200880,131200
2025-11-27,1,679150,75,143100,365760
2025-11-27,17,225720,46,79380,400320
2025-11-27,25,429020,98,609600,170560
2025-11-27,2,520200,119,172980,140480
2025-11-27,18,312360,63,207000,305600
2025-11-27,26,446880,105,80640,192960
2025-11-27,3,480250,99,96480,222720
2025-11-27,11,1415120,61,535200,415360
2025-11-27,19,785400,44,610200,137600
2025-11-27,27,202160,100,165780,233920
2025-11-27,4,606050,53,191700,351680
2025-11-27,12,311600,89,446400,330560
2025-11-27,20,778600,116,196380,333760
2025-11-27,28,402420,59,153180,174080
2025-11-27,5,942650,86,90900,278720
2025-11-27,13,325660,51,104220,144640
2025-11-27,21,525300,62,207360,164800
2025-11-27,29,416480,68,211320,285760
2025-11-27,6,759900,48,107280,237760
2025-11-27,14,273980,89,135000,249600
2025-11-27,22,763300,112,194760,203520
2025-11-27,7,442850,67,192060,241280
2025-11-27,15,382280,98,146700,212480
2025-11-27,23,546550,98,89820,291200
2025-11-27,8,591600,117,168840,323840
2025-11-27,24,448800,88,189360,351360
2025-11-28,1,613700,83,138960,391040
2025-11-28,17,235220,49,207540,136960
2025-11-28,25,422560,44,268800,296960
2025-11-28,2,683400,57,172620,373440
2025-11-28,18,365940,85,181440,386240
2025-11-28,26,335540,99,168300,128000
2025-11-28,3,967300,71,133920,238400
2025-11-28,11,1465660,54,585600,303040
2025-11-28,19,867000,83,498000,352000
2025-11-28,27,379240,67,115920,387200
2025-11-28,4,538050,89,153360,355200
2025-11-28,12,453340,79,693600,172160
2025-11-28,20,586500,82,162000,374400
2025-11-28,28,198360,73,165420,366080
2025-11-28,5,909500,118,80280,206400
2025-11-28,13,336300,118,149940,365440
2025-11-28,21,882300,55,215280,308800
2025-11-28,29,254980,78,212940,314240
2025-11-28,6,616250,72,195840,329280
2025-11-28,14,402040,88,191880,231360
2025-11-28,22,993650,42,138960,323520
2025-11-28,7,874650,53,141300,171840
2025-11-28,15,326040,122,177660,378560
2025-11-28,23,993650,65,101160,344960
2025-11-28,8,945200,67,179100,262080
2025-11-28,24,589050,58,110520,281920
2025-11-29,1,1300160,93,187560,290240
2025-11-29,17,435936,67,103320,300480
2025-11-29,25,339264,50,423000,243520
2025-11-29,2,1141040,101,87300,172160
2025-11-29,18,544160,83,151200,133760
2025-11-29,26,372096,58,210960,351040
2025-11-29,3,693600,72,193680,271360
2025-11-29,11,477280,44,494400,367360
2025-11-29,19,1234880,43,563400,273920
2025-11-29,27,372096,109,150120,278080
2025-11-29,4,1116560,102,123300,406400
2025-11-29,12,468160,73,258000,299520
2025-11-29,20,813280,71,171180,207360
2025-11-29,28,639008,63,200160,173760
2025-11-29,5,844560,82,176220,369600
2025-11-29,13,685824,48,127440,413120
2025-11-29,21,1298800,93,182520,246720
2025-11-29,29,378784,84,127980,162560
2025-11-29,6,743920,54,201780,245440
2025-11-29,14,701024,53,187560,297920
2025-11-29,22,1460640,89,129600,144000
2025-11-29,7,1445680,52,104760,401600
2025-11-29,15,707104,78,92160,367680
2025-11-29,23,952000,119,135360,312320
2025-11-29,8,794240,74,101160,131840
2025-11-29,24,1074400,48,116280,375360
2025-11-30,1,1566720,61,104760,185600
2025-11-30,17,589760,112,124020,243840
2025-11-30,25,670624,76,344400,282240
2025-11-30,2,1349120,100,136440,171200
2025-11-30,18,328928,100,138420,376640
2025-11-30,26,558752,89,106560,363200
2025-11-30,3,1410320,75,94680,313600
2025-11-30,11,565440,110,291600,341760
2025-11-30,19,1515040,97,380400,318720
2025-11-30,27,524096,52,105120,317440
2025-11-30,4,1354560,58,142380,375360
2025-11-30,12,424384,48,702000,300800
2025-11-30,20,1268880,79,174600,314240
2025-11-30,28,456000,95,167040,198080
2025-11-30,5,1623840,64,84240,187840
2025-11-30,13,502816,47,81540,176640
2025-11-30,21,772480,46,135180,407680
2025-11-30,29,420736,43,176220,325440
2025-11-30,6,1224000,96,87480,154880
2025-11-30,14,529568,116,91980,149760
2025-11-30,22,979200,111,117720,187840
2025-11-30,7,1343680,93,101520,330240
2025-11-30,15,453568,55,158760,266560
2025-11-30,23,1070320,84,101700,216320
2025-11-30,8,1543600,108,104760,341440
2025-11-30,24,1092080,106,181980,132480
2025-12-01,1,945200,94,78120,286400
2025-12-01,17,238260,74,173700,410560
2025-12-01,25,223440,121,672000,233280
2025-12-01,2,555050,48,169380,402560
2025-12-01,18,307800,92,89820,210880
2025-12-01,26,399760,81,146700,400000
2025-12-01,3,867850,60,162720,305920
2025-12-01,11,214700,73,561600,402880
2025-12-01,19,651950,70,255000,258880
2025-12-01,27,455240,54,87120,374720
2025-12-01,4,793900,93,210240,181440
2025-12-01,12,314260,78,328200,168000
2025-12-01,20,498100,98,165060,161280
2025-12-01,28,438900,80,89820,402240
2025-12-01,5,646850,87,171720,138240
2025-12-01,13,375820,91,169740,232960
2025-12-01,21,535500,117,123300,276160
2025-12-01,29,296780,97,150120,248960
2025-12-01,6,467500,86,170100,224640
2025-12-01,14,405460,53,142020,309440
2025-12-01,22,831300,59,158040,155200
2025-12-01,7,571200,57,83340,331200
2025-12-01,15,219640,49,163980,226240
2025-12-01,23,430950,47,125100,191360
2025-12-01,8,848300,49,180360,130560
2025-12-01,24,585650,121,103500,242560
2025-12-02,1,880600,68,155700,241280
2025-12-02,17,337060,83,143820,205120
2025-12-02,25,438900,119,586200,312320
2025-12-02,2,851700,97,184860,341760
2025-12-02,18,432060,81,180000,230080
2025-12-02,26,456000,48,215460,274240
2025-12-02,3,593300,84,108900,249600
2025-12-02,11,293360,42,431400,401920
2025-12-02,19,446250,117,342600,200960
2025-12-02,27,399380,107,124380,172160
2025-12-02,4,935000,121,157680,312320
2025-12-02,12,437760,112,436200,294720
2025-12-02,20,1008100,52,81540,348160
2025-12-02,28,437000,81,144540,320640
2025-12-02,5,640900,69,126900,192000
2025-12-02,13,432060,61,179100,348480
2025-12-02,21,452200,55,142380,141760
2025-12-02,29,402040,96,82980,349120
2025-12-02,6,913750,75,84960,278720
2025-12-02,14,330980,116,126180,352960
2025-12-02,22,821950,65,181620,264000
2025-12-02,7,503200,65,205560,385920
2025-12-02,15,280060,62,72360,319680
2025-12-02,23,930750,52,209880,303040
2025-12-02,8,940950,72,173340,413440
2025-12-02,24,557600,56,103500,179840
2025-12-03,1,901850,88,130860,398720
2025-12-03,17,199880,48,73080,199680
2025-12-03,25,456000,57,483600,322880
2025-12-03,2,801550,60,188640,266880
2025-12-03,18,308940,69,119700,206080
2025-12-03,26,321480,60,124380,363520
2025-12-03,3,951150,73,112680,259520
2025-12-03,11,314640,57,244200,135360
2025-12-03,19,501500,97,602400,372480
2025-12-03,27,363280,42,137880,240640
2025-12-03,4,727600,74,131400,276480
2025-12-03,12,425600,94,504000,364800
2025-12-03,20,815150,103,215280,135680
2025-12-03,28,391020,81,195480,297920
2025-12-03,5,560150,91,137340,356160
2025-12-03,13,197220,97,208260,312000
2025-12-03,21,660450,115,120780,208000
2025-12-03,29,444600,53,145080,319360
2025-12-03,6,992800,115,189000,279040
2025-12-03,14,303620,119,155160,414720
2025-12-03,22,676600,117,154980,398080
2025-12-03,7,786250,78,117720,378880
2025-12-03,15,311600,64,167580,218560
2025-12-03,23,946050,87,79200,141120
2025-12-03,8,526150,48,72180,174080
2025-12-03,24,574600,83,193500,167680
2025-12-04,1,454750,56,86400,364160
2025-12-04,17,396720,98,184860,277440
2025-12-04,25,210900,85,676800,153280
2025-12-04,2,899300,86,207000,231680
2025-12-04,18,418380,48,152640,272320
2025-12-04,26,270180,47,100080,373440
2025-12-04,3,550800,77,89820,322880
2025-12-04,11,402800,45,583200,149440
2025-12-04,19,973250,49,504600,142720
2025-12-04,27,443460,86,139320,411200
2025-12-04,4,735250,58,176580,407680
2025-12-04,12,325660,109,546600,302400
2025-12-04,20,991100,86,113220,296320
2025-12-04,28,286520,108,111780,353920
2025-12-04,5,922250,84,176400,185920
2025-12-04,13,364420,94,155880,343680
2025-12-04,21,799850,99,206280,392960
2025-12-04,29,278540,108,124020,249920
2025-12-04,6,575450,114,170640,191040
2025-12-04,14,198740,119,96480,407680
2025-12-04,22,634100,106,178200,396800
2025-12-04,7,481950,79,165060,263680
2025-12-04,15,260300,84,197100,406080
2025-12-04,23,443700,120,195480,215360
2025-12-04,8,956250,67,125820,261120
2025-12-04,24,572050,62,120060,328000
2025-12-05,1,523600,78,119700,306240
2025-12-05,17,264480,87,120780,240000
2025-12-05,25,383040,54,601800,241280
2025-12-05,2,719950,98,170640,349120
2025-12-05,18,265240,95,84420,271040
2025-12-05,26,365560,89,141120,353280
2025-12-05,3,480250,91,150660,280000
2025-12-05,11,418760,93,691200,253440
2025-12-05,19,995350,58,676800,134720
2025-12-05,27,317680,84,204840,296640
2025-12-05,4,950300,110,105120,166720
2025-12-05,12,278160,82,711000,296320
2025-12-05,20,933300,121,117540,224640
2025-12-05,28,241680,65,73440,167360
2025-12-05,5,534650,71,194040,148160
2025-12-05,13,193420,102,180540,173760
2025-12-05,21,994500,75,181440,170880
2025-12-05,29,191900,88,129600,182720
2025-12-05,6,505750,68,186840,246720
2025-12-05,14,312360,42,201780,257920
2025-12-05,22,825350,84,200880,404480
2025-12-05,7,992800,71,118440,250560
2025-12-05,15,324140,113,133380,258240
2025-12-05,23,481100,74,210240,285760
2025-12-05,8,530400,46,85680,188800
2025-12-05,24,982600,79,156600,284800
2025-12-06,1,968320,68,192780,148160
2025-12-06,17,625632,100,175860,383040
2025-12-06,25,362368,93,675600,224320
2025-12-06,2,752080,119,169740,304640
2025-12-06,18,468160,92,159660,400000
2025-12-06,26,412224,113,101700,248640
2025-12-06,3,1281120,72,196920,142400
2025-12-06,11,368448,112,589800,371520
2025-12-06,19,1104320,98,352200,315200
2025-12-06,27,431680,104,195840,351360
2025-12-06,4,1434800,54,103500,189440
2025-12-06,12,382432,97,595200,272320
2025-12-06,20,1429360,77,124560,153280
2025-12-06,28,556928,106,113220,316800
2025-12-06,5,1311040,116,73260,170560
2025-12-06,13,699200,118,120240,256960
2025-12-06,21,1006400,85,154800,139520
2025-12-06,29,490048,50,201600,176640
2025-12-06,6,1132880,103,199980,395200
2025-12-06,14,704064,91,199260,223040
2025-12-06,22,988720,97,204120,364160
2025-12-06,7,1475600,75,100080,222080
2025-12-06,15,679744,67,95040,136000
2025-12-06,23,1240320,96,198000,289280
2025-12-06,8,1324640,88,113580,370880
2025-12-06,24,1366800,44,115740,128640
2025-12-07,1,920720,57,153720,229120
2025-12-07,17,686432,56,207180,375360
2025-12-07,25,398848,101,630000,378240
2025-12-07,2,1422560,63,186840,249600
2025-12-07,18,594624,51,207720,309760
2025-12-07,26,589760,97,183420,314560
2025-12-07,3,1222640,106,93780,148480
2025-12-07,11,474240,115,256200,166400
2025-12-07,19,1294720,71,573000,295360
2025-12-07,27,401280,88,101880,234240
2025-12-07,4,1149200,86,103320,227200
2025-12-07,12,356896,108,478800,133120
2025-12-07,20,1564000,56,111780,135680
2025-12-07,28,699200,48,98820,260800
2025-12-07,5,709920,106,202860,264960
2025-12-07,13,667584,107,94680,371200
2025-12-07,21,697680,117,158040,390400
2025-12-07,29,575168,88,137520,179200
2025-12-07,6,1188640,100,90540,168320
2025-12-07,14,338048,45,130500,404160
2025-12-07,22,720800,76,108900,265280
2025-12-07,7,964240,76,104580,391680
2025-12-07,15,534432,59,111600,399360
2025-12-07,23,1466080,60,94140,265600
2025-12-07,8,1531360,48,105840,261760
2025-12-07,24,813280,53,197460,235520
2025-12-08,1,691900,121,97380,369280
2025-12-08,17,213560,49,151920,264000
2025-12-08,25,418000,111,268800,350400
2025-12-08,2,648550,81,88920,413120
2025-12-08,18,360240,77,117360,318400
2025-12-08,26,347320,53,140940,222080
2025-12-08,3,992800,73,75600,352640
2025-12-08,11,267140,49,331800,226240
2025-12-08,19,566100,112,536400,280640
2025-12-08,27,221920,66,146520,198400
2025-12-08,4,566950,42,205920,179840
2025-12-08,12,305520,69,659400,208640
2025-12-08,20,452200,52,161640,391040
2025-12-08,28,385700,100,143820,145920
2025-12-08,5,550800,89,166680,405120
2025-12-08,13,199120,83,209880,281920
2025-12-08,21,615400,54,82440,371200
2025-12-08,29,397860,119,102780,132800
2025-12-08,6,557600,74,98100,210560
2025-12-08,14,400900,98,206640,324480
2025-12-08,22,991950,67,140940,143040
2025-12-08,7,662150,59,149940,314240
2025-12-08,15,240540,54,136980,272320
2025-12-08,23,686800,93,82980,348160
2025-12-08,8,742050,94,104040,153280
2025-12-08,24,787950,87,202320,412800
2025-12-09,1,1006400,89,147780,205120
2025-12-09,17,278920,78,199620,293760
2025-12-09,25,207480,84,672000,353920
2025-12-09,2,749700,74,141840,191040
2025-12-09,18,268280,94,165420,266880
2025-12-09,26,275500,64,95760,132160
2025-12-09,3,968150,51,182340,276480
2025-12-09,11,387980,120,717000,400960
2025-12-09,19,710600,65,422400,390400
2025-12-09,27,286140,112,120420,404480
2025-12-09,4,453900,112,126360,168640
2025-12-09,12,413440,84,678000,243520
2025-12-09,20,467500,66,205560,356160
2025-12-09,28,275120,55,208800,346240
2025-12-09,5,643450,49,123660,344960
2025-12-09,13,383420,50,196920,414080
2025-12-09,21,442850,117,82080,373440
2025-12-09,29,269040,83,201960,242240
2025-12-09,6,626450,95,101520,233280
2025-12-09,14,373540,108,129420,334400
2025-12-09,22,765000,99,109080,192640
2025-12-09,7,429250,93,78660,171520
2025-12-09,15,310840,68,199260,225600
2025-12-09,23,652800,100,132120,407680
2025-12-09,8,790500,103,129600,171200
2025-12-09,24,1016600,68,212760,251520
2025-12-10,1,829600,49,131220,408960
2025-12-10,17,328320,79,85320,360320
2025-12-10,25,398620,46,430800,226560
2025-12-10,2,810050,118,171540,370560
2025-12-10,18,203680,67,163800,209600
2025-12-10,26,386080,116,151560,370560
2025-12-10,3,880600,75,177840,214080
2025-12-10,11,304380,47,352200,374720
2025-12-10,19,896750,81,437400,340800
2025-12-10,27,233700,113,149760,209920
2025-12-10,4,963050,54,143820,346560
2025-12-10,12,235980,66,487800,320000
2025-12-10,20,1019150,122,188460,254080
2025-12-10,28,220400,121,113580,405760
2025-12-10,5,939250,71,113760,400640
2025-12-10,13,221920,50,81180,285760
2025-12-10,21,803250,44,131760,247040
2025-12-10,29,255740,50,207900,269120
2025-12-10,6,431800,121,115920,256000
2025-12-10,14,304760,90,195840,332480
2025-12-10,22,960500,109,209880,359040
2025-12-10,7,567800,111,205920,141760
2025-12-10,15,401280,57,189000,353280
2025-12-10,23,685100,54,79020,394240
2025-12-10,8,754800,104,79560,140160
2025-12-10,24,778600,66,121140,207360
2025-12-11,1,599250,61,208980,179520
2025-12-11,17,194560,76,142380,185600
2025-12-11,25,383420,86,630600,240320
2025-12-11,2,825350,97,122220,354880
2025-12-11,18,327180,54,201240,355520
2025-12-11,26,278540,112,200160,262400
2025-12-11,3,748000,77,182520,356480
2025-12-11,11,209380,98,463800,167360
2025-12-11,19,892500,93,511800,219200
2025-12-11,27,433960,48,180720,325440
2025-12-11,4,901850,116,114840,370560
2025-12-11,12,350740,91,413400,176960
2025-12-11,20,895900,104,108360,331200
2025-12-11,28,440040,95,154260,346880
2025-12-11,5,549100,90,134280,194880
2025-12-11,13,239400,82,81360,229440
2025-12-11,21,1012350,42,87300,288320
2025-12-11,29,358720,118,92160,284480
2025-12-11,6,899300,103,185760,202240
2025-12-11,14,362900,110,147060,324160
2025-12-11,22,895050,68,188100,194880
2025-12-11,7,718250,77,114300,213760
2025-12-11,15,323000,53,92880,341440
2025-12-11,23,595000,121,140760,293760
2025-12-11,8,788800,98,160020,263040
2025-12-11,24,544850,111,176940,130880
2025-12-12,1,750550,105,129060,344000
2025-12-12,17,435100,122,161460,138880
2025-12-12,25,286140,85,427200,288640
2025-12-12,2,490450,121,103320,212800
2025-12-12,18,450680,122,94680,364160
2025-12-12,26,213940,51,133560,401920
2025-12-12,3,643450,98,162720,343040
2025-12-12,11,396720,105,618000,359680
2025-12-12,19,476850,55,289200,233920
2025-12-12,27,352260,122,134100,218560
2025-12-12,4,794750,52,94320,173760
2025-12-12,12,210900,110,338400,327360
2025-12-12,20,594150,56,178740,298560
2025-12-12,28,321860,64,187020,266560
2025-12-12,5,617950,107,194040,197120
2025-12-12,13,211280,55,80460,364800
2025-12-12,21,640900,69,169380,383680
2025-12-12,29,321860,92,178020,162880
2025-12-12,6,749700,79,94320,389120
2025-12-12,14,400900,53,78660,411520
2025-12-12,22,684250,99,203760,363520
2025-12-12,7,425000,116,127620,203520
2025-12-12,15,373920,46,138060,333120
2025-12-12,23,680850,106,77760,380160
2025-12-12,8,640050,47,177660,162880
2025-12-12,24,975800,100,136440,274560
2025-12-13,1,852720,121,176220,184960
2025-12-13,17,536864,49,187920,287680
2025-12-13,25,357504,51,720000,346560
2025-12-13,2,817360,114,76140,397440
2025-12-13,18,518016,54,121140,324480
2025-12-13,26,603136,118,113040,364160
2025-12-13,3,1172320,66,196020,184000
2025-12-13,11,634144,89,261600,216000
2025-12-13,19,786080,85,507000,348480
2025-12-13,27,590976,109,113760,332160
2025-12-13,4,1002320,86,99180,291200
2025-12-13,12,401280,94,682200,358720
2025-12-13,20,1494640,106,165600,255040
2025-12-13,28,657248,88,94500,376320
2025-12-13,5,1392640,51,104580,286080
2025-12-13,13,374528,75,131940,135360
2025-12-13,21,1623840,119,136620,169920
2025-12-13,29,535648,75,146160,156480
2025-12-13,6,1564000,121,132120,155200
2025-12-13,14,549632,45,186120,341440
2025-12-13,22,1321920,115,195480,190720
2025-12-13,7,931600,112,209340,215680
2025-12-13,15,430464,63,98280,386560
2025-12-13,23,1028160,59,158580,187840
2025-12-13,8,1139680,89,81720,199680
2025-12-13,24,689520,106,100260,291520
2025-12-14,1,1232160,93,142740,147840
2025-12-14,17,563616,75,196740,161280
2025-12-14,25,471200,86,370800,410880
2025-12-14,2,1119280,75,122580,303680
2025-12-14,18,707712,85,171360,378240
2025-12-14,26,536864,109,157860,325440
2025-12-14,3,837760,68,82440,334080
2025-12-14,11,663936,80,609600,348160
2025-12-14,19,1444320,63,460800,162880
2025-12-14,27,724736,84,211860,286400
2025-12-14,4,1626560,95,126000,288960
2025-12-14,12,711360,75,318600,193920
2025-12-14,20,730320,43,78840,407360
2025-12-14,28,676096,77,154440,202560
2025-12-14,5,1383120,55,160200,248320
2025-12-14,13,333792,96,212220,269760
2025-12-14,21,1298800,96,124380,260800
2025-12-14,29,670624,115,148860,182080
2025-12-14,6,1135600,77,142740,226880
2025-12-14,14,591584,103,108180,256000
2025-12-14,22,1573520,66,196560,299840
2025-12-14,7,1228080,77,124200,204160
2025-12-14,15,666368,95,90180,369920
2025-12-14,23,1627920,118,187920,407360
2025-12-14,8,1170960,115,121320,253120
2025-12-14,24,826880,117,190800,140800
2025-12-15,1,996200,117,95580,223360
2025-12-15,17,318440,78,144540,251200
2025-12-15,25,391020,56,408000,335040
2025-12-15,2,461550,117,158040,341760
2025-12-15,18,445360,105,140760,352000
2025-12-15,26,316540,107,210240,280640
2025-12-15,3,812600,75,122400,158720
2025-12-15,11,297160,106,282000,173120
2025-12-15,19,555900,78,297600,352000
2025-12-15,27,361380,99,92340,182720
2025-12-15,4,680000,61,164520,346240
2025-12-15,12,375440,67,301800,286720
2025-12-15,20,759900,95,116820,318080
2025-12-15,28,309320,109,169200,318400
2025-12-15,5,545700,93,81900,212480
2025-12-15,13,296400,55,216000,296960
2025-12-15,21,759050,102,163440,160640
2025-12-15,29,408120,68,102420,287680
2025-12-15,6,923100,44,129420,338560
2025-12-15,14,428260,112,151020,219840
2025-12-15,22,458150,70,186480,184320
2025-12-15,7,750550,89,203940,389120
2025-12-15,15,311980,114,107640,226880
2025-12-15,23,744600,103,123120,244160
2025-12-15,8,519350,64,149040,132800
2025-12-15,24,427550,77,88380,258560
2025-12-16,1,773500,78,204300,327040
2025-12-16,17,299060,86,160920,236160
2025-12-16,25,281200,71,354600,229760
2025-12-16,2,651950,86,108540,290240
2025-12-16,18,324900,52,131940,335040
2025-12-16,26,435100,120,121320,289920
2025-12-16,3,1010650,111,105300,284160
2025-12-16,11,373920,69,579000,160320
2025-12-16,19,692750,50,651600,260480
2025-12-16,27,433580,64,124740,370240
2025-12-16,4,965600,53,203400,268160
2025-12-16,12,437760,66,676800,237760
2025-12-16,20,847450,73,186300,182080
2025-12-16,28,253080,77,214560,158400
2025-12-16,5,800700,68,96840,316480
2025-12-16,13,340480,94,183960,236800
2025-12-16,21,644300,64,132120,157120
2025-12-16,29,305140,54,197820,192960
2025-12-16,6,889100,71,189000,128640
2025-12-16,14,215080,87,75420,217280
2025-12-16,22,849150,66,136080,394880
2025-12-16,7,1007250,121,173520,296320
2025-12-16,15,267140,94,72360,308800
2025-12-16,23,635800,42,75060,243520
2025-12-16,8,792200,68,123480,393280
2025-12-16,24,859350,103,181980,351040
2025-12-17,1,920550,42,211680,331520
2025-12-17,17,203680,61,202320,320000
2025-12-17,25,300580,70,466800,163840
2025-12-17,2,570350,85,204660,416000
2025-12-17,18,263340,114,134820,400960
2025-12-17,26,456000,44,125460,157120
2025-12-17,3,747150,86,123840,192320
2025-12-17,11,280440,54,648000,411200
2025-12-17,19,560150,105,598200,139840
2025-12-17,27,264100,55,83340,292800
2025-12-17,4,909500,42,118980,146240
2025-12-17,12,419900,79,507600,206720
2025-12-17,20,697000,120,161100,278720
2025-12-17,28,373160,91,189000,242560
2025-12-17,5,821950,70,172800,300480
2025-12-17,13,357960,53,86940,349760
2025-12-17,21,494700,77,182160,173760
2025-12-17,29,384560,53,145080,363840
2025-12-17,6,748850,88,199440,330240
2025-12-17,14,322620,68,141480,274560
2025-12-17,22,893350,77,167220,181120
2025-12-17,7,549950,54,186300,186880
2025-12-17,15,284620,80,188820,195840
2025-12-17,23,715700,63,154080,321280
2025-12-17,8,433500,101,140220,289280
2025-12-17,24,980050,110,213660,183680
2025-12-18,1,995350,44,75780,301760
2025-12-18,17,328320,42,134640,388160
2025-12-18,25,191520,83,632400,268800
2025-12-18,2,677450,74,109620,321920
2025-12-18,18,325660,99,91620,179520
2025-12-18,26,289180,74,126720,346880
2025-12-18,3,549950,63,148680,317440
2025-12-18,11,443080,70,564000,135680
2025-12-18,19,615400,81,283800,383360
2025-12-18,27,395200,92,92160,217920
2025-12-18,4,646850,102,79740,329920
2025-12-18,12,200260,44,447000,157120
2025-12-18,20,770100,49,199620,381120
2025-12-18,28,281200,60,89460,200320
2025-12-18,5,627300,112,109800,134400
2025-12-18,13,302480,85,213840,158080
2025-12-18,21,466650,79,174960,184000
2025-12-18,29,432440,121,198540,215680
2025-12-18,6,823650,94,129960,401280
2025-12-18,14,223060,59,97200,248960
2025-12-18,22,874650,84,130860,132800
2025-12-18,7,513400,50,114120,392320
2025-12-18,15,315400,70,200160,284480
2025-12-18,23,938400,53,88740,144960
2025-12-18,8,764150,42,94500,230720
2025-12-18,24,793900,89,121860,247040
2025-12-19,1,450500,65,212760,396800
2025-12-19,17,375440,87,213300,205440
2025-12-19,25,201400,116,290400,305600
2025-12-19,2,526150,80,83340,231040
2025-12-19,18,342760,119,200880,266880
2025-12-19,26,370500,94,145980,225920
2025-12-19,3,922250,78,187200,279360
2025-12-19,11,261820,45,285000,402560
2025-12-19,19,844050,88,340800,251520
2025-12-19,27,243580,97,192420,206720
2025-12-19,4,882300,86,100260,345600
2025-12-19,12,430160,109,604200,268800
2025-12-19,20,759900,106,185400,264640
2025-12-19,28,286900,46,149220,336320
2025-12-19,5,730150,89,139320,252480
2025-12-19,13,443080,121,164700,232320
2025-12-19,21,818550,53,182700,400320
2025-12-19,29,255740,104,112140,183680
2025-12-19,6,585650,71,209520,203840
2025-12-19,14,395960,97,207900,261440
2025-12-19,22,922250,79,166140,343360
2025-12-19,7,971550,53,188100,285440
2025-12-19,15,221160,46,138960,217920
2025-12-19,23,925650,101,101520,275520
2025-12-19,8,624750,55,87300,144000
2025-12-19,24,436900,96,79020,257600
2025-12-20,1,966960,104,196920,198720
2025-12-20,17,397024,98,91260,307520
2025-12-20,25,387904,70,348600,246080
2025-12-20,2,1434800,50,210420,320640
2025-12-20,18,579424,44,159480,156800
2025-12-20,26,358720,47,92880,305920
2025-12-20,3,1350480,57,207180,177600
2025-12-20,11,500384,54,368400,305920
2025-12-20,19,716720,116,498600,202560
2025-12-20,27,645696,117,94320,142400
2025-12-20,4,1430720,51,185040,246400
2025-12-20,12,417088,95,679200,235840
2025-12-20,20,1030880,70,92160,179840
2025-12-20,28,575168,68,92160,136000
2025-12-20,5,1187280,119,166680,370240
2025-12-20,13,678528,71,189360,170240
2025-12-20,21,852720,120,167760,359360
2025-12-20,29,724128,46,213480,396160
2025-12-20,6,915280,74,149760,363520
2025-12-20,14,420736,80,127980,180480
2025-12-20,22,1315120,47,73260,339200
2025-12-20,7,1413040,105,205920,160960
2025-12-20,15,708928,48,133380,132800
2025-12-20,23,1173680,56,122580,171200
2025-12-20,8,1256640,76,202500,367360
2025-12-20,24,1034960,45,126540,289600
2025-12-21,1,716720,42,157140,395840
2025-12-21,17,721088,122,185040,290880
2025-12-21,25,434720,101,269400,145600
2025-12-21,2,1614320,117,182160,183680
2025-12-21,18,673664,82,86760,295360
2025-12-21,26,374528,74,187920,376320
2025-12-21,3,1362720,47,151560,136960
2025-12-21,11,310688,89,277800,407040
2025-12-21,19,1366800,62,711600,133440
2025-12-21,27,438976,74,203760,271680
2025-12-21,4,1010480,83,161280,327680
2025-12-21,12,687648,69,305400,163200
2025-12-21,20,1256640,86,204120,173120
2025-12-21,28,370880,51,97380,259200
2025-12-21,5,772480,47,167220,296000
2025-12-21,13,697376,111,120420,326720
2025-12-21,21,960160,51,144540,235520
2025-12-21,29,576384,71,92160,251520
2025-12-21,6,839120,115,126900,170880
2025-12-21,14,528352,60,83520,253120
2025-12-21,22,1032240,58,93960,408640
2025-12-21,7,1577600,91,78300,335680
2025-12-21,15,597056,84,164520,207680
2025-12-21,23,1539520,69,151380,248640
2025-12-21,8,1370880,80,144360,145600
2025-12-21,24,1402160,76,204120,131200
2025-12-22,1,847450,107,101340,224320
2025-12-22,17,328700,90,174780,314880
2025-12-22,25,332120,69,658800,351680
2025-12-22,2,659600,87,82980,134720
2025-12-22,18,360620,64,176940,341440
2025-12-22,26,394440,94,72000,404800
2025-12-22,3,859350,75,72540,159360
2025-12-22,11,335160,57,282600,412800
2025-12-22,19,810050,115,334800,274880
2025-12-22,27,383420,113,148860,402560
2025-12-22,4,777750,114,148320,252800
2025-12-22,12,350740,62,464400,344960
2025-12-22,20,431800,111,138240,221120
2025-12-22,28,250040,103,119340,407680
2025-12-22,5,477700,116,212220,199360
2025-12-22,13,361760,90,146700,133120
2025-12-22,21,490450,108,181080,177280
2025-12-22,29,312740,88,163440,320320
2025-12-22,6,946900,96,156240,408320
2025-12-22,14,340480,96,130680,153920
2025-12-22,22,902700,118,112320,154240
2025-12-22,7,991100,51,130140,383360
2025-12-22,15,218120,103,139680,145280
2025-12-22,23,942650,69,191160,164480
2025-12-22,8,645150,88,119160,196480
2025-12-22,24,614550,94,176040,183360
2025-12-23,1,1001300,67,188460,136640
2025-12-23,17,332880,103,81540,168960
2025-12-23,25,299820,47,706800,137280
2025-12-23,2,592450,54,196740,285760
2025-12-23,18,391020,73,159120,398080
2025-12-23,26,378860,56,139860,335360
2025-12-23,3,929050,88,208980,307520
2025-12-23,11,338200,96,535200,399360
2025-12-23,19,896750,59,358800,221760
2025-12-23,27,386080,106,118260,201280
2025-12-23,4,718250,69,184320,355200
2025-12-23,12,261060,114,376800,262080
2025-12-23,20,534650,119,128340,374400
2025-12-23,28,389120,64,142920,342080
2025-12-23,5,695300,67,104580,416000
2025-12-23,13,198740,83,167580,262720
2025-12-23,21,513400,45,207360,388160
2025-12-23,29,210140,118,156960,305600
2025-12-23,6,823650,69,104040,162560
2025-12-23,14,292220,120,109080,231040
2025-12-23,22,804100,106,207900,253120
2025-12-23,7,733550,70,102060,150080
2025-12-23,15,417240,118,197280,364480
2025-12-23,23,900150,50,119880,226560
2025-12-23,8,901000,43,134100,374720
2025-12-23,24,915450,84,96120,203520
2025-12-24,1,902700,99,77400,301760
2025-12-24,17,407360,86,162360,303040
2025-12-24,25,442700,50,673800,385280
2025-12-24,2,853400,50,197640,280640
2025-12-24,18,242440,110,183420,160000
2025-12-24,26,329080,122,204660,409280
2025-12-24,3,949450,100,131220,263040
2025-12-24,11,250040,95,307200,133440
2025-12-24,19,850000,120,642000,151360
2025-12-24,27,198740,89,92700,150400
2025-12-24,4,964750,83,179100,347520
2025-12-24,12,444980,94,471000,415680
2025-12-24,20,619650,72,213120,129600
2025-12-24,28,389120,79,179280,404160
2025-12-24,5,971550,78,183060,369920
2025-12-24,13,440420,55,193320,243200
2025-12-24,21,504900,99,210780,362880
2025-12-24,29,270560,71,72900,214400
2025-12-24,6,509150,58,115200,282240
2025-12-24,14,263340,58,90360,321920
2025-12-24,22,634100,76,139500,334080
2025-12-24,7,986850,49,107820,261440
2025-12-24,15,378860,58,186660,409920
2025-12-24,23,941800,67,153720,184320
2025-12-24,8,997900,68,84240,322240
2025-12-24,24,510850,91,175680,239040
2025-12-25,1,909500,78,147420,184320
2025-12-25,17,299060,49,189180,297280
2025-12-25,25,309700,60,418200,393920
2025-12-25,2,715700,86,151740,194240
2025-12-25,18,427120,113,159660,193280
2025-12-25,26,270560,104,118980,242560
2025-12-25,3,566950,111,140040,212800
2025-12-25,11,324140,69,433200,304000
2025-12-25,19,917150,42,298800,313280
2025-12-25,27,220400,78,111780,391040
2025-12-25,4,433500,115,158040,304320
2025-12-25,12,315780,52,702600,402880
2025-12-25,20,941800,77,100080,384960
2025-12-25,28,372020,73,89460,179840
2025-12-25,5,740350,99,140400,159040
2025-12-25,13,209760,104,110700,262720
2025-12-25,21,663850,54,168480,387200
2025-12-25,29,196460,56,209700,249920
2025-12-25,6,810900,94,137880,166720
2025-12-25,14,351120,44,167220,401920
2025-12-25,22,446250,112,167400,404480
2025-12-25,7,571200,69,181260,248320
2025-12-25,15,396720,106,76500,265280
2025-12-25,23,425000,74,110700,352320
2025-12-25,8,595000,72,110160,132800
2025-12-25,24,634100,46,127800,287360
2025-12-26,1,536350,94,166320,298880
2025-12-26,17,252320,60,148140,384640
2025-12-26,25,210140,104,241200,128320
2025-12-26,2,443700,65,147600,183680
2025-12-26,18,327940,105,207000,416000
2025-12-26,26,412680,53,132300,248320
2025-12-26,3,795600,43,76860,343040
2025-12-26,11,348840,78,615600,295040
2025-12-26,19,509150,119,447600,157120
2025-12-26,27,212800,60,105660,305280
2025-12-26,4,697000,80,140940,388160
2025-12-26,12,254600,58,705600,172480
2025-12-26,20,438600,56,73440,143680
2025-12-26,28,370880,71,160200,219520
2025-12-26,5,482800,63,155520,339840
2025-12-26,13,380380,96,188640,319040
2025-12-26,21,821950,111,132660,257600
2025-12-26,29,254220,108,198180,321280
2025-12-26,6,886550,59,136260,386240
2025-12-26,14,448780,44,188280,320320
2025-12-26,22,708050,77,99180,132160
2025-12-26,7,926500,81,73080,296960
2025-12-26,15,278160,101,130500,321600
2025-12-26,23,702100,94,181260,381760
2025-12-26,8,1013200,108,190440,128000
2025-12-26,24,905250,43,104940,286400
2025-12-27,1,1600720,89,103860,265920
2025-12-27,17,681568,56,117900,328000
2025-12-27,25,406752,70,288000,145280
2025-12-27,2,1355920,107,201240,321920
2025-12-27,18,477280,53,199440,265600
2025-12-27,26,643264,116,175320,234880
2025-12-27,3,1408960,42,187740,324800
2025-12-27,11,432896,78,328800,254720
2025-12-27,19,953360,54,567600,226560
2025-12-27,27,467552,49,156420,319680
2025-12-27,4,922080,112,158760,414720
2025-12-27,12,436544,105,559800,238080
2025-12-27,20,1610240,100,191340,217280
2025-12-27,28,616512,58,189000,156800
2025-12-27,5,1225360,80,169560,248000
2025-12-27,13,419520,50,189540,358400
2025-12-27,21,1274320,54,109980,166400
2025-12-27,29,428032,112,75240,318080
2025-12-27,6,912560,107,185580,183680
2025-12-27,14,660896,95,169920,133120
2025-12-27,22,1286560,115,78300,219840
2025-12-27,7,938400,80,137340,200320
2025-12-27,15,724736,103,93600,383680
2025-12-27,23,1340960,89,127980,401920
2025-12-27,8,693600,102,205200,128320
2025-12-27,24,1357280,102,215640,368640
2025-12-28,1,1584400,58,143100,332160
2025-12-28,17,432896,107,197100,139840
2025-12-28,25,686432,100,627000,335040
2025-12-28,2,696320,51,112860,282240
2025-12-28,18,576992,87,144180,175040
2025-12-28,26,493088,102,123660,384320
2025-12-28,3,1615680,118,167760,341120
2025-12-28,11,323456,104,348000,329920
2025-12-28,19,1577600,122,613800,256000
2025-12-28,27,575776,87,173520,269440
2025-12-28,4,905760,44,159120,218240
2025-12-28,12,457824,96,477000,290880
2025-12-28,20,723520,45,187380,201600
2025-12-28,28,328320,99,110340,161920
2025-12-28,5,1523200,70,101340,411200
2025-12-28,13,561184,118,82080,314240
2025-12-28,21,1011840,108,94680,356480
2025-12-28,29,550240,101,173340,296320
2025-12-28,6,1596640,44,147420,373760
2025-12-28,14,336832,53,206100,361280
2025-12-28,22,1385840,46,110160,343680
2025-12-28,7,1025440,59,200340,352000
2025-12-28,15,447488,122,159300,284480
2025-12-28,23,708560,95,137520,414720
2025-12-28,8,1312400,116,169200,185920
2025-12-28,24,1508240,43,199260,205440
2025-12-29,1,613700,98,126540,293760
2025-12-29,17,253840,83,205200,250880
2025-12-29,25,263720,111,424200,264320
2025-12-29,2,556750,66,96300,220160
2025-12-29,18,286900,56,159480,341760
2025-12-29,26,354920,60,129960,365120
2025-12-29,3,611150,72,104940,340800
2025-12-29,11,225720,103,502800,135040
2025-12-29,19,961350,51,628800,288320
2025-12-29,27,319200,78,193140,342720
2025-12-29,4,906950,60,192420,259840
2025-12-29,12,307420,119,247800,239680
2025-12-29,20,754800,90,163260,324480
2025-12-29,28,378100,46,72180,247680
2025-12-29,5,878900,74,108180,414080
2025-12-29,13,281960,76,110340,162880
2025-12-29,21,468350,81,117540,178560
2025-12-29,29,282720,88,85140,133440
2025-12-29,6,644300,55,88380,155200
2025-12-29,14,449540,103,139860,182080
2025-12-29,22,994500,69,160380,153280
2025-12-29,7,741200,114,125460,172160
2025-12-29,15,236740,82,128160,135360
2025-12-29,23,799000,97,138600,336960
2025-12-29,8,810050,66,156780,185920
2025-12-29,24,525300,47,113040,342400
2025-12-30,1,566100,66,188280,322880
2025-12-30,17,373540,118,156780,288000
2025-12-30,25,289940,50,630600,151360
2025-12-30,2,961350,66,165060,136960
2025-12-30,18,227620,118,116820,166080
2025-12-30,26,308180,121,186840,338880
2025-12-30,3,697000,64,126900,193920
2025-12-30,11,323380,87,647400,188160
2025-12-30,19,869550,51,386400,154880
2025-12-30,27,252320,104,140220,207680
2025-12-30,4,953700,113,160380,414400
2025-12-30,12,262200,90,579000,218560
2025-12-30,20,586500,70,154440,142080
2025-12-30,28,320340,108,109980,244800
2025-12-30,5,487050,44,123480,287680
2025-12-30,13,219640,73,93780,222080
2025-12-30,21,798150,114,111960,309440
2025-12-30,29,329840,51,199620,192000
2025-12-30,6,434350,67,207180,221760
2025-12-30,14,379240,97,172440,152000
2025-12-30,22,741200,118,153720,345600
2025-12-30,7,962200,52,116280,137280
2025-12-30,15,192280,70,143820,401920
2025-12-30,23,454750,99,193500,171840
2025-12-30,8,623900,91,154260,273600
2025-12-30,24,621350,94,203220,404480
2025-12-31,1,878050,54,168300,395520
2025-12-31,17,318440,82,78120,230720
2025-12-31,25,223440,84,541800,357760
2025-12-31,2,564400,68,114120,380160
2025-12-31,18,328700,102,146520,280000
2025-12-31,26,205200,82,111960,339840
2025-12-31,3,814300,95,203220,335360
2025-12-31,11,249660,54,382800,256000
2025-12-31,19,617950,104,605400,412480
2025-12-31,27,369360,80,93060,353920
2025-12-31,4,572900,97,205560,200000
2025-12-31,12,215080,76,386400,284480
2025-12-31,20,599250,90,173160,183040
2025-12-31,28,310840,91,98640,189440
2025-12-31,5,928200,55,175320,147520
2025-12-31,13,298680,53,131940,327360
2025-12-31,21,775200,60,87660,368640
2025-12-31,29,216220,79,118800,342720
2025-12-31,6,585650,87,130500,284160
2025-12-31,14,249660,89,152460,174400
2025-12-31,22,548250,79,81180,142720
2025-12-31,7,597550,59,99360,162240
2025-12-31,15,199500,46,179280,400960
2025-12-31,23,858500,94,182160,290560
2025-12-31,8,446250,55,150480,207040
2025-12-31,24,499800,118,212580,239040
2026-01-01,1,869550,47,92700,383360
2026-01-01,17,370880,96,173880,321280
2026-01-01,25,418000,57,494400,184320
2026-01-01,2,430950,120,168480,196480
2026-01-01,18,387600,81,187380,190720
2026-01-01,26,283860,76,95760,229120
2026-01-01,3,599250,94,88740,378240
2026-01-01,11,205200,78,307800,139840
2026-01-01,19,989400,46,267000,310400
2026-01-01,27,360240,43,79380,139840
2026-01-01,4,810050,85,181980,224320
2026-01-01,12,321100,66,557400,224320
2026-01-01,20,652800,87,87300,229120
2026-01-01,28,193800,77,210780,353600
2026-01-01,5,563550,82,116820,292160
2026-01-01,13,238640,76,178920,362560
2026-01-01,21,736950,115,137880,340800
2026-01-01,29,318440,69,214020,350400
2026-01-01,6,900150,74,178920,273920
2026-01-01,14,219640,53,159480,364800
2026-01-01,22,916300,47,139500,388160
2026-01-01,7,499800,114,129960,414400
2026-01-01,15,452200,93,174240,412480
2026-01-01,23,527000,101,121500,192960
2026-01-01,8,735250,117,86040,285120
2026-01-01,24,808350,59,135540,192960
2026-01-02,1,538900,51,192240,177280
2026-01-02,17,193800,106,213120,290880
2026-01-02,25,212800,92,389400,409920
2026-01-02,2,491300,104,187200,314560
2026-01-02,18,324900,55,76320,244480
2026-01-02,26,257640,102,124560,160960
2026-01-02,3,532100,55,206280,174400
2026-01-02,11,274740,81,678600,149440
2026-01-02,19,769250,92,357600,170880
2026-01-02,27,270940,82,188460,276800
2026-01-02,4,610300,95,152460,208320
2026-01-02,12,238640,81,550200,351680
2026-01-02,20,987700,57,84240,287360
2026-01-02,28,275880,121,86040,152960
2026-01-02,5,1017450,51,134640,388800
2026-01-02,13,303240,42,139140,270080
2026-01-02,21,879750,47,162540,236160
2026-01-02,29,221160,80,124560,189760
2026-01-02,6,971550,89,171900,294080
2026-01-02,14,425220,70,75060,139840
2026-01-02,22,646850,81,108900,232640
2026-01-02,7,542300,98,197100,185280
2026-01-02,15,321100,103,150660,224640
2026-01-02,23,869550,50,189180,135680
2026-01-02,8,983450,122,90540,229120
2026-01-02,24,634100,79,190260,189120
2026-01-03,1,1466080,75,128700,386880
2026-01-03,17,481536,104,198900,176960
2026-01-03,25,452352,54,397800,273600
2026-01-03,2,1251200,116,89100,253760
2026-01-03,18,312512,110,94680,131200
2026-01-03,26,536256,121,135900,168960
2026-01-03,3,953360,46,108180,381760
2026-01-03,11,393376,78,717600,169920
2026-01-03,19,932960,111,243600,391040
2026-01-03,27,352640,80,147420,273600
2026-01-03,4,1467440,122,204840,380480
2026-01-03,12,377568,58,481200,215360
2026-01-03,20,1527280,63,93420,172800
2026-01-03,28,544160,105,120060,389440
2026-01-03,5,1452480,120,115200,222080
2026-01-03,13,686432,52,72000,270720
2026-01-03,21,1508240,62,155520,388160
2026-01-03,29,426816,95,209700,234880
2026-01-03,6,1577600,96,162180,232960
2026-01-03,14,307040,98,205920,191360
2026-01-03,22,1429360,56,214020,255680
2026-01-03,7,1022720,93,109080,273920
2026-01-03,15,553888,122,172080,401920
2026-01-03,23,966960,67,201960,243840
2026-01-03,8,860880,80,76140,225280
2026-01-03,24,1436160,106,191520,251520
2026-01-04,1,829600,86,137160,308160
2026-01-04,17,593408,80,142740,192640
2026-01-04,25,414656,93,265200,373440
2026-01-04,2,1119280,95,133380,134080
2026-01-04,18,370272,52,157680,402880
2026-01-04,26,324064,56,107460,302720
2026-01-04,3,1033600,60,120600,215680
2026-01-04,11,711360,55,337800,405760
2026-01-04,19,722160,67,603000,383680
2026-01-04,27,623200,65,184140,363200
2026-01-04,4,1327360,101,135360,186880
2026-01-04,12,516800,111,628200,265920
2026-01-04,20,1192720,115,91980,252480
2026-01-04,28,632928,114,175140,208960
2026-01-04,5,798320,91,82800,207360
2026-01-04,13,474848,113,159120,393280
2026-01-04,21,907120,62,106380,232640
2026-01-04,29,322848,112,108000,213760
2026-01-04,6,1377680,99,171900,223040
2026-01-04,14,568480,48,122400,267200
2026-01-04,22,935680,76,135180,328320
2026-01-04,7,1218560,84,76320,281280
2026-01-04,15,524704,59,90720,320640
2026-01-04,23,1494640,79,203040,137600
2026-01-04,8,1294720,97,177300,392320
2026-01-04,24,856800,45,165960,344000
2026-01-05,1,748850,108,166320,298880
2026-01-05,17,247380,49,111960,347200
2026-01-05,25,209760,82,481200,156800
2026-01-05,2,425000,60,155340,215040
2026-01-05,18,251560,108,209520,357760
2026-01-05,26,349220,56,188640,304000
2026-01-05,3,978350,50,145440,193280
2026-01-05,11,248140,105,531000,377280
2026-01-05,19,832150,48,363600,129600
2026-01-05,27,367460,114,104400,386560
2026-01-05,4,987700,47,111060,372800
2026-01-05,12,393680,100,519600,392960
2026-01-05,20,754800,87,80820,246720
2026-01-05,28,376960,66,213840,210880
2026-01-05,5,605200,111,182160,301440
2026-01-05,13,272840,69,78300,325440
2026-01-05,21,921400,72,146340,179520
2026-01-05,29,276640,75,192240,317120
2026-01-05,6,612850,120,135540,297280
2026-01-05,14,379240,57,190620,378880
2026-01-05,22,499800,94,170460,203840
2026-01-05,7,736950,101,169920,359040
2026-01-05,15,445360,81,104400,275520
2026-01-05,23,623900,44,81360,135680
2026-01-05,8,654500,116,189360,332160
2026-01-05,24,804950,46,77580,348480
2026-01-06,1,882300,113,148140,195520
2026-01-06,17,236740,65,126900,364800
2026-01-06,25,222680,56,328800,255680
2026-01-06,2,533800,69,203400,159360
2026-01-06,18,237120,75,184140,345600
2026-01-06,26,418000,52,87660,407040
2026-01-06,3,857650,119,155700,134400
2026-01-06,11,446880,96,380400,351040
2026-01-06,19,570350,69,616200,181440
2026-01-06,27,212800,79,87300,248960
2026-01-06,4,674900,112,186300,298240
2026-01-06,12,311600,106,267600,293120
2026-01-06,20,793050,112,131220,249600
2026-01-06,28,190000,69,191880,405760
2026-01-06,5,833000,70,153540,356480
2026-01-06,13,346180,53,207000,317120
2026-01-06,21,1007250,110,154800,410880
2026-01-06,29,435100,76,81720,415360
2026-01-06,6,464950,88,111600,375040
2026-01-06,14,436240,101,206100,312000
2026-01-06,22,700400,56,131400,133760
2026-01-06,7,860200,114,137880,395200
2026-01-06,15,351120,69,93780,401280
2026-01-06,23,842350,106,144540,292800
2026-01-06,8,849150,46,124920,160000
2026-01-06,24,542300,66,82440,369600
2026-01-07,1,751400,73,81360,263360
2026-01-07,17,427120,50,125460,331840
2026-01-07,25,432820,45,703200,198400
2026-01-07,2,955400,79,196560,359680
2026-01-07,18,455620,66,188460,364480
2026-01-07,26,416100,74,136800,162240
2026-01-07,3,825350,99,213300,300160
2026-01-07,11,294120,50,375600,184320
2026-01-07,19,587350,119,385800,258560
2026-01-07,27,253460,79,167220,321280
2026-01-07,4,559300,107,216000,186880
2026-01-07,12,336680,106,627000,381440
2026-01-07,20,483650,116,131040,206080
2026-01-07,28,434340,76,150840,357440
2026-01-07,5,474300,117,143460,141440
2026-01-07,13,335920,63,76680,345280
2026-01-07,21,677450,69,200520,358400
2026-01-07,29,340480,79,147240,261440
2026-01-07,6,898450,65,202860,128960
2026-01-07,14,240920,42,82260,160640
2026-01-07,22,1010650,75,88740,284160
2026-01-07,7,928200,120,130680,199360
2026-01-07,15,406980,101,210600,346560
2026-01-07,23,440300,73,151920,346880
2026-01-07,8,752250,111,174960,128960
2026-01-07,24,537200,57,164160,271680
2026-01-08,1,892500,48,190260,152000
2026-01-08,17,300960,58,75780,385600
2026-01-08,25,389120,110,283200,382080
2026-01-08,2,742050,59,120600,259840
2026-01-08,18,308940,122,140760,273920
2026-01-08,26,358340,111,206100,306240
2026-01-08,3,889950,71,108540,298880
2026-01-08,11,362520,121,297600,251200
2026-01-08,19,834700,103,597000,179200
2026-01-08,27,195320,47,82080,299520
2026-01-08,4,535500,91,166860,176960
2026-01-08,12,274740,90,307800,220480
2026-01-08,20,703800,72,133560,381120
2026-01-08,28,253840,62,185400,176000
2026-01-08,5,1008950,45,195480,133760
2026-01-08,13,326420,55,118080,232320
2026-01-08,21,677450,80,208260,167360
2026-01-08,29,431300,84,137880,278720
2026-01-08,6,995350,99,122760,366400
2026-01-08,14,420660,91,75240,305920
2026-01-08,22,560150,42,144180,245760
2026-01-08,7,866150,101,183780,201920
2026-01-08,15,220400,120,165780,323200
2026-01-08,23,925650,43,87120,176640
2026-01-08,8,490450,64,171180,143680
2026-01-08,24,566950,86,108900,271040
2026-01-09,1,600100,63,98460,355840
2026-01-09,17,273220,103,160380,156480
2026-01-09,25,430160,55,567600,226240
2026-01-09,2,718250,95,112500,138240
2026-01-09,18,400900,98,88020,313600
2026-01-09,26,207480,95,84960,354240
2026-01-09,3,579700,69,172260,148800
2026-01-09,11,446500,91,693000,135680
2026-01-09,19,745450,61,390600,193280
2026-01-09,27,190000,89,96840,213760
2026-01-09,4,647700,73,192240,289920
2026-01-09,12,360620,118,441600,204480
2026-01-09,20,686800,66,149220,277440
2026-01-09,28,430920,58,192240,158400
2026-01-09,5,946900,91,83340,332800
2026-01-09,13,336300,108,147600,401600
2026-01-09,21,591600,105,139500,346880
2026-01-09,29,351120,62,120060,282880
2026-01-09,6,457300,57,127800,373760
2026-01-09,14,204440,121,184860,204480
2026-01-09,22,770100,65,97920,135680
2026-01-09,7,747150,118,138060,398080
2026-01-09,15,392920,48,91260,249920
2026-01-09,23,471750,62,169740,276160
2026-01-09,8,659600,56,113220,290560
2026-01-09,24,972400,54,163980,181440
2026-01-10,1,886720,88,193680,310400
2026-01-10,17,365408,43,105840,216000
2026-01-10,25,432896,102,272400,272960
2026-01-10,2,1606160,42,203580,179520
2026-01-10,18,711968,96,191160,414080
2026-01-10,26,398240,117,125100,353600
2026-01-10,3,1381760,61,182520,301120
2026-01-10,11,490048,107,621000,184320
2026-01-10,19,1141040,77,272400,253760
2026-01-10,27,583072,73,175140,303680
2026-01-10,4,1400800,75,121860,309120
2026-01-10,12,434112,49,379200,354240
2026-01-10,20,1346400,67,190800,229760
2026-01-10,28,524096,109,92880,190080
2026-01-10,5,1481040,105,196200,284480
2026-01-10,13,369056,65,83700,262080
2026-01-10,21,886720,67,161280,226560
2026-01-10,29,720480,76,73080,264960
2026-01-10,6,843200,105,96480,336960
2026-01-10,14,473024,74,215280,233920
2026-01-10,22,1326000,85,153180,163520
2026-01-10,7,850000,51,85320,337280
2026-01-10,15,598880,67,95400,262720
2026-01-10,23,1436160,47,197280,147520
2026-01-10,8,1028160,54,175500,271360
2026-01-10,24,1102960,53,119340,345600
2026-01-11,1,1490560,69,76320,176000
2026-01-11,17,621376,102,122220,140800
2026-01-11,25,308256,53,642600,349120
2026-01-11,2,795600,120,118080,329600
2026-01-11,18,448704,104,109260,203200
2026-01-11,26,500384,51,166320,319360
2026-01-11,3,1277040,103,213660,266880
2026-01-11,11,429856,96,469200,272960
2026-01-11,19,1122000,52,490200,150400
2026-01-11,27,402496,74,108720,197760
2026-01-11,4,719440,108,201420,254720
2026-01-11,12,485792,108,327600,138560
2026-01-11,20,991440,46,108720,317440
2026-01-11,28,638400,73,174420,267520
2026-01-11,5,1009120,83,156780,359680
2026-01-11,13,321024,110,136800,203840
2026-01-11,21,1090720,45,207720,196160
2026-01-11,29,519232,115,190440,281600
2026-01-11,6,1379040,101,192240,367040
2026-01-11,14,556928,75,100980,293760
2026-01-11,22,1213120,72,183060,412160
2026-01-11,7,1504160,79,193140,270720
2026-01-11,15,652992,43,136620,349440
2026-01-11,23,937040,65,205380,360640
2026-01-11,8,896240,92,123660,197440
2026-01-11,24,1501440,87,75600,132480
2026-01-12,1,617950,83,101340,221440
2026-01-12,17,373920,47,83880,278080
2026-01-12,25,289940,47,410400,142720
2026-01-12,2,730150,55,201420,218880
2026-01-12,18,359860,116,187200,349440
2026-01-12,26,215080,75,85140,232000
2026-01-12,3,871250,51,212040,386240
2026-01-12,11,277400,73,308400,318080
2026-01-12,19,594150,59,316200,320960
2026-01-12,27,406980,60,164160,377920
2026-01-12,4,956250,102,110880,389760
2026-01-12,12,366320,79,646200,287680
2026-01-12,20,571200,106,129780,138880
2026-01-12,28,361380,111,155160,131520
2026-01-12,5,651100,116,167940,200640
2026-01-12,13,429020,48,96300,318080
2026-01-12,21,680000,101,189720,383680
2026-01-12,29,452580,42,112500,168640
2026-01-12,6,602650,66,189360,415040
2026-01-12,14,190760,108,136620,230080
2026-01-12,22,481100,61,110160,247040
2026-01-12,7,762450,66,205020,144320
2026-01-12,15,221920,82,161640,201600
2026-01-12,23,449650,65,176220,345600
2026-01-12,8,798150,119,139680,353920
2026-01-12,24,521900,71,206640,153280
2026-01-13,1,996200,73,119160,252480
2026-01-13,17,391020,99,194580,292480
2026-01-13,25,284620,105,703800,132160
2026-01-13,2,762450,114,104760,382720
2026-01-13,18,427120,42,152100,329280
2026-01-13,26,305900,54,109260,288320
2026-01-13,3,806650,83,159660,178560
2026-01-13,11,317300,70,714000,208960
2026-01-13,19,473450,120,478800,384640
2026-01-13,27,301720,96,152280,278080
2026-01-13,4,796450,62,211140,346240
2026-01-13,12,432820,105,322200,289600
2026-01-13,20,949450,103,121680,408640
2026-01-13,28,412680,96,207180,144960
2026-01-13,5,750550,51,197640,393920
2026-01-13,13,197980,91,215100,343680
2026-01-13,21,580550,106,209700,129280
2026-01-13,29,280060,98,100800,378880
2026-01-13,6,987700,60,125280,298240
2026-01-13,14,451820,121,211500,348480
2026-01-13,22,872100,116,117180,239040
2026-01-13,7,726750,99,210780,344000
2026-01-13,15,230660,43,91080,142400
2026-01-13,23,471750,42,102420,294400
2026-01-13,8,436050,49,166860,364480
2026-01-13,24,830450,113,215280,314240
2026-01-14,1,913750,105,73260,350400
2026-01-14,17,256120,90,189000,276800
2026-01-14,25,245860,113,509400,374080
2026-01-14,2,521900,101,154980,268160
2026-01-14,18,383420,101,155880,171200
2026-01-14,26,308180,74,213120,389440
2026-01-14,3,690200,118,208800,226880
2026-01-14,11,422560,56,514200,378240
2026-01-14,19,861050,121,669000,181120
2026-01-14,27,417240,82,134640,282560
2026-01-14,4,671500,70,105120,238720
2026-01-14,12,338200,98,259200,275840
2026-01-14,20,883150,63,89100,360320
2026-01-14,28,403180,107,171720,155200
2026-01-14,5,460700,63,208440,234240
2026-01-14,13,261440,109,211500,365120
2026-01-14,21,828750,63,120600,286400
2026-01-14,29,324900,63,206460,195840
2026-01-14,6,526150,58,106200,217920
2026-01-14,14,306280,82,114300,135680
2026-01-14,22,977500,50,204300,305280
2026-01-14,7,878900,107,175320,225280
2026-01-14,15,422940,88,206100,386560
2026-01-14,23,949450,79,163800,325120
2026-01-14,8,816850,78,144900,243520
2026-01-14,24,505750,85,125100,407040
2026-01-15,1,1003850,72,72540,342080
2026-01-15,17,232180,90,195660,217600
2026-01-15,25,428260,71,617400,336960
2026-01-15,2,755650,60,170460,161280
2026-01-15,18,441180,101,130140,216000
2026-01-15,26,210140,115,189000,254720
2026-01-15,3,765850,110,213300,170240
2026-01-15,11,206720,66,563400,266880
2026-01-15,19,595000,42,441600,391040
2026-01-15,27,353400,42,139500,324480
2026-01-15,4,725900,44,184680,163520
2026-01-15,12,237880,80,345600,257280
2026-01-15,20,623050,64,106740,352320
2026-01-15,28,385320,96,181620,164160
2026-01-15,5,929050,59,202680,236480
2026-01-15,13,190760,86,180900,140480
2026-01-15,21,812600,93,74520,162240
2026-01-15,29,222300,99,86940,155840
2026-01-15,6,828750,100,136980,145600
2026-01-15,14,364040,48,160560,392320
2026-01-15,22,850850,91,149580,348480
2026-01-15,7,429250,94,85860,296640
2026-01-15,15,399760,97,175680,154880
2026-01-15,23,810050,102,187200,224640
2026-01-15,8,489600,55,118080,257280
2026-01-15,24,946900,45,93240,157760
2026-01-16,1,946050,78,188460,220160
2026-01-16,17,345800,70,77220,200320
2026-01-16,25,396720,103,634800,411200
2026-01-16,2,1004700,67,114840,304000
2026-01-16,18,223820,80,94680,342080
2026-01-16,26,443460,68,170460,231360
2026-01-16,3,695300,52,102060,221120
2026-01-16,11,292980,120,298800,339840
2026-01-16,19,971550,86,664200,345920
2026-01-16,27,291080,119,73800,297600
2026-01-16,4,756500,72,142740,346560
2026-01-16,12,335920,89,717000,377600
2026-01-16,20,662150,60,120600,338240
2026-01-16,28,195700,52,185040,191680
2026-01-16,5,847450,107,201600,344320
2026-01-16,13,213180,85,149760,215680
2026-01-16,21,567800,122,213120,357120
2026-01-16,29,289940,116,104760,328000
2026-01-16,6,514250,117,156240,279040
2026-01-16,14,433580,63,207540,166720
2026-01-16,22,594150,58,144900,329600
2026-01-16,7,929050,115,148680,350080
2026-01-16,15,261440,68,73620,147840
2026-01-16,23,1008950,89,146700,199360
2026-01-16,8,608600,75,185760,246400
2026-01-16,24,431800,97,179640,136640
2026-01-17,1,1332800,111,137520,345280
2026-01-17,17,532608,95,150120,160320
2026-01-17,25,545376,104,462000,221120
2026-01-17,2,1622480,60,188640,372800
2026-01-17,18,564832,70,157140,381440
2026-01-17,26,488832,53,153900,274240
2026-01-17,3,1275680,86,170460,251200
2026-01-17,11,510112,85,271800,396480
2026-01-17,19,1532720,94,428400,368960
2026-01-17,27,358720,98,158400,180800
2026-01-17,4,746640,62,112500,168640
2026-01-17,12,640832,100,318000,271040
2026-01-17,20,937040,108,212580,275840
2026-01-17,28,309472,119,96300,131520
2026-01-17,5,1621120,112,154800,299200
2026-01-17,13,328928,73,172440,194880
2026-01-17,21,1547680,101,163080,385600
2026-01-17,29,677312,78,115740,184960
2026-01-17,6,1306960,92,169200,413440
2026-01-17,14,482752,79,179640,290240
2026-01-17,22,1418480,52,185760,129280
2026-01-17,7,1441600,69,196200,149120
2026-01-17,15,670624,99,163440,282240
2026-01-17,23,1079840,113,181620,169920
2026-01-17,8,898960,71,85320,198720
2026-01-17,24,1204960,62,207900,379200
2026-01-18,1,711280,85,93780,332800
2026-01-18,17,572128,111,92520,213760
2026-01-18,25,378784,82,582600,325120
2026-01-18,2,1200880,54,161640,137920
2026-01-18,18,569696,119,150840,371840
2026-01-18,26,327104,85,200160,310080
2026-01-18,3,816000,106,119880,166080
2026-01-18,11,429248,67,523200,320640
2026-01-18,19,1210400,67,711000,271040
2026-01-18,27,356896,48,135180,289600
2026-01-18,4,923440,70,105840,255680
2026-01-18,12,304608,113,573600,279680
2026-01-18,20,1117920,80,162360,250560
2026-01-18,28,338656,93,135720,321600
2026-01-18,5,720800,110,210780,290240
2026-01-18,13,482144,118,92340,408000
2026-01-18,21,984640,66,116640,176000
2026-01-18,29,389120,47,108900,414400
2026-01-18,6,805120,78,142560,300800
2026-01-18,14,427424,59,183960,165760
2026-01-18,22,1632000,44,179640,196800
2026-01-18,7,1426640,90,99900,375040
2026-01-18,15,539296,99,166680,258240
2026-01-18,23,1490560,77,203220,255040
2026-01-18,8,927520,98,73080,152320
2026-01-18,24,1376320,118,140760,272000
2026-01-19,1,562700,106,112500,236480
2026-01-19,17,420280,72,167580,177600
2026-01-19,25,406980,99,282000,216960
2026-01-19,2,828750,99,132840,162880
2026-01-19,18,251560,110,166140,312000
2026-01-19,26,334780,81,118800,224000
2026-01-19,3,938400,57,111060,405760
2026-01-19,11,261060,114,429600,282880
2026-01-19,19,956250,45,476400,296960
2026-01-19,27,392920,65,73080,292160
2026-01-19,4,606900,82,138960,294080
2026-01-19,12,219260,58,251400,308160
2026-01-19,20,568650,113,72360,152000
2026-01-19,28,300580,50,152280,331200
2026-01-19,5,963050,118,164160,269120
2026-01-19,13,227240,122,72900,218240
2026-01-19,21,828750,75,198180,385920
2026-01-19,29,356820,48,75060,359360
2026-01-19,6,620500,68,117180,327040
2026-01-19,14,218500,59,102420,282240
2026-01-19,22,929900,122,214200,405440
2026-01-19,7,989400,119,178740,409600
2026-01-19,15,202540,57,168120,212160
2026-01-19,23,671500,59,185760,199040
2026-01-19,8,743750,61,72360,351040
2026-01-19,24,926500,95,195660,146560
2026-01-20,1,980050,87,149760,177600
2026-01-20,17,441560,62,183780,339840
2026-01-20,25,431300,105,453600,154560
2026-01-20,2,556750,108,198540,370240
2026-01-20,18,270940,58,86760,352640
2026-01-20,26,308940,113,93240,226240
2026-01-20,3,906100,92,203760,387200
2026-01-20,11,207480,56,319800,321920
2026-01-20,19,862750,53,525600,325120
2026-01-20,27,198360,83,99540,366080
2026-01-20,4,797300,78,94140,286400
2026-01-20,12,453340,87,711000,333760
2026-01-20,20,899300,93,147060,243520
2026-01-20,28,429020,81,199260,377280
2026-01-20,5,854250,58,153000,238720
2026-01-20,13,334780,65,91080,329600
2026-01-20,21,970700,49,168300,141120
2026-01-20,29,397480,58,206820,380480
2026-01-20,6,891650,49,111240,134400
2026-01-20,14,368600,66,181260,133760
2026-01-20,22,742050,49,167580,345600
2026-01-20,7,646850,71,80100,128640
2026-01-20,15,421040,56,148140,160320
2026-01-20,23,1001300,99,144540,177600
2026-01-20,8,791350,121,95400,381120
2026-01-20,24,475150,62,143460,246080
2026-01-21,1,775200,111,120600,345600
2026-01-21,17,397480,95,118980,270720
2026-01-21,25,207100,82,311400,179200
2026-01-21,2,952850,42,72000,147200
2026-01-21,18,452580,113,161640,406720
2026-01-21,26,410400,65,176940,235520
2026-01-21,3,901850,80,187020,371520
2026-01-21,11,230660,110,718800,183360
2026-01-21,19,684250,51,259800,168640
2026-01-21,27,266760,72,82800,386240
2026-01-21,4,904400,111,162000,309760
2026-01-21,12,376200,48,406800,193280
2026-01-21,20,980900,64,153000,171200
2026-01-21,28,193040,87,166860,346240
2026-01-21,5,515100,119,166320,185600
2026-01-21,13,425980,69,98460,336320
2026-01-21,21,931600,117,107280,211200
2026-01-21,29,349600,63,78300,313280
2026-01-21,6,918000,101,153540,247680
2026-01-21,14,198360,79,167040,208640
2026-01-21,22,628150,59,161820,344320
2026-01-21,7,426700,86,74160,232960
2026-01-21,15,437760,90,151020,132480
2026-01-21,23,838950,76,105840,362560
2026-01-21,8,770950,110,209880,225600
2026-01-21,24,687650,62,189000,243520
2026-01-22,1,864450,86,190800,242240
2026-01-22,17,375820,56,129060,356480
2026-01-22,25,277020,97,307200,227840
2026-01-22,2,651950,60,107100,338240
2026-01-22,18,309320,93,130500,250880
2026-01-22,26,193420,111,154980,230400
2026-01-22,3,683400,84,117540,162560
2026-01-22,11,367460,97,361800,244480
2026-01-22,19,737800,48,511800,239680
2026-01-22,27,314260,51,81900,376320
2026-01-22,4,834700,109,150120,349760
2026-01-22,12,315780,97,420600,211200
2026-01-22,20,878050,91,83160,314240
2026-01-22,28,280820,88,128880,383360
2026-01-22,5,679150,114,200520,264000
2026-01-22,13,190000,62,204480,247040
2026-01-22,21,744600,113,179280,411840
2026-01-22,29,442700,51,157140,182080
2026-01-22,6,826200,75,95220,273920
2026-01-22,14,404700,117,73260,406720
2026-01-22,22,753950,96,73980,170880
2026-01-22,7,716550,100,177120,321280
2026-01-22,15,245100,48,139140,167680
2026-01-22,23,702100,56,177660,291840
2026-01-22,8,876350,108,175860,408320
2026-01-22,24,661300,100,114480,164480
2026-01-23,1,907800,52,134280,235840
2026-01-23,17,266380,98,145260,159040
2026-01-23,25,279680,109,343200,216960
2026-01-23,2,524450,83,87480,144320
2026-01-23,18,407360,92,210960,137280
2026-01-23,26,314640,75,94860,376320
2026-01-23,3,653650,117,167580,210880
2026-01-23,11,208240,50,650400,177280
2026-01-23,19,608600,46,472200,295360
2026-01-23,27,225720,88,89640,199040
2026-01-23,4,991100,63,207360,338240
2026-01-23,12,391400,78,365400,322560
2026-01-23,20,805800,119,120420,400640
2026-01-23,28,263340,92,176580,255040
2026-01-23,5,548250,69,175860,172800
2026-01-23,13,270940,115,90540,238720
2026-01-23,21,880600,55,183780,272000
2026-01-23,29,341240,58,141300,282240
2026-01-23,6,992800,52,157680,168000
2026-01-23,14,291460,121,126360,130880
2026-01-23,22,871250,121,104220,226880
2026-01-23,7,494700,104,75600,163520
2026-01-23,15,431680,73,170100,312000
2026-01-23,23,656200,98,161280,364480
2026-01-23,8,463250,49,214920,173440
2026-01-23,24,759900,80,115920,206720
2026-01-24,1,1516400,113,152820,190720
2026-01-24,17,366624,84,181080,201920
2026-01-24,25,314944,108,424200,402560
2026-01-24,2,833680,63,89100,142400
2026-01-24,18,412224,94,93240,391360
2026-01-24,26,315552,98,212040,352960
2026-01-24,3,1448400,92,157140,208960
2026-01-24,11,610432,44,330600,400640
2026-01-24,19,1243040,43,379800,275840
2026-01-24,27,598880,62,75420,156800
2026-01-24,4,901680,74,172080,196800
2026-01-24,12,386080,84,314400,139520
2026-01-24,20,1611600,85,139140,190400
2026-01-24,28,545984,44,121500,212480
2026-01-24,5,722160,70,141480,221760
2026-01-24,13,561184,81,196380,375040
2026-01-24,21,1553120,51,210420,218240
2026-01-24,29,411616,49,175680,246720
2026-01-24,6,1015920,102,194220,352640
2026-01-24,14,473024,100,133920,302080
2026-01-24,22,1145120,85,120600,361920
2026-01-24,7,1578960,66,172620,129920
2026-01-24,15,695552,57,103500,260800
2026-01-24,23,1138320,53,140580,365440
2026-01-24,8,752080,47,210780,319040
2026-01-24,24,1504160,75,76680,167040
2026-01-25,1,1376320,54,173880,273280
2026-01-25,17,607392,79,118800,193600
2026-01-25,25,568480,71,346800,415040
2026-01-25,2,890800,50,210420,330240
2026-01-25,18,386688,55,200160,155200
2026-01-25,26,556320,59,206100,286080
2026-01-25,3,1602080,80,207900,300160
2026-01-25,11,528960,46,495600,179200
2026-01-25,19,1494640,115,490800,210240
2026-01-25,27,682784,119,200700,175680
2026-01-25,4,1365440,76,83520,365440
2026-01-25,12,421344,55,565800,251840
2026-01-25,20,821440,51,155520,303040
2026-01-25,28,334400,50,151560,202880
2026-01-25,5,1044480,121,95040,264320
2026-01-25,13,417088,60,148500,229120
2026-01-25,21,1490560,42,155520,368960
2026-01-25,29,472416,97,160920,414720
2026-01-25,6,956080,103,194580,272000
2026-01-25,14,340480,87,201960,401920
2026-01-25,22,847280,83,86760,298880
2026-01-25,7,826880,103,205740,382080
2026-01-25,15,510112,110,158220,244800
2026-01-25,23,937040,49,206100,339200
2026-01-25,8,803760,93,94320,376320
2026-01-25,24,731680,50,108540,211200
2026-01-26,1,723350,110,93240,329920
2026-01-26,17,278540,43,102420,401600
2026-01-26,25,256880,66,600000,159040
2026-01-26,2,628150,79,94680,241920
2026-01-26,18,259540,117,93600,406080
2026-01-26,26,214320,98,177840,363840
2026-01-26,3,612850,56,145260,170560
2026-01-26,11,439280,90,525600,148160
2026-01-26,19,476850,80,465000,407360
2026-01-26,27,222680,47,187200,215360
2026-01-26,4,587350,109,135720,333760
2026-01-26,12,333640,46,507600,248320
2026-01-26,20,891650,49,167040,185600
2026-01-26,28,453720,100,167940,190720
2026-01-26,5,501500,44,127980,180800
2026-01-26,13,395200,75,84420,373760
2026-01-26,21,834700,45,83520,242560
2026-01-26,29,193420,80,190980,173760
2026-01-26,6,693600,118,112680,384320
2026-01-26,14,384560,110,197640,204480
2026-01-26,22,864450,109,81540,351040
2026-01-26,7,442000,53,91260,243200
2026-01-26,15,280440,103,109620,185280
2026-01-26,23,684250,43,97740,332800
2026-01-26,8,691050,114,173700,140800
2026-01-26,24,556750,70,76140,387840
2026-01-27,1,771800,109,156600,252480
2026-01-27,17,246240,108,191880,134080
2026-01-27,25,354920,111,590400,167360
2026-01-27,2,940950,64,176400,181760
2026-01-27,18,220400,119,142920,264320
2026-01-27,26,310080,96,156420,395520
2026-01-27,3,431800,110,75600,162880
2026-01-27,11,400900,111,424800,378880
2026-01-27,19,986000,55,718200,341760
2026-01-27,27,382280,59,207900,159680
2026-01-27,4,823650,42,120600,404800
2026-01-27,12,326040,96,386400,342720
2026-01-27,20,428400,45,158040,142400
2026-01-27,28,392540,118,72000,202240
2026-01-27,5,949450,85,136980,221440
2026-01-27,13,450300,116,194580,303680
2026-01-27,21,1008100,44,107100,266880
2026-01-27,29,437000,61,116640,292160
2026-01-27,6,486200,86,191700,313280
2026-01-27,14,274740,73,116640,324160
2026-01-27,22,676600,73,155700,204800
2026-01-27,7,618800,103,166140,254720
2026-01-27,15,441180,52,143640,296640
2026-01-27,23,499800,116,91620,192960
2026-01-27,8,897600,71,187560,233280
2026-01-27,24,997050,71,190080,175360
2026-01-28,1,558450,97,210420,267200
2026-01-28,17,431300,83,118620,319680
2026-01-28,25,425980,96,630000,385600
2026-01-28,2,555050,118,143460,373440
2026-01-28,18,286900,50,200340,408960
2026-01-28,26,223060,98,96480,164160
2026-01-28,3,743750,65,171180,317120
2026-01-28,11,228760,84,422400,173440
2026-01-28,19,535500,105,535200,343680
2026-01-28,27,363280,112,145080,330560
2026-01-28,4,773500,121,149760,247680
2026-01-28,12,323380,84,315000,377280
2026-01-28,20,690200,96,177480,320320
2026-01-28,28,208240,59,79560,160320
2026-01-28,5,948600,42,147960,402560
2026-01-28,13,286520,74,165240,337920
2026-01-28,21,698700,66,168300,335360
2026-01-28,29,276260,102,159120,198080
2026-01-28,6,535500,94,163260,302400
2026-01-28,14,346180,96,210780,322560
2026-01-28,22,1010650,120,151200,248960
2026-01-28,7,608600,112,114840,182400
2026-01-28,15,237880,88,141840,404480
2026-01-28,23,714850,79,156060,159360
2026-01-28,8,632400,58,79920,236480
2026-01-28,24,1002150,46,207180,374400
2026-01-29,1,855950,68,107460,222720
2026-01-29,17,405840,43,155700,131840
2026-01-29,25,237880,113,412200,274240
2026-01-29,2,693600,64,86760,398400
2026-01-29,18,353020,98,81180,163200
2026-01-29,26,286140,73,194400,144960
2026-01-29,3,497250,106,127620,384000
2026-01-29,11,416480,102,560400,181120
2026-01-29,19,997050,114,614400,195520
2026-01-29,27,328320,72,193500,280320
2026-01-29,4,768400,101,163800,401280
2026-01-29,12,312740,72,706200,328960
2026-01-29,20,786250,77,154260,279040
2026-01-29,28,414580,49,180900,175360
2026-01-29,5,800700,80,89460,247040
2026-01-29,13,346940,111,93240,310720
2026-01-29,21,853400,58,102060,354880
2026-01-29,29,419140,55,189900,294080
2026-01-29,6,568650,71,211680,146240
2026-01-29,14,344280,96,123480,166080
2026-01-29,22,716550,60,119880,278400
2026-01-29,7,543150,72,97740,378880
2026-01-29,15,409640,104,73440,288960
2026-01-29,23,887400,82,189540,380480
2026-01-29,8,847450,80,158760,358400
2026-01-29,24,752250,73,89820,322880
2026-01-30,1,467500,94,188460,394240
2026-01-30,17,240920,77,186120,200320
2026-01-30,25,313880,66,305400,385280
2026-01-30,2,624750,88,190980,208640
2026-01-30,18,205200,49,198000,241280
2026-01-30,26,322620,74,168300,329280
2026-01-30,3,1011500,65,183060,376640
2026-01-30,11,357960,73,639600,132160
2026-01-30,19,589050,48,322200,210880
2026-01-30,27,276640,122,149040,148800
2026-01-30,4,636650,103,95040,167680
2026-01-30,12,361000,48,686400,171200
2026-01-30,20,807500,65,144000,346240
2026-01-30,28,210900,55,207180,284480
2026-01-30,5,587350,85,161280,159040
2026-01-30,13,444980,95,166140,240960
2026-01-30,21,457300,77,130680,338240
2026-01-30,29,343900,48,126180,128000
2026-01-30,6,709750,42,80820,171520
2026-01-30,14,345040,47,102240,181120
2026-01-30,22,980050,84,96660,267840
2026-01-30,7,578850,63,127260,224320
2026-01-30,15,425980,108,212940,142400
2026-01-30,23,470050,42,80460,135360
2026-01-30,8,981750,102,98100,356480
2026-01-30,24,980900,83,123840,392000
2026-01-31,1,1436160,101,136980,163520
2026-01-31,17,502208,74,191880,196800
2026-01-31,25,403104,90,716400,400640
2026-01-31,2,942480,57,127080,131840
2026-01-31,18,363584,50,198360,336000
2026-01-31,26,711968,68,140760,248000
2026-01-31,3,1199520,100,75060,374720
2026-01-31,11,563008,51,529200,243200
2026-01-31,19,715360,81,667200,211520
2026-01-31,27,316768,64,173340,137280
2026-01-31,4,1237600,88,170460,179200
2026-01-31,12,393984,98,358200,243520
2026-01-31,20,1229440,88,213660,318400
2026-01-31,28,613472,74,174060,300480
2026-01-31,5,1618400,118,119160,143040
2026-01-31,13,343520,99,152280,380160
2026-01-31,21,1471520,116,176580,195520
2026-01-31,29,424992,81,116820,378240
2026-01-31,6,847280,108,97020,161920
2026-01-31,14,672448,120,116100,212480
2026-01-31,22,1513680,75,156960,236160
2026-01-31,7,1355920,79,80640,288000
2026-01-31,15,328320,76,89460,312960
2026-01-31,23,1247120,52,86400,415680
2026-01-31,8,1187280,108,153720,183360
2026-01-31,24,1237600,52,192060,370240
2026-02-01,1,1448400,51,112680,324800
2026-02-01,17,618944,70,187020,136320
2026-02-01,25,620160,102,303000,226880
2026-02-01,2,965600,73,169920,171840
2026-02-01,18,458432,109,139500,380160
2026-02-01,26,647520,64,207900,384640
2026-02-01,3,968320,101,140220,219840
2026-02-01,11,654816,75,667200,139520
2026-02-01,19,1598000,94,463200,326400
2026-02-01,27,378176,120,91980,362880
2026-02-01,4,1315120,51,140040,351360
2026-02-01,12,549632,111,303600,413760
2026-02-01,20,806480,122,177840,242880
2026-02-01,28,411008,56,146880,344320
2026-02-01,5,1054000,98,157860,300160
2026-02-01,13,497344,106,166680,292160
2026-02-01,21,828240,60,86220,211200
2026-02-01,29,492480,49,181980,147840
2026-02-01,6,979200,57,115380,141760
2026-02-01,14,364800,84,150300,370560
2026-02-01,22,739840,47,161280,224960
2026-02-01,7,749360,86,155340,340800
2026-02-01,15,425600,42,101520,368960
2026-02-01,23,1185920,52,182880,348800
2026-02-01,8,1161440,122,96300,252480
2026-02-01,24,1079840,49,186300,200320
2026-02-02,1,615400,58,196020,317440
2026-02-02,17,426360,69,190440,309440
2026-02-02,25,340480,94,315000,143040
2026-02-02,2,947750,90,210060,219200
2026-02-02,18,228000,90,83160,375680
2026-02-02,26,213180,87,134280,328000
2026-02-02,3,641750,90,207000,342080
2026-02-02,11,384180,78,569400,257920
2026-02-02,19,844900,95,534600,134400
2026-02-02,27,312360,98,150120,231040
2026-02-02,4,431800,72,194580,141120
2026-02-02,12,381140,98,660600,364480
2026-02-02,20,1011500,48,169020,173440
2026-02-02,28,364420,52,107460,148160
2026-02-02,5,520200,48,154620,344000
2026-02-02,13,228380,100,162540,226560
2026-02-02,21,532100,67,98100,225920
2026-02-02,29,248520,77,118980,144000
2026-02-02,6,472600,59,110520,349120
2026-02-02,14,275880,84,142020,402880
2026-02-02,22,506600,69,206820,388480
2026-02-02,7,785400,98,190260,353920
2026-02-02,15,341240,96,107820,223680
2026-02-02,23,776050,110,116280,395200
2026-02-02,8,1008950,46,150480,149120
2026-02-02,24,657050,44,167040,137600
2026-02-03,1,456450,94,146880,220480
2026-02-03,17,337060,110,211680,136320
2026-02-03,25,197980,56,427800,159680
2026-02-03,2,718250,50,164160,182080
2026-02-03,18,300960,89,140040,179520
2026-02-03,26,353020,77,204480,157760
2026-02-03,3,670650,91,90720,324800
2026-02-03,11,254980,53,417000,230080
2026-02-03,19,699550,56,245400,139520
2026-02-03,27,233700,118,152640,336320
2026-02-03,4,680000,63,118080,387200
2026-02-03,12,232940,48,690600,174080
2026-02-03,20,700400,59,86040,316160
2026-02-03,28,413440,42,100260,373440
2026-02-03,5,629850,42,145080,196160
2026-02-03,13,351500,72,115200,383040
2026-02-03,21,704650,109,97560,286080
2026-02-03,29,280820,77,76320,343360
2026-02-03,6,684250,86,171180,214720
2026-02-03,14,441560,70,202500,246080
2026-02-03,22,453050,66,205920,303360
2026-02-03,7,629000,107,134640,390720
2026-02-03,15,311220,63,173700,308480
2026-02-03,23,889100,97,192060,275520
2026-02-03,8,823650,68,197460,168320
2026-02-03,24,556750,100,77760,224320
2026-02-04,1,600950,55,103320,195840
2026-02-04,17,335920,122,184680,152640
2026-02-04,25,217740,106,454800,286080
2026-02-04,2,1010650,117,85500,393280
2026-02-04,18,333260,100,186120,351360
2026-02-04,26,365940,83,190440,144640
2026-02-04,3,940950,45,168660,326080
2026-02-04,11,377340,56,330600,260800
2026-02-04,19,697000,110,424200,314560
2026-02-04,27,444600,47,163440,392000
2026-02-04,4,880600,99,173700,266240
2026-02-04,12,380760,87,362400,221760
2026-02-04,20,770950,101,91080,174400
2026-02-04,28,239780,119,201420,346880
2026-02-04,5,797300,53,90540,160000
2026-02-04,13,338580,61,150660,299200
2026-02-04,21,513400,49,165240,333120
2026-02-04,29,391400,56,77940,299520
2026-02-04,6,843200,89,184680,132480
2026-02-04,14,203300,104,198720,290560
2026-02-04,22,639200,122,87840,219200
2026-02-04,7,723350,110,90180,232000
2026-02-04,15,337440,62,130680,160960
2026-02-04,23,543150,75,189000,379840
2026-02-04,8,512550,52,145080,353920
2026-02-04,24,469200,90,140580,146240
2026-02-05,1,848300,118,124200,394880
2026-02-05,17,197600,70,113940,387200
2026-02-05,25,294120,94,676200,210880
2026-02-05,2,468350,82,149760,358720
2026-02-05,18,441560,76,133740,306880
2026-02-05,26,195700,109,213840,323840
2026-02-05,3,606900,58,214380,357760
2026-02-05,11,276260,117,516000,190720
2026-02-05,19,923100,73,481800,366720
2026-02-05,27,422940,82,101520,306240
2026-02-05,4,944350,94,129960,293760
2026-02-05,12,443080,92,308400,375680
2026-02-05,20,445400,49,104760,410560
2026-02-05,28,213560,117,107460,209600
2026-02-05,5,850000,119,133200,169600
2026-02-05,13,385700,45,128880,257280
2026-02-05,21,578850,62,73080,172480
2026-02-05,29,340480,106,193320,390720
2026-02-05,6,518500,72,210600,320000
2026-02-05,14,307040,99,91800,165760
2026-02-05,22,435200,96,171900,244800
2026-02-05,7,765850,93,76500,219840
2026-02-05,15,276260,81,74700,337280
2026-02-05,23,980900,95,101700,348800
2026-02-05,8,947750,121,84240,131520
2026-02-05,24,463250,83,108900,132160
2026-02-06,1,928200,110,103860,139840
2026-02-06,17,299060,82,197280,294080
2026-02-06,25,451440,54,679800,385600
2026-02-06,2,740350,109,167040,363520
2026-02-06,18,290320,58,203400,165120
2026-02-06,26,326800,90,90360,150720
2026-02-06,3,725900,99,117180,141440
2026-02-06,11,215840,71,510000,193920
2026-02-06,19,509150,67,562800,373760
2026-02-06,27,194560,82,112320,184640
2026-02-06,4,443700,49,193500,140480
2026-02-06,12,416860,93,649200,402560
2026-02-06,20,765000,57,112860,221440
2026-02-06,28,257640,70,118260,413760
2026-02-06,5,589900,55,134460,278400
2026-02-06,13,448400,93,124920,384000
2026-02-06,21,675750,72,149040,163840
2026-02-06,29,411160,59,167040,249920
2026-02-06,6,711450,97,188460,241920
2026-02-06,14,405080,117,75240,254080
2026-02-06,22,556750,85,171360,350080
2026-02-06,7,628150,71,186120,249920
2026-02-06,15,220400,68,156240,161920
2026-02-06,23,720800,108,86220,176960
2026-02-06,8,855950,95,117720,219520
2026-02-06,24,748000,57,87480,383040
2026-02-07,1,986000,107,160740,254400
2026-02-07,17,529568,44,117360,231040
2026-02-07,25,661504,63,511800,377280
2026-02-07,2,854080,115,203040,232640
2026-02-07,18,602528,52,112140,176000
2026-02-07,26,717440,66,172800,279040
2026-02-07,3,828240,93,185760,258880
2026-02-07,11,522880,100,287400,373120
2026-02-07,19,898960,87,397200,145280
2026-02-07,27,470592,75,160560,153920
2026-02-07,4,1490560,99,188460,297280
2026-02-07,12,597664,96,440400,376960
2026-02-07,20,1070320,94,79200,178240
2026-02-07,28,619552,114,123840,251840
2026-02-07,5,1107040,58,73440,401600
2026-02-07,13,546592,66,200340,383360
2026-02-07,21,1064880,92,110700,327360
2026-02-07,29,362976,117,161100,344640
2026-02-07,6,686800,96,111420,361280
2026-02-07,14,497952,62,160200,311680
2026-02-07,22,889440,45,210060,374720
2026-02-07,7,1418480,55,173880,415680
2026-02-07,15,469376,92,202140,294080
2026-02-07,23,1540880,68,131220,134080
2026-02-07,8,703120,113,94320,140160
2026-02-07,24,1457920,111,107820,138880
2026-02-08,1,738480,104,174420,332480
2026-02-08,17,530784,117,133020,187520
2026-02-08,25,566656,107,432000,360960
2026-02-08,2,1406240,49,72720,163520
2026-02-08,18,704064,91,140940,250240
2026-02-08,26,305216,47,130680,312000
2026-02-08,3,1264800,81,104940,343040
2026-02-08,11,526528,82,250800,378240
2026-02-08,19,1614320,49,589800,315840
2026-02-08,27,608000,107,92340,181120
2026-02-08,4,845920,48,179460,296000
2026-02-08,12,465120,44,707400,233920
2026-02-08,20,885360,99,113580,183680
2026-02-08,28,332576,84,141480,151680
2026-02-08,5,979200,83,213660,383680
2026-02-08,13,347776,68,146340,378240
2026-02-08,21,1293360,51,104580,343040
2026-02-08,29,676704,58,123120,312960
2026-02-08,6,805120,119,83160,256320
2026-02-08,14,390336,100,141120,348160
2026-02-08,22,1410320,109,114660,342720
2026-02-08,7,1509600,67,76320,197760
2026-02-08,15,442624,71,138420,334720
2026-02-08,23,1354560,107,136800,366400
2026-02-08,8,1248480,114,112140,257920
2026-02-08,24,741200,100,201960,152000
2026-02-09,1,437750,44,83160,380480
2026-02-09,17,202920,114,117000,230080
2026-02-09,25,370880,100,655800,192000
2026-02-09,2,573750,117,113580,323520
2026-02-09,18,264480,46,96120,374400
2026-02-09,26,260300,75,214560,278080
2026-02-09,3,906100,84,98460,158400
2026-02-09,11,346940,68,493200,317440
2026-02-09,19,591600,58,388200,331840
2026-02-09,27,423700,104,89460,300480
2026-02-09,4,654500,60,113220,290880
2026-02-09,12,295640,104,653400,397440
2026-02-09,20,606050,115,213480,235840
2026-02-09,28,199880,78,179640,344320
2026-02-09,5,705500,45,153720,307200
2026-02-09,13,209000,94,171180,357760
2026-02-09,21,812600,66,99180,339520
2026-02-09,29,207100,120,81360,174400
2026-02-09,6,542300,59,151200,336640
2026-02-09,14,307420,64,168480,413120
2026-02-09,22,431800,50,97560,371520
2026-02-09,7,490450,93,180720,401280
2026-02-09,15,341240,44,156780,234560
2026-02-09,23,731000,69,134280,258880
2026-02-09,8,923100,81,204480,407040
2026-02-09,24,547400,110,167940,136000
2026-02-10,1,922250,101,109800,354560
2026-02-10,17,265620,74,188640,270400
2026-02-10,25,368220,87,688200,362880
2026-02-10,2,929900,52,138960,302720
2026-02-10,18,267140,83,200880,318080
2026-02-10,26,235980,72,104040,164800
2026-02-10,3,874650,120,214020,161920
2026-02-10,11,414580,65,371400,313600
2026-02-10,19,778600,95,343800,229120
2026-02-10,27,357200,48,103320,295040
2026-02-10,4,1012350,81,115740,139200
2026-02-10,12,213940,94,432600,253760
2026-02-10,20,656200,105,97560,341120
2026-02-10,28,421800,48,169920,171200
2026-02-10,5,851700,58,84240,374720
2026-02-10,13,237880,114,135540,137280
2026-02-10,21,807500,56,113220,336000
2026-02-10,29,332120,118,186480,406400
2026-02-10,6,472600,76,199980,312960
2026-02-10,14,220780,54,209160,391680
2026-02-10,22,454750,111,160920,144640
2026-02-10,7,443700,83,90720,356160
2026-02-10,15,238640,50,163620,405120
2026-02-10,23,959650,96,164520,300160
2026-02-10,8,807500,85,90540,411840
2026-02-10,24,761600,87,189720,340800
2026-02-11,1,745450,79,182880,238400
2026-02-11,17,292220,122,188280,179520
2026-02-11,25,315780,56,531000,269760
2026-02-11,2,432650,74,93420,198080
2026-02-11,18,359480,43,209340,150720
2026-02-11,26,454860,104,99900,294080
2026-02-11,3,999600,111,72900,360960
2026-02-11,11,193040,102,456600,372800
2026-02-11,19,545700,105,541200,304640
2026-02-11,27,249280,44,187380,275520
2026-02-11,4,587350,49,205200,284160
2026-02-11,12,386840,71,378000,399040
2026-02-11,20,836400,42,81180,159360
2026-02-11,28,317680,99,196560,405440
2026-02-11,5,583100,87,197460,186240
2026-02-11,13,270180,89,79380,330560
2026-02-11,21,519350,119,141300,334080
2026-02-11,29,397480,54,123480,190080
2026-02-11,6,932450,90,158940,252800
2026-02-11,14,352260,111,193500,207680
2026-02-11,22,775200,96,155160,185600
2026-02-11,7,957100,114,193680,152640
2026-02-11,15,354920,110,193140,326720
2026-02-11,23,521050,78,102600,208320
2026-02-11,8,849150,54,199080,309760
2026-02-11,24,934150,113,89820,137920
2026-02-12,1,516800,80,80280,162880
2026-02-12,17,264480,49,200340,295360
2026-02-12,25,393300,69,628800,220480
2026-02-12,2,748850,101,129960,320640
2026-02-12,18,339340,121,212400,196480
2026-02-12,26,440420,118,176040,373760
2026-02-12,3,658750,112,190440,248000
2026-02-12,11,230280,74,442200,340800
2026-02-12,19,649400,95,302400,391040
2026-02-12,27,264860,82,108000,380800
2026-02-12,4,1000450,79,119340,322240
2026-02-12,12,270560,90,545400,136000
2026-02-12,20,568650,117,88740,352640
2026-02-12,28,340860,53,111960,333440
2026-02-12,5,576300,57,136080,245440
2026-02-12,13,393680,63,87300,134080
2026-02-12,21,784550,71,160560,167680
2026-02-12,29,443460,47,204300,192640
2026-02-12,6,883150,75,108540,281600
2026-02-12,14,391780,43,148500,242560
2026-02-12,22,984300,83,119880,384640
2026-02-12,7,958800,42,79020,412800
2026-02-12,15,378100,51,158580,403840
2026-02-12,23,785400,75,96300,279680
2026-02-12,8,519350,85,116280,199680
2026-02-12,24,663000,114,140580,300160
2026-02-13,1,935000,110,150300,317120
2026-02-13,17,199120,84,183240,173440
2026-02-13,25,240540,98,369000,204800
2026-02-13,2,654500,45,162540,400640
2026-02-13,18,391400,117,178560,383040
2026-02-13,26,436240,51,81900,142720
2026-02-13,3,820250,57,211680,160640
2026-02-13,11,291080,76,346200,409280
2026-02-13,19,470050,80,669600,288320
2026-02-13,27,391020,69,88020,298240
2026-02-13,4,827050,116,155160,410240
2026-02-13,12,225340,117,652800,304960
2026-02-13,20,945200,122,156600,288640
2026-02-13,28,443840,45,135900,172480
2026-02-13,5,967300,80,132660,240640
2026-02-13,13,350740,48,148860,412800
2026-02-13,21,949450,116,174960,222400
2026-02-13,29,234840,58,93600,336640
2026-02-13,6,870400,87,211140,214720
2026-02-13,14,334020,60,149220,312960
2026-02-13,22,511700,91,92700,176960
2026-02-13,7,905250,75,157680,182400
2026-02-13,15,411540,101,169920,393280
2026-02-13,23,1007250,98,158220,232320
2026-02-13,8,635800,69,195660,342720
2026-02-13,24,529550,61,179460,405760
2026-02-14,1,1277040,88,104220,240000
2026-02-14,17,609824,84,156060,168960
2026-02-14,25,311904,103,265800,275200
2026-02-14,2,1630640,91,147060,279360
2026-02-14,18,395808,50,95220,370880
2026-02-14,26,573952,108,158760,278400
2026-02-14,3,1364080,69,81360,214080
2026-02-14,11,418304,88,391800,371520
2026-02-14,19,903040,83,367800,364800
2026-02-14,27,475456,120,193500,131840
2026-02-14,4,741200,121,100620,256960
2026-02-14,12,554496,92,336600,222080
2026-02-14,20,1546320,66,212760,231040
2026-02-14,28,523488,45,210960,160000
2026-02-14,5,803760,89,180720,321280
2026-02-14,13,471200,99,127980,210880
2026-02-14,21,1218560,43,152640,189120
2026-02-14,29,586720,113,205920,225280
2026-02-14,6,1476960,65,155700,225600
2026-02-14,14,668800,101,86220,229760
2026-02-14,22,1292000,93,210960,384320
2026-02-14,7,767040,43,172080,130880
2026-02-14,15,597056,43,79920,173760
2026-02-14,23,1506880,105,147420,185600
2026-02-14,8,848640,48,193140,294080
2026-02-14,24,1024080,106,110700,305600
2026-02-15,1,1566720,57,212400,250560
2026-02-15,17,420128,66,153000,383360
2026-02-15,25,604352,57,366600,343680
2026-02-15,2,742560,88,140580,238720
2026-02-15,18,638400,94,115200,229120
2026-02-15,26,363584,120,157860,388480
2026-02-15,3,1319200,54,174600,129920
2026-02-15,11,687648,102,397800,364160
2026-02-15,19,964240,89,309600,358400
2026-02-15,27,664544,80,169920,283840
2026-02-15,4,816000,52,96660,151680
2026-02-15,12,563008,113,584400,156800
2026-02-15,20,1006400,116,192780,162880
2026-02-15,28,492480,108,124560,205440
2026-02-15,5,1294720,107,180000,366080
2026-02-15,13,546592,103,124740,414720
2026-02-15,21,1101600,58,72900,245440
2026-02-15,29,555712,44,172080,332160
2026-02-15,6,1014560,57,193860,264640
2026-02-15,14,373920,58,76860,182080
2026-02-15,22,892160,81,171540,386560
2026-02-15,7,777920,85,184140,166720
2026-02-15,15,646912,45,156060,251200
2026-02-15,23,1332800,107,155520,345280
2026-02-15,8,697680,68,95940,216000
2026-02-15,24,1369520,91,136800,365120
2026-02-16,1,771800,103,145080,217280
2026-02-16,17,417620,96,139680,261440
2026-02-16,25,330600,120,420000,195520
2026-02-16,2,1009800,55,87840,245760
2026-02-16,18,422940,89,171720,153280
2026-02-16,26,403560,86,165780,322560
2026-02-16,3,800700,65,109980,380160
2026-02-16,11,365560,87,495600,281600
2026-02-16,19,600100,77,606600,297280
2026-02-16,27,378860,45,96840,393920
2026-02-16,4,526150,51,206820,349760
2026-02-16,12,245860,61,240600,189760
2026-02-16,20,455600,44,76140,248640
2026-02-16,28,361760,80,208440,370880
2026-02-16,5,956250,97,108360,264960
2026-02-16,13,312360,106,179640,369920
2026-02-16,21,656200,101,158580,367040
2026-02-16,29,357960,72,206820,359680
2026-02-16,6,787100,54,209160,311680
2026-02-16,14,263720,46,201060,386240
2026-02-16,22,668100,80,94140,324800
2026-02-16,7,912050,121,76680,312320
2026-02-16,15,287660,115,82620,228160
2026-02-16,23,857650,74,112140,384320
2026-02-16,8,850850,109,143640,160320
2026-02-16,24,691050,46,141840,184640
2026-02-17,1,489600,87,95760,395520
2026-02-17,17,355300,112,146340,253440
2026-02-17,25,394440,104,463200,189760
2026-02-17,2,856800,74,174060,369280
2026-02-17,18,305140,67,175140,135360
2026-02-17,26,235220,93,101340,373120
2026-02-17,3,462400,98,81900,385920
2026-02-17,11,239780,97,387000,383360
2026-02-17,19,935000,115,268200,300800
2026-02-17,27,197980,82,103500,258880
2026-02-17,4,451350,113,186300,328000
2026-02-17,12,258020,88,448800,166720
2026-02-17,20,1007250,102,91080,251200
2026-02-17,28,276260,96,99720,333440
2026-02-17,5,624750,42,135180,314880
2026-02-17,13,415340,67,127440,376320
2026-02-17,21,818550,47,79740,377920
2026-02-17,29,380380,48,154260,351040
2026-02-17,6,542300,95,205740,233600
2026-02-17,14,421800,88,140040,360960
2026-02-17,22,856800,98,121860,364800
2026-02-17,7,980050,100,115020,340160
2026-02-17,15,441560,48,133200,404480
2026-02-17,23,634950,112,207900,284480
2026-02-17,8,895050,50,104400,258240
2026-02-17,24,648550,44,201420,305280
2026-02-18,1,587350,115,181440,344960
2026-02-18,17,209000,77,102060,259520
2026-02-18,25,400900,52,646200,226880
2026-02-18,2,870400,116,207720,184960
2026-02-18,18,259540,92,79740,257920
2026-02-18,26,359860,64,175860,194240
2026-02-18,3,713150,65,156780,314880
2026-02-18,11,388360,97,432000,345920
2026-02-18,19,707200,65,418800,349120
2026-02-18,27,348080,67,129600,353920
2026-02-18,4,624750,71,191160,177920
2026-02-18,12,288420,114,460800,295680
2026-02-18,20,663850,93,162000,248320
2026-02-18,28,275880,116,122940,169920
2026-02-18,5,688500,55,150660,375680
2026-02-18,13,349220,68,215280,274880
2026-02-18,21,677450,47,200880,211520
2026-02-18,29,367080,70,213840,225280
2026-02-18,6,969000,66,87660,168000
2026-02-18,14,391780,85,147960,285120
2026-02-18,22,668950,91,139680,238720
2026-02-18,7,804100,72,175500,287360
2026-02-18,15,423320,90,101340,304640
2026-02-18,23,663000,72,91800,133120
2026-02-18,8,833000,80,124920,340160
2026-02-18,24,686800,71,203940,205120
2026-02-19,1,823650,108,119340,255680
2026-02-19,17,360240,94,111420,377280
2026-02-19,25,197600,76,643200,144640
2026-02-19,2,685100,99,84600,346240
2026-02-19,18,425220,84,146340,249920
2026-02-19,26,280820,117,151200,411520
2026-02-19,3,768400,59,196560,230080
2026-02-19,11,410780,43,288000,352000
2026-02-19,19,950300,109,312600,283520
2026-02-19,27,412300,93,117720,208960
2026-02-19,4,869550,110,204660,377280
2026-02-19,12,202920,62,530400,139520
2026-02-19,20,790500,98,182880,197760
2026-02-19,28,205580,51,76500,130880
2026-02-19,5,599250,100,76680,373760
2026-02-19,13,258400,72,186840,351040
2026-02-19,21,997050,59,207540,241600
2026-02-19,29,317300,88,129960,196160
2026-02-19,6,611150,94,127800,415680
2026-02-19,14,228760,94,121320,149760
2026-02-19,22,441150,60,108360,220160
2026-02-19,7,861050,44,98100,216320
2026-02-19,15,198740,117,165600,166720
2026-02-19,23,589900,109,212760,180800
2026-02-19,8,744600,84,98280,187520
2026-02-19,24,570350,96,177300,258240
2026-02-20,1,946900,75,109980,404480
2026-02-20,17,379620,111,214560,382720
2026-02-20,25,434720,88,486600,368000
2026-02-20,2,468350,58,73980,187520
2026-02-20,18,337440,75,84420,216960
2026-02-20,26,305900,70,99540,201920
2026-02-20,3,464950,77,185580,303680
2026-02-20,11,237120,42,254400,178560
2026-02-20,19,877200,54,478200,200960
2026-02-20,27,274740,73,178740,407360
2026-02-20,4,931600,96,196560,143040
2026-02-20,12,359480,71,390000,146560
2026-02-20,20,928200,92,93780,301440
2026-02-20,28,436620,105,100440,323520
2026-02-20,5,658750,58,121320,177600
2026-02-20,13,301720,85,88380,412800
2026-02-20,21,643450,100,132120,369600
2026-02-20,29,356820,107,120420,395840
2026-02-20,6,625600,72,183780,382720
2026-02-20,14,316920,50,102240,389120
2026-02-20,22,466650,114,214200,213440
2026-02-20,7,769250,98,96120,386560
2026-02-20,15,446500,74,151560,393600
2026-02-20,23,976650,52,123300,241920
2026-02-20,8,587350,101,193320,143360
2026-02-20,24,817700,81,107820,359360
2026-02-21,1,862240,63,108360,371840
2026-02-21,17,455392,57,101880,385280
2026-02-21,25,528352,64,354600,226240
2026-02-21,2,1247120,78,161100,318080
2026-02-21,18,705888,120,121140,350720
2026-02-21,26,325280,75,85500,294400
2026-02-21,3,839120,113,204480,158720
2026-02-21,11,359328,65,276600,202560
2026-02-21,19,1320560,57,598800,204800
2026-02-21,27,690080,73,121860,228480
2026-02-21,4,1117920,106,197460,307520
2026-02-21,12,513760,109,422400,372800
2026-02-21,20,681360,73,155340,305600
2026-02-21,28,453568,95,176940,401600
2026-02-21,5,1277040,115,101520,385280
2026-02-21,13,665152,49,130500,174720
2026-02-21,21,879920,99,98280,140800
2026-02-21,29,369056,59,169740,192640
2026-02-21,6,1169600,91,167400,355200
2026-02-21,14,674880,110,192240,413120
2026-02-21,22,1071680,84,192780,397760
2026-02-21,7,757520,109,125280,319680
2026-02-21,15,656640,59,73980,412480
2026-02-21,23,990080,114,106380,252800
2026-02-21,8,1238960,63,129780,219840
2026-02-21,24,1281120,90,210600,149440
2026-02-22,1,1082560,80,163980,250240
2026-02-22,17,383648,121,194220,179520
2026-02-22,25,423776,67,583800,361600
2026-02-22,2,1577600,115,180360,161280
2026-02-22,18,614080,50,194400,148800
2026-02-22,26,516192,48,101700,369920
2026-02-22,3,1437520,47,184140,155520
2026-02-22,11,627456,91,321600,355200
2026-02-22,19,814640,96,274800,235200
2026-02-22,27,540512,46,187560,204800
2026-02-22,4,708560,109,209520,184320
2026-02-22,12,378784,97,495000,138240
2026-02-22,20,1622480,55,198360,308480
2026-02-22,28,540512,62,101880,232000
2026-02-22,5,916640,56,79740,405760
2026-02-22,13,541728,55,169920,145280
2026-02-22,21,1067600,120,210420,403840
2026-02-22,29,418912,109,176760,264320
2026-02-22,6,1524560,50,197100,209920
2026-02-22,14,459040,100,147060,141440
2026-02-22,22,873120,72,143820,352960
2026-02-22,7,685440,98,139680,163200
2026-02-22,15,650560,97,149580,358080
2026-02-22,23,1506880,68,177120,146240
2026-02-22,8,1156000,94,94500,351360
2026-02-22,24,1377680,69,207360,168640
2026-02-23,1,504050,103,74700,240960
2026-02-23,17,427500,112,175500,189760
2026-02-23,25,352640,56,589200,357120
2026-02-23,2,1017450,89,185400,185600
2026-02-23,18,234460,81,176400,276160
2026-02-23,26,338200,46,106380,168960
2026-02-23,3,627300,104,137340,208000
2026-02-23,11,219640,93,576000,342400
2026-02-23,19,885700,90,408000,182400
2026-02-23,27,446120,54,114480,179520
2026-02-23,4,547400,50,167580,166400
2026-02-23,12,191900,58,667800,371200
2026-02-23,20,538900,86,151200,368000
2026-02-23,28,325660,116,181260,234880
2026-02-23,5,710600,102,130320,370240
2026-02-23,13,249660,49,185040,233280
2026-02-23,21,612000,114,127800,278400
2026-02-23,29,301720,118,117360,247680
2026-02-23,6,521050,47,125100,407360
2026-02-23,14,284620,83,111060,356160
2026-02-23,22,965600,78,108720,294080
2026-02-23,7,933300,89,198900,356800
2026-02-23,15,386460,106,155880,216640
2026-02-23,23,436900,63,132840,234880
2026-02-23,8,780300,47,142200,231680
2026-02-23,24,693600,61,120780,302080
2026-02-24,1,841500,49,120780,369280
2026-02-24,17,440040,100,139500,250560
2026-02-24,25,309320,58,718800,377600
2026-02-24,2,765000,120,162720,297280
2026-02-24,18,390640,63,201060,236160
2026-02-24,26,242440,118,87480,184640
2026-02-24,3,583100,90,125100,387520
2026-02-24,11,422180,120,258000,175360
2026-02-24,19,515950,107,385800,366720
2026-02-24,27,205200,61,108180,289920
2026-02-24,4,923100,85,125100,319040
2026-02-24,12,305900,59,369600,297600
2026-02-24,20,718250,73,178920,266880
2026-02-24,28,365560,53,208620,366400
2026-02-24,5,717400,56,208980,398720
2026-02-24,13,431300,50,89100,270400
2026-02-24,21,690200,66,210240,288320
2026-02-24,29,397100,86,178920,281600
2026-02-24,6,482800,81,104220,248640
2026-02-24,14,406220,109,204480,357120
2026-02-24,22,712300,87,101340,386560
2026-02-24,7,862750,78,85680,162560
2026-02-24,15,283100,58,132660,253760
2026-02-24,23,900150,88,157680,317440
2026-02-24,8,928200,122,74160,199040
2026-02-24,24,515950,101,131040,329280
2026-02-25,1,1008100,94,86220,308800
2026-02-25,17,311600,77,167940,385600
2026-02-25,25,446880,98,309600,256640
2026-02-25,2,765000,54,135180,175680
2026-02-25,18,408880,76,99720,270400
2026-02-25,26,282720,114,138600,141440
2026-02-25,3,756500,106,162540,201280
2026-02-25,11,289940,103,555600,363200
2026-02-25,19,719100,51,398400,217920
2026-02-25,27,196840,110,76860,374720
2026-02-25,4,674900,59,128700,392640
2026-02-25,12,318820,89,598200,354880
2026-02-25,20,917150,107,157320,138880
2026-02-25,28,253840,63,109260,250560
2026-02-25,5,627300,106,116100,232960
2026-02-25,13,293740,81,111600,136960
2026-02-25,21,773500,43,214380,396160
2026-02-25,29,370880,73,144540,300800
2026-02-25,6,1019150,106,190620,197120
2026-02-25,14,316540,55,83700,230720
2026-02-25,22,958800,91,93060,248640
2026-02-25,7,906950,104,155700,209280
2026-02-25,15,268280,73,184140,348800
2026-02-25,23,688500,110,120780,190400
2026-02-25,8,1008100,55,130140,298240
2026-02-25,24,935000,118,134820,150400
2026-02-26,1,982600,87,103320,217280
2026-02-26,17,231800,114,85860,365120
2026-02-26,25,327560,109,457200,322240
2026-02-26,2,527000,62,127080,225920
2026-02-26,18,386840,121,156420,210880
2026-02-26,26,446500,101,176940,156160
2026-02-26,3,555900,64,76320,278400
2026-02-26,11,294120,46,604800,349440
2026-02-26,19,675750,86,565800,229760
2026-02-26,27,196080,78,102420,159680
2026-02-26,4,555050,74,73080,270720
2026-02-26,12,298300,100,578400,135040
2026-02-26,20,823650,75,133740,217920
2026-02-26,28,422940,83,167040,321280
2026-02-26,5,484500,90,212940,340800
2026-02-26,13,209380,58,185040,157440
2026-02-26,21,736100,46,136980,231360
2026-02-26,29,338200,61,78840,235840
2026-02-26,6,912050,45,77220,361600
2026-02-26,14,239020,44,186300,389760
2026-02-26,22,893350,96,156600,203840
2026-02-26,7,450500,93,154440,308480
2026-02-26,15,421420,98,79560,364800
2026-02-26,23,454750,96,124380,363840
2026-02-26,8,459850,50,110520,408960
2026-02-26,24,931600,114,153900,300800
2026-02-27,1,629000,69,157680,269440
2026-02-27,17,437380,80,198000,303040
2026-02-27,25,294880,73,630000,280640
2026-02-27,2,702100,85,198720,133440
2026-02-27,18,367080,118,112860,372480
2026-02-27,26,231800,116,187920,382720
2026-02-27,3,1001300,103,94320,393920
2026-02-27,11,308180,88,675600,365120
2026-02-27,19,941800,107,705000,376000
2026-02-27,27,273980,96,196380,297600
2026-02-27,4,447100,65,151740,376960
2026-02-27,12,196080,119,592800,148480
2026-02-27,20,841500,92,127800,236800
2026-02-27,28,419140,79,76320,357760
2026-02-27,5,437750,42,159840,353600
2026-02-27,13,305140,80,112500,174720
2026-02-27,21,1003850,72,140400,195200
2026-02-27,29,285380,98,122940,410880
2026-02-27,6,649400,62,201600,245760
2026-02-27,14,218120,67,122580,315840
2026-02-27,22,662150,93,203580,383360
2026-02-27,30,867160,86,126180,354880
2026-02-27,7,458150,120,160920,406080
2026-02-27,15,414960,93,164520,316160
2026-02-27,23,671500,52,150300,210880
2026-02-27,8,723350,69,193500,223040
2026-02-27,24,818550,115,147060,147520
2026-02-28,1,981920,111,178020,374720
2026-02-28,17,381216,109,167400,187520
2026-02-28,25,579424,73,325800,304000
2026-02-28,2,1498720,103,176400,275200
2026-02-28,18,632928,99,118080,319040
2026-02-28,26,568480,89,151560,348800
2026-02-28,3,1305600,116,169920,282240
2026-02-28,11,362976,60,576600,254400
2026-02-28,19,1260720,55,469200,210240
2026-02-28,27,369056,111,92340,372800
2026-02-28,4,1308320,116,122040,407040
2026-02-28,12,420128,69,318000,400640
2026-02-28,20,1485120,56,109800,291520
2026-02-28,28,604352,43,173160,360960
2026-02-28,5,1569440,102,183600,302720
2026-02-28,13,507072,56,75240,154560
2026-02-28,21,788800,110,131400,406080
2026-02-28,29,417696,108,105840,410880
2026-02-28,6,749360,75,134280,311360
2026-02-28,14,540512,82,135540,157440
2026-02-28,22,881280,68,95400,310080
2026-02-28,30,1915200,103,72720,304640
2026-02-28,7,1562640,68,121140,213440
2026-02-28,15,685216,120,154080,327680
2026-02-28,23,1437520,42,192240,156160
2026-02-28,8,890800,90,134280,196480
2026-02-28,24,836400,101,176040,378240
2026-03-01,1,1138320,65,153900,410240
2026-03-01,17,341696,45,129780,275840
2026-03-01,25,389120,62,689400,238400
2026-03-01,2,822800,70,95760,158080
2026-03-01,18,600096,57,110340,275200
2026-03-01,26,675488,62,92520,296960
2026-03-01,3,741200,44,176940,416000
2026-03-01,11,594016,80,274800,156160
2026-03-01,19,791520,51,528600,249920
2026-03-01,27,563616,74,95580,216000
2026-03-01,4,1583040,113,103320,224640
2026-03-01,12,442624,81,708000,373760
2026-03-01,20,1467440,81,127800,173760
2026-03-01,28,570304,54,90540,337280
2026-03-01,5,1141040,67,151740,143040
2026-03-01,13,545376,91,187920,385920
2026-03-01,21,962880,56,160920,235520
2026-03-01,29,304000,79,144720,413760
2026-03-01,6,1433440,97,117180,288640
2026-03-01,14,445056,80,124020,129280
2026-03-01,22,975120,64,113580,408320
2026-03-01,30,1789648,69,203760,332480
2026-03-01,7,780640,106,142380,352320
2026-03-01,15,395808,117,151740,341120
2026-03-01,23,1460640,76,97020,329920
2026-03-01,8,855440,55,168840,294400
2026-03-01,24,1263440,60,91800,186880
2026-03-02,1,723350,70,113940,298240
2026-03-02,17,193420,101,172980,351040
2026-03-02,25,313880,117,256800,182080
2026-03-02,2,849150,116,212940,163520
2026-03-02,18,411160,88,81900,192640
2026-03-02,26,405460,81,148500,175680
2026-03-02,3,579700,105,82440,279360
2026-03-02,11,405080,118,655200,356800
2026-03-02,19,827050,114,395400,400320
2026-03-02,27,338580,98,185220,406080
2026-03-02,4,597550,83,108360,232320
2026-03-02,12,432440,58,295800,342400
2026-03-02,20,555900,117,182160,225280
2026-03-02,28,367460,89,106920,198720
2026-03-02,5,435200,65,141660,195520
2026-03-02,13,448020,81,109080,235840
2026-03-02,21,970700,113,201060,141120
2026-03-02,29,303240,68,72720,350080
2026-03-02,6,663000,86,72900,178240
2026-03-02,14,422180,47,171540,232640
2026-03-02,22,982600,104,104220,181120
2026-03-02,30,1303400,88,177300,194560
2026-03-02,7,601800,52,126360,368960
2026-03-02,15,345040,87,132480,302400
2026-03-02,23,978350,113,157140,228480
2026-03-02,8,449650,90,171180,292480
2026-03-02,24,867000,103,107100,172480
2026-03-03,1,743750,82,178920,303680
2026-03-03,17,430160,51,86940,128960
2026-03-03,25,288420,112,258600,413760
2026-03-03,2,779450,101,108720,390080
2026-03-03,18,209380,104,203940,192320
2026-03-03,26,348840,71,141480,386240
2026-03-03,3,866150,98,92340,399360
2026-03-03,11,231420,72,630000,371200
2026-03-03,19,869550,75,466200,324800
2026-03-03,27,208620,49,198180,211520
2026-03-03,4,522750,60,97920,411200
2026-03-03,12,359100,105,562800,186240
2026-03-03,20,610300,72,104940,300800
2026-03-03,28,261820,95,155160,380480
2026-03-03,5,647700,84,156780,273920
2026-03-03,13,294500,53,153360,150400
2026-03-03,21,948600,78,185400,200000
2026-03-03,29,380380,57,204660,156800
2026-03-03,6,986850,84,84420,345280
2026-03-03,14,366320,58,181440,301760
2026-03-03,22,602650,64,105480,244160
2026-03-03,30,1459010,43,79740,217920
2026-03-03,7,753950,50,79020,163520
2026-03-03,15,266000,54,190800,237440
2026-03-03,23,589900,65,159300,235200
2026-03-03,8,575450,111,150840,173760
2026-03-03,24,770950,95,74520,260480
2026-03-04,1,837250,48,172620,249280
2026-03-04,17,223060,51,175500,167360
2026-03-04,25,195320,62,621600,225920
2026-03-04,2,494700,92,215100,277120
2026-03-04,18,270560,87,214380,237760
2026-03-04,26,424460,79,117360,130560
2026-03-04,3,582250,111,191340,219840
2026-03-04,11,217360,80,679800,232960
2026-03-04,19,639200,110,678600,314560
2026-03-04,27,441940,113,105300,225280
2026-03-04,4,648550,113,99360,174400
2026-03-04,12,209760,59,710400,313600
2026-03-04,20,555900,114,185040,400000
2026-03-04,28,294120,45,81720,270080
2026-03-04,5,630700,120,212220,313600
2026-03-04,13,389500,48,212580,190080
2026-03-04,21,606900,53,90360,355200
2026-03-04,29,332120,80,100620,318080
2026-03-04,6,458150,55,174600,208000
2026-03-04,14,323760,56,136440,188160
2026-03-04,22,633250,81,162900,139200
2026-03-04,30,1186360,66,139320,412800
2026-03-04,7,493000,65,104580,260800
2026-03-04,15,230280,42,149040,130560
2026-03-04,23,572900,119,91440,384960
2026-03-04,8,852550,91,169920,220480
2026-03-04,24,990250,60,123660,223040
2026-03-05,1,955400,120,177660,168320
2026-03-05,17,448020,60,139140,308480
2026-03-05,25,443460,86,293400,333440
2026-03-05,2,911200,92,146160,253760
2026-03-05,18,416480,73,187560,378560
2026-03-05,26,413060,89,140580,268800
2026-03-05,3,924800,116,158220,399680
2026-03-05,11,348840,90,588600,183040
2026-03-05,19,433500,91,343800,344320
2026-03-05,27,261820,66,195120,265920
2026-03-05,4,871250,121,214020,389760
2026-03-05,12,266000,109,505200,165760
2026-03-05,20,649400,82,82620,400320
2026-03-05,28,296020,112,135540,378560
2026-03-05,5,539750,47,202320,153280
2026-03-05,13,414200,96,196920,168640
2026-03-05,21,751400,119,150840,363520
2026-03-05,29,289560,74,135900,396800
2026-03-05,6,930750,47,120960,273280
2026-03-05,14,394060,47,102420,320640
2026-03-05,22,969000,81,196200,408320
2026-03-05,30,1073310,110,170640,416000
2026-03-05,7,841500,96,185580,368960
2026-03-05,15,375060,62,104760,183680
2026-03-05,23,547400,66,87840,281920
2026-03-05,8,817700,93,74700,390720
2026-03-05,24,762450,83,165420,133120
2026-03-06,1,626450,92,170460,222720
2026-03-06,17,346940,88,180180,214400
2026-03-06,25,220020,108,617400,194240
2026-03-06,2,720800,106,169560,187520
2026-03-06,18,380760,60,212940,177600
2026-03-06,26,199500,113,189180,201920
2026-03-06,3,782850,49,147060,275200
2026-03-06,11,357200,64,315000,337280
2026-03-06,19,815150,66,636000,298560
2026-03-06,27,248900,49,188280,183360
2026-03-06,4,671500,55,154260,225600
2026-03-06,12,448020,75,503400,352320
2026-03-06,20,728450,42,125460,309760
2026-03-06,28,332120,46,140760,206080
2026-03-06,5,671500,104,104760,282240
2026-03-06,13,333640,60,161280,224640
2026-03-06,21,536350,92,112140,150720
2026-03-06,29,412300,57,112680,285120
2026-03-06,6,507450,79,121680,296320
2026-03-06,14,382280,108,78120,235200
2026-03-06,22,935850,76,124560,369600
2026-03-06,30,1130500,73,187560,139840
2026-03-06,7,833000,96,196380,227520
2026-03-06,15,220780,45,72720,348160
2026-03-06,23,645150,77,158760,214720
2026-03-06,8,583100,62,89100,218880
2026-03-06,24,829600,74,126000,287040
2026-03-07,1,920720,57,148500,246080
2026-03-07,17,447488,94,166860,303040
2026-03-07,25,488832,42,265200,260800
2026-03-07,2,726240,78,193500,195840
2026-03-07,18,419520,90,79560,375680
2026-03-07,26,314336,87,149220,268800
2026-03-07,3,1598000,62,102420,242560
2026-03-07,11,415872,45,608400,349120
2026-03-07,19,1524560,54,280800,261120
2026-03-07,27,364192,60,72720,273920
2026-03-07,4,749360,108,144360,288960
2026-03-07,12,580640,83,667800,396800
2026-03-07,20,1483760,57,198720,312960
2026-03-07,28,337440,111,166140,142720
2026-03-07,5,689520,105,157140,270720
2026-03-07,13,314336,61,79560,306240
2026-03-07,21,1160080,113,96840,319040
2026-03-07,29,525312,44,104400,221120
2026-03-07,6,1403520,113,207540,165440
2026-03-07,14,553888,44,142920,337600
2026-03-07,22,1158720,68,170640,256000
2026-03-07,30,2379104,82,99900,371520
2026-03-07,7,1308320,65,93780,350080
2026-03-07,15,598272,119,198360,276800
2026-03-07,23,714000,51,167040,319680
2026-03-07,8,919360,82,76860,275840
2026-03-07,24,1116560,104,109620,275200
2026-03-08,1,881280,51,183060,284800
2026-03-08,17,320416,92,75960,178240
2026-03-08,25,514368,81,627000,184320
2026-03-08,2,699040,42,179460,235840
2026-03-08,18,313120,118,157320,331200
2026-03-08,26,693728,119,186300,411200
2026-03-08,3,811920,60,107640,294080
2026-03-08,11,727168,56,360600,194240
2026-03-08,19,1184560,96,451800,394560
2026-03-08,27,679136,112,179820,204480
2026-03-08,4,1020000,82,96480,181440
2026-03-08,12,413440,96,504000,326080
2026-03-08,20,1277040,116,109080,152960
2026-03-08,28,459040,85,133740,406720
2026-03-08,5,1330080,72,171540,379200
2026-03-08,13,691904,48,202320,277760
2026-03-08,21,1558560,79,212040,257920
2026-03-08,29,353856,91,102600,331200
2026-03-08,6,952000,82,193860,263360
2026-03-08,14,556928,72,162720,185280
2026-03-08,22,1508240,102,138060,281600
2026-03-08,30,2030112,98,143100,198400
2026-03-08,7,856800,85,92340,399040
2026-03-08,15,426208,64,80100,372160
2026-03-08,23,722160,105,133740,175360
2026-03-08,8,1535440,84,162540,411840
2026-03-08,24,694960,54,172800,347840
2026-03-09,1,543150,66,199620,371200
2026-03-09,17,369360,56,205560,162560
2026-03-09,25,230660,78,355200,143680
2026-03-09,2,512550,89,127080,312000
2026-03-09,18,432440,63,109980,276160
2026-03-09,26,285000,50,133920,351360
2026-03-09,3,983450,122,204660,413760
2026-03-09,11,221540,102,671400,285440
2026-03-09,19,965600,105,708000,138560
2026-03-09,27,358340,57,208620,274240
2026-03-09,4,839800,47,102780,168960
2026-03-09,12,412300,111,244800,315840
2026-03-09,20,443700,84,115740,175360
2026-03-09,28,429780,107,126000,406400
2026-03-09,5,1014900,50,189360,184640
2026-03-09,13,212800,101,77400,327040
2026-03-09,21,596700,115,188100,149440
2026-03-09,29,436240,103,106920,212160
2026-03-09,6,739500,121,186840,239040
2026-03-09,14,440040,121,110340,211200
2026-03-09,22,433500,74,132660,221440
2026-03-09,30,1403150,78,95580,224960
2026-03-09,7,982600,50,127620,311040
2026-03-09,15,407740,94,167760,177920
2026-03-09,23,675750,115,112140,284480
2026-03-09,8,499800,77,88200,183040
2026-03-09,24,818550,101,74880,390720
2026-03-10,1,554200,56,111420,319040
2026-03-10,17,393680,44,169740,251840
2026-03-10,25,278540,112,415200,393600
2026-03-10,2,699550,111,208080,148800
2026-03-10,18,408500,86,73800,329600
2026-03-10,26,400520,67,132840,289920
2026-03-10,3,497250,81,156960,321600
2026-03-10,11,243200,122,513600,395840
2026-03-10,19,583100,102,384000,272320
2026-03-10,27,276640,57,92340,325440
2026-03-10,4,791350,122,127260,243520
2026-03-10,12,197980,93,290400,169600
2026-03-10,20,519350,71,124380,243840
2026-03-10,28,454860,62,196200,223360
2026-03-10,5,718250,97,77760,166080
2026-03-10,13,400900,43,125280,291520
2026-03-10,21,510000,55,132660,380800
2026-03-10,29,204440,114,157680,308800
2026-03-10,6,817700,117,201240,232000
2026-03-10,14,313500,96,86400,342720
2026-03-10,22,562700,89,142740,353280
2026-03-10,30,1384530,84,138960,285120
2026-03-10,7,758200,93,145980,307840
2026-03-10,15,348080,100,179640,221120
2026-03-10,23,660450,104,135180,302080
2026-03-10,8,542300,79,107100,393280
2026-03-10,24,955400,68,142380,324480
2026-03-11,1,972400,47,140220,252160
2026-03-11,17,234080,115,179280,187840
2026-03-11,25,382280,99,409800,268800
2026-03-11,2,1014050,77,205560,204800
2026-03-11,18,373160,48,120240,321920
2026-03-11,26,314640,106,81720,207360
2026-03-11,3,893350,88,121680,148480
2026-03-11,11,275120,93,478800,216000
2026-03-11,19,630700,88,345000,323840
2026-03-11,27,370500,67,211860,311680
2026-03-11,4,963900,92,189720,134400
2026-03-11,12,199500,84,304200,310400
2026-03-11,20,519350,102,149400,318400
2026-03-11,28,243580,99,117360,302080
2026-03-11,5,840650,46,172980,319040
2026-03-11,13,342760,89,162540,263040
2026-03-11,21,563550,120,210060,344640
2026-03-11,29,213560,64,194760,177920
2026-03-11,6,838100,74,111600,344640
2026-03-11,14,278920,105,91620,354240
2026-03-11,22,497250,95,121500,172160
2026-03-11,30,869820,101,102060,314560
2026-03-11,7,470900,101,81180,415680
2026-03-11,15,455620,90,214020,298240
2026-03-11,23,543150,60,187920,232000
2026-03-11,8,871250,58,153540,187520
2026-03-11,24,630700,96,106020,301120
2026-03-12,1,833000,65,79200,263040
2026-03-12,17,421040,100,207360,311040
2026-03-12,25,270560,57,405600,230400
2026-03-12,2,839800,61,111960,368960
2026-03-12,18,261440,47,164160,389760
2026-03-12,26,269040,67,138240,141440
2026-03-12,3,641750,109,142200,177920
2026-03-12,11,335540,84,508800,148480
2026-03-12,19,513400,68,267600,254400
2026-03-12,27,259540,61,212220,400960
2026-03-12,4,923950,112,198000,229120
2026-03-12,12,226860,71,248400,402880
2026-03-12,20,969000,110,154800,227840
2026-03-12,28,302860,95,181620,224960
2026-03-12,5,838100,112,124560,412160
2026-03-12,13,421800,95,84780,132480
2026-03-12,21,799850,80,211860,292160
2026-03-12,29,346180,107,82440,198720
2026-03-12,6,779450,76,93420,252160
2026-03-12,14,281580,99,189000,375680
2026-03-12,22,666400,83,194040,300480
2026-03-12,30,1554770,56,190800,385920
2026-03-12,7,629000,101,111060,414080
2026-03-12,15,257260,42,180540,157760
2026-03-12,23,1017450,59,181440,134400
2026-03-12,8,803250,53,176580,366080
2026-03-12,24,748000,65,112680,245120
2026-03-13,1,635800,109,110340,179200
2026-03-13,17,311980,99,95220,322240
2026-03-13,25,194180,111,329400,227200
2026-03-13,2,855100,93,151200,320640
2026-03-13,18,393300,56,187020,332160
2026-03-13,26,313880,50,165960,238720
2026-03-13,3,496400,116,142560,313280
2026-03-13,11,439660,98,652800,274240
2026-03-13,19,587350,86,483600,337920
2026-03-13,27,370500,83,164700,264320
2026-03-13,4,487050,47,77400,409600
2026-03-13,12,424460,106,559800,180800
2026-03-13,20,450500,58,136800,330560
2026-03-13,28,210520,109,148500,197120
2026-03-13,5,651950,55,174060,338560
2026-03-13,13,432820,69,208620,373120
2026-03-13,21,574600,98,193860,354560
2026-03-13,29,299060,90,81720,392960
2026-03-13,6,538050,115,83700,309440
2026-03-13,14,195700,66,141120,409920
2026-03-13,22,887400,74,146520,135360
2026-03-13,30,792680,81,121140,271680
2026-03-13,7,745450,98,199080,357440
2026-03-13,15,430540,120,117360,392960
2026-03-13,23,580550,88,162000,260800
2026-03-13,8,521900,60,199080,281600
2026-03-13,24,441150,54,206640,283200
2026-03-14,1,1138320,59,153900,297920
2026-03-14,17,400672,118,118080,308480
2026-03-14,25,510112,107,303600,303360
2026-03-14,2,684080,69,173880,181440
2026-03-14,18,463296,89,76140,166720
2026-03-14,26,551456,61,99000,389120
2026-03-14,3,881280,52,147420,170240
2026-03-14,11,307040,73,462000,415680
2026-03-14,19,1591200,65,299400,200960
2026-03-14,27,637792,71,117180,218880
2026-03-14,4,1211760,50,152100,293760
2026-03-14,12,462080,80,440400,160000
2026-03-14,20,999600,82,127620,208000
2026-03-14,28,710144,116,162720,393920
2026-03-14,5,1402160,45,211860,207040
2026-03-14,13,471200,121,96660,374080
2026-03-14,21,1364080,51,156060,187520
2026-03-14,29,614080,105,178020,391040
2026-03-14,6,911200,96,183420,388800
2026-03-14,14,575168,65,91620,237120
2026-03-14,22,1289280,81,211500,285440
2026-03-14,30,639616,56,176400,353920
2026-03-14,7,1419840,81,165240,316160
2026-03-14,15,479104,66,112500,172480
2026-03-14,23,1399440,104,108360,322240
2026-03-14,8,761600,79,135540,192640
2026-03-14,24,1540880,73,166860,317440
2026-03-15,1,1267520,86,98460,147840
2026-03-15,17,708320,121,105300,146240
2026-03-15,25,699808,72,458400,334080
2026-03-15,2,1147840,59,174780,257920
2026-03-15,18,477888,57,201780,379200
2026-03-15,26,597056,68,107460,186560
2026-03-15,3,1632000,77,175320,212480
2026-03-15,11,700416,74,352800,288320
2026-03-15,19,1278400,112,677400,382720
2026-03-15,27,701024,111,152640,143680
2026-03-15,4,1305600,85,208620,359680
2026-03-15,12,723520,51,568200,207040
2026-03-15,20,859520,58,125820,230080
2026-03-15,28,485184,77,111780,275840
2026-03-15,5,1142400,94,113040,326080
2026-03-15,13,594016,45,196740,399680
2026-03-15,21,897600,95,128340,137920
2026-03-15,29,453568,77,161640,369280
2026-03-15,6,988720,81,133200,330560
2026-03-15,14,456000,116,142200,310400
2026-03-15,22,1132880,48,144360,203840
2026-03-15,30,505856,103,83340,238080
2026-03-15,7,1058080,73,194040,316480
2026-03-15,15,546592,56,198360,407040
2026-03-15,23,1380400,110,111060,370560
2026-03-15,8,805120,78,133200,144320
2026-03-15,24,1021360,105,76140,347200
2026-03-16,1,1014900,89,166860,377280
2026-03-16,17,403180,113,122040,284800
2026-03-16,25,330600,52,572400,129920
2026-03-16,2,576300,73,174960,185920
2026-03-16,18,301340,103,145440,322240
2026-03-16,26,252320,105,96300,352000
2026-03-16,3,999600,49,130320,229120
2026-03-16,11,444600,96,496200,173760
2026-03-16,19,612850,77,396600,176000
2026-03-16,27,405840,65,139680,254400
2026-03-16,4,775200,103,146340,153600
2026-03-16,12,413060,121,653400,304960
2026-03-16,20,742050,58,72900,223680
2026-03-16,28,390640,119,210960,367680
2026-03-16,5,760750,114,100440,132480
2026-03-16,13,346180,91,140220,356160
2026-03-16,21,908650,122,194940,277760
2026-03-16,29,323000,98,160920,232320
2026-03-16,6,426700,113,189180,269760
2026-03-16,14,366320,101,155700,186240
2026-03-16,22,753100,62,164880,357120
2026-03-16,30,394820,72,75960,320960
2026-03-16,7,933300,82,107280,271680
2026-03-16,15,316540,87,212040,222080
2026-03-16,23,1019150,102,159840,208640
2026-03-16,8,687650,119,136260,260160
2026-03-16,24,543150,86,172440,342720
2026-03-17,1,816850,94,84960,246720
2026-03-17,17,349980,42,203580,298880
2026-03-17,25,351880,114,676200,190400
2026-03-17,2,946050,109,96660,289920
2026-03-17,18,208620,112,207720,231040
2026-03-17,26,381520,60,123120,280640
2026-03-17,3,867850,66,184680,360960
2026-03-17,11,338960,44,412800,253120
2026-03-17,19,768400,99,373200,360000
2026-03-17,27,372020,75,183060,413440
2026-03-17,4,895900,106,196920,162880
2026-03-17,12,205200,115,286800,241920
2026-03-17,20,803250,88,162360,361280
2026-03-17,28,385700,113,106740,403840
2026-03-17,5,560150,79,175140,291520
2026-03-17,13,320720,112,173520,336640
2026-03-17,21,675750,101,194580,390720
2026-03-17,29,192280,107,113940,239040
2026-03-17,6,828750,50,145440,372480
2026-03-17,14,320720,121,185220,382080
2026-03-17,22,776050,121,150300,335360
2026-03-17,30,225720,71,80820,348800
2026-03-17,7,974950,111,120240,296640
2026-03-17,15,358340,84,162000,314880
2026-03-17,23,765850,66,195120,249920
2026-03-17,8,889100,73,133560,359040
2026-03-17,24,496400,107,80460,211520
2026-03-18,1,799000,102,149580,272640
2026-03-18,17,312360,100,120420,288000
2026-03-18,25,375820,71,323400,298880
2026-03-18,2,685100,63,117180,168320
2026-03-18,18,431680,64,199620,353280
2026-03-18,26,250420,67,198000,192960
2026-03-18,3,857650,110,168300,332800
2026-03-18,11,399760,110,688800,384640
2026-03-18,19,873800,77,459000,336640
2026-03-18,27,372400,104,99900,303360
2026-03-18,4,794750,73,158940,306240
2026-03-18,12,320720,42,616200,415040
2026-03-18,20,669800,62,128160,203840
2026-03-18,28,276640,78,102060,203840
2026-03-18,5,782850,71,113760,270720
2026-03-18,13,392160,72,167220,159040
2026-03-18,21,636650,49,91800,201920
2026-03-18,29,243200,97,178380,343680
2026-03-18,6,486200,108,73800,306240
2026-03-18,14,308180,74,194760,390080
2026-03-18,22,492150,59,129420,161920
2026-03-18,30,204440,121,100260,333120
2026-03-18,7,664700,50,174060,347520
2026-03-18,15,267140,113,203220,310400
2026-03-18,23,907800,50,157860,129920
2026-03-18,8,919700,92,140400,166720
2026-03-18,24,886550,84,204300,337920
2026-03-19,1,782000,64,182520,235200
2026-03-19,17,281580,63,117180,377920
2026-03-19,25,240920,108,498600,242240
2026-03-19,2,1007250,122,84420,152320
2026-03-19,18,419520,70,159300,371840
2026-03-19,26,455620,101,203400,313920
2026-03-19,3,633250,81,176760,282240
2026-03-19,11,302100,52,450000,201920
2026-03-19,19,567800,50,501600,213760
2026-03-19,27,416480,54,155700,178880
2026-03-19,4,810050,112,103500,228160
2026-03-19,12,441560,73,450600,329280
2026-03-19,20,590750,97,198720,323200
2026-03-19,28,375060,55,91620,131200
2026-03-19,5,912900,49,138240,401920
2026-03-19,13,308560,54,97380,411520
2026-03-19,21,1008100,50,209160,300480
2026-03-19,29,394060,60,80820,260160
2026-03-19,6,829600,87,167580,210560
2026-03-19,14,292980,93,149580,331200
2026-03-19,22,714850,60,213120,161280
2026-03-19,30,324900,77,169200,200960
2026-03-19,7,958800,42,164520,406400
2026-03-19,15,398240,104,180180,195200
2026-03-19,23,653650,61,198720,297280
2026-03-19,8,652800,42,199260,355200
2026-03-19,24,577150,90,137520,243520
2026-03-20,1,587350,102,138420,282240
2026-03-20,17,404320,67,79740,292480
2026-03-20,25,265240,95,537000,299520
2026-03-20,2,961350,61,126540,322880
2026-03-20,18,455240,84,170280,251520
2026-03-20,26,236740,65,141480,297280
2026-03-20,3,447100,59,162360,329280
2026-03-20,11,412680,56,689400,169600
2026-03-20,19,474300,45,532800,186560
2026-03-20,27,240160,58,79380,132800
2026-03-20,4,829600,106,146340,328960
2026-03-20,12,205200,50,456000,306240
2026-03-20,20,977500,50,152460,383680
2026-03-20,28,422180,44,75060,330880
2026-03-20,5,609450,122,156420,228160
2026-03-20,13,338580,51,204660,137600
2026-03-20,21,496400,55,210060,203200
2026-03-20,29,236360,57,77760,138240
2026-03-20,6,946050,74,209160,324800
2026-03-20,14,369740,105,169560,185600
2026-03-20,22,551650,111,111420,195200
2026-03-20,30,241300,75,116820,349120
2026-03-20,7,954550,52,130320,259520
2026-03-20,15,345420,43,172800,296960
2026-03-20,23,845750,62,113040,175680
2026-03-20,8,576300,71,214200,252480
2026-03-20,24,662150,107,177120,327040
2026-03-21,1,1569440,85,206100,388160
2026-03-21,17,539904,98,116100,157760
2026-03-21,25,493696,104,450000,322240
2026-03-21,2,1593920,50,199620,232000
2026-03-21,18,601312,42,196020,143040
2026-03-21,26,561792,55,163800,275200
2026-03-21,3,947920,65,157680,318720
2026-03-21,11,326496,112,683400,371840
2026-03-21,19,762960,93,716400,334080
2026-03-21,27,337440,87,208260,369920
2026-03-21,4,1262080,122,211500,387520
2026-03-21,12,545376,90,519000,202240
2026-03-21,20,835040,55,108720,160960
2026-03-21,28,307040,82,74340,185920
2026-03-21,5,1017280,94,210420,381120
2026-03-21,13,381216,100,143640,347520
2026-03-21,21,731680,42,162360,220160
2026-03-21,29,352640,120,178560,147200
2026-03-21,6,1334160,50,174240,194560
2026-03-21,14,593408,119,163080,167360
2026-03-21,22,1196800,107,81720,140800
2026-03-21,30,594016,88,119340,355520
2026-03-21,7,767040,72,126900,401920
2026-03-21,15,321024,56,153540,199680
2026-03-21,23,878560,48,109080,379520
2026-03-21,8,1022720,115,173520,320640
2026-03-21,24,817360,64,173880,147520
2026-03-22,1,1370880,50,74160,299840
2026-03-22,17,428032,51,113220,380160
2026-03-22,25,407360,43,559200,297920
2026-03-22,2,1146480,97,102960,144960
2026-03-22,18,710144,93,183060,405760
2026-03-22,26,328320,66,188100,157760
2026-03-22,3,796960,97,140400,373120
2026-03-22,11,389120,76,584400,400320
2026-03-22,19,1525920,121,685200,410240
2026-03-22,27,724128,73,85500,230400
2026-03-22,4,743920,109,83160,240320
2026-03-22,12,441408,45,605400,180800
2026-03-22,20,1135600,106,180720,257600
2026-03-22,28,460864,111,187020,370560
2026-03-22,5,690880,85,74340,329920
2026-03-22,13,422560,103,73080,352320
2026-03-22,21,1355920,76,117360,150400
2026-03-22,29,522880,72,120060,216960
2026-03-22,6,1392640,83,132840,166720
2026-03-22,14,346560,54,133560,168640
2026-03-22,22,1570800,90,167040,177280
2026-03-22,30,572128,56,178020,154240
2026-03-22,7,901680,46,95040,260800
2026-03-22,15,316160,67,180900,150400
2026-03-22,23,1527280,109,140580,367360
2026-03-22,8,1476960,118,189000,230720
2026-03-22,24,990080,50,159300,413760
2026-03-23,1,549100,68,215640,372800
2026-03-23,17,274740,99,131400,160320
2026-03-23,25,248520,110,359400,151360
2026-03-23,2,646000,87,96120,363840
2026-03-23,18,196460,92,128340,279040
2026-03-23,26,413060,66,129420,130880
2026-03-23,3,543150,87,77580,247040
2026-03-23,11,244720,78,581400,336640
2026-03-23,19,957950,90,537000,300800
2026-03-23,27,409260,93,103680,415360
2026-03-23,4,455600,51,195300,129600
2026-03-23,12,233700,65,553200,250560
2026-03-23,20,630700,111,90000,233600
2026-03-23,28,226860,64,202320,290880
2026-03-23,5,952000,44,157140,408320
2026-03-23,13,409640,104,171000,352000
2026-03-23,21,566950,90,93600,366080
2026-03-23,29,334020,82,77580,158720
2026-03-23,6,477700,52,198540,296000
2026-03-23,14,202540,122,184320,156800
2026-03-23,22,427550,111,143100,380160
2026-03-23,30,247760,49,195300,188160
2026-03-23,7,612850,62,143640,193920
2026-03-23,15,343900,66,195120,180800
2026-03-23,23,513400,50,77400,405440
2026-03-23,8,644300,51,135000,402560
2026-03-23,24,642600,80,173160,344320
2026-03-24,1,505750,49,208980,393920
2026-03-24,17,415720,77,156960,410240
2026-03-24,25,261440,44,714000,260160
2026-03-24,2,595850,67,185580,331840
2026-03-24,18,214320,48,140040,178560
2026-03-24,26,251180,117,91620,216000
2026-03-24,3,528700,49,96660,196480
2026-03-24,11,348080,68,495600,349120
2026-03-24,19,854250,86,278400,256640
2026-03-24,27,304000,66,214740,334720
2026-03-24,4,858500,63,206100,334080
2026-03-24,12,430540,114,626400,356480
2026-03-24,20,590750,56,150840,137920
2026-03-24,28,196080,114,116460,171520
2026-03-24,5,634950,71,75240,274880
2026-03-24,13,262580,67,189180,319040
2026-03-24,21,911200,102,124020,254720
2026-03-24,29,364040,67,90900,280000
2026-03-24,6,982600,118,174780,320000
2026-03-24,14,332120,53,125820,131200
2026-03-24,22,897600,112,151560,414400
2026-03-24,30,313880,82,136440,397760
2026-03-24,7,501500,84,212220,163840
2026-03-24,15,378480,95,111240,344960
2026-03-24,23,439450,64,104580,264320
2026-03-24,8,748850,88,138420,206080
2026-03-24,24,631550,82,111600,215680
2026-03-25,1,453900,90,135540,312320
2026-03-25,17,276260,101,175320,131200
2026-03-25,25,250800,84,525000,365440
2026-03-25,2,954550,77,158400,239680
2026-03-25,18,283480,53,122040,178880
2026-03-25,26,215840,107,208260,345600
2026-03-25,3,437750,81,133740,385280
2026-03-25,11,426740,53,516600,353280
2026-03-25,19,782850,120,436800,230080
2026-03-25,27,202920,48,199260,316480
2026-03-25,4,791350,71,96660,264320
2026-03-25,12,369360,42,466200,265920
2026-03-25,20,952850,66,138420,355200
2026-03-25,28,191900,109,74880,312000
2026-03-25,5,552500,92,164160,284160
2026-03-25,13,334020,86,139320,392320
2026-03-25,21,466650,53,178740,384000
2026-03-25,29,290320,50,114840,182720
2026-03-25,6,779450,76,168660,370240
2026-03-25,14,442700,55,78120,315520
2026-03-25,22,758200,84,109980,330240
2026-03-25,30,262200,57,175140,242880
2026-03-25,7,1014050,49,101700,374720
2026-03-25,15,236740,56,174240,363520
2026-03-25,23,435200,103,124560,154560
2026-03-25,8,864450,77,146160,254080
2026-03-25,24,907800,71,106200,326080
2026-03-26,1,491300,50,139140,197760
2026-03-26,17,439280,69,180000,326080
2026-03-26,25,204060,51,295800,190080
2026-03-26,2,453050,106,110160,228160
2026-03-26,18,234460,89,99720,353280
2026-03-26,26,280060,51,115200,356480
2026-03-26,3,702100,110,136980,218560
2026-03-26,11,345040,113,561600,391360
2026-03-26,19,682550,68,402000,238080
2026-03-26,27,228380,114,159120,224320
2026-03-26,4,720800,67,128880,410560
2026-03-26,12,372400,101,477000,207680
2026-03-26,20,912900,65,153900,364800
2026-03-26,28,328320,108,85140,167040
2026-03-26,5,915450,53,79020,153280
2026-03-26,13,365180,98,90540,325440
2026-03-26,21,701250,60,163800,383040
2026-03-26,29,351500,113,170100,307840
2026-03-26,6,533800,117,75960,248960
2026-03-26,14,308180,93,122580,343360
2026-03-26,22,681700,47,100080,269760
2026-03-26,30,210140,97,116820,375680
2026-03-26,7,545700,51,123120,410240
2026-03-26,15,228000,70,180900,157120
2026-03-26,23,664700,90,193320,375360
2026-03-26,8,661300,118,125640,272960
2026-03-26,24,523600,52,169920,363200
2026-03-27,1,974100,93,166860,371520
2026-03-27,17,307420,105,201240,264000
2026-03-27,25,441180,93,342000,393600
2026-03-27,2,688500,59,102240,374080
2026-03-27,18,280440,86,166320,404800
2026-03-27,26,453720,76,210060,372160
2026-03-27,3,531250,82,72900,386560
2026-03-27,11,250800,116,341400,208000
2026-03-27,19,852550,104,490800,253440
2026-03-27,27,338960,114,104400,234240
2026-03-27,4,503200,122,206460,354240
2026-03-27,12,396340,93,669600,362240
2026-03-27,20,464100,118,77760,396480
2026-03-27,28,421420,65,179460,192640
2026-03-27,5,520200,73,162720,183360
2026-03-27,13,293740,96,80100,179200
2026-03-27,21,438600,55,169380,285760
2026-03-27,29,377340,108,175860,317120
2026-03-27,6,493850,93,191700,237760
2026-03-27,14,385700,105,196380,409920
2026-03-27,22,613700,69,143820,317120
2026-03-27,30,315780,114,194580,325120
2026-03-27,7,1012350,106,201600,383680
2026-03-27,15,304760,95,211140,145280
2026-03-27,23,739500,101,210060,263680
2026-03-27,8,889100,96,99000,326400
2026-03-27,24,654500,50,86220,182720
2026-03-28,1,960160,121,159120,221760
2026-03-28,17,480928,85,101700,344960
2026-03-28,25,412224,53,649200,368640
2026-03-28,2,1406240,110,201960,297920
2026-03-28,18,437152,118,148680,353280
2026-03-28,26,339264,111,94140,225280
2026-03-28,3,1508240,47,146520,288000
2026-03-28,11,583072,110,364800,199360
2026-03-28,19,920720,94,547800,150080
2026-03-28,27,381824,97,167220,324160
2026-03-28,4,996880,75,149220,186880
2026-03-28,12,645696,116,667200,360000
2026-03-28,20,1213120,63,212040,235200
2026-03-28,28,614080,64,78660,358400
2026-03-28,5,1562640,121,169560,192320
2026-03-28,13,310688,53,176220,318400
2026-03-28,21,1293360,104,191880,205440
2026-03-28,29,597056,74,170820,358080
2026-03-28,6,1068960,75,100980,198400
2026-03-28,14,646912,109,150660,253120
2026-03-28,22,1151920,100,181980,315840
2026-03-28,30,420736,111,204660,318080
2026-03-28,7,1056720,112,97920,313920
2026-03-28,15,491872,66,210780,337600
2026-03-28,23,1138320,50,131400,333440
2026-03-28,8,739840,88,210600,224320
2026-03-28,24,885360,54,193500,138880
2026-03-29,1,1043120,73,122400,162880
2026-03-29,17,642048,92,115200,228160
2026-03-29,25,477280,73,618000,322560
2026-03-29,2,1192720,102,195660,149120
2026-03-29,18,462688,84,144180,178560
2026-03-29,26,628064,122,80100,322880
2026-03-29,3,1539520,54,213480,306560
2026-03-29,11,455392,104,415800,184960
2026-03-29,19,1534080,94,643200,327360
2026-03-29,27,588544,50,156600,232000
2026-03-29,4,1141040,103,118080,337280
2026-03-29,12,321024,44,424200,253120
2026-03-29,20,1396720,100,181080,356800
2026-03-29,28,336224,42,73260,322880
2026-03-29,5,1599360,85,135000,150400
2026-03-29,13,551456,60,200340,351360
2026-03-29,21,927520,79,149040,135360
2026-03-29,29,636576,43,169740,392640
2026-03-29,6,1097520,43,129240,224320
2026-03-29,14,375136,73,145260,132800
2026-03-29,22,1544960,63,169020,274240
2026-03-29,30,663328,83,101520,363200
2026-03-29,7,1523200,111,129780,217280
2026-03-29,15,651776,62,197820,374400
2026-03-29,23,1312400,49,147420,354560
2026-03-29,8,1479680,107,151920,325440
2026-03-29,24,911200,94,142740,174080
2026-03-30,1,881450,71,180360,343040
2026-03-30,17,454480,81,172800,170880
2026-03-30,25,201400,43,674400,274240
2026-03-30,2,908650,71,83700,348800
2026-03-30,18,191140,75,204300,395840
2026-03-30,26,305140,90,113580,148160
2026-03-30,3,934150,76,96660,179840
2026-03-30,11,405080,83,328200,150720
2026-03-30,19,867000,84,678000,255680
2026-03-30,27,319960,72,90360,363200
2026-03-30,4,820250,52,166140,360000
2026-03-30,12,364040,81,514800,129280
2026-03-30,20,525300,116,145800,375360
2026-03-30,28,341620,63,202860,354880
2026-03-30,5,788800,59,112320,406080
2026-03-30,13,213940,68,83160,373760
2026-03-30,21,850000,93,195660,272000
2026-03-30,29,230660,50,72720,222080
2026-03-30,6,454750,85,129780,241920
2026-03-30,14,447640,44,169200,265600
2026-03-30,22,986000,89,209160,340160
2026-03-30,30,423700,78,86220,131200
2026-03-30,7,832150,117,137880,189120
2026-03-30,15,215840,81,106200,237120
2026-03-30,23,937550,99,90540,339200
2026-03-30,8,878900,114,192420,384000
2026-03-30,24,847450,116,120960,333440
2026-03-31,1,995350,118,191160,310720
2026-03-31,17,418380,97,138060,360000
2026-03-31,25,312740,67,432600,226560
2026-03-31,2,579700,64,106920,279680
2026-03-31,18,302860,114,120060,368960
2026-03-31,26,398620,72,122040,347840
2026-03-31,3,705500,97,163080,265920
2026-03-31,11,206720,91,471000,342720
2026-03-31,19,885700,121,417000,169600
2026-03-31,27,390640,108,116820,207360
2026-03-31,4,538050,96,80640,333120
2026-03-31,12,334400,59,507000,316160
2026-03-31,20,594150,64,216000,412800
2026-03-31,28,359100,45,186660,192640
2026-03-31,5,564400,80,155880,166400
2026-03-31,13,396340,106,170280,226560
2026-03-31,21,776050,72,186120,354240
2026-03-31,29,234840,111,151560,179520
2026-03-31,6,980050,42,97380,196480
2026-03-31,14,192660,84,130320,287680
2026-03-31,22,539750,59,183960,266560
2026-03-31,30,412680,92,75780,334080
2026-03-31,7,561000,107,208800,219840
2026-03-31,15,311220,91,123840,389120
2026-03-31,23,543150,102,131580,167680
2026-03-31,8,745450,61,169380,385280
2026-03-31,24,428400,48,172440,394560
2026-04-01,1,901000,104,75960,394240
2026-04-01,17,454100,97,209160,317440
2026-04-01,25,285380,67,603600,163520
2026-04-01,2,498100,103,90000,162240
2026-04-01,18,396720,89,156420,142080
2026-04-01,26,278920,80,158760,351040
2026-04-01,3,510850,47,166500,334720
2026-04-01,11,200640,71,326400,289600
2026-04-01,19,875500,78,642600,251840
2026-04-01,27,367080,108,150300,181440
2026-04-01,4,568650,64,214020,143360
2026-04-01,12,281580,89,657600,180160
2026-04-01,20,891650,72,138060,375360
2026-04-01,28,294120,81,198720,245440
2026-04-01,5,561000,42,183420,175360
2026-04-01,13,350360,55,121500,147520
2026-04-01,21,491300,75,97740,398400
2026-04-01,29,443460,92,151740,216000
2026-04-01,6,644300,84,78120,286720
2026-04-01,14,302480,60,90540,172480
2026-04-01,22,999600,68,132840,281600
2026-04-01,30,229140,69,97200,267520
2026-04-01,7,533800,46,84060,259840
2026-04-01,15,413440,116,80640,149760
2026-04-01,23,982600,63,89100,251840
2026-04-01,8,934150,56,136080,228480
2026-04-01,24,668100,54,114480,146240
2026-04-02,1,857650,122,206100,198400
2026-04-02,17,249660,95,87480,232000
2026-04-02,25,198360,46,501000,397760
2026-04-02,2,800700,61,180540,176960
2026-04-02,18,288040,111,106920,140800
2026-04-02,26,336680,79,122220,275520
2026-04-02,3,790500,121,100800,296960
2026-04-02,11,424460,103,523800,153920
2026-04-02,19,678300,78,674400,267520
2026-04-02,27,240920,121,207180,286720
2026-04-02,4,557600,70,170820,319360
2026-04-02,12,229140,91,244200,382080
2026-04-02,20,566950,76,182880,328000
2026-04-02,28,391780,61,150120,144960
2026-04-02,5,768400,107,141300,171520
2026-04-02,13,212420,119,132300,324480
2026-04-02,21,1009800,113,199980,313920
2026-04-02,29,194180,51,139500,145920
2026-04-02,6,677450,98,102240,193600
2026-04-02,14,300200,59,198900,145280
2026-04-02,22,476000,55,141120,352960
2026-04-02,30,342760,104,100440,187840
2026-04-02,7,538900,114,88200,332800
2026-04-02,15,285760,121,152280,211200
2026-04-02,23,716550,66,200700,361600
2026-04-02,8,651100,50,162000,410560
2026-04-02,24,939250,84,191880,353600
2026-04-03,1,662150,112,186300,154560
2026-04-03,17,449920,106,208260,231360
2026-04-03,25,198740,115,271800,340480
2026-04-03,2,742900,84,210420,282560
2026-04-03,18,250420,72,95940,183680
2026-04-03,26,365940,81,189720,388160
2026-04-03,3,532950,52,86580,222720
2026-04-03,11,391400,43,394200,132480
2026-04-03,19,897600,116,253800,312000
2026-04-03,27,346940,87,132300,362240
2026-04-03,4,753100,98,125820,267200
2026-04-03,12,447260,83,687000,374080
2026-04-03,20,929900,46,192060,141440
2026-04-03,28,443080,94,202860,160640
2026-04-03,5,464950,86,212220,168640
2026-04-03,13,241680,49,205920,177280
2026-04-03,21,901000,121,186300,247040
2026-04-03,29,247760,60,173880,208320
2026-04-03,6,632400,58,103860,176000
2026-04-03,14,376580,120,163620,225920
2026-04-03,22,493000,60,112140,230080
2026-04-03,30,434720,93,160920,165120
2026-04-03,7,572050,112,90540,414400
2026-04-03,15,300200,63,120420,340160
2026-04-03,23,673200,88,159660,186560
2026-04-03,8,425000,53,170820,270720
2026-04-03,24,668950,98,83520,216320
2026-04-04,1,1523200,92,185760,149760
2026-04-04,17,401280,111,208440,206080
2026-04-04,25,620160,42,671400,376960
2026-04-04,2,1073040,110,77940,338560
2026-04-04,18,414656,73,136620,214720
2026-04-04,26,617120,65,169560,269760
2026-04-04,3,1017280,110,183780,289920
2026-04-04,11,424992,84,639000,383680
2026-04-04,19,690880,83,655200,256960
2026-04-04,27,308256,61,81900,343680
2026-04-04,4,968320,108,94500,382400
2026-04-04,12,681568,85,613200,168640
2026-04-04,20,811920,80,150120,218560
2026-04-04,28,564224,113,171360,330240
2026-04-04,5,746640,55,202320,282560
2026-04-04,13,718656,61,201060,155200
2026-04-04,21,1128800,67,168840,391680
2026-04-04,29,366016,119,137340,226560
2026-04-04,6,1453840,66,190980,356480
2026-04-04,14,526528,89,147240,312320
2026-04-04,22,799680,109,82260,254400
2026-04-04,30,549632,82,143280,406080
2026-04-04,7,1015920,67,144000,153280
2026-04-04,15,592800,93,201960,216320
2026-04-04,23,1062160,57,165600,413760
2026-04-04,8,1169600,91,115020,247360
2026-04-04,24,958800,103,137520,272960
2026-04-05,1,881280,105,144360,369600
2026-04-05,17,325888,77,210960,224640
2026-04-05,25,420128,86,553200,330880
2026-04-05,2,890800,72,207180,253760
2026-04-05,18,557536,64,176580,266240
2026-04-05,26,545984,58,151200,214720
2026-04-05,3,1247120,112,139320,251200
2026-04-05,11,321632,96,444600,396160
2026-04-05,19,1630640,81,419400,163200
2026-04-05,27,671232,43,98100,369280
2026-04-05,4,1196800,84,182880,353280
2026-04-05,12,686432,51,675000,187200
2026-04-05,20,1030880,113,187380,401280
2026-04-05,28,488832,59,146700,206720
2026-04-05,5,1540880,84,209160,213120
2026-04-05,13,377568,42,85320,359360
2026-04-05,21,1626560,111,201240,142400
2026-04-05,29,367840,114,207360,225600
2026-04-05,6,749360,46,135900,186880
2026-04-05,14,698592,45,209880,290560
2026-04-05,22,1022720,69,183780,394880
2026-04-05,30,647520,44,182340,208960
2026-04-05,7,1426640,79,99180,243200
2026-04-05,15,570912,46,185220,270720
2026-04-05,23,882640,51,105300,353280
2026-04-05,8,1506880,111,203580,411520
2026-04-05,24,1568080,83,107820,246400
2026-04-06,1,892500,66,122220,237760
2026-04-06,17,407360,121,115200,394880
2026-04-06,25,393300,74,652800,227520
2026-04-06,2,946050,71,154620,373760
2026-04-06,18,233320,110,136980,151040
2026-04-06,26,392920,50,181260,314880
2026-04-06,3,575450,110,94140,129920
2026-04-06,11,283480,116,570600,328000
2026-04-06,19,868700,93,303000,201600
2026-04-06,27,210900,81,158040,310720
2026-04-06,4,606900,114,194580,279360
2026-04-06,12,202920,72,571800,221760
2026-04-06,20,427550,86,157860,176640
2026-04-06,28,384560,94,134640,332480
2026-04-06,5,772650,118,109800,414720
2026-04-06,13,253080,66,139320,236480
2026-04-06,21,529550,73,138600,223360
2026-04-06,29,269800,44,108720,319680
2026-04-06,6,956250,103,130680,174720
2026-04-06,14,395960,59,81720,209280
2026-04-06,22,697000,71,77760,178560
2026-04-06,30,288800,72,204660,171200
2026-04-06,7,1002150,73,184860,343040
2026-04-06,15,424460,59,88380,304000
2026-04-06,23,523600,49,98460,297280
2026-04-06,8,784550,88,189540,413440
2026-04-06,24,568650,49,141840,181120
2026-04-07,1,803250,73,127980,259200
2026-04-07,17,193800,72,99900,309440
2026-04-07,25,323380,81,709800,213760
2026-04-07,2,929050,74,201600,239360
2026-04-07,18,234840,44,188280,385280
2026-04-07,26,362140,60,140580,244480
2026-04-07,3,624750,117,206280,208960
2026-04-07,11,250040,69,416400,253760
2026-04-07,19,644300,95,265200,338240
2026-04-07,27,332500,97,79200,403200
2026-04-07,4,720800,47,99360,142720
2026-04-07,12,252700,86,525600,221440
2026-04-07,20,897600,80,201420,354240
2026-04-07,28,272080,75,180000,345600
2026-04-07,5,578850,102,112860,276160
2026-04-07,13,327560,83,194940,327680
2026-04-07,21,980900,105,137880,190720
2026-04-07,29,401660,50,72720,223040
2026-04-07,6,456450,55,124920,372160
2026-04-07,14,436240,59,197640,393600
2026-04-07,22,472600,66,122040,168000
2026-04-07,30,339340,117,94860,361600
2026-04-07,7,765000,93,177660,316800
2026-04-07,15,436240,46,116460,244800
2026-04-07,23,665550,79,199620,146560
2026-04-07,8,639200,45,205920,339840
2026-04-07,24,697000,112,141120,128960
2026-04-08,1,440300,121,99360,330880
2026-04-08,17,430540,101,212940,323520
2026-04-08,25,297540,46,288600,264640
2026-04-08,2,461550,121,212580,393280
2026-04-08,18,273220,50,164700,316800
2026-04-08,26,191900,103,105660,353920
2026-04-08,3,702100,72,120240,208960
2026-04-08,11,447640,111,306000,197440
2026-04-08,19,796450,70,267600,302400
2026-04-08,27,286900,101,72900,207360
2026-04-08,4,910350,80,184140,316480
2026-04-08,12,393680,57,595800,303040
2026-04-08,20,969850,100,191160,228800
2026-04-08,28,363660,110,197280,365440
2026-04-08,5,812600,50,108720,264640
2026-04-08,13,404700,114,151200,376960
2026-04-08,21,1004700,50,137520,265280
2026-04-08,29,340100,120,78660,294720
2026-04-08,6,428400,72,147780,265920
2026-04-08,14,239020,91,202320,191680
2026-04-08,22,788800,53,197460,242240
2026-04-08,30,273600,85,195120,344320
2026-04-08,7,682550,117,113220,321280
2026-04-08,15,196080,45,170640,296320
2026-04-08,23,479400,77,211680,283840
2026-04-08,8,622200,75,179460,179840
2026-04-08,24,779450,116,94680,246400
2026-04-09,1,491300,52,132120,222080
2026-04-09,17,308940,66,80460,398080
2026-04-09,25,254980,110,684600,161920
2026-04-09,2,445400,48,131400,325440
2026-04-09,18,370880,85,156060,138240
2026-04-09,26,248520,111,183060,389120
2026-04-09,3,517650,58,160560,379200
2026-04-09,11,404320,102,459000,164160
2026-04-09,19,902700,83,639600,196480
2026-04-09,27,226480,101,84780,278080
2026-04-09,4,900150,68,199260,305600
2026-04-09,12,365940,91,450000,183040
2026-04-09,20,591600,80,74700,280960
2026-04-09,28,444980,99,80280,415040
2026-04-09,5,837250,64,89640,314560
2026-04-09,13,284240,110,131400,380480
2026-04-09,21,606900,88,208260,338240
2026-04-09,29,428640,116,160560,342400
2026-04-09,6,457300,44,190980,158400
2026-04-09,14,378480,119,84780,336960
2026-04-09,22,793900,46,188640,202560
2026-04-09,30,373540,70,190440,150400
2026-04-09,7,761600,57,144900,190720
2026-04-09,15,351880,60,109080,150720
2026-04-09,23,882300,98,130860,195200
2026-04-09,8,448800,82,109080,328960
2026-04-09,24,770100,49,126000,227520
2026-04-10,1,787950,78,200340,215040
2026-04-10,17,361000,107,149220,375360
2026-04-10,25,335920,45,249000,272320
2026-04-10,2,719950,91,207360,270080
2026-04-10,18,427120,112,145620,354880
2026-04-10,26,315020,53,210960,290240
2026-04-10,3,427550,75,103320,154880
2026-04-10,11,326420,91,366000,344320
2026-04-10,19,770100,119,603000,166400
2026-04-10,27,317300,45,114840,213120
2026-04-10,4,586500,61,196020,340800
2026-04-10,12,399000,77,457200,159680
2026-04-10,20,633250,116,101340,257600
2026-04-10,28,213940,52,172260,207360
2026-04-10,5,736950,56,166500,403520
2026-04-10,13,361380,94,149580,212160
2026-04-10,21,602650,93,95580,162240
2026-04-10,29,338580,101,100800,260160
2026-04-10,6,554200,74,159660,339840
2026-04-10,14,378100,44,164880,375040
2026-04-10,22,509150,120,175860,350720
2026-04-10,30,291080,81,183600,224320
2026-04-10,7,567800,105,107820,193600
2026-04-10,15,252320,98,91080,353920
2026-04-10,23,698700,82,192780,210240
2026-04-10,8,1002150,54,155520,361280
2026-04-10,24,837250,112,131940,351360
2026-04-11,1,1339600,112,198000,268800
2026-04-11,17,409792,64,115920,203520
2026-04-11,25,615904,107,514800,160000
2026-04-11,2,824160,89,191700,366080
2026-04-11,18,673664,89,126900,358720
2026-04-11,26,550848,82,142020,165760
2026-04-11,3,1117920,59,115380,142400
2026-04-11,11,524704,60,570600,247040
2026-04-11,19,1585760,100,595200,375680
2026-04-11,27,719264,80,99360,214720
2026-04-11,4,983280,96,111420,204160
2026-04-11,12,381216,44,294600,155200
2026-04-11,20,1452480,96,84420,316480
2026-04-11,28,470592,66,192240,182720
2026-04-11,5,1173680,73,88380,161280
2026-04-11,13,357504,56,145080,290560
2026-04-11,21,928880,68,89820,130240
2026-04-11,29,418912,80,175500,187840
2026-04-11,6,758880,103,147240,412800
2026-04-11,14,654208,112,103320,162880
2026-04-11,22,916640,85,164160,380160
2026-04-11,30,317376,88,189180,216000
2026-04-11,7,795600,77,131580,272960
2026-04-11,15,633536,76,176220,300480
2026-04-11,23,937040,77,207360,242880
2026-04-11,8,1445680,86,206460,316800
2026-04-11,24,987360,56,159840,220480
2026-04-12,1,1081200,104,93780,349120
2026-04-12,17,612256,61,179100,154880
2026-04-12,25,359936,80,579000,128640
2026-04-12,2,1394000,45,77400,296640
2026-04-12,18,598272,78,195480,388480
2026-04-12,26,497952,59,139680,199360
2026-04-12,3,1308320,114,81900,227840
2026-04-12,11,372704,75,594600,298560
2026-04-12,19,1347760,91,285000,346880
2026-04-12,27,718656,83,195300,255040
2026-04-12,4,1452480,88,99900,148160
2026-04-12,12,545984,97,714000,378240
2026-04-12,20,1525920,53,183240,309760
2026-04-12,28,455392,104,169200,282560
2026-04-12,5,1150560,69,91980,264640
2026-04-12,13,352032,48,185580,174400
2026-04-12,21,715360,61,144180,355200
2026-04-12,29,531392,71,111060,205760
2026-04-12,6,1015920,45,153540,255360
2026-04-12,14,707712,120,193320,157760
2026-04-12,22,856800,86,124380,340800
2026-04-12,30,559968,111,172620,311360
2026-04-12,7,1194080,60,137520,218880
2026-04-12,15,424992,113,97200,367040
2026-04-12,23,1553120,99,84060,200960
2026-04-12,8,723520,110,161100,376000
2026-04-12,24,1002320,60,151560,373120
2026-04-13,1,845750,71,137160,156160
2026-04-13,17,416100,86,91980,185920
2026-04-13,25,335160,99,574200,201600
2026-04-13,2,640050,51,162540,313920
2026-04-13,18,431300,60,209700,170880
2026-04-13,26,402040,111,201960,348800
2026-04-13,3,1012350,113,80100,346560
2026-04-13,11,316160,53,697800,189120
2026-04-13,19,974950,49,561000,311680
2026-04-13,27,387600,90,88200,390080
2026-04-13,4,576300,105,170820,298560
2026-04-13,12,389880,67,304200,353600
2026-04-13,20,966450,44,213480,257600
2026-04-13,28,413820,67,122040,270080
2026-04-13,5,621350,94,197460,317760
2026-04-13,13,320720,100,120420,196160
2026-04-13,21,703800,69,160740,194240
2026-04-13,29,343140,96,177120,144000
2026-04-13,6,491300,74,201600,216960
2026-04-13,14,323380,47,200160,243840
2026-04-13,22,1012350,87,106380,327360
2026-04-13,30,391400,75,197100,173440
2026-04-13,7,595000,64,103680,354880
2026-04-13,15,429780,46,89280,157440
2026-04-13,23,909500,112,169200,129600
2026-04-13,8,484500,60,107640,222720
2026-04-13,24,692750,70,77220,179520
2026-04-14,1,604350,111,129960,379200
2026-04-14,17,285000,103,196200,242560
2026-04-14,25,248140,107,543000,369600
2026-04-14,2,765850,104,186120,346240
2026-04-14,18,445360,87,95220,266240
2026-04-14,26,314640,61,188100,217280
2026-04-14,3,541450,109,143460,394560
2026-04-14,11,314640,65,516600,172480
2026-04-14,19,436050,61,426000,350400
2026-04-14,27,322620,102,212400,363840
2026-04-14,4,589050,52,146700,262720
2026-04-14,12,323000,101,598800,398080
2026-04-14,20,439450,119,181440,325760
2026-04-14,28,274740,99,169740,373760
2026-04-14,5,591600,47,149400,300480
2026-04-14,13,299060,43,152820,195840
2026-04-14,21,713150,74,195120,318400
2026-04-14,29,258780,122,210060,137600
2026-04-14,6,561000,52,185760,352320
2026-04-14,14,390260,116,79920,183680
2026-04-14,22,434350,61,154980,236800
2026-04-14,30,435100,104,213660,398080
2026-04-14,7,885700,115,167760,369280
2026-04-14,15,254220,91,205200,322880
2026-04-14,23,865300,112,137160,253120
2026-04-14,8,984300,120,88740,305280
2026-04-14,24,569500,62,103500,340160
2026-04-15,1,493850,119,168300,188160
2026-04-15,17,424840,117,156960,257920
2026-04-15,25,452200,61,633000,226560
2026-04-15,2,953700,60,160560,253760
2026-04-15,18,199120,79,106560,174400
2026-04-15,26,261060,89,188460,138560
2026-04-15,3,645150,76,115380,401600
2026-04-15,11,295640,65,316200,258240
2026-04-15,19,477700,93,400800,292160
2026-04-15,27,342380,122,125460,232640
2026-04-15,4,508300,102,127440,363840
2026-04-15,12,425600,110,423000,320960
2026-04-15,20,773500,103,142380,243520
2026-04-15,28,453720,120,178920,321280
2026-04-15,5,688500,72,141660,287680
2026-04-15,13,262960,86,181080,345280
2026-04-15,21,521900,86,131400,132800
2026-04-15,29,280440,59,163080,276160
2026-04-15,6,615400,98,155880,290880
2026-04-15,14,383420,87,94680,145600
2026-04-15,22,773500,76,184500,397760
2026-04-15,30,285000,63,110880,188800
2026-04-15,7,501500,118,133560,193920
2026-04-15,15,360240,92,142740,285440
2026-04-15,23,808350,75,204120,253760
2026-04-15,8,974950,67,158760,319360
2026-04-15,24,684250,100,158940,232000
2026-04-16,1,901000,49,153180,294400
2026-04-16,17,335920,66,163800,162880
2026-04-16,25,314260,57,367800,403200
2026-04-16,2,700400,75,210780,229760
2026-04-16,18,221920,48,131040,195840
2026-04-16,26,450300,53,165600,191040
2026-04-16,3,771800,64,212940,409600
2026-04-16,11,429400,91,676200,322240
2026-04-16,19,989400,93,385200,221120
2026-04-16,27,312740,49,210960,245440
2026-04-16,4,492150,93,93420,212160
2026-04-16,12,267140,45,328200,213760
2026-04-16,20,1018300,67,98280,386880
2026-04-16,28,392160,112,194220,199680
2026-04-16,5,534650,66,177300,128000
2026-04-16,13,366320,75,132480,354880
2026-04-16,21,605200,78,171900,399360
2026-04-16,29,340860,65,159300,211840
2026-04-16,6,529550,110,185400,392640
2026-04-16,14,304380,62,84600,139200
2026-04-16,22,870400,103,75780,355200
2026-04-16,30,413820,107,186480,211520
2026-04-16,7,485350,110,100260,293760
2026-04-16,15,346940,95,207000,322880
2026-04-16,23,759050,61,212760,392000
2026-04-16,8,771800,65,209160,200000
2026-04-16,24,941800,76,76140,392320
2026-04-17,1,462400,74,193320,259840
2026-04-17,17,340480,112,115920,144000
2026-04-17,25,199120,84,603600,283200
2026-04-17,2,497250,88,125280,215040
2026-04-17,18,449160,96,132660,373440
2026-04-17,26,191520,71,110880,243200
2026-04-17,3,731850,114,144360,266560
2026-04-17,11,356820,61,558600,295360
2026-04-17,19,449650,87,373800,284800
2026-04-17,27,255360,75,95940,409920
2026-04-17,4,719100,103,101700,276480
2026-04-17,12,437000,116,463800,325760
2026-04-17,20,795600,57,177660,366720
2026-04-17,28,256120,72,73800,330880
2026-04-17,5,970700,95,196020,235520
2026-04-17,13,250040,117,120420,407040
2026-04-17,21,468350,91,76140,351360
2026-04-17,29,313120,98,73440,221760
2026-04-17,6,957950,94,147960,349120
2026-04-17,14,400140,99,90540,288640
2026-04-17,22,463250,110,177120,313280
2026-04-17,30,262580,54,202140,298880
2026-04-17,7,615400,83,180000,250880
2026-04-17,15,339720,45,168840,366400
2026-04-17,23,744600,101,134820,323840
2026-04-17,8,447950,61,114660,165440
2026-04-17,24,969850,75,153360,357440
2026-04-18,1,1090720,81,106380,414720
2026-04-18,17,419520,101,178200,158080
2026-04-18,25,541120,53,652200,368640
2026-04-18,2,708560,63,112680,146560
2026-04-18,18,311904,53,130500,373120
2026-04-18,26,662720,76,198900,372480
2026-04-18,3,1297440,55,145800,161600
2026-04-18,11,316160,85,375000,179200
2026-04-18,19,972400,46,416400,253440
2026-04-18,27,560576,77,84600,136000
2026-04-18,4,911200,64,138060,390080
2026-04-18,12,412224,71,580800,256320
2026-04-18,20,1232160,71,78300,401280
2026-04-18,28,550848,73,162180,136960
2026-04-18,5,1498720,48,212040,347840
2026-04-18,13,469376,113,160560,273280
2026-04-18,21,877200,64,188460,197760
2026-04-18,29,352032,50,148500,284480
2026-04-18,6,1336880,59,85860,226880
2026-04-18,14,317984,72,142380,391360
2026-04-18,22,708560,92,205920,274240
2026-04-18,30,578816,112,147600,213760
2026-04-18,7,1278400,73,158940,143360
2026-04-18,15,715008,91,207540,381120
2026-04-18,23,962880,71,91980,303360
2026-04-18,8,991440,59,128520,204800
2026-04-18,24,900320,65,201240,352640
2026-04-19,1,1612960,98,211500,140160
2026-04-19,17,391552,63,130680,257920
2026-04-19,25,366016,72,612600,136320
2026-04-19,2,708560,53,201780,413120
2026-04-19,18,405536,56,163080,168000
2026-04-19,26,491872,78,207180,310400
2026-04-19,3,1335520,80,92520,135680
2026-04-19,11,425600,57,348000,203840
2026-04-19,19,1043120,63,393600,134720
2026-04-19,27,409184,105,180000,361600
2026-04-19,4,1283840,111,94680,394560
2026-04-19,12,628672,86,444000,211520
2026-04-19,20,1184560,66,109260,184320
2026-04-19,28,699808,66,208440,196160
2026-04-19,5,1026800,63,159120,239040
2026-04-19,13,636576,64,211500,350720
2026-04-19,21,952000,82,206460,199040
2026-04-19,29,716224,68,78660,201920
2026-04-19,6,1051280,111,183060,388480
2026-04-19,14,497344,80,119160,239680
2026-04-19,22,1112480,90,187740,224000
2026-04-19,30,386080,42,210780,399680
2026-04-19,7,1573520,84,182700,161280
2026-04-19,15,444448,77,188100,402560
2026-04-19,23,1536800,59,101520,312640
2026-04-19,8,1485120,62,178380,191680
2026-04-19,24,1402160,72,174780,386240
2026-04-20,1,819400,72,113040,188800
2026-04-20,17,394060,100,167220,169600
2026-04-20,25,236740,104,693000,162240
2026-04-20,2,562700,47,90720,261760
2026-04-20,18,235600,91,117180,319040
2026-04-20,26,334400,56,114120,231040
2026-04-20,3,487050,66,159660,164480
2026-04-20,11,301720,117,379800,322240
2026-04-20,19,591600,97,343200,240960
2026-04-20,27,242060,116,183780,392320
2026-04-20,4,804100,99,136980,347840
2026-04-20,12,378100,76,523200,276480
2026-04-20,20,967300,47,182340,272000
2026-04-20,28,354540,95,164160,299840
2026-04-20,5,953700,94,84240,258560
2026-04-20,13,387600,56,132120,243840
2026-04-20,21,459850,47,156600,179520
2026-04-20,29,399760,81,166320,175360
2026-04-20,6,790500,79,145260,240320
2026-04-20,14,258780,119,92700,171200
2026-04-20,22,503200,55,164340,244480
2026-04-20,30,257260,61,80460,313920
2026-04-20,7,580550,51,162720,356160
2026-04-20,15,195320,96,130320,257600
2026-04-20,23,748850,116,180540,130560
2026-04-20,8,781150,69,86040,183360
2026-04-20,24,961350,84,102780,275840
2026-04-21,1,974950,81,211140,132800
2026-04-21,17,237880,88,178740,372160
2026-04-21,25,341620,100,360600,409280
2026-04-21,2,770100,121,151200,349760
2026-04-21,18,261060,116,126720,151680
2026-04-21,26,444980,53,183060,415040
2026-04-21,3,942650,58,157500,357120
2026-04-21,11,329460,45,688200,355200
2026-04-21,19,844900,95,423000,293760
2026-04-21,27,220020,65,166680,366080
2026-04-21,4,523600,57,134100,255680
2026-04-21,12,316540,63,405600,365760
2026-04-21,20,520200,44,194580,175360
2026-04-21,28,393300,98,157500,278720
2026-04-21,5,818550,97,181080,414080
2026-04-21,13,294880,93,117540,335360
2026-04-21,21,591600,68,202680,259200
2026-04-21,29,359860,73,181080,185280
2026-04-21,6,579700,121,81000,150720
2026-04-21,14,281580,64,171540,140160
2026-04-21,22,1011500,51,74520,380160
2026-04-21,30,219640,55,85680,227840
2026-04-21,7,757350,113,215820,194240
2026-04-21,15,331740,67,192960,359360
2026-04-21,23,668950,65,141480,214080
2026-04-21,8,715700,91,165600,173760
2026-04-21,24,705500,62,207900,288640
2026-04-22,1,889100,115,196380,409920
2026-04-22,17,227620,42,194940,192960
2026-04-22,25,248140,84,535800,180480
2026-04-22,2,825350,121,205920,341760
2026-04-22,18,382660,46,214740,152320
2026-04-22,26,232560,122,149760,179200
2026-04-22,3,632400,70,87120,171840
2026-04-22,11,273980,73,421800,159360
2026-04-22,19,812600,98,411600,317120
2026-04-22,27,420280,64,171900,232320
2026-04-22,4,606900,46,138780,294400
2026-04-22,12,274740,105,300000,288000
2026-04-22,20,631550,71,190440,194240
2026-04-22,28,210520,65,81720,411200
2026-04-22,5,816850,99,135540,235840
2026-04-22,13,233700,53,122760,247360
2026-04-22,21,1013200,52,154620,286080
2026-04-22,29,354540,106,95400,216960
2026-04-22,6,725900,112,111060,385280
2026-04-22,14,321100,116,191520,292160
2026-04-22,22,725050,97,160560,212800
2026-04-22,30,408880,93,207000,316160
2026-04-22,7,1005550,80,167580,135680
2026-04-22,15,439280,98,186840,238080
2026-04-22,23,544000,52,90180,275840
2026-04-22,8,809200,103,148140,177920
2026-04-22,24,579700,96,162000,360320
2026-04-23,1,937550,60,155340,293120
2026-04-23,17,200260,67,213300,280000
2026-04-23,25,267140,49,642600,342080
2026-04-23,2,922250,97,89100,210880
2026-04-23,18,248900,116,139140,210560
2026-04-23,26,381520,53,185400,336960
2026-04-23,3,607750,113,201780,349440
2026-04-23,11,308560,107,292800,278720
2026-04-23,19,876350,92,642000,352320
2026-04-23,27,445360,95,76500,164800
2026-04-23,4,615400,110,85320,348480
2026-04-23,12,262200,56,659400,296960
2026-04-23,20,935000,117,195120,139520
2026-04-23,28,277020,114,147060,171840
2026-04-23,5,697000,97,212940,279680
2026-04-23,13,419140,95,157500,336000
2026-04-23,21,736950,81,154260,264000
2026-04-23,29,331360,90,97380,158400
2026-04-23,6,553350,109,127980,312000
2026-04-23,14,305900,119,183960,301760
2026-04-23,22,991100,81,195840,191680
2026-04-23,30,455240,121,140220,227520
2026-04-23,7,872100,75,94860,292160
2026-04-23,15,383420,71,168840,302080
2026-04-23,23,894200,71,103860,252160
2026-04-23,8,606900,117,201600,270720
2026-04-23,24,715700,120,173160,349760
2026-04-24,1,550800,108,91980,236800
2026-04-24,17,246620,116,189360,140160
2026-04-24,25,369360,61,565200,318400
2026-04-24,2,721650,61,89640,313920
2026-04-24,18,218880,85,102060,252480
2026-04-24,26,273220,72,112680,242240
2026-04-24,3,482800,55,175500,281920
2026-04-24,11,333260,113,422400,176640
2026-04-24,19,918850,106,684600,318080
2026-04-24,27,392920,56,106020,410880
2026-04-24,4,760750,89,83520,152640
2026-04-24,12,359480,48,585600,150400
2026-04-24,20,586500,109,134460,323200
2026-04-24,28,226100,57,152460,347520
2026-04-24,5,572900,97,153180,200000
2026-04-24,13,237120,83,182340,384000
2026-04-24,21,438600,69,197460,329600
2026-04-24,29,257260,62,73980,344320
2026-04-24,6,691900,104,200880,249920
2026-04-24,14,236360,109,172080,248960
2026-04-24,22,827050,120,149400,202240
2026-04-24,30,424840,116,212040,410880
2026-04-24,7,777750,71,168120,132800
2026-04-24,15,442320,97,106740,198080
2026-04-24,23,809200,62,200700,388160
2026-04-24,8,706350,112,188280,294720
2026-04-24,24,993650,84,167040,253760
2026-04-25,1,1241680,56,83880,398080
2026-04-25,17,587328,120,213660,382720
2026-04-25,25,406752,83,650400,337280
2026-04-25,2,1485120,106,72540,337600
2026-04-25,18,696768,98,205200,170880
2026-04-25,26,614688,97,115200,297280
2026-04-25,3,839120,111,203580,341760
2026-04-25,11,507072,98,249600,362880
2026-04-25,19,1338240,64,531600,158400
2026-04-25,27,416480,43,74880,246400
2026-04-25,4,1270240,63,129780,415680
2026-04-25,12,359936,91,615000,404480
2026-04-25,20,1440240,106,102600,265920
2026-04-25,28,353248,121,172620,245440
2026-04-25,5,805120,55,131040,403520
2026-04-25,13,613472,112,96480,133120
2026-04-25,21,1166880,57,75600,146880
2026-04-25,29,333184,112,125640,191040
2026-04-25,6,1505520,62,74520,301120
2026-04-25,14,644480,69,89820,228480
2026-04-25,22,874480,85,129240,303680
2026-04-25,30,539904,97,207720,297920
2026-04-25,7,1568080,64,88740,266560
2026-04-25,15,528960,105,158760,223360
2026-04-25,23,1327360,85,124200,413440
2026-04-25,8,979200,99,101340,366080
2026-04-25,24,890800,63,159300,198720
2026-04-26,1,790160,100,140400,308480
2026-04-26,17,708320,42,135360,338240
2026-04-26,25,519232,94,606600,250880
2026-04-26,2,1021360,104,162180,132480
2026-04-26,18,538688,113,82980,215360
2026-04-26,26,688256,115,100980,251840
2026-04-26,3,1039040,95,76140,366400
2026-04-26,11,606176,105,370800,293440
2026-04-26,19,1005040,75,664200,391680
2026-04-26,27,694336,103,172620,283200
2026-04-26,4,1535440,108,114300,307520
2026-04-26,12,478496,95,311400,331200
2026-04-26,20,1622480,52,90000,271680
2026-04-26,28,719872,63,126720,148800
2026-04-26,5,1056720,51,177660,227840
2026-04-26,13,631712,75,74160,236800
2026-04-26,21,1247120,50,94680,323520
2026-04-26,29,658464,79,188100,285760
2026-04-26,6,1279760,85,107460,220800
2026-04-26,14,642048,56,134280,350720
2026-04-26,22,1256640,70,167400,170560
2026-04-26,30,675488,107,206640,175040
2026-04-26,7,950640,74,205920,278400
2026-04-26,15,555712,73,78300,257920
2026-04-26,23,879920,59,211860,296640
2026-04-26,8,1417120,100,138060,220480
2026-04-26,24,1550400,104,117540,334720
2026-04-27,1,1016600,70,96480,286080
2026-04-27,17,317300,74,132120,164160
2026-04-27,25,363280,105,518400,342720
2026-04-27,2,641750,107,84240,216320
2026-04-27,18,378100,101,91080,247040
2026-04-27,26,252320,115,194040,173760
2026-04-27,3,750550,99,127260,256000
2026-04-27,11,204440,71,473400,303040
2026-04-27,19,654500,106,262800,170240
2026-04-27,27,259540,101,185220,324160
2026-04-27,4,886550,53,208260,283840
2026-04-27,12,357960,57,276600,408960
2026-04-27,20,558450,93,122580,198720
2026-04-27,28,287280,107,120780,327360
2026-04-27,5,680850,49,95400,194560
2026-04-27,13,253080,72,92520,292480
2026-04-27,21,730150,71,190800,261120
2026-04-27,29,201780,109,85140,223040
2026-04-27,6,912900,90,173880,129600
2026-04-27,14,380760,85,111960,399040
2026-04-27,22,831300,95,180900,148160
2026-04-27,30,263720,111,82980,309120
2026-04-27,7,881450,68,102960,353280
2026-04-27,15,222300,81,86400,133440
2026-04-27,23,798150,72,211500,276160
2026-04-27,8,506600,97,79740,194560
2026-04-27,24,978350,64,90360,318400
2026-04-28,1,507450,73,152100,399680
2026-04-28,17,425980,121,97020,369920
2026-04-28,25,296400,112,470400,408320
2026-04-28,2,812600,54,195840,207360
2026-04-28,18,252700,88,84960,184320
2026-04-28,26,326800,107,139860,168000
2026-04-28,3,734400,47,140760,347520
2026-04-28,11,371260,58,658800,360320
2026-04-28,19,579700,98,442200,264320
2026-04-28,27,400140,90,122040,319360
2026-04-28,4,567800,71,85680,244160
2026-04-28,12,303240,99,357000,200320
2026-04-28,20,575450,86,129780,386560
2026-04-28,28,386460,88,202320,184320
2026-04-28,5,583100,76,110880,221760
2026-04-28,13,427120,122,160920,386880
2026-04-28,21,454750,65,117540,220160
2026-04-28,29,349220,88,194760,254080
2026-04-28,6,935000,113,213480,378240
2026-04-28,14,453720,101,195840,392640
2026-04-28,22,665550,79,111780,367360
2026-04-28,30,325280,121,91260,228800
2026-04-28,7,765850,115,87120,406400
2026-04-28,15,256120,45,104760,225280
2026-04-28,23,807500,45,205200,401600
2026-04-28,8,436900,67,79920,324160
2026-04-28,24,750550,45,89100,330240
2026-04-29,1,883150,92,96660,345280
2026-04-29,17,232560,78,111960,128000
2026-04-29,25,336680,75,303600,265920
2026-04-29,2,881450,65,74520,322560
2026-04-29,18,287280,62,85860,400320
2026-04-29,26,454480,115,145800,327040
2026-04-29,3,569500,45,151740,363200
2026-04-29,11,266760,111,412800,224960
2026-04-29,19,764150,89,552600,184640
2026-04-29,27,246240,106,141300,348800
2026-04-29,4,641750,58,116280,284480
2026-04-29,12,415720,90,601200,272000
2026-04-29,20,971550,77,92880,155200
2026-04-29,28,235220,98,137160,327360
2026-04-29,5,893350,54,211320,372800
2026-04-29,13,205580,60,213840,221440
2026-04-29,21,797300,118,214740,169920
2026-04-29,29,363280,65,76320,128320
2026-04-29,6,553350,58,109260,301760
2026-04-29,14,401280,77,85680,185280
2026-04-29,22,750550,55,140580,330240
2026-04-29,30,213180,79,208080,374720
2026-04-29,7,767550,89,208260,407360
2026-04-29,15,399000,70,196560,308160
2026-04-29,23,566100,103,97560,158080
2026-04-29,8,714000,74,92880,322880
2026-04-29,24,912900,69,203940,136640
2026-04-30,1,1016600,105,202500,374720
2026-04-30,17,333640,80,112500,223680
2026-04-30,25,343900,110,525000,414400
2026-04-30,2,913750,87,123300,132480
2026-04-30,18,340100,96,149760,166720
2026-04-30,26,356440,49,79560,169920
2026-04-30,3,502350,65,196560,289920
2026-04-30,11,241680,120,355200,168000
2026-04-30,19,731000,58,330600,269760
2026-04-30,27,427880,49,103860,354880
2026-04-30,4,999600,107,144360,170240
2026-04-30,12,289560,86,358800,336640
2026-04-30,20,684250,78,121680,358720
2026-04-30,28,413060,79,169380,336960
2026-04-30,5,976650,99,95220,197760
2026-04-30,13,336680,89,202140,307520
2026-04-30,21,825350,113,211860,347520
2026-04-30,29,416480,76,99000,232320
2026-04-30,6,670650,55,183960,277120
2026-04-30,14,426740,52,111780,328960
2026-04-30,22,992800,109,79380,400640
2026-04-30,30,267140,69,82620,139520
2026-04-30,7,486200,107,115740,218880
2026-04-30,15,377720,89,143460,207360
2026-04-30,23,539750,104,193140,375360
2026-04-30,8,640900,45,122220,292800
2026-04-30,24,990250,57,151560,200640
