DATE_DAY,TIER,REGION,GROSS_ADDS,CANCELS,NET_SUBS,MRR_USD
2025-11-01,PREMIUM,NA,489,224,1002170,16892917.63
2025-11-01,PREMIUM,APAC,255,82,421959,7934270.02
2025-11-01,PREMIUM,LATAM,153,49,220075,4246510.72
2025-11-01,PREMIUM,EMEA,575,92,660990,13582093.80
2025-11-01,ESSENTIAL,NA,2354,528,3118385,29881123.97
2025-11-01,ESSENTIAL,APAC,1052,196,1461339,13064327.60
2025-11-01,ESSENTIAL,LATAM,353,107,717750,7564690.24
2025-11-01,ESSENTIAL,EMEA,2056,480,2259637,23635773.07
2025-11-01,EXTRA,APAC,583,138,633604,10428866.78
2025-11-01,EXTRA,NA,805,341,1635287,24410705.34
2025-11-01,EXTRA,LATAM,201,69,359554,5050113.01
2025-11-01,EXTRA,EMEA,642,302,1248531,18602284.20
2025-11-02,PREMIUM,NA,568,218,929699,17600669.42
2025-11-02,PREMIUM,APAC,178,99,438376,8684593.34
2025-11-02,PREMIUM,LATAM,114,50,203215,3927224.20
2025-11-02,PREMIUM,EMEA,378,143,758037,12083664.42
2025-11-02,ESSENTIAL,NA,2184,649,3610761,36807655.50
2025-11-02,ESSENTIAL,APAC,1041,306,1300563,13207734.05
2025-11-02,ESSENTIAL,LATAM,292,174,756509,7414113.47
2025-11-02,ESSENTIAL,EMEA,1251,447,2563723,24401404.17
2025-11-02,EXTRA,APAC,522,122,694991,9344352.28
2025-11-02,EXTRA,NA,969,297,1561963,21777927.70
2025-11-02,EXTRA,LATAM,301,69,339457,5614279.65
2025-11-02,EXTRA,EMEA,803,227,1200704,19168276.62
2025-11-03,PREMIUM,NA,418,144,1087065,19016172.99
2025-11-03,PREMIUM,APAC,256,102,482302,7024303.44
2025-11-03,PREMIUM,LATAM,138,50,211867,4346287.75
2025-11-03,PREMIUM,EMEA,285,118,828339,13609587.92
2025-11-03,ESSENTIAL,NA,2482,394,3677751,30851507.61
2025-11-03,ESSENTIAL,APAC,719,297,1291950,12892239.86
2025-11-03,ESSENTIAL,LATAM,475,134,740718,7464305.72
2025-11-03,ESSENTIAL,EMEA,1313,285,2378305,24475497.50
2025-11-03,EXTRA,APAC,295,153,704491,11458607.83
2025-11-03,EXTRA,NA,1057,307,1543206,24742997.66
2025-11-03,EXTRA,LATAM,172,59,386593,4732426.94
2025-11-03,EXTRA,EMEA,845,231,1089948,18470219.31
2025-11-04,PREMIUM,NA,569,223,1032194,16427291.45
2025-11-04,PREMIUM,APAC,332,75,419297,6808785.04
2025-11-04,PREMIUM,LATAM,101,43,229393,3699732.55
2025-11-04,PREMIUM,EMEA,284,105,760329,12468582.06
2025-11-04,ESSENTIAL,NA,1445,554,3661004,36774194.00
2025-11-04,ESSENTIAL,APAC,945,220,1314918,15602621.76
2025-11-04,ESSENTIAL,LATAM,287,153,633056,6560845.09
2025-11-04,ESSENTIAL,EMEA,1372,421,2118718,21684648.65
2025-11-04,EXTRA,APAC,447,95,648220,11360015.60
2025-11-04,EXTRA,NA,779,312,1746125,23132657.94
2025-11-04,EXTRA,LATAM,144,64,398286,5115841.16
2025-11-04,EXTRA,EMEA,829,208,1336633,19904066.77
2025-11-05,PREMIUM,NA,549,200,1014594,17861420.07
2025-11-05,PREMIUM,APAC,329,99,429945,7846466.23
2025-11-05,PREMIUM,LATAM,163,46,190569,4174671.25
2025-11-05,PREMIUM,EMEA,286,104,750395,12124905.60
2025-11-05,ESSENTIAL,NA,2162,433,2877221,34799965.20
2025-11-05,ESSENTIAL,APAC,611,277,1234530,13035646.31
2025-11-05,ESSENTIAL,LATAM,462,130,640233,7528838.63
2025-11-05,ESSENTIAL,EMEA,1675,285,2615641,24179124.17
2025-11-05,EXTRA,APAC,417,93,711799,9957815.03
2025-11-05,EXTRA,NA,1094,309,1741009,22698121.82
2025-11-05,EXTRA,LATAM,218,43,337995,5017248.94
2025-11-05,EXTRA,EMEA,767,186,1281255,20394593.53
2025-11-06,PREMIUM,NA,758,175,1052900,16911542.68
2025-11-06,PREMIUM,APAC,198,71,446806,8197681.40
2025-11-06,PREMIUM,LATAM,90,32,191235,3959152.85
2025-11-06,PREMIUM,EMEA,529,123,739697,13870782.03
2025-11-06,ESSENTIAL,NA,1879,728,3265763,34298042.63
2025-11-06,ESSENTIAL,APAC,1027,242,1527372,15502237.25
2025-11-06,ESSENTIAL,LATAM,257,143,717032,7729607.66
2025-11-06,ESSENTIAL,EMEA,970,392,2393138,25241128.61
2025-11-06,EXTRA,APAC,374,136,701568,10450776.17
2025-11-06,EXTRA,NA,1136,348,1689853,22493634.24
2025-11-06,EXTRA,LATAM,268,73,344572,4798155.10
2025-11-06,EXTRA,EMEA,637,297,1254824,18941879.66
2025-11-07,PREMIUM,NA,733,156,1032194,17619294.46
2025-11-07,PREMIUM,APAC,221,93,471653,7870412.72
2025-11-07,PREMIUM,LATAM,172,26,240929,3991081.50
2025-11-07,PREMIUM,EMEA,361,92,666339,14695605.54
2025-11-07,ESSENTIAL,NA,2712,376,3185375,31119199.65
2025-11-07,ESSENTIAL,APAC,802,247,1418274,14541414.03
2025-11-07,ESSENTIAL,LATAM,434,93,643104,6962383.15
2025-11-07,ESSENTIAL,EMEA,2080,543,2375832,26154946.37
2025-11-07,EXTRA,APAC,497,171,751993,10483640.24
2025-11-07,EXTRA,NA,857,205,1451125,22953731.30
2025-11-07,EXTRA,LATAM,330,72,335437,5439004.58
2025-11-07,EXTRA,EMEA,608,264,1106309,19564471.32
2025-11-08,PREMIUM,NA,608,150,991817,18736797.28
2025-11-08,PREMIUM,APAC,306,71,382469,6968428.30
2025-11-08,PREMIUM,LATAM,118,33,218744,4238528.55
2025-11-08,PREMIUM,EMEA,405,152,712952,11781229.13
2025-11-08,ESSENTIAL,NA,2078,758,3021249,35168041.76
2025-11-08,ESSENTIAL,APAC,897,230,1297692,15100699.19
2025-11-08,ESSENTIAL,LATAM,332,117,650282,6317054.12
2025-11-08,ESSENTIAL,EMEA,1699,578,2294248,21314181.98
2025-11-08,EXTRA,APAC,442,100,803149,10680824.70
2025-11-08,EXTRA,NA,1383,195,1459651,24461827.24
2025-11-08,EXTRA,LATAM,184,64,369419,5669053.11
2025-11-08,EXTRA,EMEA,867,189,1193153,20224795.81
2025-11-09,PREMIUM,NA,762,135,1108806,20487551.70
2025-11-09,PREMIUM,APAC,288,49,442813,7271750.49
2025-11-09,PREMIUM,LATAM,124,49,190347,4342296.67
2025-11-09,PREMIUM,EMEA,602,92,668631,12729776.17
2025-11-09,ESSENTIAL,NA,1730,737,3245666,31955737.28
2025-11-09,ESSENTIAL,APAC,940,161,1426887,15215424.35
2025-11-09,ESSENTIAL,LATAM,500,101,747896,6955212.83
2025-11-09,ESSENTIAL,EMEA,1028,352,2116246,25710386.38
2025-11-09,EXTRA,APAC,547,128,803149,10691779.39
2025-11-09,EXTRA,NA,806,313,1712021,22059098.12
2025-11-09,EXTRA,LATAM,143,77,329956,4677653.48
2025-11-09,EXTRA,EMEA,920,166,1115120,17809894.82
2025-11-10,PREMIUM,NA,557,165,996994,20357176.37
2025-11-10,PREMIUM,APAC,231,92,408648,8125841.93
2025-11-10,PREMIUM,LATAM,105,45,220963,3508160.64
2025-11-10,PREMIUM,EMEA,501,113,803122,13747058.50
2025-11-10,ESSENTIAL,NA,1967,523,3185375,35636502.83
2025-11-10,ESSENTIAL,APAC,1012,164,1277595,14039491.46
2025-11-10,ESSENTIAL,LATAM,289,153,699806,7786970.24
2025-11-10,ESSENTIAL,EMEA,1007,367,2145913,25784479.71
2025-11-10,EXTRA,APAC,477,112,761494,10428866.78
2025-11-10,EXTRA,NA,1180,393,1812628,26532264.02
2025-11-10,EXTRA,LATAM,277,82,392805,5165137.28
2025-11-10,EXTRA,EMEA,559,266,1131481,20224795.81
2025-11-11,PREMIUM,NA,763,127,930735,16092040.61
2025-11-11,PREMIUM,APAC,224,51,472541,7599019.18
2025-11-11,PREMIUM,LATAM,139,30,224069,3715696.88
2025-11-11,PREMIUM,EMEA,527,130,715244,12193640.89
2025-11-11,ESSENTIAL,NA,1630,559,3024599,35168041.76
2025-11-11,ESSENTIAL,APAC,800,284,1342193,14154216.62
2025-11-11,ESSENTIAL,LATAM,416,110,628031,7277877.34
2025-11-11,ESSENTIAL,EMEA,1513,495,2620585,23808657.51
2025-11-11,EXTRA,APAC,469,148,800957,9837313.42
2025-11-11,EXTRA,NA,674,356,1456241,24589631.98
2025-11-11,EXTRA,LATAM,262,44,382574,5543074.15
2025-11-11,EXTRA,EMEA,750,183,1081137,18734349.10
2025-11-12,PREMIUM,NA,365,123,968006,16036165.47
2025-11-12,PREMIUM,APAC,185,71,479640,8660646.86
2025-11-12,PREMIUM,LATAM,93,27,235827,3532107.13
2025-11-12,PREMIUM,EMEA,522,169,791659,13527105.56
2025-11-12,ESSENTIAL,NA,2356,438,3171977,29345739.89
2025-11-12,ESSENTIAL,APAC,892,220,1527372,12619767.60
2025-11-12,ESSENTIAL,LATAM,295,81,748613,6360076.06
2025-11-12,ESSENTIAL,EMEA,1864,386,2672502,26698297.48
2025-11-12,EXTRA,APAC,302,132,668682,10352183.94
2025-11-12,EXTRA,NA,1234,369,1730778,26506703.08
2025-11-12,EXTRA,LATAM,173,67,335803,5318502.97
2025-11-12,EXTRA,EMEA,575,197,1137774,16942039.77
2025-11-13,PREMIUM,NA,407,173,1014594,18066295.59
2025-11-13,PREMIUM,APAC,254,57,458342,7032285.60
2025-11-13,PREMIUM,LATAM,134,47,231833,3795518.51
2025-11-13,PREMIUM,EMEA,366,91,802358,12001182.07
2025-11-13,ESSENTIAL,NA,2309,809,2997803,32491121.36
2025-11-13,ESSENTIAL,APAC,656,195,1386693,12418998.57
2025-11-13,ESSENTIAL,LATAM,292,135,718468,6338565.09
2025-11-13,ESSENTIAL,EMEA,1532,291,2363471,22079813.09
2025-11-13,EXTRA,APAC,262,168,740300,9705857.11
2025-11-13,EXTRA,NA,1234,327,1872310,27171287.72
2025-11-13,EXTRA,LATAM,208,59,347861,5795032.07
2025-11-13,EXTRA,EMEA,492,164,1203222,17489165.78
2025-11-14,PREMIUM,NA,455,230,929699,17544794.27
2025-11-14,PREMIUM,APAC,323,50,403323,7806555.41
2025-11-14,PREMIUM,LATAM,88,29,204989,3583991.19
2025-11-14,PREMIUM,EMEA,373,184,708367,14365676.13
2025-11-14,ESSENTIAL,NA,1194,545,3580616,33729197.04
2025-11-14,ESSENTIAL,APAC,931,325,1448420,15416193.38
2025-11-14,ESSENTIAL,LATAM,313,136,734258,6360076.06
2025-11-14,ESSENTIAL,EMEA,1010,277,2650252,24055635.29
2025-11-14,EXTRA,APAC,395,132,773917,9804449.34
2025-11-14,EXTRA,NA,612,238,1589246,25100850.94
2025-11-14,EXTRA,LATAM,224,82,336168,6008648.56
2025-11-14,EXTRA,EMEA,618,228,1093723,20168196.57
2025-11-15,PREMIUM,NA,682,221,1090171,19463174.12
2025-11-15,PREMIUM,APAC,172,79,379807,6984392.63
2025-11-15,PREMIUM,LATAM,119,53,202993,3560044.70
2025-11-15,PREMIUM,EMEA,322,164,663282,13142187.93
2025-11-15,ESSENTIAL,NA,1516,557,3369597,35803810.35
2025-11-15,ESSENTIAL,APAC,839,162,1500098,12533723.73
2025-11-15,ESSENTIAL,LATAM,322,134,761533,6288372.83
2025-11-15,ESSENTIAL,EMEA,1111,481,2108829,25562199.71
2025-11-15,EXTRA,APAC,578,115,696452,10297410.48
2025-11-15,EXTRA,NA,781,350,1621645,25867679.38
2025-11-15,EXTRA,LATAM,142,78,324110,5115841.16
2025-11-15,EXTRA,EMEA,645,275,1209515,20017265.25
2025-11-16,PREMIUM,NA,853,197,1020806,19407298.97
2025-11-16,PREMIUM,APAC,224,92,411310,7136053.72
2025-11-16,PREMIUM,LATAM,133,40,228062,3743634.45
2025-11-16,PREMIUM,EMEA,296,112,826046,13829540.85
2025-11-16,ESSENTIAL,NA,2443,568,3098288,29312278.38
2025-11-16,ESSENTIAL,APAC,840,178,1389564,12906580.50
2025-11-16,ESSENTIAL,LATAM,363,101,712008,6962383.15
2025-11-16,ESSENTIAL,EMEA,1296,545,2717003,23141817.52
2025-11-16,EXTRA,APAC,325,159,737377,9694902.42
2025-11-16,EXTRA,NA,1178,399,1539796,27401336.26
2025-11-16,EXTRA,LATAM,209,42,334341,5159659.93
2025-11-16,EXTRA,EMEA,1053,231,1248531,18998478.90
2025-11-17,PREMIUM,NA,550,180,1135724,16017540.42
2025-11-17,PREMIUM,APAC,184,101,428171,7575072.69
2025-11-17,PREMIUM,LATAM,134,42,234717,3556053.62
2025-11-17,PREMIUM,EMEA,474,130,761093,14764340.83
2025-11-17,ESSENTIAL,NA,2301,442,3513626,33729197.04
2025-11-17,ESSENTIAL,APAC,783,347,1372338,15545259.18
2025-11-17,ESSENTIAL,LATAM,324,120,626596,6811806.38
2025-11-17,ESSENTIAL,EMEA,1397,345,2457417,21215390.87
2025-11-17,EXTRA,APAC,386,171,761494,11995387.74
2025-11-17,EXTRA,NA,621,327,1539796,23337145.52
2025-11-17,EXTRA,LATAM,149,81,339457,5006294.24
2025-11-17,EXTRA,EMEA,514,176,1175532,19677669.80
2025-11-18,PREMIUM,NA,736,219,935911,18289796.15
2025-11-18,PREMIUM,APAC,244,90,449468,8676611.18
2025-11-18,PREMIUM,LATAM,79,40,223847,3400401.44
2025-11-18,PREMIUM,EMEA,452,168,777905,11946193.84
2025-11-18,ESSENTIAL,NA,1779,560,3607412,36238809.92
2025-11-18,ESSENTIAL,APAC,947,330,1500098,12289932.77
2025-11-18,ESSENTIAL,LATAM,381,133,679709,6654059.28
2025-11-18,ESSENTIAL,EMEA,1697,374,2113774,25290524.16
2025-11-18,EXTRA,APAC,413,140,789264,10757507.54
2025-11-18,EXTRA,NA,708,233,1860373,21905732.44
2025-11-18,EXTRA,LATAM,261,75,388055,5340412.35
2025-11-18,EXTRA,EMEA,787,210,1257341,17300501.64
2025-11-19,PREMIUM,NA,522,131,1100524,17786919.89
2025-11-19,PREMIUM,APAC,238,105,463667,7575072.69
2025-11-19,PREMIUM,LATAM,114,41,207652,3639866.33
2025-11-19,PREMIUM,EMEA,431,128,803886,12069917.36
2025-11-19,ESSENTIAL,NA,1455,706,3151880,34498811.66
2025-11-19,ESSENTIAL,APAC,541,267,1267547,13250755.98
2025-11-19,ESSENTIAL,LATAM,498,172,666790,6295543.16
2025-11-19,ESSENTIAL,EMEA,1804,547,2375832,22400884.19
2025-11-19,EXTRA,APAC,259,87,697914,9881132.18
2025-11-19,EXTRA,NA,848,385,1720547,27759189.53
2025-11-19,EXTRA,LATAM,146,53,367592,5219910.74
2025-11-19,EXTRA,EMEA,654,209,1178050,17715562.75
2025-11-20,PREMIUM,NA,416,247,1071536,19407298.97
2025-11-20,PREMIUM,APAC,181,93,439707,8125841.93
2025-11-20,PREMIUM,LATAM,100,33,218522,3835429.32
2025-11-20,PREMIUM,EMEA,302,170,745046,14695605.54
2025-11-20,ESSENTIAL,NA,1614,401,3496878,29613431.93
2025-11-20,ESSENTIAL,APAC,820,318,1314918,14268941.78
2025-11-20,ESSENTIAL,LATAM,459,99,714161,6811806.38
2025-11-20,ESSENTIAL,EMEA,983,457,2430222,25562199.71
2025-11-20,EXTRA,APAC,452,170,632873,11502426.60
2025-11-20,EXTRA,NA,962,367,1667686,25586508.95
2025-11-20,EXTRA,LATAM,253,52,401940,5816941.45
2025-11-20,EXTRA,EMEA,903,143,1203222,17451432.95
2025-11-21,PREMIUM,NA,742,237,1073606,18420171.48
2025-11-21,PREMIUM,APAC,206,65,488070,7104125.07
2025-11-21,PREMIUM,LATAM,91,51,225178,4190635.58
2025-11-21,PREMIUM,EMEA,411,102,693084,13375887.92
2025-11-21,ESSENTIAL,NA,1300,392,3433238,29011124.84
2025-11-21,ESSENTIAL,APAC,608,274,1491485,15473555.96
2025-11-21,ESSENTIAL,LATAM,301,106,660330,6144966.38
2025-11-21,ESSENTIAL,EMEA,1801,334,2430222,26401924.15
2025-11-21,EXTRA,APAC,335,155,737377,10122135.41
2025-11-21,EXTRA,NA,776,346,1555142,23490511.21
2025-11-21,EXTRA,LATAM,221,68,382574,5400663.16
2025-11-21,EXTRA,EMEA,716,251,1128964,17753295.57
2025-11-22,PREMIUM,NA,689,165,1010453,16371416.31
2025-11-22,PREMIUM,APAC,324,103,446362,8660646.86
2025-11-22,PREMIUM,LATAM,136,30,212532,3496187.39
2025-11-22,PREMIUM,EMEA,370,170,765678,14241952.61
2025-11-22,ESSENTIAL,NA,2562,478,3449985,32959582.43
2025-11-22,ESSENTIAL,APAC,1194,300,1511582,13810041.14
2025-11-22,ESSENTIAL,LATAM,330,164,652435,7622052.82
2025-11-22,ESSENTIAL,EMEA,1639,412,2593390,22746653.08
2025-11-22,EXTRA,APAC,428,163,776840,9979724.41
2025-11-22,EXTRA,NA,784,364,1785344,25279777.57
2025-11-22,EXTRA,LATAM,271,47,344207,5143227.89
2025-11-22,EXTRA,EMEA,1050,234,1347961,16168516.80
2025-11-23,PREMIUM,NA,409,142,1123301,17172293.33
2025-11-23,PREMIUM,APAC,220,99,382913,8469074.94
2025-11-23,PREMIUM,LATAM,118,43,189682,3967135.01
2025-11-23,PREMIUM,EMEA,306,170,719829,13142187.93
2025-11-23,ESSENTIAL,NA,2441,562,2847075,34632657.68
2025-11-23,ESSENTIAL,APAC,883,235,1528808,12992624.37
2025-11-23,ESSENTIAL,LATAM,584,151,739283,7342410.24
2025-11-23,ESSENTIAL,EMEA,1880,295,2271998,22079813.09
2025-11-23,EXTRA,APAC,525,123,755647,11787248.59
2025-11-23,EXTRA,NA,1224,307,1659160,26966800.14
2025-11-23,EXTRA,LATAM,194,85,383670,6008648.56
2025-11-23,EXTRA,EMEA,777,139,1162946,18847547.59
2025-11-24,PREMIUM,NA,566,150,1049794,18587796.91
2025-11-24,PREMIUM,APAC,241,82,381582,7551126.20
2025-11-24,PREMIUM,LATAM,165,54,233386,3568026.86
2025-11-24,PREMIUM,EMEA,568,117,826046,13485864.39
2025-11-24,ESSENTIAL,NA,1726,455,2850425,35435733.80
2025-11-24,ESSENTIAL,APAC,1033,322,1531679,12289932.77
2025-11-24,ESSENTIAL,LATAM,323,142,611523,7851503.14
2025-11-24,ESSENTIAL,EMEA,1329,420,2452472,25537501.94
2025-11-24,EXTRA,APAC,313,118,655528,11294287.45
2025-11-24,EXTRA,NA,911,198,1512512,23797242.59
2025-11-24,EXTRA,LATAM,142,68,392805,5488300.69
2025-11-24,EXTRA,EMEA,766,259,1069810,19847467.53
2025-11-25,PREMIUM,NA,642,192,926594,17954545.31
2025-11-25,PREMIUM,APAC,240,66,401549,7854448.39
2025-11-25,PREMIUM,LATAM,132,44,205211,3683768.22
2025-11-25,PREMIUM,EMEA,460,131,774848,12647293.82
2025-11-25,ESSENTIAL,NA,2299,435,3486830,36372655.94
2025-11-25,ESSENTIAL,APAC,823,277,1370903,13723997.27
2025-11-25,ESSENTIAL,LATAM,405,119,670379,6101944.45
2025-11-25,ESSENTIAL,EMEA,1400,426,2383249,24129728.62
2025-11-25,EXTRA,APAC,411,112,629219,9519627.35
2025-11-25,EXTRA,NA,1201,365,1672801,24794119.56
2025-11-25,EXTRA,LATAM,232,49,394632,5307548.27
2025-11-25,EXTRA,EMEA,576,196,1240980,17225035.98
2025-11-26,PREMIUM,NA,507,197,891393,17768294.84
2025-11-26,PREMIUM,APAC,317,71,433051,7215875.35
2025-11-26,PREMIUM,LATAM,147,49,212532,3739643.37
2025-11-26,PREMIUM,EMEA,467,168,824518,14090734.96
2025-11-26,ESSENTIAL,NA,2256,460,2904017,35736887.34
2025-11-26,ESSENTIAL,APAC,998,250,1250321,15717346.92
2025-11-26,ESSENTIAL,LATAM,451,161,706266,7557519.92
2025-11-26,ESSENTIAL,EMEA,1651,594,2212664,25364617.49
2025-11-26,EXTRA,APAC,537,139,697914,9311488.20
2025-11-26,EXTRA,NA,733,339,1597772,24436266.29
2025-11-26,EXTRA,LATAM,147,80,343841,5992216.52
2025-11-26,EXTRA,EMEA,794,283,1269927,18130623.85
2025-11-27,PREMIUM,NA,481,138,1072571,18029045.50
2025-11-27,PREMIUM,APAC,249,103,407760,7032285.60
2025-11-27,PREMIUM,LATAM,135,25,209870,3875340.14
2025-11-27,PREMIUM,EMEA,283,115,787075,13293405.57
2025-11-27,ESSENTIAL,NA,1219,812,2940861,30751123.10
2025-11-27,ESSENTIAL,APAC,854,348,1525937,14139875.97
2025-11-27,ESSENTIAL,LATAM,366,136,626596,6281202.51
2025-11-27,ESSENTIAL,EMEA,1597,308,2393138,23265306.41
2025-11-27,EXTRA,APAC,391,150,674528,11009465.46
2025-11-27,EXTRA,NA,820,264,1858668,27835872.37
2025-11-27,EXTRA,LATAM,167,47,385862,5044635.67
2025-11-27,EXTRA,EMEA,609,169,1349219,17658963.50
2025-11-28,PREMIUM,NA,535,211,982500,19481799.16
2025-11-28,PREMIUM,APAC,192,63,465441,7167982.37
2025-11-28,PREMIUM,LATAM,101,37,204324,3583991.19
2025-11-28,PREMIUM,EMEA,280,143,690027,14241952.61
2025-11-28,ESSENTIAL,NA,2274,653,3654305,29345739.89
2025-11-28,ESSENTIAL,APAC,1040,192,1339322,12275592.12
2025-11-28,ESSENTIAL,LATAM,372,168,710573,7256366.37
2025-11-28,ESSENTIAL,EMEA,1522,551,2625530,23561679.74
2025-11-28,EXTRA,APAC,387,170,685490,11655792.29
2025-11-28,EXTRA,NA,669,235,1797281,22493634.24
2025-11-28,EXTRA,LATAM,204,84,363208,5942920.41
2025-11-28,EXTRA,EMEA,590,281,1286289,19130543.80
2025-11-29,PREMIUM,NA,517,178,890358,18066295.59
2025-11-29,PREMIUM,APAC,235,73,463223,6848695.85
2025-11-29,PREMIUM,LATAM,157,47,204768,3460267.66
2025-11-29,PREMIUM,EMEA,296,168,701490,14131976.14
2025-11-29,ESSENTIAL,NA,2359,747,3453335,31888814.27
2025-11-29,ESSENTIAL,APAC,1054,179,1477130,13293777.92
2025-11-29,ESSENTIAL,LATAM,334,161,712008,6876339.28
2025-11-29,ESSENTIAL,EMEA,1111,540,2178052,25685688.60
2025-11-29,EXTRA,APAC,507,146,673067,9979724.41
2025-11-29,EXTRA,NA,681,248,1700084,24973046.20
2025-11-29,EXTRA,LATAM,211,68,388420,5017248.94
2025-11-29,EXTRA,EMEA,986,215,1160429,18394753.65
2025-11-30,PREMIUM,NA,433,238,966970,18848547.56
2025-11-30,PREMIUM,APAC,329,89,464110,7136053.72
2025-11-30,PREMIUM,LATAM,115,33,236492,3703723.63
2025-11-30,PREMIUM,EMEA,379,88,769499,13499611.45
2025-11-30,ESSENTIAL,NA,1402,480,3339452,30818046.11
2025-11-30,ESSENTIAL,APAC,632,320,1240272,14139875.97
2025-11-30,ESSENTIAL,LATAM,577,82,655306,7306558.63
2025-11-30,ESSENTIAL,EMEA,1011,436,2234914,25611595.27
2025-11-30,EXTRA,APAC,418,128,744685,9662038.34
2025-11-30,EXTRA,NA,1188,283,1457946,28040359.96
2025-11-30,EXTRA,LATAM,151,50,374535,4820064.48
2025-11-30,EXTRA,EMEA,560,139,1179308,17998558.96
2025-12-01,PREMIUM,NA,529,238,996994,18606421.95
2025-12-01,PREMIUM,APAC,222,59,445031,7120089.40
2025-12-01,PREMIUM,LATAM,156,46,241373,3619910.92
2025-12-01,PREMIUM,EMEA,536,150,810763,12647293.82
2025-12-01,ESSENTIAL,NA,2358,551,3299258,31085738.15
2025-12-01,ESSENTIAL,APAC,663,188,1243143,14555754.68
2025-12-01,ESSENTIAL,LATAM,318,133,750767,7528838.63
2025-12-01,ESSENTIAL,EMEA,870,287,2568668,27142857.47
2025-12-01,EXTRA,APAC,423,105,735916,10472685.55
2025-12-01,EXTRA,NA,991,209,1469882,25842118.43
2025-12-01,EXTRA,LATAM,245,42,400844,4732426.94
2025-12-01,EXTRA,EMEA,662,279,1175532,20715322.57
2025-12-02,PREMIUM,NA,755,198,1071536,18829922.52
2025-12-02,PREMIUM,APAC,277,94,439263,7670858.64
2025-12-02,PREMIUM,LATAM,126,46,240707,4218573.15
2025-12-02,PREMIUM,EMEA,371,120,742754,11849964.43
2025-12-02,ESSENTIAL,NA,1237,552,2877221,31119199.65
2025-12-02,ESSENTIAL,APAC,1054,203,1546034,13035646.31
2025-12-02,ESSENTIAL,LATAM,462,102,762251,6883509.60
2025-12-02,ESSENTIAL,EMEA,1154,331,2479667,22153906.42
2025-12-02,EXTRA,APAC,285,163,736646,10056407.26
2025-12-02,EXTRA,NA,847,324,1630171,27989238.06
2025-12-02,EXTRA,LATAM,129,66,347861,5460913.96
2025-12-02,EXTRA,EMEA,913,211,1110085,17319368.05
2025-12-03,PREMIUM,NA,493,129,951441,16483166.60
2025-12-03,PREMIUM,APAC,320,93,474315,8181717.08
2025-12-03,PREMIUM,LATAM,92,41,240485,3867357.97
2025-12-03,PREMIUM,EMEA,531,168,680858,13334646.75
2025-12-03,ESSENTIAL,NA,1243,647,3372947,32189967.81
2025-12-03,ESSENTIAL,APAC,965,346,1363725,12963943.08
2025-12-03,ESSENTIAL,LATAM,454,166,693347,6740103.15
2025-12-03,ESSENTIAL,EMEA,987,536,2543945,23438190.85
2025-12-03,EXTRA,APAC,400,163,680375,11809157.98
2025-12-03,EXTRA,NA,680,282,1480114,22519195.19
2025-12-03,EXTRA,LATAM,223,63,389151,5718349.22
2025-12-03,EXTRA,EMEA,877,233,1379426,20413459.95
2025-12-04,PREMIUM,NA,554,234,902782,17544794.27
2025-12-04,PREMIUM,APAC,309,53,487183,8540914.41
2025-12-04,PREMIUM,LATAM,168,48,217413,3663812.82
2025-12-04,PREMIUM,EMEA,289,139,671688,12839752.64
2025-12-04,ESSENTIAL,NA,2511,563,2907366,34030350.59
2025-12-04,ESSENTIAL,APAC,867,210,1286208,14942952.09
2025-12-04,ESSENTIAL,LATAM,425,82,757944,7858673.46
2025-12-04,ESSENTIAL,EMEA,1623,352,2526640,21388275.32
2025-12-04,EXTRA,APAC,490,98,672336,9705857.11
2025-12-04,EXTRA,NA,1046,245,1584131,22877048.46
2025-12-04,EXTRA,LATAM,181,77,380747,5685485.15
2025-12-04,EXTRA,EMEA,737,231,1162946,19922933.18
2025-12-05,PREMIUM,NA,722,158,1061183,17339918.76
2025-12-05,PREMIUM,APAC,321,69,453018,8772397.14
2025-12-05,PREMIUM,LATAM,165,52,210314,4194626.66
2025-12-05,PREMIUM,EMEA,534,104,803122,12963476.17
2025-12-05,ESSENTIAL,NA,2305,725,3630858,29044586.34
2025-12-05,ESSENTIAL,APAC,921,196,1329273,15573940.47
2025-12-05,ESSENTIAL,LATAM,258,95,648846,7865843.78
2025-12-05,ESSENTIAL,EMEA,1117,343,2155802,21141297.54
2025-12-05,EXTRA,APAC,275,110,621911,11798203.28
2025-12-05,EXTRA,NA,1265,309,1737599,22007976.23
2025-12-05,EXTRA,LATAM,181,77,392074,5548551.50
2025-12-05,EXTRA,EMEA,722,286,1218325,17036371.84
2025-12-06,PREMIUM,NA,726,229,970076,18438796.53
2025-12-06,PREMIUM,APAC,215,100,405986,8093913.28
2025-12-06,PREMIUM,LATAM,141,35,232721,3416365.76
2025-12-06,PREMIUM,EMEA,518,162,690027,12358605.59
2025-12-06,ESSENTIAL,NA,2203,733,3101637,31052276.64
2025-12-06,ESSENTIAL,APAC,1138,307,1422581,15688665.63
2025-12-06,ESSENTIAL,LATAM,492,155,640233,6317054.12
2025-12-06,ESSENTIAL,EMEA,1808,352,2341221,24549590.84
2025-12-06,EXTRA,APAC,434,115,681106,10516504.32
2025-12-06,EXTRA,NA,698,216,1672801,22723682.77
2025-12-06,EXTRA,LATAM,149,75,397555,4907702.02
2025-12-06,EXTRA,EMEA,865,156,1235945,17470299.36
2025-12-07,PREMIUM,NA,573,164,1111912,16185165.84
2025-12-07,PREMIUM,APAC,278,92,434382,7718751.62
2025-12-07,PREMIUM,LATAM,158,52,211645,3404392.52
2025-12-07,PREMIUM,EMEA,340,184,694612,12482329.12
2025-12-07,ESSENTIAL,NA,1836,373,3403092,33227274.47
2025-12-07,ESSENTIAL,APAC,845,315,1451291,13351140.50
2025-12-07,ESSENTIAL,LATAM,533,136,650999,6496312.19
2025-12-07,ESSENTIAL,EMEA,1113,404,2301665,24648381.95
2025-12-07,EXTRA,APAC,362,114,770994,12039206.51
2025-12-07,EXTRA,NA,899,260,1768292,25739874.64
2025-12-07,EXTRA,LATAM,180,46,385132,4699562.87
2025-12-07,EXTRA,EMEA,670,161,1125188,16074184.73
2025-12-08,PREMIUM,NA,777,149,947300,17228168.48
2025-12-08,PREMIUM,APAC,178,102,385575,7407447.26
2025-12-08,PREMIUM,LATAM,138,34,204989,3568026.86
2025-12-08,PREMIUM,EMEA,490,106,749631,11932446.78
2025-12-08,ESSENTIAL,NA,1930,374,3208821,34498811.66
2025-12-08,ESSENTIAL,APAC,588,175,1284773,14656139.19
2025-12-08,ESSENTIAL,LATAM,471,152,654588,7858673.46
2025-12-08,ESSENTIAL,EMEA,1272,299,2242331,25660990.82
2025-12-08,EXTRA,APAC,424,158,703030,11129967.07
2025-12-08,EXTRA,NA,616,251,1846732,25100850.94
2025-12-08,EXTRA,LATAM,148,48,349688,5351367.04
2025-12-08,EXTRA,EMEA,874,154,1317754,16583577.91
2025-12-09,PREMIUM,NA,416,135,1074641,20375801.42
2025-12-09,PREMIUM,APAC,296,76,452574,8213645.73
2025-12-09,PREMIUM,LATAM,98,29,201662,4374225.32
2025-12-09,PREMIUM,EMEA,546,150,728999,14296940.84
2025-12-09,ESSENTIAL,NA,1512,391,3058094,34799965.20
2025-12-09,ESSENTIAL,APAC,857,272,1333580,13093008.89
2025-12-09,ESSENTIAL,LATAM,450,117,681145,7234855.40
2025-12-09,ESSENTIAL,EMEA,968,369,2600807,27093461.92
2025-12-09,EXTRA,APAC,396,112,680375,9848268.11
2025-12-09,EXTRA,NA,922,288,1619940,27350214.36
2025-12-09,EXTRA,LATAM,220,69,399748,5548551.50
2025-12-09,EXTRA,EMEA,488,217,1363064,20715322.57
2025-12-10,PREMIUM,NA,510,173,1136759,20021925.53
2025-12-10,PREMIUM,APAC,318,66,377589,8061984.63
2025-12-10,PREMIUM,LATAM,126,46,210979,3971126.09
2025-12-10,PREMIUM,EMEA,378,170,734348,12179893.83
2025-12-10,ESSENTIAL,NA,1235,598,3061443,34097273.60
2025-12-10,ESSENTIAL,APAC,584,236,1535985,13967788.23
2025-12-10,ESSENTIAL,LATAM,301,160,752202,6912190.89
2025-12-10,ESSENTIAL,EMEA,1139,353,2356054,25389315.27
2025-12-10,EXTRA,APAC,485,150,638719,9727766.50
2025-12-10,EXTRA,NA,600,278,1457946,23439389.32
2025-12-10,EXTRA,LATAM,144,64,347495,5077499.74
2025-12-10,EXTRA,EMEA,475,222,1293841,16640177.15
2025-12-11,PREMIUM,NA,563,175,982500,16110665.66
2025-12-11,PREMIUM,APAC,227,90,484520,8269520.87
2025-12-11,PREMIUM,LATAM,95,41,214085,4298394.78
2025-12-11,PREMIUM,EMEA,544,133,707603,13073452.63
2025-12-11,ESSENTIAL,NA,1563,807,3135132,33561889.52
2025-12-11,ESSENTIAL,APAC,777,328,1250321,12361635.99
2025-12-11,ESSENTIAL,LATAM,471,101,711290,6331394.77
2025-12-11,ESSENTIAL,EMEA,1736,534,2121191,25241128.61
2025-12-11,EXTRA,APAC,311,169,769532,9957815.03
2025-12-11,EXTRA,NA,1069,275,1657454,23337145.52
2025-12-11,EXTRA,LATAM,210,87,319725,5926488.37
2025-12-11,EXTRA,EMEA,689,144,1324047,16753375.63
2025-12-12,PREMIUM,NA,727,179,1134689,18382921.39
2025-12-12,PREMIUM,APAC,198,83,386019,8429164.13
2025-12-12,PREMIUM,LATAM,141,48,214085,3715696.88
2025-12-12,PREMIUM,EMEA,383,140,705310,14929305.53
2025-12-12,ESSENTIAL,NA,2276,546,3604062,33863043.06
2025-12-12,ESSENTIAL,APAC,571,251,1413968,12806195.99
2025-12-12,ESSENTIAL,LATAM,348,153,747178,6725762.51
2025-12-12,ESSENTIAL,EMEA,1591,303,2363471,21388275.32
2025-12-12,EXTRA,APAC,413,85,755647,9651083.65
2025-12-12,EXTRA,NA,1027,248,1459651,23899486.38
2025-12-12,EXTRA,LATAM,153,53,341649,4787200.40
2025-12-12,EXTRA,EMEA,734,266,1379426,18092891.03
2025-12-13,PREMIUM,NA,449,132,1075677,19407298.97
2025-12-13,PREMIUM,APAC,197,76,412641,7295696.98
2025-12-13,PREMIUM,LATAM,142,42,234274,4182653.41
2025-12-13,PREMIUM,EMEA,516,171,735112,14118229.08
2025-12-13,ESSENTIAL,NA,2158,651,3228918,33126889.95
2025-12-13,ESSENTIAL,APAC,888,312,1251756,13795700.49
2025-12-13,ESSENTIAL,LATAM,318,110,672532,6152136.71
2025-12-13,ESSENTIAL,EMEA,1476,434,2331332,23290004.18
2025-12-13,EXTRA,APAC,521,106,792187,11491471.91
2025-12-13,EXTRA,NA,1270,251,1858668,26787873.50
2025-12-13,EXTRA,LATAM,280,83,397921,5411617.85
2025-12-13,EXTRA,EMEA,667,157,1142809,17130703.91
2025-12-14,PREMIUM,NA,706,204,1116053,16781167.35
2025-12-14,PREMIUM,APAC,354,54,480527,7662876.48
2025-12-14,PREMIUM,LATAM,175,36,241373,3951170.69
2025-12-14,PREMIUM,EMEA,582,149,761858,12331111.47
2025-12-14,ESSENTIAL,NA,2177,591,3677751,36071502.39
2025-12-14,ESSENTIAL,APAC,779,340,1500098,14828226.93
2025-12-14,ESSENTIAL,LATAM,548,112,651717,6718592.18
2025-12-14,ESSENTIAL,EMEA,1785,428,2232442,21585857.54
2025-12-14,EXTRA,APAC,361,99,648950,10012588.49
2025-12-14,EXTRA,NA,1326,386,1551732,27733628.58
2025-12-14,EXTRA,LATAM,291,58,400113,5510210.08
2025-12-14,EXTRA,EMEA,718,286,1273703,17055238.26
2025-12-15,PREMIUM,NA,516,233,1039441,15980290.33
2025-12-15,PREMIUM,APAC,292,90,459230,7638929.99
2025-12-15,PREMIUM,LATAM,162,51,221406,4370234.24
2025-12-15,PREMIUM,EMEA,361,153,684678,12606052.64
2025-12-15,ESSENTIAL,NA,1420,526,3061443,32591505.87
2025-12-15,ESSENTIAL,APAC,649,242,1451291,14656139.19
2025-12-15,ESSENTIAL,LATAM,278,90,787372,6173647.67
2025-12-15,ESSENTIAL,EMEA,881,294,2143441,24228519.73
2025-12-15,EXTRA,APAC,410,85,667951,10242637.02
2025-12-15,EXTRA,NA,841,344,1865489,23976169.22
2025-12-15,EXTRA,LATAM,216,58,374170,4929611.40
2025-12-15,EXTRA,EMEA,507,244,1317754,20413459.95
2025-12-16,PREMIUM,NA,514,125,1041512,19742549.82
2025-12-16,PREMIUM,APAC,174,73,464554,8445128.45
2025-12-16,PREMIUM,LATAM,102,51,216526,3428339.01
2025-12-16,PREMIUM,EMEA,279,87,813056,13884529.09
2025-12-16,ESSENTIAL,NA,1426,475,3141831,29546508.92
2025-12-16,ESSENTIAL,APAC,581,203,1438371,12533723.73
2025-12-16,ESSENTIAL,LATAM,385,108,689758,6933701.86
2025-12-16,ESSENTIAL,EMEA,1084,453,2417861,21956324.20
2025-12-16,EXTRA,APAC,414,109,689875,10472685.55
2025-12-16,EXTRA,NA,782,244,1718842,26046606.01
2025-12-16,EXTRA,LATAM,154,51,388786,5636189.03
2025-12-16,EXTRA,EMEA,508,286,1183084,18998478.90
2025-12-17,PREMIUM,NA,566,122,990782,18494671.67
2025-12-17,PREMIUM,APAC,199,108,446806,6888606.67
2025-12-17,PREMIUM,LATAM,153,40,192788,4118796.11
2025-12-17,PREMIUM,EMEA,313,140,750395,14943052.59
2025-12-17,ESSENTIAL,NA,1873,387,3319355,30249200.52
2025-12-17,ESSENTIAL,APAC,1000,316,1550340,13494546.95
2025-12-17,ESSENTIAL,LATAM,373,95,668943,7880184.43
2025-12-17,ESSENTIAL,EMEA,977,447,2153330,27142857.47
2025-12-17,EXTRA,APAC,375,118,798034,11239513.99
2025-12-17,EXTRA,NA,914,260,1486934,23567194.06
2025-12-17,EXTRA,LATAM,196,57,351880,5285638.89
2025-12-17,EXTRA,EMEA,864,261,1150360,17885360.47
2025-12-18,PREMIUM,NA,452,210,883111,19668049.63
2025-12-18,PREMIUM,APAC,333,50,469878,8485039.27
2025-12-18,PREMIUM,LATAM,134,52,211423,4122787.19
2025-12-18,PREMIUM,EMEA,545,117,780961,15053029.06
2025-12-18,ESSENTIAL,NA,1374,753,3098288,30717661.59
2025-12-18,ESSENTIAL,APAC,997,280,1225917,12418998.57
2025-12-18,ESSENTIAL,LATAM,300,133,633773,7005405.08
2025-12-18,ESSENTIAL,EMEA,1765,513,2482139,21388275.32
2025-12-18,EXTRA,APAC,556,95,655528,10023543.18
2025-12-18,EXTRA,NA,1094,399,1660865,21880171.49
2025-12-18,EXTRA,LATAM,191,84,350419,4715994.91
2025-12-18,EXTRA,EMEA,511,239,1251048,16243982.45
2025-12-19,PREMIUM,NA,689,169,912099,17973170.36
2025-12-19,PREMIUM,APAC,229,98,455680,7407447.26
2025-12-19,PREMIUM,LATAM,135,33,214751,3819465.00
2025-12-19,PREMIUM,EMEA,440,165,690792,13348393.80
2025-12-19,ESSENTIAL,NA,2503,479,3031298,28576125.27
2025-12-19,ESSENTIAL,APAC,1029,313,1574744,13279437.27
2025-12-19,ESSENTIAL,LATAM,255,140,780194,6367246.38
2025-12-19,ESSENTIAL,EMEA,928,394,2128607,21709346.42
2025-12-19,EXTRA,APAC,329,132,760763,10100226.02
2025-12-19,EXTRA,NA,1180,364,1804102,27196848.67
2025-12-19,EXTRA,LATAM,142,75,375631,5800509.41
2025-12-19,EXTRA,EMEA,455,209,1349219,17904226.89
2025-12-20,PREMIUM,NA,493,154,1030124,17414418.95
2025-12-20,PREMIUM,APAC,284,71,486295,7646912.15
2025-12-20,PREMIUM,LATAM,92,33,218300,3971126.09
2025-12-20,PREMIUM,EMEA,486,161,747339,11918699.72
2025-12-20,ESSENTIAL,NA,1782,504,3161928,32357275.34
2025-12-20,ESSENTIAL,APAC,1063,170,1544598,14613117.26
2025-12-20,ESSENTIAL,LATAM,558,102,657459,6790295.41
2025-12-20,ESSENTIAL,EMEA,1094,351,2217608,27044066.36
2025-12-20,EXTRA,APAC,314,139,757840,11414789.06
2025-12-20,EXTRA,NA,1345,203,1739304,27580262.89
2025-12-20,EXTRA,LATAM,272,81,326302,5356844.39
2025-12-20,EXTRA,EMEA,644,155,1195670,18168356.68
2025-12-21,PREMIUM,NA,747,130,1137795,17172293.33
2025-12-21,PREMIUM,APAC,191,69,400661,7958216.51
2025-12-21,PREMIUM,LATAM,106,35,243591,3635875.25
2025-12-21,PREMIUM,EMEA,346,86,771027,12647293.82
2025-12-21,ESSENTIAL,NA,2767,454,3503577,29914585.47
2025-12-21,ESSENTIAL,APAC,1192,177,1385258,14240260.49
2025-12-21,ESSENTIAL,LATAM,550,143,775888,7270707.02
2025-12-21,ESSENTIAL,EMEA,1886,509,2709586,24920057.50
2025-12-21,EXTRA,APAC,545,109,659912,10834190.39
2025-12-21,EXTRA,NA,996,361,1804102,24206217.76
2025-12-21,EXTRA,LATAM,222,62,391709,5641666.38
2025-12-21,EXTRA,EMEA,651,198,1335375,16111917.56
2025-12-22,PREMIUM,NA,592,248,1115018,18960297.85
2025-12-22,PREMIUM,APAC,235,106,468547,8181717.08
2025-12-22,PREMIUM,LATAM,150,52,211201,4286421.53
2025-12-22,PREMIUM,EMEA,534,108,809999,14915558.47
2025-12-22,ESSENTIAL,NA,2022,461,3175326,35000734.23
2025-12-22,ESSENTIAL,APAC,1010,163,1546034,12849217.92
2025-12-22,ESSENTIAL,LATAM,506,148,687605,7120130.24
2025-12-22,ESSENTIAL,EMEA,1659,563,2578557,26722995.26
2025-12-22,EXTRA,APAC,390,132,730800,10253591.71
2025-12-22,EXTRA,NA,809,193,1718842,23720559.74
2025-12-22,EXTRA,LATAM,191,48,361381,4803632.44
2025-12-22,EXTRA,EMEA,495,155,1170498,20488925.60
2025-12-23,PREMIUM,NA,649,238,929699,16483166.60
2025-12-23,PREMIUM,APAC,292,100,441482,8636700.37
2025-12-23,PREMIUM,LATAM,115,41,195006,3607937.68
2025-12-23,PREMIUM,EMEA,312,119,813056,13169682.04
2025-12-23,ESSENTIAL,NA,1585,636,3583965,33193812.96
2025-12-23,ESSENTIAL,APAC,1013,297,1467081,12462020.51
2025-12-23,ESSENTIAL,LATAM,323,121,757944,7492987.01
2025-12-23,ESSENTIAL,EMEA,1767,574,2704642,24450799.73
2025-12-23,EXTRA,APAC,477,81,662105,10888963.85
2025-12-23,EXTRA,NA,1107,270,1555142,23618315.95
2025-12-23,EXTRA,LATAM,142,58,399017,5537596.81
2025-12-23,EXTRA,EMEA,722,212,1212032,18111757.44
2025-12-24,PREMIUM,NA,598,203,1131583,17731044.74
2025-12-24,PREMIUM,APAC,319,107,399774,8540914.41
2025-12-24,PREMIUM,LATAM,161,53,215638,4322341.26
2025-12-24,PREMIUM,EMEA,496,182,719829,13472117.33
2025-12-24,ESSENTIAL,NA,2450,444,3222219,35201503.26
2025-12-24,ESSENTIAL,APAC,1028,172,1330709,13021305.66
2025-12-24,ESSENTIAL,LATAM,339,147,714879,7507327.66
2025-12-24,ESSENTIAL,EMEA,1432,288,2244803,22894839.74
2025-12-24,EXTRA,APAC,258,141,703030,9475808.58
2025-12-24,EXTRA,NA,992,329,1867194,21752366.75
2025-12-24,EXTRA,LATAM,195,55,313879,5745735.95
2025-12-24,EXTRA,EMEA,692,302,1164205,16772242.05
2025-12-25,PREMIUM,NA,717,116,1110877,19686674.68
2025-12-25,PREMIUM,APAC,198,103,431276,7886377.04
2025-12-25,PREMIUM,LATAM,120,29,243591,3979108.26
2025-12-25,PREMIUM,EMEA,569,98,721358,11932446.78
2025-12-25,ESSENTIAL,NA,2460,554,3011201,30617277.08
2025-12-25,ESSENTIAL,APAC,704,235,1352241,14555754.68
2025-12-25,ESSENTIAL,LATAM,473,96,709137,7414113.47
2025-12-25,ESSENTIAL,EMEA,1533,412,2699697,26080853.04
2025-12-25,EXTRA,APAC,512,150,697183,11425743.76
2025-12-25,EXTRA,NA,1077,247,1768292,24512949.13
2025-12-25,EXTRA,LATAM,254,86,312782,5570460.88
2025-12-25,EXTRA,EMEA,736,276,1126447,16338314.52
2025-12-26,PREMIUM,NA,604,190,1027018,17768294.84
2025-12-26,PREMIUM,APAC,194,89,377589,8772397.14
2025-12-26,PREMIUM,LATAM,88,31,206099,3615919.84
2025-12-26,PREMIUM,EMEA,276,116,797008,14516893.78
2025-12-26,ESSENTIAL,NA,1188,568,3560519,36707270.99
2025-12-26,ESSENTIAL,APAC,976,266,1574744,12877899.21
2025-12-26,ESSENTIAL,LATAM,459,173,672532,6173647.67
2025-12-26,ESSENTIAL,EMEA,1704,525,2578557,21931626.42
2025-12-26,EXTRA,APAC,542,92,694991,10702734.08
2025-12-26,EXTRA,NA,1169,325,1660865,22314707.60
2025-12-26,EXTRA,LATAM,195,68,399382,5148705.24
2025-12-26,EXTRA,EMEA,705,269,1258600,17451432.95
2025-12-27,PREMIUM,NA,796,157,1096383,19686674.68
2025-12-27,PREMIUM,APAC,284,69,430389,6920535.32
2025-12-27,PREMIUM,LATAM,144,45,222516,3424347.93
2025-12-27,PREMIUM,EMEA,431,117,773320,14654364.36
2025-12-27,ESSENTIAL,NA,2423,748,2883920,33528428.01
2025-12-27,ESSENTIAL,APAC,1148,345,1246014,12218229.54
2025-12-27,ESSENTIAL,LATAM,429,150,748613,6732932.83
2025-12-27,ESSENTIAL,EMEA,1832,373,2269526,23808657.51
2025-12-27,EXTRA,APAC,519,157,690606,10198818.25
2025-12-27,EXTRA,NA,1138,259,1827974,22646999.93
2025-12-27,EXTRA,LATAM,239,73,371977,5455436.62
2025-12-27,EXTRA,EMEA,678,221,1136516,17753295.57
2025-12-28,PREMIUM,NA,750,174,982500,16166540.80
2025-12-28,PREMIUM,APAC,274,54,453461,8141806.26
2025-12-28,PREMIUM,LATAM,180,54,214307,3883322.30
2025-12-28,PREMIUM,EMEA,397,139,674744,14200711.43
2025-12-28,ESSENTIAL,NA,2534,618,2950910,31922275.77
2025-12-28,ESSENTIAL,APAC,1013,175,1531679,13594931.46
2025-12-28,ESSENTIAL,LATAM,457,167,633056,7543179.27
2025-12-28,ESSENTIAL,EMEA,1479,375,2717003,26821786.37
2025-12-28,EXTRA,APAC,385,169,754916,11611973.52
2025-12-28,EXTRA,NA,783,356,1718842,27196848.67
2025-12-28,EXTRA,LATAM,287,64,381478,4874837.94
2025-12-28,EXTRA,EMEA,533,260,1336633,20337994.29
2025-12-29,PREMIUM,NA,1199,184,880005,19165173.36
2025-12-29,PREMIUM,APAC,251,91,459673,8453110.62
2025-12-29,PREMIUM,LATAM,266,53,235161,3755607.69
2025-12-29,PREMIUM,EMEA,925,95,725178,12042423.25
2025-12-29,ESSENTIAL,NA,2658,733,3071492,34264581.12
2025-12-29,ESSENTIAL,APAC,875,170,1508711,13910425.65
2025-12-29,ESSENTIAL,LATAM,427,120,767275,6854828.31
2025-12-29,ESSENTIAL,EMEA,1955,395,2531584,21709346.42
2025-12-29,EXTRA,APAC,818,176,795110,9990679.10
2025-12-29,EXTRA,NA,1724,367,1783639,25969923.17
2025-12-29,EXTRA,LATAM,386,58,331783,5685485.15
2025-12-29,EXTRA,EMEA,838,147,1264893,19375807.18
2025-12-30,PREMIUM,NA,824,130,931770,18438796.53
2025-12-30,PREMIUM,APAC,268,82,435713,7088160.74
2025-12-30,PREMIUM,LATAM,253,30,222737,3492196.31
2025-12-30,PREMIUM,EMEA,617,150,738933,13568346.74
2025-12-30,ESSENTIAL,NA,2121,514,3332753,30818046.11
2025-12-30,ESSENTIAL,APAC,835,266,1350806,13408503.08
2025-12-30,ESSENTIAL,LATAM,783,122,638798,7292217.98
2025-12-30,ESSENTIAL,EMEA,1496,426,2299193,23709866.40
2025-12-30,EXTRA,APAC,644,104,766609,10932782.62
2025-12-30,EXTRA,NA,1049,237,1783639,24564071.03
2025-12-30,EXTRA,LATAM,341,70,325206,5406140.50
2025-12-30,EXTRA,EMEA,910,267,1147843,17206169.57
2025-12-31,PREMIUM,NA,1170,134,1129512,17023292.96
2025-12-31,PREMIUM,APAC,492,61,488070,7758662.44
2025-12-31,PREMIUM,LATAM,176,45,208095,3823456.08
2025-12-31,PREMIUM,EMEA,450,186,670924,13733311.44
2025-12-31,ESSENTIAL,NA,3176,385,3302607,36104963.90
2025-12-31,ESSENTIAL,APAC,1177,229,1329273,14555754.68
2025-12-31,ESSENTIAL,LATAM,465,151,706984,7349580.56
2025-12-31,ESSENTIAL,EMEA,2917,545,2353582,24352008.62
2025-12-31,EXTRA,APAC,684,157,792187,9366261.66
2025-12-31,EXTRA,NA,1702,233,1780229,23004853.20
2025-12-31,EXTRA,LATAM,390,80,398651,5006294.24
2025-12-31,EXTRA,EMEA,1007,279,1291324,16923173.36
2026-01-01,PREMIUM,NA,823,240,1102595,17991795.40
2026-01-01,PREMIUM,APAC,462,78,464998,7838484.07
2026-01-01,PREMIUM,LATAM,202,27,235605,3723679.04
2026-01-01,PREMIUM,EMEA,476,174,652584,13994505.55
2026-01-01,ESSENTIAL,NA,2749,738,3453335,29847662.46
2026-01-01,ESSENTIAL,APAC,1649,188,1424016,12289932.77
2026-01-01,ESSENTIAL,LATAM,750,93,695500,7077108.31
2026-01-01,ESSENTIAL,EMEA,2611,371,2687336,22104510.86
2026-01-01,EXTRA,APAC,631,95,777571,10856099.77
2026-01-01,EXTRA,NA,1372,316,1860373,24308461.55
2026-01-01,EXTRA,LATAM,405,49,380747,4814587.13
2026-01-01,EXTRA,EMEA,1171,264,1139033,16791108.46
2026-01-02,PREMIUM,NA,1091,118,887252,16743917.25
2026-01-02,PREMIUM,APAC,407,83,383357,8397235.48
2026-01-02,PREMIUM,LATAM,217,37,244035,4162698.00
2026-01-02,PREMIUM,EMEA,693,89,780961,14599376.13
2026-01-02,ESSENTIAL,NA,2790,370,3372947,35268426.27
2026-01-02,ESSENTIAL,APAC,1740,268,1411097,14799545.64
2026-01-02,ESSENTIAL,LATAM,631,128,789525,7363921.21
2026-01-02,ESSENTIAL,EMEA,2057,528,2225025,25562199.71
2026-01-02,EXTRA,APAC,542,150,641642,9716811.80
2026-01-02,EXTRA,NA,1508,329,1626761,23618315.95
2026-01-02,EXTRA,LATAM,297,62,384766,5318502.97
2026-01-02,EXTRA,EMEA,1415,301,1116378,19772001.87
2026-01-03,PREMIUM,NA,1252,192,1035300,19537674.30
2026-01-03,PREMIUM,APAC,504,82,405542,8181717.08
2026-01-03,PREMIUM,LATAM,234,52,192344,3951170.69
2026-01-03,PREMIUM,EMEA,699,152,688499,12124905.60
2026-01-03,ESSENTIAL,NA,3013,602,3215520,31855352.76
2026-01-03,ESSENTIAL,APAC,1921,311,1322096,12619767.60
2026-01-03,ESSENTIAL,LATAM,618,112,705548,7614882.50
2026-01-03,ESSENTIAL,EMEA,2627,531,2576085,23166515.30
2026-01-03,EXTRA,APAC,822,129,648950,11809157.98
2026-01-03,EXTRA,NA,1337,344,1625056,27196848.67
2026-01-03,EXTRA,LATAM,259,85,361381,5575938.23
2026-01-03,EXTRA,EMEA,1384,292,1380684,20262528.64
2026-01-04,PREMIUM,NA,985,153,957653,16688042.11
2026-01-04,PREMIUM,APAC,580,81,417522,8716522.00
2026-01-04,PREMIUM,LATAM,150,30,212532,3675786.06
2026-01-04,PREMIUM,EMEA,508,109,680094,14599376.13
2026-01-04,ESSENTIAL,NA,3705,564,2960958,36305732.93
2026-01-04,ESSENTIAL,APAC,1357,201,1225917,12490701.80
2026-01-04,ESSENTIAL,LATAM,758,141,729952,7686585.72
2026-01-04,ESSENTIAL,EMEA,2614,439,2170636,25611595.27
2026-01-04,EXTRA,APAC,759,146,703760,11831067.36
2026-01-04,EXTRA,NA,2092,278,1480114,23490511.21
2026-01-04,EXTRA,LATAM,276,64,342745,4688608.18
2026-01-04,EXTRA,EMEA,1227,210,1071069,17281635.22
2026-01-05,PREMIUM,NA,1209,186,1109842,18233921.01
2026-01-05,PREMIUM,APAC,457,49,408204,7495251.06
2026-01-05,PREMIUM,LATAM,209,44,229837,4250501.80
2026-01-05,PREMIUM,EMEA,868,132,657933,15080523.17
2026-01-05,ESSENTIAL,NA,3732,554,3269112,29814200.96
2026-01-05,ESSENTIAL,APAC,983,238,1254627,14225919.84
2026-01-05,ESSENTIAL,LATAM,543,103,632338,7607712.17
2026-01-05,ESSENTIAL,EMEA,2103,391,2615641,22153906.42
2026-01-05,EXTRA,APAC,488,176,769532,10768462.24
2026-01-05,EXTRA,NA,1398,268,1621645,25969923.17
2026-01-05,EXTRA,LATAM,434,69,352611,5378753.77
2026-01-05,EXTRA,EMEA,970,150,1301392,20488925.60
2026-01-06,PREMIUM,NA,915,186,903817,20450301.61
2026-01-06,PREMIUM,APAC,301,65,458786,7934270.02
2026-01-06,PREMIUM,LATAM,180,39,229615,3675786.06
2026-01-06,PREMIUM,EMEA,783,122,710660,14283193.78
2026-01-06,ESSENTIAL,NA,2384,627,3423189,32792274.90
2026-01-06,ESSENTIAL,APAC,1252,272,1514453,14469710.81
2026-01-06,ESSENTIAL,LATAM,734,96,686169,7005405.08
2026-01-06,ESSENTIAL,EMEA,2706,416,2187941,24006239.73
2026-01-06,EXTRA,APAC,872,86,689875,11798203.28
2026-01-06,EXTRA,NA,2004,221,1706905,27656945.74
2026-01-06,EXTRA,LATAM,253,55,346034,5345889.70
2026-01-06,EXTRA,EMEA,708,139,1313978,17885360.47
2026-01-07,PREMIUM,NA,1242,157,1077747,17041918.01
2026-01-07,PREMIUM,APAC,385,71,445031,7471304.57
2026-01-07,PREMIUM,LATAM,229,32,194119,4019019.07
2026-01-07,PREMIUM,EMEA,560,155,731292,12798511.46
2026-01-07,ESSENTIAL,NA,2039,429,2910716,30014969.99
2026-01-07,ESSENTIAL,APAC,917,187,1228788,13996469.52
2026-01-07,ESSENTIAL,LATAM,666,172,666790,6116285.09
2026-01-07,ESSENTIAL,EMEA,2398,310,2346165,25537501.94
2026-01-07,EXTRA,APAC,645,143,792918,11568154.75
2026-01-07,EXTRA,NA,1703,346,1492050,22902609.41
2026-01-07,EXTRA,LATAM,317,42,398286,5219910.74
2026-01-07,EXTRA,EMEA,1057,189,1274962,19715402.63
2026-01-08,PREMIUM,NA,889,181,1125371,19630799.54
2026-01-08,PREMIUM,APAC,269,82,420184,7455340.24
2026-01-08,PREMIUM,LATAM,198,36,219188,3595964.43
2026-01-08,PREMIUM,EMEA,565,150,667867,14901811.41
2026-01-08,ESSENTIAL,NA,3823,719,2967657,30784584.60
2026-01-08,ESSENTIAL,APAC,1182,346,1235966,12834877.28
2026-01-08,ESSENTIAL,LATAM,494,100,691193,7392602.50
2026-01-08,ESSENTIAL,EMEA,2558,522,2511806,22894839.74
2026-01-08,EXTRA,APAC,875,121,801688,11502426.60
2026-01-08,EXTRA,NA,1574,387,1561963,22340268.55
2026-01-08,EXTRA,LATAM,389,55,333245,5641666.38
2026-01-08,EXTRA,EMEA,1114,253,1325306,20715322.57
2026-01-09,PREMIUM,NA,615,130,945229,19835675.06
2026-01-09,PREMIUM,APAC,355,96,433939,7088160.74
2026-01-09,PREMIUM,LATAM,150,51,210092,3727670.12
2026-01-09,PREMIUM,EMEA,860,172,780197,12124905.60
2026-01-09,ESSENTIAL,NA,2369,717,3125084,29847662.46
2026-01-09,ESSENTIAL,APAC,820,313,1494356,15659984.34
2026-01-09,ESSENTIAL,LATAM,798,130,677556,6266861.87
2026-01-09,ESSENTIAL,EMEA,2354,301,2457417,24920057.50
2026-01-09,EXTRA,APAC,747,157,704491,9968769.72
2026-01-09,EXTRA,NA,1193,286,1541501,22928170.36
2026-01-09,EXTRA,LATAM,416,88,350784,5367799.08
2026-01-09,EXTRA,EMEA,1083,206,1242238,16979772.60
2026-01-10,PREMIUM,NA,1202,192,987676,19370048.88
2026-01-10,PREMIUM,APAC,546,55,453461,8141806.26
2026-01-10,PREMIUM,LATAM,249,29,239598,3719687.96
2026-01-10,PREMIUM,EMEA,912,121,691556,13279658.51
2026-01-10,ESSENTIAL,NA,4081,565,3460034,31487276.21
2026-01-10,ESSENTIAL,APAC,1154,339,1227353,12863558.57
2026-01-10,ESSENTIAL,LATAM,789,133,612959,7313728.95
2026-01-10,ESSENTIAL,EMEA,2285,285,2192886,22771350.86
2026-01-10,EXTRA,APAC,936,117,754916,11195695.22
2026-01-10,EXTRA,NA,2095,349,1609709,25918801.27
2026-01-10,EXTRA,LATAM,305,85,313879,5389708.46
2026-01-10,EXTRA,EMEA,1219,209,1078620,18036291.78
2026-01-11,PREMIUM,NA,927,189,1012523,17190918.38
2026-01-11,PREMIUM,APAC,321,64,426839,8085931.12
2026-01-11,PREMIUM,LATAM,274,36,214529,4122787.19
2026-01-11,PREMIUM,EMEA,813,173,790131,12248629.12
2026-01-11,ESSENTIAL,NA,4240,772,3228918,34666119.18
2026-01-11,ESSENTIAL,APAC,908,220,1487178,14326304.36
2026-01-11,ESSENTIAL,LATAM,957,154,752920,7414113.47
2026-01-11,ESSENTIAL,EMEA,1729,574,2405499,23734564.18
2026-01-11,EXTRA,APAC,781,162,636527,10888963.85
2026-01-11,EXTRA,NA,1434,216,1628466,27861433.32
2026-01-11,EXTRA,LATAM,487,45,313148,5395185.81
2026-01-11,EXTRA,EMEA,1347,150,1186860,19130543.80
2026-01-12,PREMIUM,NA,629,209,1031159,18084920.64
2026-01-12,PREMIUM,APAC,495,71,401992,8189699.24
2026-01-12,PREMIUM,LATAM,236,28,228727,3603946.59
2026-01-12,PREMIUM,EMEA,515,172,677801,13568346.74
2026-01-12,ESSENTIAL,NA,2108,478,3259064,31554199.22
2026-01-12,ESSENTIAL,APAC,1123,211,1558953,13537568.88
2026-01-12,ESSENTIAL,LATAM,524,102,732823,6826147.02
2026-01-12,ESSENTIAL,EMEA,2398,539,2121191,25537501.94
2026-01-12,EXTRA,APAC,669,148,781225,9815404.03
2026-01-12,EXTRA,NA,961,335,1763177,26532264.02
2026-01-12,EXTRA,LATAM,324,74,333976,5636189.03
2026-01-12,EXTRA,EMEA,848,196,1198187,17583497.85
2026-01-13,PREMIUM,NA,934,223,946264,16781167.35
2026-01-13,PREMIUM,APAC,283,107,485852,8413199.80
2026-01-13,PREMIUM,LATAM,166,41,223625,3947179.60
2026-01-13,PREMIUM,EMEA,735,96,692320,13527105.56
2026-01-13,ESSENTIAL,NA,3858,567,2927463,31855352.76
2026-01-13,ESSENTIAL,APAC,1709,272,1362290,14412348.23
2026-01-13,ESSENTIAL,LATAM,620,102,730670,6976723.79
2026-01-13,ESSENTIAL,EMEA,2597,548,2521695,25858573.04
2026-01-13,EXTRA,APAC,498,149,782687,9782539.96
2026-01-13,EXTRA,NA,1102,283,1556848,22289146.66
2026-01-13,EXTRA,LATAM,405,72,335437,5488300.69
2026-01-13,EXTRA,EMEA,1386,213,1199446,20620990.50
2026-01-14,PREMIUM,NA,1194,116,1003206,17488919.13
2026-01-14,PREMIUM,APAC,524,56,440150,7814537.58
2026-01-14,PREMIUM,LATAM,190,43,202549,3631884.17
2026-01-14,PREMIUM,EMEA,600,90,654877,12331111.47
2026-01-14,ESSENTIAL,NA,2997,793,2930813,30617277.08
2026-01-14,ESSENTIAL,APAC,1729,328,1558953,13953447.59
2026-01-14,ESSENTIAL,LATAM,802,86,653153,7679415.40
2026-01-14,ESSENTIAL,EMEA,2363,549,2694753,25660990.82
2026-01-14,EXTRA,APAC,744,172,799495,10658915.32
2026-01-14,EXTRA,NA,1611,304,1792165,24845241.46
2026-01-14,EXTRA,LATAM,233,52,333610,4655744.10
2026-01-14,EXTRA,EMEA,1152,162,1154136,17809894.82
2026-01-15,PREMIUM,NA,793,168,923488,16334166.22
2026-01-15,PREMIUM,APAC,469,101,397999,8540914.41
2026-01-15,PREMIUM,LATAM,269,39,198999,3987090.42
2026-01-15,PREMIUM,EMEA,873,96,745046,12372352.65
2026-01-15,ESSENTIAL,NA,2925,812,2977706,32624967.38
2026-01-15,ESSENTIAL,APAC,866,195,1291950,13838722.43
2026-01-15,ESSENTIAL,LATAM,751,132,628749,7543179.27
2026-01-15,ESSENTIAL,EMEA,1484,346,2182997,22672559.75
2026-01-15,EXTRA,APAC,486,155,692068,11042329.54
2026-01-15,EXTRA,NA,1723,349,1642108,22365829.50
2026-01-15,EXTRA,LATAM,243,81,334706,4694085.52
2026-01-15,EXTRA,EMEA,1387,247,1179308,16394913.77
2026-01-16,PREMIUM,NA,957,186,1007347,17768294.84
2026-01-16,PREMIUM,APAC,515,93,484964,7000356.95
2026-01-16,PREMIUM,LATAM,169,44,230502,4011036.91
2026-01-16,PREMIUM,EMEA,771,174,766442,14159470.26
2026-01-16,ESSENTIAL,NA,3519,421,3295908,31253045.67
2026-01-16,ESSENTIAL,APAC,1484,274,1355112,15100699.19
2026-01-16,ESSENTIAL,LATAM,531,116,629467,6682740.57
2026-01-16,ESSENTIAL,EMEA,1570,417,2576085,24598986.39
2026-01-16,EXTRA,APAC,640,158,679644,11579109.44
2026-01-16,EXTRA,NA,2022,216,1544911,27069043.93
2026-01-16,EXTRA,LATAM,294,74,400113,5871714.91
2026-01-16,EXTRA,EMEA,1085,222,1355512,19432406.42
2026-01-17,PREMIUM,NA,736,230,977323,17414418.95
2026-01-17,PREMIUM,APAC,302,105,464998,8038038.14
2026-01-17,PREMIUM,LATAM,203,43,222294,4058929.89
2026-01-17,PREMIUM,EMEA,793,91,676273,13857034.97
2026-01-17,ESSENTIAL,NA,2471,461,3583965,34364965.64
2026-01-17,ESSENTIAL,APAC,1235,177,1357983,13924766.30
2026-01-17,ESSENTIAL,LATAM,578,88,786654,7306558.63
2026-01-17,ESSENTIAL,EMEA,2997,353,2541473,23388795.29
2026-01-17,EXTRA,APAC,633,98,700837,11699611.06
2026-01-17,EXTRA,NA,1096,268,1752946,26353337.39
2026-01-17,EXTRA,LATAM,386,41,331783,5340412.35
2026-01-17,EXTRA,EMEA,1150,228,1089948,18696616.27
2026-01-18,PREMIUM,NA,1378,224,1077747,16017540.42
2026-01-18,PREMIUM,APAC,558,53,388681,7112107.23
2026-01-18,PREMIUM,LATAM,241,34,237380,3995072.58
2026-01-18,PREMIUM,EMEA,624,103,738933,14984293.77
2026-01-18,ESSENTIAL,NA,3311,548,3476781,31721506.74
2026-01-18,ESSENTIAL,APAC,1416,342,1534550,15287127.57
2026-01-18,ESSENTIAL,LATAM,714,89,626596,7700926.37
2026-01-18,ESSENTIAL,EMEA,1961,293,2543945,24920057.50
2026-01-18,EXTRA,APAC,614,108,761494,10253591.71
2026-01-18,EXTRA,NA,1281,223,1481819,24794119.56
2026-01-18,EXTRA,LATAM,431,57,364669,5844328.18
2026-01-18,EXTRA,EMEA,1556,205,1190636,17243902.40
2026-01-19,PREMIUM,NA,884,149,1021841,20226801.04
2026-01-19,PREMIUM,APAC,289,99,437045,7822519.74
2026-01-19,PREMIUM,LATAM,191,35,226287,4126778.27
2026-01-19,PREMIUM,EMEA,449,121,696141,14915558.47
2026-01-19,ESSENTIAL,NA,4018,597,2930813,35937656.37
2026-01-19,ESSENTIAL,APAC,874,201,1406790,14656139.19
2026-01-19,ESSENTIAL,LATAM,796,156,708419,7521668.30
2026-01-19,ESSENTIAL,EMEA,2982,308,2170636,26130248.60
2026-01-19,EXTRA,APAC,735,99,803880,11929659.59
2026-01-19,EXTRA,NA,1465,380,1590952,26762312.56
2026-01-19,EXTRA,LATAM,222,79,333245,5915533.68
2026-01-19,EXTRA,EMEA,1002,249,1130223,19583337.73
2026-01-20,PREMIUM,NA,788,165,1007347,16147915.75
2026-01-20,PREMIUM,APAC,351,70,469435,7854448.39
2026-01-20,PREMIUM,LATAM,221,28,220963,3819465.00
2026-01-20,PREMIUM,EMEA,499,102,798537,15025534.94
2026-01-20,ESSENTIAL,NA,2026,789,3232268,29211893.87
2026-01-20,ESSENTIAL,APAC,1210,340,1312047,12806195.99
2026-01-20,ESSENTIAL,LATAM,752,86,709855,6324224.45
2026-01-20,ESSENTIAL,EMEA,1523,439,2620585,21363577.54
2026-01-20,EXTRA,APAC,881,88,785610,11798203.28
2026-01-20,EXTRA,NA,1225,266,1647223,26634507.82
2026-01-20,EXTRA,LATAM,267,48,325571,5921011.03
2026-01-20,EXTRA,EMEA,1507,191,1346702,16847707.70
2026-01-21,PREMIUM,NA,1023,117,1110877,19146548.32
2026-01-21,PREMIUM,APAC,533,59,404654,7646912.15
2026-01-21,PREMIUM,LATAM,174,46,204324,3911259.87
2026-01-21,PREMIUM,EMEA,742,96,815348,12427340.88
2026-01-21,ESSENTIAL,NA,2152,628,3292559,29613431.93
2026-01-21,ESSENTIAL,APAC,1640,261,1373774,13781359.85
2026-01-21,ESSENTIAL,LATAM,681,156,714879,6324224.45
2026-01-21,ESSENTIAL,EMEA,1915,543,2674975,24845964.17
2026-01-21,EXTRA,APAC,840,94,664297,10899918.54
2026-01-21,EXTRA,NA,1222,301,1616530,24078413.02
2026-01-21,EXTRA,LATAM,397,46,323744,5778600.03
2026-01-21,EXTRA,EMEA,852,255,1224618,20488925.60
2026-01-22,PREMIUM,NA,758,137,972147,18755422.33
2026-01-22,PREMIUM,APAC,494,103,482302,8245574.38
2026-01-22,PREMIUM,LATAM,267,49,228949,3583991.19
2026-01-22,PREMIUM,EMEA,519,146,780197,13499611.45
2026-01-22,ESSENTIAL,NA,2086,435,3021249,33595351.02
2026-01-22,ESSENTIAL,APAC,1727,335,1444113,15344490.15
2026-01-22,ESSENTIAL,LATAM,728,137,759380,6144966.38
2026-01-22,ESSENTIAL,EMEA,2136,545,2227497,22326790.86
2026-01-22,EXTRA,APAC,537,135,792187,11075193.61
2026-01-22,EXTRA,NA,1668,247,1833090,24180656.81
2026-01-22,EXTRA,LATAM,221,88,367227,5663575.76
2026-01-22,EXTRA,EMEA,1348,292,1295099,17262768.81
2026-01-23,PREMIUM,NA,1060,241,904852,19090673.18
2026-01-23,PREMIUM,APAC,389,51,470766,8293467.36
2026-01-23,PREMIUM,LATAM,264,29,231168,3863366.89
2026-01-23,PREMIUM,EMEA,772,123,698433,14310687.90
2026-01-23,ESSENTIAL,NA,2306,630,3168627,30884969.12
2026-01-23,ESSENTIAL,APAC,1313,201,1355112,12347295.35
2026-01-23,ESSENTIAL,LATAM,683,126,626596,6955212.83
2026-01-23,ESSENTIAL,EMEA,2180,582,2247275,22129208.64
2026-01-23,EXTRA,APAC,521,115,776840,10450776.17
2026-01-23,EXTRA,NA,1200,393,1700084,22468073.29
2026-01-23,EXTRA,LATAM,422,45,325206,5608802.30
2026-01-23,EXTRA,EMEA,1499,171,1258600,16281715.28
2026-01-24,PREMIUM,NA,1010,249,893464,17451669.04
2026-01-24,PREMIUM,APAC,456,104,412197,7343589.96
2026-01-24,PREMIUM,LATAM,249,35,204989,4054938.80
2026-01-24,PREMIUM,EMEA,579,119,787839,14461905.54
2026-01-24,ESSENTIAL,NA,4244,564,2937512,36774194.00
2026-01-24,ESSENTIAL,APAC,1672,232,1300563,12963943.08
2026-01-24,ESSENTIAL,LATAM,660,93,663919,6955212.83
2026-01-24,ESSENTIAL,EMEA,2512,515,2568668,26871181.92
2026-01-24,EXTRA,APAC,507,136,668682,10768462.24
2026-01-24,EXTRA,NA,1865,211,1834795,21829049.59
2026-01-24,EXTRA,LATAM,465,77,373804,4759813.67
2026-01-24,EXTRA,EMEA,880,239,1139033,18847547.59
2026-01-25,PREMIUM,NA,1037,166,1084994,16911542.68
2026-01-25,PREMIUM,APAC,322,103,420184,8046020.30
2026-01-25,PREMIUM,LATAM,267,41,228506,4354269.92
2026-01-25,PREMIUM,EMEA,868,162,805414,13114693.81
2026-01-25,ESSENTIAL,NA,3414,566,3165278,33628812.53
2026-01-25,ESSENTIAL,APAC,1782,303,1557518,12734492.76
2026-01-25,ESSENTIAL,LATAM,657,87,757944,7880184.43
2026-01-25,ESSENTIAL,EMEA,3074,453,2660141,22351488.64
2026-01-25,EXTRA,APAC,736,96,785610,11020420.15
2026-01-25,EXTRA,NA,2194,316,1795576,24359583.44
2026-01-25,EXTRA,LATAM,308,85,389151,5006294.24
2026-01-25,EXTRA,EMEA,915,143,1358029,18658883.45
2026-01-26,PREMIUM,NA,629,121,987676,18345671.30
2026-01-26,PREMIUM,APAC,427,89,383801,7271750.49
2026-01-26,PREMIUM,LATAM,202,43,205877,4390189.65
2026-01-26,PREMIUM,EMEA,844,125,778669,14035746.73
2026-01-26,ESSENTIAL,NA,3999,441,2877221,31587660.72
2026-01-26,ESSENTIAL,APAC,1053,214,1273289,15287127.57
2026-01-26,ESSENTIAL,LATAM,713,174,722057,7320899.27
2026-01-26,ESSENTIAL,EMEA,2068,380,2299193,21289484.21
2026-01-26,EXTRA,APAC,701,140,802418,10045452.56
2026-01-26,EXTRA,NA,1236,358,1742714,23950608.28
2026-01-26,EXTRA,LATAM,369,88,334341,5148705.24
2026-01-26,EXTRA,EMEA,1387,274,1112602,19772001.87
2026-01-27,PREMIUM,NA,1173,178,880005,19649424.59
2026-01-27,PREMIUM,APAC,257,56,480527,7591037.01
2026-01-27,PREMIUM,LATAM,255,33,207208,3536098.21
2026-01-27,PREMIUM,EMEA,614,150,680094,12523570.29
2026-01-27,ESSENTIAL,NA,3217,396,3054744,34498811.66
2026-01-27,ESSENTIAL,APAC,1668,297,1389564,15731687.57
2026-01-27,ESSENTIAL,LATAM,643,145,740718,6130625.74
2026-01-27,ESSENTIAL,EMEA,2764,570,2501917,27167555.25
2026-01-27,EXTRA,APAC,823,85,631411,10505549.63
2026-01-27,EXTRA,NA,1817,296,1532975,26915678.24
2026-01-27,EXTRA,LATAM,424,43,328129,5521164.77
2026-01-27,EXTRA,EMEA,816,211,1313978,16866574.12
2026-01-28,PREMIUM,NA,1056,151,930735,20226801.04
2026-01-28,PREMIUM,APAC,320,71,458342,7463322.41
2026-01-28,PREMIUM,LATAM,218,35,193453,4214582.06
2026-01-28,PREMIUM,EMEA,517,166,745810,11767482.08
2026-01-28,ESSENTIAL,NA,2124,778,2924114,29546508.92
2026-01-28,ESSENTIAL,APAC,932,272,1571873,15100699.19
2026-01-28,ESSENTIAL,LATAM,717,130,720621,6094774.13
2026-01-28,ESSENTIAL,EMEA,2792,530,2442583,23043026.41
2026-01-28,EXTRA,APAC,871,147,659912,12017297.12
2026-01-28,EXTRA,NA,1620,284,1585836,24512949.13
2026-01-28,EXTRA,LATAM,220,84,353342,6019603.25
2026-01-28,EXTRA,EMEA,1126,243,1370615,17111837.50
2026-01-29,PREMIUM,NA,1072,149,968006,18010420.45
2026-01-29,PREMIUM,APAC,252,91,379807,7048249.93
2026-01-29,PREMIUM,LATAM,190,52,209648,3452285.50
2026-01-29,PREMIUM,EMEA,751,91,816876,11849964.43
2026-01-29,ESSENTIAL,NA,3575,722,3171977,34097273.60
2026-01-29,ESSENTIAL,APAC,837,228,1322096,14326304.36
2026-01-29,ESSENTIAL,LATAM,668,94,639515,7478646.37
2026-01-29,ESSENTIAL,EMEA,2683,483,2284359,22474977.53
2026-01-29,EXTRA,APAC,484,85,671605,9629174.27
2026-01-29,EXTRA,NA,1871,349,1464767,23464950.26
2026-01-29,EXTRA,LATAM,232,69,366131,4781723.06
2026-01-29,EXTRA,EMEA,1156,267,1115120,17715562.75
2026-01-30,PREMIUM,NA,1212,181,998029,17041918.01
2026-01-30,PREMIUM,APAC,431,102,445031,7024303.44
2026-01-30,PREMIUM,LATAM,140,42,190125,4334314.51
2026-01-30,PREMIUM,EMEA,439,168,682386,12083664.42
2026-01-30,ESSENTIAL,NA,2303,443,3426539,34331504.13
2026-01-30,ESSENTIAL,APAC,1344,251,1514453,13107349.53
2026-01-30,ESSENTIAL,LATAM,852,148,630185,6137796.06
2026-01-30,ESSENTIAL,EMEA,1607,546,2450000,26525413.04
2026-01-30,EXTRA,APAC,783,160,693529,9355306.97
2026-01-30,EXTRA,NA,2042,323,1597772,22774804.67
2026-01-30,EXTRA,LATAM,245,75,340553,5729303.92
2026-01-30,EXTRA,EMEA,1044,168,1319013,18168356.68
2026-01-31,PREMIUM,NA,1289,235,985606,17768294.84
2026-01-31,PREMIUM,APAC,304,78,381582,6944481.81
2026-01-31,PREMIUM,LATAM,209,29,210536,4070903.13
2026-01-31,PREMIUM,EMEA,480,111,753452,12578558.53
2026-01-31,ESSENTIAL,NA,3601,751,3329403,35469195.30
2026-01-31,ESSENTIAL,APAC,1909,188,1244579,15688665.63
2026-01-31,ESSENTIAL,LATAM,555,107,635927,6374416.70
2026-01-31,ESSENTIAL,EMEA,2604,288,2314026,23290004.18
2026-01-31,EXTRA,APAC,968,124,756378,9913996.26
2026-01-31,EXTRA,NA,1933,215,1834795,25663191.79
2026-01-31,EXTRA,LATAM,232,56,368689,5532119.46
2026-01-31,EXTRA,EMEA,1467,294,1271186,18866414.00
2026-02-01,PREMIUM,NA,1023,182,1076712,16352791.27
2026-02-01,PREMIUM,APAC,566,58,440150,8516967.92
2026-02-01,PREMIUM,LATAM,293,48,214307,3396410.36
2026-02-01,PREMIUM,EMEA,994,159,702254,13760805.56
2026-02-01,ESSENTIAL,NA,3788,511,3101637,30818046.11
2026-02-01,ESSENTIAL,APAC,1312,308,1462775,15272786.93
2026-02-01,ESSENTIAL,LATAM,811,137,750767,6826147.02
2026-02-01,ESSENTIAL,EMEA,1765,537,2667558,24821266.39
2026-02-01,EXTRA,APAC,973,101,675259,9683947.73
2026-02-01,EXTRA,NA,1226,383,1761472,22646999.93
2026-02-01,EXTRA,LATAM,354,62,341284,5198001.35
2026-02-01,EXTRA,EMEA,1434,300,1268669,18074024.61
2026-02-02,PREMIUM,NA,857,201,1041512,20077800.67
2026-02-02,PREMIUM,APAC,493,78,406873,7279732.66
2026-02-02,PREMIUM,LATAM,165,37,220075,3971126.09
2026-02-02,PREMIUM,EMEA,646,133,665575,14351929.07
2026-02-02,ESSENTIAL,NA,3368,787,3439937,29847662.46
2026-02-02,ESSENTIAL,APAC,1524,342,1478565,12619767.60
2026-02-02,ESSENTIAL,LATAM,689,113,689758,7199003.79
2026-02-02,ESSENTIAL,EMEA,2785,363,2252220,24302613.06
2026-02-02,EXTRA,APAC,807,107,772456,10647960.62
2026-02-02,EXTRA,NA,1882,200,1561963,25100850.94
2026-02-02,EXTRA,LATAM,287,65,323744,4831019.17
2026-02-02,EXTRA,EMEA,1231,245,1140292,19489005.66
2026-02-03,PREMIUM,NA,842,212,1049794,15961665.28
2026-02-03,PREMIUM,APAC,452,63,408648,7750680.27
2026-02-03,PREMIUM,LATAM,196,31,226065,3643857.41
2026-02-03,PREMIUM,EMEA,567,165,706075,12908487.93
2026-02-03,ESSENTIAL,NA,3679,738,2924114,29211893.87
2026-02-03,ESSENTIAL,APAC,1342,173,1523066,14942952.09
2026-02-03,ESSENTIAL,LATAM,689,92,632338,7629223.14
2026-02-03,ESSENTIAL,EMEA,1990,415,2605752,26624204.15
2026-02-03,EXTRA,APAC,835,104,649681,9793494.65
2026-02-03,EXTRA,NA,2034,363,1579015,26532264.02
2026-02-03,EXTRA,LATAM,406,66,385862,4962475.48
2026-02-03,EXTRA,EMEA,1235,193,1174274,19960666.01
2026-02-04,PREMIUM,NA,991,134,977323,20170925.90
2026-02-04,PREMIUM,APAC,293,59,432164,8612753.88
2026-02-04,PREMIUM,LATAM,148,34,213198,3400401.44
2026-02-04,PREMIUM,EMEA,477,132,675509,12949729.11
2026-02-04,ESSENTIAL,NA,3267,644,3480131,32825736.41
2026-02-04,ESSENTIAL,APAC,1151,292,1505840,14512732.74
2026-02-04,ESSENTIAL,LATAM,846,137,765122,6173647.67
2026-02-04,ESSENTIAL,EMEA,2708,508,2534056,23018328.63
2026-02-04,EXTRA,APAC,509,120,738839,10637005.93
2026-02-04,EXTRA,NA,1420,288,1741009,24538510.08
2026-02-04,EXTRA,LATAM,209,84,366496,4710517.56
2026-02-04,EXTRA,EMEA,1393,232,1350478,19998398.84
2026-02-05,PREMIUM,NA,1042,173,945229,16688042.11
2026-02-05,PREMIUM,APAC,367,103,487626,7710769.46
2026-02-05,PREMIUM,LATAM,196,43,215195,4298394.78
2026-02-05,PREMIUM,EMEA,529,170,734348,13389634.98
2026-02-05,ESSENTIAL,NA,2601,799,3366248,34197658.11
2026-02-05,ESSENTIAL,APAC,1451,334,1382387,14656139.19
2026-02-05,ESSENTIAL,LATAM,425,169,612241,6833317.34
2026-02-05,ESSENTIAL,EMEA,3007,343,2551362,26500715.26
2026-02-05,EXTRA,APAC,814,159,622642,11338106.22
2026-02-05,EXTRA,NA,1606,311,1730778,22212463.81
2026-02-05,EXTRA,LATAM,215,71,391709,4874837.94
2026-02-05,EXTRA,EMEA,1238,206,1242238,16809974.87
2026-02-06,PREMIUM,NA,658,138,1129512,17153668.29
2026-02-06,PREMIUM,APAC,293,91,466772,7375518.61
2026-02-06,PREMIUM,LATAM,140,44,238711,4162698.00
2026-02-06,PREMIUM,EMEA,556,131,787839,11739987.96
2026-02-06,ESSENTIAL,NA,2507,387,2914065,29847662.46
2026-02-06,ESSENTIAL,APAC,1188,322,1241708,14641798.55
2026-02-06,ESSENTIAL,LATAM,706,128,738565,6152136.71
2026-02-06,ESSENTIAL,EMEA,2344,541,2336276,22129208.64
2026-02-06,EXTRA,APAC,749,169,729338,10176908.87
2026-02-06,EXTRA,NA,1156,243,1729073,23822803.54
2026-02-06,EXTRA,LATAM,258,58,378189,4918656.71
2026-02-06,EXTRA,EMEA,1250,267,1118895,19904066.77
2026-02-07,PREMIUM,NA,753,196,880005,17563419.32
2026-02-07,PREMIUM,APAC,275,95,468991,7048249.93
2026-02-07,PREMIUM,LATAM,204,30,233830,3444303.33
2026-02-07,PREMIUM,EMEA,678,101,826046,14613123.19
2026-02-07,ESSENTIAL,NA,3732,580,3285860,33093428.45
2026-02-07,ESSENTIAL,APAC,1564,200,1431194,13551909.53
2026-02-07,ESSENTIAL,LATAM,666,110,785219,7779799.91
2026-02-07,ESSENTIAL,EMEA,2367,434,2600807,22968933.08
2026-02-07,EXTRA,APAC,939,154,711068,11666746.98
2026-02-07,EXTRA,NA,2072,393,1567079,27810311.42
2026-02-07,EXTRA,LATAM,439,44,389151,4721472.25
2026-02-07,EXTRA,EMEA,1622,246,1110085,18602284.20
2026-02-08,PREMIUM,NA,751,170,951441,20487551.70
2026-02-08,PREMIUM,APAC,304,67,457455,8453110.62
2026-02-08,PREMIUM,LATAM,191,33,235827,3607937.68
2026-02-08,PREMIUM,EMEA,855,184,676273,12276123.24
2026-02-08,ESSENTIAL,NA,3857,630,2991104,36305732.93
2026-02-08,ESSENTIAL,APAC,1484,202,1484307,15143721.12
2026-02-08,ESSENTIAL,LATAM,463,112,722057,6266861.87
2026-02-08,ESSENTIAL,EMEA,2966,290,2576085,26204341.93
2026-02-08,EXTRA,APAC,967,146,730069,10396002.71
2026-02-08,EXTRA,NA,1923,259,1650634,23925047.33
2026-02-08,EXTRA,LATAM,304,80,365400,5422572.54
2026-02-08,EXTRA,EMEA,1598,246,1340409,16998639.01
2026-02-09,PREMIUM,NA,956,117,936947,16911542.68
2026-02-09,PREMIUM,APAC,276,84,378920,7040267.77
2026-02-09,PREMIUM,LATAM,140,42,202327,3576009.02
2026-02-09,PREMIUM,EMEA,697,184,729763,13980758.49
2026-02-09,ESSENTIAL,NA,2086,502,3537072,31453814.70
2026-02-09,ESSENTIAL,APAC,975,182,1291950,13064327.60
2026-02-09,ESSENTIAL,LATAM,493,154,777323,6639718.64
2026-02-09,ESSENTIAL,EMEA,2602,400,2714531,21165995.32
2026-02-09,EXTRA,APAC,596,81,768071,9694902.42
2026-02-09,EXTRA,NA,1817,382,1725662,27631384.79
2026-02-09,EXTRA,LATAM,352,42,318263,5882669.60
2026-02-09,EXTRA,EMEA,1008,272,1137774,16262848.87
2026-02-10,PREMIUM,NA,1207,151,1075677,18680922.14
2026-02-10,PREMIUM,APAC,271,49,430833,7335607.80
2026-02-10,PREMIUM,LATAM,270,35,198999,3987090.42
2026-02-10,PREMIUM,EMEA,602,96,775612,14241952.61
2026-02-10,ESSENTIAL,NA,3135,801,2890619,36305732.93
2026-02-10,ESSENTIAL,APAC,1617,200,1547469,13293777.92
2026-02-10,ESSENTIAL,LATAM,625,140,774452,7277877.34
2026-02-10,ESSENTIAL,EMEA,1957,293,2178052,26920577.48
2026-02-10,EXTRA,APAC,490,153,798034,10352183.94
2026-02-10,EXTRA,NA,1065,348,1452830,23107096.99
2026-02-10,EXTRA,LATAM,260,78,384401,4973430.17
2026-02-10,EXTRA,EMEA,1379,151,1354254,16564711.49
2026-02-11,PREMIUM,NA,1251,212,1107771,15831289.95
2026-02-11,PREMIUM,APAC,438,74,407317,7646912.15
2026-02-11,PREMIUM,LATAM,258,54,213642,4186644.49
2026-02-11,PREMIUM,EMEA,459,157,754216,13252164.39
2026-02-11,ESSENTIAL,NA,2761,804,3312656,29881123.97
2026-02-11,ESSENTIAL,APAC,1049,206,1436936,13021305.66
2026-02-11,ESSENTIAL,LATAM,707,100,722057,6568015.41
2026-02-11,ESSENTIAL,EMEA,2201,515,2605752,26377226.37
2026-02-11,EXTRA,APAC,891,81,668682,11644837.60
2026-02-11,EXTRA,NA,2055,386,1509102,23925047.33
2026-02-11,EXTRA,LATAM,389,45,366496,4759813.67
2026-02-11,EXTRA,EMEA,1101,159,1083655,20375727.12
2026-02-12,PREMIUM,NA,920,164,1097418,18904422.71
2026-02-12,PREMIUM,APAC,489,100,415747,7064214.26
2026-02-12,PREMIUM,LATAM,159,47,226731,3428339.01
2026-02-12,PREMIUM,EMEA,664,181,753452,13183429.10
2026-02-12,ESSENTIAL,NA,3704,813,3453335,33829581.56
2026-02-12,ESSENTIAL,APAC,1660,296,1279031,13695315.98
2026-02-12,ESSENTIAL,LATAM,675,172,640233,7256366.37
2026-02-12,ESSENTIAL,EMEA,2254,535,2494500,22252697.53
2026-02-12,EXTRA,APAC,414,106,748339,10023543.18
2026-02-12,EXTRA,NA,1339,316,1741009,27733628.58
2026-02-12,EXTRA,LATAM,373,50,314244,5762167.99
2026-02-12,EXTRA,EMEA,1192,277,1224618,20526658.43
2026-02-13,PREMIUM,NA,618,118,1038406,15887165.09
2026-02-13,PREMIUM,APAC,454,99,384688,7998127.33
2026-02-13,PREMIUM,LATAM,206,26,222516,4174671.25
2026-02-13,PREMIUM,EMEA,435,175,751159,14420664.37
2026-02-13,ESSENTIAL,NA,2253,626,2847075,33595351.02
2026-02-13,ESSENTIAL,APAC,1439,233,1244579,15502237.25
2026-02-13,ESSENTIAL,LATAM,868,90,767275,6274032.19
2026-02-13,ESSENTIAL,EMEA,1797,545,2613168,26229039.71
2026-02-13,EXTRA,APAC,816,135,708145,11272378.07
2026-02-13,EXTRA,NA,1088,270,1625056,22212463.81
2026-02-13,EXTRA,LATAM,369,82,313148,5044635.67
2026-02-13,EXTRA,EMEA,1504,169,1102534,16942039.77
2026-02-14,PREMIUM,NA,659,150,1122265,19891550.20
2026-02-14,PREMIUM,APAC,587,103,416191,7974180.84
2026-02-14,PREMIUM,LATAM,272,34,227396,3440312.25
2026-02-14,PREMIUM,EMEA,878,168,762622,12358605.59
2026-02-14,ESSENTIAL,NA,3172,381,2954259,28609586.78
2026-02-14,ESSENTIAL,APAC,1129,297,1553211,12289932.77
2026-02-14,ESSENTIAL,LATAM,484,109,682580,6661229.60
2026-02-14,ESSENTIAL,EMEA,2755,284,2390666,24401404.17
2026-02-14,EXTRA,APAC,507,131,648950,9672993.04
2026-02-14,EXTRA,NA,1707,262,1572194,26251093.60
2026-02-14,EXTRA,LATAM,380,76,313148,4885792.63
2026-02-14,EXTRA,EMEA,1497,151,1127706,20092730.91
2026-02-15,PREMIUM,NA,1164,193,1111912,17637919.51
2026-02-15,PREMIUM,APAC,352,77,418409,8181717.08
2026-02-15,PREMIUM,LATAM,276,32,206321,3755607.69
2026-02-15,PREMIUM,EMEA,911,177,761093,14613123.19
2026-02-15,ESSENTIAL,NA,4071,587,2977706,34331504.13
2026-02-15,ESSENTIAL,APAC,1647,279,1399613,14010810.17
2026-02-15,ESSENTIAL,LATAM,532,112,745025,6948042.50
2026-02-15,ESSENTIAL,EMEA,1699,507,2370888,25562199.71
2026-02-15,EXTRA,APAC,628,83,655528,11524335.98
2026-02-15,EXTRA,NA,1726,252,1587541,24129534.91
2026-02-15,EXTRA,LATAM,362,83,390613,5428049.89
2026-02-15,EXTRA,EMEA,1531,211,1283772,17847627.64
2026-02-16,PREMIUM,NA,830,188,972147,17265418.57
2026-02-16,PREMIUM,APAC,442,83,384688,7734715.95
2026-02-16,PREMIUM,LATAM,213,50,241817,4054938.80
2026-02-16,PREMIUM,EMEA,640,152,831395,12097411.48
2026-02-16,ESSENTIAL,NA,2491,755,3014550,29379201.39
2026-02-16,ESSENTIAL,APAC,895,206,1240272,12189548.25
2026-02-16,ESSENTIAL,LATAM,836,85,666790,6202328.96
2026-02-16,ESSENTIAL,EMEA,2108,463,2227497,24179124.17
2026-02-16,EXTRA,APAC,483,149,697183,9683947.73
2026-02-16,EXTRA,NA,1900,389,1855258,27043482.98
2026-02-16,EXTRA,LATAM,258,79,344938,5751213.30
2026-02-16,EXTRA,EMEA,1482,184,1258600,17055238.26
2026-02-17,PREMIUM,NA,1147,223,951441,18550546.81
2026-02-17,PREMIUM,APAC,428,88,446806,7120089.40
2026-02-17,PREMIUM,LATAM,233,52,225178,4294403.69
2026-02-17,PREMIUM,EMEA,503,129,795480,12894740.87
2026-02-17,ESSENTIAL,NA,2165,754,3048045,28843817.31
2026-02-17,ESSENTIAL,APAC,1610,219,1322096,12576745.67
2026-02-17,ESSENTIAL,LATAM,646,79,670379,6238180.58
2026-02-17,ESSENTIAL,EMEA,1709,504,2346165,27118159.70
2026-02-17,EXTRA,APAC,417,138,780494,12017297.12
2026-02-17,EXTRA,NA,1412,262,1850142,23183779.84
2026-02-17,EXTRA,LATAM,305,64,315340,5784077.38
2026-02-17,EXTRA,EMEA,1281,197,1205739,17791028.40
2026-02-18,PREMIUM,NA,1021,231,1050830,18382921.39
2026-02-18,PREMIUM,APAC,313,57,381138,7806555.41
2026-02-18,PREMIUM,LATAM,149,25,194562,3488205.23
2026-02-18,PREMIUM,EMEA,512,97,837508,12935982.05
2026-02-18,ESSENTIAL,NA,3735,427,2964308,30349585.04
2026-02-18,ESSENTIAL,APAC,1260,287,1452726,14254601.13
2026-02-18,ESSENTIAL,LATAM,432,146,749331,7521668.30
2026-02-18,ESSENTIAL,EMEA,2356,403,2452472,23660470.85
2026-02-18,EXTRA,APAC,582,126,800957,10593187.16
2026-02-18,EXTRA,NA,2038,269,1679622,26327776.44
2026-02-18,EXTRA,LATAM,422,66,334341,5449959.27
2026-02-18,EXTRA,EMEA,1210,252,1263634,20696456.16
2026-02-19,PREMIUM,NA,1137,227,1044618,15831289.95
2026-02-19,PREMIUM,APAC,349,107,426839,8197681.40
2026-02-19,PREMIUM,LATAM,207,44,232277,3591973.35
2026-02-19,PREMIUM,EMEA,467,92,714480,13857034.97
2026-02-19,ESSENTIAL,NA,2146,542,3001152,31587660.72
2026-02-19,ESSENTIAL,APAC,832,166,1432629,12332954.70
2026-02-19,ESSENTIAL,LATAM,825,171,635209,7155981.86
2026-02-19,ESSENTIAL,EMEA,2711,505,2113774,25833875.27
2026-02-19,EXTRA,APAC,559,122,779764,9957815.03
2026-02-19,EXTRA,NA,1718,208,1839911,27017922.04
2026-02-19,EXTRA,LATAM,433,78,397921,5543074.15
2026-02-19,EXTRA,EMEA,1147,167,1186860,17300501.64
2026-02-20,PREMIUM,NA,835,185,1084994,18494671.67
2026-02-20,PREMIUM,APAC,426,83,443256,7934270.02
2026-02-20,PREMIUM,LATAM,204,44,238267,3528116.05
2026-02-20,PREMIUM,EMEA,522,178,839801,13279658.51
2026-02-20,ESSENTIAL,NA,1932,564,3014550,33260735.97
2026-02-20,ESSENTIAL,APAC,1202,243,1579050,13637953.40
2026-02-20,ESSENTIAL,LATAM,686,141,644540,6360076.06
2026-02-20,ESSENTIAL,EMEA,2259,489,2378305,26624204.15
2026-02-20,EXTRA,APAC,736,134,745416,11743429.82
2026-02-20,EXTRA,NA,1627,261,1708610,21829049.59
2026-02-20,EXTRA,LATAM,343,61,338360,5860760.22
2026-02-20,EXTRA,EMEA,1003,216,1332857,20639856.92
2026-02-21,PREMIUM,NA,965,236,1098453,18550546.81
2026-02-21,PREMIUM,APAC,327,79,460561,7431393.75
2026-02-21,PREMIUM,LATAM,174,25,212532,3412374.68
2026-02-21,PREMIUM,EMEA,1007,90,779433,13774552.62
2026-02-21,ESSENTIAL,NA,2772,440,3101637,28910740.32
2026-02-21,ESSENTIAL,APAC,1524,326,1523066,14770864.35
2026-02-21,ESSENTIAL,LATAM,752,143,748613,6109114.77
2026-02-21,ESSENTIAL,EMEA,1604,408,2202775,21906928.64
2026-02-21,EXTRA,APAC,811,89,670144,9629174.27
2026-02-21,EXTRA,NA,1499,362,1572194,22928170.36
2026-02-21,EXTRA,LATAM,296,48,343111,5926488.37
2026-02-21,EXTRA,EMEA,1654,239,1092465,18489085.72
2026-02-22,PREMIUM,NA,703,126,1091206,17898670.17
2026-02-22,PREMIUM,APAC,480,100,399330,7255786.17
2026-02-22,PREMIUM,LATAM,200,46,196781,4302385.86
2026-02-22,PREMIUM,EMEA,652,168,751924,13183429.10
2026-02-22,ESSENTIAL,NA,2944,730,3024599,36406117.44
2026-02-22,ESSENTIAL,APAC,1352,232,1225917,15057677.25
2026-02-22,ESSENTIAL,LATAM,473,87,714161,7356750.89
2026-02-22,ESSENTIAL,EMEA,2663,569,2407972,23339399.74
2026-02-22,EXTRA,APAC,639,110,637988,11995387.74
2026-02-22,EXTRA,NA,2227,250,1514218,25739874.64
2026-02-22,EXTRA,LATAM,287,71,361015,5597847.61
2026-02-22,EXTRA,EMEA,1275,246,1248531,17017505.43
2026-02-23,PREMIUM,NA,602,213,999065,18774047.38
2026-02-23,PREMIUM,APAC,314,98,445031,7894359.21
2026-02-23,PREMIUM,LATAM,156,28,214085,4102831.78
2026-02-23,PREMIUM,EMEA,759,159,797773,13678323.21
2026-02-23,ESSENTIAL,NA,3503,623,3249015,31621122.23
2026-02-23,ESSENTIAL,APAC,1595,208,1257498,15473555.96
2026-02-23,ESSENTIAL,LATAM,434,148,626596,6797465.73
2026-02-23,ESSENTIAL,EMEA,1718,369,2603279,21437670.87
2026-02-23,EXTRA,APAC,704,97,648220,10297410.48
2026-02-23,EXTRA,NA,1294,263,1543206,23286023.63
2026-02-23,EXTRA,LATAM,397,51,330322,4841973.86
2026-02-23,EXTRA,EMEA,1519,301,1217066,19036211.73
2026-02-24,PREMIUM,NA,1103,148,998029,16911542.68
2026-02-24,PREMIUM,APAC,321,63,442369,8620736.04
2026-02-24,PREMIUM,LATAM,140,28,215638,4230546.39
2026-02-24,PREMIUM,EMEA,913,148,653348,13994505.55
2026-02-24,ESSENTIAL,NA,1901,642,3580616,29044586.34
2026-02-24,ESSENTIAL,APAC,1416,173,1431194,15688665.63
2026-02-24,ESSENTIAL,LATAM,427,153,731387,7414113.47
2026-02-24,ESSENTIAL,EMEA,2551,320,2187941,21684648.65
2026-02-24,EXTRA,APAC,449,98,652604,10406957.40
2026-02-24,EXTRA,NA,1611,383,1643813,26864556.35
2026-02-24,EXTRA,LATAM,273,55,315340,5597847.61
2026-02-24,EXTRA,EMEA,810,212,1198187,19073944.55
2026-02-25,PREMIUM,NA,1160,185,1014594,19519049.26
2026-02-25,PREMIUM,APAC,361,83,470322,7375518.61
2026-02-25,PREMIUM,LATAM,263,36,226509,3420356.85
2026-02-25,PREMIUM,EMEA,858,92,682386,12523570.29
2026-02-25,ESSENTIAL,NA,2884,541,3681101,33729197.04
2026-02-25,ESSENTIAL,APAC,1212,174,1304870,14842567.58
2026-02-25,ESSENTIAL,LATAM,551,101,648846,7084278.63
2026-02-25,ESSENTIAL,EMEA,2296,600,2531584,23808657.51
2026-02-25,EXTRA,APAC,809,86,753455,10713688.78
2026-02-25,EXTRA,NA,1991,350,1826269,27938116.16
2026-02-25,EXTRA,LATAM,372,41,354073,6003171.22
2026-02-25,EXTRA,EMEA,1119,279,1147843,18111757.44
2026-02-26,PREMIUM,NA,1202,132,912099,19519049.26
2026-02-26,PREMIUM,APAC,299,92,449912,8006109.49
2026-02-26,PREMIUM,LATAM,159,39,191235,3943188.52
2026-02-26,PREMIUM,EMEA,886,155,748103,13705817.32
2026-02-26,ESSENTIAL,NA,4056,696,3094938,29881123.97
2026-02-26,ESSENTIAL,APAC,1731,228,1335015,15588281.12
2026-02-26,ESSENTIAL,LATAM,757,94,731387,7134470.89
2026-02-26,ESSENTIAL,EMEA,2813,489,2222553,21165995.32
2026-02-26,EXTRA,APAC,603,116,675259,9629174.27
2026-02-26,EXTRA,NA,1962,198,1480114,26481142.13
2026-02-26,EXTRA,LATAM,374,51,332514,5159659.93
2026-02-26,EXTRA,EMEA,1206,296,1098758,16451513.01
2026-02-27,PREMIUM,NA,1208,121,1100524,18904422.71
2026-02-27,PREMIUM,APAC,470,108,445475,8437146.29
2026-02-27,PREMIUM,LATAM,242,29,233830,3607937.68
2026-02-27,PREMIUM,EMEA,888,153,805414,13032211.46
2026-02-27,ESSENTIAL,NA,3129,620,3677751,35067657.24
2026-02-27,ESSENTIAL,APAC,1311,175,1399613,12605426.96
2026-02-27,ESSENTIAL,LATAM,776,161,641669,6747273.47
2026-02-27,ESSENTIAL,EMEA,1959,312,2551362,21487066.43
2026-02-27,EXTRA,APAC,655,162,785610,11995387.74
2026-02-27,EXTRA,NA,1986,337,1764882,27273531.52
2026-02-27,EXTRA,LATAM,338,62,371612,5975784.49
2026-02-27,EXTRA,EMEA,1243,253,1341668,19621070.56
2026-02-28,PREMIUM,NA,1272,143,1027018,18513296.72
2026-02-28,PREMIUM,APAC,426,58,438819,8644682.53
2026-02-28,PREMIUM,LATAM,287,37,198556,3859375.81
2026-02-28,PREMIUM,EMEA,703,118,682386,12221135.01
2026-02-28,ESSENTIAL,NA,2872,625,2997803,31219584.17
2026-02-28,ESSENTIAL,APAC,1659,194,1301999,15616962.41
2026-02-28,ESSENTIAL,LATAM,584,146,740718,6675570.25
2026-02-28,ESSENTIAL,EMEA,2732,558,2365943,26821786.37
2026-02-28,EXTRA,APAC,717,121,639450,11831067.36
2026-02-28,EXTRA,NA,1080,313,1824564,22672560.88
2026-02-28,EXTRA,LATAM,400,76,355534,5313025.62
2026-02-28,EXTRA,EMEA,1401,219,1154136,18621150.62
2026-03-01,PREMIUM,NA,1093,185,1034265,19574924.40
2026-03-01,PREMIUM,APAC,519,60,437932,8229610.05
2026-03-01,PREMIUM,LATAM,143,33,220519,4154715.84
2026-03-01,PREMIUM,EMEA,821,172,734348,15025534.94
2026-03-01,ESSENTIAL,NA,2419,587,2981055,36539963.46
2026-03-01,ESSENTIAL,APAC,1022,270,1449855,13422843.72
2026-03-01,ESSENTIAL,LATAM,774,157,635209,6905020.57
2026-03-01,ESSENTIAL,EMEA,2727,408,2341221,23858053.07
2026-03-01,EXTRA,APAC,464,100,736646,9694902.42
2026-03-01,EXTRA,NA,1158,408,1778524,22519195.19
2026-03-01,EXTRA,LATAM,300,62,317898,4809109.79
2026-03-01,EXTRA,EMEA,1611,140,1337892,16413780.18
2026-03-02,PREMIUM,NA,697,150,1082924,18382921.39
2026-03-02,PREMIUM,APAC,198,99,480971,7287714.82
2026-03-02,PREMIUM,LATAM,94,39,218079,3568026.86
2026-03-02,PREMIUM,EMEA,323,128,667867,13320899.69
2026-03-02,ESSENTIAL,NA,1467,771,3316005,34364965.64
2026-03-02,ESSENTIAL,APAC,603,180,1379516,13422843.72
2026-03-02,ESSENTIAL,LATAM,480,109,686887,7019745.73
2026-03-02,ESSENTIAL,EMEA,1596,513,2625530,24870661.94
2026-03-02,EXTRA,APAC,441,171,697183,10363138.63
2026-03-02,EXTRA,NA,1161,259,1739304,22979292.25
2026-03-02,EXTRA,LATAM,175,73,370881,5937443.06
2026-03-02,EXTRA,EMEA,458,302,1125188,18847547.59
2026-03-03,PREMIUM,NA,497,159,970076,19798424.96
2026-03-03,PREMIUM,APAC,235,99,474315,7351572.12
2026-03-03,PREMIUM,LATAM,125,47,224069,4330323.43
2026-03-03,PREMIUM,EMEA,547,153,686971,14145723.20
2026-03-03,ESSENTIAL,NA,2018,676,3674402,31621122.23
2026-03-03,ESSENTIAL,APAC,602,183,1283337,15530918.54
2026-03-03,ESSENTIAL,LATAM,427,121,671096,7772629.59
2026-03-03,ESSENTIAL,EMEA,1556,469,2323915,24771870.83
2026-03-03,EXTRA,APAC,394,102,687683,11535290.68
2026-03-03,EXTRA,NA,948,382,1764882,24564071.03
2026-03-03,EXTRA,LATAM,197,61,399017,5575938.23
2026-03-03,EXTRA,EMEA,715,156,1315237,17508032.19
2026-03-04,PREMIUM,NA,637,236,880005,17284043.62
2026-03-04,PREMIUM,APAC,253,88,487183,7782608.93
2026-03-04,PREMIUM,LATAM,105,28,215638,4114805.03
2026-03-04,PREMIUM,EMEA,525,92,731292,13527105.56
2026-03-04,ESSENTIAL,NA,2439,489,3617460,30349585.04
2026-03-04,ESSENTIAL,APAC,865,308,1504404,15244105.64
2026-03-04,ESSENTIAL,LATAM,502,125,787372,7679415.40
2026-03-04,ESSENTIAL,EMEA,1829,470,2662613,25636293.05
2026-03-04,EXTRA,APAC,465,94,749801,10111180.72
2026-03-04,EXTRA,NA,1287,217,1534680,24845241.46
2026-03-04,EXTRA,LATAM,266,48,316802,5570460.88
2026-03-04,EXTRA,EMEA,505,238,1089948,17206169.57
2026-03-05,PREMIUM,NA,450,127,978359,19221048.50
2026-03-05,PREMIUM,APAC,266,53,396668,7040267.77
2026-03-05,PREMIUM,LATAM,123,39,210092,4274448.29
2026-03-05,PREMIUM,EMEA,278,122,825282,13334646.75
2026-03-05,ESSENTIAL,NA,1645,395,2947560,30383046.54
2026-03-05,ESSENTIAL,APAC,799,200,1548905,14498392.10
2026-03-05,ESSENTIAL,LATAM,349,110,760097,7851503.14
2026-03-05,ESSENTIAL,EMEA,1648,573,2145913,24327310.84
2026-03-05,EXTRA,APAC,506,135,654797,10056407.26
2026-03-05,EXTRA,NA,882,365,1792165,27247970.57
2026-03-05,EXTRA,LATAM,148,47,380381,5734781.26
2026-03-05,EXTRA,EMEA,814,159,1137774,20526658.43
2026-03-06,PREMIUM,NA,737,134,1058077,16296916.13
2026-03-06,PREMIUM,APAC,217,50,475646,8692575.51
2026-03-06,PREMIUM,LATAM,97,53,230058,4007045.83
2026-03-06,PREMIUM,EMEA,581,97,780197,12427340.88
2026-03-06,ESSENTIAL,NA,2215,653,3091589,32624967.38
2026-03-06,ESSENTIAL,APAC,602,303,1425452,12920921.15
2026-03-06,ESSENTIAL,LATAM,389,170,704113,6474801.22
2026-03-06,ESSENTIAL,EMEA,1583,550,2472250,21659950.87
2026-03-06,EXTRA,APAC,424,165,643835,10702734.08
2026-03-06,EXTRA,NA,862,377,1486934,21905732.44
2026-03-06,EXTRA,LATAM,231,79,372343,5630711.69
2026-03-06,EXTRA,EMEA,698,258,1234687,20319127.88
2026-03-07,PREMIUM,NA,763,154,993888,20375801.42
2026-03-07,PREMIUM,APAC,301,71,383357,7295696.98
2026-03-07,PREMIUM,LATAM,101,42,199665,3576009.02
2026-03-07,PREMIUM,EMEA,303,126,653348,12812258.52
2026-03-07,ESSENTIAL,NA,2041,657,3238967,29881123.97
2026-03-07,ESSENTIAL,APAC,1024,230,1247450,12591086.31
2026-03-07,ESSENTIAL,LATAM,314,170,720621,7442794.76
2026-03-07,ESSENTIAL,EMEA,2009,394,2620585,22277395.31
2026-03-07,EXTRA,APAC,580,116,729338,10746552.85
2026-03-07,EXTRA,NA,1062,373,1739304,25075289.99
2026-03-07,EXTRA,LATAM,296,63,351515,5942920.41
2026-03-07,EXTRA,EMEA,879,220,1088689,19262608.69
2026-03-08,PREMIUM,NA,648,185,987676,16520416.69
2026-03-08,PREMIUM,APAC,324,102,390900,8141806.26
2026-03-08,PREMIUM,LATAM,180,48,193231,4154715.84
2026-03-08,PREMIUM,EMEA,633,124,832924,13994505.55
2026-03-08,ESSENTIAL,NA,2076,597,3496878,35335349.28
2026-03-08,ESSENTIAL,APAC,839,186,1307741,14985974.03
2026-03-08,ESSENTIAL,LATAM,544,102,769428,7141641.21
2026-03-08,ESSENTIAL,EMEA,1522,537,2709586,24969453.05
2026-03-08,EXTRA,APAC,500,173,658451,10417912.09
2026-03-08,EXTRA,NA,1074,240,1580720,24385144.39
2026-03-08,EXTRA,LATAM,282,72,334706,4814587.13
2026-03-08,EXTRA,EMEA,710,287,1141550,16168516.80
2026-03-09,PREMIUM,NA,443,188,1064288,17917295.21
2026-03-09,PREMIUM,APAC,314,52,430833,7088160.74
2026-03-09,PREMIUM,LATAM,122,49,202993,3420356.85
2026-03-09,PREMIUM,EMEA,391,141,805414,12399846.77
2026-03-09,ESSENTIAL,NA,2301,685,2971007,28743432.80
2026-03-09,ESSENTIAL,APAC,965,173,1365161,14455370.16
2026-03-09,ESSENTIAL,LATAM,286,93,772299,7356750.89
2026-03-09,ESSENTIAL,EMEA,1552,511,2373360,24870661.94
2026-03-09,EXTRA,APAC,544,99,640181,11732475.13
2026-03-09,EXTRA,NA,1283,227,1647223,26532264.02
2026-03-09,EXTRA,LATAM,247,48,330322,5625234.34
2026-03-09,EXTRA,EMEA,702,236,1313978,16602444.32
2026-03-10,PREMIUM,NA,433,123,1082924,19668049.63
2026-03-10,PREMIUM,APAC,308,84,453018,7455340.24
2026-03-10,PREMIUM,LATAM,103,37,216082,3695741.47
2026-03-10,PREMIUM,EMEA,534,104,833688,14819329.06
2026-03-10,ESSENTIAL,NA,1844,472,3245666,30182277.51
2026-03-10,ESSENTIAL,APAC,748,308,1517324,14813886.29
2026-03-10,ESSENTIAL,LATAM,395,150,615112,6654059.28
2026-03-10,ESSENTIAL,EMEA,1458,327,2546418,21832835.31
2026-03-10,EXTRA,APAC,270,108,731531,10834190.39
2026-03-10,EXTRA,NA,1082,399,1579015,26225532.65
2026-03-10,EXTRA,LATAM,220,76,343841,4995339.55
2026-03-10,EXTRA,EMEA,806,179,1204480,16319448.11
2026-03-11,PREMIUM,NA,517,211,935911,18271171.11
2026-03-11,PREMIUM,APAC,225,60,424177,7040267.77
2026-03-11,PREMIUM,LATAM,165,52,209205,4346287.75
2026-03-11,PREMIUM,EMEA,317,143,765678,13045958.52
2026-03-11,ESSENTIAL,NA,2093,622,3429888,35201503.26
2026-03-11,ESSENTIAL,APAC,552,197,1359419,12634108.25
2026-03-11,ESSENTIAL,LATAM,299,123,734258,7356750.89
2026-03-11,ESSENTIAL,EMEA,1600,506,2380777,25290524.16
2026-03-11,EXTRA,APAC,368,157,757109,11064238.92
2026-03-11,EXTRA,NA,1107,353,1626761,24564071.03
2026-03-11,EXTRA,LATAM,183,72,390978,5099409.13
2026-03-11,EXTRA,EMEA,460,194,1106309,16093051.14
2026-03-12,PREMIUM,NA,547,128,1063253,15961665.28
2026-03-12,PREMIUM,APAC,301,94,428614,8660646.86
2026-03-12,PREMIUM,LATAM,168,29,208539,3659821.74
2026-03-12,PREMIUM,EMEA,334,113,812291,12949729.11
2026-03-12,ESSENTIAL,NA,1769,597,3078191,29747277.95
2026-03-12,ESSENTIAL,APAC,714,304,1346499,13322459.21
2026-03-12,ESSENTIAL,LATAM,490,104,673250,6453290.25
2026-03-12,ESSENTIAL,EMEA,1312,460,2519223,26772390.81
2026-03-12,EXTRA,APAC,437,85,795110,10012588.49
2026-03-12,EXTRA,NA,1168,284,1703495,23030414.15
2026-03-12,EXTRA,LATAM,130,86,331418,5077499.74
2026-03-12,EXTRA,EMEA,678,165,1131481,17583497.85
2026-03-13,PREMIUM,NA,762,158,1110877,19779799.91
2026-03-13,PREMIUM,APAC,156,87,485852,7591037.01
2026-03-13,PREMIUM,LATAM,167,53,221406,3747625.53
2026-03-13,PREMIUM,EMEA,450,143,680858,12331111.47
2026-03-13,ESSENTIAL,NA,2384,710,3560519,35301887.78
2026-03-13,ESSENTIAL,APAC,700,235,1326402,15057677.25
2026-03-13,ESSENTIAL,LATAM,492,136,640233,7514497.98
2026-03-13,ESSENTIAL,EMEA,1371,570,2368416,25833875.27
2026-03-13,EXTRA,APAC,443,89,669413,9453899.20
2026-03-13,EXTRA,NA,1044,372,1580720,22340268.55
2026-03-13,EXTRA,LATAM,154,52,378554,5389708.46
2026-03-13,EXTRA,EMEA,894,234,1112602,16470379.42
2026-03-14,PREMIUM,NA,698,227,1062218,20152300.85
2026-03-14,PREMIUM,APAC,242,95,415303,8173734.91
2026-03-14,PREMIUM,LATAM,100,49,233164,3903277.71
2026-03-14,PREMIUM,EMEA,627,91,650292,14558134.95
2026-03-14,ESSENTIAL,NA,2231,642,3550470,35435733.80
2026-03-14,ESSENTIAL,APAC,724,194,1468517,13193393.40
2026-03-14,ESSENTIAL,LATAM,533,110,780194,6438949.61
2026-03-14,ESSENTIAL,EMEA,1213,337,2519223,22376186.42
2026-03-14,EXTRA,APAC,473,97,795841,11863931.44
2026-03-14,EXTRA,NA,1301,208,1613119,23694998.80
2026-03-14,EXTRA,LATAM,203,57,371246,4929611.40
2026-03-14,EXTRA,EMEA,1033,198,1356771,19545604.90
2026-03-15,PREMIUM,NA,774,116,891393,18066295.59
2026-03-15,PREMIUM,APAC,312,53,470766,7822519.74
2026-03-15,PREMIUM,LATAM,90,35,216526,4027001.23
2026-03-15,PREMIUM,EMEA,582,132,655641,14131976.14
2026-03-15,ESSENTIAL,NA,2158,431,3493529,35937656.37
2026-03-15,ESSENTIAL,APAC,771,269,1557518,12849217.92
2026-03-15,ESSENTIAL,LATAM,504,138,745742,7586201.21
2026-03-15,ESSENTIAL,EMEA,1089,285,2393138,23611075.29
2026-03-15,EXTRA,APAC,445,174,662105,11184740.53
2026-03-15,EXTRA,NA,1004,230,1763177,23797242.59
2026-03-15,EXTRA,LATAM,234,46,364304,4798155.10
2026-03-15,EXTRA,EMEA,976,220,1369357,19979532.43
2026-03-16,PREMIUM,NA,582,244,1077747,18140795.78
2026-03-16,PREMIUM,APAC,218,51,425065,6976410.46
2026-03-16,PREMIUM,LATAM,89,37,241151,3635875.25
2026-03-16,PREMIUM,EMEA,478,129,696141,12234882.07
2026-03-16,ESSENTIAL,NA,1243,421,3677751,34498811.66
2026-03-16,ESSENTIAL,APAC,916,178,1422581,12605426.96
2026-03-16,ESSENTIAL,LATAM,385,126,787372,6403097.99
2026-03-16,ESSENTIAL,EMEA,1599,324,2600807,23833355.29
2026-03-16,EXTRA,APAC,295,82,635796,11918704.90
2026-03-16,EXTRA,NA,1193,410,1664275,26660068.76
2026-03-16,EXTRA,LATAM,178,59,389151,5564983.54
2026-03-16,EXTRA,EMEA,924,264,1316496,17375967.29
2026-03-17,PREMIUM,NA,431,240,911064,19872925.15
2026-03-17,PREMIUM,APAC,324,108,394449,7982163.00
2026-03-17,PREMIUM,LATAM,155,46,214085,3599955.51
2026-03-17,PREMIUM,EMEA,533,130,661754,13348393.80
2026-03-17,ESSENTIAL,NA,1467,599,3433238,33628812.53
2026-03-17,ESSENTIAL,APAC,522,227,1233095,12892239.86
2026-03-17,ESSENTIAL,LATAM,451,129,653153,6467630.90
2026-03-17,ESSENTIAL,EMEA,1139,523,2160747,23635773.07
2026-03-17,EXTRA,APAC,452,143,702299,10724643.47
2026-03-17,EXTRA,NA,648,385,1705200,26660068.76
2026-03-17,EXTRA,LATAM,229,52,329225,5844328.18
2026-03-17,EXTRA,EMEA,655,233,1369357,19677669.80
2026-03-18,PREMIUM,NA,385,167,1017700,17563419.32
2026-03-18,PREMIUM,APAC,288,64,462335,8620736.04
2026-03-18,PREMIUM,LATAM,147,50,220519,3819465.00
2026-03-18,PREMIUM,EMEA,478,183,692320,13032211.46
2026-03-18,ESSENTIAL,NA,2040,444,2930813,31688045.24
2026-03-18,ESSENTIAL,APAC,1052,239,1289079,14268941.78
2026-03-18,ESSENTIAL,LATAM,295,171,625160,6560845.09
2026-03-18,ESSENTIAL,EMEA,880,516,2358527,25636293.05
2026-03-18,EXTRA,APAC,343,92,629219,11338106.22
2026-03-18,EXTRA,NA,797,299,1705200,25254216.62
2026-03-18,EXTRA,LATAM,203,83,377458,5740258.61
2026-03-18,EXTRA,EMEA,884,208,1164205,18828681.17
2026-03-19,PREMIUM,NA,476,186,881040,17041918.01
2026-03-19,PREMIUM,APAC,160,105,377589,7782608.93
2026-03-19,PREMIUM,LATAM,131,37,207430,3935206.36
2026-03-19,PREMIUM,EMEA,327,182,657933,14049493.79
2026-03-19,ESSENTIAL,NA,2537,594,3386345,30048431.49
2026-03-19,ESSENTIAL,APAC,842,294,1330709,13121690.18
2026-03-19,ESSENTIAL,LATAM,531,145,708419,6295543.16
2026-03-19,ESSENTIAL,EMEA,1180,316,2415388,26772390.81
2026-03-19,EXTRA,APAC,457,108,799495,10790371.62
2026-03-19,EXTRA,NA,1017,216,1519333,26481142.13
2026-03-19,EXTRA,LATAM,151,50,345668,4984384.86
2026-03-19,EXTRA,EMEA,470,246,1074844,16243982.45
2026-03-20,PREMIUM,NA,723,229,1137795,17749669.79
2026-03-20,PREMIUM,APAC,190,75,470766,8628718.20
2026-03-20,PREMIUM,LATAM,121,41,194562,3444303.33
2026-03-20,PREMIUM,EMEA,519,105,737405,14489399.66
2026-03-20,ESSENTIAL,NA,1441,535,2987754,33561889.52
2026-03-20,ESSENTIAL,APAC,906,302,1424016,13107349.53
2026-03-20,ESSENTIAL,LATAM,323,80,667508,7406943.14
2026-03-20,ESSENTIAL,EMEA,1656,432,2242331,23339399.74
2026-03-20,EXTRA,APAC,335,119,666490,9475808.58
2026-03-20,EXTRA,NA,952,337,1773408,25969923.17
2026-03-20,EXTRA,LATAM,256,67,356630,5773122.68
2026-03-20,EXTRA,EMEA,664,262,1089948,17772161.99
2026-03-21,PREMIUM,NA,552,159,1100524,17302668.66
2026-03-21,PREMIUM,APAC,223,57,474315,8780379.30
2026-03-21,PREMIUM,LATAM,147,28,210536,4146733.68
2026-03-21,PREMIUM,EMEA,340,115,828339,12551064.41
2026-03-21,ESSENTIAL,NA,2417,729,3125084,33394581.99
2026-03-21,ESSENTIAL,APAC,1031,198,1366596,12863558.57
2026-03-21,ESSENTIAL,LATAM,337,149,740000,7155981.86
2026-03-21,ESSENTIAL,EMEA,984,529,2637891,23586377.51
2026-03-21,EXTRA,APAC,336,129,738839,10034497.87
2026-03-21,EXTRA,NA,1103,262,1744420,26915678.24
2026-03-21,EXTRA,LATAM,246,67,335803,5203478.70
2026-03-21,EXTRA,EMEA,605,196,1235945,18734349.10
2026-03-22,PREMIUM,NA,624,168,966970,18476046.62
2026-03-22,PREMIUM,APAC,209,54,449912,8556878.74
2026-03-22,PREMIUM,LATAM,89,32,236936,4202608.82
2026-03-22,PREMIUM,EMEA,333,163,651820,12317364.42
2026-03-22,ESSENTIAL,NA,1901,576,3493529,35904194.87
2026-03-22,ESSENTIAL,APAC,746,268,1233095,14326304.36
2026-03-22,ESSENTIAL,LATAM,443,139,719903,6474801.22
2026-03-22,ESSENTIAL,EMEA,1647,561,2578557,26871181.92
2026-03-22,EXTRA,APAC,478,110,650412,11009465.46
2026-03-22,EXTRA,NA,918,379,1628466,23976169.22
2026-03-22,EXTRA,LATAM,161,84,371977,4748858.98
2026-03-22,EXTRA,EMEA,946,164,1076103,19055078.14
2026-03-23,PREMIUM,NA,425,199,1044618,19630799.54
2026-03-23,PREMIUM,APAC,331,97,485852,8333378.17
2026-03-23,PREMIUM,LATAM,146,32,231390,4066912.05
2026-03-23,PREMIUM,EMEA,390,160,663282,13472117.33
2026-03-23,ESSENTIAL,NA,1720,689,3443286,33863043.06
2026-03-23,ESSENTIAL,APAC,790,205,1511582,13853063.07
2026-03-23,ESSENTIAL,LATAM,449,117,646693,7299388.31
2026-03-23,ESSENTIAL,EMEA,1057,412,2309082,27118159.70
2026-03-23,EXTRA,APAC,368,158,756378,10801326.31
2026-03-23,EXTRA,NA,789,279,1642108,24947485.25
2026-03-23,EXTRA,LATAM,264,61,323014,5187046.66
2026-03-23,EXTRA,EMEA,686,256,1144067,19073944.55
2026-03-24,PREMIUM,NA,771,183,1049794,19537674.30
2026-03-24,PREMIUM,APAC,306,67,387794,8772397.14
2026-03-24,PREMIUM,LATAM,92,33,237158,3591973.35
2026-03-24,PREMIUM,EMEA,498,90,777905,12028676.19
2026-03-24,ESSENTIAL,NA,1981,418,3563868,36673809.48
2026-03-24,ESSENTIAL,APAC,614,342,1448420,15659984.34
2026-03-24,ESSENTIAL,LATAM,442,161,655306,6345735.41
2026-03-24,ESSENTIAL,EMEA,1394,486,2108829,24401404.17
2026-03-24,EXTRA,APAC,408,145,797303,9848268.11
2026-03-24,EXTRA,NA,762,233,1478408,26966800.14
2026-03-24,EXTRA,LATAM,130,77,360650,4885792.63
2026-03-24,EXTRA,EMEA,443,196,1302651,18206089.51
2026-03-25,PREMIUM,NA,569,140,905888,16613541.92
2026-03-25,PREMIUM,APAC,199,98,423290,7942252.19
2026-03-25,PREMIUM,LATAM,138,48,229393,4350278.84
2026-03-25,PREMIUM,EMEA,443,169,832924,12454835.00
2026-03-25,ESSENTIAL,NA,1288,796,2850425,35837271.86
2026-03-25,ESSENTIAL,APAC,935,187,1293386,15444874.67
2026-03-25,ESSENTIAL,LATAM,345,171,701242,6453290.25
2026-03-25,ESSENTIAL,EMEA,1190,493,2202775,25315221.94
2026-03-25,EXTRA,APAC,527,128,686221,11809157.98
2026-03-25,EXTRA,NA,632,361,1529564,23081536.04
2026-03-25,EXTRA,LATAM,206,45,377824,5953875.10
2026-03-25,EXTRA,EMEA,711,294,1312720,17734429.16
2026-03-26,PREMIUM,NA,527,246,1004241,16445916.50
2026-03-26,PREMIUM,APAC,293,67,433495,7223857.52
2026-03-26,PREMIUM,LATAM,169,52,190569,3440312.25
2026-03-26,PREMIUM,EMEA,309,132,737405,13389634.98
2026-03-26,ESSENTIAL,NA,2498,792,3098288,29914585.47
2026-03-26,ESSENTIAL,APAC,1002,340,1406790,14656139.19
2026-03-26,ESSENTIAL,LATAM,499,114,781630,6209499.29
2026-03-26,ESSENTIAL,EMEA,1429,478,2225025,21511764.20
2026-03-26,EXTRA,APAC,459,141,749801,11590064.14
2026-03-26,EXTRA,NA,857,331,1648928,22391390.45
2026-03-26,EXTRA,LATAM,271,60,374900,4798155.10
2026-03-26,EXTRA,EMEA,896,295,1243497,19300341.52
2026-03-27,PREMIUM,NA,462,216,1029088,17917295.21
2026-03-27,PREMIUM,APAC,322,100,464998,8716522.00
2026-03-27,PREMIUM,LATAM,116,37,221628,3807491.75
2026-03-27,PREMIUM,EMEA,561,100,674744,13279658.51
2026-03-27,ESSENTIAL,NA,1510,790,3624159,32323813.83
2026-03-27,ESSENTIAL,APAC,738,183,1474259,13465865.66
2026-03-27,ESSENTIAL,LATAM,339,133,666072,6919361.21
2026-03-27,ESSENTIAL,EMEA,1009,546,2699697,23833355.29
2026-03-27,EXTRA,APAC,346,111,749070,9837313.42
2026-03-27,EXTRA,NA,1146,392,1585836,23669437.85
2026-03-27,EXTRA,LATAM,252,75,389882,5061067.70
2026-03-27,EXTRA,EMEA,853,264,1137774,19696536.22
2026-03-28,PREMIUM,NA,788,127,1068430,16278291.08
2026-03-28,PREMIUM,APAC,319,98,437045,6880624.51
2026-03-28,PREMIUM,LATAM,94,51,196115,4162698.00
2026-03-28,PREMIUM,EMEA,560,165,770263,11959940.90
2026-03-28,ESSENTIAL,NA,2637,461,3115035,36406117.44
2026-03-28,ESSENTIAL,APAC,865,187,1579050,15201083.70
2026-03-28,ESSENTIAL,LATAM,575,151,628031,6962383.15
2026-03-28,ESSENTIAL,EMEA,1685,300,2279415,23956844.18
2026-03-28,EXTRA,APAC,473,167,730800,10658915.32
2026-03-28,EXTRA,NA,973,329,1597772,23643876.90
2026-03-28,EXTRA,LATAM,234,51,338360,5444481.92
2026-03-28,EXTRA,EMEA,825,197,1204480,18243822.34
2026-03-29,PREMIUM,NA,770,236,1051865,18345671.30
2026-03-29,PREMIUM,APAC,367,106,427727,7790591.09
2026-03-29,PREMIUM,LATAM,88,39,210536,3468249.82
2026-03-29,PREMIUM,EMEA,421,92,833688,15066776.12
2026-03-29,ESSENTIAL,NA,2546,482,2873871,30784584.60
2026-03-29,ESSENTIAL,APAC,1130,184,1488614,14541414.03
2026-03-29,ESSENTIAL,LATAM,436,115,656741,6818976.70
2026-03-29,ESSENTIAL,EMEA,1389,384,2707114,26895879.70
2026-03-29,EXTRA,APAC,475,166,668682,9322442.89
2026-03-29,EXTRA,NA,747,398,1718842,28014799.01
2026-03-29,EXTRA,LATAM,209,83,356996,4792677.75
2026-03-29,EXTRA,EMEA,844,301,1152878,16111917.56
2026-03-30,PREMIUM,NA,649,135,990782,18792672.42
2026-03-30,PREMIUM,APAC,176,49,424621,8389253.31
2026-03-30,PREMIUM,LATAM,160,41,219410,4306376.94
2026-03-30,PREMIUM,EMEA,323,94,686971,13554599.68
2026-03-30,ESSENTIAL,NA,2494,514,2960958,33628812.53
2026-03-30,ESSENTIAL,APAC,577,232,1233095,12892239.86
2026-03-30,ESSENTIAL,LATAM,275,167,722774,7134470.89
2026-03-30,ESSENTIAL,EMEA,1628,480,2620585,24994150.83
2026-03-30,EXTRA,APAC,408,96,667220,10867054.46
2026-03-30,EXTRA,NA,1050,406,1700084,26174410.75
2026-03-30,EXTRA,LATAM,163,79,315706,5313025.62
2026-03-30,EXTRA,EMEA,919,276,1219583,16074184.73
2026-03-31,PREMIUM,NA,569,197,913135,19966050.38
2026-03-31,PREMIUM,APAC,165,76,394893,7806555.41
2026-03-31,PREMIUM,LATAM,113,46,216526,4246510.72
2026-03-31,PREMIUM,EMEA,282,161,714480,13307152.63
2026-03-31,ESSENTIAL,NA,2085,645,3396393,34231119.62
2026-03-31,ESSENTIAL,APAC,613,244,1256063,14326304.36
2026-03-31,ESSENTIAL,LATAM,463,156,701960,6195158.64
2026-03-31,ESSENTIAL,EMEA,1123,465,2615641,22030417.53
2026-03-31,EXTRA,APAC,501,166,710338,9388171.04
2026-03-31,EXTRA,NA,1111,297,1667686,24921924.30
2026-03-31,EXTRA,LATAM,142,73,337264,5816941.45
2026-03-31,EXTRA,EMEA,590,232,1091206,19809734.70
2026-04-01,PREMIUM,NA,634,198,971111,19053423.08
2026-04-01,PREMIUM,APAC,327,82,447693,8205663.56
2026-04-01,PREMIUM,LATAM,131,31,223403,3743634.45
2026-04-01,PREMIUM,EMEA,428,160,793188,13004717.34
2026-04-01,ESSENTIAL,NA,1532,639,2860473,33093428.45
2026-04-01,ESSENTIAL,APAC,742,219,1471388,15659984.34
2026-04-01,ESSENTIAL,LATAM,357,119,703395,7371091.53
2026-04-01,ESSENTIAL,EMEA,1167,388,2123663,26673599.70
2026-04-01,EXTRA,APAC,551,149,631411,11119012.38
2026-04-01,EXTRA,NA,908,354,1713726,26890117.30
2026-04-01,EXTRA,LATAM,249,61,380381,5521164.77
2026-04-01,EXTRA,EMEA,596,220,1346702,18564551.38
2026-04-02,PREMIUM,NA,765,170,1021841,17004667.91
2026-04-02,PREMIUM,APAC,266,105,478309,8221627.89
2026-04-02,PREMIUM,LATAM,167,50,191235,3667803.90
2026-04-02,PREMIUM,EMEA,570,146,683150,15080523.17
2026-04-02,ESSENTIAL,NA,1426,577,3058094,33494966.51
2026-04-02,ESSENTIAL,APAC,1026,162,1560389,14025150.81
2026-04-02,ESSENTIAL,LATAM,464,151,677556,7808481.20
2026-04-02,ESSENTIAL,EMEA,885,563,2103885,23635773.07
2026-04-02,EXTRA,APAC,484,97,631411,11195695.22
2026-04-02,EXTRA,NA,1105,324,1860373,26711190.66
2026-04-02,EXTRA,LATAM,223,83,395728,5685485.15
2026-04-02,EXTRA,EMEA,533,172,1173015,18923013.24
2026-04-03,PREMIUM,NA,456,238,983535,18252546.06
2026-04-03,PREMIUM,APAC,304,57,401992,6888606.67
2026-04-03,PREMIUM,LATAM,134,33,210758,4114805.03
2026-04-03,PREMIUM,EMEA,476,111,663282,13912023.20
2026-04-03,ESSENTIAL,NA,1245,795,3104987,32959582.43
2026-04-03,ESSENTIAL,APAC,636,235,1310612,13810041.14
2026-04-03,ESSENTIAL,LATAM,419,87,781630,7148811.53
2026-04-03,ESSENTIAL,EMEA,1097,388,2410444,23388795.29
2026-04-03,EXTRA,APAC,302,152,652604,9651083.65
2026-04-03,EXTRA,NA,753,377,1449420,25228655.68
2026-04-03,EXTRA,LATAM,148,86,396094,5274684.20
2026-04-03,EXTRA,EMEA,937,199,1178050,19262608.69
2026-04-04,PREMIUM,NA,609,173,1009418,18215295.97
2026-04-04,PREMIUM,APAC,233,69,483633,8397235.48
2026-04-04,PREMIUM,LATAM,128,28,235605,4178662.33
2026-04-04,PREMIUM,EMEA,623,120,750395,14723099.65
2026-04-04,ESSENTIAL,NA,1799,659,3255714,34097273.60
2026-04-04,ESSENTIAL,APAC,1176,321,1462775,14268941.78
2026-04-04,ESSENTIAL,LATAM,323,106,752920,6532163.80
2026-04-04,ESSENTIAL,EMEA,1943,403,2346165,21882230.87
2026-04-04,EXTRA,APAC,295,151,738839,11294287.45
2026-04-04,EXTRA,NA,789,378,1517628,27759189.53
2026-04-04,EXTRA,LATAM,292,86,370881,5072022.40
2026-04-04,EXTRA,EMEA,740,196,1366840,19847467.53
2026-04-05,PREMIUM,NA,750,173,964900,16837042.49
2026-04-05,PREMIUM,APAC,191,84,379807,8405217.64
2026-04-05,PREMIUM,LATAM,109,50,192788,4102831.78
2026-04-05,PREMIUM,EMEA,325,95,741990,13100946.75
2026-04-05,ESSENTIAL,NA,2054,444,3275811,34298042.63
2026-04-05,ESSENTIAL,APAC,687,269,1224482,12662789.54
2026-04-05,ESSENTIAL,LATAM,523,173,658177,6568015.41
2026-04-05,ESSENTIAL,EMEA,1157,472,2719475,21017808.65
2026-04-05,EXTRA,APAC,488,151,779764,11469562.52
2026-04-05,EXTRA,NA,1115,328,1449420,26890117.30
2026-04-05,EXTRA,LATAM,306,47,316071,4820064.48
2026-04-05,EXTRA,EMEA,806,221,1273703,16074184.73
2026-04-06,PREMIUM,NA,641,178,910029,16725292.21
2026-04-06,PREMIUM,APAC,211,100,409979,8333378.17
2026-04-06,PREMIUM,LATAM,117,44,227396,4118796.11
2026-04-06,PREMIUM,EMEA,365,90,788603,13458370.27
2026-04-06,ESSENTIAL,NA,1765,709,3449985,36339194.43
2026-04-06,ESSENTIAL,APAC,948,168,1518759,14254601.13
2026-04-06,ESSENTIAL,LATAM,352,169,755073,7328069.60
2026-04-06,ESSENTIAL,EMEA,1628,468,2506862,24722475.28
2026-04-06,EXTRA,APAC,551,159,710338,12017297.12
2026-04-06,EXTRA,NA,1256,302,1696674,25279777.57
2026-04-06,EXTRA,LATAM,144,55,349322,4759813.67
2026-04-06,EXTRA,EMEA,810,292,1287548,16168516.80
2026-04-07,PREMIUM,NA,529,190,1096383,16781167.35
2026-04-07,PREMIUM,APAC,175,84,377145,8189699.24
2026-04-07,PREMIUM,LATAM,166,33,218744,3627893.08
2026-04-07,PREMIUM,EMEA,437,170,809999,12509823.24
2026-04-07,ESSENTIAL,NA,2386,525,3289209,36640347.98
2026-04-07,ESSENTIAL,APAC,744,340,1231659,12490701.80
2026-04-07,ESSENTIAL,LATAM,386,91,701960,6876339.28
2026-04-07,ESSENTIAL,EMEA,1061,308,2551362,25463408.60
2026-04-07,EXTRA,APAC,277,100,737377,10122135.41
2026-04-07,EXTRA,NA,1206,195,1822859,23337145.52
2026-04-07,EXTRA,LATAM,157,62,358457,5176091.97
2026-04-07,EXTRA,EMEA,826,270,1256083,20507792.02
2026-04-08,PREMIUM,NA,676,241,1135724,19966050.38
2026-04-08,PREMIUM,APAC,176,70,409091,8764414.97
2026-04-08,PREMIUM,LATAM,153,54,190791,3611928.76
2026-04-08,PREMIUM,EMEA,324,135,801593,12592305.59
2026-04-08,ESSENTIAL,NA,2468,688,3382995,34298042.63
2026-04-08,ESSENTIAL,APAC,916,236,1566131,13465865.66
2026-04-08,ESSENTIAL,LATAM,396,129,717032,6274032.19
2026-04-08,ESSENTIAL,EMEA,929,401,2370888,22376186.42
2026-04-08,EXTRA,APAC,543,145,672336,10669870.01
2026-04-08,EXTRA,NA,1004,258,1827974,21982415.28
2026-04-08,EXTRA,LATAM,264,66,322283,5455436.62
2026-04-08,EXTRA,EMEA,638,164,1315237,16979772.60
2026-04-09,PREMIUM,NA,782,241,889323,16539041.74
2026-04-09,PREMIUM,APAC,265,59,422402,7072196.42
2026-04-09,PREMIUM,LATAM,164,39,233386,3799509.59
2026-04-09,PREMIUM,EMEA,423,132,689263,12496076.18
2026-04-09,ESSENTIAL,NA,2048,795,3627509,29847662.46
2026-04-09,ESSENTIAL,APAC,1075,224,1475694,12275592.12
2026-04-09,ESSENTIAL,LATAM,450,98,625878,7292217.98
2026-04-09,ESSENTIAL,EMEA,1114,565,2665086,25216430.83
2026-04-09,EXTRA,APAC,297,117,675259,11601018.83
2026-04-09,EXTRA,NA,836,279,1633582,25816557.48
2026-04-09,EXTRA,LATAM,197,42,321552,5285638.89
2026-04-09,EXTRA,EMEA,498,208,1359288,17375967.29
2026-04-10,PREMIUM,NA,536,150,990782,19649424.59
2026-04-10,PREMIUM,APAC,185,58,467660,8381271.15
2026-04-10,PREMIUM,LATAM,140,28,239154,3512151.72
2026-04-10,PREMIUM,EMEA,439,167,794716,14145723.20
2026-04-10,ESSENTIAL,NA,1229,375,3262413,31018815.14
2026-04-10,ESSENTIAL,APAC,972,265,1357983,12834877.28
2026-04-10,ESSENTIAL,LATAM,358,156,773017,7105789.60
2026-04-10,ESSENTIAL,EMEA,1417,348,2131080,21659950.87
2026-04-10,EXTRA,APAC,539,160,727146,10604141.86
2026-04-10,EXTRA,NA,732,289,1752946,23643876.90
2026-04-10,EXTRA,LATAM,242,86,321552,5187046.66
2026-04-10,EXTRA,EMEA,645,267,1151619,20149330.15
2026-04-11,PREMIUM,NA,511,130,1041512,17358543.80
2026-04-11,PREMIUM,APAC,296,70,452130,8046020.30
2026-04-11,PREMIUM,LATAM,146,39,191013,3967135.01
2026-04-11,PREMIUM,EMEA,532,167,731292,14599376.13
2026-04-11,ESSENTIAL,NA,2611,650,3182025,29713816.44
2026-04-11,ESSENTIAL,APAC,1123,281,1492920,14799545.64
2026-04-11,ESSENTIAL,LATAM,452,98,752202,6704251.54
2026-04-11,ESSENTIAL,EMEA,1854,471,2445055,21017808.65
2026-04-11,EXTRA,APAC,420,100,720569,10593187.16
2026-04-11,EXTRA,NA,1343,330,1478408,27401336.26
2026-04-11,EXTRA,LATAM,279,86,312052,5318502.97
2026-04-11,EXTRA,EMEA,610,211,1079879,17602364.26
2026-04-12,PREMIUM,NA,793,173,1117089,18289796.15
2026-04-12,PREMIUM,APAC,301,79,488070,8724504.16
2026-04-12,PREMIUM,LATAM,157,42,212532,4122787.19
2026-04-12,PREMIUM,EMEA,459,102,693848,12949729.11
2026-04-12,ESSENTIAL,NA,2737,788,2890619,36774194.00
2026-04-12,ESSENTIAL,APAC,840,183,1422581,12203888.90
2026-04-12,ESSENTIAL,LATAM,480,84,640233,6854828.31
2026-04-12,ESSENTIAL,EMEA,1585,506,2175580,21635253.09
2026-04-12,EXTRA,APAC,284,171,684029,10680824.70
2026-04-12,EXTRA,NA,798,376,1793870,24180656.81
2026-04-12,EXTRA,LATAM,301,62,389882,4967952.82
2026-04-12,EXTRA,EMEA,891,196,1325306,20036131.67
2026-04-13,PREMIUM,NA,685,122,991817,19612174.49
2026-04-13,PREMIUM,APAC,322,90,422402,7463322.41
2026-04-13,PREMIUM,LATAM,111,46,220297,3476231.99
2026-04-13,PREMIUM,EMEA,564,146,809235,12097411.48
2026-04-13,ESSENTIAL,NA,1382,761,2954259,34666119.18
2026-04-13,ESSENTIAL,APAC,852,333,1373774,14641798.55
2026-04-13,ESSENTIAL,LATAM,387,103,720621,6517823.15
2026-04-13,ESSENTIAL,EMEA,1003,303,2509334,22376186.42
2026-04-13,EXTRA,APAC,401,105,762955,11020420.15
2026-04-13,EXTRA,NA,638,297,1851847,25790996.53
2026-04-13,EXTRA,LATAM,191,88,342380,5252774.81
2026-04-13,EXTRA,EMEA,519,193,1292582,20677589.74
2026-04-14,PREMIUM,NA,711,131,991817,19481799.16
2026-04-14,PREMIUM,APAC,263,84,450356,7223857.52
2026-04-14,PREMIUM,LATAM,87,35,190791,3747625.53
2026-04-14,PREMIUM,EMEA,325,85,690792,14530640.83
2026-04-14,ESSENTIAL,NA,1653,460,3091589,34498811.66
2026-04-14,ESSENTIAL,APAC,552,233,1243143,15530918.54
2026-04-14,ESSENTIAL,LATAM,469,95,680427,6352905.74
2026-04-14,ESSENTIAL,EMEA,1085,536,2531584,25167035.27
2026-04-14,EXTRA,APAC,508,141,631411,11721520.44
2026-04-14,EXTRA,NA,1141,342,1717136,23848364.48
2026-04-14,EXTRA,LATAM,198,66,359188,5899101.64
2026-04-14,EXTRA,EMEA,891,232,1350478,20036131.67
2026-04-15,PREMIUM,NA,698,172,937982,18010420.45
2026-04-15,PREMIUM,APAC,166,50,480083,8373288.99
2026-04-15,PREMIUM,LATAM,89,32,211867,3532107.13
2026-04-15,PREMIUM,EMEA,400,96,816112,13403382.04
2026-04-15,ESSENTIAL,NA,1535,775,2873871,31855352.76
2026-04-15,ESSENTIAL,APAC,617,164,1454162,13637953.40
2026-04-15,ESSENTIAL,LATAM,423,142,741436,7213344.44
2026-04-15,ESSENTIAL,EMEA,1410,290,2590918,22227999.75
2026-04-15,EXTRA,APAC,287,119,670144,9804449.34
2026-04-15,EXTRA,NA,1007,328,1560258,23899486.38
2026-04-15,EXTRA,LATAM,155,74,394267,5252774.81
2026-04-15,EXTRA,EMEA,483,266,1149102,18224955.92
2026-04-16,PREMIUM,NA,649,196,964900,17209543.43
2026-04-16,PREMIUM,APAC,231,106,379807,6904571.00
2026-04-16,PREMIUM,LATAM,167,34,227396,3847402.57
2026-04-16,PREMIUM,EMEA,392,174,749631,14585629.07
2026-04-16,ESSENTIAL,NA,1196,589,3547121,34632657.68
2026-04-16,ESSENTIAL,APAC,889,248,1521630,12806195.99
2026-04-16,ESSENTIAL,LATAM,542,128,666072,6481971.54
2026-04-16,ESSENTIAL,EMEA,1572,595,2628002,21412973.09
2026-04-16,EXTRA,APAC,544,107,629219,10593187.16
2026-04-16,EXTRA,NA,995,310,1790460,25944362.22
2026-04-16,EXTRA,LATAM,173,86,331418,5373276.43
2026-04-16,EXTRA,EMEA,541,171,1208256,16923173.36
2026-04-17,PREMIUM,NA,513,161,912099,17600669.42
2026-04-17,PREMIUM,APAC,296,56,412197,7750680.27
2026-04-17,PREMIUM,LATAM,118,43,211201,4102831.78
2026-04-17,PREMIUM,EMEA,350,87,735112,12523570.29
2026-04-17,ESSENTIAL,NA,2523,546,3463383,32056121.79
2026-04-17,ESSENTIAL,APAC,996,335,1570437,12763174.05
2026-04-17,ESSENTIAL,LATAM,409,92,756509,7571860.56
2026-04-17,ESSENTIAL,EMEA,1387,525,2469778,22820746.41
2026-04-17,EXTRA,APAC,384,155,663566,10593187.16
2026-04-17,EXTRA,NA,934,388,1594362,23797242.59
2026-04-17,EXTRA,LATAM,151,82,399017,5685485.15
2026-04-17,EXTRA,EMEA,889,263,1349219,17715562.75
2026-04-18,PREMIUM,NA,591,133,1014594,16241040.98
2026-04-18,PREMIUM,APAC,366,90,385132,7016321.28
2026-04-18,PREMIUM,LATAM,154,41,226509,3456276.58
2026-04-18,PREMIUM,EMEA,394,118,730527,12056170.30
2026-04-18,ESSENTIAL,NA,1708,693,2927463,31152661.16
2026-04-18,ESSENTIAL,APAC,691,226,1428323,14484051.45
2026-04-18,ESSENTIAL,LATAM,424,88,701242,6094774.13
2026-04-18,ESSENTIAL,EMEA,1004,542,2407972,25660990.82
2026-04-18,EXTRA,APAC,478,161,773186,11031374.84
2026-04-18,EXTRA,NA,736,250,1544911,22621438.98
2026-04-18,EXTRA,LATAM,159,61,344938,5033680.97
2026-04-18,EXTRA,EMEA,740,273,1150360,16677909.98
2026-04-19,PREMIUM,NA,731,143,895535,18960297.85
2026-04-19,PREMIUM,APAC,257,66,456567,8117859.77
2026-04-19,PREMIUM,LATAM,144,48,189016,4262475.04
2026-04-19,PREMIUM,EMEA,570,108,816112,12386099.71
2026-04-19,ESSENTIAL,NA,2676,789,2914065,29111509.35
2026-04-19,ESSENTIAL,APAC,849,204,1340757,12289932.77
2026-04-19,ESSENTIAL,LATAM,317,174,775888,7708096.69
2026-04-19,ESSENTIAL,EMEA,1333,422,2215136,26945275.25
2026-04-19,EXTRA,APAC,315,150,713261,9519627.35
2026-04-19,EXTRA,NA,840,369,1829680,26966800.14
2026-04-19,EXTRA,LATAM,165,62,346765,5877192.26
2026-04-19,EXTRA,EMEA,843,265,1329082,20526658.43
2026-04-20,PREMIUM,NA,736,230,922452,19221048.50
2026-04-20,PREMIUM,APAC,331,57,380251,7080178.58
2026-04-20,PREMIUM,LATAM,82,50,232943,3484214.15
2026-04-20,PREMIUM,EMEA,348,117,660226,13004717.34
2026-04-20,ESSENTIAL,NA,1585,772,3570567,30014969.99
2026-04-20,ESSENTIAL,APAC,560,188,1550340,14584435.97
2026-04-20,ESSENTIAL,LATAM,508,161,781630,7736777.98
2026-04-20,ESSENTIAL,EMEA,1716,508,2450000,21289484.21
2026-04-20,EXTRA,APAC,383,175,646758,11798203.28
2026-04-20,EXTRA,NA,1254,242,1551732,25918801.27
2026-04-20,EXTRA,LATAM,259,84,317533,5241820.12
2026-04-20,EXTRA,EMEA,798,189,1161688,16338314.52
2026-04-21,PREMIUM,NA,387,130,902782,18252546.06
2026-04-21,PREMIUM,APAC,281,74,438376,7383500.78
2026-04-21,PREMIUM,LATAM,118,52,241151,3751616.61
2026-04-21,PREMIUM,EMEA,384,132,769499,13733311.44
2026-04-21,ESSENTIAL,NA,1178,662,3212171,28877278.82
2026-04-21,ESSENTIAL,APAC,561,331,1254627,13566250.17
2026-04-21,ESSENTIAL,LATAM,463,127,712008,7736777.98
2026-04-21,ESSENTIAL,EMEA,1529,297,2244803,21882230.87
2026-04-21,EXTRA,APAC,440,129,643835,9344352.28
2026-04-21,EXTRA,NA,1149,270,1543206,27401336.26
2026-04-21,EXTRA,LATAM,221,45,325937,5219910.74
2026-04-21,EXTRA,EMEA,761,281,1322789,18960746.07
2026-04-22,PREMIUM,NA,785,231,1135724,18103545.68
2026-04-22,PREMIUM,APAC,194,76,385575,7279732.66
2026-04-22,PREMIUM,LATAM,110,26,231611,3715696.88
2026-04-22,PREMIUM,EMEA,277,151,654877,13485864.39
2026-04-22,ESSENTIAL,NA,1636,468,2897318,29312278.38
2026-04-22,ESSENTIAL,APAC,1091,237,1349370,14885589.51
2026-04-22,ESSENTIAL,LATAM,385,148,655306,7593371.53
2026-04-22,ESSENTIAL,EMEA,1670,339,2333804,21635253.09
2026-04-22,EXTRA,APAC,353,156,698645,9727766.50
2026-04-22,EXTRA,NA,671,289,1843321,23490511.21
2026-04-22,EXTRA,LATAM,131,43,357727,5252774.81
2026-04-22,EXTRA,EMEA,598,252,1161688,20753055.40
2026-04-23,PREMIUM,NA,702,246,929699,16110665.66
2026-04-23,PREMIUM,APAC,168,71,380251,8604771.71
2026-04-23,PREMIUM,LATAM,85,37,205655,4362252.08
2026-04-23,PREMIUM,EMEA,455,170,701490,13898276.14
2026-04-23,ESSENTIAL,NA,2448,711,3161928,36606886.47
2026-04-23,ESSENTIAL,APAC,675,194,1511582,13723997.27
2026-04-23,ESSENTIAL,LATAM,317,158,616547,6388757.35
2026-04-23,ESSENTIAL,EMEA,985,570,2541473,23561679.74
2026-04-23,EXTRA,APAC,553,98,651143,10417912.09
2026-04-23,EXTRA,NA,732,244,1602888,26762312.56
2026-04-23,EXTRA,LATAM,270,70,385497,5964829.79
2026-04-23,EXTRA,EMEA,572,260,1098758,18828681.17
2026-04-24,PREMIUM,NA,675,189,1060147,20152300.85
2026-04-24,PREMIUM,APAC,185,105,477865,6904571.00
2026-04-24,PREMIUM,LATAM,136,31,214751,4222564.23
2026-04-24,PREMIUM,EMEA,334,157,838273,12880993.81
2026-04-24,ESSENTIAL,NA,1539,526,2940861,30048431.49
2026-04-24,ESSENTIAL,APAC,628,347,1244579,12648448.89
2026-04-24,ESSENTIAL,LATAM,422,160,755791,6130625.74
2026-04-24,ESSENTIAL,EMEA,1455,490,2679919,25389315.27
2026-04-24,EXTRA,APAC,503,116,769532,10144044.79
2026-04-24,EXTRA,NA,624,257,1473293,23362706.47
2026-04-24,EXTRA,LATAM,130,80,393536,5351367.04
2026-04-24,EXTRA,EMEA,663,276,1176791,17753295.57
2026-04-25,PREMIUM,NA,862,230,961794,16166540.80
2026-04-25,PREMIUM,APAC,312,107,406429,8780379.30
2026-04-25,PREMIUM,LATAM,120,31,226953,3843411.48
2026-04-25,PREMIUM,EMEA,483,153,661754,12551064.41
2026-04-25,ESSENTIAL,NA,2646,634,3449985,32223429.32
2026-04-25,ESSENTIAL,APAC,750,200,1391000,12619767.60
2026-04-25,ESSENTIAL,LATAM,318,169,772299,6338565.09
2026-04-25,ESSENTIAL,EMEA,1009,486,2642835,26105550.82
2026-04-25,EXTRA,APAC,421,170,800226,9453899.20
2026-04-25,EXTRA,NA,1144,333,1621645,24155095.86
2026-04-25,EXTRA,LATAM,228,87,382208,5499255.38
2026-04-25,EXTRA,EMEA,767,251,1183084,19941799.60
2026-04-26,PREMIUM,NA,485,170,1043582,17079168.10
2026-04-26,PREMIUM,APAC,230,102,416634,7966198.67
2026-04-26,PREMIUM,LATAM,181,37,206099,3444303.33
2026-04-26,PREMIUM,EMEA,301,94,784782,12441087.94
2026-04-26,ESSENTIAL,NA,2583,401,3389694,32089583.30
2026-04-26,ESSENTIAL,APAC,627,209,1284773,13810041.14
2026-04-26,ESSENTIAL,LATAM,491,138,690476,7829992.17
2026-04-26,ESSENTIAL,EMEA,1424,310,2585974,21388275.32
2026-04-26,EXTRA,APAC,589,82,633604,10637005.93
2026-04-26,EXTRA,NA,1207,284,1551732,27759189.53
2026-04-26,EXTRA,LATAM,252,80,340918,5981261.83
2026-04-26,EXTRA,EMEA,1042,287,1268669,18507952.13
2026-04-27,PREMIUM,NA,541,186,1016665,15831289.95
2026-04-27,PREMIUM,APAC,289,108,464110,7527179.71
2026-04-27,PREMIUM,LATAM,156,27,212754,3528116.05
2026-04-27,PREMIUM,EMEA,277,107,696141,12207387.95
2026-04-27,ESSENTIAL,NA,1449,436,3071492,33863043.06
2026-04-27,ESSENTIAL,APAC,990,270,1352241,14756523.71
2026-04-27,ESSENTIAL,LATAM,460,159,677556,7729607.66
2026-04-27,ESSENTIAL,EMEA,1281,303,2331332,25537501.94
2026-04-27,EXTRA,APAC,356,88,751993,10439821.48
2026-04-27,EXTRA,NA,837,310,1635287,24845241.46
2026-04-27,EXTRA,LATAM,192,70,374535,4661221.45
2026-04-27,EXTRA,EMEA,688,202,1078620,18375887.24
2026-04-28,PREMIUM,NA,719,189,893464,19090673.18
2026-04-28,PREMIUM,APAC,164,51,398443,8692575.51
2026-04-28,PREMIUM,LATAM,130,33,217413,4082876.37
2026-04-28,PREMIUM,EMEA,488,100,677037,14833076.12
2026-04-28,ESSENTIAL,NA,2327,610,3661004,36573424.97
2026-04-28,ESSENTIAL,APAC,820,167,1359419,13838722.43
2026-04-28,ESSENTIAL,LATAM,392,160,612241,6933701.86
2026-04-28,ESSENTIAL,EMEA,1470,453,2682391,24129728.62
2026-04-28,EXTRA,APAC,555,167,659182,10845145.08
2026-04-28,EXTRA,NA,1279,272,1683032,24231778.70
2026-04-28,EXTRA,LATAM,260,69,351880,5526642.11
2026-04-28,EXTRA,EMEA,446,152,1084913,18545684.96
2026-04-29,PREMIUM,NA,585,164,905888,16241040.98
2026-04-29,PREMIUM,APAC,269,100,393118,8485039.27
2026-04-29,PREMIUM,LATAM,149,50,204989,3404392.52
2026-04-29,PREMIUM,EMEA,365,90,823754,12798511.46
2026-04-29,ESSENTIAL,NA,1537,619,3604062,29144970.86
2026-04-29,ESSENTIAL,APAC,970,173,1320660,14914270.80
2026-04-29,ESSENTIAL,LATAM,442,130,710573,7163152.18
2026-04-29,ESSENTIAL,EMEA,1509,528,2534056,25562199.71
2026-04-29,EXTRA,APAC,386,174,673067,9475808.58
2026-04-29,EXTRA,NA,1213,196,1534680,25484265.16
2026-04-29,EXTRA,LATAM,130,65,346399,5608802.30
2026-04-29,EXTRA,EMEA,891,183,1319013,18375887.24
2026-04-30,PREMIUM,NA,564,187,1008382,18662297.09
2026-04-30,PREMIUM,APAC,165,68,481858,8157770.59
2026-04-30,PREMIUM,LATAM,155,44,238711,3843411.48
2026-04-30,PREMIUM,EMEA,352,136,708367,14860570.24
2026-04-30,ESSENTIAL,NA,1734,796,2994453,31386891.69
2026-04-30,ESSENTIAL,APAC,727,243,1482872,14742183.06
2026-04-30,ESSENTIAL,LATAM,289,102,665354,6410268.32
2026-04-30,ESSENTIAL,EMEA,1265,499,2415388,24376706.39
2026-04-30,EXTRA,APAC,282,128,704491,10505549.63
2026-04-30,EXTRA,NA,1122,362,1609709,22902609.41
2026-04-30,EXTRA,LATAM,260,63,329225,5488300.69
2026-04-30,EXTRA,EMEA,775,292,1355512,17470299.36
