DATE_DAY,PAGE_CATEGORY,SEGMENT_ID,SESSIONS,UNIQUE_VISITORS,BOUNCE_RATE,AVG_DWELL_SEC,SIGNUPS
2025-11-01,product_ps5,1,15350,4824,0.295,111,109
2025-11-01,psplus,1,6482,4251,0.458,62,685
2025-11-01,product_ps5_pro,1,7046,4699,0.521,208,87
2025-11-01,home,1,19950,8880,0.444,156,70
2025-11-01,game_detail_spiderman2,1,5552,3443,0.362,118,79
2025-11-01,game_detail_astro,1,3876,1734,0.374,142,82
2025-11-01,game_detail_gta6,1,13373,6841,0.544,144,108
2025-11-01,support,1,5013,2091,0.395,224,88
2025-11-01,psplus,4,6402,5068,0.465,154,554
2025-11-01,product_ps5_pro,4,9935,6042,0.328,135,102
2025-11-01,product_ps5,4,12325,7016,0.291,112,113
2025-11-01,home,4,21488,10500,0.250,120,65
2025-11-01,game_detail_spiderman2,4,4950,2468,0.304,164,74
2025-11-01,game_detail_astro,4,3176,1610,0.356,153,114
2025-11-01,game_detail_gta6,4,18375,8633,0.338,167,84
2025-11-01,support,4,3958,1904,0.328,213,115
2025-11-01,product_ps5_pro,5,12479,4028,0.460,201,90
2025-11-01,product_ps5,5,9938,7800,0.250,105,95
2025-11-01,psplus,5,9136,4517,0.388,112,406
2025-11-01,home,5,15769,7836,0.508,131,60
2025-11-01,game_detail_spiderman2,5,4606,2695,0.439,125,60
2025-11-01,game_detail_astro,5,4164,1839,0.314,163,49
2025-11-01,game_detail_gta6,5,13869,6776,0.349,76,71
2025-11-01,support,5,4375,1627,0.306,87,55
2025-11-01,product_ps5,6,8988,5288,0.506,195,69
2025-11-01,psplus,6,7525,4863,0.423,158,613
2025-11-01,product_ps5_pro,6,8768,4446,0.399,90,89
2025-11-01,home,6,14944,7320,0.277,106,62
2025-11-01,game_detail_spiderman2,6,5426,3315,0.301,87,119
2025-11-01,game_detail_astro,6,3394,1503,0.511,99,101
2025-11-01,game_detail_gta6,6,16173,7541,0.327,62,105
2025-11-01,support,6,5121,2357,0.315,131,71
2025-11-01,psplus,2,9333,2851,0.420,206,638
2025-11-01,product_ps5_pro,2,10480,5934,0.399,127,77
2025-11-01,product_ps5,2,9375,6824,0.366,139,73
2025-11-01,home,2,19350,10020,0.424,215,56
2025-11-01,game_detail_spiderman2,2,4303,3623,0.284,214,67
2025-11-01,game_detail_gta6,2,15415,6123,0.527,45,93
2025-11-01,game_detail_astro,2,3081,2385,0.287,197,61
2025-11-01,support,2,4329,2664,0.394,167,88
2025-11-01,product_ps5_pro,3,6947,4136,0.288,138,74
2025-11-01,product_ps5,3,16075,5424,0.507,95,54
2025-11-01,home,3,18694,7332,0.525,162,87
2025-11-01,psplus,3,5593,3593,0.424,171,485
2025-11-01,game_detail_spiderman2,3,4062,3326,0.481,126,114
2025-11-01,game_detail_gta6,3,11667,10201,0.544,133,97
2025-11-01,game_detail_astro,3,3566,1612,0.399,108,96
2025-11-01,support,3,3483,2877,0.402,135,56
2025-11-02,product_ps5,1,10950,6488,0.475,127,83
2025-11-02,psplus,1,6679,4083,0.502,121,469
2025-11-02,product_ps5_pro,1,10757,5041,0.515,69,54
2025-11-02,home,1,13613,11976,0.357,128,101
2025-11-02,game_detail_spiderman2,1,5855,3769,0.377,102,112
2025-11-02,game_detail_astro,1,4018,2424,0.535,123,51
2025-11-02,game_detail_gta6,1,13212,9296,0.421,69,115
2025-11-02,support,1,3821,2155,0.411,135,53
2025-11-02,psplus,4,7933,3691,0.508,165,378
2025-11-02,product_ps5_pro,4,7303,6593,0.347,133,81
2025-11-02,product_ps5,4,10613,7824,0.353,96,74
2025-11-02,home,4,18263,7800,0.534,194,92
2025-11-02,game_detail_spiderman2,4,7339,2827,0.483,58,93
2025-11-02,game_detail_astro,4,3485,2450,0.392,65,67
2025-11-02,game_detail_gta6,4,18608,5889,0.390,218,56
2025-11-02,support,4,5142,2691,0.480,156,57
2025-11-02,product_ps5_pro,5,7541,6086,0.330,45,58
2025-11-02,product_ps5,5,16063,7200,0.340,135,111
2025-11-02,psplus,5,6759,4004,0.353,141,622
2025-11-02,home,5,24263,7584,0.402,139,80
2025-11-02,game_detail_spiderman2,5,6594,2625,0.499,93,99
2025-11-02,game_detail_astro,5,4262,2256,0.532,58,114
2025-11-02,game_detail_gta6,5,14044,8101,0.260,135,90
2025-11-02,support,5,3083,1635,0.544,92,106
2025-11-02,product_ps5,6,11588,5352,0.331,146,91
2025-11-02,psplus,6,7270,4858,0.342,182,665
2025-11-02,product_ps5_pro,6,7491,6321,0.368,101,102
2025-11-02,home,6,15263,7620,0.511,111,109
2025-11-02,game_detail_spiderman2,6,4835,2779,0.351,149,80
2025-11-02,game_detail_astro,6,2654,2021,0.391,73,103
2025-11-02,game_detail_gta6,6,11025,6496,0.530,54,62
2025-11-02,support,6,3604,2072,0.468,165,75
2025-11-02,psplus,2,6373,3234,0.418,49,450
2025-11-02,product_ps5_pro,2,12399,5345,0.254,111,65
2025-11-02,product_ps5,2,9025,4992,0.460,180,110
2025-11-02,home,2,19088,8160,0.393,54,113
2025-11-02,game_detail_spiderman2,2,4618,3282,0.356,145,53
2025-11-02,game_detail_gta6,2,10879,9175,0.482,120,89
2025-11-02,game_detail_astro,2,4597,2532,0.455,160,117
2025-11-02,support,2,5271,2632,0.545,206,94
2025-11-02,product_ps5_pro,3,9985,4288,0.542,110,78
2025-11-02,product_ps5,3,12225,4984,0.504,47,85
2025-11-02,home,3,15638,10236,0.368,56,98
2025-11-02,psplus,3,6861,4583,0.285,135,734
2025-11-02,game_detail_spiderman2,3,6354,2974,0.540,106,100
2025-11-02,game_detail_gta6,3,10354,8297,0.416,100,104
2025-11-02,game_detail_astro,3,3631,2546,0.536,48,119
2025-11-02,support,3,4108,2533,0.258,212,109
2025-11-03,product_ps5,1,13000,6464,0.400,58,102
2025-11-03,psplus,1,5320,3677,0.282,96,638
2025-11-03,product_ps5_pro,1,9666,4408,0.404,56,95
2025-11-03,home,1,18060,11652,0.534,139,107
2025-11-03,game_detail_spiderman2,1,5601,2732,0.542,57,62
2025-11-03,game_detail_astro,1,3777,1988,0.516,193,71
2025-11-03,game_detail_gta6,1,9508,9940,0.282,197,116
2025-11-03,support,1,3367,2683,0.407,191,63
2025-11-03,psplus,4,6358,3761,0.488,52,478
2025-11-03,product_ps5_pro,4,8320,4509,0.269,55,76
2025-11-03,product_ps5,4,11950,8144,0.257,186,72
2025-11-03,home,4,17820,7908,0.380,169,97
2025-11-03,game_detail_spiderman2,4,3955,2625,0.313,61,76
2025-11-03,game_detail_astro,4,3415,1822,0.418,116,93
2025-11-03,game_detail_gta6,4,11352,9912,0.346,64,90
2025-11-03,support,4,3697,2325,0.412,158,114
2025-11-03,product_ps5_pro,5,8534,5041,0.397,192,63
2025-11-03,product_ps5,5,10410,6712,0.381,136,83
2025-11-03,psplus,5,6691,2945,0.508,55,644
2025-11-03,home,5,15285,9480,0.370,59,114
2025-11-03,game_detail_spiderman2,5,4024,3014,0.350,158,77
2025-11-03,game_detail_astro,5,2441,2249,0.286,121,95
2025-11-03,game_detail_gta6,5,14583,6216,0.467,192,105
2025-11-03,support,5,2970,2304,0.513,181,58
2025-11-03,product_ps5,6,10890,8656,0.504,213,72
2025-11-03,psplus,6,6755,3220,0.403,178,781
2025-11-03,product_ps5_pro,6,8186,4117,0.254,222,91
2025-11-03,home,6,17325,11916,0.412,190,90
2025-11-03,game_detail_spiderman2,6,4913,2295,0.284,85,108
2025-11-03,game_detail_astro,6,2675,1505,0.348,134,107
2025-11-03,game_detail_gta6,6,13802,8671,0.342,69,107
2025-11-03,support,6,4147,2021,0.471,196,109
2025-11-03,psplus,2,4900,4009,0.402,99,704
2025-11-03,product_ps5_pro,2,9041,6853,0.467,59,67
2025-11-03,product_ps5,2,11570,8352,0.448,168,61
2025-11-03,home,2,13050,11676,0.521,166,49
2025-11-03,game_detail_spiderman2,2,4166,3744,0.470,101,85
2025-11-03,game_detail_gta6,2,8832,8605,0.540,204,81
2025-11-03,game_detail_astro,2,3684,2081,0.270,211,117
2025-11-03,support,2,3660,2205,0.384,162,53
2025-11-03,product_ps5_pro,3,7133,6245,0.546,174,72
2025-11-03,product_ps5,3,11450,4816,0.303,176,72
2025-11-03,home,3,12735,9468,0.498,124,79
2025-11-03,psplus,3,6965,5133,0.298,186,720
2025-11-03,game_detail_spiderman2,3,4808,3403,0.336,137,86
2025-11-03,game_detail_gta6,3,14117,7103,0.525,162,60
2025-11-03,game_detail_astro,3,3293,2385,0.422,169,82
2025-11-03,support,3,3717,2085,0.293,194,63
2025-11-04,product_ps5,1,10700,8496,0.401,71,79
2025-11-04,psplus,1,5833,4284,0.380,195,536
2025-11-04,product_ps5_pro,1,9318,6739,0.327,164,105
2025-11-04,home,1,15750,7800,0.388,97,106
2025-11-04,game_detail_spiderman2,1,4363,3483,0.293,137,120
2025-11-04,game_detail_astro,1,3092,1792,0.407,211,82
2025-11-04,game_detail_gta6,1,13347,8176,0.284,201,70
2025-11-04,support,1,4043,2333,0.529,156,79
2025-11-04,psplus,4,6469,4265,0.441,135,355
2025-11-04,product_ps5_pro,4,9595,4484,0.283,218,88
2025-11-04,product_ps5,4,8550,6496,0.260,98,89
2025-11-04,home,4,17100,12732,0.498,88,114
2025-11-04,game_detail_spiderman2,4,5954,4022,0.487,112,108
2025-11-04,game_detail_astro,4,2762,2007,0.352,214,98
2025-11-04,game_detail_gta6,4,13183,9137,0.416,70,108
2025-11-04,support,4,3413,2101,0.275,207,91
2025-11-04,product_ps5_pro,5,9247,5358,0.421,151,87
2025-11-04,product_ps5,5,8790,6448,0.418,184,65
2025-11-04,psplus,5,4223,3369,0.382,81,566
2025-11-04,home,5,14565,8340,0.359,112,110
2025-11-04,game_detail_spiderman2,5,5032,2453,0.385,66,96
2025-11-04,game_detail_astro,5,2415,1594,0.251,172,100
2025-11-04,game_detail_gta6,5,11025,10024,0.548,117,81
2025-11-04,support,5,2440,2904,0.520,223,118
2025-11-04,product_ps5,6,8880,8312,0.440,67,51
2025-11-04,psplus,6,5565,3337,0.511,86,696
2025-11-04,product_ps5_pro,6,10023,6688,0.426,52,114
2025-11-04,home,6,16875,8832,0.439,195,68
2025-11-04,game_detail_spiderman2,6,5734,2365,0.527,97,104
2025-11-04,game_detail_astro,6,3634,2100,0.518,150,50
2025-11-04,game_detail_gta6,6,14327,7887,0.457,153,67
2025-11-04,support,6,3567,2933,0.324,104,68
2025-11-04,psplus,2,6737,4186,0.518,99,777
2025-11-04,product_ps5_pro,2,9706,5865,0.543,65,93
2025-11-04,product_ps5,2,12790,5424,0.339,109,57
2025-11-04,home,2,11730,7212,0.354,166,101
2025-11-04,game_detail_spiderman2,2,4020,2614,0.279,49,51
2025-11-04,game_detail_gta6,2,8715,7084,0.312,58,100
2025-11-04,game_detail_astro,2,2896,2548,0.284,197,109
2025-11-04,support,2,2400,2544,0.432,216,65
2025-11-04,product_ps5_pro,3,8566,6251,0.297,127,70
2025-11-04,product_ps5,3,11950,4904,0.305,64,119
2025-11-04,home,3,16125,9216,0.464,219,61
2025-11-04,psplus,3,6621,3215,0.397,87,558
2025-11-04,game_detail_spiderman2,3,5679,3150,0.382,223,86
2025-11-04,game_detail_gta6,3,12273,7476,0.269,90,76
2025-11-04,game_detail_astro,3,3375,2175,0.439,180,89
2025-11-04,support,3,3243,2059,0.378,77,65
2025-11-05,product_ps5,1,11170,6536,0.425,208,70
2025-11-05,psplus,1,5238,2884,0.410,196,490
2025-11-05,product_ps5_pro,1,10252,4991,0.418,91,66
2025-11-05,home,1,16680,11616,0.260,156,111
2025-11-05,game_detail_spiderman2,1,3754,2640,0.535,84,80
2025-11-05,game_detail_astro,1,2966,1661,0.478,187,78
2025-11-05,game_detail_gta6,1,9042,7271,0.548,220,102
2025-11-05,support,1,4253,1792,0.268,120,106
2025-11-05,psplus,4,4340,4550,0.438,127,778
2025-11-05,product_ps5_pro,4,6175,5846,0.369,144,71
2025-11-05,product_ps5,4,8760,6024,0.365,80,94
2025-11-05,home,4,12180,8100,0.484,104,51
2025-11-05,game_detail_spiderman2,4,4006,3271,0.411,140,99
2025-11-05,game_detail_astro,4,3427,1911,0.348,120,58
2025-11-05,game_detail_gta6,4,15003,9781,0.447,122,107
2025-11-05,support,4,4233,2424,0.304,132,90
2025-11-05,product_ps5_pro,5,8012,4262,0.379,148,75
2025-11-05,product_ps5,5,8730,5400,0.313,54,76
2025-11-05,psplus,5,7484,4671,0.505,183,514
2025-11-05,home,5,17910,8388,0.277,116,77
2025-11-05,game_detail_spiderman2,5,5573,2871,0.535,51,80
2025-11-05,game_detail_astro,5,3576,2487,0.259,167,51
2025-11-05,game_detail_gta6,5,9858,9669,0.519,165,118
2025-11-05,support,5,2783,1989,0.483,185,118
2025-11-05,product_ps5,6,7720,5656,0.507,198,67
2025-11-05,psplus,6,4112,5087,0.341,183,447
2025-11-05,product_ps5_pro,6,8297,5415,0.489,212,53
2025-11-05,home,6,16815,8124,0.313,107,109
2025-11-05,game_detail_spiderman2,6,3561,2757,0.410,153,50
2025-11-05,game_detail_astro,6,3576,1575,0.548,221,97
2025-11-05,game_detail_gta6,6,9462,6785,0.431,52,72
2025-11-05,support,6,4043,2525,0.348,137,60
2025-11-05,psplus,2,4486,3234,0.438,208,594
2025-11-05,product_ps5_pro,2,8590,3901,0.535,90,84
2025-11-05,product_ps5,2,9520,8112,0.264,159,99
2025-11-05,home,2,14085,10656,0.465,133,93
2025-11-05,game_detail_spiderman2,2,4469,3428,0.506,193,75
2025-11-05,game_detail_gta6,2,8843,10248,0.328,106,96
2025-11-05,game_detail_astro,2,2526,1780,0.304,173,65
2025-11-05,support,2,4280,1883,0.437,141,83
2025-11-05,product_ps5_pro,3,8439,3838,0.254,90,63
2025-11-05,product_ps5,3,8140,8280,0.264,167,64
2025-11-05,home,3,13080,13080,0.526,147,61
2025-11-05,psplus,3,6498,4634,0.407,161,602
2025-11-05,game_detail_spiderman2,3,5468,3912,0.351,213,97
2025-11-05,game_detail_gta6,3,11422,8129,0.480,184,93
2025-11-05,game_detail_astro,3,2613,2261,0.347,95,80
2025-11-05,support,3,3983,2475,0.431,139,59
2025-11-06,product_ps5,1,9590,4896,0.348,100,67
2025-11-06,psplus,1,4357,4499,0.269,208,682
2025-11-06,product_ps5_pro,1,6373,6941,0.357,148,56
2025-11-06,home,1,18285,8148,0.271,86,67
2025-11-06,game_detail_spiderman2,1,3447,3230,0.275,115,49
2025-11-06,game_detail_astro,1,2978,2417,0.511,209,61
2025-11-06,game_detail_gta6,1,8902,7523,0.275,94,69
2025-11-06,support,1,4137,1984,0.480,45,97
2025-11-06,psplus,4,7531,4793,0.343,217,798
2025-11-06,product_ps5_pro,4,7695,5168,0.526,56,115
2025-11-06,product_ps5,4,11240,5936,0.550,117,59
2025-11-06,home,4,10755,9852,0.332,160,102
2025-11-06,game_detail_spiderman2,4,3451,2398,0.508,205,96
2025-11-06,game_detail_astro,4,2680,1876,0.350,55,114
2025-11-06,game_detail_gta6,4,14758,6739,0.366,153,88
2025-11-06,support,4,3003,2091,0.423,135,58
2025-11-06,product_ps5_pro,5,9057,6124,0.549,177,78
2025-11-06,product_ps5,5,8070,6744,0.485,199,59
2025-11-06,psplus,5,7216,3127,0.250,164,404
2025-11-06,home,5,15600,13152,0.405,219,74
2025-11-06,game_detail_spiderman2,5,3657,3234,0.513,51,72
2025-11-06,game_detail_astro,5,2514,1570,0.318,79,83
2025-11-06,game_detail_gta6,5,8622,10033,0.499,203,90
2025-11-06,support,5,2350,2483,0.383,120,102
2025-11-06,product_ps5,6,8270,7632,0.544,208,49
2025-11-06,psplus,6,7321,4723,0.509,60,622
2025-11-06,product_ps5_pro,6,9025,4104,0.322,137,97
2025-11-06,home,6,12495,10512,0.412,46,93
2025-11-06,game_detail_spiderman2,6,5711,2545,0.279,145,53
2025-11-06,game_detail_astro,6,2937,2284,0.499,95,101
2025-11-06,game_detail_gta6,6,10500,8447,0.260,114,95
2025-11-06,support,6,4060,1667,0.350,167,88
2025-11-06,psplus,2,4346,3691,0.281,87,546
2025-11-06,product_ps5_pro,2,9848,4820,0.306,192,114
2025-11-06,product_ps5,2,8710,6704,0.295,112,86
2025-11-06,home,2,13440,7752,0.354,211,62
2025-11-06,game_detail_spiderman2,2,3217,2383,0.483,78,81
2025-11-06,game_detail_gta6,2,9193,10043,0.282,52,57
2025-11-06,game_detail_astro,2,2225,1717,0.418,222,113
2025-11-06,support,2,2407,2107,0.483,111,120
2025-11-06,product_ps5_pro,3,7735,4053,0.297,146,77
2025-11-06,product_ps5,3,8650,5544,0.501,97,72
2025-11-06,home,3,17610,11136,0.536,193,105
2025-11-06,psplus,3,7262,4849,0.448,224,438
2025-11-06,game_detail_spiderman2,3,5005,2512,0.324,105,66
2025-11-06,game_detail_gta6,3,11293,8148,0.466,139,54
2025-11-06,game_detail_astro,3,2762,2536,0.536,159,50
2025-11-06,support,3,3123,2885,0.367,188,76
2025-11-07,product_ps5,1,10640,5552,0.450,98,86
2025-11-07,psplus,1,7198,3197,0.353,178,407
2025-11-07,product_ps5_pro,1,41574,5358,0.318,83,90
2025-11-07,home,1,15795,7860,0.469,132,111
2025-11-07,game_detail_spiderman2,1,4185,3780,0.438,121,112
2025-11-07,game_detail_astro,1,2917,2035,0.416,90,106
2025-11-07,game_detail_gta6,1,14945,9837,0.449,50,107
2025-11-07,support,1,2997,2176,0.508,157,119
2025-11-07,psplus,4,7099,3411,0.550,167,560
2025-11-07,product_ps5_pro,4,30032,6181,0.350,198,119
2025-11-07,product_ps5,4,11810,8016,0.295,174,58
2025-11-07,home,4,18870,11760,0.481,187,84
2025-11-07,game_detail_spiderman2,4,5239,3142,0.339,182,79
2025-11-07,game_detail_astro,4,3354,1948,0.308,176,54
2025-11-07,game_detail_gta6,4,11608,8120,0.384,66,69
2025-11-07,support,4,2400,2515,0.398,121,108
2025-11-07,product_ps5_pro,5,40719,4161,0.339,49,99
2025-11-07,product_ps5,5,12970,5136,0.344,149,61
2025-11-07,psplus,5,4241,4620,0.511,183,514
2025-11-07,home,5,12000,11844,0.533,54,76
2025-11-07,game_detail_spiderman2,5,5587,3700,0.540,129,59
2025-11-07,game_detail_astro,5,3235,1405,0.544,76,69
2025-11-07,game_detail_gta6,5,13685,8867,0.351,75,50
2025-11-07,support,5,3253,1955,0.476,123,95
2025-11-07,product_ps5,6,9570,7056,0.422,163,102
2025-11-07,psplus,6,4824,4489,0.432,103,442
2025-11-07,product_ps5_pro,6,27360,4098,0.547,128,84
2025-11-07,home,6,13695,7596,0.277,141,86
2025-11-07,game_detail_spiderman2,6,5243,3040,0.353,54,85
2025-11-07,game_detail_astro,6,3506,2021,0.370,127,53
2025-11-07,game_detail_gta6,6,10675,7952,0.375,96,92
2025-11-07,support,6,4253,2235,0.339,178,94
2025-11-07,psplus,2,4095,4998,0.401,188,784
2025-11-07,product_ps5_pro,2,24938,6080,0.416,61,63
2025-11-07,product_ps5,2,11870,6824,0.432,49,87
2025-11-07,home,2,12510,10548,0.509,163,82
2025-11-07,game_detail_spiderman2,2,4620,2259,0.369,57,69
2025-11-07,game_detail_gta6,2,11923,10211,0.447,66,71
2025-11-07,game_detail_astro,2,2651,2116,0.492,149,88
2025-11-07,support,2,3493,2680,0.390,219,84
2025-11-07,product_ps5_pro,3,40506,5333,0.294,73,51
2025-11-07,product_ps5,3,10100,6480,0.354,87,108
2025-11-07,home,3,10770,11256,0.285,111,75
2025-11-07,psplus,3,4766,3225,0.535,184,738
2025-11-07,game_detail_spiderman2,3,4547,2354,0.466,123,115
2025-11-07,game_detail_gta6,3,9730,6851,0.394,194,66
2025-11-07,game_detail_astro,3,3354,1995,0.497,121,51
2025-11-07,support,3,3900,1800,0.442,65,54
2025-11-08,product_ps5,1,13138,8408,0.363,50,63
2025-11-08,psplus,1,5389,5115,0.282,69,653
2025-11-08,product_ps5_pro,1,7412,4902,0.549,174,79
2025-11-08,home,1,22988,12480,0.282,85,79
2025-11-08,game_detail_spiderman2,1,5489,2988,0.327,137,71
2025-11-08,game_detail_astro,1,3453,2448,0.447,187,66
2025-11-08,game_detail_gta6,1,12323,9828,0.297,153,109
2025-11-08,support,1,3425,2165,0.510,61,109
2025-11-08,psplus,4,6759,3481,0.298,71,731
2025-11-08,product_ps5_pro,4,11271,6656,0.321,203,115
2025-11-08,product_ps5,4,15413,7248,0.512,133,83
2025-11-08,home,4,24094,9396,0.537,137,99
2025-11-08,game_detail_spiderman2,4,7161,2468,0.308,74,53
2025-11-08,game_detail_astro,4,2793,2277,0.484,206,73
2025-11-08,game_detail_gta6,4,16844,9455,0.335,111,73
2025-11-08,support,4,3717,2253,0.496,168,103
2025-11-08,product_ps5_pro,5,7323,5244,0.253,211,49
2025-11-08,product_ps5,5,11113,6864,0.401,65,67
2025-11-08,psplus,5,8976,4340,0.258,58,480
2025-11-08,home,5,15356,9984,0.250,219,112
2025-11-08,game_detail_spiderman2,5,6359,3832,0.372,205,56
2025-11-08,game_detail_astro,5,3912,2319,0.367,89,70
2025-11-08,game_detail_gta6,5,13154,8036,0.301,81,118
2025-11-08,support,5,4992,2637,0.328,125,57
2025-11-08,product_ps5,6,9938,8624,0.407,171,72
2025-11-08,psplus,6,5513,2959,0.258,168,573
2025-11-08,product_ps5_pro,6,8778,4965,0.313,117,60
2025-11-08,home,6,23588,7296,0.529,145,118
2025-11-08,game_detail_spiderman2,6,6480,3388,0.529,132,100
2025-11-08,game_detail_astro,6,4298,2541,0.322,60,81
2025-11-08,game_detail_gta6,6,16508,5889,0.515,113,117
2025-11-08,support,6,3571,2459,0.411,103,86
2025-11-08,psplus,2,6431,3337,0.258,97,648
2025-11-08,product_ps5_pro,2,12647,6384,0.419,215,86
2025-11-08,product_ps5,2,9288,8176,0.503,100,113
2025-11-08,home,2,21956,8016,0.380,135,85
2025-11-08,game_detail_spiderman2,2,7018,3619,0.399,175,82
2025-11-08,game_detail_gta6,2,14262,6711,0.282,160,60
2025-11-08,game_detail_astro,2,2603,1561,0.393,191,62
2025-11-08,support,2,3821,2227,0.374,154,88
2025-11-08,product_ps5_pro,3,10232,5586,0.534,112,119
2025-11-08,product_ps5,3,13063,5048,0.352,102,107
2025-11-08,home,3,22331,12660,0.530,124,87
2025-11-08,psplus,3,8575,3528,0.408,126,794
2025-11-08,game_detail_spiderman2,3,7213,3905,0.547,193,55
2025-11-08,game_detail_gta6,3,13110,10183,0.259,130,108
2025-11-08,game_detail_astro,3,3135,2238,0.547,83,67
2025-11-08,support,3,4554,2669,0.334,174,107
2025-11-09,product_ps5,1,13463,8448,0.504,159,60
2025-11-09,psplus,1,8728,4545,0.463,95,609
2025-11-09,product_ps5_pro,1,7145,5352,0.266,103,67
2025-11-09,home,1,24094,13056,0.254,165,56
2025-11-09,game_detail_spiderman2,1,6153,3835,0.419,58,117
2025-11-09,game_detail_astro,1,4309,1860,0.507,111,117
2025-11-09,game_detail_gta6,1,15137,7131,0.521,160,87
2025-11-09,support,1,3883,2637,0.401,71,107
2025-11-09,psplus,4,8692,3201,0.481,126,477
2025-11-09,product_ps5_pro,4,10391,5960,0.467,155,63
2025-11-09,product_ps5,4,15763,7368,0.543,49,104
2025-11-09,home,4,13763,7716,0.450,54,100
2025-11-09,game_detail_spiderman2,4,4022,3186,0.460,216,77
2025-11-09,game_detail_astro,4,4058,1470,0.468,163,83
2025-11-09,game_detail_gta6,4,11331,9249,0.450,107,99
2025-11-09,support,4,3775,2536,0.423,207,84
2025-11-09,product_ps5_pro,5,10143,4927,0.453,175,51
2025-11-09,product_ps5,5,12738,5680,0.538,180,59
2025-11-09,psplus,5,6475,4307,0.310,140,362
2025-11-09,home,5,19200,10908,0.537,139,98
2025-11-09,game_detail_spiderman2,5,6709,3458,0.291,198,64
2025-11-09,game_detail_astro,5,4320,1972,0.475,144,63
2025-11-09,game_detail_gta6,5,16202,9707,0.518,104,89
2025-11-09,support,5,5308,1680,0.525,123,55
2025-11-09,product_ps5,6,13500,8216,0.323,109,77
2025-11-09,psplus,6,8086,5054,0.380,78,786
2025-11-09,product_ps5_pro,6,7778,5447,0.342,209,116
2025-11-09,home,6,13969,8700,0.422,216,69
2025-11-09,game_detail_spiderman2,6,6503,2354,0.462,208,77
2025-11-09,game_detail_astro,6,2745,1930,0.533,78,52
2025-11-09,game_detail_gta6,6,12994,9436,0.423,145,71
2025-11-09,support,6,3192,1787,0.453,152,66
2025-11-09,psplus,2,6592,4844,0.324,73,337
2025-11-09,product_ps5_pro,2,7531,5763,0.549,61,56
2025-11-09,product_ps5,2,12750,6304,0.510,132,61
2025-11-09,home,2,13369,10296,0.307,81,117
2025-11-09,game_detail_spiderman2,2,4371,2974,0.351,160,55
2025-11-09,game_detail_gta6,2,15196,8587,0.365,73,96
2025-11-09,game_detail_astro,2,2702,2324,0.403,185,64
2025-11-09,support,2,4779,2032,0.507,188,81
2025-11-09,product_ps5_pro,3,10024,3889,0.287,161,91
2025-11-09,product_ps5,3,10563,5744,0.490,169,100
2025-11-09,home,3,24338,12876,0.486,126,57
2025-11-09,psplus,3,7503,3197,0.372,50,534
2025-11-09,game_detail_spiderman2,3,4377,2702,0.298,221,111
2025-11-09,game_detail_gta6,3,14350,7859,0.469,185,50
2025-11-09,game_detail_astro,3,3835,2088,0.292,83,119
2025-11-09,support,3,3338,2411,0.528,182,77
2025-11-10,product_ps5,1,9680,6400,0.380,202,87
2025-11-10,psplus,1,6679,3575,0.424,97,333
2025-11-10,product_ps5_pro,1,7845,6612,0.465,107,114
2025-11-10,home,1,13635,9360,0.542,171,53
2025-11-10,game_detail_spiderman2,1,3763,2292,0.544,79,70
2025-11-10,game_detail_astro,1,3707,1997,0.541,102,48
2025-11-10,game_detail_gta6,1,12075,9371,0.476,192,110
2025-11-10,support,1,2517,2464,0.355,77,86
2025-11-10,psplus,4,6148,3220,0.382,70,726
2025-11-10,product_ps5_pro,4,9168,5307,0.314,202,112
2025-11-10,product_ps5,4,7950,8528,0.466,109,117
2025-11-10,home,4,19395,12372,0.529,222,108
2025-11-10,game_detail_spiderman2,4,4363,2754,0.395,141,111
2025-11-10,game_detail_astro,4,3290,1580,0.288,74,74
2025-11-10,game_detail_gta6,4,13895,7187,0.529,214,80
2025-11-10,support,4,3877,2413,0.503,214,53
2025-11-10,product_ps5_pro,5,7592,6061,0.366,179,102
2025-11-10,product_ps5,5,9580,6880,0.531,108,79
2025-11-10,psplus,5,6055,4373,0.454,71,602
2025-11-10,home,5,13050,12996,0.284,199,115
2025-11-10,game_detail_spiderman2,5,5074,2490,0.330,162,119
2025-11-10,game_detail_astro,5,3792,2434,0.397,72,109
2025-11-10,game_detail_gta6,5,10057,5843,0.321,130,111
2025-11-10,support,5,3480,2488,0.338,94,91
2025-11-10,product_ps5,6,9260,6224,0.426,224,83
2025-11-10,psplus,6,7204,4797,0.269,188,362
2025-11-10,product_ps5_pro,6,6523,4788,0.533,195,51
2025-11-10,home,6,12300,11784,0.362,78,90
2025-11-10,game_detail_spiderman2,6,5042,3993,0.254,64,104
2025-11-10,game_detail_astro,6,2170,1472,0.459,164,56
2025-11-10,game_detail_gta6,6,9158,5992,0.347,169,75
2025-11-10,support,6,2430,2053,0.268,183,69
2025-11-10,psplus,2,5413,4223,0.273,112,344
2025-11-10,product_ps5_pro,2,8344,6403,0.277,56,75
2025-11-10,product_ps5,2,9020,8384,0.509,90,85
2025-11-10,home,2,10605,12456,0.388,103,114
2025-11-10,game_detail_spiderman2,2,5257,2600,0.524,69,56
2025-11-10,game_detail_gta6,2,12518,8531,0.344,187,57
2025-11-10,game_detail_astro,2,3165,1925,0.331,219,65
2025-11-10,support,2,3140,2099,0.387,187,55
2025-11-10,product_ps5_pro,3,6555,5776,0.347,62,99
2025-11-10,product_ps5,3,8770,8504,0.390,186,108
2025-11-10,home,3,12405,11160,0.533,166,114
2025-11-10,psplus,3,4212,4452,0.544,166,652
2025-11-10,game_detail_spiderman2,3,5734,2413,0.407,223,98
2025-11-10,game_detail_gta6,3,14058,8148,0.506,72,61
2025-11-10,game_detail_astro,3,2441,1563,0.426,98,75
2025-11-10,support,3,4327,1976,0.339,128,116
2025-11-11,product_ps5,1,9000,7400,0.295,158,88
2025-11-11,psplus,1,6516,4555,0.513,215,682
2025-11-11,product_ps5_pro,1,6761,5345,0.539,147,107
2025-11-11,home,1,16065,11640,0.527,69,69
2025-11-11,game_detail_spiderman2,1,3570,3777,0.393,125,105
2025-11-11,game_detail_astro,1,3063,2450,0.528,104,66
2025-11-11,game_detail_gta6,1,14385,8195,0.427,111,65
2025-11-11,support,1,3000,2360,0.416,150,73
2025-11-11,psplus,4,7105,5115,0.266,190,651
2025-11-11,product_ps5_pro,4,6959,3958,0.500,217,93
2025-11-11,product_ps5,4,9760,7704,0.341,115,105
2025-11-11,home,4,15465,9540,0.333,211,91
2025-11-11,game_detail_spiderman2,4,3676,2237,0.454,196,66
2025-11-11,game_detail_astro,4,3343,1934,0.544,222,102
2025-11-11,game_detail_gta6,4,8820,8083,0.387,68,111
2025-11-11,support,4,4307,2227,0.546,171,78
2025-11-11,product_ps5_pro,5,6215,5941,0.508,169,114
2025-11-11,product_ps5,5,8300,5512,0.268,113,107
2025-11-11,psplus,5,6627,2931,0.479,174,680
2025-11-11,home,5,17430,9696,0.533,224,60
2025-11-11,game_detail_spiderman2,5,4033,3373,0.534,63,70
2025-11-11,game_detail_astro,5,3124,2149,0.474,156,49
2025-11-11,game_detail_gta6,5,8295,8727,0.494,98,49
2025-11-11,support,5,2703,2651,0.385,130,72
2025-11-11,product_ps5,6,7630,5720,0.431,167,51
2025-11-11,psplus,6,5005,3803,0.540,100,465
2025-11-11,product_ps5_pro,6,6389,4946,0.414,113,70
2025-11-11,home,6,14640,9924,0.258,161,114
2025-11-11,game_detail_spiderman2,6,5207,2963,0.279,125,114
2025-11-11,game_detail_astro,6,2468,1622,0.393,198,120
2025-11-11,game_detail_gta6,6,9403,9707,0.514,201,100
2025-11-11,support,6,2840,2581,0.541,146,77
2025-11-11,psplus,2,7146,3561,0.502,158,530
2025-11-11,product_ps5_pro,2,5668,5485,0.452,205,80
2025-11-11,product_ps5,2,8210,6152,0.421,222,85
2025-11-11,home,2,14340,11844,0.271,208,60
2025-11-11,game_detail_spiderman2,2,4799,3916,0.344,194,63
2025-11-11,game_detail_gta6,2,10232,9763,0.379,69,91
2025-11-11,game_detail_astro,2,3590,2548,0.442,168,85
2025-11-11,support,2,3420,2016,0.333,204,49
2025-11-11,product_ps5_pro,3,8091,6428,0.354,112,77
2025-11-11,product_ps5,3,9240,8784,0.301,113,102
2025-11-11,home,3,12210,8820,0.493,62,60
2025-11-11,psplus,3,7560,3015,0.436,136,366
2025-11-11,game_detail_spiderman2,3,5729,2735,0.512,60,107
2025-11-11,game_detail_gta6,3,11585,6337,0.423,152,104
2025-11-11,game_detail_astro,3,3582,1995,0.396,192,89
2025-11-11,support,3,3783,2709,0.326,132,108
2025-11-12,product_ps5,1,7010,7584,0.456,204,99
2025-11-12,psplus,1,6522,3626,0.287,135,766
2025-11-12,product_ps5_pro,1,8067,6004,0.269,120,108
2025-11-12,home,1,18600,11880,0.253,141,107
2025-11-12,game_detail_spiderman2,1,5092,3615,0.341,167,99
2025-11-12,game_detail_astro,1,3415,1925,0.492,201,96
2025-11-12,game_detail_gta6,1,14198,7224,0.334,98,94
2025-11-12,support,1,3057,2344,0.425,58,120
2025-11-12,psplus,4,4579,4377,0.365,114,770
2025-11-12,product_ps5_pro,4,5811,5276,0.257,53,50
2025-11-12,product_ps5,4,7700,8208,0.526,211,85
2025-11-12,home,4,10575,10968,0.371,173,112
2025-11-12,game_detail_spiderman2,4,4327,2889,0.445,85,65
2025-11-12,game_detail_astro,4,3436,2154,0.356,155,50
2025-11-12,game_detail_gta6,4,13125,8484,0.422,142,66
2025-11-12,support,4,2413,2027,0.397,128,86
2025-11-12,product_ps5_pro,5,7806,4864,0.282,202,119
2025-11-12,product_ps5,5,11480,5512,0.323,99,69
2025-11-12,psplus,5,7122,3789,0.545,224,677
2025-11-12,home,5,16275,11232,0.330,200,74
2025-11-12,game_detail_spiderman2,5,5303,3102,0.384,68,93
2025-11-12,game_detail_astro,5,2269,2238,0.349,55,50
2025-11-12,game_detail_gta6,5,8318,8475,0.310,101,56
2025-11-12,support,5,3787,2661,0.353,151,54
2025-11-12,product_ps5,6,9520,8496,0.313,175,72
2025-11-12,psplus,6,5804,4303,0.295,178,610
2025-11-12,product_ps5_pro,6,7006,5789,0.468,188,49
2025-11-12,home,6,17310,11316,0.374,191,110
2025-11-12,game_detail_spiderman2,6,5665,3432,0.343,169,99
2025-11-12,game_detail_astro,6,3585,1878,0.344,150,67
2025-11-12,game_detail_gta6,6,11912,7261,0.423,198,78
2025-11-12,support,6,2717,2779,0.278,132,54
2025-11-12,psplus,2,5962,3785,0.539,52,681
2025-11-12,product_ps5_pro,2,9809,4547,0.320,196,108
2025-11-12,product_ps5,2,7360,7792,0.512,183,77
2025-11-12,home,2,14490,12420,0.471,104,72
2025-11-12,game_detail_spiderman2,2,4817,3234,0.514,137,60
2025-11-12,game_detail_gta6,2,9217,7327,0.329,48,119
2025-11-12,game_detail_astro,2,2109,2371,0.454,137,105
2025-11-12,support,2,3107,2659,0.371,49,111
2025-11-12,product_ps5_pro,3,6975,5333,0.347,176,93
2025-11-12,product_ps5,3,9860,8128,0.525,172,75
2025-11-12,home,3,11160,11436,0.331,94,58
2025-11-12,psplus,3,6837,4466,0.480,205,594
2025-11-12,game_detail_spiderman2,3,4295,2567,0.303,103,107
2025-11-12,game_detail_gta6,3,14793,9025,0.489,57,105
2025-11-12,game_detail_astro,3,2153,1965,0.335,215,110
2025-11-12,support,3,3093,2261,0.417,184,80
2025-11-13,product_ps5,1,10110,7976,0.275,113,53
2025-11-13,psplus,1,7537,3911,0.341,149,362
2025-11-13,product_ps5_pro,1,7632,4117,0.334,68,105
2025-11-13,home,1,16890,7824,0.444,189,89
2025-11-13,game_detail_spiderman2,1,3309,3084,0.451,133,120
2025-11-13,game_detail_astro,1,3130,1727,0.541,123,81
2025-11-13,game_detail_gta6,1,9928,5964,0.364,208,93
2025-11-13,support,1,3903,2157,0.526,82,51
2025-11-13,psplus,4,6341,5026,0.277,183,382
2025-11-13,product_ps5_pro,4,8819,4801,0.436,170,60
2025-11-13,product_ps5,4,10060,7368,0.473,106,71
2025-11-13,home,4,12435,11520,0.341,77,72
2025-11-13,game_detail_spiderman2,4,5207,3395,0.334,162,76
2025-11-13,game_detail_astro,4,2902,1923,0.397,145,107
2025-11-13,game_detail_gta6,4,8388,6216,0.250,220,69
2025-11-13,support,4,3523,2877,0.262,70,110
2025-11-13,product_ps5_pro,5,6104,4275,0.416,178,68
2025-11-13,product_ps5,5,12470,6696,0.278,204,70
2025-11-13,psplus,5,4626,4237,0.354,151,643
2025-11-13,home,5,18510,10668,0.270,121,60
2025-11-13,game_detail_spiderman2,5,3217,3135,0.542,203,90
2025-11-13,game_detail_astro,5,3153,2333,0.401,172,114
2025-11-13,game_detail_gta6,5,14525,6869,0.508,116,70
2025-11-13,support,5,2880,2907,0.345,173,57
2025-11-13,product_ps5,6,12360,8192,0.439,184,112
2025-11-13,psplus,6,7192,3775,0.510,142,753
2025-11-13,product_ps5_pro,6,7853,3965,0.399,177,66
2025-11-13,home,6,17370,11364,0.456,138,62
2025-11-13,game_detail_spiderman2,6,5532,2963,0.448,136,82
2025-11-13,game_detail_astro,6,3485,2261,0.478,50,99
2025-11-13,game_detail_gta6,6,14793,7868,0.321,119,67
2025-11-13,support,6,4067,2813,0.389,206,77
2025-11-13,psplus,2,5302,4522,0.252,163,371
2025-11-13,product_ps5_pro,2,5874,4275,0.500,168,52
2025-11-13,product_ps5,2,9440,8056,0.521,196,92
2025-11-13,home,2,14115,10308,0.542,158,90
2025-11-13,game_detail_spiderman2,2,3914,3846,0.415,91,83
2025-11-13,game_detail_gta6,2,14175,10248,0.283,96,108
2025-11-13,game_detail_astro,2,3261,1981,0.536,106,97
2025-11-13,support,2,2727,2136,0.330,181,63
2025-11-13,product_ps5_pro,3,8510,3800,0.438,80,73
2025-11-13,product_ps5,3,10970,5704,0.452,220,90
2025-11-13,home,3,14340,11412,0.459,214,102
2025-11-13,psplus,3,4591,2959,0.307,223,334
2025-11-13,game_detail_spiderman2,3,4510,2314,0.364,60,77
2025-11-13,game_detail_gta6,3,8517,9025,0.535,222,86
2025-11-13,game_detail_astro,3,3022,2527,0.291,60,118
2025-11-13,support,3,2620,2053,0.344,166,51
2025-11-14,product_ps5,1,8510,5136,0.534,100,59
2025-11-14,psplus,1,5092,4149,0.287,116,351
2025-11-14,product_ps5_pro,1,9183,5472,0.353,75,74
2025-11-14,home,1,19065,9552,0.258,207,77
2025-11-14,game_detail_spiderman2,1,3891,3267,0.459,194,52
2025-11-14,game_detail_astro,1,2561,2193,0.546,159,52
2025-11-14,game_detail_gta6,1,8820,5861,0.350,62,107
2025-11-14,support,1,2960,2888,0.394,83,51
2025-11-14,psplus,4,4357,3001,0.260,202,677
2025-11-14,product_ps5_pro,4,7576,4161,0.453,159,65
2025-11-14,product_ps5,4,11740,5896,0.523,94,86
2025-11-14,home,4,18450,7548,0.407,95,102
2025-11-14,game_detail_spiderman2,4,5844,2915,0.416,204,74
2025-11-14,game_detail_astro,4,2984,2098,0.449,124,116
2025-11-14,game_detail_gta6,4,9123,8680,0.435,213,85
2025-11-14,support,4,3930,2720,0.419,123,64
2025-11-14,product_ps5_pro,5,7988,4237,0.357,149,93
2025-11-14,product_ps5,5,12590,7944,0.523,210,53
2025-11-14,psplus,5,7321,3892,0.449,98,524
2025-11-14,home,5,11010,11592,0.359,74,54
2025-11-14,game_detail_spiderman2,5,4203,3392,0.422,93,52
2025-11-14,game_detail_astro,5,2841,1787,0.341,168,66
2025-11-14,game_detail_gta6,5,12087,7803,0.305,160,79
2025-11-14,support,5,2993,1853,0.284,90,93
2025-11-14,product_ps5,6,10310,6056,0.437,223,111
2025-11-14,psplus,6,7058,5096,0.544,101,544
2025-11-14,product_ps5_pro,6,7434,4668,0.369,205,90
2025-11-14,home,6,17280,10488,0.273,67,51
2025-11-14,game_detail_spiderman2,6,4505,2919,0.422,150,107
2025-11-14,game_detail_astro,6,2246,1715,0.375,142,96
2025-11-14,game_detail_gta6,6,11783,9707,0.392,75,90
2025-11-14,support,6,3200,2040,0.527,97,75
2025-11-14,psplus,2,4567,3575,0.546,205,523
2025-11-14,product_ps5_pro,2,6183,5219,0.363,88,117
2025-11-14,product_ps5,2,11530,6128,0.265,48,95
2025-11-14,home,2,13635,13092,0.314,147,71
2025-11-14,game_detail_spiderman2,2,4881,2284,0.421,138,105
2025-11-14,game_detail_gta6,2,13802,6169,0.327,54,108
2025-11-14,game_detail_astro,2,2106,2490,0.542,148,60
2025-11-14,support,2,2943,2672,0.426,112,78
2025-11-14,product_ps5_pro,3,9152,4503,0.373,124,65
2025-11-14,product_ps5,3,8950,6888,0.437,78,111
2025-11-14,home,3,13710,10776,0.434,62,62
2025-11-14,psplus,3,5075,3859,0.383,53,342
2025-11-14,game_detail_spiderman2,3,4395,3139,0.356,48,49
2025-11-14,game_detail_gta6,3,8633,8260,0.269,212,85
2025-11-14,game_detail_astro,3,2465,2287,0.379,46,66
2025-11-14,support,3,3593,2443,0.500,125,120
2025-11-15,product_ps5,1,14063,5664,0.372,117,50
2025-11-15,psplus,1,8043,4746,0.281,62,341
2025-11-15,product_ps5_pro,1,10410,6834,0.473,153,86
2025-11-15,home,1,13669,11532,0.485,221,114
2025-11-15,game_detail_spiderman2,1,6411,2915,0.437,61,82
2025-11-15,game_detail_astro,1,3872,2506,0.394,163,76
2025-11-15,game_detail_gta6,1,17952,7933,0.381,200,86
2025-11-15,support,1,4488,2381,0.403,206,112
2025-11-15,psplus,4,8648,2833,0.439,100,340
2025-11-15,product_ps5_pro,4,11083,6587,0.379,215,100
2025-11-15,product_ps5,4,11063,8208,0.518,129,82
2025-11-15,home,4,22613,9420,0.289,88,89
2025-11-15,game_detail_spiderman2,4,6846,3623,0.531,57,68
2025-11-15,game_detail_astro,4,4433,2329,0.390,172,72
2025-11-15,game_detail_gta6,4,12965,8876,0.350,199,70
2025-11-15,support,4,4592,1651,0.466,162,67
2025-11-15,product_ps5_pro,5,7768,4047,0.467,53,55
2025-11-15,product_ps5,5,12075,5896,0.452,45,68
2025-11-15,psplus,5,9100,4321,0.269,84,502
2025-11-15,home,5,16088,8208,0.529,204,59
2025-11-15,game_detail_spiderman2,5,6634,3700,0.373,150,48
2025-11-15,game_detail_astro,5,4470,2077,0.363,87,73
2025-11-15,game_detail_gta6,5,13315,7140,0.462,134,73
2025-11-15,support,5,5008,2923,0.378,190,67
2025-11-15,product_ps5,6,15663,7080,0.467,80,91
2025-11-15,psplus,6,5928,3682,0.330,89,366
2025-11-15,product_ps5_pro,6,12182,5111,0.409,138,49
2025-11-15,home,6,18394,8676,0.255,101,97
2025-11-15,game_detail_spiderman2,6,4366,3755,0.384,221,99
2025-11-15,game_detail_astro,6,3438,1813,0.519,86,104
2025-11-15,game_detail_gta6,6,12075,8820,0.371,147,74
2025-11-15,support,6,5150,1629,0.437,49,104
2025-11-15,psplus,2,6548,3995,0.290,119,453
2025-11-15,product_ps5_pro,2,9797,6580,0.548,114,115
2025-11-15,product_ps5,2,14300,8000,0.422,224,116
2025-11-15,home,2,13594,9792,0.462,94,63
2025-11-15,game_detail_spiderman2,2,4555,2772,0.326,90,62
2025-11-15,game_detail_gta6,2,18637,5647,0.358,143,75
2025-11-15,game_detail_astro,2,3897,1976,0.371,67,54
2025-11-15,support,2,3596,2429,0.274,186,54
2025-11-15,product_ps5_pro,3,9322,4769,0.505,94,67
2025-11-15,product_ps5,3,16188,5520,0.454,173,55
2025-11-15,home,3,21413,12288,0.289,117,115
2025-11-15,psplus,3,8378,4919,0.518,70,751
2025-11-15,game_detail_spiderman2,3,4503,2926,0.286,62,85
2025-11-15,game_detail_gta6,3,14408,6197,0.476,106,79
2025-11-15,game_detail_astro,3,3245,2417,0.378,153,68
2025-11-15,support,3,4054,2248,0.524,194,60
2025-11-16,product_ps5,1,11188,6320,0.311,117,59
2025-11-16,psplus,1,7350,3561,0.499,70,526
2025-11-16,product_ps5_pro,1,8035,6732,0.453,156,95
2025-11-16,home,1,17625,10104,0.511,126,85
2025-11-16,game_detail_spiderman2,1,5981,3960,0.278,100,112
2025-11-16,game_detail_astro,1,4397,1465,0.487,186,107
2025-11-16,game_detail_gta6,1,13577,9949,0.373,109,108
2025-11-16,support,1,3558,1979,0.258,180,106
2025-11-16,psplus,4,7372,4219,0.416,85,719
2025-11-16,product_ps5_pro,4,11093,5808,0.370,159,117
2025-11-16,product_ps5,4,9575,6904,0.287,127,101
2025-11-16,home,4,21656,13152,0.538,99,51
2025-11-16,game_detail_spiderman2,4,6336,2933,0.266,208,86
2025-11-16,game_detail_astro,4,4481,1549,0.400,54,64
2025-11-16,game_detail_gta6,4,11667,6757,0.545,168,101
2025-11-16,support,4,3050,1760,0.380,189,116
2025-11-16,product_ps5_pro,5,12390,5846,0.344,52,77
2025-11-16,product_ps5,5,14800,8280,0.370,215,104
2025-11-16,psplus,5,6045,4471,0.492,167,512
2025-11-16,home,5,22894,12804,0.427,100,72
2025-11-16,game_detail_spiderman2,5,7035,3945,0.485,195,102
2025-11-16,game_detail_astro,5,2789,2457,0.488,154,119
2025-11-16,game_detail_gta6,5,14321,8409,0.426,165,82
2025-11-16,support,5,4575,2920,0.490,105,48
2025-11-16,product_ps5,6,14725,6784,0.547,149,86
2025-11-16,psplus,6,9363,3355,0.456,184,457
2025-11-16,product_ps5_pro,6,7264,6675,0.417,145,52
2025-11-16,home,6,22781,10692,0.353,217,102
2025-11-16,game_detail_spiderman2,6,4394,2222,0.447,212,114
2025-11-16,game_detail_astro,6,4696,1619,0.453,150,106
2025-11-16,game_detail_gta6,6,13650,7420,0.514,70,69
2025-11-16,support,6,4696,2173,0.424,220,54
2025-11-16,psplus,2,6971,3257,0.409,207,441
2025-11-16,product_ps5_pro,2,8728,6124,0.353,147,91
2025-11-16,product_ps5,2,15325,8776,0.262,55,69
2025-11-16,home,2,13650,8916,0.255,222,94
2025-11-16,game_detail_spiderman2,2,6732,2625,0.253,50,91
2025-11-16,game_detail_gta6,2,17894,6281,0.547,121,73
2025-11-16,game_detail_astro,2,4452,1741,0.397,220,87
2025-11-16,support,2,4413,2144,0.369,167,79
2025-11-16,product_ps5_pro,3,8273,5390,0.520,178,55
2025-11-16,product_ps5,3,12463,5968,0.314,172,86
2025-11-16,home,3,21638,12936,0.315,206,102
2025-11-16,psplus,3,6395,4331,0.273,122,382
2025-11-16,game_detail_spiderman2,3,6944,3329,0.277,217,70
2025-11-16,game_detail_gta6,3,13621,7569,0.328,72,106
2025-11-16,game_detail_astro,3,4094,1703,0.485,51,68
2025-11-16,support,3,3825,2701,0.251,115,86
2025-11-17,product_ps5,1,9740,5728,0.548,216,101
2025-11-17,psplus,1,5752,3038,0.336,118,588
2025-11-17,product_ps5_pro,1,10252,4573,0.537,153,66
2025-11-17,home,1,15420,11172,0.336,153,80
2025-11-17,game_detail_spiderman2,1,4285,3755,0.384,156,51
2025-11-17,game_detail_astro,1,2217,2473,0.352,87,51
2025-11-17,game_detail_gta6,1,11002,6683,0.435,180,52
2025-11-17,support,1,3387,1789,0.483,179,80
2025-11-17,psplus,4,6679,4713,0.281,200,378
2025-11-17,product_ps5_pro,4,10078,5535,0.382,188,60
2025-11-17,product_ps5,4,8030,5792,0.387,189,95
2025-11-17,home,4,11970,7668,0.406,49,93
2025-11-17,game_detail_spiderman2,4,5065,3799,0.257,155,117
2025-11-17,game_detail_astro,4,3287,1521,0.265,94,91
2025-11-17,game_detail_gta6,4,12308,6664,0.308,164,65
2025-11-17,support,4,3290,2192,0.281,210,66
2025-11-17,product_ps5_pro,5,8503,6017,0.345,160,93
2025-11-17,product_ps5,5,10100,7520,0.448,206,55
2025-11-17,psplus,5,6329,3705,0.498,224,529
2025-11-17,home,5,18585,13044,0.526,92,100
2025-11-17,game_detail_spiderman2,5,3763,3747,0.489,136,91
2025-11-17,game_detail_astro,5,3433,1400,0.270,75,99
2025-11-17,game_detail_gta6,5,9450,7737,0.306,196,57
2025-11-17,support,5,2910,2029,0.367,142,102
2025-11-17,product_ps5,6,12880,5824,0.277,190,50
2025-11-17,psplus,6,6422,4914,0.519,153,338
2025-11-17,product_ps5_pro,6,6056,5428,0.394,177,83
2025-11-17,home,6,13935,9444,0.469,159,109
2025-11-17,game_detail_spiderman2,6,3731,3674,0.392,184,69
2025-11-17,game_detail_astro,6,2736,1906,0.417,54,94
2025-11-17,game_detail_gta6,6,13288,8596,0.542,195,73
2025-11-17,support,6,4330,2147,0.317,143,93
2025-11-17,psplus,2,7233,4102,0.364,89,448
2025-11-17,product_ps5_pro,2,8851,5257,0.393,86,52
2025-11-17,product_ps5,2,7040,5232,0.459,100,54
2025-11-17,home,2,16980,8328,0.313,56,70
2025-11-17,game_detail_spiderman2,2,5679,3989,0.440,50,75
2025-11-17,game_detail_gta6,2,8377,8531,0.397,209,98
2025-11-17,game_detail_astro,2,2680,1587,0.549,190,80
2025-11-17,support,2,2543,2779,0.550,108,88
2025-11-17,product_ps5_pro,3,6270,4750,0.367,130,88
2025-11-17,product_ps5,3,12730,5592,0.466,75,69
2025-11-17,home,3,14280,10116,0.329,201,113
2025-11-17,psplus,3,6755,3136,0.343,86,748
2025-11-17,game_detail_spiderman2,3,4647,3659,0.406,64,67
2025-11-17,game_detail_gta6,3,10080,7569,0.259,60,102
2025-11-17,game_detail_astro,3,3742,1591,0.357,155,83
2025-11-17,support,3,3963,1811,0.503,137,62
2025-11-18,product_ps5,1,10540,7440,0.335,64,51
2025-11-18,psplus,1,4381,4639,0.530,162,601
2025-11-18,product_ps5_pro,1,9928,5263,0.251,100,107
2025-11-18,home,1,17715,8364,0.380,65,49
2025-11-18,game_detail_spiderman2,1,5413,3711,0.387,148,67
2025-11-18,game_detail_astro,1,3264,2114,0.465,168,77
2025-11-18,game_detail_gta6,1,14747,6608,0.477,49,108
2025-11-18,support,1,3187,2661,0.308,119,102
2025-11-18,psplus,4,7583,5119,0.510,161,386
2025-11-18,product_ps5_pro,4,7885,6200,0.364,152,107
2025-11-18,product_ps5,4,9620,8328,0.309,113,86
2025-11-18,home,4,14520,11760,0.285,50,72
2025-11-18,game_detail_spiderman2,4,4803,3271,0.295,181,49
2025-11-18,game_detail_astro,4,3208,2042,0.507,156,49
2025-11-18,game_detail_gta6,4,13942,8559,0.269,210,117
2025-11-18,support,4,3750,2299,0.537,107,84
2025-11-18,product_ps5_pro,5,6333,6599,0.372,223,78
2025-11-18,product_ps5,5,11710,8200,0.464,218,104
2025-11-18,psplus,5,6720,3617,0.311,50,352
2025-11-18,home,5,15375,7428,0.461,199,99
2025-11-18,game_detail_spiderman2,5,4625,3025,0.546,121,93
2025-11-18,game_detail_astro,5,2123,1867,0.496,88,77
2025-11-18,game_detail_gta6,5,12203,8904,0.476,89,115
2025-11-18,support,5,2353,1995,0.428,212,103
2025-11-18,product_ps5,6,8410,6864,0.366,53,53
2025-11-18,psplus,6,5880,4839,0.369,165,770
2025-11-18,product_ps5_pro,6,8431,4256,0.424,79,91
2025-11-18,home,6,13095,11556,0.262,207,114
2025-11-18,game_detail_spiderman2,6,5715,2512,0.324,122,97
2025-11-18,game_detail_astro,6,3133,1771,0.459,219,71
2025-11-18,game_detail_gta6,6,9485,9184,0.481,139,100
2025-11-18,support,6,2950,2920,0.317,111,62
2025-11-18,psplus,2,5518,4223,0.330,61,745
2025-11-18,product_ps5_pro,2,9983,4079,0.346,179,94
2025-11-18,product_ps5,2,12060,6672,0.281,215,80
2025-11-18,home,2,19425,11316,0.305,185,68
2025-11-18,game_detail_spiderman2,2,4423,2636,0.513,203,94
2025-11-18,game_detail_gta6,2,13522,8036,0.345,90,53
2025-11-18,game_detail_astro,2,2290,2060,0.422,203,74
2025-11-18,support,2,3713,2323,0.465,198,64
2025-11-18,product_ps5_pro,3,8827,6808,0.421,99,88
2025-11-18,product_ps5,3,8320,6640,0.451,218,117
2025-11-18,home,3,10920,8028,0.457,110,76
2025-11-18,psplus,3,6743,4503,0.537,194,446
2025-11-18,game_detail_spiderman2,3,4845,3142,0.265,224,87
2025-11-18,game_detail_gta6,3,15143,7215,0.537,206,115
2025-11-18,game_detail_astro,3,2196,1939,0.522,198,72
2025-11-18,support,3,3320,2573,0.530,223,115
2025-11-19,product_ps5,1,12600,5992,0.460,140,63
2025-11-19,psplus,1,6189,4723,0.398,179,654
2025-11-19,product_ps5_pro,1,9492,4592,0.365,90,74
2025-11-19,home,1,18510,7332,0.449,129,60
2025-11-19,game_detail_spiderman2,1,3974,3912,0.509,140,53
2025-11-19,game_detail_astro,1,3751,2336,0.320,109,50
2025-11-19,game_detail_gta6,1,13778,7411,0.458,141,57
2025-11-19,support,1,2410,2859,0.390,77,72
2025-11-19,psplus,4,6872,5101,0.382,194,605
2025-11-19,product_ps5_pro,4,7030,4161,0.400,125,58
2025-11-19,product_ps5,4,9390,8528,0.390,177,85
2025-11-19,home,4,16980,10524,0.523,96,84
2025-11-19,game_detail_spiderman2,4,5605,3293,0.476,142,85
2025-11-19,game_detail_astro,4,3275,2406,0.271,114,111
2025-11-19,game_detail_gta6,4,9858,7233,0.307,81,84
2025-11-19,support,4,3160,2251,0.436,112,59
2025-11-19,product_ps5_pro,5,9643,5054,0.497,138,53
2025-11-19,product_ps5,5,7000,5680,0.397,171,85
2025-11-19,psplus,5,7432,5063,0.464,125,499
2025-11-19,home,5,12300,11892,0.405,197,77
2025-11-19,game_detail_spiderman2,5,4776,2827,0.492,86,93
2025-11-19,game_detail_astro,5,3135,2492,0.383,120,119
2025-11-19,game_detail_gta6,5,11293,7420,0.313,156,114
2025-11-19,support,5,3047,1941,0.277,124,113
2025-11-19,product_ps5,6,10430,8216,0.449,53,107
2025-11-19,psplus,6,4713,3225,0.480,67,719
2025-11-19,product_ps5_pro,6,7299,5041,0.433,158,98
2025-11-19,home,6,19245,8580,0.540,98,116
2025-11-19,game_detail_spiderman2,6,3474,3267,0.406,90,99
2025-11-19,game_detail_astro,6,3100,1545,0.299,71,90
2025-11-19,game_detail_gta6,6,11725,7831,0.355,219,73
2025-11-19,support,6,2570,2224,0.338,219,73
2025-11-19,psplus,2,5396,4704,0.550,182,534
2025-11-19,product_ps5_pro,2,7964,6181,0.511,91,81
2025-11-19,product_ps5,2,8360,6648,0.269,201,67
2025-11-19,home,2,17670,12288,0.296,166,119
2025-11-19,game_detail_spiderman2,2,3392,4015,0.488,185,116
2025-11-19,game_detail_gta6,2,12518,6524,0.326,141,62
2025-11-19,game_detail_astro,2,2339,1559,0.544,182,98
2025-11-19,support,2,2480,1917,0.475,77,57
2025-11-19,product_ps5_pro,3,7093,6460,0.467,97,53
2025-11-19,product_ps5,3,12710,6752,0.455,130,96
2025-11-19,home,3,13560,12288,0.491,209,60
2025-11-19,psplus,3,7187,3817,0.517,102,565
2025-11-19,game_detail_spiderman2,3,4611,2787,0.472,127,68
2025-11-19,game_detail_gta6,3,12845,9091,0.393,96,86
2025-11-19,game_detail_astro,3,2185,1885,0.361,133,57
2025-11-19,support,3,2577,2709,0.527,159,70
2025-11-20,product_ps5,1,10100,6216,0.336,138,66
2025-11-20,psplus,1,6253,3663,0.297,149,618
2025-11-20,product_ps5_pro,1,6610,3863,0.314,119,83
2025-11-20,home,1,15090,8772,0.437,200,65
2025-11-20,game_detail_spiderman2,1,4134,2457,0.272,65,84
2025-11-20,game_detail_astro,1,3529,2541,0.437,176,118
2025-11-20,game_detail_gta6,1,12028,7541,0.453,152,91
2025-11-20,support,1,2773,2835,0.417,46,81
2025-11-20,psplus,4,5402,5017,0.270,146,780
2025-11-20,product_ps5_pro,4,8257,4858,0.548,85,82
2025-11-20,product_ps5,4,12470,5608,0.393,189,84
2025-11-20,home,4,16740,10644,0.457,157,67
2025-11-20,game_detail_spiderman2,4,4501,3806,0.332,61,53
2025-11-20,game_detail_astro,4,3220,1923,0.316,87,91
2025-11-20,game_detail_gta6,4,13067,9772,0.468,132,120
2025-11-20,support,4,2863,2883,0.352,147,72
2025-11-20,product_ps5_pro,5,9397,4744,0.533,211,113
2025-11-20,product_ps5,5,10630,7600,0.399,47,69
2025-11-20,psplus,5,6936,3173,0.367,112,339
2025-11-20,home,5,12300,8592,0.501,48,77
2025-11-20,game_detail_spiderman2,5,5679,2515,0.402,173,77
2025-11-20,game_detail_astro,5,3739,1822,0.377,213,114
2025-11-20,game_detail_gta6,5,10885,6832,0.536,57,106
2025-11-20,support,5,2460,2752,0.420,216,59
2025-11-20,product_ps5,6,10500,7528,0.342,106,74
2025-11-20,psplus,6,6609,3752,0.383,115,326
2025-11-20,product_ps5_pro,6,7893,4414,0.366,152,71
2025-11-20,home,6,11700,7632,0.281,178,71
2025-11-20,game_detail_spiderman2,6,3657,3289,0.271,157,117
2025-11-20,game_detail_astro,6,3445,1923,0.461,154,63
2025-11-20,game_detail_gta6,6,11503,6813,0.445,168,72
2025-11-20,support,6,3190,1813,0.463,113,57
2025-11-20,psplus,2,4923,3859,0.355,74,404
2025-11-20,product_ps5_pro,2,7165,4528,0.495,155,116
2025-11-20,product_ps5,2,7930,6360,0.292,177,73
2025-11-20,home,2,14970,11676,0.533,47,77
2025-11-20,game_detail_spiderman2,2,4450,2204,0.252,135,51
2025-11-20,game_detail_gta6,2,10255,9063,0.507,168,72
2025-11-20,game_detail_astro,2,3380,2016,0.373,60,77
2025-11-20,support,2,3810,2781,0.421,184,59
2025-11-20,product_ps5_pro,3,9658,5187,0.503,92,68
2025-11-20,product_ps5,3,8510,6224,0.361,162,108
2025-11-20,home,3,14670,10440,0.399,166,77
2025-11-20,psplus,3,6061,4923,0.450,208,758
2025-11-20,game_detail_spiderman2,3,5908,3230,0.375,152,114
2025-11-20,game_detail_gta6,3,10500,9268,0.495,221,68
2025-11-20,game_detail_astro,3,2654,2422,0.479,73,84
2025-11-20,support,3,3980,2040,0.278,214,96
2025-11-21,product_ps5,1,11660,5400,0.545,175,99
2025-11-21,psplus,1,4573,4149,0.293,209,798
2025-11-21,product_ps5_pro,1,6381,5282,0.488,152,62
2025-11-21,home,1,10995,9240,0.404,214,64
2025-11-21,game_detail_spiderman2,1,5656,2772,0.343,112,104
2025-11-21,game_detail_astro,1,2167,2420,0.516,119,113
2025-11-21,game_detail_gta6,1,11375,8615,0.387,176,54
2025-11-21,support,1,2763,2197,0.264,142,55
2025-11-21,psplus,4,4912,3047,0.368,214,571
2025-11-21,product_ps5_pro,4,9476,5554,0.338,147,72
2025-11-21,product_ps5,4,8820,5184,0.268,108,100
2025-11-21,home,4,16575,10320,0.277,149,70
2025-11-21,game_detail_spiderman2,4,3910,3036,0.268,180,60
2025-11-21,game_detail_astro,4,2476,1556,0.321,110,76
2025-11-21,game_detail_gta6,4,10325,6851,0.424,179,92
2025-11-21,support,4,2477,2691,0.285,198,61
2025-11-21,product_ps5_pro,5,6975,6188,0.460,81,77
2025-11-21,product_ps5,5,7520,8032,0.358,60,117
2025-11-21,psplus,5,4585,4905,0.511,179,494
2025-11-21,home,5,17145,13200,0.487,203,112
2025-11-21,game_detail_spiderman2,5,5340,3689,0.536,56,60
2025-11-21,game_detail_astro,5,3658,1869,0.406,130,79
2025-11-21,game_detail_gta6,5,13300,9660,0.377,186,69
2025-11-21,support,5,4140,2512,0.283,195,75
2025-11-21,product_ps5,6,10820,7840,0.382,71,96
2025-11-21,psplus,6,7583,2917,0.414,87,477
2025-11-21,product_ps5_pro,6,9738,5415,0.320,182,119
2025-11-21,home,6,15840,8388,0.312,77,97
2025-11-21,game_detail_spiderman2,6,4107,3058,0.485,174,82
2025-11-21,game_detail_astro,6,3567,1934,0.327,51,106
2025-11-21,game_detail_gta6,6,8365,6841,0.484,87,101
2025-11-21,support,6,3663,2317,0.333,184,50
2025-11-21,psplus,2,6767,4494,0.447,144,504
2025-11-21,product_ps5_pro,2,8028,6745,0.485,107,106
2025-11-21,product_ps5,2,9510,5120,0.510,57,97
2025-11-21,home,2,12585,7500,0.268,141,109
2025-11-21,game_detail_spiderman2,2,3777,3333,0.404,212,72
2025-11-21,game_detail_gta6,2,9800,6057,0.486,216,108
2025-11-21,game_detail_astro,2,2161,1820,0.443,67,99
2025-11-21,support,2,3403,1712,0.530,212,68
2025-11-21,product_ps5_pro,3,6935,5212,0.267,158,63
2025-11-21,product_ps5,3,9280,6064,0.433,164,96
2025-11-21,home,3,12855,7512,0.253,124,84
2025-11-21,psplus,3,6247,2973,0.383,59,781
2025-11-21,game_detail_spiderman2,3,3327,2948,0.497,128,75
2025-11-21,game_detail_gta6,3,15050,5815,0.470,185,101
2025-11-21,game_detail_astro,3,2555,1750,0.291,108,77
2025-11-21,support,3,2810,2432,0.287,61,97
2025-11-22,product_ps5,1,14188,5008,0.344,129,104
2025-11-22,psplus,1,6686,4751,0.364,151,628
2025-11-22,product_ps5_pro,1,9500,4946,0.535,68,103
2025-11-22,home,1,23344,11916,0.382,196,55
2025-11-22,game_detail_spiderman2,1,7270,2552,0.380,94,104
2025-11-22,game_detail_astro,1,2581,1563,0.376,57,50
2025-11-22,game_detail_gta6,1,16844,8923,0.309,196,50
2025-11-22,support,1,3450,2011,0.464,60,69
2025-11-22,psplus,4,5184,5012,0.365,186,555
2025-11-22,product_ps5_pro,4,7066,6156,0.522,162,111
2025-11-22,product_ps5,4,13525,5984,0.325,62,106
2025-11-22,home,4,21038,9444,0.278,88,101
2025-11-22,game_detail_spiderman2,4,6772,3560,0.459,221,78
2025-11-22,game_detail_astro,4,3795,1864,0.474,217,90
2025-11-22,game_detail_gta6,4,17529,7131,0.469,125,91
2025-11-22,support,4,3063,1685,0.354,199,94
2025-11-22,product_ps5_pro,5,10786,5801,0.406,112,104
2025-11-22,product_ps5,5,9625,4872,0.349,59,110
2025-11-22,psplus,5,7197,4998,0.481,117,468
2025-11-22,home,5,16950,9000,0.390,65,93
2025-11-22,game_detail_spiderman2,5,6463,2787,0.339,158,101
2025-11-22,game_detail_astro,5,3679,1932,0.300,224,85
2025-11-22,game_detail_gta6,5,10690,5693,0.385,164,49
2025-11-22,support,5,3183,2651,0.544,173,98
2025-11-22,product_ps5,6,9213,4912,0.387,102,71
2025-11-22,psplus,6,7131,3038,0.419,79,340
2025-11-22,product_ps5_pro,6,11044,6435,0.418,178,118
2025-11-22,home,6,19500,8196,0.415,145,77
2025-11-22,game_detail_spiderman2,6,5374,2306,0.402,61,63
2025-11-22,game_detail_astro,6,3500,1930,0.392,201,61
2025-11-22,game_detail_gta6,6,11025,5983,0.541,98,84
2025-11-22,support,6,5292,1800,0.383,100,81
2025-11-22,psplus,2,6285,3911,0.272,109,387
2025-11-22,product_ps5_pro,2,8748,5225,0.357,63,73
2025-11-22,product_ps5,2,14313,6496,0.431,62,109
2025-11-22,home,2,21938,11232,0.400,106,63
2025-11-22,game_detail_spiderman2,2,6021,2952,0.526,177,107
2025-11-22,game_detail_gta6,2,11083,7411,0.281,101,70
2025-11-22,game_detail_astro,2,4718,2021,0.438,49,107
2025-11-22,support,2,3471,2827,0.467,70,84
2025-11-22,product_ps5_pro,3,10480,4148,0.355,112,72
2025-11-22,product_ps5,3,9163,5952,0.433,135,83
2025-11-22,home,3,17925,9948,0.470,159,72
2025-11-22,psplus,3,9406,4597,0.315,198,706
2025-11-22,game_detail_spiderman2,3,5299,2765,0.324,137,101
2025-11-22,game_detail_gta6,3,13402,9399,0.420,109,57
2025-11-22,game_detail_astro,3,4510,1878,0.354,114,63
2025-11-22,support,3,4729,2645,0.548,88,99
2025-11-23,product_ps5,1,10113,5592,0.539,127,102
2025-11-23,psplus,1,8320,5082,0.453,50,608
2025-11-23,product_ps5_pro,1,9332,5276,0.257,82,93
2025-11-23,home,1,22313,8292,0.354,164,58
2025-11-23,game_detail_spiderman2,1,6382,2295,0.398,123,106
2025-11-23,game_detail_astro,1,3934,1881,0.528,108,87
2025-11-23,game_detail_gta6,1,16756,9203,0.428,211,78
2025-11-23,support,1,3800,1717,0.324,58,80
2025-11-23,psplus,4,5410,3752,0.550,192,488
2025-11-23,product_ps5_pro,4,7244,6764,0.288,115,62
2025-11-23,product_ps5,4,10000,6776,0.523,76,94
2025-11-23,home,4,19556,9660,0.418,168,55
2025-11-23,game_detail_spiderman2,4,4194,3692,0.462,119,78
2025-11-23,game_detail_astro,4,4554,1706,0.543,140,110
2025-11-23,game_detail_gta6,4,15487,7887,0.531,110,91
2025-11-23,support,4,5017,2213,0.336,197,97
2025-11-23,product_ps5_pro,5,7808,6561,0.464,177,102
2025-11-23,product_ps5,5,9800,4944,0.297,70,111
2025-11-23,psplus,5,5935,4461,0.442,57,496
2025-11-23,home,5,23588,11148,0.432,82,54
2025-11-23,game_detail_spiderman2,5,5506,3249,0.290,210,55
2025-11-23,game_detail_astro,5,4452,2406,0.443,168,79
2025-11-23,game_detail_gta6,5,12731,7420,0.278,185,83
2025-11-23,support,5,4067,1621,0.540,134,83
2025-11-23,product_ps5,6,10388,8032,0.298,74,53
2025-11-23,psplus,6,7788,4769,0.297,48,467
2025-11-23,product_ps5_pro,6,12192,6403,0.298,79,61
2025-11-23,home,6,19406,13176,0.507,107,75
2025-11-23,game_detail_spiderman2,6,4274,2999,0.456,85,64
2025-11-23,game_detail_astro,6,2658,2060,0.333,117,103
2025-11-23,game_detail_gta6,6,15808,7513,0.397,73,81
2025-11-23,support,6,4117,2304,0.350,185,98
2025-11-23,psplus,2,6738,4275,0.256,134,468
2025-11-23,product_ps5_pro,2,12360,6112,0.345,103,100
2025-11-23,product_ps5,2,11550,4864,0.456,77,86
2025-11-23,home,2,17513,13128,0.382,184,92
2025-11-23,game_detail_spiderman2,2,6325,3579,0.365,120,113
2025-11-23,game_detail_gta6,2,12790,9380,0.300,155,65
2025-11-23,game_detail_astro,2,3387,1694,0.271,148,94
2025-11-23,support,2,4650,2339,0.385,180,104
2025-11-23,product_ps5_pro,3,7471,4782,0.399,103,92
2025-11-23,product_ps5,3,14375,8288,0.437,110,75
2025-11-23,home,3,14513,8820,0.316,54,70
2025-11-23,psplus,3,5731,3631,0.275,138,746
2025-11-23,game_detail_spiderman2,3,5815,2266,0.510,165,96
2025-11-23,game_detail_gta6,3,18404,8083,0.407,193,62
2025-11-23,game_detail_astro,3,4521,2361,0.422,112,61
2025-11-23,support,3,5038,2109,0.523,160,77
2025-11-24,product_ps5,1,9550,7864,0.502,198,102
2025-11-24,psplus,1,7023,3654,0.427,166,592
2025-11-24,product_ps5_pro,1,9429,5434,0.256,202,51
2025-11-24,home,1,15765,11868,0.522,150,66
2025-11-24,game_detail_spiderman2,1,4753,2812,0.266,105,120
2025-11-24,game_detail_astro,1,3092,2401,0.525,221,106
2025-11-24,game_detail_gta6,1,12332,7131,0.474,73,97
2025-11-24,support,1,4133,1765,0.325,99,102
2025-11-24,psplus,4,6656,3346,0.534,141,346
2025-11-24,product_ps5_pro,4,8772,4180,0.335,208,94
2025-11-24,product_ps5,4,8450,6440,0.402,75,92
2025-11-24,home,4,17745,9048,0.329,47,89
2025-11-24,game_detail_spiderman2,4,3245,2713,0.401,158,82
2025-11-24,game_detail_astro,4,2765,1659,0.536,125,97
2025-11-24,game_detail_gta6,4,8540,9623,0.442,103,52
2025-11-24,support,4,4327,1691,0.349,75,101
2025-11-24,product_ps5_pro,5,7323,4598,0.319,82,110
2025-11-24,product_ps5,5,7290,6464,0.461,59,54
2025-11-24,psplus,5,5769,5012,0.483,73,504
2025-11-24,home,5,10650,9432,0.274,113,70
2025-11-24,game_detail_spiderman2,5,5812,3333,0.306,222,84
2025-11-24,game_detail_astro,5,3471,1766,0.514,129,93
2025-11-24,game_detail_gta6,5,11795,9800,0.518,85,112
2025-11-24,support,5,3377,2691,0.486,182,110
2025-11-24,product_ps5,6,8920,6160,0.375,177,60
2025-11-24,psplus,6,4346,4951,0.385,156,645
2025-11-24,product_ps5_pro,6,7458,5181,0.525,95,84
2025-11-24,home,6,13440,10020,0.320,111,85
2025-11-24,game_detail_spiderman2,6,4968,2856,0.531,134,102
2025-11-24,game_detail_astro,6,2115,1734,0.506,160,98
2025-11-24,game_detail_gta6,6,10605,7859,0.537,107,52
2025-11-24,support,6,3177,2195,0.537,74,93
2025-11-24,psplus,2,4667,3640,0.346,135,411
2025-11-24,product_ps5_pro,2,8534,6574,0.515,51,89
2025-11-24,product_ps5,2,7820,6216,0.520,104,62
2025-11-24,home,2,10650,11472,0.535,214,70
2025-11-24,game_detail_spiderman2,2,4803,3865,0.520,67,96
2025-11-24,game_detail_gta6,2,14140,5731,0.396,99,82
2025-11-24,game_detail_astro,2,2902,1827,0.541,184,91
2025-11-24,support,2,2957,1635,0.467,217,62
2025-11-24,product_ps5_pro,3,5565,5295,0.528,127,82
2025-11-24,product_ps5,3,10370,7192,0.296,120,94
2025-11-24,home,3,11265,11508,0.437,209,107
2025-11-24,psplus,3,6580,4027,0.250,106,563
2025-11-24,game_detail_spiderman2,3,5225,3535,0.319,152,110
2025-11-24,game_detail_gta6,3,12577,6272,0.279,112,51
2025-11-24,game_detail_astro,3,2707,1829,0.432,204,117
2025-11-24,support,3,3047,2509,0.372,148,70
2025-11-25,product_ps5,1,8610,6592,0.478,177,79
2025-11-25,psplus,1,6597,4783,0.496,58,658
2025-11-25,product_ps5_pro,1,6080,5377,0.388,215,61
2025-11-25,home,1,11805,11376,0.500,123,70
2025-11-25,game_detail_spiderman2,1,3433,3531,0.438,101,94
2025-11-25,game_detail_astro,1,3278,2100,0.264,117,52
2025-11-25,game_detail_gta6,1,9905,7495,0.320,97,111
2025-11-25,support,1,4237,2693,0.333,45,109
2025-11-25,psplus,4,6265,4475,0.419,151,352
2025-11-25,product_ps5_pro,4,9088,5554,0.450,212,77
2025-11-25,product_ps5,4,12610,7136,0.447,45,81
2025-11-25,home,4,15825,12024,0.546,163,102
2025-11-25,game_detail_spiderman2,4,3676,3443,0.516,101,102
2025-11-25,game_detail_astro,4,3643,1645,0.524,60,88
2025-11-25,game_detail_gta6,4,12857,9651,0.316,133,54
2025-11-25,support,4,2863,1664,0.351,100,66
2025-11-25,product_ps5_pro,5,5945,3965,0.474,195,105
2025-11-25,product_ps5,5,7470,5560,0.311,170,76
2025-11-25,psplus,5,6912,3789,0.377,202,746
2025-11-25,home,5,15810,12720,0.290,168,76
2025-11-25,game_detail_spiderman2,5,4409,2673,0.521,124,59
2025-11-25,game_detail_astro,5,3025,2294,0.279,81,97
2025-11-25,game_detail_gta6,5,9287,7700,0.524,73,108
2025-11-25,support,5,3743,2141,0.412,187,111
2025-11-25,product_ps5,6,11690,7768,0.304,73,75
2025-11-25,psplus,6,6032,3085,0.341,140,690
2025-11-25,product_ps5_pro,6,8526,6910,0.344,86,114
2025-11-25,home,6,18465,11352,0.410,139,102
2025-11-25,game_detail_spiderman2,6,3350,3157,0.430,190,53
2025-11-25,game_detail_astro,6,2214,1846,0.403,66,95
2025-11-25,game_detail_gta6,6,10722,9968,0.260,103,66
2025-11-25,support,6,3377,2536,0.474,83,94
2025-11-25,psplus,2,4597,3822,0.289,107,439
2025-11-25,product_ps5_pro,2,10228,5364,0.472,216,115
2025-11-25,product_ps5,2,7590,6824,0.437,203,87
2025-11-25,home,2,16185,11736,0.282,172,108
2025-11-25,game_detail_spiderman2,2,5326,3560,0.369,132,89
2025-11-25,game_detail_gta6,2,12378,7233,0.497,103,108
2025-11-25,game_detail_astro,2,3328,1951,0.362,185,63
2025-11-25,support,2,2850,2611,0.341,180,51
2025-11-25,product_ps5_pro,3,5874,3990,0.319,219,70
2025-11-25,product_ps5,3,12940,7808,0.306,141,89
2025-11-25,home,3,16080,10548,0.265,76,94
2025-11-25,psplus,3,5577,3183,0.250,200,425
2025-11-25,game_detail_spiderman2,3,4015,2226,0.332,204,112
2025-11-25,game_detail_gta6,3,13335,7943,0.305,197,69
2025-11-25,game_detail_astro,3,3319,2478,0.252,186,95
2025-11-25,support,3,2733,2557,0.322,208,118
2025-11-26,product_ps5,1,10140,6480,0.420,195,78
2025-11-26,psplus,1,5571,3015,0.485,112,458
2025-11-26,product_ps5_pro,1,7291,5649,0.441,155,56
2025-11-26,home,1,13050,7932,0.404,189,55
2025-11-26,game_detail_spiderman2,1,4753,2600,0.453,56,63
2025-11-26,game_detail_astro,1,3579,2485,0.515,96,53
2025-11-26,game_detail_gta6,1,10955,7177,0.353,64,107
2025-11-26,support,1,3940,2757,0.364,109,52
2025-11-26,psplus,4,4229,2903,0.273,175,527
2025-11-26,product_ps5_pro,4,8510,5421,0.253,201,72
2025-11-26,product_ps5,4,12500,8096,0.352,76,91
2025-11-26,home,4,14670,10452,0.497,66,72
2025-11-26,game_detail_spiderman2,4,5307,3139,0.436,125,63
2025-11-26,game_detail_astro,4,3214,1463,0.325,169,87
2025-11-26,game_detail_gta6,4,9170,6739,0.391,164,79
2025-11-26,support,4,2617,2739,0.404,152,60
2025-11-26,product_ps5_pro,5,7046,5618,0.503,158,65
2025-11-26,product_ps5,5,12190,7376,0.384,47,102
2025-11-26,psplus,5,5127,5115,0.253,196,734
2025-11-26,home,5,12870,9948,0.325,189,99
2025-11-26,game_detail_spiderman2,5,4945,2669,0.313,197,91
2025-11-26,game_detail_astro,5,2768,2107,0.350,183,84
2025-11-26,game_detail_gta6,5,10185,6272,0.384,210,79
2025-11-26,support,5,3383,2245,0.436,195,57
2025-11-26,product_ps5,6,12910,7360,0.257,127,79
2025-11-26,psplus,6,6533,4335,0.494,181,761
2025-11-26,product_ps5_pro,6,5914,6568,0.405,208,74
2025-11-26,home,6,15960,7584,0.525,84,115
2025-11-26,game_detail_spiderman2,6,3488,3146,0.263,189,88
2025-11-26,game_detail_astro,6,3491,1799,0.357,127,107
2025-11-26,game_detail_gta6,6,12635,8820,0.462,224,69
2025-11-26,support,6,4020,2869,0.496,96,59
2025-11-26,psplus,2,4328,4877,0.500,184,532
2025-11-26,product_ps5_pro,2,9128,4471,0.475,126,115
2025-11-26,product_ps5,2,7310,7664,0.474,73,115
2025-11-26,home,2,10890,10692,0.308,148,77
2025-11-26,game_detail_spiderman2,2,3690,4019,0.258,51,119
2025-11-26,game_detail_gta6,2,14163,6571,0.369,87,61
2025-11-26,game_detail_astro,2,2185,1755,0.321,84,112
2025-11-26,support,2,2630,2699,0.275,105,74
2025-11-26,product_ps5_pro,3,7331,6834,0.277,51,55
2025-11-26,product_ps5,3,11420,7944,0.488,138,90
2025-11-26,home,3,18240,7248,0.391,110,115
2025-11-26,psplus,3,6802,3939,0.261,208,686
2025-11-26,game_detail_spiderman2,3,4340,3971,0.475,77,113
2025-11-26,game_detail_gta6,3,13755,6711,0.485,206,63
2025-11-26,game_detail_astro,3,2424,2035,0.296,173,84
2025-11-26,support,3,3987,2096,0.364,176,61
2025-11-27,product_ps5,1,11390,6128,0.250,209,66
2025-11-27,psplus,1,7321,4149,0.407,197,630
2025-11-27,product_ps5_pro,1,10252,6967,0.380,203,71
2025-11-27,home,1,16305,7320,0.295,201,86
2025-11-27,game_detail_spiderman2,1,5514,2750,0.382,150,94
2025-11-27,game_detail_astro,1,2946,1587,0.325,113,61
2025-11-27,game_detail_gta6,1,10138,6207,0.350,106,88
2025-11-27,support,1,2340,2816,0.448,191,102
2025-11-27,psplus,4,4649,3435,0.425,110,798
2025-11-27,product_ps5_pro,4,6365,4452,0.483,58,76
2025-11-27,product_ps5,4,10530,5576,0.353,116,70
2025-11-27,home,4,18900,9420,0.253,92,70
2025-11-27,game_detail_spiderman2,4,4634,2882,0.523,94,97
2025-11-27,game_detail_astro,4,2940,1808,0.434,179,108
2025-11-27,game_detail_gta6,4,9088,9399,0.285,63,62
2025-11-27,support,4,2637,1867,0.508,88,117
2025-11-27,product_ps5_pro,5,9009,6048,0.420,138,118
2025-11-27,product_ps5,5,7040,6064,0.287,116,98
2025-11-27,psplus,5,4947,4536,0.485,82,406
2025-11-27,home,5,17835,9288,0.272,132,116
2025-11-27,game_detail_spiderman2,5,3282,2816,0.303,126,90
2025-11-27,game_detail_astro,5,3109,1983,0.259,76,114
2025-11-27,game_detail_gta6,5,12332,10145,0.476,137,118
2025-11-27,support,5,2793,2389,0.511,195,52
2025-11-27,product_ps5,6,10700,8688,0.458,72,117
2025-11-27,psplus,6,5454,2949,0.398,192,336
2025-11-27,product_ps5_pro,6,5700,5352,0.367,90,102
2025-11-27,home,6,15705,12576,0.330,200,66
2025-11-27,game_detail_spiderman2,6,3726,3073,0.255,60,119
2025-11-27,game_detail_astro,6,2850,2217,0.538,55,116
2025-11-27,game_detail_gta6,6,14677,7075,0.549,130,83
2025-11-27,support,6,2633,2048,0.548,68,118
2025-11-27,psplus,2,5396,3999,0.540,160,800
2025-11-27,product_ps5_pro,2,7180,4579,0.454,205,72
2025-11-27,product_ps5,2,9530,5752,0.348,48,86
2025-11-27,home,2,14520,8724,0.283,198,71
2025-11-27,game_detail_spiderman2,2,4033,2702,0.363,143,51
2025-11-27,game_detail_gta6,2,10500,7616,0.448,142,50
2025-11-27,game_detail_astro,2,3357,2161,0.536,58,58
2025-11-27,support,2,3087,2344,0.399,72,80
2025-11-27,product_ps5_pro,3,6650,5561,0.498,110,71
2025-11-27,product_ps5,3,11070,7168,0.269,100,59
2025-11-27,home,3,19320,13176,0.523,70,108
2025-11-27,psplus,3,6072,3122,0.295,112,686
2025-11-27,game_detail_spiderman2,3,3969,2479,0.385,121,76
2025-11-27,game_detail_gta6,3,12670,6403,0.255,216,87
2025-11-27,game_detail_astro,3,3150,1458,0.385,49,84
2025-11-27,support,3,4273,2133,0.350,101,105
2025-11-28,product_ps5,1,20070,8376,0.267,222,50
2025-11-28,psplus,1,11109,4424,0.392,222,725
2025-11-28,product_ps5_pro,1,15205,6036,0.539,181,72
2025-11-28,home,1,21492,7536,0.530,219,117
2025-11-28,game_detail_spiderman2,1,9933,2266,0.519,103,107
2025-11-28,game_detail_astro,1,5297,1633,0.359,154,73
2025-11-28,game_detail_gta6,1,21147,7523,0.356,181,95
2025-11-28,support,1,4764,2549,0.540,132,82
2025-11-28,psplus,4,10007,4807,0.323,94,420
2025-11-28,product_ps5_pro,4,17243,4028,0.362,195,66
2025-11-28,product_ps5,4,19458,7608,0.459,73,77
2025-11-28,home,4,18900,10716,0.323,182,70
2025-11-28,game_detail_spiderman2,4,6377,2948,0.492,69,87
2025-11-28,game_detail_astro,4,4846,2259,0.391,183,60
2025-11-28,game_detail_gta6,4,17787,6337,0.439,91,105
2025-11-28,support,4,6714,2504,0.311,221,74
2025-11-28,product_ps5_pro,5,12098,6789,0.502,60,116
2025-11-28,product_ps5,5,17280,7992,0.482,146,118
2025-11-28,psplus,5,13367,4508,0.546,147,569
2025-11-28,home,5,32751,9576,0.461,198,57
2025-11-28,game_detail_spiderman2,5,8011,2845,0.542,78,97
2025-11-28,game_detail_astro,5,3827,1972,0.382,100,98
2025-11-28,game_detail_gta6,5,17829,8148,0.410,153,98
2025-11-28,support,5,4212,2581,0.301,82,104
2025-11-28,product_ps5,6,20358,5152,0.548,60,92
2025-11-28,psplus,6,13640,4321,0.433,163,370
2025-11-28,product_ps5_pro,6,18440,4370,0.347,83,57
2025-11-28,home,6,24732,12336,0.370,67,86
2025-11-28,game_detail_spiderman2,6,7640,2409,0.434,189,62
2025-11-28,game_detail_astro,6,6127,2186,0.320,113,64
2025-11-28,game_detail_gta6,6,21189,8867,0.339,133,57
2025-11-28,support,6,5766,1957,0.402,89,55
2025-11-28,psplus,2,9146,4984,0.251,207,547
2025-11-28,product_ps5_pro,2,14863,5041,0.272,53,102
2025-11-28,product_ps5,2,15732,7840,0.387,195,62
2025-11-28,home,2,22761,7932,0.298,96,93
2025-11-28,game_detail_spiderman2,2,8613,3278,0.473,117,112
2025-11-28,game_detail_gta6,2,23667,6244,0.433,96,120
2025-11-28,game_detail_astro,2,4730,2235,0.462,180,80
2025-11-28,support,2,4320,1920,0.550,133,98
2025-11-28,product_ps5_pro,3,12896,6384,0.316,96,49
2025-11-28,product_ps5,3,15066,6168,0.291,76,92
2025-11-28,home,3,22761,11256,0.435,132,85
2025-11-28,psplus,3,7917,4601,0.370,121,768
2025-11-28,game_detail_spiderman2,3,10626,2746,0.504,76,103
2025-11-28,game_detail_gta6,3,18648,8941,0.309,87,71
2025-11-28,game_detail_astro,3,5901,2266,0.370,90,91
2025-11-28,support,3,4554,1984,0.280,161,58
2025-11-29,product_ps5,1,28103,4816,0.531,165,86
2025-11-29,psplus,1,16564,3878,0.489,216,778
2025-11-29,product_ps5_pro,1,13288,6846,0.480,85,66
2025-11-29,home,1,31793,8028,0.360,102,118
2025-11-29,game_detail_spiderman2,1,12488,3080,0.476,66,102
2025-11-29,game_detail_astro,1,7593,1612,0.410,120,80
2025-11-29,game_detail_gta6,1,21630,10061,0.493,155,112
2025-11-29,support,1,7748,2691,0.526,206,92
2025-11-29,psplus,4,9660,2940,0.544,145,600
2025-11-29,product_ps5_pro,4,17136,5402,0.293,78,55
2025-11-29,product_ps5,4,23063,7760,0.408,74,97
2025-11-29,home,4,26359,12624,0.454,130,63
2025-11-29,game_detail_spiderman2,4,9714,3355,0.510,163,80
2025-11-29,game_detail_astro,4,6792,1535,0.377,85,51
2025-11-29,game_detail_gta6,4,25646,5787,0.409,48,105
2025-11-29,support,4,5625,1747,0.311,183,115
2025-11-29,product_ps5_pro,5,13324,4991,0.310,112,112
2025-11-29,product_ps5,5,26100,8616,0.452,109,105
2025-11-29,psplus,5,15737,3803,0.288,126,690
2025-11-29,home,5,27304,9096,0.456,54,87
2025-11-29,game_detail_spiderman2,5,8580,2691,0.506,188,93
2025-11-29,game_detail_astro,5,7586,1535,0.306,150,98
2025-11-29,game_detail_gta6,5,30660,9315,0.409,88,68
2025-11-29,support,5,7823,2664,0.283,140,100
2025-11-29,product_ps5,6,17055,7136,0.332,154,110
2025-11-29,psplus,6,12364,4149,0.517,225,580
2025-11-29,product_ps5_pro,6,16726,5998,0.406,177,54
2025-11-29,home,6,34628,12564,0.340,58,82
2025-11-29,game_detail_spiderman2,6,11333,3641,0.400,182,118
2025-11-29,game_detail_astro,6,5217,2240,0.512,128,93
2025-11-29,game_detail_gta6,6,26303,7737,0.527,128,108
2025-11-29,support,6,7410,1957,0.307,54,92
2025-11-29,psplus,2,11773,4069,0.293,90,375
2025-11-29,product_ps5_pro,2,14945,6048,0.264,156,62
2025-11-29,product_ps5,2,28373,6040,0.458,214,52
2025-11-29,home,2,24536,10380,0.432,189,73
2025-11-29,game_detail_spiderman2,2,13396,2750,0.340,199,111
2025-11-29,game_detail_gta6,2,27773,7579,0.359,142,67
2025-11-29,game_detail_astro,2,7573,1549,0.433,78,93
2025-11-29,support,2,6570,2768,0.293,189,95
2025-11-29,product_ps5_pro,3,22034,5016,0.497,104,90
2025-11-29,product_ps5,3,22433,7664,0.358,84,116
2025-11-29,home,3,26089,9684,0.301,149,116
2025-11-29,psplus,3,9240,3472,0.480,69,586
2025-11-29,game_detail_spiderman2,3,8312,3612,0.546,140,77
2025-11-29,game_detail_gta6,3,31028,10145,0.513,116,103
2025-11-29,game_detail_astro,3,5073,2541,0.544,191,120
2025-11-29,support,3,8138,2923,0.366,91,86
2025-11-30,product_ps5,1,26100,4912,0.256,142,115
2025-11-30,psplus,1,11183,4349,0.344,124,508
2025-11-30,product_ps5_pro,1,20484,6777,0.414,149,61
2025-11-30,home,1,24199,12924,0.540,87,90
2025-11-30,game_detail_spiderman2,1,12231,2871,0.507,101,94
2025-11-30,game_detail_astro,1,6077,1479,0.255,211,97
2025-11-30,game_detail_gta6,1,30529,5908,0.448,182,103
2025-11-30,support,1,5888,2229,0.515,214,63
2025-11-30,psplus,4,14438,3906,0.465,165,558
2025-11-30,product_ps5_pro,4,12843,5542,0.546,78,120
2025-11-30,product_ps5,4,20700,8512,0.377,79,110
2025-11-30,home,4,32535,10032,0.395,119,74
2025-11-30,game_detail_spiderman2,4,12045,2391,0.541,89,51
2025-11-30,game_detail_astro,4,6845,2532,0.318,144,105
2025-11-30,game_detail_gta6,4,33994,7439,0.422,47,52
2025-11-30,support,4,7043,1931,0.358,219,84
2025-11-30,product_ps5_pro,5,12558,4243,0.460,191,48
2025-11-30,product_ps5,5,15930,7048,0.389,128,97
2025-11-30,psplus,5,9568,2823,0.298,49,646
2025-11-30,home,5,26055,12444,0.500,106,51
2025-11-30,game_detail_spiderman2,5,11395,3824,0.326,66,96
2025-11-30,game_detail_astro,5,7009,1743,0.347,126,55
2025-11-30,game_detail_gta6,5,29531,7653,0.345,115,69
2025-11-30,support,5,6758,2173,0.547,57,73
2025-11-30,product_ps5,6,26415,5392,0.519,214,113
2025-11-30,psplus,6,11235,4601,0.323,150,537
2025-11-30,product_ps5_pro,6,21268,5155,0.290,94,50
2025-11-30,home,6,31523,12660,0.312,89,113
2025-11-30,game_detail_spiderman2,6,7569,3150,0.382,181,111
2025-11-30,game_detail_astro,6,7645,2534,0.322,158,73
2025-11-30,game_detail_gta6,6,21446,8092,0.293,148,82
2025-11-30,support,6,5370,2531,0.284,193,72
2025-11-30,psplus,2,15619,4564,0.536,224,321
2025-11-30,product_ps5_pro,2,18240,5694,0.294,95,63
2025-11-30,product_ps5,2,19035,5712,0.387,141,120
2025-11-30,home,2,35370,8100,0.301,127,96
2025-11-30,game_detail_spiderman2,2,9054,3766,0.497,137,76
2025-11-30,game_detail_gta6,2,21604,6412,0.440,150,93
2025-11-30,game_detail_astro,2,7711,1664,0.285,160,66
2025-11-30,support,2,9165,2459,0.534,144,109
2025-11-30,product_ps5_pro,3,13912,5972,0.390,168,60
2025-11-30,product_ps5,3,17145,8144,0.432,67,53
2025-11-30,home,3,40534,10740,0.404,69,94
2025-11-30,psplus,3,14910,3715,0.310,90,775
2025-11-30,game_detail_spiderman2,3,10065,2603,0.326,54,84
2025-11-30,game_detail_gta6,3,19373,9511,0.346,180,73
2025-11-30,game_detail_astro,3,7252,1587,0.462,99,118
2025-11-30,support,3,5468,1888,0.346,76,49
2025-12-01,product_ps5,1,14868,6688,0.488,177,54
2025-12-01,psplus,1,11309,3957,0.253,60,485
2025-12-01,product_ps5_pro,1,14621,6574,0.330,164,91
2025-12-01,home,1,24057,13128,0.324,150,49
2025-12-01,game_detail_spiderman2,1,9694,2332,0.258,136,111
2025-12-01,game_detail_astro,1,4662,1937,0.497,104,111
2025-12-01,game_detail_gta6,1,23919,8624,0.443,162,51
2025-12-01,support,1,6234,1813,0.415,155,94
2025-12-01,psplus,4,11498,3953,0.309,117,335
2025-12-01,product_ps5_pro,4,10759,4604,0.474,73,78
2025-12-01,product_ps5,4,13104,6888,0.414,203,89
2025-12-01,home,4,21816,11112,0.357,204,63
2025-12-01,game_detail_spiderman2,4,7796,3865,0.339,73,68
2025-12-01,game_detail_astro,4,3801,2541,0.377,176,61
2025-12-01,game_detail_gta6,4,19047,7336,0.429,65,76
2025-12-01,support,4,6066,1979,0.312,110,50
2025-12-01,product_ps5_pro,5,11870,4775,0.464,58,110
2025-12-01,product_ps5,5,19350,7088,0.412,164,57
2025-12-01,psplus,5,11792,4391,0.425,212,683
2025-12-01,home,5,20169,11364,0.512,175,80
2025-12-01,game_detail_spiderman2,5,6938,3461,0.489,201,71
2025-12-01,game_detail_astro,5,5366,2210,0.519,158,79
2025-12-01,game_detail_gta6,5,25179,9212,0.388,146,90
2025-12-01,support,5,6060,2597,0.448,198,113
2025-12-01,product_ps5,6,15138,8256,0.520,131,99
2025-12-01,psplus,6,9030,3113,0.462,144,594
2025-12-01,product_ps5_pro,6,13766,5637,0.257,61,111
2025-12-01,home,6,26271,11292,0.392,114,87
2025-12-01,game_detail_spiderman2,6,6996,3274,0.463,100,114
2025-12-01,game_detail_astro,6,6101,2555,0.359,164,89
2025-12-01,game_detail_gta6,6,18816,8083,0.321,53,71
2025-12-01,support,6,6096,1731,0.413,184,100
2025-12-01,psplus,2,12884,3668,0.489,160,678
2025-12-01,product_ps5_pro,2,15590,6352,0.451,88,92
2025-12-01,product_ps5,2,17496,8784,0.369,208,114
2025-12-01,home,2,26784,12600,0.310,170,99
2025-12-01,game_detail_spiderman2,2,9455,2618,0.505,165,102
2025-12-01,game_detail_gta6,2,15309,10239,0.392,55,92
2025-12-01,game_detail_astro,2,6662,1603,0.547,146,116
2025-12-01,support,2,7416,1875,0.285,74,94
2025-12-01,product_ps5_pro,3,14051,5428,0.269,83,102
2025-12-01,product_ps5,3,19422,6400,0.327,92,104
2025-12-01,home,3,21843,13032,0.419,70,92
2025-12-01,psplus,3,9933,4928,0.431,98,514
2025-12-01,game_detail_spiderman2,3,7961,3549,0.526,194,88
2025-12-01,game_detail_gta6,3,24507,6505,0.436,214,100
2025-12-01,game_detail_astro,3,6720,1766,0.282,121,118
2025-12-01,support,3,6690,2032,0.420,89,51
2025-12-02,product_ps5,1,20088,5360,0.302,56,67
2025-12-02,psplus,1,12558,3089,0.354,110,456
2025-12-02,product_ps5_pro,1,11129,3996,0.279,168,67
2025-12-02,home,1,34182,9840,0.250,134,110
2025-12-02,game_detail_spiderman2,1,6344,2244,0.528,149,89
2025-12-02,game_detail_astro,1,6584,2567,0.386,170,108
2025-12-02,game_detail_gta6,1,23919,6076,0.461,48,86
2025-12-02,support,1,4758,2072,0.499,101,120
2025-12-02,psplus,4,10700,2931,0.428,225,738
2025-12-02,product_ps5_pro,4,17414,6675,0.533,144,95
2025-12-02,product_ps5,4,19026,6992,0.486,126,120
2025-12-02,home,4,28539,11580,0.271,166,88
2025-12-02,game_detail_spiderman2,4,8547,2493,0.271,122,50
2025-12-02,game_detail_astro,4,4006,1815,0.408,169,87
2025-12-02,game_detail_gta6,4,17661,8979,0.362,110,53
2025-12-02,support,4,4938,2032,0.473,118,50
2025-12-02,product_ps5_pro,5,12911,3914,0.418,202,57
2025-12-02,product_ps5,5,16254,5032,0.532,150,83
2025-12-02,psplus,5,12002,2819,0.451,163,526
2025-12-02,home,5,33966,8052,0.403,207,86
2025-12-02,game_detail_spiderman2,5,6353,2317,0.461,135,83
2025-12-02,game_detail_astro,5,3817,1745,0.281,214,115
2025-12-02,game_detail_gta6,5,17577,9473,0.363,101,119
2025-12-02,support,5,6318,2560,0.327,57,109
2025-12-02,product_ps5,6,21960,7072,0.541,58,60
2025-12-02,psplus,6,8117,4737,0.257,49,500
2025-12-02,product_ps5_pro,6,12440,5744,0.339,48,111
2025-12-02,home,6,21114,9132,0.489,165,112
2025-12-02,game_detail_spiderman2,6,7689,2292,0.284,215,88
2025-12-02,game_detail_astro,6,4442,1526,0.542,156,80
2025-12-02,game_detail_gta6,6,16674,8055,0.479,210,66
2025-12-02,support,6,5640,2200,0.449,106,98
2025-12-02,psplus,2,9986,4415,0.343,61,431
2025-12-02,product_ps5_pro,2,16673,6169,0.481,106,116
2025-12-02,product_ps5,2,17496,4832,0.263,64,84
2025-12-02,home,2,33912,8832,0.425,218,62
2025-12-02,game_detail_spiderman2,2,6485,3359,0.491,94,96
2025-12-02,game_detail_gta6,2,15057,7205,0.485,151,115
2025-12-02,game_detail_astro,2,4137,2515,0.266,46,91
2025-12-02,support,2,7434,2205,0.413,132,61
2025-12-02,product_ps5_pro,3,15561,5789,0.455,195,114
2025-12-02,product_ps5,3,12654,7056,0.536,124,70
2025-12-02,home,3,34290,7896,0.435,125,79
2025-12-02,psplus,3,10962,3738,0.437,157,492
2025-12-02,game_detail_spiderman2,3,10395,3795,0.540,159,81
2025-12-02,game_detail_gta6,3,23079,8512,0.355,192,110
2025-12-02,game_detail_astro,3,6017,2399,0.424,145,51
2025-12-02,support,3,7734,1765,0.525,190,92
2025-12-03,product_ps5,1,17604,5616,0.501,154,66
2025-12-03,psplus,1,9209,3505,0.318,156,479
2025-12-03,product_ps5_pro,1,14108,4370,0.327,118,57
2025-12-03,home,1,20034,10332,0.530,47,113
2025-12-03,game_detail_spiderman2,1,6815,2596,0.321,208,117
2025-12-03,game_detail_astro,1,6027,2326,0.279,197,85
2025-12-03,game_detail_gta6,1,16275,6235,0.540,170,58
2025-12-03,support,1,7062,2869,0.321,52,90
2025-12-03,psplus,4,9776,3029,0.386,131,500
2025-12-03,product_ps5_pro,4,13523,5801,0.496,201,71
2025-12-03,product_ps5,4,19530,5744,0.388,139,81
2025-12-03,home,4,18954,7392,0.344,126,118
2025-12-03,game_detail_spiderman2,4,6328,3043,0.342,197,100
2025-12-03,game_detail_astro,4,4851,1920,0.299,147,107
2025-12-03,game_detail_gta6,4,23079,9912,0.420,50,113
2025-12-03,support,4,6912,1632,0.495,108,87
2025-12-03,product_ps5_pro,5,14806,5282,0.321,95,100
2025-12-03,product_ps5,5,19494,8208,0.497,148,99
2025-12-03,psplus,5,9492,4723,0.451,185,346
2025-12-03,home,5,22167,9816,0.257,146,78
2025-12-03,game_detail_spiderman2,5,6740,2306,0.484,160,78
2025-12-03,game_detail_astro,5,6815,2028,0.355,116,64
2025-12-03,game_detail_gta6,5,16569,6235,0.404,201,94
2025-12-03,support,5,5130,2651,0.291,99,63
2025-12-03,product_ps5,6,19116,7352,0.452,204,79
2025-12-03,psplus,6,12789,4933,0.395,89,394
2025-12-03,product_ps5_pro,6,13737,4142,0.296,112,62
2025-12-03,home,6,22221,9048,0.483,60,81
2025-12-03,game_detail_spiderman2,6,9529,3491,0.453,84,76
2025-12-03,game_detail_astro,6,6484,2553,0.346,65,53
2025-12-03,game_detail_gta6,6,22575,6879,0.258,60,74
2025-12-03,support,6,4332,2083,0.389,70,105
2025-12-03,psplus,2,11550,4891,0.376,209,699
2025-12-03,product_ps5_pro,2,17699,4408,0.360,80,110
2025-12-03,product_ps5,2,14472,6576,0.479,187,95
2025-12-03,home,2,31968,8172,0.516,142,93
2025-12-03,game_detail_spiderman2,2,8382,3164,0.469,153,51
2025-12-03,game_detail_gta6,2,16800,8195,0.306,89,119
2025-12-03,game_detail_astro,2,5796,1771,0.324,107,87
2025-12-03,support,2,6102,2723,0.274,70,69
2025-12-03,product_ps5_pro,3,14336,5643,0.452,66,98
2025-12-03,product_ps5,3,13194,5824,0.457,159,89
2025-12-03,home,3,31212,10224,0.268,180,105
2025-12-03,psplus,3,11466,3365,0.535,199,704
2025-12-03,game_detail_spiderman2,3,6584,3241,0.458,119,94
2025-12-03,game_detail_gta6,3,19530,6655,0.288,216,107
2025-12-03,game_detail_astro,3,5507,2429,0.382,178,56
2025-12-03,support,3,6090,1741,0.484,86,48
2025-12-04,product_ps5,1,19620,5304,0.459,123,81
2025-12-04,psplus,1,9146,4648,0.428,177,655
2025-12-04,product_ps5_pro,1,14222,4680,0.264,101,112
2025-12-04,home,1,22950,11592,0.334,159,106
2025-12-04,game_detail_spiderman2,1,9455,2754,0.368,63,62
2025-12-04,game_detail_astro,1,6710,2126,0.345,186,73
2025-12-04,game_detail_gta6,1,15834,8661,0.476,58,57
2025-12-04,support,1,4626,1888,0.409,159,105
2025-12-04,psplus,4,7361,3486,0.527,176,377
2025-12-04,product_ps5_pro,4,11813,5884,0.286,45,66
2025-12-04,product_ps5,4,23382,5680,0.355,103,119
2025-12-04,home,4,34533,8700,0.370,178,91
2025-12-04,game_detail_spiderman2,4,6402,2900,0.307,194,106
2025-12-04,game_detail_astro,4,6405,2315,0.470,138,57
2025-12-04,game_detail_gta6,4,24969,5749,0.503,115,102
2025-12-04,support,4,6660,2552,0.273,103,82
2025-12-04,product_ps5_pro,5,11571,6067,0.463,52,75
2025-12-04,product_ps5,5,17496,5632,0.485,86,76
2025-12-04,psplus,5,11739,4284,0.269,115,517
2025-12-04,home,5,29943,8064,0.391,148,116
2025-12-04,game_detail_spiderman2,5,7549,2922,0.318,181,72
2025-12-04,game_detail_astro,5,4646,1745,0.294,131,77
2025-12-04,game_detail_gta6,5,18732,7047,0.382,132,102
2025-12-04,support,5,7482,2899,0.536,170,48
2025-12-04,product_ps5,6,12690,5704,0.448,140,59
2025-12-04,psplus,6,8264,3164,0.505,80,434
2025-12-04,product_ps5_pro,6,13338,5991,0.263,211,94
2025-12-04,home,6,19089,11184,0.303,89,85
2025-12-04,game_detail_spiderman2,6,8300,2860,0.338,91,50
2025-12-04,game_detail_astro,6,6185,1503,0.448,187,92
2025-12-04,game_detail_gta6,6,17913,6533,0.528,192,50
2025-12-04,support,6,4710,2696,0.394,53,84
2025-12-04,psplus,2,9555,4209,0.340,222,491
2025-12-04,product_ps5_pro,2,17015,4889,0.331,182,59
2025-12-04,product_ps5,2,22176,7512,0.250,92,85
2025-12-04,home,2,28431,10908,0.533,100,50
2025-12-04,game_detail_spiderman2,2,8019,2937,0.344,69,75
2025-12-04,game_detail_gta6,2,26901,7159,0.462,116,68
2025-12-04,game_detail_astro,2,6605,1661,0.450,50,80
2025-12-04,support,2,6858,2235,0.436,56,93
2025-12-04,product_ps5_pro,3,10103,6758,0.401,169,58
2025-12-04,product_ps5,3,19368,5984,0.360,91,117
2025-12-04,home,3,26055,12324,0.268,69,61
2025-12-04,psplus,3,10941,4326,0.514,53,424
2025-12-04,game_detail_spiderman2,3,9859,3542,0.327,51,64
2025-12-04,game_detail_gta6,3,15183,7607,0.323,120,95
2025-12-04,game_detail_astro,3,5045,1890,0.366,88,94
2025-12-04,support,3,5118,1784,0.449,108,107
2025-12-05,product_ps5,1,19476,5656,0.446,162,70
2025-12-05,psplus,1,11445,4928,0.257,175,445
2025-12-05,product_ps5_pro,1,17086,6333,0.353,135,105
2025-12-05,home,1,26379,12780,0.267,100,48
2025-12-05,game_detail_spiderman2,1,7763,2897,0.416,224,88
2025-12-05,game_detail_astro,1,4394,2520,0.463,164,102
2025-12-05,game_detail_gta6,1,19320,9399,0.316,47,105
2025-12-05,support,1,7524,2011,0.369,113,61
2025-12-05,psplus,4,9954,5031,0.277,145,542
2025-12-05,product_ps5_pro,4,17542,6352,0.339,182,94
2025-12-05,product_ps5,4,17424,7272,0.491,190,106
2025-12-05,home,4,28485,11796,0.250,76,119
2025-12-05,game_detail_spiderman2,4,7120,2611,0.327,126,55
2025-12-05,game_detail_astro,4,5366,1617,0.483,211,54
2025-12-05,game_detail_gta6,4,21630,9940,0.393,86,107
2025-12-05,support,4,7338,2640,0.415,119,56
2025-12-05,product_ps5_pro,5,11870,6764,0.327,132,67
2025-12-05,product_ps5,5,23202,7656,0.289,172,84
2025-12-05,psplus,5,10889,3869,0.294,206,394
2025-12-05,home,5,25677,11472,0.539,194,114
2025-12-05,game_detail_spiderman2,5,8778,3362,0.467,220,52
2025-12-05,game_detail_astro,5,4400,1402,0.335,175,111
2025-12-05,game_detail_gta6,5,21462,7784,0.470,124,54
2025-12-05,support,5,6540,2115,0.271,204,94
2025-12-05,product_ps5,6,21978,7192,0.251,211,52
2025-12-05,psplus,6,12201,3626,0.534,66,481
2025-12-05,product_ps5_pro,6,15248,5282,0.318,84,98
2025-12-05,home,6,25515,8652,0.301,172,116
2025-12-05,game_detail_spiderman2,6,6641,2992,0.538,108,49
2025-12-05,game_detail_astro,6,6074,1500,0.360,146,76
2025-12-05,game_detail_gta6,6,19215,8755,0.395,162,116
2025-12-05,support,6,6870,2811,0.534,189,105
2025-12-05,psplus,2,11540,3421,0.530,63,481
2025-12-05,product_ps5_pro,2,13951,4319,0.284,66,89
2025-12-05,product_ps5,2,17550,8232,0.464,79,113
2025-12-05,home,2,25731,7752,0.415,169,103
2025-12-05,game_detail_spiderman2,2,9512,2354,0.277,139,72
2025-12-05,game_detail_gta6,2,24171,7317,0.466,68,68
2025-12-05,game_detail_astro,2,5266,2200,0.533,137,53
2025-12-05,support,2,6720,2435,0.495,74,118
2025-12-05,product_ps5_pro,3,17414,5086,0.403,152,87
2025-12-05,product_ps5,3,20736,6248,0.277,152,117
2025-12-05,home,3,29430,11292,0.358,148,76
2025-12-05,psplus,3,12012,4597,0.387,92,728
2025-12-05,game_detail_spiderman2,3,10304,2871,0.360,49,96
2025-12-05,game_detail_gta6,3,22638,9240,0.401,58,114
2025-12-05,game_detail_astro,3,4741,1643,0.420,208,81
2025-12-05,support,3,5634,2501,0.537,66,81
2025-12-06,product_ps5,1,17550,8784,0.427,81,114
2025-12-06,psplus,1,15711,3341,0.401,174,770
2025-12-06,product_ps5_pro,1,19647,6321,0.469,156,98
2025-12-06,home,1,32164,7932,0.280,216,65
2025-12-06,game_detail_spiderman2,1,10952,4022,0.387,215,71
2025-12-06,game_detail_astro,1,6359,2051,0.435,163,83
2025-12-06,game_detail_gta6,1,30450,7737,0.475,190,117
2025-12-06,support,1,8768,2213,0.430,118,100
2025-12-06,psplus,4,13716,3617,0.358,220,659
2025-12-06,product_ps5_pro,4,16441,5105,0.522,72,62
2025-12-06,product_ps5,4,18360,8688,0.450,82,93
2025-12-06,home,4,27709,12552,0.482,99,59
2025-12-06,game_detail_spiderman2,4,10921,2479,0.422,72,87
2025-12-06,game_detail_astro,4,6910,2074,0.481,219,108
2025-12-06,game_detail_gta6,4,32183,9800,0.260,150,108
2025-12-06,support,4,6000,2296,0.411,90,63
2025-12-06,product_ps5_pro,5,14820,6758,0.432,127,75
2025-12-06,product_ps5,5,17865,7864,0.269,72,84
2025-12-06,psplus,5,13046,3360,0.526,177,360
2025-12-06,home,5,30814,8112,0.542,165,77
2025-12-06,game_detail_spiderman2,5,7384,3091,0.488,58,85
2025-12-06,game_detail_astro,5,7284,1953,0.497,142,91
2025-12-06,game_detail_gta6,5,21604,8017,0.268,212,97
2025-12-06,support,5,8340,2277,0.307,199,77
2025-12-06,product_ps5,6,25920,6224,0.326,195,113
2025-12-06,psplus,6,9568,3631,0.368,177,327
2025-12-06,product_ps5_pro,6,17688,5516,0.305,183,91
2025-12-06,home,6,26055,11484,0.511,163,90
2025-12-06,game_detail_spiderman2,6,11550,2431,0.502,200,73
2025-12-06,game_detail_astro,6,6956,1902,0.507,136,64
2025-12-06,game_detail_gta6,6,19425,7075,0.508,198,73
2025-12-06,support,6,5610,1712,0.458,201,115
2025-12-06,psplus,2,15803,2945,0.295,144,676
2025-12-06,product_ps5_pro,2,22337,6903,0.524,77,97
2025-12-06,product_ps5,2,16920,6192,0.384,136,63
2025-12-06,home,2,38070,12996,0.437,157,78
2025-12-06,game_detail_spiderman2,2,13355,2618,0.426,224,105
2025-12-06,game_detail_gta6,2,18926,6085,0.306,204,116
2025-12-06,game_detail_astro,2,7435,2392,0.430,52,102
2025-12-06,support,2,9023,2675,0.413,131,96
2025-12-06,product_ps5_pro,3,18418,4129,0.512,208,48
2025-12-06,product_ps5,3,15975,5160,0.321,76,56
2025-12-06,home,3,30949,7596,0.502,133,77
2025-12-06,psplus,3,10986,5054,0.302,123,679
2025-12-06,game_detail_spiderman2,3,9725,3901,0.255,210,60
2025-12-06,game_detail_gta6,3,27326,6981,0.305,151,115
2025-12-06,game_detail_astro,3,7120,1881,0.374,63,71
2025-12-06,support,3,7943,2435,0.417,200,60
2025-12-07,product_ps5,1,16493,6072,0.550,47,99
2025-12-07,psplus,1,16524,4863,0.348,183,624
2025-12-07,product_ps5_pro,1,12558,6568,0.465,91,82
2025-12-07,home,1,24874,11880,0.512,139,92
2025-12-07,game_detail_spiderman2,1,8302,2911,0.368,50,86
2025-12-07,game_detail_astro,1,8374,2053,0.466,192,84
2025-12-07,game_detail_gta6,1,21473,7093,0.497,78,92
2025-12-07,support,1,9465,2088,0.506,53,85
2025-12-07,psplus,4,16774,3192,0.401,92,321
2025-12-07,product_ps5_pro,4,13609,5200,0.476,114,61
2025-12-07,product_ps5,4,26145,8016,0.450,166,61
2025-12-07,home,4,33514,10716,0.477,120,110
2025-12-07,game_detail_spiderman2,4,12148,3245,0.466,49,59
2025-12-07,game_detail_astro,4,7166,1610,0.334,48,64
2025-12-07,game_detail_gta6,4,23021,6076,0.504,223,51
2025-12-07,support,4,9743,2021,0.500,98,78
2025-12-07,product_ps5_pro,5,15176,5972,0.467,204,60
2025-12-07,product_ps5,5,25200,7736,0.411,51,64
2025-12-07,psplus,5,15317,3971,0.320,171,626
2025-12-07,home,5,42458,7920,0.344,74,103
2025-12-07,game_detail_spiderman2,5,10704,2695,0.430,142,87
2025-12-07,game_detail_astro,5,7475,1836,0.282,211,75
2025-12-07,game_detail_gta6,5,18585,8465,0.447,221,96
2025-12-07,support,5,6930,2059,0.391,86,82
2025-12-07,product_ps5,6,19013,4976,0.550,163,52
2025-12-07,psplus,6,12954,4643,0.322,93,560
2025-12-07,product_ps5_pro,6,20841,5383,0.543,93,76
2025-12-07,home,6,39386,11652,0.550,136,78
2025-12-07,game_detail_spiderman2,6,11344,3542,0.521,186,71
2025-12-07,game_detail_astro,6,5355,2389,0.335,187,113
2025-12-07,game_detail_gta6,6,33311,6776,0.394,126,57
2025-12-07,support,6,8505,2165,0.257,217,69
2025-12-07,psplus,2,10172,3547,0.444,87,389
2025-12-07,product_ps5_pro,2,21945,4471,0.377,225,69
2025-12-07,product_ps5,2,16830,4904,0.430,183,75
2025-12-07,home,2,34729,11400,0.305,70,112
2025-12-07,game_detail_spiderman2,2,9725,3076,0.398,109,75
2025-12-07,game_detail_gta6,2,26775,8400,0.414,153,50
2025-12-07,game_detail_astro,2,8151,2191,0.446,96,55
2025-12-07,support,2,9548,2435,0.468,55,93
2025-12-07,product_ps5_pro,3,19558,4351,0.408,92,118
2025-12-07,product_ps5,3,26393,6704,0.303,85,91
2025-12-07,home,3,39218,8088,0.320,211,109
2025-12-07,psplus,3,14451,2963,0.438,110,465
2025-12-07,game_detail_spiderman2,3,10570,3318,0.453,94,102
2025-12-07,game_detail_gta6,3,24675,8064,0.313,215,68
2025-12-07,game_detail_astro,3,7022,1475,0.456,149,53
2025-12-07,support,3,6518,2115,0.484,175,96
2025-12-08,product_ps5,1,13896,6176,0.473,60,110
2025-12-08,psplus,1,12558,5101,0.479,154,390
2025-12-08,product_ps5_pro,1,15732,5523,0.451,177,73
2025-12-08,home,1,24300,12492,0.480,153,89
2025-12-08,game_detail_spiderman2,1,7260,3007,0.404,69,119
2025-12-08,game_detail_astro,1,6731,2044,0.253,137,74
2025-12-08,game_detail_gta6,1,19593,8213,0.394,52,86
2025-12-08,support,1,7248,2864,0.442,148,107
2025-12-08,psplus,4,8264,3673,0.523,172,682
2025-12-08,product_ps5_pro,4,14792,6625,0.519,178,78
2025-12-08,product_ps5,4,17064,7152,0.393,185,71
2025-12-08,home,4,34236,7308,0.426,70,82
2025-12-08,game_detail_spiderman2,4,8168,3216,0.307,139,62
2025-12-08,game_detail_astro,4,5203,1850,0.309,62,75
2025-12-08,game_detail_gta6,4,15561,6440,0.332,113,66
2025-12-08,support,4,5424,1952,0.320,195,83
2025-12-08,product_ps5_pro,5,10474,4300,0.386,138,62
2025-12-08,product_ps5,5,15480,6704,0.466,201,92
2025-12-08,psplus,5,8946,4331,0.406,119,743
2025-12-08,home,5,26379,7200,0.397,215,78
2025-12-08,game_detail_spiderman2,5,9603,2273,0.328,79,109
2025-12-08,game_detail_astro,5,6379,2067,0.535,198,104
2025-12-08,game_detail_gta6,5,20937,8531,0.530,217,68
2025-12-08,support,5,6714,1709,0.421,73,118
2025-12-08,product_ps5,6,14130,8600,0.343,142,77
2025-12-08,psplus,6,9219,3071,0.377,161,368
2025-12-08,product_ps5_pro,6,14777,4535,0.505,190,119
2025-12-08,home,6,30267,9600,0.457,124,116
2025-12-08,game_detail_spiderman2,6,10354,2801,0.478,99,97
2025-12-08,game_detail_astro,6,6636,2403,0.506,147,93
2025-12-08,game_detail_gta6,6,20013,5600,0.550,174,81
2025-12-08,support,6,6888,2528,0.295,137,76
2025-12-08,psplus,2,9933,4970,0.462,207,559
2025-12-08,product_ps5_pro,2,16587,4902,0.329,199,85
2025-12-08,product_ps5,2,20898,7744,0.342,108,81
2025-12-08,home,2,21870,7560,0.544,160,77
2025-12-08,game_detail_spiderman2,2,10610,3403,0.482,148,110
2025-12-08,game_detail_gta6,2,25095,6963,0.396,222,80
2025-12-08,game_detail_astro,2,4515,1587,0.289,95,83
2025-12-08,support,2,4908,2357,0.287,75,49
2025-12-08,product_ps5_pro,3,18083,5808,0.417,185,111
2025-12-08,product_ps5,3,18810,7824,0.491,79,116
2025-12-08,home,3,25731,8892,0.496,162,108
2025-12-08,psplus,3,9303,3019,0.519,192,379
2025-12-08,game_detail_spiderman2,3,10618,2284,0.375,211,83
2025-12-08,game_detail_gta6,3,16086,5871,0.450,93,98
2025-12-08,game_detail_astro,3,6074,2396,0.447,128,88
2025-12-08,support,3,6318,1925,0.492,161,74
2025-12-09,product_ps5,1,13284,5824,0.431,209,88
2025-12-09,psplus,1,9513,3052,0.344,81,362
2025-12-09,product_ps5_pro,1,15162,4604,0.423,180,70
2025-12-09,home,1,31590,7524,0.392,69,94
2025-12-09,game_detail_spiderman2,1,6138,2380,0.359,102,98
2025-12-09,game_detail_astro,1,4909,1811,0.414,175,60
2025-12-09,game_detail_gta6,1,22302,7429,0.311,171,80
2025-12-09,support,1,5562,2541,0.426,81,97
2025-12-09,psplus,4,12947,4279,0.443,74,556
2025-12-09,product_ps5_pro,4,14136,6694,0.472,203,95
2025-12-09,product_ps5,4,18450,5248,0.350,116,103
2025-12-09,home,4,20709,10512,0.290,62,90
2025-12-09,game_detail_spiderman2,4,6047,3909,0.392,56,81
2025-12-09,game_detail_astro,4,4457,1549,0.371,57,55
2025-12-09,game_detail_gta6,4,15141,5647,0.429,185,117
2025-12-09,support,4,7506,2304,0.488,179,72
2025-12-09,product_ps5_pro,5,15034,5206,0.546,157,65
2025-12-09,product_ps5,5,14274,7712,0.378,216,81
2025-12-09,psplus,5,9440,4130,0.405,155,732
2025-12-09,home,5,25488,9552,0.321,114,77
2025-12-09,game_detail_spiderman2,5,10684,2937,0.526,63,85
2025-12-09,game_detail_astro,5,6064,2098,0.521,134,60
2025-12-09,game_detail_gta6,5,21336,7943,0.319,108,79
2025-12-09,support,5,4452,2552,0.292,50,55
2025-12-09,product_ps5,6,20700,6960,0.259,159,60
2025-12-09,psplus,6,10826,4713,0.268,196,540
2025-12-09,product_ps5_pro,6,11657,5839,0.435,181,100
2025-12-09,home,6,27081,7764,0.414,97,70
2025-12-09,game_detail_spiderman2,6,10280,3359,0.492,136,85
2025-12-09,game_detail_astro,6,4788,1855,0.548,125,102
2025-12-09,game_detail_gta6,6,21777,10089,0.274,196,82
2025-12-09,support,6,7194,2731,0.277,154,102
2025-12-09,psplus,2,8264,4685,0.526,170,507
2025-12-09,product_ps5_pro,2,11087,5238,0.412,184,79
2025-12-09,product_ps5,2,16200,6480,0.301,75,68
2025-12-09,home,2,32022,13068,0.550,77,91
2025-12-09,game_detail_spiderman2,2,8506,3890,0.425,78,92
2025-12-09,game_detail_gta6,2,20181,7961,0.493,82,87
2025-12-09,game_detail_astro,2,6395,1426,0.265,74,91
2025-12-09,support,2,5598,2357,0.547,48,104
2025-12-09,product_ps5_pro,3,16017,5922,0.517,60,98
2025-12-09,product_ps5,3,15264,6136,0.495,146,99
2025-12-09,home,3,28566,9924,0.394,153,93
2025-12-09,psplus,3,9188,3500,0.357,121,558
2025-12-09,game_detail_spiderman2,3,8423,2776,0.417,208,80
2025-12-09,game_detail_gta6,3,19047,6552,0.335,113,103
2025-12-09,game_detail_astro,3,4153,1951,0.466,63,114
2025-12-09,support,3,4926,1912,0.373,167,58
2025-12-10,product_ps5,1,21456,7496,0.421,63,80
2025-12-10,psplus,1,10595,3346,0.267,155,728
2025-12-10,product_ps5_pro,1,15162,6466,0.469,58,51
2025-12-10,home,1,21708,7332,0.336,223,77
2025-12-10,game_detail_spiderman2,1,8201,3989,0.472,205,65
2025-12-10,game_detail_astro,1,4148,1699,0.264,222,66
2025-12-10,game_detail_gta6,1,22008,6729,0.439,157,96
2025-12-10,support,1,5244,1619,0.524,53,58
2025-12-10,psplus,4,11393,4443,0.330,72,352
2025-12-10,product_ps5_pro,4,16017,4034,0.313,194,60
2025-12-10,product_ps5,4,15300,6936,0.275,58,110
2025-12-10,home,4,32049,9540,0.547,183,97
2025-12-10,game_detail_spiderman2,4,7887,3249,0.300,156,53
2025-12-10,game_detail_astro,4,3728,1850,0.437,199,78
2025-12-10,game_detail_gta6,4,20181,7747,0.469,214,117
2025-12-10,support,4,7338,1763,0.363,198,79
2025-12-10,product_ps5_pro,5,12212,4117,0.314,152,71
2025-12-10,product_ps5,5,16002,8752,0.477,120,81
2025-12-10,psplus,5,8379,4405,0.349,96,638
2025-12-10,home,5,20520,10776,0.386,120,80
2025-12-10,game_detail_spiderman2,5,7829,3637,0.260,179,112
2025-12-10,game_detail_astro,5,5271,1500,0.442,81,61
2025-12-10,game_detail_gta6,5,19803,7327,0.253,182,57
2025-12-10,support,5,4548,1885,0.321,202,80
2025-12-10,product_ps5,6,19476,6176,0.290,53,93
2025-12-10,psplus,6,10343,4513,0.531,53,485
2025-12-10,product_ps5_pro,6,14407,4427,0.291,110,106
2025-12-10,home,6,31779,7356,0.456,62,78
2025-12-10,game_detail_spiderman2,6,9776,3370,0.484,88,56
2025-12-10,game_detail_astro,6,5507,1454,0.543,214,119
2025-12-10,game_detail_gta6,6,24003,9688,0.259,137,110
2025-12-10,support,6,5676,2125,0.452,193,74
2025-12-10,psplus,2,12884,4508,0.380,102,756
2025-12-10,product_ps5_pro,2,10844,5054,0.375,156,76
2025-12-10,product_ps5,2,18882,6288,0.346,145,51
2025-12-10,home,2,19278,7920,0.327,67,48
2025-12-10,game_detail_spiderman2,2,8192,2717,0.277,203,54
2025-12-10,game_detail_gta6,2,25809,7233,0.274,196,78
2025-12-10,game_detail_astro,2,4704,2021,0.434,155,52
2025-12-10,support,2,6294,1949,0.465,50,100
2025-12-10,product_ps5_pro,3,16473,5339,0.511,118,58
2025-12-10,product_ps5,3,13950,8776,0.511,119,87
2025-12-10,home,3,24867,10308,0.373,47,56
2025-12-10,psplus,3,11571,4144,0.465,166,451
2025-12-10,game_detail_spiderman2,3,9347,3139,0.461,203,95
2025-12-10,game_detail_gta6,3,18627,8512,0.357,85,56
2025-12-10,game_detail_astro,3,5360,2259,0.372,105,103
2025-12-10,support,3,6954,1648,0.421,172,52
2025-12-11,product_ps5,1,13194,7592,0.325,84,72
2025-12-11,psplus,1,10154,3229,0.406,130,766
2025-12-11,product_ps5_pro,1,15818,4978,0.344,210,64
2025-12-11,home,1,30051,7848,0.545,188,96
2025-12-11,game_detail_spiderman2,1,7508,3197,0.388,177,84
2025-12-11,game_detail_astro,1,5182,2352,0.302,220,100
2025-12-11,game_detail_gta6,1,18690,10201,0.517,86,79
2025-12-11,support,1,4938,2408,0.481,77,93
2025-12-11,psplus,4,8946,3603,0.425,204,523
2025-12-11,product_ps5_pro,4,9989,5168,0.419,80,70
2025-12-11,product_ps5,4,14256,5336,0.536,192,57
2025-12-11,home,4,31536,10428,0.324,135,83
2025-12-11,game_detail_spiderman2,4,8704,3868,0.283,180,78
2025-12-11,game_detail_astro,4,4258,1475,0.456,59,99
2025-12-11,game_detail_gta6,4,25347,7793,0.492,153,71
2025-12-11,support,4,6396,2645,0.374,171,65
2025-12-11,product_ps5_pro,5,17670,5858,0.530,222,55
2025-12-11,product_ps5,5,18270,8608,0.264,210,92
2025-12-11,psplus,5,12905,2912,0.409,198,678
2025-12-11,home,5,31590,11868,0.351,144,107
2025-12-11,game_detail_spiderman2,5,9776,2622,0.261,106,107
2025-12-11,game_detail_astro,5,6626,1731,0.291,184,91
2025-12-11,game_detail_gta6,5,15960,9081,0.468,118,109
2025-12-11,support,5,6342,2187,0.479,213,88
2025-12-11,product_ps5,6,22032,8592,0.260,66,73
2025-12-11,psplus,6,10458,3738,0.357,173,686
2025-12-11,product_ps5_pro,6,14749,3863,0.550,158,54
2025-12-11,home,6,34425,11064,0.497,87,77
2025-12-11,game_detail_spiderman2,6,10676,2743,0.526,113,92
2025-12-11,game_detail_astro,6,6563,1685,0.420,135,78
2025-12-11,game_detail_gta6,6,18774,6412,0.431,112,50
2025-12-11,support,6,4920,2931,0.426,156,63
2025-12-11,psplus,2,12726,4149,0.398,210,324
2025-12-11,product_ps5_pro,2,11714,6074,0.491,52,69
2025-12-11,product_ps5,2,21888,5960,0.545,176,67
2025-12-11,home,2,24894,8772,0.389,160,85
2025-12-11,game_detail_spiderman2,2,8630,3623,0.311,124,66
2025-12-11,game_detail_gta6,2,23436,9371,0.544,103,83
2025-12-11,game_detail_astro,2,4615,1678,0.287,103,64
2025-12-11,support,2,7206,2107,0.291,75,118
2025-12-11,product_ps5_pro,3,11999,6226,0.415,219,89
2025-12-11,product_ps5,3,22716,5544,0.424,225,51
2025-12-11,home,3,34668,11352,0.314,78,102
2025-12-11,psplus,3,11550,4153,0.295,216,609
2025-12-11,game_detail_spiderman2,3,9859,3828,0.264,143,72
2025-12-11,game_detail_gta6,3,25095,6076,0.254,162,108
2025-12-11,game_detail_astro,3,5817,1864,0.371,48,62
2025-12-11,support,3,5562,2877,0.318,192,67
2025-12-12,product_ps5,1,14220,7520,0.334,188,56
2025-12-12,psplus,1,10773,3183,0.353,184,399
2025-12-12,product_ps5_pro,1,11585,6048,0.456,105,89
2025-12-12,home,1,21519,13032,0.334,175,62
2025-12-12,game_detail_spiderman2,1,9306,3678,0.332,104,114
2025-12-12,game_detail_astro,1,4226,2515,0.304,139,70
2025-12-12,game_detail_gta6,1,21231,6319,0.374,56,105
2025-12-12,support,1,6630,1995,0.493,79,81
2025-12-12,psplus,4,9356,3729,0.399,92,750
2025-12-12,product_ps5_pro,4,10673,4940,0.408,79,102
2025-12-12,product_ps5,4,14076,8616,0.370,83,102
2025-12-12,home,4,32319,13104,0.502,77,115
2025-12-12,game_detail_spiderman2,4,10172,2402,0.276,203,92
2025-12-12,game_detail_astro,4,4363,1738,0.279,74,85
2025-12-12,game_detail_gta6,4,18732,8260,0.506,211,70
2025-12-12,support,4,6642,1688,0.492,154,109
2025-12-12,product_ps5_pro,5,12654,6802,0.279,66,114
2025-12-12,product_ps5,5,15570,7632,0.383,65,49
2025-12-12,psplus,5,10794,4877,0.440,154,442
2025-12-12,home,5,25029,9948,0.489,142,91
2025-12-12,game_detail_spiderman2,5,6765,3260,0.269,53,86
2025-12-12,game_detail_astro,5,6279,1615,0.465,208,68
2025-12-12,game_detail_gta6,5,23667,5721,0.385,138,53
2025-12-12,support,5,7404,2299,0.275,214,57
2025-12-12,product_ps5,6,17370,6200,0.497,59,102
2025-12-12,psplus,6,7665,3365,0.291,133,327
2025-12-12,product_ps5_pro,6,18297,6637,0.452,182,100
2025-12-12,home,6,30564,8628,0.435,171,79
2025-12-12,game_detail_spiderman2,6,9001,2640,0.549,160,90
2025-12-12,game_detail_astro,6,6804,2070,0.325,117,85
2025-12-12,game_detail_gta6,6,21483,7887,0.290,91,114
2025-12-12,support,6,7596,1645,0.325,61,107
2025-12-12,psplus,2,10427,3117,0.522,135,634
2025-12-12,product_ps5_pro,2,14108,6447,0.534,177,97
2025-12-12,product_ps5,2,17586,6440,0.354,109,54
2025-12-12,home,2,32535,9204,0.546,209,57
2025-12-12,game_detail_spiderman2,2,7920,2746,0.472,192,74
2025-12-12,game_detail_gta6,2,22092,9781,0.379,142,76
2025-12-12,game_detail_astro,2,4725,1517,0.381,93,81
2025-12-12,support,2,5100,2931,0.388,166,78
2025-12-12,product_ps5_pro,3,18454,4864,0.505,197,101
2025-12-12,product_ps5,3,20592,6888,0.398,107,104
2025-12-12,home,3,19683,8268,0.473,78,118
2025-12-12,psplus,3,7350,3738,0.503,160,635
2025-12-12,game_detail_spiderman2,3,8737,3575,0.379,114,104
2025-12-12,game_detail_gta6,3,25536,8055,0.527,92,94
2025-12-12,game_detail_astro,3,6274,1475,0.403,199,80
2025-12-12,support,3,6534,2477,0.410,49,117
2025-12-13,product_ps5,1,26348,6280,0.323,175,112
2025-12-13,psplus,1,11852,3817,0.409,63,573
2025-12-13,product_ps5_pro,1,13359,5307,0.503,178,58
2025-12-13,home,1,42863,12156,0.470,130,112
2025-12-13,game_detail_spiderman2,1,12922,4022,0.542,189,106
2025-12-13,game_detail_astro,1,5322,1967,0.407,146,65
2025-12-13,game_detail_gta6,1,32078,6627,0.251,118,112
2025-12-13,support,1,8775,2832,0.382,77,48
2025-12-13,psplus,4,11104,2879,0.279,108,373
2025-12-13,product_ps5_pro,4,14856,6827,0.507,118,90
2025-12-13,product_ps5,4,20003,5688,0.323,146,64
2025-12-13,home,4,25380,10284,0.268,129,72
2025-12-13,game_detail_spiderman2,4,8054,3392,0.449,116,117
2025-12-13,game_detail_astro,4,5985,2434,0.506,166,107
2025-12-13,game_detail_gta6,4,27379,6869,0.295,130,89
2025-12-13,support,4,8730,2323,0.352,94,77
2025-12-13,product_ps5_pro,5,20876,4148,0.328,136,59
2025-12-13,product_ps5,5,20183,7152,0.526,211,64
2025-12-13,psplus,5,11944,3598,0.260,163,463
2025-12-13,home,5,28586,10440,0.291,174,62
2025-12-13,game_detail_spiderman2,5,8075,3377,0.456,66,92
2025-12-13,game_detail_astro,5,5440,2126,0.254,140,63
2025-12-13,game_detail_gta6,5,26513,8083,0.364,177,78
2025-12-13,support,5,8663,2872,0.412,62,79
2025-12-13,product_ps5,6,23310,7224,0.472,77,76
2025-12-13,psplus,6,10618,2842,0.454,60,466
2025-12-13,product_ps5_pro,6,13769,6853,0.336,45,59
2025-12-13,home,6,30105,10956,0.529,157,86
2025-12-13,game_detail_spiderman2,6,10240,3608,0.515,63,111
2025-12-13,game_detail_astro,6,6871,1601,0.465,76,98
2025-12-13,game_detail_gta6,6,28508,10071,0.474,195,64
2025-12-13,support,6,7508,2763,0.361,223,106
2025-12-13,psplus,2,9529,3141,0.295,65,758
2025-12-13,product_ps5_pro,2,21464,5947,0.372,148,75
2025-12-13,product_ps5,2,19350,8608,0.274,103,108
2025-12-13,home,2,28586,8100,0.353,191,67
2025-12-13,game_detail_spiderman2,2,12179,2735,0.381,169,63
2025-12-13,game_detail_gta6,2,18638,9520,0.293,179,111
2025-12-13,game_detail_astro,2,5453,1925,0.323,134,60
2025-12-13,support,2,6015,1747,0.360,80,63
2025-12-13,product_ps5_pro,3,14268,3914,0.267,57,91
2025-12-13,product_ps5,3,26460,6512,0.522,123,93
2025-12-13,home,3,43166,7848,0.380,66,48
2025-12-13,psplus,3,15829,4163,0.309,199,375
2025-12-13,game_detail_spiderman2,3,8271,2999,0.534,185,88
2025-12-13,game_detail_gta6,3,24281,9604,0.545,140,104
2025-12-13,game_detail_astro,3,6458,1918,0.374,59,87
2025-12-13,support,3,9323,1787,0.412,168,57
2025-12-14,product_ps5,1,27315,5344,0.372,145,50
2025-12-14,psplus,1,9831,2954,0.294,96,758
2025-12-14,product_ps5_pro,1,22996,3977,0.546,46,94
2025-12-14,home,1,27743,12276,0.261,216,71
2025-12-14,game_detail_spiderman2,1,10395,3857,0.376,79,104
2025-12-14,game_detail_astro,1,7954,1645,0.369,137,50
2025-12-14,game_detail_gta6,1,29348,9259,0.347,129,107
2025-12-14,support,1,6255,2037,0.398,180,51
2025-12-14,psplus,4,9463,3887,0.412,213,355
2025-12-14,product_ps5_pro,4,16530,4015,0.314,108,106
2025-12-14,product_ps5,4,18720,5888,0.251,157,59
2025-12-14,home,4,27270,8688,0.261,58,95
2025-12-14,game_detail_spiderman2,4,13313,3733,0.417,54,59
2025-12-14,game_detail_astro,4,6582,2196,0.322,175,89
2025-12-14,game_detail_gta6,4,20265,7308,0.342,139,114
2025-12-14,support,4,9510,2056,0.424,223,62
2025-12-14,product_ps5_pro,5,13573,6194,0.456,104,60
2025-12-14,product_ps5,5,28553,7400,0.276,132,104
2025-12-14,psplus,5,17010,4615,0.538,77,545
2025-12-14,home,5,40466,10956,0.377,202,102
2025-12-14,game_detail_spiderman2,5,9353,3949,0.413,93,85
2025-12-14,game_detail_astro,5,5887,1769,0.402,89,73
2025-12-14,game_detail_gta6,5,19215,7756,0.280,202,52
2025-12-14,support,5,9218,1677,0.465,113,81
2025-12-14,product_ps5,6,15885,5528,0.399,164,93
2025-12-14,psplus,6,13545,3005,0.362,194,512
2025-12-14,product_ps5_pro,6,19754,6086,0.506,108,85
2025-12-14,home,6,31286,9336,0.508,181,115
2025-12-14,game_detail_spiderman2,6,12757,3080,0.460,164,77
2025-12-14,game_detail_astro,6,7481,2333,0.429,153,98
2025-12-14,game_detail_gta6,6,18454,9315,0.282,47,97
2025-12-14,support,6,5475,1733,0.520,175,80
2025-12-14,psplus,2,10631,3976,0.351,123,322
2025-12-14,product_ps5_pro,2,17474,5453,0.401,105,65
2025-12-14,product_ps5,2,23288,5648,0.300,130,86
2025-12-14,home,2,41209,12168,0.261,203,87
2025-12-14,game_detail_spiderman2,2,10313,3516,0.457,125,79
2025-12-14,game_detail_gta6,2,31001,6627,0.293,142,80
2025-12-14,game_detail_astro,2,4633,1458,0.268,173,67
2025-12-14,support,2,5925,2472,0.505,139,82
2025-12-14,product_ps5_pro,3,13929,4009,0.365,170,68
2025-12-14,product_ps5,3,20970,6928,0.345,120,112
2025-12-14,home,3,28620,10200,0.276,119,106
2025-12-14,psplus,3,15737,3570,0.413,208,346
2025-12-14,game_detail_spiderman2,3,11694,2713,0.508,170,66
2025-12-14,game_detail_gta6,3,22313,5768,0.494,48,82
2025-12-14,game_detail_astro,3,5677,1484,0.342,217,103
2025-12-14,support,3,8573,2581,0.346,91,54
2025-12-15,product_ps5,1,20196,7232,0.526,85,103
2025-12-15,psplus,1,13535,4494,0.540,108,592
2025-12-15,product_ps5_pro,1,16345,4826,0.465,170,64
2025-12-15,home,1,25326,11004,0.484,173,112
2025-12-15,game_detail_spiderman2,1,6633,2871,0.466,51,55
2025-12-15,game_detail_astro,1,4967,2310,0.364,65,52
2025-12-15,game_detail_gta6,1,24528,7476,0.338,105,98
2025-12-15,support,1,5496,1664,0.436,110,49
2025-12-15,psplus,4,7760,4933,0.315,203,533
2025-12-15,product_ps5_pro,4,14492,5060,0.528,83,92
2025-12-15,product_ps5,4,14256,6424,0.537,150,95
2025-12-15,home,4,24759,13080,0.466,202,90
2025-12-15,game_detail_spiderman2,4,9768,2413,0.445,112,53
2025-12-15,game_detail_astro,4,5560,2203,0.545,209,113
2025-12-15,game_detail_gta6,4,18648,8241,0.328,83,98
2025-12-15,support,4,6606,2389,0.510,224,62
2025-12-15,product_ps5_pro,5,11813,4224,0.495,156,64
2025-12-15,product_ps5,5,14922,7384,0.504,110,115
2025-12-15,psplus,5,10689,3808,0.477,88,539
2025-12-15,home,5,23760,7728,0.518,198,98
2025-12-15,game_detail_spiderman2,5,8894,3333,0.319,167,101
2025-12-15,game_detail_astro,5,4415,1598,0.512,212,73
2025-12-15,game_detail_gta6,5,23058,6356,0.430,133,72
2025-12-15,support,5,4950,2256,0.477,202,99
2025-12-15,product_ps5,6,22320,4928,0.364,106,64
2025-12-15,psplus,6,9062,3663,0.384,101,471
2025-12-15,product_ps5_pro,6,12569,6118,0.489,177,68
2025-12-15,home,6,33021,7260,0.382,123,105
2025-12-15,game_detail_spiderman2,6,8423,2900,0.340,153,74
2025-12-15,game_detail_astro,6,6148,1517,0.303,88,49
2025-12-15,game_detail_gta6,6,25284,8783,0.390,78,74
2025-12-15,support,6,4404,2221,0.306,216,114
2025-12-15,psplus,2,12506,5054,0.400,129,431
2025-12-15,product_ps5_pro,2,17314,6777,0.299,219,120
2025-12-15,product_ps5,2,22590,7808,0.535,122,118
2025-12-15,home,2,34749,10080,0.309,114,50
2025-12-15,game_detail_spiderman2,2,10024,2666,0.371,179,81
2025-12-15,game_detail_gta6,2,22113,6729,0.510,80,90
2025-12-15,game_detail_astro,2,4594,1584,0.368,94,49
2025-12-15,support,2,7764,1883,0.546,107,78
2025-12-15,product_ps5_pro,3,11386,6384,0.541,210,68
2025-12-15,product_ps5,3,14058,5936,0.389,146,86
2025-12-15,home,3,34128,9192,0.314,190,114
2025-12-15,psplus,3,7970,4247,0.341,151,731
2025-12-15,game_detail_spiderman2,3,7351,3516,0.479,145,90
2025-12-15,game_detail_gta6,3,25893,7224,0.370,164,67
2025-12-15,game_detail_astro,3,3701,1510,0.389,106,48
2025-12-15,support,3,4356,1771,0.461,171,119
2025-12-16,product_ps5,1,21996,4832,0.456,189,56
2025-12-16,psplus,1,12852,4307,0.293,148,646
2025-12-16,product_ps5_pro,1,16929,5352,0.386,143,71
2025-12-16,home,1,28404,9804,0.279,180,50
2025-12-16,game_detail_spiderman2,1,9694,3252,0.404,60,83
2025-12-16,game_detail_astro,1,6237,1568,0.386,219,111
2025-12-16,game_detail_gta6,1,23919,7476,0.462,65,65
2025-12-16,support,1,7026,2504,0.380,162,67
2025-12-16,psplus,4,7413,4363,0.466,195,493
2025-12-16,product_ps5_pro,4,17485,4022,0.362,75,52
2025-12-16,product_ps5,4,20196,7280,0.480,118,57
2025-12-16,home,4,21654,12444,0.286,49,88
2025-12-16,game_detail_spiderman2,4,5816,3912,0.428,90,81
2025-12-16,game_detail_astro,4,4757,1549,0.307,124,80
2025-12-16,game_detail_gta6,4,22407,8549,0.329,211,78
2025-12-16,support,4,5772,2509,0.300,93,104
2025-12-16,product_ps5_pro,5,13466,5174,0.448,167,108
2025-12-16,product_ps5,5,16290,7304,0.537,72,114
2025-12-16,psplus,5,8495,4405,0.328,215,441
2025-12-16,home,5,29646,8808,0.382,97,66
2025-12-16,game_detail_spiderman2,5,9059,3769,0.312,146,72
2025-12-16,game_detail_astro,5,5922,2128,0.518,70,116
2025-12-16,game_detail_gta6,5,24969,7065,0.438,140,62
2025-12-16,support,5,4686,2573,0.452,219,80
2025-12-16,product_ps5,6,15894,8136,0.481,201,68
2025-12-16,psplus,6,12852,4970,0.403,212,722
2025-12-16,product_ps5_pro,6,11015,4997,0.252,54,110
2025-12-16,home,6,19791,11640,0.471,139,80
2025-12-16,game_detail_spiderman2,6,8522,3062,0.521,225,66
2025-12-16,game_detail_astro,6,5392,1416,0.507,143,95
2025-12-16,game_detail_gta6,6,16422,6767,0.329,192,70
2025-12-16,support,6,5334,2536,0.529,200,112
2025-12-16,psplus,2,8421,3831,0.390,116,518
2025-12-16,product_ps5_pro,2,14820,6048,0.438,197,95
2025-12-16,product_ps5,2,21798,5368,0.366,143,75
2025-12-16,home,2,31455,11556,0.534,202,55
2025-12-16,game_detail_spiderman2,2,6691,3619,0.479,179,93
2025-12-16,game_detail_gta6,2,25305,9856,0.482,91,51
2025-12-16,game_detail_astro,2,5035,1423,0.434,139,111
2025-12-16,support,2,7542,2672,0.425,178,77
2025-12-16,product_ps5_pro,3,10132,6821,0.353,153,91
2025-12-16,product_ps5,3,18630,7016,0.486,179,106
2025-12-16,home,3,34641,13116,0.364,108,73
2025-12-16,psplus,3,11277,4830,0.265,191,402
2025-12-16,game_detail_spiderman2,3,8580,3839,0.433,76,49
2025-12-16,game_detail_gta6,3,19656,5973,0.263,54,72
2025-12-16,game_detail_astro,3,5791,2210,0.365,130,93
2025-12-16,support,3,7356,2339,0.536,216,66
2025-12-17,product_ps5,1,18774,5488,0.425,56,57
2025-12-17,psplus,1,9356,3654,0.517,186,506
2025-12-17,product_ps5_pro,1,16829,4034,0.349,57,74
2025-12-17,home,1,19197,9600,0.307,155,96
2025-12-17,game_detail_spiderman2,1,6204,3802,0.275,113,112
2025-12-17,game_detail_astro,1,6263,1759,0.306,219,100
2025-12-17,game_detail_gta6,1,20643,6515,0.301,107,74
2025-12-17,support,1,7248,1755,0.523,105,110
2025-12-17,psplus,4,12789,3061,0.475,97,642
2025-12-17,product_ps5_pro,4,11699,4307,0.332,92,62
2025-12-17,product_ps5,4,19566,8224,0.483,100,87
2025-12-17,home,4,32616,9048,0.262,179,94
2025-12-17,game_detail_spiderman2,4,7070,3469,0.444,175,53
2025-12-17,game_detail_astro,4,5864,2541,0.326,46,90
2025-12-17,game_detail_gta6,4,27069,9221,0.544,189,78
2025-12-17,support,4,7650,2195,0.412,189,61
2025-12-17,product_ps5_pro,5,18212,4319,0.312,104,90
2025-12-17,product_ps5,5,22806,5928,0.473,225,74
2025-12-17,psplus,5,13367,4709,0.320,113,657
2025-12-17,home,5,34695,9132,0.262,75,103
2025-12-17,game_detail_spiderman2,5,7062,3076,0.457,92,107
2025-12-17,game_detail_astro,5,6043,1561,0.385,53,104
2025-12-17,game_detail_gta6,5,15561,7355,0.543,111,60
2025-12-17,support,5,4410,2859,0.307,133,66
2025-12-17,product_ps5,6,20718,8208,0.356,136,59
2025-12-17,psplus,6,13367,2814,0.519,47,420
2025-12-17,product_ps5_pro,6,17428,4256,0.254,211,51
2025-12-17,home,6,28944,12372,0.494,105,84
2025-12-17,game_detail_spiderman2,6,6105,3916,0.382,76,78
2025-12-17,game_detail_astro,6,4053,1568,0.288,166,66
2025-12-17,game_detail_gta6,6,22701,6823,0.474,119,61
2025-12-17,support,6,6222,2547,0.410,107,93
2025-12-17,psplus,2,13461,3831,0.508,106,656
2025-12-17,product_ps5_pro,2,13994,6245,0.269,57,96
2025-12-17,product_ps5,2,16470,6056,0.266,82,98
2025-12-17,home,2,20520,7308,0.530,113,119
2025-12-17,game_detail_spiderman2,2,9752,2706,0.272,78,58
2025-12-17,game_detail_gta6,2,15519,7877,0.310,207,51
2025-12-17,game_detail_astro,2,5812,1657,0.308,173,86
2025-12-17,support,2,5148,1952,0.358,70,56
2025-12-17,product_ps5_pro,3,14692,4674,0.321,92,74
2025-12-17,product_ps5,3,22590,5528,0.532,51,115
2025-12-17,home,3,20304,8688,0.459,138,67
2025-12-17,psplus,3,9387,4396,0.523,222,434
2025-12-17,game_detail_spiderman2,3,8943,2996,0.250,128,107
2025-12-17,game_detail_gta6,3,23142,8503,0.534,131,117
2025-12-17,game_detail_astro,3,4751,1797,0.292,99,114
2025-12-17,support,3,4758,2205,0.296,101,67
2025-12-18,product_ps5,1,18810,8736,0.438,113,118
2025-12-18,psplus,1,10899,4755,0.417,67,778
2025-12-18,product_ps5_pro,1,10816,4877,0.269,186,62
2025-12-18,home,1,19359,10392,0.333,150,92
2025-12-18,game_detail_spiderman2,1,9430,2207,0.470,79,64
2025-12-18,game_detail_astro,1,6190,2084,0.291,103,69
2025-12-18,game_detail_gta6,1,24213,6057,0.501,187,90
2025-12-18,support,1,5106,2688,0.506,200,66
2025-12-18,psplus,4,8400,4102,0.474,96,615
2025-12-18,product_ps5_pro,4,12526,4104,0.410,162,54
2025-12-18,product_ps5,4,19620,8752,0.340,89,86
2025-12-18,home,4,32913,8328,0.431,222,60
2025-12-18,game_detail_spiderman2,4,6757,3106,0.508,157,108
2025-12-18,game_detail_astro,4,3817,1526,0.340,142,93
2025-12-18,game_detail_gta6,4,21966,7877,0.481,137,107
2025-12-18,support,4,4836,2528,0.315,174,64
2025-12-18,product_ps5_pro,5,16473,4839,0.427,214,88
2025-12-18,product_ps5,5,17802,7152,0.397,47,74
2025-12-18,psplus,5,12222,4853,0.478,160,365
2025-12-18,home,5,23814,9588,0.256,208,61
2025-12-18,game_detail_spiderman2,5,6996,2585,0.542,70,110
2025-12-18,game_detail_astro,5,6106,2301,0.525,137,76
2025-12-18,game_detail_gta6,5,17451,8073,0.334,45,106
2025-12-18,support,5,4968,2907,0.255,177,114
2025-12-18,product_ps5,6,13104,8152,0.407,177,118
2025-12-18,psplus,6,8936,5129,0.514,90,754
2025-12-18,product_ps5_pro,6,16530,4395,0.384,219,106
2025-12-18,home,6,26838,7644,0.387,134,81
2025-12-18,game_detail_spiderman2,6,5841,3285,0.511,97,111
2025-12-18,game_detail_astro,6,4016,2443,0.519,100,75
2025-12-18,game_detail_gta6,6,20055,9688,0.477,68,82
2025-12-18,support,6,5352,1816,0.469,174,73
2025-12-18,psplus,2,11676,4279,0.253,219,734
2025-12-18,product_ps5_pro,2,16388,5567,0.398,180,86
2025-12-18,product_ps5,2,14130,5824,0.435,100,74
2025-12-18,home,2,22491,13068,0.263,219,118
2025-12-18,game_detail_spiderman2,2,6699,2952,0.404,64,51
2025-12-18,game_detail_gta6,2,26670,7579,0.411,209,108
2025-12-18,game_detail_astro,2,5345,1605,0.390,215,108
2025-12-18,support,2,6636,2917,0.422,62,99
2025-12-18,product_ps5_pro,3,13652,4649,0.368,216,78
2025-12-18,product_ps5,3,23382,6920,0.383,132,87
2025-12-18,home,3,28863,12036,0.511,101,52
2025-12-18,psplus,3,7949,3253,0.312,171,458
2025-12-18,game_detail_spiderman2,3,9834,2328,0.549,221,114
2025-12-18,game_detail_gta6,3,23205,9259,0.417,169,70
2025-12-18,game_detail_astro,3,4253,1769,0.326,122,84
2025-12-18,support,3,6672,2477,0.423,45,85
2025-12-19,product_ps5,1,15786,5208,0.356,200,110
2025-12-19,psplus,1,12159,3089,0.495,133,590
2025-12-19,product_ps5_pro,1,16844,3996,0.350,117,60
2025-12-19,home,1,31968,11340,0.499,65,66
2025-12-19,game_detail_spiderman2,1,7516,3608,0.430,145,50
2025-12-19,game_detail_astro,1,6027,1878,0.367,204,81
2025-12-19,game_detail_gta6,1,24465,5861,0.292,142,107
2025-12-19,support,1,5940,2597,0.299,56,84
2025-12-19,psplus,4,11949,4928,0.424,88,490
2025-12-19,product_ps5_pro,4,12284,4851,0.317,90,50
2025-12-19,product_ps5,4,13212,5672,0.535,53,97
2025-12-19,home,4,23544,11664,0.364,199,68
2025-12-19,game_detail_spiderman2,4,6427,3124,0.384,222,83
2025-12-19,game_detail_astro,4,4473,1661,0.375,216,102
2025-12-19,game_detail_gta6,4,23646,7028,0.279,123,99
2025-12-19,support,4,4500,2267,0.494,97,116
2025-12-19,product_ps5_pro,5,17570,6960,0.371,145,92
2025-12-19,product_ps5,5,19854,8792,0.310,174,51
2025-12-19,psplus,5,8400,3005,0.452,128,569
2025-12-19,home,5,29484,12552,0.485,223,117
2025-12-19,game_detail_spiderman2,5,7978,3458,0.435,90,51
2025-12-19,game_detail_astro,5,5213,1512,0.348,113,99
2025-12-19,game_detail_gta6,5,24528,6496,0.490,136,100
2025-12-19,support,5,6420,1864,0.478,185,58
2025-12-19,product_ps5,6,17496,6472,0.482,121,93
2025-12-19,psplus,6,9282,2963,0.359,113,450
2025-12-19,product_ps5_pro,6,18397,6257,0.290,194,78
2025-12-19,home,6,31617,11592,0.498,137,103
2025-12-19,game_detail_spiderman2,6,6534,3667,0.258,53,51
2025-12-19,game_detail_astro,6,5376,1710,0.362,147,56
2025-12-19,game_detail_gta6,6,23898,10015,0.397,89,87
2025-12-19,support,6,6222,2613,0.412,193,68
2025-12-19,psplus,2,10542,4186,0.333,188,651
2025-12-19,product_ps5_pro,2,12027,4813,0.513,101,91
2025-12-19,product_ps5,2,14400,7232,0.450,82,54
2025-12-19,home,2,18981,8352,0.481,136,56
2025-12-19,game_detail_spiderman2,2,9554,3208,0.300,156,109
2025-12-19,game_detail_gta6,2,17703,10015,0.278,80,100
2025-12-19,game_detail_astro,2,5402,1855,0.519,156,51
2025-12-19,support,2,6222,2259,0.542,179,97
2025-12-19,product_ps5_pro,3,15490,6156,0.309,221,63
2025-12-19,product_ps5,3,16974,7656,0.468,67,67
2025-12-19,home,3,26514,10848,0.332,108,104
2025-12-19,psplus,3,7833,3673,0.418,225,742
2025-12-19,game_detail_spiderman2,3,8027,3282,0.349,215,69
2025-12-19,game_detail_gta6,3,25368,9735,0.287,134,66
2025-12-19,game_detail_astro,3,6510,2466,0.530,210,89
2025-12-19,support,3,7248,1992,0.299,162,101
2025-12-20,product_ps5,1,24368,6192,0.269,144,76
2025-12-20,psplus,1,10789,5063,0.508,204,367
2025-12-20,product_ps5_pro,1,20360,6523,0.378,91,79
2025-12-20,home,1,38543,7260,0.276,58,65
2025-12-20,game_detail_spiderman2,1,9219,2449,0.450,132,53
2025-12-20,game_detail_astro,1,6228,2275,0.293,223,119
2025-12-20,game_detail_gta6,1,31028,7065,0.353,164,85
2025-12-20,support,1,5460,1699,0.320,225,74
2025-12-20,psplus,4,13112,5101,0.513,87,748
2025-12-20,product_ps5_pro,4,16085,4763,0.428,183,50
2025-12-20,product_ps5,4,25673,8384,0.418,62,112
2025-12-20,home,4,36484,11952,0.327,218,118
2025-12-20,game_detail_spiderman2,4,11313,2721,0.298,154,93
2025-12-20,game_detail_astro,4,8249,2170,0.517,204,119
2025-12-20,game_detail_gta6,4,25751,6067,0.309,151,100
2025-12-20,support,4,6570,1981,0.439,66,68
2025-12-20,product_ps5_pro,5,18846,5922,0.497,209,80
2025-12-20,product_ps5,5,19103,5576,0.456,101,80
2025-12-20,psplus,5,9489,4555,0.292,186,746
2025-12-20,home,5,40129,8724,0.367,193,107
2025-12-20,game_detail_spiderman2,5,8972,2651,0.352,210,86
2025-12-20,game_detail_astro,5,7311,2228,0.357,106,95
2025-12-20,game_detail_gta6,5,29820,7616,0.344,202,109
2025-12-20,support,5,6563,2003,0.505,145,61
2025-12-20,product_ps5,6,23130,6896,0.463,140,111
2025-12-20,psplus,6,12193,4223,0.513,190,680
2025-12-20,product_ps5_pro,6,13805,5820,0.395,206,110
2025-12-20,home,6,23760,13104,0.398,177,72
2025-12-20,game_detail_spiderman2,6,10952,2277,0.271,64,70
2025-12-20,game_detail_astro,6,7245,2175,0.439,141,114
2025-12-20,game_detail_gta6,6,19583,9884,0.444,200,104
2025-12-20,support,6,6533,2491,0.272,107,113
2025-12-20,psplus,2,16236,3565,0.408,148,611
2025-12-20,product_ps5_pro,2,21126,4142,0.546,140,66
2025-12-20,product_ps5,2,22343,7248,0.365,78,113
2025-12-20,home,2,30240,7836,0.464,140,81
2025-12-20,game_detail_spiderman2,2,7435,2310,0.412,114,96
2025-12-20,game_detail_gta6,2,23389,9641,0.309,84,118
2025-12-20,game_detail_astro,2,7140,2420,0.346,61,92
2025-12-20,support,2,8700,2715,0.401,139,71
2025-12-20,product_ps5_pro,3,17973,6783,0.451,188,53
2025-12-20,product_ps5,3,25988,4992,0.457,131,77
2025-12-20,home,3,29295,8592,0.361,54,61
2025-12-20,psplus,3,10277,3747,0.314,197,385
2025-12-20,game_detail_spiderman2,3,8229,3337,0.328,218,94
2025-12-20,game_detail_gta6,3,30870,9380,0.479,206,72
2025-12-20,game_detail_astro,3,5519,2345,0.335,151,102
2025-12-20,support,3,7298,1752,0.301,158,110
2025-12-21,product_ps5,1,25628,6168,0.336,155,56
2025-12-21,psplus,1,12036,3155,0.545,108,506
2025-12-21,product_ps5_pro,1,15069,6384,0.315,125,107
2025-12-21,home,1,37530,8592,0.379,201,68
2025-12-21,game_detail_spiderman2,1,11168,3615,0.528,63,53
2025-12-21,game_detail_astro,1,7370,2007,0.457,49,104
2025-12-21,game_detail_gta6,1,31500,9735,0.440,106,53
2025-12-21,support,1,5280,1667,0.386,103,90
2025-12-21,psplus,4,13112,4396,0.260,97,320
2025-12-21,product_ps5_pro,4,18008,4262,0.321,88,96
2025-12-21,product_ps5,4,26843,7352,0.272,70,111
2025-12-21,home,4,26663,12852,0.485,195,66
2025-12-21,game_detail_spiderman2,4,8900,2644,0.453,73,72
2025-12-21,game_detail_astro,4,7928,1962,0.252,168,55
2025-12-21,game_detail_gta6,4,18375,8381,0.475,223,52
2025-12-21,support,4,8183,1643,0.464,223,103
2025-12-21,product_ps5_pro,5,22034,6295,0.449,99,95
2025-12-21,product_ps5,5,23400,5576,0.490,169,61
2025-12-21,psplus,5,9450,4629,0.329,56,738
2025-12-21,home,5,33953,8712,0.304,53,56
2025-12-21,game_detail_spiderman2,5,12592,2644,0.495,163,114
2025-12-21,game_detail_astro,5,4673,1731,0.517,124,79
2025-12-21,game_detail_gta6,5,28875,7513,0.381,154,87
2025-12-21,support,5,9705,2757,0.319,157,83
2025-12-21,product_ps5,6,20453,8528,0.298,71,60
2025-12-21,psplus,6,14700,2940,0.534,187,651
2025-12-21,product_ps5_pro,6,17260,6251,0.416,101,69
2025-12-21,home,6,34054,8364,0.523,55,82
2025-12-21,game_detail_spiderman2,6,12262,2823,0.444,120,116
2025-12-21,game_detail_astro,6,5283,1748,0.279,129,82
2025-12-21,game_detail_gta6,6,26591,7009,0.508,107,105
2025-12-21,support,6,7418,1808,0.529,68,107
2025-12-21,psplus,2,9896,2898,0.348,177,463
2025-12-21,product_ps5_pro,2,19451,6036,0.406,96,79
2025-12-21,product_ps5,2,24615,5664,0.432,187,118
2025-12-21,home,2,33683,12024,0.514,152,62
2025-12-21,game_detail_spiderman2,2,10591,2768,0.366,175,111
2025-12-21,game_detail_gta6,2,30503,6160,0.319,95,90
2025-12-21,game_detail_astro,2,4955,1547,0.302,146,53
2025-12-21,support,2,8873,1763,0.265,52,49
2025-12-21,product_ps5_pro,3,18347,5301,0.308,181,105
2025-12-21,product_ps5,3,28148,7824,0.382,207,61
2025-12-21,home,3,24975,11592,0.498,97,93
2025-12-21,psplus,3,9621,3155,0.328,161,324
2025-12-21,game_detail_spiderman2,3,8910,2684,0.364,128,90
2025-12-21,game_detail_gta6,3,20423,8176,0.517,109,77
2025-12-21,game_detail_astro,3,6510,2518,0.500,191,93
2025-12-21,support,3,6548,2245,0.440,65,97
2025-12-22,product_ps5,1,12942,7640,0.336,113,49
2025-12-22,psplus,1,7865,3841,0.278,90,451
2025-12-22,product_ps5_pro,1,11771,4060,0.497,91,110
2025-12-22,home,1,24948,7476,0.367,201,87
2025-12-22,game_detail_spiderman2,1,7681,3480,0.264,82,103
2025-12-22,game_detail_astro,1,5150,2151,0.470,98,93
2025-12-22,game_detail_gta6,1,25452,9548,0.475,105,77
2025-12-22,support,1,5898,2832,0.445,162,67
2025-12-22,psplus,4,10983,2856,0.300,53,475
2025-12-22,product_ps5_pro,4,13751,6200,0.535,79,75
2025-12-22,product_ps5,4,22590,6200,0.306,202,115
2025-12-22,home,4,26001,7812,0.370,162,103
2025-12-22,game_detail_spiderman2,4,9809,3696,0.253,192,49
2025-12-22,game_detail_astro,4,4048,1496,0.340,118,96
2025-12-22,game_detail_gta6,4,26544,6104,0.351,220,59
2025-12-22,support,4,4800,2781,0.305,71,79
2025-12-22,product_ps5_pro,5,12754,4712,0.268,54,94
2025-12-22,product_ps5,5,22608,5312,0.460,56,95
2025-12-22,psplus,5,12075,4522,0.448,88,398
2025-12-22,home,5,22491,9792,0.259,225,101
2025-12-22,game_detail_spiderman2,5,9950,3700,0.544,109,48
2025-12-22,game_detail_astro,5,4631,1710,0.426,154,118
2025-12-22,game_detail_gta6,5,19572,10052,0.316,67,68
2025-12-22,support,5,6990,1877,0.269,117,65
2025-12-22,product_ps5,6,13608,8056,0.327,139,119
2025-12-22,psplus,6,10122,4298,0.538,87,712
2025-12-22,product_ps5_pro,6,16487,5124,0.387,197,91
2025-12-22,home,6,32238,9972,0.498,183,102
2025-12-22,game_detail_spiderman2,6,6641,2691,0.333,120,74
2025-12-22,game_detail_astro,6,6132,2077,0.404,108,91
2025-12-22,game_detail_gta6,6,17052,9455,0.541,188,87
2025-12-22,support,6,5688,2197,0.288,181,93
2025-12-22,psplus,2,10952,4326,0.414,225,530
2025-12-22,product_ps5_pro,2,12569,5022,0.322,192,51
2025-12-22,product_ps5,2,21330,7824,0.514,133,64
2025-12-22,home,2,24894,7836,0.399,71,57
2025-12-22,game_detail_spiderman2,2,7631,2732,0.463,95,115
2025-12-22,game_detail_gta6,2,18795,9109,0.287,82,77
2025-12-22,game_detail_astro,2,5292,1804,0.470,218,120
2025-12-22,support,2,4572,2541,0.407,53,87
2025-12-22,product_ps5_pro,3,14735,4313,0.344,190,106
2025-12-22,product_ps5,3,14202,7840,0.488,107,59
2025-12-22,home,3,21168,11340,0.293,154,116
2025-12-22,psplus,3,7896,5105,0.279,81,325
2025-12-22,game_detail_spiderman2,3,9158,3285,0.433,177,91
2025-12-22,game_detail_gta6,3,21756,9548,0.278,140,112
2025-12-22,game_detail_astro,3,5360,1601,0.312,119,70
2025-12-22,support,3,4518,1723,0.539,145,67
2025-12-23,product_ps5,1,22464,5032,0.270,105,112
2025-12-23,psplus,1,10112,4867,0.366,81,509
2025-12-23,product_ps5_pro,1,11756,5409,0.477,193,50
2025-12-23,home,1,22815,10464,0.345,131,114
2025-12-23,game_detail_spiderman2,1,10403,2629,0.518,182,94
2025-12-23,game_detail_astro,1,5917,2338,0.387,124,49
2025-12-23,game_detail_gta6,1,20832,7401,0.312,169,69
2025-12-23,support,1,6372,1837,0.346,108,112
2025-12-23,psplus,4,11792,3771,0.265,221,694
2025-12-23,product_ps5_pro,4,16487,5523,0.293,132,102
2025-12-23,product_ps5,4,16110,7240,0.508,67,73
2025-12-23,home,4,20682,11628,0.404,97,80
2025-12-23,game_detail_spiderman2,4,8803,3744,0.384,116,76
2025-12-23,game_detail_astro,4,6059,1479,0.327,152,59
2025-12-23,game_detail_gta6,4,17031,8195,0.461,197,117
2025-12-23,support,4,6264,2789,0.266,121,72
2025-12-23,product_ps5_pro,5,12455,3819,0.429,94,66
2025-12-23,product_ps5,5,20268,5024,0.331,217,119
2025-12-23,psplus,5,12464,4835,0.277,204,360
2025-12-23,home,5,20547,8448,0.349,190,110
2025-12-23,game_detail_spiderman2,5,10082,2985,0.302,113,93
2025-12-23,game_detail_astro,5,5245,1610,0.330,81,104
2025-12-23,game_detail_gta6,5,22533,8484,0.446,224,95
2025-12-23,support,5,5670,2800,0.316,163,98
2025-12-23,product_ps5,6,19800,7232,0.518,87,109
2025-12-23,psplus,6,11298,4363,0.431,85,388
2025-12-23,product_ps5_pro,6,17285,5618,0.362,203,71
2025-12-23,home,6,30186,13008,0.512,59,72
2025-12-23,game_detail_spiderman2,6,8003,3109,0.286,129,82
2025-12-23,game_detail_astro,6,6216,2345,0.430,163,59
2025-12-23,game_detail_gta6,6,26649,6347,0.270,155,100
2025-12-23,support,6,5358,1619,0.460,193,71
2025-12-23,psplus,2,11288,3971,0.478,124,600
2025-12-23,product_ps5_pro,2,13922,4345,0.388,100,66
2025-12-23,product_ps5,2,18486,8304,0.537,176,100
2025-12-23,home,2,27972,8748,0.290,213,73
2025-12-23,game_detail_spiderman2,2,7037,2515,0.319,170,72
2025-12-23,game_detail_gta6,2,22932,6879,0.441,104,87
2025-12-23,game_detail_astro,2,4289,1435,0.534,77,69
2025-12-23,support,2,5154,1667,0.403,210,107
2025-12-23,product_ps5_pro,3,14991,6270,0.469,157,64
2025-12-23,product_ps5,3,20322,5208,0.342,91,90
2025-12-23,home,3,26757,10908,0.497,74,72
2025-12-23,psplus,3,7739,4289,0.384,183,758
2025-12-23,game_detail_spiderman2,3,7747,3443,0.520,173,95
2025-12-23,game_detail_gta6,3,21210,6636,0.304,192,82
2025-12-23,game_detail_astro,3,6589,1885,0.522,98,95
2025-12-23,support,3,7218,2141,0.513,225,56
2025-12-24,product_ps5,1,15048,7048,0.471,184,114
2025-12-24,psplus,1,11109,4447,0.355,194,334
2025-12-24,product_ps5_pro,1,10317,6536,0.364,49,101
2025-12-24,home,1,21492,8088,0.277,84,113
2025-12-24,game_detail_spiderman2,1,10304,3454,0.396,69,100
2025-12-24,game_detail_astro,1,6620,2436,0.299,185,60
2025-12-24,game_detail_gta6,1,23121,8307,0.388,173,53
2025-12-24,support,1,5346,1923,0.305,134,77
2025-12-24,psplus,4,10322,3449,0.327,109,503
2025-12-24,product_ps5_pro,4,12640,6460,0.507,173,92
2025-12-24,product_ps5,4,13644,7960,0.311,46,101
2025-12-24,home,4,19089,10476,0.325,53,119
2025-12-24,game_detail_spiderman2,4,6650,2523,0.463,199,82
2025-12-24,game_detail_astro,4,5502,1706,0.439,164,117
2025-12-24,game_detail_gta6,4,24486,8148,0.320,95,114
2025-12-24,support,4,6240,2283,0.531,159,85
2025-12-24,product_ps5_pro,5,13167,6511,0.456,170,101
2025-12-24,product_ps5,5,14904,4968,0.336,103,83
2025-12-24,psplus,5,11897,3659,0.373,192,413
2025-12-24,home,5,34047,9888,0.364,84,57
2025-12-24,game_detail_spiderman2,5,10304,3146,0.316,116,82
2025-12-24,game_detail_astro,5,6143,1692,0.508,154,75
2025-12-24,game_detail_gta6,5,20034,8269,0.411,86,100
2025-12-24,support,5,7014,2229,0.470,222,49
2025-12-24,product_ps5,6,13500,7248,0.293,206,53
2025-12-24,psplus,6,13115,4975,0.278,189,343
2025-12-24,product_ps5_pro,6,10517,6530,0.457,67,71
2025-12-24,home,6,34965,12576,0.383,47,118
2025-12-24,game_detail_spiderman2,6,6641,3245,0.257,172,82
2025-12-24,game_detail_astro,6,6006,1496,0.252,211,71
2025-12-24,game_detail_gta6,6,22176,9212,0.321,123,72
2025-12-24,support,6,4614,1707,0.351,224,70
2025-12-24,psplus,2,13545,5007,0.318,114,410
2025-12-24,product_ps5_pro,2,13010,5599,0.326,149,104
2025-12-24,product_ps5,2,17136,6560,0.298,78,61
2025-12-24,home,2,24948,12924,0.303,143,113
2025-12-24,game_detail_spiderman2,2,7821,2303,0.397,124,50
2025-12-24,game_detail_gta6,2,22155,6664,0.500,133,87
2025-12-24,game_detail_astro,2,4594,1997,0.288,165,105
2025-12-24,support,2,6012,2296,0.534,84,103
2025-12-24,product_ps5_pro,3,15604,4788,0.385,70,95
2025-12-24,product_ps5,3,15642,5104,0.324,105,50
2025-12-24,home,3,19845,12660,0.476,163,103
2025-12-24,psplus,3,10406,3005,0.539,60,359
2025-12-24,game_detail_spiderman2,3,5792,2706,0.436,146,54
2025-12-24,game_detail_gta6,3,24675,6151,0.278,212,63
2025-12-24,game_detail_astro,3,4305,2539,0.473,120,105
2025-12-24,support,3,4704,2661,0.427,144,92
2025-12-25,product_ps5,1,21168,8800,0.337,225,78
2025-12-25,psplus,1,12191,2809,0.490,112,409
2025-12-25,product_ps5_pro,1,10388,6156,0.265,93,67
2025-12-25,home,1,21357,11124,0.287,219,99
2025-12-25,game_detail_spiderman2,1,7920,3058,0.495,61,75
2025-12-25,game_detail_astro,1,3806,1839,0.293,45,55
2025-12-25,game_detail_gta6,1,22197,6067,0.285,74,66
2025-12-25,support,1,7632,2235,0.472,197,74
2025-12-25,psplus,4,9681,4331,0.412,121,616
2025-12-25,product_ps5_pro,4,13851,4319,0.271,79,55
2025-12-25,product_ps5,4,19296,5120,0.533,173,120
2025-12-25,home,4,25299,10212,0.307,147,89
2025-12-25,game_detail_spiderman2,4,6394,2497,0.424,197,119
2025-12-25,game_detail_astro,4,5387,2499,0.472,84,57
2025-12-25,game_detail_gta6,4,23730,6085,0.429,139,82
2025-12-25,support,4,7734,1763,0.330,210,56
2025-12-25,product_ps5_pro,5,18482,4687,0.277,101,85
2025-12-25,product_ps5,5,16578,5368,0.396,214,100
2025-12-25,psplus,5,12369,3682,0.472,182,538
2025-12-25,home,5,32373,11184,0.302,172,120
2025-12-25,game_detail_spiderman2,5,6848,2530,0.338,150,75
2025-12-25,game_detail_astro,5,3896,1909,0.495,177,70
2025-12-25,game_detail_gta6,5,22365,8335,0.498,204,115
2025-12-25,support,5,6054,1800,0.365,174,108
2025-12-25,product_ps5,6,16776,4888,0.252,109,97
2025-12-25,psplus,6,8841,3677,0.380,106,352
2025-12-25,product_ps5_pro,6,12782,3914,0.269,114,103
2025-12-25,home,6,30969,9708,0.332,66,85
2025-12-25,game_detail_spiderman2,6,8786,3956,0.446,125,108
2025-12-25,game_detail_astro,6,4069,2492,0.480,55,113
2025-12-25,game_detail_gta6,6,20433,7775,0.401,120,103
2025-12-25,support,6,6840,2445,0.276,189,63
2025-12-25,psplus,2,8232,3883,0.254,106,705
2025-12-25,product_ps5_pro,2,10246,6751,0.517,126,81
2025-12-25,product_ps5,2,14166,5296,0.474,197,62
2025-12-25,home,2,31968,7704,0.547,157,51
2025-12-25,game_detail_spiderman2,2,10618,3546,0.445,48,70
2025-12-25,game_detail_gta6,2,25137,7327,0.343,178,113
2025-12-25,game_detail_astro,2,6536,2156,0.331,105,117
2025-12-25,support,2,5778,2181,0.287,65,51
2025-12-25,product_ps5_pro,3,13481,4395,0.524,101,60
2025-12-25,product_ps5,3,18954,5416,0.350,206,102
2025-12-25,home,3,32427,11364,0.532,105,61
2025-12-25,psplus,3,12201,4732,0.473,118,678
2025-12-25,game_detail_spiderman2,3,8151,3652,0.405,45,51
2025-12-25,game_detail_gta6,3,21945,8605,0.272,102,109
2025-12-25,game_detail_astro,3,5255,1568,0.286,216,87
2025-12-25,support,3,6132,2893,0.368,47,55
2025-12-26,product_ps5,1,14382,6032,0.279,89,94
2025-12-26,psplus,1,10196,3486,0.284,78,799
2025-12-26,product_ps5_pro,1,11999,6435,0.324,113,83
2025-12-26,home,1,20358,7368,0.268,193,84
2025-12-26,game_detail_spiderman2,1,10519,3993,0.356,160,91
2025-12-26,game_detail_astro,1,4242,2198,0.544,46,98
2025-12-26,game_detail_gta6,1,16002,8792,0.466,203,95
2025-12-26,support,1,5904,1800,0.416,57,116
2025-12-26,psplus,4,12705,4536,0.272,192,702
2025-12-26,product_ps5_pro,4,17713,5301,0.368,129,79
2025-12-26,product_ps5,4,16020,6224,0.531,151,118
2025-12-26,home,4,22194,8532,0.431,94,87
2025-12-26,game_detail_spiderman2,4,8836,2585,0.307,82,55
2025-12-26,game_detail_astro,4,5796,2074,0.262,217,64
2025-12-26,game_detail_gta6,4,18438,7812,0.449,55,91
2025-12-26,support,4,5406,2688,0.267,114,120
2025-12-26,product_ps5_pro,5,14450,5358,0.436,149,80
2025-12-26,product_ps5,5,19800,7688,0.374,96,57
2025-12-26,psplus,5,10511,2935,0.318,145,528
2025-12-26,home,5,29835,8616,0.430,73,106
2025-12-26,game_detail_spiderman2,5,7763,3736,0.380,220,106
2025-12-26,game_detail_astro,5,4946,1920,0.309,122,109
2025-12-26,game_detail_gta6,5,20916,7280,0.317,107,52
2025-12-26,support,5,5424,1624,0.317,125,90
2025-12-26,product_ps5,6,20484,5200,0.531,181,85
2025-12-26,psplus,6,13262,3593,0.323,224,723
2025-12-26,product_ps5_pro,6,13737,5770,0.465,99,73
2025-12-26,home,6,24813,10956,0.451,68,86
2025-12-26,game_detail_spiderman2,6,7961,3729,0.459,169,112
2025-12-26,game_detail_astro,6,5135,1983,0.437,74,50
2025-12-26,game_detail_gta6,6,18501,8027,0.470,201,112
2025-12-26,support,6,5250,1995,0.332,128,90
2025-12-26,psplus,2,9125,3934,0.446,161,470
2025-12-26,product_ps5_pro,2,12440,6023,0.419,138,109
2025-12-26,product_ps5,2,12744,8464,0.500,137,99
2025-12-26,home,2,23571,10716,0.326,220,90
2025-12-26,game_detail_spiderman2,2,8019,3736,0.469,195,116
2025-12-26,game_detail_gta6,2,15624,8185,0.365,106,59
2025-12-26,game_detail_astro,2,4510,1563,0.329,50,91
2025-12-26,support,2,6744,2592,0.253,57,103
2025-12-26,product_ps5_pro,3,14948,4661,0.406,75,86
2025-12-26,product_ps5,3,23292,5784,0.417,179,59
2025-12-26,home,3,33210,7644,0.284,106,78
2025-12-26,psplus,3,10700,4863,0.402,57,330
2025-12-26,game_detail_spiderman2,3,7871,3395,0.422,70,54
2025-12-26,game_detail_gta6,3,17997,5721,0.389,48,93
2025-12-26,game_detail_astro,3,4384,1808,0.461,108,103
2025-12-26,support,3,5340,2563,0.469,204,109
2025-12-27,product_ps5,1,26955,7560,0.289,50,62
2025-12-27,psplus,1,15278,2875,0.416,197,534
2025-12-27,product_ps5_pro,1,16904,4611,0.267,200,90
2025-12-27,home,1,36855,7932,0.465,117,119
2025-12-27,game_detail_spiderman2,1,12375,2944,0.450,175,102
2025-12-27,game_detail_astro,1,7081,2058,0.411,89,66
2025-12-27,game_detail_gta6,1,25384,6141,0.488,69,109
2025-12-27,support,1,7298,2563,0.490,125,65
2025-12-27,psplus,4,13689,4205,0.353,205,450
2025-12-27,product_ps5_pro,4,20948,6099,0.297,109,78
2025-12-27,product_ps5,4,29183,5432,0.546,122,59
2025-12-27,home,4,38273,11688,0.470,60,104
2025-12-27,game_detail_spiderman2,4,12870,3509,0.283,189,103
2025-12-27,game_detail_astro,4,7186,2359,0.393,185,72
2025-12-27,game_detail_gta6,4,18769,5749,0.535,169,110
2025-12-27,support,4,9218,2051,0.297,196,51
2025-12-27,product_ps5_pro,5,17670,5871,0.538,110,118
2025-12-27,product_ps5,5,28373,5216,0.403,189,89
2025-12-27,psplus,5,10185,4695,0.372,105,658
2025-12-27,home,5,40736,7524,0.504,166,67
2025-12-27,game_detail_spiderman2,5,9436,2992,0.538,173,113
2025-12-27,game_detail_astro,5,5348,1920,0.495,137,116
2025-12-27,game_detail_gta6,5,24386,7831,0.390,158,109
2025-12-27,support,5,8655,2461,0.290,124,100
2025-12-27,product_ps5,6,23310,8776,0.254,203,68
2025-12-27,psplus,6,9660,3808,0.512,188,432
2025-12-27,product_ps5_pro,6,14606,4091,0.480,99,70
2025-12-27,home,6,24334,7980,0.512,123,112
2025-12-27,game_detail_spiderman2,6,11447,2589,0.304,166,56
2025-12-27,game_detail_astro,6,8006,2415,0.422,135,114
2025-12-27,game_detail_gta6,6,20396,6449,0.537,60,116
2025-12-27,support,6,8205,1939,0.391,151,78
2025-12-27,psplus,2,14306,4816,0.485,110,647
2025-12-27,product_ps5_pro,2,22052,6270,0.273,58,98
2025-12-27,product_ps5,2,24503,7528,0.507,55,119
2025-12-27,home,2,26561,12648,0.431,203,51
2025-12-27,game_detail_spiderman2,2,8374,2541,0.475,54,78
2025-12-27,game_detail_gta6,2,20449,10061,0.310,191,96
2025-12-27,game_detail_astro,2,5093,1960,0.333,188,51
2025-12-27,support,2,9623,2741,0.538,167,57
2025-12-27,product_ps5_pro,3,16103,5751,0.406,96,61
2025-12-27,product_ps5,3,25448,8368,0.534,98,79
2025-12-27,home,3,32603,12828,0.294,96,89
2025-12-27,psplus,3,15356,3099,0.536,205,726
2025-12-27,game_detail_spiderman2,3,13179,3238,0.487,68,63
2025-12-27,game_detail_gta6,3,28718,5675,0.314,193,104
2025-12-27,game_detail_astro,3,6661,2086,0.446,180,106
2025-12-27,support,3,6405,2757,0.498,207,88
2025-12-28,product_ps5,1,25470,8760,0.291,195,86
2025-12-28,psplus,1,15868,3631,0.256,190,421
2025-12-28,product_ps5_pro,1,22034,5668,0.455,78,67
2025-12-28,home,1,34695,8832,0.442,196,100
2025-12-28,game_detail_spiderman2,1,13128,2563,0.278,95,92
2025-12-28,game_detail_astro,1,5467,1853,0.510,213,55
2025-12-28,game_detail_gta6,1,22286,9203,0.319,207,84
2025-12-28,support,1,5640,1725,0.492,98,63
2025-12-28,psplus,4,14753,3645,0.500,59,414
2025-12-28,product_ps5_pro,4,14749,4161,0.521,86,115
2025-12-28,product_ps5,4,24615,8208,0.459,84,83
2025-12-28,home,4,40905,13116,0.388,89,64
2025-12-28,game_detail_spiderman2,4,7972,3916,0.487,188,112
2025-12-28,game_detail_astro,4,5145,1946,0.453,47,110
2025-12-28,game_detail_gta6,4,31710,6029,0.301,117,108
2025-12-28,support,4,5348,2680,0.438,168,63
2025-12-28,product_ps5_pro,5,20378,6549,0.419,133,68
2025-12-28,product_ps5,5,22320,7888,0.346,173,81
2025-12-28,psplus,5,13598,4965,0.399,67,340
2025-12-28,home,5,37699,9060,0.452,98,68
2025-12-28,game_detail_spiderman2,5,8033,3296,0.427,212,55
2025-12-28,game_detail_astro,5,8446,1533,0.314,190,90
2025-12-28,game_detail_gta6,5,25515,7681,0.315,169,111
2025-12-28,support,5,6218,2693,0.413,88,87
2025-12-28,product_ps5,6,18360,5576,0.486,75,86
2025-12-28,psplus,6,11471,3234,0.319,142,659
2025-12-28,product_ps5_pro,6,16601,5567,0.387,121,54
2025-12-28,home,6,29464,9780,0.404,56,78
2025-12-28,game_detail_spiderman2,6,7662,2512,0.296,119,80
2025-12-28,game_detail_astro,6,4915,2504,0.366,83,118
2025-12-28,game_detail_gta6,6,30135,6235,0.308,47,72
2025-12-28,support,6,7800,2485,0.430,58,76
2025-12-28,psplus,2,11419,3827,0.434,190,470
2025-12-28,product_ps5_pro,2,21375,4186,0.359,155,114
2025-12-28,product_ps5,2,21735,8272,0.539,222,62
2025-12-28,home,2,24840,13044,0.312,174,49
2025-12-28,game_detail_spiderman2,2,7879,2259,0.275,97,59
2025-12-28,game_detail_gta6,2,28954,9147,0.392,104,118
2025-12-28,game_detail_astro,2,5388,1937,0.268,148,102
2025-12-28,support,2,8723,2773,0.402,218,87
2025-12-28,product_ps5_pro,3,16512,4193,0.495,201,82
2025-12-28,product_ps5,3,20498,6032,0.266,180,87
2025-12-28,home,3,26561,7632,0.467,136,94
2025-12-28,psplus,3,15763,4536,0.388,67,666
2025-12-28,game_detail_spiderman2,3,7239,3788,0.318,161,106
2025-12-28,game_detail_gta6,3,33915,9352,0.300,96,51
2025-12-28,game_detail_astro,3,7928,2431,0.431,126,99
2025-12-28,support,3,8595,2395,0.534,139,113
2025-12-29,product_ps5,1,10374,6544,0.458,220,107
2025-12-29,psplus,1,10364,4900,0.525,66,618
2025-12-29,product_ps5_pro,1,7925,4345,0.432,87,100
2025-12-29,home,1,17787,11784,0.537,201,106
2025-12-29,game_detail_spiderman2,1,5461,2526,0.279,48,79
2025-12-29,game_detail_astro,1,5182,1860,0.329,76,99
2025-12-29,game_detail_gta6,1,16578,7952,0.415,65,114
2025-12-29,support,1,4391,2179,0.504,199,66
2025-12-29,psplus,4,8967,5049,0.275,112,449
2025-12-29,product_ps5_pro,4,10839,6422,0.396,206,106
2025-12-29,product_ps5,4,15820,5520,0.418,75,82
2025-12-29,home,4,25662,8076,0.495,46,96
2025-12-29,game_detail_spiderman2,4,7809,2504,0.486,167,113
2025-12-29,game_detail_astro,4,5112,1724,0.512,220,106
2025-12-29,game_detail_gta6,4,17313,6477,0.487,213,107
2025-12-29,support,4,4886,1643,0.291,190,96
2025-12-29,product_ps5_pro,5,13178,6162,0.329,190,112
2025-12-29,product_ps5,5,11956,6832,0.538,102,60
2025-12-29,psplus,5,7611,3393,0.513,152,438
2025-12-29,home,5,24213,7788,0.415,156,81
2025-12-29,game_detail_spiderman2,5,4883,2603,0.412,153,114
2025-12-29,game_detail_astro,5,3169,2557,0.306,116,78
2025-12-29,game_detail_gta6,5,15010,7187,0.323,163,118
2025-12-29,support,5,3808,2123,0.332,189,90
2025-12-29,product_ps5,6,13496,5000,0.524,74,78
2025-12-29,psplus,6,8167,4872,0.472,79,442
2025-12-29,product_ps5_pro,6,13788,5580,0.356,68,89
2025-12-29,home,6,23688,7404,0.484,122,114
2025-12-29,game_detail_spiderman2,6,7982,3762,0.515,137,114
2025-12-29,game_detail_astro,6,3050,1988,0.299,61,51
2025-12-29,game_detail_gta6,6,14618,8867,0.520,91,74
2025-12-29,support,6,4373,2691,0.448,129,54
2025-12-29,psplus,2,10519,3640,0.405,183,750
2025-12-29,product_ps5_pro,2,13732,5212,0.265,142,73
2025-12-29,product_ps5,2,16128,5752,0.377,176,79
2025-12-29,home,2,19740,12600,0.506,52,92
2025-12-29,game_detail_spiderman2,2,7886,3788,0.371,82,66
2025-12-29,game_detail_gta6,2,14439,7317,0.538,151,69
2025-12-29,game_detail_astro,2,4684,2049,0.496,73,57
2025-12-29,support,2,4485,2341,0.421,64,69
2025-12-29,product_ps5_pro,3,9288,3952,0.488,224,49
2025-12-29,product_ps5,3,17388,6288,0.271,97,49
2025-12-29,home,3,18270,13116,0.540,133,120
2025-12-29,psplus,3,6346,4200,0.278,126,630
2025-12-29,game_detail_spiderman2,3,7206,2453,0.543,65,61
2025-12-29,game_detail_gta6,3,17509,9567,0.320,158,103
2025-12-29,game_detail_astro,3,3124,1472,0.427,212,51
2025-12-29,support,3,5698,2288,0.400,48,76
2025-12-30,product_ps5,1,10626,7784,0.507,147,101
2025-12-30,psplus,1,9751,3934,0.434,169,514
2025-12-30,product_ps5_pro,1,8612,5466,0.260,188,71
2025-12-30,home,1,18858,7680,0.347,143,92
2025-12-30,game_detail_spiderman2,1,4979,2288,0.450,136,116
2025-12-30,game_detail_astro,1,3512,1533,0.256,134,56
2025-12-30,game_detail_gta6,1,18293,7233,0.319,48,59
2025-12-30,support,1,3649,2008,0.272,182,63
2025-12-30,psplus,4,9669,4443,0.300,47,778
2025-12-30,product_ps5_pro,4,8202,4807,0.260,179,82
2025-12-30,product_ps5,4,11508,5032,0.380,223,81
2025-12-30,home,4,15141,10188,0.467,180,95
2025-12-30,game_detail_spiderman2,4,8220,3406,0.540,201,75
2025-12-30,game_detail_astro,4,5137,2382,0.472,200,59
2025-12-30,game_detail_gta6,4,20694,5796,0.542,166,114
2025-12-30,support,4,5721,2795,0.456,163,83
2025-12-30,product_ps5_pro,5,11161,4807,0.257,179,50
2025-12-30,product_ps5,5,10136,5568,0.345,200,58
2025-12-30,psplus,5,9326,3229,0.486,214,459
2025-12-30,home,5,14784,9156,0.357,85,59
2025-12-30,game_detail_spiderman2,5,5781,2655,0.482,60,57
2025-12-30,game_detail_astro,5,3479,2357,0.362,172,58
2025-12-30,game_detail_gta6,5,12871,5889,0.448,92,57
2025-12-30,support,5,3579,2285,0.420,114,77
2025-12-30,product_ps5,6,13720,6832,0.484,67,81
2025-12-30,psplus,6,10453,3953,0.469,179,559
2025-12-30,product_ps5_pro,6,8778,5706,0.295,121,106
2025-12-30,home,6,21756,11376,0.392,64,76
2025-12-30,game_detail_spiderman2,6,4832,3018,0.495,77,108
2025-12-30,game_detail_astro,6,4018,2420,0.318,57,77
2025-12-30,game_detail_gta6,6,14880,8913,0.371,92,80
2025-12-30,support,6,3500,2768,0.423,78,80
2025-12-30,psplus,2,8600,3682,0.270,151,470
2025-12-30,product_ps5_pro,2,8512,4205,0.403,178,103
2025-12-30,product_ps5,2,13622,7776,0.519,60,74
2025-12-30,home,2,15813,12000,0.529,183,78
2025-12-30,game_detail_spiderman2,2,5300,2680,0.332,79,106
2025-12-30,game_detail_gta6,2,17607,7597,0.453,119,59
2025-12-30,game_detail_astro,2,3397,2219,0.498,175,83
2025-12-30,support,2,4975,1800,0.437,161,74
2025-12-30,product_ps5_pro,3,13267,5440,0.357,173,90
2025-12-30,product_ps5,3,16912,6072,0.274,222,117
2025-12-30,home,3,17997,10140,0.456,157,91
2025-12-30,psplus,3,6427,4606,0.260,124,405
2025-12-30,game_detail_spiderman2,3,4979,3040,0.462,83,90
2025-12-30,game_detail_gta6,3,19502,6683,0.251,50,76
2025-12-30,game_detail_astro,3,4096,2478,0.480,172,102
2025-12-30,support,3,4685,1755,0.478,202,90
2025-12-31,product_ps5,1,16996,5864,0.531,103,104
2025-12-31,psplus,1,8787,4723,0.413,119,558
2025-12-31,product_ps5_pro,1,11150,4484,0.365,211,85
2025-12-31,home,1,26838,8028,0.360,146,92
2025-12-31,game_detail_spiderman2,1,7116,3047,0.514,122,65
2025-12-31,game_detail_astro,1,3152,1934,0.372,135,59
2025-12-31,game_detail_gta6,1,12511,10201,0.412,175,105
2025-12-31,support,1,5101,2776,0.307,103,70
2025-12-31,psplus,4,5913,3901,0.465,102,372
2025-12-31,product_ps5_pro,4,13921,6295,0.378,143,62
2025-12-31,product_ps5,4,13328,7480,0.522,172,108
2025-12-31,home,4,18249,9480,0.497,71,99
2025-12-31,game_detail_spiderman2,4,5486,2471,0.446,215,61
2025-12-31,game_detail_astro,4,3071,1489,0.369,223,74
2025-12-31,game_detail_gta6,4,15402,6860,0.308,186,105
2025-12-31,support,4,5941,1632,0.355,154,109
2025-12-31,product_ps5_pro,5,12635,6492,0.512,67,53
2025-12-31,product_ps5,5,14980,5608,0.388,77,58
2025-12-31,psplus,5,9220,4415,0.536,156,474
2025-12-31,home,5,14805,10740,0.329,219,106
2025-12-31,game_detail_spiderman2,5,4511,3692,0.410,133,104
2025-12-31,game_detail_astro,5,3757,2427,0.446,177,92
2025-12-31,game_detail_gta6,5,19878,9287,0.459,59,74
2025-12-31,support,5,6025,1613,0.403,222,110
2025-12-31,product_ps5,6,12222,7008,0.513,73,64
2025-12-31,psplus,6,6109,3724,0.447,88,622
2025-12-31,product_ps5_pro,6,10884,6517,0.479,141,74
2025-12-31,home,6,21630,11076,0.367,161,91
2025-12-31,game_detail_spiderman2,6,7135,3392,0.277,128,64
2025-12-31,game_detail_astro,6,3797,1535,0.537,161,115
2025-12-31,game_detail_gta6,6,19045,10229,0.351,77,74
2025-12-31,support,6,5026,2653,0.450,143,99
2025-12-31,psplus,2,8763,3127,0.400,74,670
2025-12-31,product_ps5_pro,2,11482,5301,0.502,196,64
2025-12-31,product_ps5,2,14112,7368,0.330,89,112
2025-12-31,home,2,18690,10392,0.327,176,116
2025-12-31,game_detail_spiderman2,2,8175,3711,0.365,125,114
2025-12-31,game_detail_gta6,2,16105,5936,0.321,81,91
2025-12-31,game_detail_astro,2,2948,1645,0.534,101,95
2025-12-31,support,2,5787,2523,0.290,202,83
2025-12-31,product_ps5_pro,3,12480,5814,0.278,104,100
2025-12-31,product_ps5,3,16478,7896,0.433,152,48
2025-12-31,home,3,22344,9228,0.299,151,89
2025-12-31,psplus,3,7162,5040,0.292,62,720
2025-12-31,game_detail_spiderman2,3,6179,3843,0.342,143,118
2025-12-31,game_detail_gta6,3,12675,7999,0.524,162,76
2025-12-31,game_detail_astro,3,4912,2487,0.381,175,97
2025-12-31,support,3,5348,2624,0.406,66,93
2026-01-01,product_ps5,1,15610,6192,0.303,206,101
2026-01-01,psplus,1,8355,3038,0.465,71,658
2026-01-01,product_ps5_pro,1,11050,4294,0.293,133,113
2026-01-01,home,1,17850,11772,0.265,199,92
2026-01-01,game_detail_spiderman2,1,7110,3432,0.252,163,55
2026-01-01,game_detail_astro,1,4532,1517,0.328,142,92
2026-01-01,game_detail_gta6,1,14406,7560,0.376,188,86
2026-01-01,support,1,5936,2795,0.289,134,82
2026-01-01,psplus,4,10462,3015,0.320,71,674
2026-01-01,product_ps5_pro,4,13644,4060,0.503,76,99
2026-01-01,product_ps5,4,15540,8648,0.438,63,119
2026-01-01,home,4,25116,9036,0.365,134,118
2026-01-01,game_detail_spiderman2,4,5217,3399,0.298,166,75
2026-01-01,game_detail_astro,4,5186,2177,0.471,199,82
2026-01-01,game_detail_gta6,4,20988,9128,0.499,140,100
2026-01-01,support,4,3827,2453,0.403,89,100
2026-01-01,product_ps5_pro,5,14176,6530,0.504,178,117
2026-01-01,product_ps5,5,12390,6984,0.263,79,72
2026-01-01,psplus,5,5896,3663,0.397,163,786
2026-01-01,home,5,15666,11964,0.312,201,52
2026-01-01,game_detail_spiderman2,5,5749,3509,0.344,118,86
2026-01-01,game_detail_astro,5,3185,2534,0.527,74,69
2026-01-01,game_detail_gta6,5,18816,9707,0.494,216,106
2026-01-01,support,5,3379,2789,0.289,66,83
2026-01-01,product_ps5,6,14350,5464,0.534,49,55
2026-01-01,psplus,6,9882,4401,0.477,78,551
2026-01-01,product_ps5_pro,6,9410,4908,0.422,122,96
2026-01-01,home,6,21357,9984,0.378,67,110
2026-01-01,game_detail_spiderman2,6,7443,2405,0.446,88,112
2026-01-01,game_detail_astro,6,3757,1820,0.515,73,55
2026-01-01,game_detail_gta6,6,14308,8755,0.378,221,49
2026-01-01,support,6,4555,2816,0.423,138,92
2026-01-01,psplus,2,8216,4839,0.360,76,452
2026-01-01,product_ps5_pro,2,13754,4598,0.543,107,70
2026-01-01,product_ps5,2,15330,4912,0.441,142,88
2026-01-01,home,2,20517,11616,0.309,167,118
2026-01-01,game_detail_spiderman2,2,7103,2871,0.475,55,49
2026-01-01,game_detail_gta6,2,17803,9763,0.488,111,55
2026-01-01,game_detail_astro,2,3581,2289,0.256,107,96
2026-01-01,support,2,3808,2365,0.379,212,61
2026-01-01,product_ps5_pro,3,9376,5529,0.305,222,99
2026-01-01,product_ps5,3,17304,5784,0.406,160,95
2026-01-01,home,3,22701,7572,0.519,73,120
2026-01-01,psplus,3,10200,3836,0.284,46,505
2026-01-01,game_detail_spiderman2,3,6288,3384,0.465,128,96
2026-01-01,game_detail_gta6,3,15892,7943,0.266,182,105
2026-01-01,game_detail_astro,3,4328,1612,0.420,60,109
2026-01-01,support,3,4942,2773,0.336,211,83
2026-01-02,product_ps5,1,16548,7160,0.303,69,104
2026-01-02,psplus,1,8077,4233,0.525,166,794
2026-01-02,product_ps5_pro,1,14131,4509,0.273,137,53
2026-01-02,home,1,22071,8064,0.265,76,116
2026-01-02,game_detail_spiderman2,1,7501,2387,0.485,146,59
2026-01-02,game_detail_astro,1,5092,2191,0.500,173,55
2026-01-02,game_detail_gta6,1,18114,9025,0.491,168,84
2026-01-02,support,1,4433,2568,0.334,126,103
2026-01-02,psplus,4,7048,2903,0.432,46,676
2026-01-02,product_ps5_pro,4,9044,6815,0.302,224,115
2026-01-02,product_ps5,4,15288,5720,0.478,155,97
2026-01-02,home,4,16128,7512,0.295,100,100
2026-01-02,game_detail_spiderman2,4,5473,3249,0.540,180,94
2026-01-02,game_detail_astro,4,4826,2011,0.430,183,119
2026-01-02,game_detail_gta6,4,14684,7457,0.287,141,61
2026-01-02,support,4,4074,2613,0.398,67,100
2026-01-02,product_ps5_pro,5,12690,5934,0.397,131,61
2026-01-02,product_ps5,5,15988,7648,0.385,217,85
2026-01-02,psplus,5,10021,4452,0.366,82,554
2026-01-02,home,5,20160,11664,0.526,176,64
2026-01-02,game_detail_spiderman2,5,5371,2314,0.517,167,73
2026-01-02,game_detail_astro,5,4104,1708,0.359,223,73
2026-01-02,game_detail_gta6,5,16219,5600,0.373,194,69
2026-01-02,support,5,4667,2781,0.534,105,53
2026-01-02,product_ps5,6,12992,6768,0.324,203,59
2026-01-02,psplus,6,7530,3407,0.307,66,652
2026-01-02,product_ps5_pro,6,10219,6289,0.275,98,80
2026-01-02,home,6,20160,8448,0.517,184,74
2026-01-02,game_detail_spiderman2,6,5550,2625,0.537,194,88
2026-01-02,game_detail_astro,6,4769,1983,0.334,176,86
2026-01-02,game_detail_gta6,6,11858,9044,0.285,158,87
2026-01-02,support,6,5987,2165,0.323,158,57
2026-01-02,psplus,2,6689,3607,0.489,160,404
2026-01-02,product_ps5_pro,2,8235,4934,0.474,102,88
2026-01-02,product_ps5,2,10920,7208,0.548,213,107
2026-01-02,home,2,16905,8964,0.408,225,102
2026-01-02,game_detail_spiderman2,2,7289,3289,0.413,77,89
2026-01-02,game_detail_gta6,2,12577,9735,0.386,176,76
2026-01-02,game_detail_astro,2,3356,2060,0.544,171,79
2026-01-02,support,2,3985,2347,0.291,149,53
2026-01-02,product_ps5_pro,3,11416,5523,0.496,193,58
2026-01-02,product_ps5,3,11564,5376,0.474,144,118
2026-01-02,home,3,22071,8040,0.326,225,96
2026-01-02,psplus,3,10609,3537,0.531,49,679
2026-01-02,game_detail_spiderman2,3,6269,2383,0.362,158,61
2026-01-02,game_detail_gta6,3,19502,6673,0.428,74,93
2026-01-02,game_detail_astro,3,3663,1759,0.366,132,99
2026-01-02,support,3,5530,1861,0.283,225,81
2026-01-03,product_ps5,1,16643,6000,0.530,215,64
2026-01-03,psplus,1,9810,4321,0.423,134,654
2026-01-03,product_ps5_pro,1,12538,5402,0.295,155,107
2026-01-03,home,1,29846,10416,0.375,74,55
2026-01-03,game_detail_spiderman2,1,9457,3758,0.491,163,113
2026-01-03,game_detail_astro,1,6130,1405,0.535,223,117
2026-01-03,game_detail_gta6,1,16578,6225,0.455,207,90
2026-01-03,support,1,5308,2539,0.515,100,61
2026-01-03,psplus,4,12791,4293,0.476,208,562
2026-01-03,product_ps5_pro,4,16514,6238,0.313,179,50
2026-01-03,product_ps5,4,17745,8480,0.457,170,119
2026-01-03,home,4,27248,10008,0.372,147,77
2026-01-03,game_detail_spiderman2,4,6882,3109,0.516,149,87
2026-01-03,game_detail_astro,4,4818,1776,0.383,219,103
2026-01-03,game_detail_gta6,4,16007,7177,0.439,74,77
2026-01-03,support,4,4451,2605,0.380,98,87
2026-01-03,product_ps5_pro,5,13577,5022,0.541,190,67
2026-01-03,product_ps5,5,18428,8256,0.264,144,62
2026-01-03,psplus,5,12577,3309,0.483,204,580
2026-01-03,home,5,20921,11940,0.284,83,101
2026-01-03,game_detail_spiderman2,5,8895,2435,0.492,127,91
2026-01-03,game_detail_astro,5,5196,2119,0.382,198,50
2026-01-03,game_detail_gta6,5,26011,8111,0.269,209,109
2026-01-03,support,5,6492,1840,0.433,194,59
2026-01-03,product_ps5,6,22645,4936,0.480,88,54
2026-01-03,psplus,6,7391,3355,0.405,183,534
2026-01-03,product_ps5_pro,6,12829,4484,0.253,205,110
2026-01-03,home,6,25253,9588,0.262,205,60
2026-01-03,game_detail_spiderman2,6,9216,2702,0.477,82,80
2026-01-03,game_detail_astro,6,5308,1764,0.319,123,110
2026-01-03,game_detail_gta6,6,16190,5731,0.360,122,98
2026-01-03,support,6,5262,2795,0.251,162,88
2026-01-03,psplus,2,12127,3066,0.492,135,539
2026-01-03,product_ps5_pro,2,13785,4522,0.503,175,81
2026-01-03,product_ps5,2,17133,5448,0.255,86,70
2026-01-03,home,2,26959,9780,0.462,137,69
2026-01-03,game_detail_spiderman2,2,8470,2413,0.383,128,116
2026-01-03,game_detail_gta6,2,20458,7467,0.254,104,116
2026-01-03,game_detail_astro,2,5977,1834,0.467,202,79
2026-01-03,support,2,6113,1925,0.305,207,84
2026-01-03,product_ps5_pro,3,12649,5789,0.434,143,105
2026-01-03,product_ps5,3,18848,7440,0.268,85,112
2026-01-03,home,3,33206,7908,0.529,124,103
2026-01-03,psplus,3,8483,4060,0.392,87,654
2026-01-03,game_detail_spiderman2,3,6096,2251,0.379,88,85
2026-01-03,game_detail_gta6,3,25950,5805,0.529,152,65
2026-01-03,game_detail_astro,3,3746,2193,0.359,100,97
2026-01-03,support,3,5087,1691,0.271,179,63
2026-01-04,product_ps5,1,19845,8736,0.356,212,83
2026-01-04,psplus,1,8636,3187,0.535,86,688
2026-01-04,product_ps5_pro,1,9864,6568,0.523,216,63
2026-01-04,home,1,24098,10248,0.266,208,120
2026-01-04,game_detail_spiderman2,1,10122,3909,0.426,81,110
2026-01-04,game_detail_astro,1,6048,2053,0.512,141,95
2026-01-04,game_detail_gta6,1,18824,9081,0.463,50,74
2026-01-04,support,1,6907,2763,0.280,148,111
2026-01-04,psplus,4,8044,2926,0.368,73,586
2026-01-04,product_ps5_pro,4,17581,6504,0.349,152,56
2026-01-04,product_ps5,4,19180,7072,0.365,181,52
2026-01-04,home,4,24098,9888,0.343,181,72
2026-01-04,game_detail_spiderman2,4,6352,2479,0.341,209,56
2026-01-04,game_detail_astro,4,6477,2200,0.528,62,78
2026-01-04,game_detail_gta6,4,24275,6701,0.317,154,61
2026-01-04,support,4,5192,1672,0.456,142,59
2026-01-04,product_ps5_pro,5,15918,4446,0.489,212,61
2026-01-04,product_ps5,5,12688,8328,0.366,96,114
2026-01-04,psplus,5,9300,4219,0.383,198,553
2026-01-04,home,5,21105,11316,0.292,49,90
2026-01-04,game_detail_spiderman2,5,9858,3135,0.387,172,63
2026-01-04,game_detail_astro,5,3792,1983,0.368,138,115
2026-01-04,game_detail_gta6,5,14455,6356,0.536,150,82
2026-01-04,support,5,4742,2883,0.279,156,92
2026-01-04,product_ps5,6,15873,7152,0.266,148,68
2026-01-04,psplus,6,12658,4438,0.352,193,495
2026-01-04,product_ps5_pro,6,9753,4769,0.460,65,92
2026-01-04,home,6,34099,12324,0.546,214,96
2026-01-04,game_detail_spiderman2,6,9497,2996,0.297,145,82
2026-01-04,game_detail_astro,6,5528,2317,0.366,197,49
2026-01-04,game_detail_gta6,6,15945,7093,0.342,179,85
2026-01-04,support,6,6510,2400,0.479,162,77
2026-01-04,psplus,2,12403,3299,0.382,148,742
2026-01-04,product_ps5_pro,2,13688,5580,0.451,108,60
2026-01-04,product_ps5,2,16888,5528,0.460,111,103
2026-01-04,home,2,27720,11736,0.540,130,83
2026-01-04,game_detail_spiderman2,2,8823,2864,0.442,217,105
2026-01-04,game_detail_gta6,2,22683,8391,0.438,60,77
2026-01-04,game_detail_astro,2,4333,1797,0.271,142,76
2026-01-04,support,2,7577,2488,0.438,172,81
2026-01-04,product_ps5_pro,3,12538,3825,0.373,55,98
2026-01-04,product_ps5,3,15015,8104,0.319,215,72
2026-01-04,home,3,23914,8112,0.545,184,84
2026-01-04,psplus,3,12587,2870,0.525,209,414
2026-01-04,game_detail_spiderman2,3,10082,3788,0.293,195,107
2026-01-04,game_detail_gta6,3,16905,7196,0.324,225,105
2026-01-04,game_detail_astro,3,4803,2560,0.441,204,115
2026-01-04,support,3,6463,1675,0.302,205,93
2026-01-05,product_ps5,1,10920,8112,0.505,108,71
2026-01-05,psplus,1,7032,4335,0.333,183,535
2026-01-05,product_ps5_pro,1,14364,5478,0.377,128,101
2026-01-05,home,1,19782,12252,0.339,47,101
2026-01-05,game_detail_spiderman2,1,4505,4019,0.419,147,114
2026-01-05,game_detail_astro,1,4336,1876,0.446,62,112
2026-01-05,game_detail_gta6,1,16644,6533,0.266,51,53
2026-01-05,support,1,3570,1832,0.406,150,76
2026-01-05,psplus,4,6166,3873,0.435,59,507
2026-01-05,product_ps5_pro,4,13932,5485,0.510,213,66
2026-01-05,product_ps5,4,14518,8608,0.423,173,91
2026-01-05,home,4,26355,10884,0.406,128,108
2026-01-05,game_detail_spiderman2,4,7636,3458,0.415,48,94
2026-01-05,game_detail_astro,4,3659,2116,0.526,225,110
2026-01-05,game_detail_gta6,4,15386,7000,0.489,62,101
2026-01-05,support,4,5306,2736,0.472,155,115
2026-01-05,product_ps5_pro,5,13289,4237,0.548,197,67
2026-01-05,product_ps5,5,13034,6584,0.355,151,52
2026-01-05,psplus,5,7432,2875,0.429,50,351
2026-01-05,home,5,22743,9948,0.353,133,61
2026-01-05,game_detail_spiderman2,5,4883,3648,0.406,54,70
2026-01-05,game_detail_astro,5,4447,2088,0.494,149,118
2026-01-05,game_detail_gta6,5,18832,8335,0.500,214,118
2026-01-05,support,5,5203,2248,0.359,219,54
2026-01-05,product_ps5,6,10458,8272,0.512,49,105
2026-01-05,psplus,6,8591,4303,0.357,199,777
2026-01-05,product_ps5_pro,6,10706,6479,0.409,80,70
2026-01-05,home,6,24969,7716,0.269,106,62
2026-01-05,game_detail_spiderman2,6,5993,3183,0.535,217,51
2026-01-05,game_detail_astro,6,3512,1727,0.271,152,60
2026-01-05,game_detail_gta6,6,16921,5964,0.384,79,92
2026-01-05,support,6,4172,2157,0.510,213,62
2026-01-05,psplus,2,10494,3117,0.433,79,328
2026-01-05,product_ps5_pro,2,12048,6004,0.430,185,105
2026-01-05,product_ps5,2,16842,7704,0.389,214,102
2026-01-05,home,2,18417,10140,0.320,160,66
2026-01-05,game_detail_spiderman2,2,4768,3392,0.390,122,105
2026-01-05,game_detail_gta6,2,18457,7299,0.399,46,99
2026-01-05,game_detail_astro,2,3352,1804,0.314,145,60
2026-01-05,support,2,4993,2187,0.376,146,119
2026-01-05,product_ps5_pro,3,10219,4212,0.450,210,50
2026-01-05,product_ps5,3,17808,6040,0.522,99,75
2026-01-05,home,3,22953,10776,0.333,97,58
2026-01-05,psplus,3,6003,3635,0.310,158,371
2026-01-05,game_detail_spiderman2,3,6288,2435,0.522,116,83
2026-01-05,game_detail_gta6,3,18947,7672,0.255,101,112
2026-01-05,game_detail_astro,3,5206,2275,0.501,216,104
2026-01-05,support,3,5717,2331,0.261,220,57
2026-01-06,product_ps5,1,12418,7920,0.460,111,50
2026-01-06,psplus,1,10135,3803,0.393,77,446
2026-01-06,product_ps5_pro,1,9731,6555,0.470,56,116
2026-01-06,home,1,21924,10440,0.342,51,81
2026-01-06,game_detail_spiderman2,1,6789,3766,0.490,207,50
2026-01-06,game_detail_astro,1,3299,1743,0.522,144,105
2026-01-06,game_detail_gta6,1,19861,9007,0.525,55,49
2026-01-06,support,1,5791,2757,0.303,81,104
2026-01-06,psplus,4,7358,3439,0.287,65,757
2026-01-06,product_ps5_pro,4,9775,4889,0.357,59,116
2026-01-06,product_ps5,4,12936,5944,0.526,193,118
2026-01-06,home,4,26271,12120,0.276,63,110
2026-01-06,game_detail_spiderman2,4,6385,2673,0.382,217,97
2026-01-06,game_detail_astro,4,3030,1603,0.310,169,95
2026-01-06,game_detail_gta6,4,18391,6151,0.280,74,69
2026-01-06,support,4,3341,2485,0.445,204,69
2026-01-06,product_ps5_pro,5,10263,4319,0.344,158,115
2026-01-06,product_ps5,5,9926,7456,0.415,183,112
2026-01-06,psplus,5,5717,3215,0.259,93,730
2026-01-06,home,5,26754,11544,0.550,223,88
2026-01-06,game_detail_spiderman2,5,8303,2596,0.380,77,63
2026-01-06,game_detail_astro,5,4177,1482,0.375,64,99
2026-01-06,game_detail_gta6,5,20008,8391,0.289,65,72
2026-01-06,support,5,5973,2080,0.405,202,85
2026-01-06,product_ps5,6,11550,6888,0.441,107,118
2026-01-06,psplus,6,10151,3556,0.422,70,627
2026-01-06,product_ps5_pro,6,11128,3857,0.490,196,101
2026-01-06,home,6,27006,12444,0.460,194,60
2026-01-06,game_detail_spiderman2,6,6680,3274,0.533,142,108
2026-01-06,game_detail_astro,6,3169,1885,0.307,118,50
2026-01-06,game_detail_gta6,6,16333,7887,0.255,138,77
2026-01-06,support,6,4326,2805,0.313,215,61
2026-01-06,psplus,2,10200,4681,0.341,83,586
2026-01-06,product_ps5_pro,2,11682,5466,0.401,132,64
2026-01-06,product_ps5,2,15526,5752,0.286,195,86
2026-01-06,home,2,16296,10440,0.467,108,71
2026-01-06,game_detail_spiderman2,2,7398,2988,0.284,141,100
2026-01-06,game_detail_gta6,2,20776,7149,0.281,115,114
2026-01-06,game_detail_astro,2,2903,2445,0.539,130,91
2026-01-06,support,2,4265,2531,0.536,198,106
2026-01-06,product_ps5_pro,3,12203,4193,0.357,112,56
2026-01-06,product_ps5,3,14840,7880,0.337,187,104
2026-01-06,home,3,22491,10524,0.257,122,48
2026-01-06,psplus,3,10388,4275,0.536,210,628
2026-01-06,game_detail_spiderman2,3,5095,2325,0.298,76,48
2026-01-06,game_detail_gta6,3,14259,7747,0.535,48,81
2026-01-06,game_detail_astro,3,3316,2056,0.272,143,70
2026-01-06,support,3,4041,2880,0.403,217,80
2026-01-07,product_ps5,1,17668,5504,0.374,77,69
2026-01-07,psplus,1,8877,5124,0.291,215,442
2026-01-07,product_ps5_pro,1,9266,6428,0.509,221,112
2026-01-07,home,1,21504,9600,0.271,128,103
2026-01-07,game_detail_spiderman2,1,7450,3293,0.366,47,73
2026-01-07,game_detail_astro,1,4790,1953,0.434,114,88
2026-01-07,game_detail_gta6,1,12234,8559,0.485,194,118
2026-01-07,support,1,3360,2563,0.447,208,74
2026-01-07,psplus,4,7987,5031,0.320,103,430
2026-01-07,product_ps5_pro,4,12846,4965,0.533,114,83
2026-01-07,product_ps5,4,14742,7912,0.332,220,117
2026-01-07,home,4,18585,10416,0.436,163,110
2026-01-07,game_detail_spiderman2,4,4851,2911,0.327,181,70
2026-01-07,game_detail_astro,4,4692,2408,0.443,158,106
2026-01-07,game_detail_gta6,4,12462,9408,0.331,59,50
2026-01-07,support,4,4275,2195,0.543,162,107
2026-01-07,product_ps5_pro,5,11028,6644,0.527,107,51
2026-01-07,product_ps5,5,16730,5400,0.370,160,65
2026-01-07,psplus,5,7799,2949,0.461,201,460
2026-01-07,home,5,20328,9792,0.480,158,53
2026-01-07,game_detail_spiderman2,5,6250,3560,0.443,86,94
2026-01-07,game_detail_astro,5,5304,2347,0.415,195,94
2026-01-07,game_detail_gta6,5,19845,8213,0.394,49,60
2026-01-07,support,5,5437,2405,0.404,85,107
2026-01-07,product_ps5,6,10038,5456,0.286,63,94
2026-01-07,psplus,6,7636,4438,0.473,81,455
2026-01-07,product_ps5_pro,6,10607,4433,0.497,206,96
2026-01-07,home,6,16947,10224,0.329,141,86
2026-01-07,game_detail_spiderman2,6,5056,2237,0.294,56,81
2026-01-07,game_detail_astro,6,3614,2135,0.485,209,106
2026-01-07,game_detail_gta6,6,15321,7868,0.457,172,74
2026-01-07,support,6,3799,2613,0.518,110,50
2026-01-07,psplus,2,10045,5124,0.372,70,566
2026-01-07,product_ps5_pro,2,13233,5668,0.358,77,105
2026-01-07,product_ps5,2,16394,7160,0.369,58,112
2026-01-07,home,2,20769,8004,0.400,99,105
2026-01-07,game_detail_spiderman2,2,5698,3546,0.397,113,103
2026-01-07,game_detail_gta6,2,21217,7635,0.408,72,82
2026-01-07,game_detail_astro,2,3397,1932,0.262,56,64
2026-01-07,support,2,5483,2368,0.389,212,112
2026-01-07,product_ps5_pro,3,10152,6036,0.333,127,54
2026-01-07,product_ps5,3,15316,6760,0.278,54,89
2026-01-07,home,3,25746,8640,0.433,207,74
2026-01-07,psplus,3,9522,3981,0.292,175,506
2026-01-07,game_detail_spiderman2,3,6327,3993,0.277,156,88
2026-01-07,game_detail_gta6,3,20923,8951,0.495,223,96
2026-01-07,game_detail_astro,3,4304,1633,0.425,97,86
2026-01-07,support,3,5633,2893,0.276,160,107
2026-01-08,product_ps5,1,18046,6048,0.488,193,89
2026-01-08,psplus,1,9620,4251,0.295,202,450
2026-01-08,product_ps5_pro,1,11538,4142,0.491,59,96
2026-01-08,home,1,21189,12384,0.387,191,54
2026-01-08,game_detail_spiderman2,1,6795,3696,0.494,60,94
2026-01-08,game_detail_astro,1,4753,1489,0.279,120,117
2026-01-08,game_detail_gta6,1,14406,8549,0.308,84,48
2026-01-08,support,1,4667,2168,0.525,107,107
2026-01-08,psplus,4,6027,5021,0.405,171,611
2026-01-08,product_ps5_pro,4,12912,6802,0.537,97,96
2026-01-08,product_ps5,4,17738,6032,0.294,63,97
2026-01-08,home,4,17514,9864,0.487,176,107
2026-01-08,game_detail_spiderman2,4,6481,2592,0.439,203,105
2026-01-08,game_detail_astro,4,4622,1444,0.426,209,117
2026-01-08,game_detail_gta6,4,15990,7933,0.287,199,116
2026-01-08,support,4,3313,2219,0.533,200,95
2026-01-08,product_ps5_pro,5,9509,5668,0.424,208,119
2026-01-08,product_ps5,5,11648,8016,0.265,159,64
2026-01-08,psplus,5,10527,3967,0.549,206,342
2026-01-08,home,5,26418,13092,0.408,210,57
2026-01-08,game_detail_spiderman2,5,6122,3843,0.424,179,107
2026-01-08,game_detail_astro,5,3634,1741,0.277,111,74
2026-01-08,game_detail_gta6,5,17477,7933,0.477,112,98
2026-01-08,support,5,3663,2149,0.499,65,57
2026-01-08,product_ps5,6,15288,5248,0.506,102,106
2026-01-08,psplus,6,8281,4345,0.486,154,487
2026-01-08,product_ps5_pro,6,13677,6074,0.502,120,92
2026-01-08,home,6,22323,11232,0.493,187,101
2026-01-08,game_detail_spiderman2,6,7283,3824,0.330,85,119
2026-01-08,game_detail_astro,6,2948,1638,0.275,114,79
2026-01-08,game_detail_gta6,6,12707,10033,0.472,80,70
2026-01-08,support,6,5194,2448,0.416,71,78
2026-01-08,psplus,2,7799,4732,0.253,71,547
2026-01-08,product_ps5_pro,2,8434,6162,0.464,182,82
2026-01-08,product_ps5,2,13258,4952,0.412,89,62
2026-01-08,home,2,22281,10500,0.447,185,109
2026-01-08,game_detail_spiderman2,2,7816,2864,0.452,101,63
2026-01-08,game_detail_gta6,2,12136,8783,0.473,148,56
2026-01-08,game_detail_astro,2,3463,2025,0.370,85,85
2026-01-08,support,2,4919,2229,0.304,207,107
2026-01-08,product_ps5_pro,3,12934,5029,0.324,155,86
2026-01-08,product_ps5,3,13412,7448,0.329,85,79
2026-01-08,home,3,20622,7968,0.417,87,49
2026-01-08,psplus,3,7032,4583,0.429,67,789
2026-01-08,game_detail_spiderman2,3,6064,2827,0.286,207,103
2026-01-08,game_detail_gta6,3,14782,6001,0.256,118,102
2026-01-08,game_detail_astro,3,4986,2072,0.371,104,99
2026-01-08,support,3,5077,2077,0.306,186,52
2026-01-09,product_ps5,1,12516,8048,0.320,70,106
2026-01-09,psplus,1,7685,4629,0.536,101,504
2026-01-09,product_ps5_pro,1,8390,5998,0.549,191,59
2026-01-09,home,1,20727,12432,0.316,91,74
2026-01-09,game_detail_spiderman2,1,7854,3667,0.321,117,60
2026-01-09,game_detail_astro,1,3454,1694,0.351,132,73
2026-01-09,game_detail_gta6,1,13704,10127,0.422,90,49
2026-01-09,support,1,5381,2152,0.320,142,64
2026-01-09,psplus,4,7383,4130,0.493,217,693
2026-01-09,product_ps5_pro,4,8989,5694,0.299,157,56
2026-01-09,product_ps5,4,15246,8224,0.317,139,99
2026-01-09,home,4,21987,11292,0.451,99,82
2026-01-09,game_detail_spiderman2,4,5133,2772,0.326,162,118
2026-01-09,game_detail_astro,4,3949,1603,0.501,187,102
2026-01-09,game_detail_gta6,4,17297,9567,0.432,148,106
2026-01-09,support,4,3318,1611,0.266,150,111
2026-01-09,product_ps5_pro,5,9532,4148,0.370,51,111
2026-01-09,product_ps5,5,16086,5664,0.488,128,113
2026-01-09,psplus,5,8379,4345,0.404,182,688
2026-01-09,home,5,24528,7968,0.263,49,71
2026-01-09,game_detail_spiderman2,5,5371,3711,0.479,198,75
2026-01-09,game_detail_astro,5,3291,1794,0.477,122,80
2026-01-09,game_detail_gta6,5,19535,9959,0.440,87,99
2026-01-09,support,5,4349,2493,0.343,161,50
2026-01-09,product_ps5,6,16142,5184,0.315,164,102
2026-01-09,psplus,6,6427,2912,0.333,174,504
2026-01-09,product_ps5_pro,6,14297,6884,0.395,167,116
2026-01-09,home,6,21924,9984,0.254,223,110
2026-01-09,game_detail_spiderman2,6,4697,2299,0.480,63,114
2026-01-09,game_detail_astro,6,3532,1853,0.482,48,98
2026-01-09,game_detail_gta6,6,14863,6851,0.496,126,62
2026-01-09,support,6,5969,2200,0.442,145,61
2026-01-09,psplus,2,7023,4886,0.535,219,670
2026-01-09,product_ps5_pro,2,14043,4788,0.481,173,64
2026-01-09,product_ps5,2,17472,8192,0.531,150,109
2026-01-09,home,2,25179,10908,0.522,134,111
2026-01-09,game_detail_spiderman2,2,6205,3461,0.287,204,60
2026-01-09,game_detail_gta6,2,12871,6263,0.306,57,53
2026-01-09,game_detail_astro,2,3597,1832,0.442,143,109
2026-01-09,support,2,5815,1987,0.353,190,107
2026-01-09,product_ps5_pro,3,11083,3914,0.408,110,101
2026-01-09,product_ps5,3,12586,7840,0.504,152,79
2026-01-09,home,3,20181,8424,0.311,107,84
2026-01-09,psplus,3,5864,4601,0.422,182,515
2026-01-09,game_detail_spiderman2,3,5159,2530,0.471,195,63
2026-01-09,game_detail_gta6,3,13573,6141,0.411,153,96
2026-01-09,game_detail_astro,3,3895,2259,0.267,179,110
2026-01-09,support,3,5698,2648,0.387,215,77
2026-01-10,product_ps5,1,15155,8312,0.518,206,66
2026-01-10,psplus,1,12505,4107,0.264,72,659
2026-01-10,product_ps5_pro,1,17526,6023,0.366,87,63
2026-01-10,home,1,22444,7668,0.450,90,71
2026-01-10,game_detail_spiderman2,1,8558,3025,0.279,173,51
2026-01-10,game_detail_astro,1,4487,2018,0.359,116,67
2026-01-10,game_detail_gta6,1,24929,8400,0.356,73,65
2026-01-10,support,1,4252,2357,0.500,187,102
2026-01-10,psplus,4,12628,3794,0.433,133,641
2026-01-10,product_ps5_pro,4,14561,5491,0.363,151,76
2026-01-10,product_ps5,4,22243,6168,0.439,133,111
2026-01-10,home,4,27484,9336,0.372,186,83
2026-01-10,game_detail_spiderman2,4,6361,3502,0.430,206,120
2026-01-10,game_detail_astro,4,3808,2389,0.304,204,62
2026-01-10,game_detail_gta6,4,22785,9203,0.409,164,97
2026-01-10,support,4,5209,1936,0.452,145,76
2026-01-10,product_ps5_pro,5,13771,4288,0.357,65,76
2026-01-10,product_ps5,5,20895,7112,0.469,70,114
2026-01-10,psplus,5,9412,4802,0.486,67,636
2026-01-10,home,5,33784,7224,0.481,106,101
2026-01-10,game_detail_spiderman2,5,5719,4015,0.435,52,94
2026-01-10,game_detail_astro,5,4134,1888,0.502,194,61
2026-01-10,game_detail_gta6,5,19723,9436,0.260,92,71
2026-01-10,support,5,4766,1901,0.365,96,74
2026-01-10,product_ps5,6,14823,8200,0.289,199,94
2026-01-10,psplus,6,9729,4620,0.488,200,602
2026-01-10,product_ps5_pro,6,16764,5732,0.275,159,97
2026-01-10,home,6,21131,11064,0.529,128,76
2026-01-10,game_detail_spiderman2,6,7909,3135,0.470,127,70
2026-01-10,game_detail_astro,6,3879,1904,0.466,155,53
2026-01-10,game_detail_gta6,6,24112,6748,0.360,173,100
2026-01-10,support,6,6679,2651,0.477,140,102
2026-01-10,psplus,2,11107,4816,0.419,73,590
2026-01-10,product_ps5_pro,2,16583,6948,0.359,80,56
2026-01-10,product_ps5,2,14665,7048,0.343,153,48
2026-01-10,home,2,24518,12972,0.274,197,101
2026-01-10,game_detail_spiderman2,2,6593,3773,0.485,133,113
2026-01-10,game_detail_gta6,2,17354,7439,0.371,224,65
2026-01-10,game_detail_astro,2,3787,2189,0.293,131,65
2026-01-10,support,2,6912,2352,0.445,82,87
2026-01-10,product_ps5_pro,3,11263,4927,0.477,166,67
2026-01-10,product_ps5,3,17588,4928,0.292,156,49
2026-01-10,home,3,25725,7836,0.518,146,100
2026-01-10,psplus,3,9463,4923,0.510,131,538
2026-01-10,game_detail_spiderman2,3,9457,3597,0.488,203,67
2026-01-10,game_detail_gta6,3,20988,6132,0.361,108,73
2026-01-10,game_detail_astro,3,6084,1752,0.530,219,103
2026-01-10,support,3,6994,1941,0.267,101,114
2026-01-11,product_ps5,1,20738,5176,0.520,147,86
2026-01-11,psplus,1,11791,4923,0.305,48,449
2026-01-11,product_ps5_pro,1,12552,6536,0.515,218,96
2026-01-11,home,1,32550,12780,0.400,87,84
2026-01-11,game_detail_spiderman2,1,10299,2229,0.356,182,61
2026-01-11,game_detail_astro,1,6151,1946,0.374,141,60
2026-01-11,game_detail_gta6,1,20049,6216,0.361,76,92
2026-01-11,support,1,6918,2763,0.270,164,116
2026-01-11,psplus,4,8105,4279,0.444,168,753
2026-01-11,product_ps5_pro,4,11956,6270,0.323,213,105
2026-01-11,product_ps5,4,17255,5152,0.329,103,87
2026-01-11,home,4,33679,11808,0.487,140,100
2026-01-11,game_detail_spiderman2,4,9296,2369,0.514,95,59
2026-01-11,game_detail_astro,4,3634,2462,0.349,97,100
2026-01-11,game_detail_gta6,4,23990,6907,0.547,212,59
2026-01-11,support,4,6084,2541,0.288,179,93
2026-01-11,product_ps5_pro,5,16431,6080,0.418,89,68
2026-01-11,product_ps5,5,13528,8440,0.407,157,68
2026-01-11,psplus,5,9004,3071,0.522,130,330
2026-01-11,home,5,24544,9324,0.535,71,116
2026-01-11,game_detail_spiderman2,5,8037,3733,0.262,99,81
2026-01-11,game_detail_astro,5,4568,2203,0.348,159,87
2026-01-11,game_detail_gta6,5,14373,6963,0.388,220,117
2026-01-11,support,5,4970,1933,0.295,76,119
2026-01-11,product_ps5,6,22418,5008,0.356,185,118
2026-01-11,psplus,6,9688,4177,0.510,76,331
2026-01-11,product_ps5_pro,6,16334,6865,0.316,203,109
2026-01-11,home,6,21761,7236,0.344,125,111
2026-01-11,game_detail_spiderman2,6,7772,3641,0.518,157,83
2026-01-11,game_detail_astro,6,6360,1815,0.481,166,50
2026-01-11,game_detail_gta6,6,16395,8633,0.318,173,99
2026-01-11,support,6,5017,2528,0.318,57,65
2026-01-11,psplus,2,10004,3421,0.310,221,462
2026-01-11,product_ps5_pro,2,15780,5852,0.543,73,69
2026-01-11,product_ps5,2,15330,7728,0.492,101,111
2026-01-11,home,2,22628,7920,0.544,73,65
2026-01-11,game_detail_spiderman2,2,6280,2248,0.548,119,89
2026-01-11,game_detail_gta6,2,19253,8372,0.519,134,74
2026-01-11,game_detail_astro,2,6278,1430,0.498,199,57
2026-01-11,support,2,6557,2685,0.494,138,69
2026-01-11,product_ps5_pro,3,17733,5035,0.253,79,54
2026-01-11,product_ps5,3,15470,7096,0.312,89,78
2026-01-11,home,3,21919,10656,0.419,194,72
2026-01-11,psplus,3,8830,3598,0.278,208,432
2026-01-11,game_detail_spiderman2,3,8430,4033,0.274,121,77
2026-01-11,game_detail_gta6,3,14965,6879,0.524,181,50
2026-01-11,game_detail_astro,3,6319,1946,0.345,162,49
2026-01-11,support,3,6032,2240,0.288,68,100
2026-01-12,product_ps5,1,12222,5880,0.409,130,63
2026-01-12,psplus,1,8493,3691,0.374,178,333
2026-01-12,product_ps5_pro,1,8966,6378,0.377,124,59
2026-01-12,home,1,16401,13188,0.258,54,71
2026-01-12,game_detail_spiderman2,1,6494,2416,0.473,74,115
2026-01-12,game_detail_astro,1,4104,2193,0.277,175,66
2026-01-12,game_detail_gta6,1,15762,9455,0.267,211,55
2026-01-12,support,1,5922,1608,0.322,129,50
2026-01-12,psplus,4,7538,4643,0.334,83,398
2026-01-12,product_ps5_pro,4,10186,4376,0.434,148,113
2026-01-12,product_ps5,4,16702,6144,0.409,164,79
2026-01-12,home,4,22953,11496,0.417,225,117
2026-01-12,game_detail_spiderman2,4,7411,2981,0.279,217,56
2026-01-12,game_detail_astro,4,3879,1659,0.515,125,97
2026-01-12,game_detail_gta6,4,13998,6375,0.369,105,77
2026-01-12,support,4,4601,2853,0.458,106,119
2026-01-12,product_ps5_pro,5,9720,5497,0.266,205,57
2026-01-12,product_ps5,5,16674,5576,0.480,144,99
2026-01-12,psplus,5,6934,3897,0.339,66,697
2026-01-12,home,5,16401,10668,0.499,187,103
2026-01-12,game_detail_spiderman2,5,7944,3711,0.452,68,62
2026-01-12,game_detail_astro,5,3634,1857,0.449,110,84
2026-01-12,game_detail_gta6,5,17313,8232,0.507,102,95
2026-01-12,support,5,4382,2336,0.256,146,71
2026-01-12,product_ps5,6,15218,8680,0.469,100,93
2026-01-12,psplus,6,6942,3323,0.544,207,334
2026-01-12,product_ps5_pro,6,10518,5649,0.403,148,93
2026-01-12,home,6,22827,7752,0.499,201,98
2026-01-12,game_detail_spiderman2,6,4703,2735,0.539,106,100
2026-01-12,game_detail_astro,6,4394,2123,0.406,48,82
2026-01-12,game_detail_gta6,6,11629,7467,0.377,171,57
2026-01-12,support,6,4951,2792,0.330,121,113
2026-01-12,psplus,2,7767,4984,0.336,112,391
2026-01-12,product_ps5_pro,2,11516,5149,0.307,55,108
2026-01-12,product_ps5,2,15302,7584,0.391,57,49
2026-01-12,home,2,20958,7836,0.394,147,78
2026-01-12,game_detail_spiderman2,2,7835,3810,0.477,60,77
2026-01-12,game_detail_gta6,2,17117,6683,0.345,179,82
2026-01-12,game_detail_astro,2,4973,2478,0.451,89,79
2026-01-12,support,2,3962,2461,0.524,224,83
2026-01-12,product_ps5_pro,3,8401,5744,0.435,50,61
2026-01-12,product_ps5,3,14994,5872,0.255,131,90
2026-01-12,home,3,18732,9252,0.458,48,59
2026-01-12,psplus,3,6444,4564,0.370,51,398
2026-01-12,game_detail_spiderman2,3,7354,2838,0.525,188,78
2026-01-12,game_detail_gta6,3,14961,6925,0.490,111,76
2026-01-12,game_detail_astro,3,2969,2534,0.456,139,88
2026-01-12,support,3,5199,2283,0.463,46,117
2026-01-13,product_ps5,1,11242,7808,0.273,164,117
2026-01-13,psplus,1,7358,3528,0.501,168,382
2026-01-13,product_ps5_pro,1,10452,5915,0.453,54,84
2026-01-13,home,1,19005,7704,0.512,101,88
2026-01-13,game_detail_spiderman2,1,4646,3758,0.372,209,88
2026-01-13,game_detail_astro,1,4826,1484,0.331,61,70
2026-01-13,game_detail_gta6,1,16480,6113,0.537,133,58
2026-01-13,support,1,5539,2563,0.515,92,110
2026-01-13,psplus,4,6052,5035,0.349,159,330
2026-01-13,product_ps5_pro,4,10762,6511,0.490,170,75
2026-01-13,product_ps5,4,12866,6944,0.465,118,58
2026-01-13,home,4,24801,12984,0.352,119,71
2026-01-13,game_detail_spiderman2,4,6045,2530,0.460,47,82
2026-01-13,game_detail_astro,4,3789,2529,0.329,78,117
2026-01-13,game_detail_gta6,4,18751,8876,0.430,129,64
2026-01-13,support,4,5502,1600,0.465,52,91
2026-01-13,product_ps5_pro,5,10784,6124,0.510,144,84
2026-01-13,product_ps5,5,12264,4920,0.328,106,120
2026-01-13,psplus,5,7285,3537,0.519,173,448
2026-01-13,home,5,24003,7308,0.327,161,48
2026-01-13,game_detail_spiderman2,5,7463,3040,0.409,120,108
2026-01-13,game_detail_astro,5,5202,1724,0.262,225,53
2026-01-13,game_detail_gta6,5,19371,7961,0.538,196,80
2026-01-13,support,5,5502,2411,0.541,153,115
2026-01-13,product_ps5,6,16464,7680,0.451,53,76
2026-01-13,psplus,6,6150,3341,0.255,211,392
2026-01-13,product_ps5_pro,6,8922,5668,0.492,182,87
2026-01-13,home,6,26901,11748,0.265,101,74
2026-01-13,game_detail_spiderman2,6,7212,3117,0.538,50,57
2026-01-13,game_detail_astro,6,3361,1659,0.380,88,83
2026-01-13,game_detail_gta6,6,17836,8055,0.308,160,49
2026-01-13,support,6,5591,2253,0.346,116,73
2026-01-13,psplus,2,7889,4783,0.526,47,463
2026-01-13,product_ps5_pro,2,8080,5067,0.282,157,94
2026-01-13,product_ps5,2,10976,8112,0.341,188,67
2026-01-13,home,2,17283,11604,0.478,209,49
2026-01-13,game_detail_spiderman2,2,7585,2394,0.357,155,100
2026-01-13,game_detail_gta6,2,20923,7793,0.534,91,103
2026-01-13,game_detail_astro,2,3957,2256,0.470,220,88
2026-01-13,support,2,4205,1837,0.278,95,108
2026-01-13,product_ps5_pro,3,8623,4345,0.355,47,87
2026-01-13,product_ps5,3,13146,7120,0.279,169,99
2026-01-13,home,3,18186,10644,0.449,192,95
2026-01-13,psplus,3,9114,3967,0.275,173,626
2026-01-13,game_detail_spiderman2,3,4723,3098,0.443,204,105
2026-01-13,game_detail_gta6,3,13034,8876,0.432,104,67
2026-01-13,game_detail_astro,3,3761,1825,0.511,158,64
2026-01-13,support,3,5558,2075,0.445,103,100
2026-01-14,product_ps5,1,12726,7344,0.522,51,86
2026-01-14,psplus,1,9620,3458,0.440,186,782
2026-01-14,product_ps5_pro,1,13987,6726,0.294,198,111
2026-01-14,home,1,21042,7764,0.522,180,93
2026-01-14,game_detail_spiderman2,1,7257,3025,0.456,118,94
2026-01-14,game_detail_astro,1,3793,1468,0.383,73,117
2026-01-14,game_detail_gta6,1,14749,9875,0.260,146,114
2026-01-14,support,1,3897,2528,0.260,111,57
2026-01-14,psplus,4,10404,5017,0.415,104,322
2026-01-14,product_ps5_pro,4,13200,5244,0.259,104,63
2026-01-14,product_ps5,4,11214,7672,0.348,155,87
2026-01-14,home,4,19530,12132,0.375,169,73
2026-01-14,game_detail_spiderman2,4,6641,2809,0.325,197,94
2026-01-14,game_detail_astro,4,4606,1465,0.469,179,63
2026-01-14,game_detail_gta6,4,14880,10043,0.526,136,97
2026-01-14,support,4,5259,1885,0.271,206,64
2026-01-14,product_ps5_pro,5,11482,5789,0.300,214,63
2026-01-14,product_ps5,5,13790,5392,0.522,85,80
2026-01-14,psplus,5,10388,3939,0.490,193,769
2026-01-14,home,5,26670,7908,0.400,90,70
2026-01-14,game_detail_spiderman2,5,5069,3102,0.460,160,56
2026-01-14,game_detail_astro,5,4798,2403,0.408,52,99
2026-01-14,game_detail_gta6,5,19910,9324,0.370,213,88
2026-01-14,support,5,4517,2592,0.404,218,91
2026-01-14,product_ps5,6,15862,4864,0.536,152,96
2026-01-14,psplus,6,9857,5091,0.274,103,706
2026-01-14,product_ps5_pro,6,9753,6169,0.327,173,111
2026-01-14,home,6,21903,10212,0.436,108,64
2026-01-14,game_detail_spiderman2,6,5108,3351,0.288,55,70
2026-01-14,game_detail_astro,6,3279,2478,0.481,88,84
2026-01-14,game_detail_gta6,6,20253,8316,0.329,124,84
2026-01-14,support,6,4368,2088,0.379,206,53
2026-01-14,psplus,2,10600,3747,0.302,111,606
2026-01-14,product_ps5_pro,2,13267,6517,0.512,89,72
2026-01-14,product_ps5,2,14686,5632,0.420,181,84
2026-01-14,home,2,17724,8868,0.427,88,95
2026-01-14,game_detail_spiderman2,2,8047,3157,0.398,94,92
2026-01-14,game_detail_gta6,2,16186,6393,0.288,93,57
2026-01-14,game_detail_astro,2,4006,2539,0.431,100,103
2026-01-14,support,2,5455,2883,0.393,77,71
2026-01-14,product_ps5_pro,3,12823,5238,0.366,181,101
2026-01-14,product_ps5,3,11662,6840,0.259,85,83
2026-01-14,home,3,26460,7944,0.523,91,84
2026-01-14,psplus,3,7105,4228,0.445,208,622
2026-01-14,game_detail_spiderman2,3,6750,2981,0.273,84,112
2026-01-14,game_detail_gta6,3,11793,9025,0.433,78,111
2026-01-14,game_detail_astro,3,4871,1745,0.492,70,49
2026-01-14,support,3,4083,1939,0.430,215,111
2026-01-15,product_ps5,1,12824,6440,0.528,155,116
2026-01-15,psplus,1,10192,4755,0.532,225,421
2026-01-15,product_ps5_pro,1,10030,4934,0.394,172,117
2026-01-15,home,1,15225,11124,0.410,191,53
2026-01-15,game_detail_spiderman2,1,7232,2501,0.406,73,97
2026-01-15,game_detail_astro,1,4271,2420,0.550,220,117
2026-01-15,game_detail_gta6,1,15615,6785,0.525,191,75
2026-01-15,support,1,6001,2579,0.294,158,68
2026-01-15,psplus,4,7571,4989,0.321,95,783
2026-01-15,product_ps5_pro,4,13599,5814,0.489,164,57
2026-01-15,product_ps5,4,14196,4816,0.340,138,114
2026-01-15,home,4,17451,11112,0.288,207,82
2026-01-15,game_detail_spiderman2,4,5056,3194,0.548,171,76
2026-01-15,game_detail_astro,4,4479,1969,0.331,127,106
2026-01-15,game_detail_gta6,4,13018,9025,0.499,115,104
2026-01-15,support,4,4704,2443,0.533,176,108
2026-01-15,product_ps5_pro,5,8601,5504,0.395,164,64
2026-01-15,product_ps5,5,14350,7040,0.401,218,71
2026-01-15,psplus,5,6591,3514,0.332,145,578
2026-01-15,home,5,16443,12492,0.278,176,66
2026-01-15,game_detail_spiderman2,5,6795,2358,0.414,72,80
2026-01-15,game_detail_astro,5,2866,1636,0.323,193,93
2026-01-15,game_detail_gta6,5,13900,6281,0.531,165,62
2026-01-15,support,5,5301,2040,0.500,125,109
2026-01-15,product_ps5,6,10290,5632,0.510,125,118
2026-01-15,psplus,6,6770,3449,0.504,70,551
2026-01-15,product_ps5_pro,6,10585,5953,0.548,52,88
2026-01-15,home,6,20664,7248,0.470,145,95
2026-01-15,game_detail_spiderman2,6,5910,3450,0.469,66,105
2026-01-15,game_detail_astro,6,5218,1624,0.424,214,63
2026-01-15,game_detail_gta6,6,11450,6188,0.315,47,94
2026-01-15,support,6,3481,1691,0.503,118,75
2026-01-15,psplus,2,7905,4335,0.519,59,579
2026-01-15,product_ps5_pro,2,8235,4661,0.466,177,108
2026-01-15,product_ps5,2,12614,8736,0.535,59,118
2026-01-15,home,2,16443,10668,0.444,177,88
2026-01-15,game_detail_spiderman2,2,6365,2651,0.372,192,68
2026-01-15,game_detail_gta6,2,15402,7859,0.418,212,48
2026-01-15,game_detail_astro,2,3573,2051,0.293,59,61
2026-01-15,support,2,4261,2653,0.303,196,64
2026-01-15,product_ps5_pro,3,12258,5364,0.326,52,95
2026-01-15,product_ps5,3,10696,7784,0.530,80,49
2026-01-15,home,3,19068,7812,0.381,139,111
2026-01-15,psplus,3,9269,4405,0.539,107,478
2026-01-15,game_detail_spiderman2,3,4819,2750,0.540,130,52
2026-01-15,game_detail_gta6,3,11923,6151,0.262,89,94
2026-01-15,game_detail_astro,3,4369,1678,0.544,221,67
2026-01-15,support,3,3383,2832,0.539,46,113
2026-01-16,product_ps5,1,13692,5160,0.419,174,54
2026-01-16,psplus,1,10600,2847,0.376,150,323
2026-01-16,product_ps5_pro,1,10030,4041,0.445,214,50
2026-01-16,home,1,21672,12036,0.417,119,58
2026-01-16,game_detail_spiderman2,1,6019,3373,0.548,72,56
2026-01-16,game_detail_astro,1,4308,1402,0.472,139,109
2026-01-16,game_detail_gta6,1,20270,6711,0.424,46,81
2026-01-16,support,1,4765,2261,0.453,167,81
2026-01-16,psplus,4,7244,3444,0.399,146,648
2026-01-16,product_ps5_pro,4,12413,3920,0.387,55,115
2026-01-16,product_ps5,4,11018,7816,0.392,138,89
2026-01-16,home,4,17661,11688,0.259,161,116
2026-01-16,game_detail_spiderman2,4,6474,2391,0.384,72,98
2026-01-16,game_detail_astro,4,4426,2109,0.318,189,63
2026-01-16,game_detail_gta6,4,13769,6235,0.369,137,97
2026-01-16,support,4,5614,2421,0.253,124,68
2026-01-16,product_ps5_pro,5,9764,3806,0.405,221,107
2026-01-16,product_ps5,5,15946,7544,0.279,206,86
2026-01-16,psplus,5,7701,4303,0.457,218,760
2026-01-16,home,5,19257,7200,0.420,202,81
2026-01-16,game_detail_spiderman2,5,5281,2864,0.259,72,112
2026-01-16,game_detail_astro,5,4639,1484,0.419,124,94
2026-01-16,game_detail_gta6,5,17117,7205,0.465,207,86
2026-01-16,support,5,5297,2672,0.534,209,107
2026-01-16,product_ps5,6,16394,5704,0.460,75,78
2026-01-16,psplus,6,8575,3341,0.338,52,420
2026-01-16,product_ps5_pro,6,7814,4953,0.419,84,100
2026-01-16,home,6,19782,7788,0.307,66,107
2026-01-16,game_detail_spiderman2,6,7572,2530,0.320,162,65
2026-01-16,game_detail_astro,6,4692,1934,0.391,140,59
2026-01-16,game_detail_gta6,6,12805,8073,0.307,213,90
2026-01-16,support,6,3827,2312,0.303,129,52
2026-01-16,psplus,2,8208,4158,0.314,96,448
2026-01-16,product_ps5_pro,2,10706,6232,0.464,200,102
2026-01-16,product_ps5,2,11774,7376,0.488,203,118
2026-01-16,home,2,23919,10296,0.430,103,75
2026-01-16,game_detail_spiderman2,2,4492,3410,0.305,166,76
2026-01-16,game_detail_gta6,2,19404,6487,0.550,45,48
2026-01-16,game_detail_astro,2,4247,1785,0.403,57,92
2026-01-16,support,2,3892,2523,0.453,117,107
2026-01-16,product_ps5_pro,3,8202,4617,0.288,63,93
2026-01-16,product_ps5,3,12432,6088,0.355,179,96
2026-01-16,home,3,15540,12924,0.284,177,96
2026-01-16,psplus,3,5798,3486,0.363,59,330
2026-01-16,game_detail_spiderman2,3,4813,3887,0.401,92,95
2026-01-16,game_detail_gta6,3,20123,8325,0.355,139,68
2026-01-16,game_detail_astro,3,4777,1412,0.327,151,113
2026-01-16,support,3,4074,2432,0.367,190,99
2026-01-17,product_ps5,1,14140,7664,0.275,196,116
2026-01-17,psplus,1,10760,3173,0.413,220,582
2026-01-17,product_ps5_pro,1,11042,5143,0.399,111,104
2026-01-17,home,1,24544,9312,0.514,132,105
2026-01-17,game_detail_spiderman2,1,9039,2974,0.440,223,50
2026-01-17,game_detail_astro,1,6574,2158,0.484,121,118
2026-01-17,game_detail_gta6,1,14475,10192,0.339,154,58
2026-01-17,support,1,4107,1909,0.410,118,51
2026-01-17,psplus,4,7513,4732,0.408,133,482
2026-01-17,product_ps5_pro,4,10127,5200,0.450,152,87
2026-01-17,product_ps5,4,16433,5608,0.537,206,117
2026-01-17,home,4,22181,13104,0.511,185,92
2026-01-17,game_detail_spiderman2,4,6064,2468,0.323,135,110
2026-01-17,game_detail_astro,4,6202,2203,0.467,177,72
2026-01-17,game_detail_gta6,4,24602,6785,0.435,103,65
2026-01-17,support,4,5909,2909,0.469,110,78
2026-01-17,product_ps5_pro,5,16888,6726,0.435,193,87
2026-01-17,product_ps5,5,19548,4920,0.510,200,95
2026-01-17,psplus,5,10913,3327,0.414,80,409
2026-01-17,home,5,24150,11592,0.294,64,112
2026-01-17,game_detail_spiderman2,5,8839,2310,0.374,126,99
2026-01-17,game_detail_astro,5,4150,1615,0.384,201,94
2026-01-17,game_detail_gta6,5,15578,8456,0.286,141,69
2026-01-17,support,5,4416,1664,0.539,161,94
2026-01-17,product_ps5,6,19373,7528,0.437,136,63
2026-01-17,psplus,6,12740,3570,0.437,224,773
2026-01-17,product_ps5_pro,6,14201,5162,0.399,158,119
2026-01-17,home,6,22706,12168,0.486,146,63
2026-01-17,game_detail_spiderman2,6,6064,2805,0.282,50,57
2026-01-17,game_detail_astro,6,4711,2102,0.433,76,52
2026-01-17,game_detail_gta6,6,16476,5833,0.308,72,49
2026-01-17,support,6,4241,2125,0.274,195,105
2026-01-17,psplus,2,9494,4550,0.275,142,762
2026-01-17,product_ps5_pro,2,10127,5136,0.532,212,72
2026-01-17,product_ps5,2,18708,8192,0.422,98,80
2026-01-17,home,2,26040,7740,0.263,111,63
2026-01-17,game_detail_spiderman2,2,9513,2930,0.474,45,79
2026-01-17,game_detail_gta6,2,16476,8437,0.296,163,112
2026-01-17,game_detail_astro,2,4849,2063,0.421,67,103
2026-01-17,support,2,7251,1805,0.460,100,85
2026-01-17,product_ps5_pro,3,12344,6561,0.462,48,65
2026-01-17,product_ps5,3,16993,4992,0.300,95,59
2026-01-17,home,3,30503,9096,0.550,60,58
2026-01-17,psplus,3,12311,4144,0.381,130,500
2026-01-17,game_detail_spiderman2,3,9256,2812,0.325,60,67
2026-01-17,game_detail_gta6,3,20049,7672,0.541,175,95
2026-01-17,game_detail_astro,3,5171,1923,0.298,117,87
2026-01-17,support,3,6335,2632,0.344,50,97
2026-01-18,product_ps5,1,18340,5552,0.392,53,93
2026-01-18,psplus,1,8381,3215,0.501,155,525
2026-01-18,product_ps5_pro,1,10973,4072,0.464,45,116
2026-01-18,home,1,32183,13056,0.523,164,100
2026-01-18,game_detail_spiderman2,1,8269,3494,0.291,154,53
2026-01-18,game_detail_astro,1,5926,1610,0.442,128,103
2026-01-18,game_detail_gta6,1,16803,9548,0.521,196,90
2026-01-18,support,1,4509,2664,0.364,215,104
2026-01-18,psplus,4,13250,4018,0.339,118,486
2026-01-18,product_ps5_pro,4,13452,5782,0.390,180,99
2026-01-18,product_ps5,4,17780,6160,0.456,104,69
2026-01-18,home,4,33049,8040,0.326,62,80
2026-01-18,game_detail_spiderman2,4,6256,3344,0.285,185,56
2026-01-18,game_detail_astro,4,6003,2492,0.315,45,112
2026-01-18,game_detail_gta6,4,23173,8157,0.499,117,67
2026-01-18,support,4,7239,2024,0.288,98,84
2026-01-18,product_ps5_pro,5,12704,4636,0.307,104,63
2026-01-18,product_ps5,5,21193,6944,0.369,61,57
2026-01-18,psplus,5,9708,2889,0.362,119,441
2026-01-18,home,5,26618,8844,0.420,158,77
2026-01-18,game_detail_spiderman2,5,6746,3747,0.509,147,62
2026-01-18,game_detail_astro,5,4732,2128,0.477,64,79
2026-01-18,game_detail_gta6,5,25766,6720,0.473,153,67
2026-01-18,support,5,6650,1675,0.467,124,77
2026-01-18,product_ps5,6,20895,7880,0.381,137,99
2026-01-18,psplus,6,7911,3561,0.376,95,438
2026-01-18,product_ps5_pro,6,16251,4433,0.549,179,63
2026-01-18,home,6,22418,10164,0.535,133,109
2026-01-18,game_detail_spiderman2,6,8823,2482,0.378,106,113
2026-01-18,game_detail_astro,6,4823,2091,0.452,217,90
2026-01-18,game_detail_gta6,6,17660,7663,0.432,139,66
2026-01-18,support,6,5174,2293,0.260,194,109
2026-01-18,psplus,2,7503,4597,0.449,169,762
2026-01-18,product_ps5_pro,2,17235,6530,0.431,142,92
2026-01-18,product_ps5,2,14280,7864,0.419,117,52
2026-01-18,home,2,29899,12912,0.342,193,103
2026-01-18,game_detail_spiderman2,2,5959,3560,0.316,47,97
2026-01-18,game_detail_gta6,2,26235,9277,0.368,128,105
2026-01-18,game_detail_astro,2,5997,1839,0.341,225,65
2026-01-18,support,2,6784,1971,0.493,180,107
2026-01-18,product_ps5_pro,3,17512,4079,0.380,212,68
2026-01-18,product_ps5,3,20335,8672,0.347,130,94
2026-01-18,home,3,22286,7464,0.458,177,93
2026-01-18,psplus,3,9014,4410,0.323,143,683
2026-01-18,game_detail_spiderman2,3,7620,2706,0.483,169,51
2026-01-18,game_detail_gta6,3,18885,5908,0.257,70,117
2026-01-18,game_detail_astro,3,5477,1941,0.268,145,78
2026-01-18,support,3,6638,2891,0.375,194,91
2026-01-19,product_ps5,1,10304,6688,0.339,213,58
2026-01-19,psplus,1,6231,3458,0.313,133,329
2026-01-19,product_ps5_pro,1,9787,5896,0.265,83,95
2026-01-19,home,1,25620,9876,0.382,71,77
2026-01-19,game_detail_spiderman2,1,5968,2259,0.443,200,107
2026-01-19,game_detail_astro,1,3062,1871,0.415,123,94
2026-01-19,game_detail_gta6,1,20025,10183,0.339,90,111
2026-01-19,support,1,3878,2709,0.402,81,68
2026-01-19,psplus,4,10037,4065,0.265,96,361
2026-01-19,product_ps5_pro,4,13167,4174,0.286,139,105
2026-01-19,product_ps5,4,13748,4800,0.407,183,111
2026-01-19,home,4,15855,9324,0.535,51,79
2026-01-19,game_detail_spiderman2,4,4748,2746,0.468,209,50
2026-01-19,game_detail_astro,4,3103,2301,0.386,165,93
2026-01-19,game_detail_gta6,4,16366,5609,0.296,152,100
2026-01-19,support,4,4167,2315,0.380,52,64
2026-01-19,product_ps5_pro,5,9897,5782,0.340,135,54
2026-01-19,product_ps5,5,14364,5112,0.401,102,51
2026-01-19,psplus,5,7652,2898,0.395,69,672
2026-01-19,home,5,25746,10344,0.495,166,53
2026-01-19,game_detail_spiderman2,5,6519,3619,0.414,176,101
2026-01-19,game_detail_astro,5,4598,1930,0.506,206,111
2026-01-19,game_detail_gta6,5,14537,10192,0.285,178,114
2026-01-19,support,5,5059,1648,0.376,134,87
2026-01-19,product_ps5,6,14756,5360,0.287,95,80
2026-01-19,psplus,6,10323,4727,0.318,82,486
2026-01-19,product_ps5_pro,6,13023,6257,0.329,147,98
2026-01-19,home,6,23289,12144,0.456,110,102
2026-01-19,game_detail_spiderman2,6,7123,3425,0.433,157,106
2026-01-19,game_detail_astro,6,5096,2357,0.520,213,116
2026-01-19,game_detail_gta6,6,14455,8475,0.390,159,118
2026-01-19,support,6,5889,2309,0.277,195,95
2026-01-19,psplus,2,6705,3173,0.530,139,570
2026-01-19,product_ps5_pro,2,14009,6783,0.445,218,98
2026-01-19,product_ps5,2,11256,7280,0.406,129,113
2026-01-19,home,2,22218,9420,0.508,132,113
2026-01-19,game_detail_spiderman2,2,6276,2281,0.403,106,116
2026-01-19,game_detail_gta6,2,19420,8409,0.368,180,76
2026-01-19,game_detail_astro,2,4528,1510,0.297,221,66
2026-01-19,support,2,5712,1608,0.285,148,105
2026-01-19,product_ps5_pro,3,12391,6371,0.409,126,115
2026-01-19,product_ps5,3,10640,4864,0.261,96,119
2026-01-19,home,3,17367,10968,0.346,86,118
2026-01-19,psplus,3,9571,3836,0.535,106,512
2026-01-19,game_detail_spiderman2,3,6731,3986,0.411,113,83
2026-01-19,game_detail_gta6,3,13704,10192,0.490,100,104
2026-01-19,game_detail_astro,3,4287,2028,0.350,224,119
2026-01-19,support,3,3439,2253,0.290,105,88
2026-01-20,product_ps5,1,11984,7680,0.543,61,73
2026-01-20,psplus,1,6885,4695,0.522,76,430
2026-01-20,product_ps5_pro,1,9421,6010,0.435,123,108
2026-01-20,home,1,16191,9120,0.292,184,97
2026-01-20,game_detail_spiderman2,1,8124,2515,0.478,124,120
2026-01-20,game_detail_astro,1,3148,2231,0.338,47,58
2026-01-20,game_detail_gta6,1,20678,5833,0.282,176,119
2026-01-20,support,1,5992,2168,0.498,163,83
2026-01-20,psplus,4,6068,4494,0.339,152,675
2026-01-20,product_ps5_pro,4,12424,5573,0.401,173,82
2026-01-20,product_ps5,4,9912,7560,0.411,191,107
2026-01-20,home,4,16464,12012,0.445,115,119
2026-01-20,game_detail_spiderman2,4,5255,3835,0.405,123,79
2026-01-20,game_detail_astro,4,4210,1577,0.481,143,117
2026-01-20,game_detail_gta6,4,17918,8811,0.315,168,111
2026-01-20,support,4,3439,2317,0.311,191,63
2026-01-20,product_ps5_pro,5,11682,3838,0.255,80,97
2026-01-20,product_ps5,5,15414,6232,0.445,48,112
2026-01-20,psplus,5,9498,4205,0.276,100,558
2026-01-20,home,5,16212,8424,0.406,90,83
2026-01-20,game_detail_spiderman2,5,6949,3124,0.354,62,59
2026-01-20,game_detail_astro,5,4022,1755,0.348,60,94
2026-01-20,game_detail_gta6,5,17558,7513,0.524,179,87
2026-01-20,support,5,3841,2019,0.291,175,75
2026-01-20,product_ps5,6,12222,6944,0.401,66,84
2026-01-20,psplus,6,7856,5007,0.442,70,690
2026-01-20,product_ps5_pro,6,11238,5586,0.456,111,106
2026-01-20,home,6,26670,9408,0.382,154,55
2026-01-20,game_detail_spiderman2,6,7950,3234,0.330,116,96
2026-01-20,game_detail_astro,6,3009,2562,0.499,56,62
2026-01-20,game_detail_gta6,6,13377,8148,0.404,142,63
2026-01-20,support,6,4233,2056,0.359,195,113
2026-01-20,psplus,2,10061,3901,0.512,148,378
2026-01-20,product_ps5_pro,2,10795,4991,0.306,69,61
2026-01-20,product_ps5,2,17010,8104,0.541,104,108
2026-01-20,home,2,25746,8004,0.532,68,93
2026-01-20,game_detail_spiderman2,2,5011,3524,0.470,89,61
2026-01-20,game_detail_gta6,2,13818,7924,0.285,81,104
2026-01-20,game_detail_astro,2,3650,1426,0.517,217,54
2026-01-20,support,2,5203,2248,0.464,203,65
2026-01-20,product_ps5_pro,3,12646,4554,0.252,103,54
2026-01-20,product_ps5,3,16422,8728,0.343,95,85
2026-01-20,home,3,23331,12096,0.395,194,115
2026-01-20,psplus,3,6729,4947,0.530,166,782
2026-01-20,game_detail_spiderman2,3,8162,3450,0.527,179,107
2026-01-20,game_detail_gta6,3,16105,8213,0.367,220,104
2026-01-20,game_detail_astro,3,4328,2532,0.522,153,61
2026-01-20,support,3,5376,2792,0.475,145,87
2026-01-21,product_ps5,1,15582,8408,0.514,188,113
2026-01-21,psplus,1,10445,4438,0.287,129,474
2026-01-21,product_ps5_pro,1,8246,4497,0.511,65,79
2026-01-21,home,1,15750,11076,0.487,147,57
2026-01-21,game_detail_spiderman2,1,6462,3410,0.327,212,117
2026-01-21,game_detail_astro,1,4402,1855,0.535,209,69
2026-01-21,game_detail_gta6,1,13638,9921,0.487,84,81
2026-01-21,support,1,3808,2099,0.474,100,71
2026-01-21,psplus,4,8975,3019,0.432,137,551
2026-01-21,product_ps5_pro,4,13943,6245,0.445,207,53
2026-01-21,product_ps5,4,17626,6856,0.264,76,49
2026-01-21,home,4,16002,9924,0.353,195,73
2026-01-21,game_detail_spiderman2,4,5781,2303,0.495,186,50
2026-01-21,game_detail_astro,4,4990,1745,0.360,93,101
2026-01-21,game_detail_gta6,4,16088,7243,0.271,102,108
2026-01-21,support,4,4779,2453,0.393,74,93
2026-01-21,product_ps5_pro,5,13577,4763,0.310,121,109
2026-01-21,product_ps5,5,14350,7952,0.431,83,114
2026-01-21,psplus,5,7807,5124,0.379,217,659
2026-01-21,home,5,19782,8796,0.350,157,82
2026-01-21,game_detail_spiderman2,5,7180,3678,0.501,203,89
2026-01-21,game_detail_astro,5,3646,1727,0.547,135,105
2026-01-21,game_detail_gta6,5,17232,5899,0.423,76,108
2026-01-21,support,5,5026,2675,0.514,201,93
2026-01-21,product_ps5,6,10220,7144,0.448,80,84
2026-01-21,psplus,6,7473,3155,0.316,189,533
2026-01-21,product_ps5_pro,6,12302,5782,0.352,73,88
2026-01-21,home,6,26754,10692,0.302,46,72
2026-01-21,game_detail_spiderman2,6,7482,2251,0.333,53,92
2026-01-21,game_detail_astro,6,3671,1715,0.469,200,81
2026-01-21,game_detail_gta6,6,11597,5899,0.442,169,54
2026-01-21,support,6,3472,2792,0.530,130,86
2026-01-21,psplus,2,7946,4279,0.527,93,343
2026-01-21,product_ps5_pro,2,12757,6593,0.376,176,110
2026-01-21,product_ps5,2,14518,6352,0.533,129,108
2026-01-21,home,2,24822,10368,0.455,138,69
2026-01-21,game_detail_spiderman2,2,7771,3747,0.309,145,116
2026-01-21,game_detail_gta6,2,13998,9781,0.474,68,119
2026-01-21,game_detail_astro,2,3867,1937,0.299,49,77
2026-01-21,support,2,4569,2376,0.467,105,77
2026-01-21,product_ps5_pro,3,9110,4604,0.500,186,75
2026-01-21,product_ps5,3,15638,8568,0.422,175,108
2026-01-21,home,3,20832,7260,0.299,158,71
2026-01-21,psplus,3,7448,3304,0.393,105,333
2026-01-21,game_detail_spiderman2,3,4992,3586,0.463,66,82
2026-01-21,game_detail_gta6,3,18555,9324,0.459,207,49
2026-01-21,game_detail_astro,3,4933,1542,0.344,180,109
2026-01-21,support,3,5936,2315,0.427,170,50
2026-01-22,product_ps5,1,15680,5360,0.523,192,109
2026-01-22,psplus,1,7930,3327,0.395,173,766
2026-01-22,product_ps5_pro,1,8224,5377,0.483,129,54
2026-01-22,home,1,18837,10776,0.432,121,63
2026-01-22,game_detail_spiderman2,1,7636,3003,0.257,145,82
2026-01-22,game_detail_astro,1,2989,2441,0.269,63,79
2026-01-22,game_detail_gta6,1,17575,10211,0.368,168,106
2026-01-22,support,1,4065,2611,0.418,102,102
2026-01-22,psplus,4,10225,4942,0.419,66,600
2026-01-22,product_ps5_pro,4,11981,5155,0.504,218,87
2026-01-22,product_ps5,4,11116,6176,0.465,98,78
2026-01-22,home,4,22848,11100,0.314,187,107
2026-01-22,game_detail_spiderman2,4,6981,2325,0.280,107,88
2026-01-22,game_detail_astro,4,3646,1937,0.320,93,72
2026-01-22,game_detail_gta6,4,12381,7588,0.350,192,76
2026-01-22,support,4,5465,2136,0.538,196,96
2026-01-22,product_ps5_pro,5,12347,3958,0.450,85,117
2026-01-22,product_ps5,5,14364,6112,0.442,81,84
2026-01-22,psplus,5,9269,3467,0.512,117,603
2026-01-22,home,5,18627,12972,0.378,197,58
2026-01-22,game_detail_spiderman2,5,5775,3821,0.389,186,101
2026-01-22,game_detail_astro,5,4655,1797,0.416,193,91
2026-01-22,game_detail_gta6,5,18522,7737,0.379,197,116
2026-01-22,support,5,5143,1779,0.525,213,108
2026-01-22,product_ps5,6,10570,5784,0.304,219,59
2026-01-22,psplus,6,6999,3089,0.284,202,558
2026-01-22,product_ps5_pro,6,9986,4934,0.311,144,96
2026-01-22,home,6,23772,8124,0.506,63,100
2026-01-22,game_detail_spiderman2,6,7187,2959,0.505,96,53
2026-01-22,game_detail_astro,6,4006,2352,0.363,168,77
2026-01-22,game_detail_gta6,6,20270,10257,0.287,59,87
2026-01-22,support,6,5689,2411,0.396,49,83
2026-01-22,psplus,2,7236,3117,0.505,172,745
2026-01-22,product_ps5_pro,2,9764,4104,0.335,218,113
2026-01-22,product_ps5,2,14728,8736,0.404,87,58
2026-01-22,home,2,21504,13104,0.329,108,107
2026-01-22,game_detail_spiderman2,2,6288,2317,0.383,224,101
2026-01-22,game_detail_gta6,2,15876,7093,0.286,130,88
2026-01-22,game_detail_astro,2,2985,2284,0.471,190,109
2026-01-22,support,2,4228,2384,0.357,223,81
2026-01-22,product_ps5_pro,3,13743,3889,0.341,64,84
2026-01-22,product_ps5,3,17906,6064,0.471,176,90
2026-01-22,home,3,26460,9132,0.437,159,87
2026-01-22,psplus,3,6052,3953,0.390,191,449
2026-01-22,game_detail_spiderman2,3,5685,3139,0.341,185,56
2026-01-22,game_detail_gta6,3,14243,9408,0.432,160,80
2026-01-22,game_detail_astro,3,4590,1832,0.334,100,82
2026-01-22,support,3,4270,2424,0.440,122,110
2026-01-23,product_ps5,1,13524,4904,0.409,107,53
2026-01-23,psplus,1,9424,4452,0.441,169,326
2026-01-23,product_ps5_pro,1,8457,4186,0.506,115,64
2026-01-23,home,1,23562,9480,0.398,81,104
2026-01-23,game_detail_spiderman2,1,4800,3788,0.423,76,102
2026-01-23,game_detail_astro,1,3352,2303,0.436,74,111
2026-01-23,game_detail_gta6,1,17183,7019,0.429,164,108
2026-01-23,support,1,4830,1957,0.534,117,81
2026-01-23,psplus,4,8240,3323,0.290,100,358
2026-01-23,product_ps5_pro,4,10407,6606,0.392,167,67
2026-01-23,product_ps5,4,16394,7640,0.508,98,114
2026-01-23,home,4,21630,11688,0.413,57,69
2026-01-23,game_detail_spiderman2,4,6333,2358,0.370,92,65
2026-01-23,game_detail_astro,4,3773,1715,0.357,197,109
2026-01-23,game_detail_gta6,4,17918,7411,0.392,179,108
2026-01-23,support,4,5931,1672,0.259,137,108
2026-01-23,product_ps5_pro,5,10407,5288,0.358,46,48
2026-01-23,product_ps5,5,16702,5288,0.283,84,77
2026-01-23,psplus,5,8142,3444,0.416,83,760
2026-01-23,home,5,19362,8940,0.481,121,118
2026-01-23,game_detail_spiderman2,5,8136,2244,0.515,219,76
2026-01-23,game_detail_astro,5,3152,1430,0.490,213,93
2026-01-23,game_detail_gta6,5,16823,5983,0.267,208,81
2026-01-23,support,5,4326,1837,0.323,128,56
2026-01-23,product_ps5,6,18116,8224,0.387,77,103
2026-01-23,psplus,6,8689,3267,0.496,101,329
2026-01-23,product_ps5_pro,6,13511,6599,0.476,140,95
2026-01-23,home,6,16107,8148,0.478,96,105
2026-01-23,game_detail_spiderman2,6,6474,2321,0.360,88,99
2026-01-23,game_detail_astro,6,4014,1913,0.292,212,98
2026-01-23,game_detail_gta6,6,18228,8857,0.381,80,60
2026-01-23,support,6,3999,2912,0.445,141,81
2026-01-23,psplus,2,9294,3043,0.494,112,450
2026-01-23,product_ps5_pro,2,8944,6074,0.548,161,65
2026-01-23,product_ps5,2,15498,6928,0.511,101,86
2026-01-23,home,2,19404,10116,0.325,129,54
2026-01-23,game_detail_spiderman2,2,6295,3905,0.537,129,68
2026-01-23,game_detail_gta6,2,21021,7112,0.492,183,51
2026-01-23,game_detail_astro,2,5035,2403,0.525,149,55
2026-01-23,support,2,4237,2736,0.306,205,74
2026-01-23,product_ps5_pro,3,12646,5016,0.434,131,118
2026-01-23,product_ps5,3,10612,6632,0.383,150,84
2026-01-23,home,3,15582,11052,0.497,56,93
2026-01-23,psplus,3,9833,2940,0.503,219,723
2026-01-23,game_detail_spiderman2,3,5685,2343,0.378,123,57
2026-01-23,game_detail_gta6,3,16023,8381,0.380,116,72
2026-01-23,game_detail_astro,3,5027,1738,0.425,62,72
2026-01-23,support,3,3411,1693,0.263,205,71
2026-01-24,product_ps5,1,14490,6168,0.455,204,107
2026-01-24,psplus,1,8177,2800,0.497,197,799
2026-01-24,product_ps5_pro,1,11166,4927,0.475,184,105
2026-01-24,home,1,22523,11700,0.466,87,115
2026-01-24,game_detail_spiderman2,1,6770,3993,0.481,87,112
2026-01-24,game_detail_astro,1,5533,2455,0.383,201,113
2026-01-24,game_detail_gta6,1,14333,7700,0.457,88,55
2026-01-24,support,1,6428,1667,0.267,109,99
2026-01-24,psplus,4,7942,3925,0.543,100,441
2026-01-24,product_ps5_pro,4,11430,6701,0.267,213,78
2026-01-24,product_ps5,4,19915,8272,0.353,188,53
2026-01-24,home,4,32865,8460,0.501,94,70
2026-01-24,game_detail_spiderman2,4,6377,3021,0.382,222,70
2026-01-24,game_detail_astro,4,6161,1990,0.433,112,86
2026-01-24,game_detail_gta6,4,26399,5600,0.547,205,113
2026-01-24,support,4,7222,2373,0.374,120,105
2026-01-24,product_ps5_pro,5,14353,4224,0.463,188,86
2026-01-24,product_ps5,5,17045,7240,0.291,45,114
2026-01-24,psplus,5,10678,4751,0.498,129,448
2026-01-24,home,5,22208,11616,0.306,114,59
2026-01-24,game_detail_spiderman2,5,9641,2600,0.525,98,95
2026-01-24,game_detail_astro,5,4129,1895,0.413,136,84
2026-01-24,game_detail_gta6,5,18048,6057,0.479,198,72
2026-01-24,support,5,7064,1923,0.315,132,105
2026-01-24,product_ps5,6,13370,7224,0.491,85,61
2026-01-24,psplus,6,12669,3351,0.540,48,654
2026-01-24,product_ps5_pro,6,12233,5086,0.490,59,114
2026-01-24,home,6,27195,9912,0.380,197,72
2026-01-24,game_detail_spiderman2,6,7868,3080,0.338,46,71
2026-01-24,game_detail_astro,6,6145,2413,0.441,192,79
2026-01-24,game_detail_gta6,6,16987,7747,0.368,183,99
2026-01-24,support,6,4783,1784,0.472,145,77
2026-01-24,psplus,2,11505,2940,0.419,126,602
2026-01-24,product_ps5_pro,2,15572,5915,0.274,100,58
2026-01-24,product_ps5,2,18340,5864,0.520,202,111
2026-01-24,home,2,23783,13104,0.511,209,119
2026-01-24,game_detail_spiderman2,2,10090,2607,0.529,140,112
2026-01-24,game_detail_gta6,2,19600,9240,0.513,223,71
2026-01-24,game_detail_astro,2,6482,2133,0.314,162,86
2026-01-24,support,2,4964,1877,0.421,49,106
2026-01-24,product_ps5_pro,3,13411,4547,0.412,158,72
2026-01-24,product_ps5,3,21175,7448,0.364,172,74
2026-01-24,home,3,22313,12732,0.498,147,118
2026-01-24,psplus,3,11423,3631,0.471,123,493
2026-01-24,game_detail_spiderman2,3,9577,3161,0.270,83,92
2026-01-24,game_detail_gta6,3,15864,7859,0.435,132,67
2026-01-24,game_detail_astro,3,3772,1944,0.313,58,76
2026-01-24,support,3,5617,1976,0.402,207,82
2026-01-25,product_ps5,1,21350,7976,0.424,67,117
2026-01-25,psplus,1,9708,4349,0.395,98,438
2026-01-25,product_ps5_pro,1,10834,5155,0.526,178,86
2026-01-25,home,1,22680,10752,0.418,75,60
2026-01-25,game_detail_spiderman2,1,6080,2845,0.378,119,102
2026-01-25,game_detail_astro,1,3971,1437,0.472,71,110
2026-01-25,game_detail_gta6,1,22969,6337,0.328,100,60
2026-01-25,support,1,6603,2192,0.496,77,78
2026-01-25,psplus,4,12587,4307,0.393,107,610
2026-01-25,product_ps5_pro,4,16583,5149,0.281,70,50
2026-01-25,product_ps5,4,18970,7552,0.483,150,65
2026-01-25,home,4,22864,7956,0.481,83,100
2026-01-25,game_detail_spiderman2,4,5679,2416,0.526,113,91
2026-01-25,game_detail_astro,4,4767,2375,0.431,220,112
2026-01-25,game_detail_gta6,4,21825,10127,0.302,181,53
2026-01-25,support,4,5944,1659,0.310,60,98
2026-01-25,product_ps5_pro,5,17872,3825,0.373,193,113
2026-01-25,product_ps5,5,13265,8256,0.545,145,92
2026-01-25,psplus,5,8473,3654,0.543,64,521
2026-01-25,home,5,23809,7704,0.256,131,81
2026-01-25,game_detail_spiderman2,5,7804,3179,0.522,131,109
2026-01-25,game_detail_astro,5,6472,2380,0.287,209,94
2026-01-25,game_detail_gta6,5,22173,9725,0.362,149,51
2026-01-25,support,5,7181,2560,0.432,198,56
2026-01-25,product_ps5,6,21490,6600,0.343,105,58
2026-01-25,psplus,6,9045,4536,0.448,136,784
2026-01-25,product_ps5_pro,6,13092,4389,0.379,205,108
2026-01-25,home,6,21026,8340,0.449,64,49
2026-01-25,game_detail_spiderman2,6,8855,3208,0.268,215,91
2026-01-25,game_detail_astro,6,5268,2249,0.260,52,116
2026-01-25,game_detail_gta6,6,24459,8101,0.250,187,88
2026-01-25,support,6,4731,1997,0.476,55,64
2026-01-25,psplus,2,12250,3439,0.541,127,592
2026-01-25,product_ps5_pro,2,16251,6884,0.315,138,71
2026-01-25,product_ps5,2,18620,6736,0.308,137,85
2026-01-25,home,2,19268,8772,0.499,61,105
2026-01-25,game_detail_spiderman2,2,6946,2284,0.501,201,77
2026-01-25,game_detail_gta6,2,23418,5656,0.367,157,117
2026-01-25,game_detail_astro,2,5691,2298,0.418,161,103
2026-01-25,support,2,5705,2611,0.341,202,83
2026-01-25,product_ps5_pro,3,11638,6321,0.324,204,108
2026-01-25,product_ps5,3,13668,5344,0.378,129,60
2026-01-25,home,3,32366,9900,0.455,215,98
2026-01-25,psplus,3,7738,4405,0.339,155,653
2026-01-25,game_detail_spiderman2,3,10050,2673,0.514,167,82
2026-01-25,game_detail_gta6,3,21417,9557,0.333,59,92
2026-01-25,game_detail_astro,3,5793,2007,0.517,182,116
2026-01-25,support,3,7577,1747,0.484,118,96
2026-01-26,product_ps5,1,17066,7648,0.399,209,70
2026-01-26,psplus,1,7693,3757,0.279,79,571
2026-01-26,product_ps5_pro,1,11338,5953,0.391,185,65
2026-01-26,home,1,19278,8808,0.506,143,107
2026-01-26,game_detail_spiderman2,1,4723,2750,0.264,143,91
2026-01-26,game_detail_astro,1,2915,2452,0.327,150,107
2026-01-26,game_detail_gta6,1,15892,9100,0.290,118,51
2026-01-26,support,1,3565,2067,0.502,94,50
2026-01-26,psplus,4,8199,3850,0.504,163,572
2026-01-26,product_ps5_pro,4,13167,6485,0.441,59,79
2026-01-26,product_ps5,4,15274,7160,0.269,46,79
2026-01-26,home,4,21021,12456,0.272,60,48
2026-01-26,game_detail_spiderman2,4,8252,2941,0.283,195,96
2026-01-26,game_detail_astro,4,4136,1622,0.369,79,101
2026-01-26,game_detail_gta6,4,17820,6001,0.299,111,68
2026-01-26,support,4,3584,2445,0.370,80,82
2026-01-26,product_ps5_pro,5,10773,5193,0.289,196,89
2026-01-26,product_ps5,5,15512,7808,0.406,210,118
2026-01-26,psplus,5,6239,3071,0.509,45,600
2026-01-26,home,5,24843,11256,0.325,72,106
2026-01-26,game_detail_spiderman2,5,7617,3436,0.471,112,82
2026-01-26,game_detail_astro,5,3577,1610,0.281,221,64
2026-01-26,game_detail_gta6,5,18163,10108,0.356,105,109
2026-01-26,support,5,4783,1763,0.539,207,55
2026-01-26,product_ps5,6,18032,6472,0.278,189,115
2026-01-26,psplus,6,8657,3948,0.430,140,631
2026-01-26,product_ps5_pro,6,9011,4750,0.444,178,118
2026-01-26,home,6,15582,7668,0.354,55,64
2026-01-26,game_detail_spiderman2,6,8111,2680,0.497,135,53
2026-01-26,game_detail_astro,6,3258,1953,0.261,126,75
2026-01-26,game_detail_gta6,6,11515,7149,0.377,72,75
2026-01-26,support,6,6048,1771,0.464,185,56
2026-01-26,psplus,2,10306,3710,0.498,134,732
2026-01-26,product_ps5_pro,2,12247,5206,0.548,117,90
2026-01-26,product_ps5,2,12614,7320,0.275,145,109
2026-01-26,home,2,19971,11796,0.256,175,61
2026-01-26,game_detail_spiderman2,2,5955,2537,0.313,76,85
2026-01-26,game_detail_gta6,2,17836,5843,0.349,163,120
2026-01-26,game_detail_astro,2,5263,2396,0.499,123,50
2026-01-26,support,2,3981,1872,0.376,151,117
2026-01-26,product_ps5_pro,3,9609,5991,0.424,123,96
2026-01-26,product_ps5,3,14574,5720,0.439,216,65
2026-01-26,home,3,24969,7572,0.497,137,91
2026-01-26,psplus,3,9424,4485,0.251,75,514
2026-01-26,game_detail_spiderman2,3,6006,2658,0.476,55,57
2026-01-26,game_detail_gta6,3,15386,7401,0.393,84,89
2026-01-26,game_detail_astro,3,5002,2424,0.259,143,85
2026-01-26,support,3,3668,2795,0.477,88,115
2026-01-27,product_ps5,1,16912,8224,0.546,81,88
2026-01-27,psplus,1,8755,3953,0.337,169,778
2026-01-27,product_ps5_pro,1,11604,6194,0.473,108,106
2026-01-27,home,1,21504,11820,0.275,206,106
2026-01-27,game_detail_spiderman2,1,7687,2787,0.296,179,91
2026-01-27,game_detail_astro,1,4896,1876,0.396,197,87
2026-01-27,game_detail_gta6,1,19796,8624,0.353,202,99
2026-01-27,support,1,5773,2331,0.377,65,109
2026-01-27,psplus,4,6092,5096,0.282,199,699
2026-01-27,product_ps5_pro,4,12713,5599,0.349,84,85
2026-01-27,product_ps5,4,14938,7328,0.548,168,60
2026-01-27,home,4,21840,11016,0.450,78,90
2026-01-27,game_detail_spiderman2,4,5897,3883,0.307,105,88
2026-01-27,game_detail_astro,4,3781,2417,0.423,187,111
2026-01-27,game_detail_gta6,4,12168,9025,0.434,185,51
2026-01-27,support,4,4139,2707,0.520,86,82
2026-01-27,product_ps5_pro,5,9055,5744,0.449,214,58
2026-01-27,product_ps5,5,14168,7264,0.426,121,92
2026-01-27,psplus,5,7742,3500,0.407,106,752
2026-01-27,home,5,22806,9240,0.510,52,104
2026-01-27,game_detail_spiderman2,5,5153,2812,0.306,133,89
2026-01-27,game_detail_astro,5,4051,2273,0.341,80,107
2026-01-27,game_detail_gta6,5,15827,7317,0.403,107,51
2026-01-27,support,5,5129,2011,0.475,49,63
2026-01-27,product_ps5,6,12376,8600,0.268,65,60
2026-01-27,psplus,6,6591,3869,0.310,111,680
2026-01-27,product_ps5_pro,6,7936,6492,0.411,111,114
2026-01-27,home,6,21987,10620,0.389,104,73
2026-01-27,game_detail_spiderman2,6,7854,3887,0.467,145,82
2026-01-27,game_detail_astro,6,4818,1493,0.415,82,107
2026-01-27,game_detail_gta6,6,13165,9847,0.264,178,118
2026-01-27,support,6,5992,1749,0.406,224,90
2026-01-27,psplus,2,8910,4489,0.342,126,582
2026-01-27,product_ps5_pro,2,13854,5744,0.422,192,116
2026-01-27,product_ps5,2,12320,6408,0.527,216,87
2026-01-27,home,2,23037,7968,0.502,190,82
2026-01-27,game_detail_spiderman2,2,5384,2262,0.337,209,97
2026-01-27,game_detail_gta6,2,13949,9585,0.265,130,70
2026-01-27,game_detail_astro,2,4831,2415,0.535,59,90
2026-01-27,support,2,4107,1995,0.526,139,64
2026-01-27,product_ps5_pro,3,8844,6156,0.283,143,67
2026-01-27,product_ps5,3,10668,6272,0.427,153,71
2026-01-27,home,3,15372,11340,0.453,116,78
2026-01-27,psplus,3,10274,3267,0.449,216,770
2026-01-27,game_detail_spiderman2,3,6834,3755,0.272,81,106
2026-01-27,game_detail_gta6,3,13279,8400,0.433,194,83
2026-01-27,game_detail_astro,3,4324,1682,0.255,45,60
2026-01-27,support,3,5171,1912,0.330,78,49
2026-01-28,product_ps5,1,14014,8336,0.433,171,52
2026-01-28,psplus,1,7628,3332,0.405,93,356
2026-01-28,product_ps5_pro,1,8601,5630,0.353,113,107
2026-01-28,home,1,19089,12132,0.451,179,53
2026-01-28,game_detail_spiderman2,1,5775,3945,0.314,98,89
2026-01-28,game_detail_astro,1,3356,2371,0.288,124,86
2026-01-28,game_detail_gta6,1,19959,7224,0.319,147,71
2026-01-28,support,1,5493,2139,0.353,101,57
2026-01-28,psplus,4,6778,4041,0.341,78,578
2026-01-28,product_ps5_pro,4,12701,5193,0.546,58,50
2026-01-28,product_ps5,4,15568,6672,0.548,120,51
2026-01-28,home,4,19824,13140,0.424,116,56
2026-01-28,game_detail_spiderman2,4,6186,3267,0.527,166,85
2026-01-28,game_detail_astro,4,5014,2408,0.395,92,110
2026-01-28,game_detail_gta6,4,20155,9445,0.454,129,68
2026-01-28,support,4,5763,1632,0.336,89,97
2026-01-28,product_ps5_pro,5,11316,6428,0.265,181,117
2026-01-28,product_ps5,5,16254,6408,0.313,47,71
2026-01-28,psplus,5,7081,4886,0.341,97,450
2026-01-28,home,5,15078,9084,0.503,91,50
2026-01-28,game_detail_spiderman2,5,7277,3872,0.419,214,54
2026-01-28,game_detail_astro,5,5092,2487,0.514,108,96
2026-01-28,game_detail_gta6,5,19273,9977,0.472,118,54
2026-01-28,support,5,5082,2179,0.413,99,64
2026-01-28,product_ps5,6,14812,8016,0.279,136,115
2026-01-28,psplus,6,6983,3374,0.300,124,710
2026-01-28,product_ps5_pro,6,13123,6365,0.353,147,94
2026-01-28,home,6,20391,12936,0.320,200,61
2026-01-28,game_detail_spiderman2,6,6750,2629,0.317,86,61
2026-01-28,game_detail_astro,6,4884,2520,0.441,156,75
2026-01-28,game_detail_gta6,6,15909,5796,0.361,107,54
2026-01-28,support,6,5339,1965,0.438,178,113
2026-01-28,psplus,2,8363,5007,0.503,115,524
2026-01-28,product_ps5_pro,2,10496,5884,0.426,119,94
2026-01-28,product_ps5,2,12362,5768,0.496,207,114
2026-01-28,home,2,25725,7248,0.529,104,108
2026-01-28,game_detail_spiderman2,2,8085,3260,0.386,208,97
2026-01-28,game_detail_gta6,2,15892,6281,0.485,158,80
2026-01-28,game_detail_astro,2,4479,1400,0.427,159,110
2026-01-28,support,2,5427,1800,0.430,65,87
2026-01-28,product_ps5_pro,3,10585,5409,0.510,47,111
2026-01-28,product_ps5,3,12824,6176,0.454,160,52
2026-01-28,home,3,18228,12024,0.267,180,113
2026-01-28,psplus,3,7595,2805,0.395,200,686
2026-01-28,game_detail_spiderman2,3,6693,2915,0.364,79,56
2026-01-28,game_detail_gta6,3,11548,8867,0.295,107,84
2026-01-28,game_detail_astro,3,5235,2303,0.402,86,62
2026-01-28,support,3,4797,1763,0.379,188,84
2026-01-29,product_ps5,1,18004,5616,0.264,80,66
2026-01-29,psplus,1,7930,4634,0.435,187,785
2026-01-29,product_ps5_pro,1,10984,6967,0.294,164,102
2026-01-29,home,1,22260,10536,0.394,58,59
2026-01-29,game_detail_spiderman2,1,4594,2963,0.258,113,77
2026-01-29,game_detail_astro,1,3369,1645,0.331,50,66
2026-01-29,game_detail_gta6,1,15517,6543,0.357,128,114
2026-01-29,support,1,5731,2387,0.373,150,110
2026-01-29,psplus,4,7995,4401,0.314,90,575
2026-01-29,product_ps5_pro,4,8423,6732,0.531,177,93
2026-01-29,product_ps5,4,16744,6720,0.422,222,80
2026-01-29,home,4,24171,10344,0.417,180,102
2026-01-29,game_detail_spiderman2,4,8021,2361,0.266,70,95
2026-01-29,game_detail_astro,4,4443,2165,0.292,165,62
2026-01-29,game_detail_gta6,4,13851,6477,0.321,215,103
2026-01-29,support,4,4956,1856,0.267,45,118
2026-01-29,product_ps5_pro,5,12269,6327,0.274,140,53
2026-01-29,product_ps5,5,14896,7464,0.396,215,92
2026-01-29,psplus,5,9874,5124,0.341,161,772
2026-01-29,home,5,26292,10044,0.301,129,115
2026-01-29,game_detail_spiderman2,5,7071,2508,0.442,51,104
2026-01-29,game_detail_astro,5,3201,1829,0.483,151,113
2026-01-29,game_detail_gta6,5,15566,7999,0.442,93,77
2026-01-29,support,5,5549,1875,0.305,183,108
2026-01-29,product_ps5,6,14000,5808,0.399,198,54
2026-01-29,psplus,6,8926,4937,0.279,135,428
2026-01-29,product_ps5_pro,6,10562,6067,0.251,61,53
2026-01-29,home,6,24234,7380,0.429,64,90
2026-01-29,game_detail_spiderman2,6,5403,2372,0.304,166,112
2026-01-29,game_detail_astro,6,4708,1785,0.323,105,52
2026-01-29,game_detail_gta6,6,15647,7373,0.345,139,92
2026-01-29,support,6,4741,2003,0.357,72,112
2026-01-29,psplus,2,7505,2861,0.297,134,446
2026-01-29,product_ps5_pro,2,14187,6150,0.533,130,72
2026-01-29,product_ps5,2,14588,5712,0.411,139,104
2026-01-29,home,2,17031,13164,0.355,204,94
2026-01-29,game_detail_spiderman2,2,7084,3227,0.424,124,67
2026-01-29,game_detail_gta6,2,20743,7924,0.332,210,118
2026-01-29,game_detail_astro,2,3103,2555,0.530,157,95
2026-01-29,support,2,3976,2077,0.472,82,119
2026-01-29,product_ps5_pro,3,13167,4085,0.518,87,51
2026-01-29,product_ps5,3,11942,6440,0.280,193,69
2026-01-29,home,3,22449,12564,0.313,63,77
2026-01-29,psplus,3,10306,4601,0.321,119,458
2026-01-29,game_detail_spiderman2,3,7886,3942,0.303,171,109
2026-01-29,game_detail_gta6,3,19110,8400,0.358,77,116
2026-01-29,game_detail_astro,3,3189,1916,0.399,219,98
2026-01-29,support,3,5203,2504,0.355,57,91
2026-01-30,product_ps5,1,9940,6288,0.327,113,100
2026-01-30,psplus,1,8616,3528,0.408,211,684
2026-01-30,product_ps5_pro,1,13156,4205,0.354,80,110
2026-01-30,home,1,19320,13068,0.317,207,108
2026-01-30,game_detail_spiderman2,1,4806,3322,0.410,76,115
2026-01-30,game_detail_astro,1,5125,2046,0.391,150,120
2026-01-30,game_detail_gta6,1,13655,8157,0.410,196,95
2026-01-30,support,1,5423,1640,0.309,130,117
2026-01-30,psplus,4,5872,4275,0.401,49,642
2026-01-30,product_ps5_pro,4,8146,4813,0.378,67,82
2026-01-30,product_ps5,4,11942,6368,0.456,59,76
2026-01-30,home,4,25095,11832,0.470,184,101
2026-01-30,game_detail_spiderman2,4,5608,3230,0.530,196,84
2026-01-30,game_detail_astro,4,4508,2023,0.384,221,63
2026-01-30,game_detail_gta6,4,12805,6113,0.549,56,49
2026-01-30,support,4,3943,1731,0.531,165,105
2026-01-30,product_ps5_pro,5,11183,5523,0.415,84,109
2026-01-30,product_ps5,5,11578,7896,0.416,127,100
2026-01-30,psplus,5,9816,4545,0.486,125,607
2026-01-30,home,5,22911,8148,0.417,210,109
2026-01-30,game_detail_spiderman2,5,6224,3113,0.532,208,90
2026-01-30,game_detail_astro,5,3336,1990,0.377,80,101
2026-01-30,game_detail_gta6,5,12626,9072,0.393,163,107
2026-01-30,support,5,5133,2253,0.286,73,68
2026-01-30,product_ps5,6,10276,6808,0.488,220,76
2026-01-30,psplus,6,8183,3635,0.370,223,498
2026-01-30,product_ps5_pro,6,11848,6485,0.325,162,52
2026-01-30,home,6,16086,9540,0.267,169,107
2026-01-30,game_detail_spiderman2,6,6436,3813,0.270,80,63
2026-01-30,game_detail_astro,6,5157,1440,0.268,179,114
2026-01-30,game_detail_gta6,6,15696,6813,0.475,107,71
2026-01-30,support,6,3309,2901,0.296,212,60
2026-01-30,psplus,2,9392,3981,0.498,204,631
2026-01-30,product_ps5_pro,2,10662,3914,0.413,161,110
2026-01-30,product_ps5,2,14336,5296,0.525,45,80
2026-01-30,home,2,26880,9576,0.373,179,109
2026-01-30,game_detail_spiderman2,2,4710,3703,0.269,179,74
2026-01-30,game_detail_gta6,2,14292,7905,0.381,50,110
2026-01-30,game_detail_astro,2,4345,2214,0.466,118,90
2026-01-30,support,2,4718,2093,0.403,223,51
2026-01-30,product_ps5_pro,3,12912,5466,0.466,117,53
2026-01-30,product_ps5,3,17528,5336,0.490,170,77
2026-01-30,home,3,20223,9480,0.480,217,116
2026-01-30,psplus,3,10617,4573,0.326,52,706
2026-01-30,game_detail_spiderman2,3,7533,2515,0.381,159,117
2026-01-30,game_detail_gta6,3,14292,8176,0.356,214,78
2026-01-30,game_detail_astro,3,3185,1528,0.257,138,92
2026-01-30,support,3,3733,2611,0.258,222,87
2026-01-31,product_ps5,1,19898,5512,0.368,199,102
2026-01-31,psplus,1,12679,3789,0.421,220,768
2026-01-31,product_ps5_pro,1,14048,4104,0.502,156,51
2026-01-31,home,1,29453,7584,0.334,139,61
2026-01-31,game_detail_spiderman2,1,6000,3978,0.366,115,96
2026-01-31,game_detail_astro,1,6334,1591,0.458,84,59
2026-01-31,game_detail_gta6,1,21233,8213,0.498,200,73
2026-01-31,support,1,5390,2677,0.479,128,71
2026-01-31,psplus,4,12801,4373,0.326,203,698
2026-01-31,product_ps5_pro,4,10917,5276,0.364,62,59
2026-01-31,product_ps5,4,14158,7920,0.368,191,95
2026-01-31,home,4,28980,8016,0.512,204,52
2026-01-31,game_detail_spiderman2,4,7315,2325,0.281,89,110
2026-01-31,game_detail_astro,4,4890,2532,0.519,148,78
2026-01-31,game_detail_gta6,4,15945,9884,0.382,46,116
2026-01-31,support,4,7064,1939,0.373,104,48
2026-01-31,product_ps5_pro,5,12704,5903,0.445,159,58
2026-01-31,product_ps5,5,21105,7696,0.534,136,102
2026-01-31,psplus,5,12975,3841,0.417,191,609
2026-01-31,home,5,30030,10884,0.477,64,86
2026-01-31,game_detail_spiderman2,5,7524,2948,0.547,112,95
2026-01-31,game_detail_astro,5,4267,2193,0.373,115,79
2026-01-31,game_detail_gta6,5,15374,7597,0.412,104,65
2026-01-31,support,5,6732,2317,0.289,155,91
2026-01-31,product_ps5,6,17518,7048,0.285,117,75
2026-01-31,psplus,6,9106,3234,0.477,139,588
2026-01-31,product_ps5_pro,6,17733,5770,0.418,49,91
2026-01-31,home,6,25043,9624,0.486,84,108
2026-01-31,game_detail_spiderman2,6,9826,3131,0.480,76,106
2026-01-31,game_detail_astro,6,5640,2084,0.501,69,117
2026-01-31,game_detail_gta6,6,23030,7719,0.510,207,82
2026-01-31,support,6,7379,2021,0.296,50,116
2026-01-31,psplus,2,11382,3257,0.405,62,378
2026-01-31,product_ps5_pro,2,12635,5637,0.398,193,48
2026-01-31,product_ps5,2,22575,7896,0.270,92,79
2026-01-31,home,2,23205,11244,0.286,142,100
2026-01-31,game_detail_spiderman2,2,7347,2732,0.352,129,98
2026-01-31,game_detail_gta6,2,23193,7075,0.490,172,89
2026-01-31,game_detail_astro,2,6105,1489,0.443,204,109
2026-01-31,support,2,5157,2829,0.345,213,116
2026-01-31,product_ps5_pro,3,10432,4769,0.296,81,102
2026-01-31,product_ps5,3,20598,6488,0.413,170,98
2026-01-31,home,3,31946,9924,0.534,87,117
2026-01-31,psplus,3,11944,3127,0.374,59,624
2026-01-31,game_detail_spiderman2,3,8350,2625,0.482,173,95
2026-01-31,game_detail_gta6,3,21315,6589,0.336,154,98
2026-01-31,game_detail_astro,3,3879,1752,0.408,65,72
2026-01-31,support,3,7513,2576,0.278,147,71
2026-02-01,product_ps5,1,21088,6072,0.339,114,57
2026-02-01,psplus,1,11413,4550,0.398,184,630
2026-02-01,product_ps5_pro,1,14173,6802,0.378,63,109
2026-02-01,home,1,19399,9876,0.320,75,51
2026-02-01,game_detail_spiderman2,1,9898,3043,0.508,225,71
2026-02-01,game_detail_astro,1,4818,2196,0.320,157,88
2026-02-01,game_detail_gta6,1,17824,6151,0.454,88,53
2026-02-01,support,1,4177,2533,0.269,192,112
2026-02-01,psplus,4,12464,4993,0.385,157,714
2026-02-01,product_ps5_pro,4,16694,4560,0.271,101,108
2026-02-01,product_ps5,4,14910,7424,0.330,208,95
2026-02-01,home,4,32235,10056,0.467,88,54
2026-02-01,game_detail_spiderman2,4,8871,3751,0.400,71,69
2026-02-01,game_detail_astro,4,6339,1706,0.441,143,119
2026-02-01,game_detail_gta6,4,24418,5843,0.323,87,108
2026-02-01,support,4,6860,1600,0.425,113,71
2026-02-01,product_ps5_pro,5,11208,5225,0.529,102,71
2026-02-01,product_ps5,5,13580,6064,0.346,77,95
2026-02-01,psplus,5,9555,3864,0.416,220,333
2026-02-01,home,5,20003,8544,0.278,214,48
2026-02-01,game_detail_spiderman2,5,6601,2266,0.511,122,120
2026-02-01,game_detail_astro,5,4308,1752,0.391,63,114
2026-02-01,game_detail_gta6,5,20172,5675,0.257,166,92
2026-02-01,support,5,6072,2437,0.426,201,95
2026-02-01,product_ps5,6,21350,5112,0.412,53,114
2026-02-01,psplus,6,11495,2935,0.548,57,529
2026-02-01,product_ps5_pro,6,13660,6498,0.444,186,113
2026-02-01,home,6,28639,11400,0.371,146,106
2026-02-01,game_detail_spiderman2,6,6529,2996,0.327,119,118
2026-02-01,game_detail_astro,6,6309,1993,0.407,136,116
2026-02-01,game_detail_gta6,6,17497,6057,0.465,196,113
2026-02-01,support,6,5454,2661,0.518,104,106
2026-02-01,psplus,2,11341,3822,0.476,111,645
2026-02-01,product_ps5_pro,2,13355,6859,0.342,220,98
2026-02-01,product_ps5,2,17010,8000,0.454,210,119
2026-02-01,home,2,25095,9504,0.510,224,101
2026-02-01,game_detail_spiderman2,2,8294,3568,0.265,186,117
2026-02-01,game_detail_gta6,2,24378,6169,0.467,87,100
2026-02-01,game_detail_astro,2,5176,2557,0.397,144,51
2026-02-01,support,2,5670,2864,0.274,119,83
2026-02-01,product_ps5_pro,3,15101,5928,0.469,177,49
2026-02-01,product_ps5,3,22050,5784,0.487,142,49
2026-02-01,home,3,26723,8736,0.547,54,105
2026-02-01,psplus,3,8922,4055,0.332,167,766
2026-02-01,game_detail_spiderman2,3,5863,3428,0.267,205,103
2026-02-01,game_detail_gta6,3,15762,7728,0.438,216,102
2026-02-01,game_detail_astro,3,4293,2291,0.478,172,105
2026-02-01,support,3,6685,1984,0.439,79,75
2026-02-02,product_ps5,1,16828,6824,0.329,108,49
2026-02-02,psplus,1,6256,4125,0.379,71,385
2026-02-02,product_ps5_pro,1,11992,5934,0.284,99,86
2026-02-02,home,1,21315,12684,0.355,66,117
2026-02-02,game_detail_spiderman2,1,6609,2977,0.475,75,67
2026-02-02,game_detail_astro,1,3336,2121,0.281,57,97
2026-02-02,game_detail_gta6,1,18342,6468,0.531,134,99
2026-02-02,support,1,5726,1739,0.470,168,93
2026-02-02,psplus,4,9359,3696,0.425,132,573
2026-02-02,product_ps5_pro,4,8922,4180,0.420,178,54
2026-02-02,product_ps5,4,17248,7368,0.373,110,108
2026-02-02,home,4,17241,12960,0.467,163,90
2026-02-02,game_detail_spiderman2,4,6256,3982,0.348,88,89
2026-02-02,game_detail_astro,4,4635,1694,0.328,175,52
2026-02-02,game_detail_gta6,4,19208,9828,0.377,199,51
2026-02-02,support,4,5535,2864,0.423,162,58
2026-02-02,product_ps5_pro,5,8290,5231,0.296,49,99
2026-02-02,product_ps5,5,15148,5152,0.463,61,74
2026-02-02,psplus,5,6288,4499,0.499,140,773
2026-02-02,home,5,18816,12816,0.493,91,72
2026-02-02,game_detail_spiderman2,5,6526,3766,0.337,76,104
2026-02-02,game_detail_astro,5,3630,2455,0.432,66,54
2026-02-02,game_detail_gta6,5,19731,7373,0.329,78,54
2026-02-02,support,5,4536,1760,0.450,50,73
2026-02-02,product_ps5,6,16072,8760,0.375,160,76
2026-02-02,psplus,6,6158,3019,0.270,202,493
2026-02-02,product_ps5_pro,6,10684,4940,0.336,127,68
2026-02-02,home,6,15330,12504,0.298,74,90
2026-02-02,game_detail_spiderman2,6,6853,3659,0.470,45,92
2026-02-02,game_detail_astro,6,3238,1853,0.259,56,109
2026-02-02,game_detail_gta6,6,18881,5917,0.449,211,56
2026-02-02,support,6,5124,2077,0.337,118,51
2026-02-02,psplus,2,6346,3682,0.501,89,402
2026-02-02,product_ps5_pro,2,8778,4427,0.335,66,63
2026-02-02,product_ps5,2,13734,4808,0.445,106,90
2026-02-02,home,2,21105,8592,0.395,158,96
2026-02-02,game_detail_spiderman2,2,7771,2328,0.476,110,69
2026-02-02,game_detail_gta6,2,13018,5983,0.314,108,50
2026-02-02,game_detail_astro,2,3891,2284,0.542,89,113
2026-02-02,support,2,5852,2469,0.257,73,64
2026-02-02,product_ps5_pro,3,9388,6542,0.372,158,87
2026-02-02,product_ps5,3,15806,8416,0.287,157,58
2026-02-02,home,3,16464,8292,0.403,163,59
2026-02-02,psplus,3,9653,4228,0.314,81,578
2026-02-02,game_detail_spiderman2,3,7694,2453,0.344,140,90
2026-02-02,game_detail_gta6,3,15925,8120,0.465,175,104
2026-02-02,game_detail_astro,3,5035,2172,0.540,138,107
2026-02-02,support,3,4905,1840,0.302,182,119
2026-02-03,product_ps5,1,15960,6984,0.371,86,106
2026-02-03,psplus,1,7456,4303,0.404,215,442
2026-02-03,product_ps5_pro,1,10795,5991,0.429,95,81
2026-02-03,home,1,25305,10044,0.268,155,86
2026-02-03,game_detail_spiderman2,1,7020,2900,0.369,169,97
2026-02-03,game_detail_astro,1,3646,2329,0.281,92,99
2026-02-03,game_detail_gta6,1,14096,7877,0.450,83,64
2026-02-03,support,1,5073,1963,0.479,165,93
2026-02-03,psplus,4,6934,3262,0.514,129,586
2026-02-03,product_ps5_pro,4,10573,6245,0.370,49,70
2026-02-03,product_ps5,4,11340,7720,0.273,115,63
2026-02-03,home,4,20496,12312,0.518,155,99
2026-02-03,game_detail_spiderman2,4,4549,2244,0.316,171,79
2026-02-03,game_detail_astro,4,3528,2114,0.449,58,67
2026-02-03,game_detail_gta6,4,19910,6580,0.497,154,104
2026-02-03,support,4,3939,1789,0.303,51,56
2026-02-03,product_ps5_pro,5,13455,6289,0.378,112,115
2026-02-03,product_ps5,5,17486,7248,0.371,57,72
2026-02-03,psplus,5,8044,4359,0.457,209,685
2026-02-03,home,5,24234,11460,0.386,222,56
2026-02-03,game_detail_spiderman2,5,5396,3773,0.539,205,84
2026-02-03,game_detail_astro,5,4381,1703,0.467,46,83
2026-02-03,game_detail_gta6,5,20188,9100,0.390,157,76
2026-02-03,support,5,4732,1704,0.389,109,101
2026-02-03,product_ps5,6,16226,7584,0.430,219,104
2026-02-03,psplus,6,5823,4536,0.394,213,758
2026-02-03,product_ps5_pro,6,8767,4256,0.291,104,91
2026-02-03,home,6,20853,9648,0.395,175,103
2026-02-03,game_detail_spiderman2,6,5891,2941,0.299,104,58
2026-02-03,game_detail_astro,6,2932,1986,0.310,214,60
2026-02-03,game_detail_gta6,6,13393,9240,0.278,147,74
2026-02-03,support,6,5087,1973,0.525,207,95
2026-02-03,psplus,2,9269,3738,0.299,54,466
2026-02-03,product_ps5_pro,2,12823,4408,0.390,45,111
2026-02-03,product_ps5,2,10136,6896,0.492,157,95
2026-02-03,home,2,26418,10848,0.506,51,85
2026-02-03,game_detail_spiderman2,2,5095,3392,0.307,172,92
2026-02-03,game_detail_gta6,2,16252,8568,0.414,116,60
2026-02-03,game_detail_astro,2,4904,2487,0.395,45,75
2026-02-03,support,2,4494,2355,0.520,159,67
2026-02-03,product_ps5_pro,3,11737,4915,0.476,217,55
2026-02-03,product_ps5,3,14994,6200,0.504,207,79
2026-02-03,home,3,23940,9432,0.339,47,112
2026-02-03,psplus,3,10119,3304,0.341,139,649
2026-02-03,game_detail_spiderman2,3,5807,3344,0.308,206,103
2026-02-03,game_detail_gta6,3,19665,8484,0.493,181,79
2026-02-03,game_detail_astro,3,4814,1505,0.508,188,64
2026-02-03,support,3,4093,2821,0.283,94,62
2026-02-04,product_ps5,1,16254,4880,0.427,54,94
2026-02-04,psplus,1,9245,4788,0.346,60,522
2026-02-04,product_ps5_pro,1,10075,4205,0.459,199,70
2026-02-04,home,1,24276,12612,0.272,141,107
2026-02-04,game_detail_spiderman2,1,7437,3725,0.520,65,111
2026-02-04,game_detail_astro,1,4761,2186,0.503,192,70
2026-02-04,game_detail_gta6,1,13981,7037,0.326,169,51
2026-02-04,support,1,4149,2224,0.414,144,100
2026-02-04,psplus,4,5815,3663,0.362,149,796
2026-02-04,product_ps5_pro,4,8612,4902,0.511,183,112
2026-02-04,product_ps5,4,13174,6744,0.438,196,71
2026-02-04,home,4,15582,12672,0.263,156,95
2026-02-04,game_detail_spiderman2,4,6333,3260,0.388,220,95
2026-02-04,game_detail_astro,4,4643,1874,0.517,85,114
2026-02-04,game_detail_gta6,4,18228,6207,0.535,65,80
2026-02-04,support,4,3925,2853,0.457,72,89
2026-02-04,product_ps5_pro,5,14331,4047,0.361,125,71
2026-02-04,product_ps5,5,17290,8592,0.493,166,91
2026-02-04,psplus,5,10617,3449,0.521,221,737
2026-02-04,home,5,22071,7488,0.296,82,99
2026-02-04,game_detail_spiderman2,5,6956,3293,0.521,147,52
2026-02-04,game_detail_astro,5,3361,2016,0.345,112,107
2026-02-04,game_detail_gta6,5,13067,6552,0.255,80,120
2026-02-04,support,5,3351,2197,0.450,150,103
2026-02-04,product_ps5,6,15610,4984,0.265,94,75
2026-02-04,psplus,6,5962,4727,0.368,89,570
2026-02-04,product_ps5_pro,6,13156,5035,0.281,190,87
2026-02-04,home,6,24927,9480,0.382,72,86
2026-02-04,game_detail_spiderman2,6,6077,3498,0.313,106,77
2026-02-04,game_detail_astro,6,3410,2436,0.460,113,78
2026-02-04,game_detail_gta6,6,20286,7261,0.494,132,58
2026-02-04,support,6,4643,2541,0.394,134,101
2026-02-04,psplus,2,10560,2819,0.473,212,632
2026-02-04,product_ps5_pro,2,9421,6105,0.351,207,55
2026-02-04,product_ps5,2,14910,7760,0.266,114,102
2026-02-04,home,2,20958,7284,0.282,53,50
2026-02-04,game_detail_spiderman2,2,5743,3117,0.256,163,120
2026-02-04,game_detail_gta6,2,16366,7849,0.335,92,59
2026-02-04,game_detail_astro,2,4214,1645,0.468,187,91
2026-02-04,support,2,3715,1925,0.297,56,49
2026-02-04,product_ps5_pro,3,13200,3825,0.369,157,116
2026-02-04,product_ps5,3,12978,6528,0.487,162,118
2026-02-04,home,3,24948,10608,0.290,70,54
2026-02-04,psplus,3,9106,3892,0.547,209,424
2026-02-04,game_detail_spiderman2,3,7565,3718,0.429,190,109
2026-02-04,game_detail_gta6,3,15255,7513,0.536,113,119
2026-02-04,game_detail_astro,3,5169,1913,0.263,71,115
2026-02-04,support,3,4513,2651,0.425,48,92
2026-02-05,product_ps5,1,16870,7200,0.509,107,95
2026-02-05,psplus,1,9171,3710,0.339,168,463
2026-02-05,product_ps5_pro,1,12602,6840,0.280,163,92
2026-02-05,home,1,25179,12876,0.298,130,78
2026-02-05,game_detail_spiderman2,1,5133,2328,0.459,149,100
2026-02-05,game_detail_astro,1,3614,2088,0.295,101,102
2026-02-05,game_detail_gta6,1,15680,7019,0.443,202,113
2026-02-05,support,1,5231,2523,0.455,85,116
2026-02-05,psplus,4,6003,4657,0.516,165,335
2026-02-05,product_ps5_pro,4,13887,6732,0.318,61,70
2026-02-05,product_ps5,4,13678,7928,0.252,168,108
2026-02-05,home,4,16359,11772,0.491,94,78
2026-02-05,game_detail_spiderman2,4,6988,3227,0.451,86,86
2026-02-05,game_detail_astro,4,3487,2382,0.405,190,100
2026-02-05,game_detail_gta6,4,19551,8503,0.472,215,90
2026-02-05,support,4,6057,2704,0.457,81,115
2026-02-05,product_ps5_pro,5,13898,3806,0.447,71,73
2026-02-05,product_ps5,5,12838,6968,0.268,92,51
2026-02-05,psplus,5,7162,3561,0.256,159,747
2026-02-05,home,5,16632,10908,0.337,58,94
2026-02-05,game_detail_spiderman2,5,8014,2504,0.261,97,110
2026-02-05,game_detail_astro,5,5198,1965,0.516,94,62
2026-02-05,game_detail_gta6,5,15680,6431,0.532,72,52
2026-02-05,support,5,5577,1792,0.340,194,74
2026-02-05,product_ps5,6,10136,5264,0.464,47,74
2026-02-05,psplus,6,6640,4004,0.492,71,550
2026-02-05,product_ps5_pro,6,7814,5681,0.319,109,70
2026-02-05,home,6,19215,11460,0.403,45,77
2026-02-05,game_detail_spiderman2,6,5929,2838,0.386,164,77
2026-02-05,game_detail_astro,6,2981,2168,0.260,194,50
2026-02-05,game_detail_gta6,6,13965,9576,0.351,187,64
2026-02-05,support,6,5712,2504,0.289,141,57
2026-02-05,psplus,2,6778,4811,0.330,78,568
2026-02-05,product_ps5_pro,2,9476,5649,0.437,220,54
2026-02-05,product_ps5,2,16604,6368,0.325,200,91
2026-02-05,home,2,14910,9312,0.365,108,56
2026-02-05,game_detail_spiderman2,2,7662,3740,0.495,216,88
2026-02-05,game_detail_gta6,2,19224,9529,0.493,54,66
2026-02-05,game_detail_astro,2,4230,2135,0.364,160,90
2026-02-05,support,2,5320,2923,0.458,175,88
2026-02-05,product_ps5_pro,3,14375,5428,0.329,69,52
2026-02-05,product_ps5,3,13342,6192,0.371,220,79
2026-02-05,home,3,18690,9360,0.458,70,119
2026-02-05,psplus,3,7505,4802,0.518,68,496
2026-02-05,game_detail_spiderman2,3,6680,3711,0.421,112,52
2026-02-05,game_detail_gta6,3,19796,10267,0.433,168,119
2026-02-05,game_detail_astro,3,3928,2070,0.310,128,62
2026-02-05,support,3,4541,2733,0.357,57,102
2026-02-06,product_ps5,1,15918,8256,0.302,188,120
2026-02-06,psplus,1,6917,5133,0.514,64,426
2026-02-06,product_ps5_pro,1,10496,6378,0.261,195,92
2026-02-06,home,1,14826,8448,0.385,188,96
2026-02-06,game_detail_spiderman2,1,8239,3069,0.292,94,64
2026-02-06,game_detail_astro,1,4496,2315,0.314,77,77
2026-02-06,game_detail_gta6,1,17999,6300,0.305,66,53
2026-02-06,support,1,3845,2645,0.544,92,89
2026-02-06,psplus,4,6640,4158,0.510,141,733
2026-02-06,product_ps5_pro,4,11881,5516,0.325,68,93
2026-02-06,product_ps5,4,16576,6944,0.317,98,114
2026-02-06,home,4,20265,10668,0.262,50,54
2026-02-06,game_detail_spiderman2,4,5775,4026,0.421,137,115
2026-02-06,game_detail_astro,4,4998,1881,0.288,135,119
2026-02-06,game_detail_gta6,4,20841,6459,0.497,222,119
2026-02-06,support,4,5446,2304,0.535,89,52
2026-02-06,product_ps5_pro,5,8756,5428,0.430,46,119
2026-02-06,product_ps5,5,10304,8136,0.348,86,67
2026-02-06,psplus,5,8567,4312,0.413,48,665
2026-02-06,home,5,26124,8124,0.540,188,89
2026-02-06,game_detail_spiderman2,5,7148,2233,0.395,145,107
2026-02-06,game_detail_astro,5,3287,2273,0.439,189,53
2026-02-06,game_detail_gta6,5,12609,7140,0.483,45,77
2026-02-06,support,5,5073,2672,0.472,123,80
2026-02-06,product_ps5,6,16436,5904,0.511,98,65
2026-02-06,psplus,6,8600,4704,0.338,174,535
2026-02-06,product_ps5_pro,6,14220,5592,0.352,216,89
2026-02-06,home,6,21588,12720,0.423,77,75
2026-02-06,game_detail_spiderman2,6,7289,3311,0.546,111,98
2026-02-06,game_detail_astro,6,5035,2254,0.324,83,77
2026-02-06,game_detail_gta6,6,11629,10164,0.261,141,117
2026-02-06,support,6,5665,2872,0.529,110,115
2026-02-06,psplus,2,6860,4545,0.425,184,710
2026-02-06,product_ps5_pro,2,8512,4408,0.468,140,85
2026-02-06,product_ps5,2,15568,8120,0.546,86,70
2026-02-06,home,2,22743,10524,0.519,113,111
2026-02-06,game_detail_spiderman2,2,6603,3700,0.363,85,114
2026-02-06,game_detail_gta6,2,16938,7084,0.518,76,57
2026-02-06,game_detail_astro,2,3528,2109,0.302,107,67
2026-02-06,support,2,5609,1984,0.319,65,56
2026-02-06,product_ps5_pro,3,11837,5573,0.385,63,57
2026-02-06,product_ps5,3,13412,5112,0.409,144,79
2026-02-06,home,3,26523,8928,0.335,94,62
2026-02-06,psplus,3,10110,4326,0.397,114,419
2026-02-06,game_detail_spiderman2,3,7918,3249,0.362,210,93
2026-02-06,game_detail_gta6,3,13377,10033,0.405,104,54
2026-02-06,game_detail_astro,3,3687,2396,0.343,127,71
2026-02-06,support,3,3514,2456,0.289,62,75
2026-02-07,product_ps5,1,14945,6472,0.520,170,76
2026-02-07,psplus,1,8228,4247,0.281,132,519
2026-02-07,product_ps5_pro,1,14824,4053,0.453,171,94
2026-02-07,home,1,22129,12840,0.262,166,114
2026-02-07,game_detail_spiderman2,1,7114,2717,0.346,122,59
2026-02-07,game_detail_astro,1,4992,1624,0.283,134,118
2026-02-07,game_detail_gta6,1,15803,7756,0.455,225,64
2026-02-07,support,1,5734,1637,0.539,111,88
2026-02-07,psplus,4,10882,4989,0.363,135,649
2026-02-07,product_ps5_pro,4,11804,4668,0.451,93,91
2026-02-07,product_ps5,4,21105,5384,0.370,210,94
2026-02-07,home,4,30398,8484,0.403,56,64
2026-02-07,game_detail_spiderman2,4,8350,3773,0.507,75,59
2026-02-07,game_detail_astro,4,5742,2025,0.392,141,61
2026-02-07,game_detail_gta6,4,16068,7355,0.454,129,90
2026-02-07,support,4,5833,2155,0.376,139,105
2026-02-07,product_ps5_pro,5,12968,5010,0.379,167,67
2026-02-07,product_ps5,5,19635,5664,0.493,99,97
2026-02-07,psplus,5,8085,4237,0.333,129,782
2026-02-07,home,5,21840,7500,0.519,200,103
2026-02-07,game_detail_spiderman2,5,6016,3487,0.547,86,49
2026-02-07,game_detail_astro,5,4977,1594,0.539,154,90
2026-02-07,game_detail_gta6,5,15721,10173,0.285,90,80
2026-02-07,support,5,6230,1667,0.532,127,93
2026-02-07,product_ps5,6,18323,7808,0.257,92,89
2026-02-07,psplus,6,11056,4634,0.289,176,636
2026-02-07,product_ps5_pro,6,15517,5820,0.548,120,68
2026-02-07,home,6,33338,11736,0.443,74,101
2026-02-07,game_detail_spiderman2,6,5927,3894,0.251,63,82
2026-02-07,game_detail_astro,6,5380,2518,0.347,102,84
2026-02-07,game_detail_gta6,6,26419,8727,0.273,173,64
2026-02-07,support,6,5442,2352,0.425,185,66
2026-02-07,psplus,2,8452,5021,0.433,45,518
2026-02-07,product_ps5_pro,2,14561,5586,0.268,94,53
2026-02-07,product_ps5,2,20230,6496,0.336,171,63
2026-02-07,home,2,20239,9024,0.449,52,118
2026-02-07,game_detail_spiderman2,2,8510,3887,0.403,135,86
2026-02-07,game_detail_gta6,2,22111,9679,0.266,195,91
2026-02-07,game_detail_astro,2,4716,2254,0.330,161,112
2026-02-07,support,2,7233,2304,0.287,48,87
2026-02-07,product_ps5_pro,3,13549,4630,0.501,147,100
2026-02-07,product_ps5,3,13405,5264,0.499,165,54
2026-02-07,home,3,25331,8076,0.410,108,101
2026-02-07,psplus,3,10800,4914,0.466,224,643
2026-02-07,game_detail_spiderman2,3,6481,3223,0.425,150,59
2026-02-07,game_detail_gta6,3,16088,5815,0.499,59,72
2026-02-07,game_detail_astro,3,4436,1911,0.259,103,92
2026-02-07,support,3,6918,2792,0.281,197,52
2026-02-08,product_ps5,1,15995,5720,0.392,54,112
2026-02-08,psplus,1,7452,4765,0.395,197,701
2026-02-08,product_ps5_pro,1,11402,6606,0.369,186,80
2026-02-08,home,1,34073,8424,0.482,201,88
2026-02-08,game_detail_spiderman2,1,10114,3384,0.339,146,113
2026-02-08,game_detail_astro,1,5620,1755,0.437,100,84
2026-02-08,game_detail_gta6,1,15170,6095,0.482,220,50
2026-02-08,support,1,6971,2568,0.445,173,103
2026-02-08,psplus,4,9606,4923,0.374,144,670
2026-02-08,product_ps5_pro,4,10044,5162,0.338,189,91
2026-02-08,product_ps5,4,14263,5968,0.476,137,76
2026-02-08,home,4,29321,9504,0.273,63,66
2026-02-08,game_detail_spiderman2,4,5711,3997,0.407,107,96
2026-02-08,game_detail_astro,4,5798,2049,0.451,173,67
2026-02-08,game_detail_gta6,4,19784,6627,0.547,91,52
2026-02-08,support,4,5594,1909,0.288,100,108
2026-02-08,product_ps5_pro,5,12649,6365,0.541,53,79
2026-02-08,product_ps5,5,15383,7320,0.268,166,90
2026-02-08,psplus,5,12230,4270,0.334,206,599
2026-02-08,home,5,19635,8856,0.334,194,120
2026-02-08,game_detail_spiderman2,5,8687,3051,0.394,161,64
2026-02-08,game_detail_astro,5,5737,1899,0.346,134,106
2026-02-08,game_detail_gta6,5,17048,7103,0.493,149,97
2026-02-08,support,5,5880,2067,0.483,176,112
2026-02-08,product_ps5,6,13878,7360,0.271,169,69
2026-02-08,psplus,6,11811,3593,0.329,156,598
2026-02-08,product_ps5_pro,6,9781,3920,0.322,160,108
2026-02-08,home,6,30765,8436,0.479,143,63
2026-02-08,game_detail_spiderman2,6,8727,2317,0.287,54,62
2026-02-08,game_detail_astro,6,4446,1720,0.403,65,62
2026-02-08,game_detail_gta6,6,23030,9333,0.394,70,110
2026-02-08,support,6,5139,2141,0.434,177,101
2026-02-08,psplus,2,10555,4727,0.456,135,471
2026-02-08,product_ps5_pro,2,16583,5884,0.478,71,108
2026-02-08,product_ps5,2,21473,6656,0.507,222,88
2026-02-08,home,2,22313,8544,0.390,73,70
2026-02-08,game_detail_spiderman2,2,7780,2277,0.454,220,61
2026-02-08,game_detail_gta6,2,16313,6029,0.510,198,67
2026-02-08,game_detail_astro,2,4405,2158,0.405,120,98
2026-02-08,support,2,7467,2747,0.489,89,48
2026-02-08,product_ps5_pro,3,17969,5143,0.308,120,113
2026-02-08,product_ps5,3,16240,8600,0.480,80,100
2026-02-08,home,3,18979,13056,0.430,195,75
2026-02-08,psplus,3,10831,2884,0.373,165,438
2026-02-08,game_detail_spiderman2,3,8398,3377,0.483,213,62
2026-02-08,game_detail_gta6,3,24725,8736,0.526,115,102
2026-02-08,game_detail_astro,3,4405,2296,0.297,140,115
2026-02-08,support,3,5028,2221,0.272,171,55
2026-02-09,product_ps5,1,18074,8024,0.399,129,49
2026-02-09,psplus,1,6983,4247,0.509,154,491
2026-02-09,product_ps5_pro,1,7913,4104,0.434,173,97
2026-02-09,home,1,20097,9000,0.413,136,56
2026-02-09,game_detail_spiderman2,1,4511,3553,0.388,203,75
2026-02-09,game_detail_astro,1,3218,2102,0.504,61,64
2026-02-09,game_detail_gta6,1,17183,9072,0.536,208,118
2026-02-09,support,1,3691,1624,0.275,123,109
2026-02-09,psplus,4,9931,3827,0.297,154,346
2026-02-09,product_ps5_pro,4,12081,5991,0.420,101,57
2026-02-09,product_ps5,4,17486,5992,0.253,138,79
2026-02-09,home,4,21294,9048,0.269,95,101
2026-02-09,game_detail_spiderman2,4,7315,2871,0.275,60,62
2026-02-09,game_detail_astro,4,4198,1643,0.521,149,118
2026-02-09,game_detail_gta6,4,14292,10033,0.381,53,54
2026-02-09,support,4,4335,2920,0.530,102,113
2026-02-09,product_ps5_pro,5,10219,5333,0.302,192,85
2026-02-09,product_ps5,5,14322,6680,0.413,170,97
2026-02-09,psplus,5,6435,4671,0.329,51,798
2026-02-09,home,5,16653,12828,0.399,86,94
2026-02-09,game_detail_spiderman2,5,5640,3194,0.495,208,107
2026-02-09,game_detail_astro,5,3258,2200,0.525,171,54
2026-02-09,game_detail_gta6,5,13410,7485,0.280,128,58
2026-02-09,support,5,4905,1749,0.256,152,106
2026-02-09,product_ps5,6,17458,5384,0.539,205,66
2026-02-09,psplus,6,9710,3397,0.325,190,771
2026-02-09,product_ps5_pro,6,12535,5440,0.253,65,67
2026-02-09,home,6,17388,12480,0.260,209,118
2026-02-09,game_detail_spiderman2,6,7533,3898,0.259,149,95
2026-02-09,game_detail_astro,6,4843,2364,0.393,120,76
2026-02-09,game_detail_gta6,6,12119,9165,0.322,145,69
2026-02-09,support,6,3943,2040,0.256,164,116
2026-02-09,psplus,2,8600,4709,0.407,198,643
2026-02-09,product_ps5_pro,2,13511,6416,0.482,167,77
2026-02-09,product_ps5,2,11774,6680,0.503,115,67
2026-02-09,home,2,16464,8544,0.410,90,113
2026-02-09,game_detail_spiderman2,2,5230,2541,0.422,55,103
2026-02-09,game_detail_gta6,2,11678,7457,0.417,97,68
2026-02-09,game_detail_astro,2,2924,2501,0.474,167,66
2026-02-09,support,2,4083,1949,0.454,87,101
2026-02-09,product_ps5_pro,3,12081,5003,0.325,204,106
2026-02-09,product_ps5,3,12432,5376,0.503,125,57
2026-02-09,home,3,18900,13152,0.349,217,64
2026-02-09,psplus,3,9563,4517,0.547,98,618
2026-02-09,game_detail_spiderman2,3,6859,3571,0.366,127,98
2026-02-09,game_detail_gta6,3,18751,7140,0.467,155,91
2026-02-09,game_detail_astro,3,3846,1773,0.408,72,91
2026-02-09,support,3,4345,1613,0.517,107,61
2026-02-10,product_ps5,1,13874,5080,0.309,212,114
2026-02-10,psplus,1,6501,4214,0.254,209,399
2026-02-10,product_ps5_pro,1,9066,6283,0.364,168,110
2026-02-10,home,1,18270,11160,0.300,190,93
2026-02-10,game_detail_spiderman2,1,6019,2237,0.321,209,50
2026-02-10,game_detail_astro,1,4855,1519,0.273,94,120
2026-02-10,game_detail_gta6,1,14635,9501,0.483,182,54
2026-02-10,support,1,5665,2277,0.365,48,117
2026-02-10,psplus,4,6958,3971,0.535,143,700
2026-02-10,product_ps5_pro,4,11493,4915,0.416,114,96
2026-02-10,product_ps5,4,15778,5392,0.268,171,93
2026-02-10,home,4,17346,9552,0.440,150,49
2026-02-10,game_detail_spiderman2,4,6641,2295,0.257,87,118
2026-02-10,game_detail_astro,4,4296,1713,0.368,198,117
2026-02-10,game_detail_gta6,4,20939,8325,0.361,149,63
2026-02-10,support,4,4214,2539,0.412,91,83
2026-02-10,product_ps5_pro,5,10208,6314,0.261,193,118
2026-02-10,product_ps5,5,10248,5264,0.333,174,64
2026-02-10,psplus,5,9335,3645,0.355,223,770
2026-02-10,home,5,22512,9708,0.509,221,88
2026-02-10,game_detail_spiderman2,5,4716,2607,0.513,221,80
2026-02-10,game_detail_astro,5,4549,2207,0.291,196,51
2026-02-10,game_detail_gta6,5,16872,5917,0.312,75,70
2026-02-10,support,5,5763,2819,0.254,122,98
2026-02-10,product_ps5,6,16940,6968,0.373,112,118
2026-02-10,psplus,6,9890,4237,0.497,124,514
2026-02-10,product_ps5_pro,6,10407,3996,0.331,131,109
2026-02-10,home,6,15666,9972,0.535,173,95
2026-02-10,game_detail_spiderman2,6,7328,2442,0.459,112,115
2026-02-10,game_detail_astro,6,5292,1909,0.404,108,54
2026-02-10,game_detail_gta6,6,13328,7448,0.321,129,75
2026-02-10,support,6,4583,2261,0.455,213,71
2026-02-10,psplus,2,7334,2800,0.301,210,378
2026-02-10,product_ps5_pro,2,8756,5244,0.380,141,66
2026-02-10,product_ps5,2,13902,6328,0.333,200,77
2026-02-10,home,2,23100,8856,0.317,219,112
2026-02-10,game_detail_spiderman2,2,7469,2534,0.369,171,99
2026-02-10,game_detail_gta6,2,15484,8503,0.405,189,49
2026-02-10,game_detail_astro,2,3405,2149,0.515,149,53
2026-02-10,support,2,5507,1709,0.261,175,59
2026-02-10,product_ps5_pro,3,12447,6055,0.258,153,113
2026-02-10,product_ps5,3,17570,6152,0.513,175,106
2026-02-10,home,3,24255,12372,0.535,55,72
2026-02-10,psplus,3,9433,4214,0.500,70,434
2026-02-10,game_detail_spiderman2,3,5069,3117,0.525,220,93
2026-02-10,game_detail_gta6,3,14292,8232,0.539,143,91
2026-02-10,game_detail_astro,3,4165,1951,0.493,209,86
2026-02-10,support,3,4886,2027,0.507,212,59
2026-02-11,product_ps5,1,16282,8264,0.438,170,111
2026-02-11,psplus,1,10413,2837,0.367,97,765
2026-02-11,product_ps5_pro,1,13921,4332,0.524,195,78
2026-02-11,home,1,23856,12072,0.507,83,103
2026-02-11,game_detail_spiderman2,1,4928,2779,0.303,209,53
2026-02-11,game_detail_astro,1,3618,2275,0.447,66,65
2026-02-11,game_detail_gta6,1,12446,5647,0.393,137,54
2026-02-11,support,1,4737,2077,0.301,193,95
2026-02-11,psplus,4,10021,3747,0.548,118,439
2026-02-11,product_ps5_pro,4,11394,6200,0.299,211,105
2026-02-11,product_ps5,4,9912,7720,0.520,218,87
2026-02-11,home,4,25179,11580,0.440,163,101
2026-02-11,game_detail_spiderman2,4,4774,2783,0.366,69,57
2026-02-11,game_detail_astro,4,5202,2536,0.374,69,82
2026-02-11,game_detail_gta6,4,14520,8176,0.350,68,68
2026-02-11,support,4,5903,2005,0.306,165,49
2026-02-11,product_ps5_pro,5,10629,5884,0.469,145,54
2026-02-11,product_ps5,5,11550,6688,0.284,101,112
2026-02-11,psplus,5,10143,5105,0.481,205,588
2026-02-11,home,5,20160,11364,0.513,127,95
2026-02-11,game_detail_spiderman2,5,6353,3883,0.311,70,116
2026-02-11,game_detail_astro,5,3769,2413,0.254,205,93
2026-02-11,game_detail_gta6,5,11580,5899,0.504,59,57
2026-02-11,support,5,4107,1603,0.356,88,51
2026-02-11,product_ps5,6,15680,8408,0.427,171,88
2026-02-11,psplus,6,9571,5087,0.482,70,542
2026-02-11,product_ps5_pro,6,7980,5953,0.330,185,94
2026-02-11,home,6,21357,12720,0.507,141,82
2026-02-11,game_detail_spiderman2,6,4517,2827,0.341,225,81
2026-02-11,game_detail_astro,6,3177,2410,0.407,112,49
2026-02-11,game_detail_gta6,6,16938,6235,0.315,84,49
2026-02-11,support,6,5563,2757,0.361,84,77
2026-02-11,psplus,2,5831,4699,0.255,123,727
2026-02-11,product_ps5_pro,2,8069,3971,0.427,144,77
2026-02-11,product_ps5,2,14308,5720,0.550,201,61
2026-02-11,home,2,24507,9708,0.522,202,49
2026-02-11,game_detail_spiderman2,2,8162,2420,0.253,55,114
2026-02-11,game_detail_gta6,2,17052,7504,0.536,98,90
2026-02-11,game_detail_astro,2,3405,1626,0.351,86,109
2026-02-11,support,2,3939,1656,0.307,119,91
2026-02-11,product_ps5_pro,3,8224,5618,0.475,52,83
2026-02-11,product_ps5,3,16282,7280,0.311,221,86
2026-02-11,home,3,19005,12288,0.299,174,59
2026-02-11,psplus,3,9139,2945,0.477,135,565
2026-02-11,game_detail_spiderman2,3,6269,3960,0.273,139,50
2026-02-11,game_detail_gta6,3,16382,9193,0.346,106,119
2026-02-11,game_detail_astro,3,3087,2399,0.272,212,74
2026-02-11,support,3,3920,1995,0.449,105,110
2026-02-12,product_ps5,1,13650,5632,0.313,139,103
2026-02-12,psplus,1,10004,4065,0.468,205,750
2026-02-12,product_ps5_pro,1,7814,5491,0.485,206,79
2026-02-12,home,1,26166,12216,0.468,47,88
2026-02-12,game_detail_spiderman2,1,6930,2875,0.410,122,96
2026-02-12,game_detail_astro,1,4426,2415,0.267,162,56
2026-02-12,game_detail_gta6,1,11956,6235,0.543,60,106
2026-02-12,support,1,5213,2171,0.483,59,96
2026-02-12,psplus,4,7865,3659,0.303,208,639
2026-02-12,product_ps5_pro,4,8667,5136,0.319,192,79
2026-02-12,product_ps5,4,11452,5136,0.290,97,115
2026-02-12,home,4,18648,12360,0.298,155,99
2026-02-12,game_detail_spiderman2,4,5788,3560,0.274,165,73
2026-02-12,game_detail_astro,4,5022,2289,0.417,202,51
2026-02-12,game_detail_gta6,4,13344,7159,0.456,217,93
2026-02-12,support,4,5213,2808,0.487,199,99
2026-02-12,product_ps5_pro,5,8080,5130,0.546,182,118
2026-02-12,product_ps5,5,14028,8688,0.328,121,66
2026-02-12,psplus,5,7113,3589,0.342,104,672
2026-02-12,home,5,18144,7260,0.507,124,103
2026-02-12,game_detail_spiderman2,5,6243,2354,0.525,186,108
2026-02-12,game_detail_astro,5,5149,1496,0.478,80,62
2026-02-12,game_detail_gta6,5,15190,6104,0.332,194,71
2026-02-12,support,5,3402,1912,0.530,152,60
2026-02-12,product_ps5,6,15750,4944,0.286,67,89
2026-02-12,psplus,6,6819,3561,0.306,122,626
2026-02-12,product_ps5_pro,6,9798,5041,0.483,133,117
2026-02-12,home,6,24591,9780,0.541,167,59
2026-02-12,game_detail_spiderman2,6,8265,2713,0.279,189,95
2026-02-12,game_detail_astro,6,4920,2368,0.425,189,69
2026-02-12,game_detail_gta6,6,11580,7429,0.361,146,60
2026-02-12,support,6,4363,1981,0.279,93,90
2026-02-12,psplus,2,7522,4079,0.396,161,334
2026-02-12,product_ps5_pro,2,14375,5776,0.361,68,117
2026-02-12,product_ps5,2,16548,6768,0.326,144,68
2026-02-12,home,2,23457,11376,0.528,169,77
2026-02-12,game_detail_spiderman2,2,5063,3036,0.461,213,65
2026-02-12,game_detail_gta6,2,20319,7737,0.337,179,62
2026-02-12,game_detail_astro,2,3222,1738,0.362,96,120
2026-02-12,support,2,4228,1699,0.446,211,103
2026-02-12,product_ps5_pro,3,10939,6295,0.267,144,86
2026-02-12,product_ps5,3,13552,5552,0.312,113,114
2026-02-12,home,3,17304,8568,0.287,154,63
2026-02-12,psplus,3,9433,2847,0.503,218,409
2026-02-12,game_detail_spiderman2,3,8021,3395,0.495,169,83
2026-02-12,game_detail_gta6,3,15778,5861,0.489,87,117
2026-02-12,game_detail_astro,3,3659,2457,0.260,138,82
2026-02-12,support,3,4545,2275,0.357,197,91
2026-02-13,product_ps5,1,10612,7192,0.292,126,100
2026-02-13,psplus,1,9049,3729,0.522,50,696
2026-02-13,product_ps5_pro,1,13699,5694,0.374,105,97
2026-02-13,home,1,25116,8160,0.368,46,99
2026-02-13,game_detail_spiderman2,1,7366,3538,0.447,53,106
2026-02-13,game_detail_astro,1,4712,2347,0.537,139,108
2026-02-13,game_detail_gta6,1,21005,8083,0.478,187,111
2026-02-13,support,1,5385,2221,0.310,208,87
2026-02-13,psplus,4,8461,4839,0.449,96,406
2026-02-13,product_ps5_pro,4,10984,6618,0.544,132,120
2026-02-13,product_ps5,4,15974,8128,0.382,81,99
2026-02-13,home,4,26061,11580,0.529,145,102
2026-02-13,game_detail_spiderman2,4,6359,3395,0.332,161,94
2026-02-13,game_detail_astro,4,3740,1934,0.530,61,96
2026-02-13,game_detail_gta6,4,18163,9912,0.269,94,77
2026-02-13,support,4,3500,2205,0.527,81,116
2026-02-13,product_ps5_pro,5,11261,6397,0.525,81,50
2026-02-13,product_ps5,5,16730,5064,0.499,177,74
2026-02-13,psplus,5,7350,4522,0.324,173,680
2026-02-13,home,5,17388,8532,0.278,170,119
2026-02-13,game_detail_spiderman2,5,7206,3322,0.482,149,117
2026-02-13,game_detail_astro,5,4639,2520,0.531,203,104
2026-02-13,game_detail_gta6,5,12364,7560,0.477,75,87
2026-02-13,support,5,5992,2349,0.335,159,59
2026-02-13,product_ps5,6,10626,7808,0.495,190,110
2026-02-13,psplus,6,8118,5115,0.311,167,533
2026-02-13,product_ps5_pro,6,14142,4509,0.252,101,93
2026-02-13,home,6,18459,8976,0.281,122,114
2026-02-13,game_detail_spiderman2,6,6609,3865,0.264,127,68
2026-02-13,game_detail_astro,6,3638,2343,0.251,45,84
2026-02-13,game_detail_gta6,6,16382,6431,0.281,220,109
2026-02-13,support,6,5661,2125,0.365,94,117
2026-02-13,psplus,2,8518,4956,0.382,107,783
2026-02-13,product_ps5_pro,2,11892,4965,0.288,55,110
2026-02-13,product_ps5,2,13902,7992,0.433,140,64
2026-02-13,home,2,24633,13140,0.501,122,86
2026-02-13,game_detail_spiderman2,2,4902,2537,0.453,118,84
2026-02-13,game_detail_gta6,2,21135,9865,0.353,113,53
2026-02-13,game_detail_astro,2,3246,2546,0.401,121,58
2026-02-13,support,2,3551,2197,0.379,185,95
2026-02-13,product_ps5_pro,3,13777,4946,0.447,64,77
2026-02-13,product_ps5,3,15400,8280,0.484,151,74
2026-02-13,home,3,18879,9492,0.419,135,95
2026-02-13,psplus,3,7963,4900,0.288,150,638
2026-02-13,game_detail_spiderman2,3,7026,2669,0.311,125,51
2026-02-13,game_detail_gta6,3,19943,8605,0.469,193,112
2026-02-13,game_detail_astro,3,4835,2289,0.311,93,115
2026-02-13,support,3,5283,2397,0.477,46,55
2026-02-14,product_ps5,1,14280,6168,0.271,146,73
2026-02-14,psplus,1,9147,3911,0.309,136,481
2026-02-14,product_ps5_pro,1,11610,5174,0.285,197,85
2026-02-14,home,1,23441,7824,0.511,186,98
2026-02-14,game_detail_spiderman2,1,8566,3040,0.350,209,114
2026-02-14,game_detail_astro,1,5349,1645,0.293,50,102
2026-02-14,game_detail_gta6,1,17763,5824,0.445,187,115
2026-02-14,support,1,6183,1949,0.407,219,60
2026-02-14,psplus,4,11005,3295,0.548,94,503
2026-02-14,product_ps5_pro,4,14367,4573,0.545,119,92
2026-02-14,product_ps5,4,22715,7952,0.475,134,56
2026-02-14,home,4,25226,9528,0.500,115,72
2026-02-14,game_detail_spiderman2,4,6938,2380,0.542,51,102
2026-02-14,game_detail_astro,4,4247,1657,0.429,184,78
2026-02-14,game_detail_gta6,4,15027,9613,0.287,149,64
2026-02-14,support,4,6953,1787,0.379,166,116
2026-02-14,product_ps5_pro,5,13106,6099,0.293,63,110
2026-02-14,product_ps5,5,17535,5176,0.522,193,101
2026-02-14,psplus,5,7421,4615,0.524,114,455
2026-02-14,home,5,25673,8016,0.305,81,62
2026-02-14,game_detail_spiderman2,5,6505,3461,0.408,106,71
2026-02-14,game_detail_astro,5,3706,2567,0.381,133,54
2026-02-14,game_detail_gta6,5,20948,7075,0.278,158,86
2026-02-14,support,5,4375,2195,0.368,61,119
2026-02-14,product_ps5,6,20405,6984,0.466,139,110
2026-02-14,psplus,6,10790,4587,0.371,167,390
2026-02-14,product_ps5_pro,6,11928,6549,0.255,170,90
2026-02-14,home,6,24019,8748,0.356,134,52
2026-02-14,game_detail_spiderman2,6,9248,2739,0.352,55,86
2026-02-14,game_detail_astro,6,4410,1640,0.275,162,63
2026-02-14,game_detail_gta6,6,26440,6207,0.443,214,99
2026-02-14,support,6,7577,2741,0.542,192,110
2026-02-14,psplus,2,11995,4345,0.332,118,394
2026-02-14,product_ps5_pro,2,17262,4262,0.321,114,91
2026-02-14,product_ps5,2,21455,8680,0.260,98,73
2026-02-14,home,2,18664,12300,0.271,108,67
2026-02-14,game_detail_spiderman2,2,6120,2662,0.455,175,105
2026-02-14,game_detail_gta6,2,18212,6347,0.362,158,66
2026-02-14,game_detail_astro,2,4941,2156,0.384,160,82
2026-02-14,support,2,5542,2448,0.251,134,61
2026-02-14,product_ps5_pro,3,12968,6954,0.368,118,112
2026-02-14,product_ps5,3,17570,8080,0.449,65,69
2026-02-14,home,3,18821,9636,0.516,111,97
2026-02-14,psplus,3,7820,2991,0.492,105,378
2026-02-14,game_detail_spiderman2,3,7860,2328,0.539,225,56
2026-02-14,game_detail_gta6,3,19233,7495,0.333,177,82
2026-02-14,game_detail_astro,3,4323,2532,0.415,205,79
2026-02-14,support,3,5740,2883,0.420,121,103
2026-02-15,product_ps5,1,22155,8480,0.298,185,93
2026-02-15,psplus,1,12454,3649,0.461,122,554
2026-02-15,product_ps5_pro,1,15724,5155,0.371,159,64
2026-02-15,home,1,20318,11868,0.437,168,82
2026-02-15,game_detail_spiderman2,1,6096,3531,0.266,173,102
2026-02-15,game_detail_astro,1,5227,2051,0.315,217,72
2026-02-15,game_detail_gta6,1,20560,7075,0.481,90,75
2026-02-15,support,1,4427,1651,0.355,63,58
2026-02-15,psplus,4,10780,4433,0.316,58,615
2026-02-15,product_ps5_pro,4,16403,6884,0.325,92,105
2026-02-15,product_ps5,4,17973,6664,0.524,220,50
2026-02-15,home,4,29400,10656,0.364,96,93
2026-02-15,game_detail_spiderman2,4,6224,3315,0.423,181,72
2026-02-15,game_detail_astro,4,5063,2312,0.485,134,61
2026-02-15,game_detail_gta6,4,17987,6925,0.437,59,116
2026-02-15,support,4,5518,2539,0.498,167,114
2026-02-15,product_ps5_pro,5,14699,6656,0.516,126,105
2026-02-15,product_ps5,5,14910,8704,0.275,147,99
2026-02-15,psplus,5,7554,4783,0.371,220,557
2026-02-15,home,5,22995,8148,0.407,150,112
2026-02-15,game_detail_spiderman2,5,7331,3164,0.300,74,114
2026-02-15,game_detail_astro,5,5722,1419,0.265,78,90
2026-02-15,game_detail_gta6,5,21376,8279,0.481,214,91
2026-02-15,support,5,5501,2933,0.362,148,70
2026-02-15,product_ps5,6,15470,5608,0.422,87,119
2026-02-15,psplus,6,10688,3607,0.524,60,539
2026-02-15,product_ps5_pro,6,16916,6580,0.413,80,104
2026-02-15,home,6,23363,7404,0.279,176,95
2026-02-15,game_detail_spiderman2,6,8839,3300,0.517,202,106
2026-02-15,game_detail_astro,6,5604,2142,0.382,47,116
2026-02-15,game_detail_gta6,6,25766,5684,0.283,54,84
2026-02-15,support,6,6096,2605,0.288,83,90
2026-02-15,psplus,2,9831,3201,0.321,171,391
2026-02-15,product_ps5_pro,2,13910,4269,0.486,88,114
2026-02-15,product_ps5,2,19898,8272,0.453,138,70
2026-02-15,home,2,34073,9696,0.471,195,117
2026-02-15,game_detail_spiderman2,2,7652,3626,0.528,139,59
2026-02-15,game_detail_gta6,2,26113,9156,0.301,106,112
2026-02-15,game_detail_astro,2,4818,2035,0.453,196,92
2026-02-15,support,2,7216,2688,0.293,154,81
2026-02-15,product_ps5_pro,3,17678,5339,0.443,58,82
2026-02-15,product_ps5,3,21385,5400,0.514,47,79
2026-02-15,home,3,20790,8568,0.411,132,119
2026-02-15,psplus,3,11290,4419,0.435,140,541
2026-02-15,game_detail_spiderman2,3,9168,3106,0.480,52,92
2026-02-15,game_detail_gta6,3,17375,6655,0.426,46,62
2026-02-15,game_detail_astro,3,5058,1477,0.536,132,48
2026-02-15,support,3,4381,1749,0.305,69,105
2026-02-16,product_ps5,1,15680,7352,0.456,69,101
2026-02-16,psplus,1,5929,4303,0.315,159,506
2026-02-16,product_ps5_pro,1,10086,6295,0.519,77,116
2026-02-16,home,1,16422,10752,0.371,84,83
2026-02-16,game_detail_spiderman2,1,6141,2930,0.333,189,95
2026-02-16,game_detail_astro,1,5263,2401,0.491,186,71
2026-02-16,game_detail_gta6,1,17150,8223,0.333,180,61
2026-02-16,support,1,3673,2195,0.526,76,88
2026-02-16,psplus,4,8412,4597,0.380,47,441
2026-02-16,product_ps5_pro,4,9255,5231,0.458,56,83
2026-02-16,product_ps5,4,12670,7672,0.256,217,104
2026-02-16,home,4,21084,12828,0.550,187,103
2026-02-16,game_detail_spiderman2,4,7989,3414,0.258,223,63
2026-02-16,game_detail_astro,4,4316,1820,0.318,120,101
2026-02-16,game_detail_gta6,4,15778,8120,0.369,167,64
2026-02-16,support,4,3281,2608,0.505,81,111
2026-02-16,product_ps5_pro,5,12990,4598,0.352,47,78
2026-02-16,product_ps5,5,10640,8552,0.548,55,62
2026-02-16,psplus,5,7105,4307,0.448,101,350
2026-02-16,home,5,15771,11772,0.437,107,109
2026-02-16,game_detail_spiderman2,5,4941,3139,0.253,155,63
2026-02-16,game_detail_astro,5,3732,2301,0.459,53,57
2026-02-16,game_detail_gta6,5,15010,9156,0.415,173,89
2026-02-16,support,5,6029,2797,0.279,137,49
2026-02-16,product_ps5,6,11830,7624,0.264,151,58
2026-02-16,psplus,6,10364,4205,0.442,109,330
2026-02-16,product_ps5_pro,6,13322,6200,0.267,174,98
2026-02-16,home,6,16926,10296,0.304,106,109
2026-02-16,game_detail_spiderman2,6,5891,3901,0.394,159,80
2026-02-16,game_detail_astro,6,4222,1825,0.324,137,52
2026-02-16,game_detail_gta6,6,18506,6253,0.284,120,63
2026-02-16,support,6,3677,1645,0.359,211,118
2026-02-16,psplus,2,9702,4774,0.252,147,643
2026-02-16,product_ps5_pro,2,13854,6960,0.479,176,113
2026-02-16,product_ps5,2,14700,6032,0.446,101,50
2026-02-16,home,2,20160,11916,0.482,202,57
2026-02-16,game_detail_spiderman2,2,7001,2240,0.442,59,49
2026-02-16,game_detail_gta6,2,13785,8792,0.459,134,85
2026-02-16,game_detail_astro,2,3414,2189,0.333,126,73
2026-02-16,support,2,4009,1648,0.423,127,92
2026-02-16,product_ps5_pro,3,12912,5048,0.502,82,79
2026-02-16,product_ps5,3,14294,5552,0.322,194,102
2026-02-16,home,3,24339,13188,0.357,133,113
2026-02-16,psplus,3,7807,3542,0.349,127,350
2026-02-16,game_detail_spiderman2,3,6070,3872,0.380,187,73
2026-02-16,game_detail_gta6,3,19404,7037,0.521,64,77
2026-02-16,game_detail_astro,3,4328,1734,0.411,83,50
2026-02-16,support,3,3859,2787,0.516,112,105
2026-02-17,product_ps5,1,13468,6208,0.471,178,53
2026-02-17,psplus,1,9367,3397,0.423,122,511
2026-02-17,product_ps5_pro,1,9642,5637,0.499,56,70
2026-02-17,home,1,22890,11736,0.461,165,99
2026-02-17,game_detail_spiderman2,1,5024,2930,0.421,144,96
2026-02-17,game_detail_astro,1,5149,1764,0.496,130,76
2026-02-17,game_detail_gta6,1,16856,6543,0.286,134,99
2026-02-17,support,1,5777,1803,0.396,220,112
2026-02-17,psplus,4,7497,4060,0.418,79,334
2026-02-17,product_ps5_pro,4,9066,5143,0.263,128,100
2026-02-17,product_ps5,4,17332,5240,0.273,204,88
2026-02-17,home,4,17472,9108,0.273,105,68
2026-02-17,game_detail_spiderman2,4,5063,2787,0.343,208,102
2026-02-17,game_detail_astro,4,3953,2401,0.277,56,82
2026-02-17,game_detail_gta6,4,18620,8559,0.412,172,87
2026-02-17,support,4,3929,1880,0.364,116,85
2026-02-17,product_ps5_pro,5,10163,6004,0.380,126,57
2026-02-17,product_ps5,5,10668,5248,0.369,206,84
2026-02-17,psplus,5,6648,4424,0.498,105,642
2026-02-17,home,5,18543,8904,0.452,127,83
2026-02-17,game_detail_spiderman2,5,7200,3674,0.531,155,88
2026-02-17,game_detail_astro,5,3891,2128,0.456,185,60
2026-02-17,game_detail_gta6,5,17542,8876,0.503,96,104
2026-02-17,support,5,3402,2549,0.358,113,60
2026-02-17,product_ps5,6,18158,8312,0.514,69,85
2026-02-17,psplus,6,8363,3943,0.500,75,339
2026-02-17,product_ps5_pro,6,11028,5656,0.292,196,83
2026-02-17,home,6,22407,8160,0.430,93,50
2026-02-17,game_detail_spiderman2,6,8104,3956,0.326,207,53
2026-02-17,game_detail_astro,6,3258,1638,0.286,103,114
2026-02-17,game_detail_gta6,6,19780,9249,0.390,138,97
2026-02-17,support,6,3850,2013,0.362,82,106
2026-02-17,psplus,2,5758,4797,0.539,112,543
2026-02-17,product_ps5_pro,2,13378,6232,0.485,209,61
2026-02-17,product_ps5,2,17682,6672,0.328,67,95
2026-02-17,home,2,22491,7848,0.443,132,62
2026-02-17,game_detail_spiderman2,2,6616,3315,0.434,144,59
2026-02-17,game_detail_gta6,2,19845,6589,0.282,63,58
2026-02-17,game_detail_astro,2,4733,2217,0.312,130,111
2026-02-17,support,2,3855,2416,0.311,76,59
2026-02-17,product_ps5_pro,3,11205,6555,0.450,114,58
2026-02-17,product_ps5,3,16156,5480,0.546,209,93
2026-02-17,home,3,23604,9936,0.362,213,94
2026-02-17,psplus,3,5856,3640,0.278,205,728
2026-02-17,game_detail_spiderman2,3,5724,2996,0.280,53,57
2026-02-17,game_detail_gta6,3,16056,9315,0.495,211,57
2026-02-17,game_detail_astro,3,5214,1974,0.270,148,93
2026-02-17,support,3,3752,2045,0.491,211,49
2026-02-18,product_ps5,1,12558,5736,0.258,167,60
2026-02-18,psplus,1,5986,5091,0.404,75,738
2026-02-18,product_ps5_pro,1,12557,5390,0.305,70,114
2026-02-18,home,1,26355,7860,0.415,118,105
2026-02-18,game_detail_spiderman2,1,8220,2955,0.263,47,66
2026-02-18,game_detail_astro,1,4365,1496,0.506,174,49
2026-02-18,game_detail_gta6,1,18963,7943,0.526,104,70
2026-02-18,support,1,3855,1920,0.518,178,108
2026-02-18,psplus,4,8600,2875,0.462,136,682
2026-02-18,product_ps5_pro,4,10950,4072,0.419,201,102
2026-02-18,product_ps5,4,12068,6712,0.502,100,55
2026-02-18,home,4,24675,7752,0.322,205,77
2026-02-18,game_detail_spiderman2,4,5165,3414,0.415,86,86
2026-02-18,game_detail_astro,4,3557,2261,0.512,163,68
2026-02-18,game_detail_gta6,4,19665,7084,0.266,219,106
2026-02-18,support,4,5894,2597,0.501,133,67
2026-02-18,product_ps5_pro,5,9665,6834,0.482,171,81
2026-02-18,product_ps5,5,15652,8376,0.503,140,82
2026-02-18,psplus,5,8804,5017,0.392,164,428
2026-02-18,home,5,22197,10620,0.453,148,82
2026-02-18,game_detail_spiderman2,5,4665,3106,0.434,174,49
2026-02-18,game_detail_astro,5,4124,1468,0.338,95,116
2026-02-18,game_detail_gta6,5,13148,8195,0.386,78,113
2026-02-18,support,5,4569,1912,0.519,101,61
2026-02-18,product_ps5,6,12306,5280,0.328,98,95
2026-02-18,psplus,6,10298,2875,0.290,103,421
2026-02-18,product_ps5_pro,6,14076,5814,0.291,190,98
2026-02-18,home,6,22764,9108,0.405,189,107
2026-02-18,game_detail_spiderman2,6,7103,3428,0.319,178,108
2026-02-18,game_detail_astro,6,3712,2028,0.266,76,55
2026-02-18,game_detail_gta6,6,15713,9744,0.280,95,119
2026-02-18,support,6,3939,1672,0.341,197,81
2026-02-18,psplus,2,9114,2903,0.464,148,708
2026-02-18,product_ps5_pro,2,13998,5687,0.432,75,55
2026-02-18,product_ps5,2,12040,6704,0.319,65,68
2026-02-18,home,2,20832,8112,0.251,197,71
2026-02-18,game_detail_spiderman2,2,5114,3648,0.433,186,111
2026-02-18,game_detail_gta6,2,11482,6953,0.520,68,87
2026-02-18,game_detail_astro,2,3834,1416,0.512,135,108
2026-02-18,support,2,5698,1861,0.355,140,97
2026-02-18,product_ps5_pro,3,7814,4680,0.540,216,108
2026-02-18,product_ps5,3,15764,6936,0.508,180,60
2026-02-18,home,3,20181,12564,0.302,220,77
2026-02-18,psplus,3,6207,3817,0.534,150,693
2026-02-18,game_detail_spiderman2,3,6898,3575,0.431,223,86
2026-02-18,game_detail_gta6,3,15223,8419,0.544,118,60
2026-02-18,game_detail_astro,3,3373,1507,0.369,179,71
2026-02-18,support,3,4555,2587,0.525,114,98
2026-02-19,product_ps5,1,15540,5064,0.259,167,100
2026-02-19,psplus,1,7040,3855,0.395,45,520
2026-02-19,product_ps5_pro,1,10396,5326,0.331,127,57
2026-02-19,home,1,22281,8616,0.400,155,104
2026-02-19,game_detail_spiderman2,1,8322,3747,0.309,133,109
2026-02-19,game_detail_astro,1,4426,2534,0.277,130,94
2026-02-19,game_detail_gta6,1,14275,8335,0.359,175,117
2026-02-19,support,1,5866,2784,0.305,98,109
2026-02-19,psplus,4,7105,3570,0.356,98,561
2026-02-19,product_ps5_pro,4,9487,3832,0.266,48,75
2026-02-19,product_ps5,4,18130,4960,0.385,185,77
2026-02-19,home,4,17745,9672,0.252,181,56
2026-02-19,game_detail_spiderman2,4,7732,2376,0.523,203,95
2026-02-19,game_detail_astro,4,5267,1696,0.308,51,61
2026-02-19,game_detail_gta6,4,19649,9735,0.333,189,119
2026-02-19,support,4,3799,2739,0.384,106,60
2026-02-19,product_ps5_pro,5,10319,6922,0.273,127,119
2026-02-19,product_ps5,5,16044,5600,0.480,157,61
2026-02-19,psplus,5,6354,4195,0.257,184,431
2026-02-19,home,5,20433,8988,0.459,186,68
2026-02-19,game_detail_spiderman2,5,6686,3740,0.493,213,73
2026-02-19,game_detail_astro,5,4091,2457,0.351,76,117
2026-02-19,game_detail_gta6,5,15990,8437,0.258,99,105
2026-02-19,support,5,5385,1787,0.505,164,110
2026-02-19,product_ps5,6,14210,5200,0.537,98,88
2026-02-19,psplus,6,8640,4382,0.313,77,521
2026-02-19,product_ps5_pro,6,14242,5124,0.305,199,56
2026-02-19,home,6,16086,10404,0.354,187,59
2026-02-19,game_detail_spiderman2,6,6102,2570,0.296,158,106
2026-02-19,game_detail_astro,6,3724,1552,0.514,59,89
2026-02-19,game_detail_gta6,6,21103,6020,0.333,57,115
2026-02-19,support,6,4116,2277,0.365,78,90
2026-02-19,psplus,2,9204,4933,0.397,69,470
2026-02-19,product_ps5_pro,2,9498,6435,0.501,130,110
2026-02-19,product_ps5,2,12460,6656,0.267,143,99
2026-02-19,home,2,15981,9156,0.431,161,65
2026-02-19,game_detail_spiderman2,2,4928,3549,0.332,48,115
2026-02-19,game_detail_gta6,2,16905,9921,0.424,181,102
2026-02-19,game_detail_astro,2,4594,1643,0.530,78,90
2026-02-19,support,2,3724,1736,0.349,156,114
2026-02-19,product_ps5_pro,3,8390,4041,0.468,139,65
2026-02-19,product_ps5,3,15680,4928,0.296,199,65
2026-02-19,home,3,14931,8232,0.344,163,72
2026-02-19,psplus,3,10404,4368,0.435,184,456
2026-02-19,game_detail_spiderman2,3,5820,3989,0.304,98,62
2026-02-19,game_detail_gta6,3,16497,8969,0.362,170,60
2026-02-19,game_detail_astro,3,4851,2431,0.266,105,73
2026-02-19,support,3,5637,2877,0.430,158,99
2026-02-20,product_ps5,1,17248,7728,0.440,183,99
2026-02-20,psplus,1,8943,3705,0.446,106,533
2026-02-20,product_ps5_pro,1,7980,5915,0.439,192,113
2026-02-20,home,1,16989,9288,0.440,143,62
2026-02-20,game_detail_spiderman2,1,4857,2563,0.390,201,99
2026-02-20,game_detail_astro,1,4369,1864,0.384,208,60
2026-02-20,game_detail_gta6,1,14569,10257,0.435,113,48
2026-02-20,support,1,3925,1779,0.333,128,57
2026-02-20,psplus,4,6738,4933,0.375,173,756
2026-02-20,product_ps5_pro,4,12823,4706,0.456,212,85
2026-02-20,product_ps5,4,15680,5920,0.350,195,99
2026-02-20,home,4,16464,12420,0.328,194,71
2026-02-20,game_detail_spiderman2,4,5615,2435,0.496,170,112
2026-02-20,game_detail_astro,4,5165,2476,0.382,45,92
2026-02-20,game_detail_gta6,4,12511,9109,0.519,71,102
2026-02-20,support,4,4377,1659,0.529,155,54
2026-02-20,product_ps5_pro,5,13012,5529,0.392,62,110
2026-02-20,product_ps5,5,15946,5576,0.495,132,54
2026-02-20,psplus,5,6109,3822,0.407,146,563
2026-02-20,home,5,17262,11544,0.263,77,91
2026-02-20,game_detail_spiderman2,5,4909,3751,0.329,208,108
2026-02-20,game_detail_astro,5,4871,1927,0.389,115,101
2026-02-20,game_detail_gta6,5,18783,8643,0.398,207,78
2026-02-20,support,5,6039,2475,0.483,95,77
2026-02-20,product_ps5,6,17038,6056,0.439,194,72
2026-02-20,psplus,6,6256,3780,0.420,68,362
2026-02-20,product_ps5_pro,6,11504,6473,0.351,114,63
2026-02-20,home,6,23898,9072,0.252,120,116
2026-02-20,game_detail_spiderman2,6,6507,3942,0.328,59,83
2026-02-20,game_detail_astro,6,4859,2072,0.503,179,85
2026-02-20,game_detail_gta6,6,17673,6067,0.257,190,72
2026-02-20,support,6,4069,1821,0.386,171,53
2026-02-20,psplus,2,5782,3803,0.368,46,517
2026-02-20,product_ps5_pro,2,8833,5073,0.550,151,70
2026-02-20,product_ps5,2,10388,8792,0.365,91,72
2026-02-20,home,2,25599,10332,0.541,171,83
2026-02-20,game_detail_spiderman2,2,6243,2710,0.542,63,98
2026-02-20,game_detail_gta6,2,19420,5759,0.281,196,93
2026-02-20,game_detail_astro,2,3610,1566,0.265,138,77
2026-02-20,support,2,5147,1640,0.285,223,75
2026-02-20,product_ps5_pro,3,8002,6466,0.297,106,114
2026-02-20,product_ps5,3,16926,5784,0.356,200,49
2026-02-20,home,3,20601,8088,0.441,218,66
2026-02-20,psplus,3,6893,3173,0.548,152,637
2026-02-20,game_detail_spiderman2,3,6988,3960,0.422,69,115
2026-02-20,game_detail_gta6,3,15027,9343,0.304,166,115
2026-02-20,game_detail_astro,3,3748,1960,0.467,62,59
2026-02-20,support,3,4415,1749,0.346,45,52
2026-02-21,product_ps5,1,18690,5504,0.324,56,89
2026-02-21,psplus,1,9085,3603,0.295,75,487
2026-02-21,product_ps5_pro,1,12649,6827,0.385,120,71
2026-02-21,home,1,28193,10920,0.496,203,50
2026-02-21,game_detail_spiderman2,1,7018,4004,0.315,133,66
2026-02-21,game_detail_astro,1,5135,1638,0.488,57,105
2026-02-21,game_detail_gta6,1,24827,6076,0.314,184,95
2026-02-21,support,1,6405,1605,0.322,221,118
2026-02-21,psplus,4,10392,2907,0.319,138,333
2026-02-21,product_ps5_pro,4,13923,4972,0.393,96,110
2026-02-21,product_ps5,4,17588,7856,0.302,105,71
2026-02-21,home,4,30949,8016,0.292,183,113
2026-02-21,game_detail_spiderman2,4,8743,2299,0.256,201,82
2026-02-21,game_detail_astro,4,4992,1540,0.505,70,114
2026-02-21,game_detail_gta6,4,16190,7131,0.460,172,111
2026-02-21,support,4,5040,2139,0.417,159,87
2026-02-21,product_ps5_pro,5,15406,5263,0.504,198,78
2026-02-21,product_ps5,5,18025,7808,0.286,67,115
2026-02-21,psplus,5,7993,4079,0.343,159,331
2026-02-21,home,5,27274,10464,0.510,223,114
2026-02-21,game_detail_spiderman2,5,8173,3615,0.390,132,101
2026-02-21,game_detail_astro,5,4369,1412,0.299,52,73
2026-02-21,game_detail_gta6,5,20703,9175,0.515,91,79
2026-02-21,support,5,6055,2909,0.346,68,56
2026-02-21,product_ps5,6,19285,7816,0.538,130,108
2026-02-21,psplus,6,11076,4690,0.477,134,330
2026-02-21,product_ps5_pro,6,14519,6454,0.272,52,52
2026-02-21,home,6,20921,7440,0.300,120,53
2026-02-21,game_detail_spiderman2,6,7836,3663,0.297,101,59
2026-02-21,game_detail_astro,6,4083,2448,0.402,62,81
2026-02-21,game_detail_gta6,6,19620,6571,0.381,167,62
2026-02-21,support,6,4585,1885,0.455,71,115
2026-02-21,psplus,2,12475,2982,0.371,141,483
2026-02-21,product_ps5_pro,2,10806,5947,0.323,131,57
2026-02-21,product_ps5,2,14385,5064,0.444,96,67
2026-02-21,home,2,20370,8352,0.411,220,98
2026-02-21,game_detail_spiderman2,2,9826,2332,0.365,111,113
2026-02-21,game_detail_gta6,2,22948,8531,0.349,95,119
2026-02-21,game_detail_astro,2,6258,2100,0.309,70,106
2026-02-21,support,2,6650,2125,0.345,128,117
2026-02-21,product_ps5_pro,3,15323,4091,0.512,154,102
2026-02-21,product_ps5,3,17588,8656,0.466,211,114
2026-02-21,home,3,23546,9108,0.336,174,101
2026-02-21,psplus,3,10525,4387,0.381,163,590
2026-02-21,game_detail_spiderman2,3,9320,2915,0.536,123,58
2026-02-21,game_detail_gta6,3,24030,5740,0.340,118,80
2026-02-21,game_detail_astro,3,6023,2359,0.510,117,76
2026-02-21,support,3,5944,2168,0.439,117,74
2026-02-22,product_ps5,1,18725,6112,0.515,118,119
2026-02-22,psplus,1,9994,4242,0.297,125,797
2026-02-22,product_ps5_pro,1,16071,5358,0.515,153,116
2026-02-22,home,1,29138,7704,0.255,85,105
2026-02-22,game_detail_spiderman2,1,7371,3846,0.508,206,115
2026-02-22,game_detail_astro,1,3991,1969,0.541,65,114
2026-02-22,game_detail_gta6,1,17518,9576,0.306,220,107
2026-02-22,support,1,5302,2008,0.285,203,52
2026-02-22,psplus,4,7564,4839,0.454,144,438
2026-02-22,product_ps5_pro,4,15101,3863,0.542,170,118
2026-02-22,product_ps5,4,15365,6208,0.445,162,62
2026-02-22,home,4,23573,7608,0.267,189,107
2026-02-22,game_detail_spiderman2,4,8245,3843,0.465,189,63
2026-02-22,game_detail_astro,4,6370,1825,0.459,200,93
2026-02-22,game_detail_gta6,4,23459,8596,0.475,118,82
2026-02-22,support,4,4923,1648,0.354,122,83
2026-02-22,product_ps5_pro,5,15018,5535,0.356,167,120
2026-02-22,product_ps5,5,20090,7592,0.459,86,113
2026-02-22,psplus,5,8422,4695,0.410,131,530
2026-02-22,home,5,31841,10020,0.512,214,63
2026-02-22,game_detail_spiderman2,5,7836,2614,0.265,48,73
2026-02-22,game_detail_astro,5,4553,1461,0.285,199,58
2026-02-22,game_detail_gta6,5,17191,10248,0.489,124,63
2026-02-22,support,5,5991,1773,0.320,143,91
2026-02-22,product_ps5,6,13090,8456,0.368,128,116
2026-02-22,psplus,6,10719,3845,0.457,138,764
2026-02-22,product_ps5_pro,6,15170,6872,0.374,66,107
2026-02-22,home,6,20003,10944,0.257,92,71
2026-02-22,game_detail_spiderman2,6,9713,2937,0.395,118,54
2026-02-22,game_detail_astro,6,6018,2438,0.306,124,92
2026-02-22,game_detail_gta6,6,15517,9333,0.342,89,93
2026-02-22,support,6,4427,2885,0.471,68,69
2026-02-22,psplus,2,8851,3808,0.479,217,731
2026-02-22,product_ps5_pro,2,10529,5713,0.286,146,50
2026-02-22,product_ps5,2,15103,5680,0.501,83,94
2026-02-22,home,2,31054,7788,0.415,168,92
2026-02-22,game_detail_spiderman2,2,8502,3960,0.343,144,113
2026-02-22,game_detail_gta6,2,18661,5637,0.407,123,58
2026-02-22,game_detail_astro,2,6615,1757,0.524,89,93
2026-02-22,support,2,7513,1691,0.282,148,76
2026-02-22,product_ps5_pro,3,11333,5453,0.279,224,79
2026-02-22,product_ps5,3,14683,6960,0.294,110,52
2026-02-22,home,3,27143,12504,0.318,142,107
2026-02-22,psplus,3,7350,4223,0.452,73,700
2026-02-22,game_detail_spiderman2,3,8269,2765,0.334,196,106
2026-02-22,game_detail_gta6,3,25337,7560,0.298,54,107
2026-02-22,game_detail_astro,3,4129,1685,0.470,204,107
2026-02-22,support,3,5582,1867,0.255,197,52
2026-02-23,product_ps5,1,17234,6880,0.436,158,88
2026-02-23,psplus,1,10600,4695,0.476,115,448
2026-02-23,product_ps5_pro,1,14031,5700,0.406,207,52
2026-02-23,home,1,22596,10872,0.351,143,79
2026-02-23,game_detail_spiderman2,1,7995,2497,0.440,204,88
2026-02-23,game_detail_astro,1,4104,2315,0.398,134,97
2026-02-23,game_detail_gta6,1,16970,6823,0.515,109,106
2026-02-23,support,1,5068,2611,0.454,117,57
2026-02-23,psplus,4,8665,4363,0.381,120,573
2026-02-23,product_ps5_pro,4,8689,4307,0.461,69,111
2026-02-23,product_ps5,4,17542,4984,0.264,194,107
2026-02-23,home,4,15687,8208,0.347,171,89
2026-02-23,game_detail_spiderman2,4,6718,3124,0.523,133,64
2026-02-23,game_detail_astro,4,4067,1799,0.479,76,73
2026-02-23,game_detail_gta6,4,18359,6067,0.433,79,103
2026-02-23,support,4,4713,2757,0.465,104,81
2026-02-23,product_ps5_pro,5,7869,4649,0.276,84,87
2026-02-23,product_ps5,5,10416,8784,0.342,154,83
2026-02-23,psplus,5,9310,4541,0.300,68,749
2026-02-23,home,5,22680,12636,0.354,186,96
2026-02-23,game_detail_spiderman2,5,6378,3505,0.376,186,49
2026-02-23,game_detail_astro,5,4561,1720,0.403,217,57
2026-02-23,game_detail_gta6,5,13753,7700,0.434,136,63
2026-02-23,support,5,4970,2445,0.318,199,50
2026-02-23,product_ps5,6,11088,8624,0.318,202,75
2026-02-23,psplus,6,6517,4065,0.501,59,483
2026-02-23,product_ps5_pro,6,11959,6359,0.530,155,112
2026-02-23,home,6,16506,10296,0.322,103,50
2026-02-23,game_detail_spiderman2,6,6436,2845,0.380,180,99
2026-02-23,game_detail_astro,6,3062,1969,0.262,79,100
2026-02-23,game_detail_gta6,6,15468,9268,0.411,214,91
2026-02-23,support,6,4079,2288,0.362,57,97
2026-02-23,psplus,2,10012,3262,0.413,176,388
2026-02-23,product_ps5_pro,2,12092,5586,0.378,174,66
2026-02-23,product_ps5,2,15148,7032,0.284,56,81
2026-02-23,home,2,26523,11640,0.366,208,87
2026-02-23,game_detail_spiderman2,2,6186,3032,0.373,147,100
2026-02-23,game_detail_gta6,2,14831,8213,0.347,76,56
2026-02-23,game_detail_astro,2,4516,2165,0.363,103,115
2026-02-23,support,2,5343,1691,0.317,182,105
2026-02-23,product_ps5_pro,3,13178,4364,0.438,83,56
2026-02-23,product_ps5,3,16562,7000,0.357,148,58
2026-02-23,home,3,17241,11232,0.281,189,71
2026-02-23,psplus,3,5823,3953,0.415,144,625
2026-02-23,game_detail_spiderman2,3,8342,2750,0.549,173,73
2026-02-23,game_detail_gta6,3,14896,9417,0.468,194,72
2026-02-23,game_detail_astro,3,3160,2331,0.532,101,109
2026-02-23,support,3,5917,2243,0.261,78,64
2026-02-24,product_ps5,1,18060,7904,0.264,178,100
2026-02-24,psplus,1,9106,3640,0.331,162,553
2026-02-24,product_ps5_pro,1,13621,5700,0.432,96,110
2026-02-24,home,1,15456,11652,0.409,47,116
2026-02-24,game_detail_spiderman2,1,6276,2442,0.314,115,85
2026-02-24,game_detail_astro,1,3361,1428,0.363,87,97
2026-02-24,game_detail_gta6,1,12511,5955,0.510,59,64
2026-02-24,support,1,5651,1784,0.367,113,51
2026-02-24,psplus,4,9620,3379,0.545,159,583
2026-02-24,product_ps5_pro,4,12868,6447,0.320,156,88
2026-02-24,product_ps5,4,13202,8752,0.525,220,120
2026-02-24,home,4,25620,9816,0.252,178,70
2026-02-24,game_detail_spiderman2,4,8053,2856,0.328,123,78
2026-02-24,game_detail_astro,4,2928,2315,0.381,101,105
2026-02-24,game_detail_gta6,4,18816,8316,0.398,70,81
2026-02-24,support,4,5847,2181,0.255,92,64
2026-02-24,product_ps5_pro,5,13067,4902,0.268,73,99
2026-02-24,product_ps5,5,10948,5528,0.279,135,58
2026-02-24,psplus,5,9531,5003,0.419,105,376
2026-02-24,home,5,15834,8376,0.435,115,117
2026-02-24,game_detail_spiderman2,5,7135,3887,0.393,127,97
2026-02-24,game_detail_astro,5,4140,2221,0.374,72,52
2026-02-24,game_detail_gta6,5,20025,9595,0.319,169,108
2026-02-24,support,5,3514,2427,0.273,147,99
2026-02-24,product_ps5,6,16632,6248,0.546,148,83
2026-02-24,psplus,6,6697,2837,0.307,97,514
2026-02-24,product_ps5_pro,6,11383,4509,0.374,143,61
2026-02-24,home,6,26565,10416,0.468,132,65
2026-02-24,game_detail_spiderman2,6,6731,2248,0.360,57,52
2026-02-24,game_detail_astro,6,3254,2557,0.427,92,73
2026-02-24,game_detail_gta6,6,19649,8745,0.416,97,116
2026-02-24,support,6,4335,2051,0.288,68,92
2026-02-24,psplus,2,9465,5091,0.398,157,461
2026-02-24,product_ps5_pro,2,14220,6682,0.384,209,80
2026-02-24,product_ps5,2,10822,5920,0.545,51,61
2026-02-24,home,2,18585,8244,0.284,224,72
2026-02-24,game_detail_spiderman2,2,6584,2974,0.296,133,94
2026-02-24,game_detail_gta6,2,12070,8876,0.301,67,79
2026-02-24,game_detail_astro,2,2948,1500,0.365,113,64
2026-02-24,support,2,3738,2424,0.262,88,72
2026-02-24,product_ps5_pro,3,11981,5789,0.352,135,52
2026-02-24,product_ps5,3,14056,4912,0.500,157,63
2026-02-24,home,3,22953,12012,0.272,124,118
2026-02-24,psplus,3,9980,4676,0.525,64,483
2026-02-24,game_detail_spiderman2,3,5583,2416,0.338,154,95
2026-02-24,game_detail_gta6,3,16970,9399,0.422,161,106
2026-02-24,game_detail_astro,3,4496,2408,0.526,98,87
2026-02-24,support,3,5175,2395,0.389,122,63
2026-02-25,product_ps5,1,14350,7536,0.319,61,50
2026-02-25,psplus,1,9269,4699,0.434,75,344
2026-02-25,product_ps5_pro,1,11216,6815,0.359,164,97
2026-02-25,home,1,16401,11460,0.539,214,89
2026-02-25,game_detail_spiderman2,1,5903,3901,0.518,210,73
2026-02-25,game_detail_astro,1,3275,1400,0.259,150,57
2026-02-25,game_detail_gta6,1,14929,9072,0.532,95,109
2026-02-25,support,1,4797,1949,0.306,59,99
2026-02-25,psplus,4,7881,4933,0.326,127,457
2026-02-25,product_ps5_pro,4,11859,4516,0.505,124,102
2026-02-25,product_ps5,4,12614,7416,0.531,186,93
2026-02-25,home,4,27027,9660,0.392,88,92
2026-02-25,game_detail_spiderman2,4,5467,2772,0.532,157,117
2026-02-25,game_detail_astro,4,3610,1577,0.379,195,84
2026-02-25,game_detail_gta6,4,12805,7896,0.530,146,110
2026-02-25,support,4,5264,1869,0.549,180,83
2026-02-25,product_ps5_pro,5,11272,6238,0.384,95,69
2026-02-25,product_ps5,5,11172,5712,0.353,156,93
2026-02-25,psplus,5,10478,3197,0.452,69,654
2026-02-25,home,5,17976,7296,0.268,112,77
2026-02-25,game_detail_spiderman2,5,6237,3410,0.410,129,77
2026-02-25,game_detail_astro,5,4586,2137,0.293,63,56
2026-02-25,game_detail_gta6,5,12789,9613,0.449,204,50
2026-02-25,support,5,3710,2851,0.382,160,107
2026-02-25,product_ps5,6,12306,6248,0.335,52,69
2026-02-25,psplus,6,6885,4942,0.481,189,344
2026-02-25,product_ps5_pro,6,11438,4218,0.499,206,100
2026-02-25,home,6,18753,7524,0.338,204,53
2026-02-25,game_detail_spiderman2,6,7771,3212,0.532,193,80
2026-02-25,game_detail_astro,6,4667,1591,0.304,55,113
2026-02-25,game_detail_gta6,6,20841,9828,0.504,140,92
2026-02-25,support,6,5357,1739,0.398,199,57
2026-02-25,psplus,2,8232,3701,0.364,150,533
2026-02-25,product_ps5_pro,2,8379,5586,0.543,55,65
2026-02-25,product_ps5,2,17374,8200,0.312,135,85
2026-02-25,home,2,16800,8196,0.394,87,64
2026-02-25,game_detail_spiderman2,2,6763,3014,0.490,48,69
2026-02-25,game_detail_gta6,2,21135,8335,0.391,87,54
2026-02-25,game_detail_astro,2,4802,1538,0.331,113,100
2026-02-25,support,2,5035,2027,0.262,57,73
2026-02-25,product_ps5_pro,3,11593,4060,0.501,197,114
2026-02-25,product_ps5,3,17136,5168,0.507,191,65
2026-02-25,home,3,17346,10932,0.370,131,90
2026-02-25,psplus,3,9514,3229,0.285,50,587
2026-02-25,game_detail_spiderman2,3,7623,3337,0.521,202,118
2026-02-25,game_detail_gta6,3,17967,9557,0.531,192,89
2026-02-25,game_detail_astro,3,3826,1927,0.459,119,61
2026-02-25,support,3,5208,2712,0.398,59,80
2026-02-26,product_ps5,1,17388,6640,0.384,96,111
2026-02-26,psplus,1,6868,4275,0.446,54,523
2026-02-26,product_ps5_pro,1,8213,4497,0.447,211,58
2026-02-26,home,1,14868,11328,0.518,86,117
2026-02-26,game_detail_spiderman2,1,7007,3461,0.250,188,60
2026-02-26,game_detail_astro,1,3218,2331,0.365,205,65
2026-02-26,game_detail_gta6,1,20939,10145,0.424,65,96
2026-02-26,support,1,4587,2736,0.305,52,85
2026-02-26,psplus,4,9735,3262,0.370,197,578
2026-02-26,product_ps5_pro,4,8301,4782,0.356,50,116
2026-02-26,product_ps5,4,16954,6368,0.382,65,114
2026-02-26,home,4,25263,11376,0.516,163,86
2026-02-26,game_detail_spiderman2,4,6102,2823,0.402,118,117
2026-02-26,game_detail_astro,4,2981,1927,0.480,67,119
2026-02-26,game_detail_gta6,4,14194,5843,0.492,78,107
2026-02-26,support,4,4937,2043,0.341,153,71
2026-02-26,product_ps5_pro,5,9321,4041,0.473,153,115
2026-02-26,product_ps5,5,14812,5160,0.263,161,110
2026-02-26,psplus,5,6141,4723,0.427,77,496
2026-02-26,home,5,26838,12468,0.279,132,101
2026-02-26,game_detail_spiderman2,5,4870,4030,0.337,89,52
2026-02-26,game_detail_astro,5,4900,2165,0.365,190,103
2026-02-26,game_detail_gta6,5,11564,5833,0.371,51,119
2026-02-26,support,5,4065,2123,0.310,186,119
2026-02-26,product_ps5,6,12390,6456,0.450,104,80
2026-02-26,psplus,6,8926,3878,0.491,155,516
2026-02-26,product_ps5_pro,6,8678,4503,0.301,45,99
2026-02-26,home,6,20517,11196,0.510,123,117
2026-02-26,game_detail_spiderman2,6,7970,3058,0.468,68,63
2026-02-26,game_detail_astro,6,5092,1888,0.374,65,84
2026-02-26,game_detail_gta6,6,15696,8531,0.519,61,88
2026-02-26,support,6,4886,2731,0.290,144,57
2026-02-26,psplus,2,6419,5129,0.435,199,519
2026-02-26,product_ps5_pro,2,10407,6352,0.378,112,87
2026-02-26,product_ps5,2,15932,5440,0.507,55,117
2026-02-26,home,2,16632,7860,0.330,107,80
2026-02-26,game_detail_spiderman2,2,6962,3098,0.375,222,49
2026-02-26,game_detail_gta6,2,13165,7681,0.434,89,101
2026-02-26,game_detail_astro,2,4504,1437,0.531,141,80
2026-02-26,support,2,4849,2880,0.487,149,108
2026-02-26,product_ps5_pro,3,10252,5434,0.356,211,71
2026-02-26,product_ps5,3,11004,6976,0.262,204,76
2026-02-26,home,3,23856,13032,0.513,56,54
2026-02-26,psplus,3,9563,3920,0.483,49,666
2026-02-26,game_detail_spiderman2,3,6276,4008,0.433,221,76
2026-02-26,game_detail_gta6,3,15745,7336,0.335,121,100
2026-02-26,game_detail_astro,3,3201,1626,0.296,60,63
2026-02-26,support,3,5409,2691,0.382,62,50
2026-02-27,product_ps5,1,15190,8296,0.348,85,83
2026-02-27,psplus,1,9392,3621,0.542,139,602
2026-02-27,product_ps5_pro,1,7936,3832,0.380,101,106
2026-02-27,home,1,16317,12420,0.524,54,105
2026-02-27,game_detail_spiderman2,1,7713,3131,0.484,90,82
2026-02-27,game_detail_astro,1,4267,1486,0.443,179,57
2026-02-27,game_detail_gta6,1,17869,10229,0.277,65,98
2026-02-27,support,1,3794,2632,0.353,63,90
2026-02-27,psplus,4,8828,3099,0.286,59,521
2026-02-27,product_ps5_pro,4,10884,5428,0.538,49,63
2026-02-27,product_ps5,4,10248,7160,0.302,102,98
2026-02-27,home,4,19299,11712,0.292,111,106
2026-02-27,game_detail_spiderman2,4,6571,3179,0.500,165,108
2026-02-27,game_detail_astro,4,4737,2093,0.499,52,118
2026-02-27,game_detail_gta6,4,16774,8540,0.442,156,69
2026-02-27,support,4,3276,2141,0.444,126,77
2026-02-27,product_ps5_pro,5,13965,4440,0.344,193,53
2026-02-27,product_ps5,5,15330,8424,0.535,137,67
2026-02-27,psplus,5,8730,4335,0.293,201,690
2026-02-27,home,5,15414,9876,0.490,132,84
2026-02-27,game_detail_spiderman2,5,8027,3879,0.511,148,99
2026-02-27,game_detail_astro,5,2960,1694,0.259,208,97
2026-02-27,game_detail_gta6,5,15517,9595,0.480,167,100
2026-02-27,support,5,4172,2296,0.433,186,64
2026-02-27,product_ps5,6,12768,5760,0.508,170,115
2026-02-27,psplus,6,5815,4821,0.424,195,681
2026-02-27,product_ps5_pro,6,10917,5928,0.273,56,95
2026-02-27,home,6,23961,7632,0.419,177,105
2026-02-27,game_detail_spiderman2,6,7058,3212,0.517,102,109
2026-02-27,game_detail_astro,6,4863,2205,0.427,143,82
2026-02-27,game_detail_gta6,6,15745,9772,0.472,54,102
2026-02-27,support,6,4830,2027,0.414,128,98
2026-02-27,psplus,2,6501,4377,0.322,122,766
2026-02-27,product_ps5_pro,2,13311,5757,0.347,50,106
2026-02-27,product_ps5,2,18060,8192,0.372,182,64
2026-02-27,home,2,15603,8808,0.433,126,111
2026-02-27,game_detail_spiderman2,2,5056,3487,0.395,183,55
2026-02-27,game_detail_gta6,2,14896,6944,0.473,132,110
2026-02-27,game_detail_astro,2,3471,2021,0.411,164,89
2026-02-27,support,2,3281,2453,0.540,191,86
2026-02-27,product_ps5_pro,3,8157,4503,0.347,202,99
2026-02-27,product_ps5,3,10990,6816,0.252,148,119
2026-02-27,home,3,24444,12108,0.328,118,70
2026-02-27,psplus,3,6852,3005,0.523,94,400
2026-02-27,game_detail_spiderman2,3,5724,2394,0.535,170,83
2026-02-27,game_detail_gta6,3,13116,10127,0.285,196,99
2026-02-27,game_detail_astro,3,2862,1976,0.441,224,72
2026-02-27,support,3,5203,2619,0.287,186,51
2026-02-28,product_ps5,1,14718,5760,0.344,54,77
2026-02-28,psplus,1,12076,4984,0.363,173,632
2026-02-28,product_ps5_pro,1,16944,6834,0.407,146,53
2026-02-28,home,1,20160,12168,0.389,131,74
2026-02-28,game_detail_spiderman2,1,10211,2622,0.398,134,92
2026-02-28,game_detail_astro,1,4522,1517,0.418,118,64
2026-02-28,game_detail_gta6,1,18906,6739,0.377,145,106
2026-02-28,support,1,7338,2037,0.326,93,95
2026-02-28,psplus,4,7962,4251,0.347,96,675
2026-02-28,product_ps5_pro,4,15309,6840,0.328,206,108
2026-02-28,product_ps5,4,21875,8424,0.444,70,94
2026-02-28,home,4,29269,9444,0.318,87,109
2026-02-28,game_detail_spiderman2,4,6377,2515,0.427,174,90
2026-02-28,game_detail_astro,4,5278,2280,0.269,117,79
2026-02-28,game_detail_gta6,4,19518,8633,0.392,147,93
2026-02-28,support,4,4783,2837,0.544,204,63
2026-02-28,product_ps5_pro,5,14658,5396,0.277,147,78
2026-02-28,product_ps5,5,17185,5024,0.358,69,74
2026-02-28,psplus,5,8687,4284,0.425,154,557
2026-02-28,home,5,21551,10272,0.333,67,97
2026-02-28,game_detail_spiderman2,5,7876,2937,0.426,58,96
2026-02-28,game_detail_astro,5,5308,1904,0.265,83,90
2026-02-28,game_detail_gta6,5,18498,8531,0.432,99,68
2026-02-28,support,5,7023,2328,0.445,225,108
2026-02-28,product_ps5,6,13475,6112,0.355,112,56
2026-02-28,psplus,6,12332,4704,0.524,212,514
2026-02-28,product_ps5_pro,6,16583,5016,0.420,152,64
2026-02-28,home,6,19635,11472,0.500,143,53
2026-02-28,game_detail_spiderman2,6,5639,2405,0.423,110,107
2026-02-28,game_detail_astro,6,5706,2081,0.481,152,99
2026-02-28,game_detail_gta6,6,20376,9473,0.486,111,72
2026-02-28,support,6,5361,1843,0.366,168,88
2026-02-28,psplus,2,12495,3071,0.389,223,652
2026-02-28,product_ps5_pro,2,10446,5440,0.436,49,110
2026-02-28,product_ps5,2,15173,5688,0.267,199,119
2026-02-28,home,2,27641,7296,0.406,211,71
2026-02-28,game_detail_spiderman2,2,8294,2691,0.384,52,78
2026-02-28,game_detail_gta6,2,19682,9744,0.538,181,73
2026-02-28,game_detail_astro,2,5860,2415,0.495,148,109
2026-02-28,support,2,7367,2040,0.455,117,70
2026-02-28,product_ps5_pro,3,11430,4022,0.388,172,61
2026-02-28,product_ps5,3,17273,8528,0.478,122,101
2026-02-28,home,3,26854,10488,0.494,124,74
2026-02-28,psplus,3,10065,4303,0.256,115,504
2026-02-28,game_detail_spiderman2,3,7628,2611,0.263,145,85
2026-02-28,game_detail_gta6,3,19600,6515,0.478,196,102
2026-02-28,game_detail_astro,3,5849,2263,0.312,182,97
2026-02-28,support,3,6988,2432,0.264,199,62
2026-03-01,product_ps5,1,19478,5552,0.442,219,62
2026-03-01,psplus,1,12515,3556,0.384,50,454
2026-03-01,product_ps5_pro,1,16764,5630,0.459,117,118
2026-03-01,home,1,29925,12288,0.431,197,65
2026-03-01,game_detail_spiderman2,1,8967,2651,0.527,146,99
2026-03-01,game_detail_astro,1,6054,1808,0.488,106,85
2026-03-01,game_detail_gta6,1,24418,5703,0.427,63,92
2026-03-01,support,1,7513,1680,0.381,117,58
2026-03-01,psplus,4,7626,3365,0.267,161,476
2026-03-01,product_ps5_pro,4,13314,3813,0.516,87,111
2026-03-01,product_ps5,4,22295,8576,0.542,100,96
2026-03-01,home,4,21945,8040,0.517,220,82
2026-03-01,game_detail_spiderman2,4,7884,2974,0.298,143,120
2026-03-01,game_detail_astro,4,4461,1626,0.463,65,79
2026-03-01,game_detail_gta6,4,18130,9464,0.549,99,91
2026-03-01,support,4,7262,1675,0.320,205,70
2026-03-01,product_ps5_pro,5,17941,5421,0.508,182,108
2026-03-01,product_ps5,5,14840,5576,0.318,224,102
2026-03-01,psplus,5,10525,3383,0.274,145,723
2026-03-01,home,5,24386,11088,0.542,57,112
2026-03-01,game_detail_spiderman2,5,8229,3384,0.302,196,53
2026-03-01,game_detail_astro,5,4436,1958,0.362,219,59
2026-03-01,game_detail_gta6,5,19927,7019,0.338,166,83
2026-03-01,support,5,5962,2549,0.329,105,119
2026-03-01,product_ps5,6,19285,8616,0.343,214,49
2026-03-01,psplus,6,11301,4405,0.333,119,329
2026-03-01,product_ps5_pro,6,14117,6346,0.424,219,93
2026-03-01,home,6,24465,8976,0.253,208,82
2026-03-01,game_detail_spiderman2,6,7066,3461,0.489,181,49
2026-03-01,game_detail_astro,6,4614,2343,0.542,191,120
2026-03-01,game_detail_gta6,6,18395,7289,0.440,136,109
2026-03-01,support,6,6271,1637,0.517,146,81
2026-03-01,psplus,2,7544,4125,0.255,215,469
2026-03-01,product_ps5_pro,2,11000,6859,0.397,161,50
2026-03-01,product_ps5,2,14385,5464,0.261,170,105
2026-03-01,home,2,26224,11052,0.453,134,51
2026-03-01,game_detail_spiderman2,2,8350,3773,0.399,65,106
2026-03-01,game_detail_gta6,2,19825,9371,0.376,211,91
2026-03-01,game_detail_astro,2,3894,2177,0.306,133,81
2026-03-01,support,2,4142,2253,0.541,117,58
2026-03-01,product_ps5_pro,3,17165,6067,0.433,53,67
2026-03-01,product_ps5,3,20545,8368,0.351,214,69
2026-03-01,home,3,21840,7632,0.535,94,99
2026-03-01,psplus,3,8718,5129,0.533,146,358
2026-03-01,game_detail_spiderman2,3,6906,3568,0.392,216,81
2026-03-01,game_detail_gta6,3,24153,6449,0.269,91,73
2026-03-01,game_detail_astro,3,6166,2018,0.480,100,118
2026-03-01,support,3,4317,1936,0.268,77,69
2026-03-02,product_ps5,1,9450,6672,0.447,70,81
2026-03-02,psplus,1,4136,3659,0.448,163,760
2026-03-02,product_ps5_pro,1,9207,5092,0.388,212,77
2026-03-02,home,1,11595,9624,0.488,90,49
2026-03-02,game_detail_spiderman2,1,3653,4011,0.313,125,118
2026-03-02,game_detail_astro,1,3456,1944,0.332,176,87
2026-03-02,game_detail_gta6,1,9147,8652,0.397,120,87
2026-03-02,support,1,2950,1989,0.398,161,50
2026-03-02,psplus,4,7058,3831,0.488,100,727
2026-03-02,product_ps5_pro,4,9223,4680,0.396,45,104
2026-03-02,product_ps5,4,7810,5112,0.280,130,112
2026-03-02,home,4,15015,9816,0.275,176,79
2026-03-02,game_detail_spiderman2,4,5729,2409,0.255,175,105
2026-03-02,game_detail_astro,4,3660,1570,0.352,165,82
2026-03-02,game_detail_gta6,4,9228,7784,0.337,83,53
2026-03-02,support,4,2987,2923,0.395,218,87
2026-03-02,product_ps5_pro,5,6587,4655,0.541,84,114
2026-03-02,product_ps5,5,10400,8528,0.428,94,111
2026-03-02,psplus,5,7309,4699,0.456,153,402
2026-03-02,home,5,11235,13080,0.267,127,114
2026-03-02,game_detail_spiderman2,5,4464,3806,0.538,74,61
2026-03-02,game_detail_astro,5,2424,2032,0.383,172,76
2026-03-02,game_detail_gta6,5,14163,8997,0.476,149,90
2026-03-02,support,5,3487,2504,0.365,103,70
2026-03-02,product_ps5,6,10390,6792,0.419,109,55
2026-03-02,psplus,6,6644,5021,0.478,132,578
2026-03-02,product_ps5_pro,6,7814,6618,0.348,201,118
2026-03-02,home,6,19455,10440,0.537,195,98
2026-03-02,game_detail_spiderman2,6,3263,3986,0.335,71,104
2026-03-02,game_detail_astro,6,3290,1545,0.495,52,119
2026-03-02,game_detail_gta6,6,10687,8017,0.483,98,102
2026-03-02,support,6,3603,2227,0.366,93,77
2026-03-02,psplus,2,7542,3981,0.529,192,611
2026-03-02,product_ps5_pro,2,9278,6884,0.528,135,75
2026-03-02,product_ps5,2,10310,5176,0.465,213,107
2026-03-02,home,2,16020,12168,0.366,154,81
2026-03-02,game_detail_spiderman2,2,3355,2710,0.456,190,108
2026-03-02,game_detail_gta6,2,9578,6141,0.401,173,63
2026-03-02,game_detail_astro,2,3491,1496,0.395,186,49
2026-03-02,support,2,2763,2512,0.312,187,54
2026-03-02,product_ps5_pro,3,9476,5523,0.254,190,56
2026-03-02,product_ps5,3,11470,8296,0.470,77,89
2026-03-02,home,3,18900,9504,0.397,179,92
2026-03-02,psplus,3,5180,3323,0.260,193,728
2026-03-02,game_detail_spiderman2,3,3240,3370,0.451,218,83
2026-03-02,game_detail_gta6,3,10430,7131,0.482,154,104
2026-03-02,game_detail_astro,3,3503,1976,0.454,69,70
2026-03-02,support,3,3197,1715,0.264,46,107
2026-03-03,product_ps5,1,7990,6960,0.485,126,92
2026-03-03,psplus,1,5512,3225,0.278,105,652
2026-03-03,product_ps5_pro,1,7624,6777,0.425,107,113
2026-03-03,home,1,11310,13164,0.492,161,78
2026-03-03,game_detail_spiderman2,1,4877,3828,0.418,184,84
2026-03-03,game_detail_astro,1,2864,2205,0.415,83,104
2026-03-03,game_detail_gta6,1,12658,6524,0.468,211,71
2026-03-03,support,1,4000,2789,0.390,138,101
2026-03-03,psplus,4,6358,4261,0.374,216,340
2026-03-03,product_ps5_pro,4,8376,5320,0.521,117,52
2026-03-03,product_ps5,4,9280,5288,0.255,121,78
2026-03-03,home,4,11460,8652,0.324,83,55
2026-03-03,game_detail_spiderman2,4,4909,2779,0.432,183,86
2026-03-03,game_detail_astro,4,2818,1671,0.498,138,103
2026-03-03,game_detail_gta6,4,10920,5731,0.354,105,67
2026-03-03,support,4,3617,2152,0.465,83,90
2026-03-03,product_ps5_pro,5,7624,5903,0.385,122,111
2026-03-03,product_ps5,5,10970,5000,0.481,50,71
2026-03-03,psplus,5,4171,4667,0.315,92,602
2026-03-03,home,5,12360,10188,0.271,137,83
2026-03-03,game_detail_spiderman2,5,5935,3663,0.468,60,67
2026-03-03,game_detail_astro,5,2645,1871,0.450,224,95
2026-03-03,game_detail_gta6,5,10955,9315,0.269,202,71
2026-03-03,support,5,3680,2755,0.467,91,69
2026-03-03,product_ps5,6,9980,8280,0.270,186,90
2026-03-03,psplus,6,6603,3411,0.341,73,710
2026-03-03,product_ps5_pro,6,9239,4414,0.305,133,98
2026-03-03,home,6,12525,12252,0.460,118,108
2026-03-03,game_detail_spiderman2,6,3538,2845,0.456,220,55
2026-03-03,game_detail_astro,6,3168,1983,0.404,86,59
2026-03-03,game_detail_gta6,6,13475,8857,0.389,53,113
2026-03-03,support,6,2740,2264,0.285,145,110
2026-03-03,psplus,2,6574,2847,0.293,158,448
2026-03-03,product_ps5_pro,2,5676,4262,0.390,54,52
2026-03-03,product_ps5,2,7390,8616,0.366,141,100
2026-03-03,home,2,16875,10092,0.399,69,73
2026-03-03,game_detail_spiderman2,2,3891,3168,0.547,124,100
2026-03-03,game_detail_gta6,2,9625,9632,0.539,109,72
2026-03-03,game_detail_astro,2,2940,1640,0.443,91,87
2026-03-03,support,2,2733,2795,0.518,144,104
2026-03-03,product_ps5_pro,3,9777,5795,0.395,212,72
2026-03-03,product_ps5,3,7920,7792,0.466,213,108
2026-03-03,home,3,12750,10344,0.365,70,75
2026-03-03,psplus,3,6271,3971,0.426,181,343
2026-03-03,game_detail_spiderman2,3,3919,2237,0.450,130,114
2026-03-03,game_detail_gta6,3,9415,5917,0.300,149,98
2026-03-03,game_detail_astro,3,3488,2462,0.337,77,112
2026-03-03,support,3,3517,1896,0.464,197,107
2026-03-04,product_ps5,1,11460,6536,0.317,68,116
2026-03-04,psplus,1,5244,4587,0.418,161,590
2026-03-04,product_ps5_pro,1,9334,5149,0.510,61,73
2026-03-04,home,1,17715,8964,0.378,53,60
2026-03-04,game_detail_spiderman2,1,3699,4015,0.265,143,68
2026-03-04,game_detail_astro,1,3375,2238,0.506,72,60
2026-03-04,game_detail_gta6,1,11118,5936,0.258,159,72
2026-03-04,support,1,3937,2613,0.252,209,117
2026-03-04,psplus,4,4492,4508,0.442,159,638
2026-03-04,product_ps5_pro,4,9943,5605,0.500,195,59
2026-03-04,product_ps5,4,7620,5408,0.287,80,56
2026-03-04,home,4,11040,9372,0.411,141,106
2026-03-04,game_detail_spiderman2,4,5294,3029,0.509,211,67
2026-03-04,game_detail_astro,4,2284,1638,0.486,82,58
2026-03-04,game_detail_gta6,4,13253,6860,0.481,116,118
2026-03-04,support,4,3060,1629,0.382,218,111
2026-03-04,product_ps5_pro,5,5827,5276,0.288,151,63
2026-03-04,product_ps5,5,10610,8584,0.441,162,61
2026-03-04,psplus,5,5530,3033,0.416,68,724
2026-03-04,home,5,13830,12948,0.322,47,82
2026-03-04,game_detail_spiderman2,5,5615,2702,0.317,220,60
2026-03-04,game_detail_astro,5,2920,1624,0.491,82,112
2026-03-04,game_detail_gta6,5,8330,8036,0.289,186,100
2026-03-04,support,5,2987,2139,0.366,108,90
2026-03-04,product_ps5,6,12370,6768,0.369,78,98
2026-03-04,psplus,6,4177,3729,0.490,104,715
2026-03-04,product_ps5_pro,6,7299,3870,0.497,149,72
2026-03-04,home,6,11865,12972,0.313,88,114
2026-03-04,game_detail_spiderman2,6,4038,3102,0.269,54,93
2026-03-04,game_detail_astro,6,2322,2063,0.453,131,55
2026-03-04,game_detail_gta6,6,11795,8213,0.340,211,112
2026-03-04,support,6,3360,1963,0.354,68,49
2026-03-04,psplus,2,5577,3033,0.489,72,349
2026-03-04,product_ps5_pro,2,8914,5067,0.437,209,91
2026-03-04,product_ps5,2,10380,6808,0.434,140,81
2026-03-04,home,2,15960,11964,0.334,106,51
2026-03-04,game_detail_spiderman2,2,5106,2222,0.301,45,51
2026-03-04,game_detail_gta6,2,9683,8241,0.368,72,51
2026-03-04,game_detail_astro,2,3004,1867,0.369,113,70
2026-03-04,support,2,3223,1891,0.368,180,108
2026-03-04,product_ps5_pro,3,7901,4402,0.541,137,106
2026-03-04,product_ps5,3,7430,7032,0.428,77,67
2026-03-04,home,3,11385,11604,0.268,215,111
2026-03-04,psplus,3,4340,4317,0.317,202,341
2026-03-04,game_detail_spiderman2,3,3813,3872,0.439,158,55
2026-03-04,game_detail_gta6,3,14140,6263,0.410,158,101
2026-03-04,game_detail_astro,3,3392,2105,0.503,170,119
2026-03-04,support,3,4237,2248,0.541,180,88
2026-03-05,product_ps5,1,12000,7240,0.390,85,117
2026-03-05,psplus,1,6662,2917,0.330,162,593
2026-03-05,product_ps5_pro,1,5653,5250,0.398,46,97
2026-03-05,home,1,12015,8340,0.445,95,94
2026-03-05,game_detail_spiderman2,1,5289,2816,0.503,167,60
2026-03-05,game_detail_astro,1,2969,2161,0.482,122,49
2026-03-05,game_detail_gta6,1,14023,8045,0.532,121,50
2026-03-05,support,1,3207,1939,0.277,100,93
2026-03-05,psplus,4,5909,4368,0.380,186,678
2026-03-05,product_ps5_pro,4,9215,5092,0.464,82,72
2026-03-05,product_ps5,4,7730,5592,0.507,140,88
2026-03-05,home,4,13440,12348,0.411,138,109
2026-03-05,game_detail_spiderman2,4,4812,2310,0.455,189,92
2026-03-05,game_detail_astro,4,3728,1631,0.494,127,108
2026-03-05,game_detail_gta6,4,8948,5777,0.466,74,50
2026-03-05,support,4,4090,1613,0.267,163,96
2026-03-05,product_ps5_pro,5,7948,4959,0.544,196,103
2026-03-05,product_ps5,5,9780,7696,0.474,178,103
2026-03-05,psplus,5,7187,2893,0.427,46,697
2026-03-05,home,5,16260,11076,0.524,198,110
2026-03-05,game_detail_spiderman2,5,4780,3920,0.458,59,102
2026-03-05,game_detail_astro,5,3588,1834,0.326,202,54
2026-03-05,game_detail_gta6,5,11165,5796,0.397,61,101
2026-03-05,support,5,2480,2272,0.508,111,114
2026-03-05,product_ps5,6,11720,5544,0.416,131,104
2026-03-05,psplus,6,6014,4167,0.493,186,554
2026-03-05,product_ps5_pro,6,6816,3920,0.254,109,58
2026-03-05,home,6,11055,9084,0.537,83,115
2026-03-05,game_detail_spiderman2,6,4024,2908,0.442,88,90
2026-03-05,game_detail_astro,6,2823,1750,0.281,190,55
2026-03-05,game_detail_gta6,6,10990,6776,0.414,213,79
2026-03-05,support,6,4240,1680,0.359,133,73
2026-03-05,psplus,2,4107,4284,0.435,125,449
2026-03-05,product_ps5_pro,2,10252,6017,0.445,171,84
2026-03-05,product_ps5,2,12280,6896,0.293,122,117
2026-03-05,home,2,16755,7872,0.276,125,110
2026-03-05,game_detail_spiderman2,2,3612,2420,0.527,98,115
2026-03-05,game_detail_gta6,2,13848,8213,0.356,135,69
2026-03-05,game_detail_astro,2,3553,2483,0.363,184,76
2026-03-05,support,2,4143,2453,0.502,87,91
2026-03-05,product_ps5_pro,3,8344,5542,0.516,143,59
2026-03-05,product_ps5,3,10480,8360,0.394,128,62
2026-03-05,home,3,19065,8124,0.348,47,55
2026-03-05,psplus,3,7099,4219,0.391,196,482
2026-03-05,game_detail_spiderman2,3,4354,3557,0.372,63,114
2026-03-05,game_detail_gta6,3,9322,9063,0.272,141,98
2026-03-05,game_detail_astro,3,3672,1720,0.309,223,98
2026-03-05,support,3,2503,2208,0.414,134,103
2026-03-06,product_ps5,1,7470,6296,0.546,102,50
2026-03-06,psplus,1,5285,4228,0.519,166,683
2026-03-06,product_ps5_pro,1,8067,5485,0.428,107,120
2026-03-06,home,1,12210,11112,0.345,198,101
2026-03-06,game_detail_spiderman2,1,3515,3362,0.410,136,74
2026-03-06,game_detail_astro,1,2890,1759,0.430,179,66
2026-03-06,game_detail_gta6,1,12133,6524,0.377,90,51
2026-03-06,support,1,2553,1765,0.372,114,51
2026-03-06,psplus,4,6218,4587,0.538,51,784
2026-03-06,product_ps5_pro,4,7450,5497,0.294,99,72
2026-03-06,product_ps5,4,9670,6952,0.530,140,100
2026-03-06,home,4,13545,7680,0.295,181,49
2026-03-06,game_detail_spiderman2,4,5019,3120,0.313,130,83
2026-03-06,game_detail_astro,4,2468,1650,0.455,188,106
2026-03-06,game_detail_gta6,4,8832,10145,0.418,174,74
2026-03-06,support,4,4203,1880,0.271,114,102
2026-03-06,product_ps5_pro,5,8970,6074,0.455,99,104
2026-03-06,product_ps5,5,9090,5016,0.279,183,54
2026-03-06,psplus,5,6137,5101,0.280,59,333
2026-03-06,home,5,18210,11772,0.447,91,53
2026-03-06,game_detail_spiderman2,5,3227,3575,0.386,219,52
2026-03-06,game_detail_astro,5,3506,1570,0.490,128,86
2026-03-06,game_detail_gta6,5,11270,10136,0.353,127,86
2026-03-06,support,5,4163,1867,0.465,99,60
2026-03-06,product_ps5,6,11830,7624,0.501,161,108
2026-03-06,psplus,6,6166,3640,0.280,60,681
2026-03-06,product_ps5_pro,6,6571,5814,0.299,138,63
2026-03-06,home,6,14700,8904,0.287,107,99
2026-03-06,game_detail_spiderman2,6,5294,3623,0.382,159,107
2026-03-06,game_detail_astro,6,2441,2350,0.492,87,87
2026-03-06,game_detail_gta6,6,8948,8428,0.328,111,108
2026-03-06,support,6,2573,2704,0.393,112,109
2026-03-06,psplus,2,4754,4998,0.259,111,540
2026-03-06,product_ps5_pro,2,10015,4889,0.431,109,65
2026-03-06,product_ps5,2,10370,7064,0.463,178,78
2026-03-06,home,2,11220,12636,0.309,73,91
2026-03-06,game_detail_spiderman2,2,3355,2999,0.444,190,110
2026-03-06,game_detail_gta6,2,9403,5703,0.269,201,108
2026-03-06,game_detail_astro,2,3593,1748,0.463,194,95
2026-03-06,support,2,4193,2325,0.273,46,87
2026-03-06,product_ps5_pro,3,8550,6137,0.382,220,101
2026-03-06,product_ps5,3,10670,5832,0.354,118,99
2026-03-06,home,3,10605,11556,0.452,153,84
2026-03-06,psplus,3,5040,3435,0.263,83,734
2026-03-06,game_detail_spiderman2,3,3465,2383,0.516,135,101
2026-03-06,game_detail_gta6,3,14257,10248,0.453,103,69
2026-03-06,game_detail_astro,3,3733,1885,0.503,108,117
2026-03-06,support,3,2890,1851,0.359,61,97
2026-03-07,product_ps5,1,11613,8584,0.349,195,78
2026-03-07,psplus,1,5308,2847,0.390,108,419
2026-03-07,product_ps5_pro,1,8778,5675,0.325,90,69
2026-03-07,home,1,17550,8604,0.350,45,56
2026-03-07,game_detail_spiderman2,1,4595,2724,0.279,97,58
2026-03-07,game_detail_astro,1,3956,2275,0.286,214,119
2026-03-07,game_detail_gta6,1,17471,9613,0.297,208,72
2026-03-07,support,1,2963,2933,0.264,51,82
2026-03-07,psplus,4,8065,2940,0.279,117,510
2026-03-07,product_ps5_pro,4,11459,4161,0.474,90,68
2026-03-07,product_ps5,4,11788,8448,0.389,50,80
2026-03-07,home,4,15300,9972,0.515,80,119
2026-03-07,game_detail_spiderman2,4,7030,2765,0.339,207,102
2026-03-07,game_detail_astro,4,3223,1983,0.531,172,96
2026-03-07,game_detail_gta6,4,17500,6132,0.521,134,115
2026-03-07,support,4,5196,2531,0.329,138,50
2026-03-07,product_ps5_pro,5,12479,4098,0.413,207,115
2026-03-07,product_ps5,5,13300,6536,0.270,144,108
2026-03-07,psplus,5,9260,3416,0.479,111,782
2026-03-07,home,5,13369,7944,0.312,65,82
2026-03-07,game_detail_spiderman2,5,5580,2343,0.386,204,75
2026-03-07,game_detail_astro,5,3773,2429,0.316,83,108
2026-03-07,game_detail_gta6,5,12279,6608,0.334,59,93
2026-03-07,support,5,3113,2659,0.365,51,86
2026-03-07,product_ps5,6,9550,7488,0.447,50,73
2026-03-07,psplus,6,8189,4559,0.382,91,718
2026-03-07,product_ps5_pro,6,8847,5877,0.318,117,117
2026-03-07,home,6,14156,8280,0.395,118,66
2026-03-07,game_detail_spiderman2,6,4326,2471,0.404,155,66
2026-03-07,game_detail_astro,6,4032,2420,0.391,89,79
2026-03-07,game_detail_gta6,6,10325,10024,0.411,151,74
2026-03-07,support,6,3196,2184,0.251,111,52
2026-03-07,psplus,2,5308,2921,0.452,117,688
2026-03-07,product_ps5_pro,2,11677,6897,0.374,142,61
2026-03-07,product_ps5,2,11513,6080,0.453,85,69
2026-03-07,home,2,17288,12720,0.334,56,100
2026-03-07,game_detail_spiderman2,2,6474,2449,0.275,198,79
2026-03-07,game_detail_gta6,2,18375,9184,0.270,105,102
2026-03-07,game_detail_astro,2,3533,1778,0.499,147,99
2026-03-07,support,2,4096,2128,0.456,84,51
2026-03-07,product_ps5_pro,3,9391,6764,0.372,168,79
2026-03-07,product_ps5,3,11338,7936,0.272,142,103
2026-03-07,home,3,20681,12924,0.442,88,113
2026-03-07,psplus,3,8619,2847,0.452,192,422
2026-03-07,game_detail_spiderman2,3,6399,3194,0.370,47,93
2026-03-07,game_detail_gta6,3,18040,7840,0.441,147,99
2026-03-07,game_detail_astro,3,3391,1974,0.296,192,120
2026-03-07,support,3,4575,2051,0.396,53,98
2026-03-08,product_ps5,1,11588,8304,0.515,68,87
2026-03-08,psplus,1,9275,3276,0.444,150,349
2026-03-08,product_ps5_pro,1,12756,5535,0.417,142,96
2026-03-08,home,1,19931,9468,0.318,166,90
2026-03-08,game_detail_spiderman2,1,5363,2952,0.297,142,103
2026-03-08,game_detail_astro,1,3744,1738,0.344,195,106
2026-03-08,game_detail_gta6,1,11404,8503,0.539,184,59
2026-03-08,support,1,3163,2277,0.274,195,96
2026-03-08,psplus,4,8334,3701,0.355,126,446
2026-03-08,product_ps5_pro,4,7551,3939,0.379,101,63
2026-03-08,product_ps5,4,14913,6840,0.434,74,82
2026-03-08,home,4,20025,8808,0.479,83,119
2026-03-08,game_detail_spiderman2,4,6079,3982,0.360,178,58
2026-03-08,game_detail_astro,4,3620,1622,0.336,160,87
2026-03-08,game_detail_gta6,4,12454,5628,0.376,62,52
2026-03-08,support,4,5071,2136,0.303,225,63
2026-03-08,product_ps5_pro,5,9708,4630,0.490,199,111
2026-03-08,product_ps5,5,13075,6184,0.410,126,91
2026-03-08,psplus,5,5447,4153,0.387,119,517
2026-03-08,home,5,24300,8412,0.458,124,89
2026-03-08,game_detail_spiderman2,5,4136,3678,0.291,118,90
2026-03-08,game_detail_astro,5,4160,1619,0.278,62,110
2026-03-08,game_detail_gta6,5,10296,9679,0.501,136,88
2026-03-08,support,5,5192,2360,0.545,68,49
2026-03-08,product_ps5,6,10725,7552,0.373,101,73
2026-03-08,psplus,6,9005,4769,0.371,75,588
2026-03-08,product_ps5_pro,6,8807,4471,0.366,223,55
2026-03-08,home,6,23306,12720,0.451,126,103
2026-03-08,game_detail_spiderman2,6,5683,2281,0.402,71,74
2026-03-08,game_detail_astro,6,2705,1701,0.276,202,57
2026-03-08,game_detail_gta6,6,13504,8885,0.284,52,93
2026-03-08,support,6,3313,2627,0.348,125,50
2026-03-08,psplus,2,5943,4503,0.528,166,455
2026-03-08,product_ps5_pro,2,10450,4820,0.436,78,116
2026-03-08,product_ps5,2,13313,8304,0.372,69,81
2026-03-08,home,2,21769,9516,0.420,225,53
2026-03-08,game_detail_spiderman2,2,4073,2347,0.537,76,56
2026-03-08,game_detail_gta6,2,13300,6029,0.367,67,118
2026-03-08,game_detail_astro,2,2877,2340,0.319,148,79
2026-03-08,support,2,4325,2675,0.318,176,95
2026-03-08,product_ps5_pro,3,9787,4801,0.504,175,85
2026-03-08,product_ps5,3,15163,6400,0.436,70,88
2026-03-08,home,3,14419,10932,0.456,207,116
2026-03-08,psplus,3,5935,3757,0.328,215,641
2026-03-08,game_detail_spiderman2,3,5935,3010,0.533,76,72
2026-03-08,game_detail_gta6,3,10675,9912,0.419,128,80
2026-03-08,game_detail_astro,3,4732,2126,0.402,215,72
2026-03-08,support,3,4396,2115,0.524,163,74
2026-03-09,product_ps5,1,12650,8168,0.521,97,51
2026-03-09,psplus,1,7373,4153,0.440,193,611
2026-03-09,product_ps5_pro,1,10086,4269,0.474,189,109
2026-03-09,home,1,11460,8988,0.496,181,95
2026-03-09,game_detail_spiderman2,1,4331,3399,0.446,99,82
2026-03-09,game_detail_astro,1,2118,2189,0.541,78,71
2026-03-09,game_detail_gta6,1,14712,8811,0.256,148,105
2026-03-09,support,1,2850,1605,0.441,197,116
2026-03-09,psplus,4,5892,3547,0.261,93,513
2026-03-09,product_ps5_pro,4,7838,5998,0.379,108,104
2026-03-09,product_ps5,4,7480,7648,0.536,84,93
2026-03-09,home,4,13410,11928,0.446,116,117
2026-03-09,game_detail_spiderman2,4,4180,2237,0.263,180,73
2026-03-09,game_detail_astro,4,3602,1951,0.317,121,68
2026-03-09,game_detail_gta6,4,12565,6347,0.337,224,106
2026-03-09,support,4,4110,1685,0.377,47,75
2026-03-09,product_ps5_pro,5,5922,6536,0.494,68,80
2026-03-09,product_ps5,5,7890,5616,0.365,89,83
2026-03-09,psplus,5,7397,3108,0.429,96,667
2026-03-09,home,5,17265,11076,0.265,156,74
2026-03-09,game_detail_spiderman2,5,4519,2211,0.251,83,88
2026-03-09,game_detail_astro,5,2313,1857,0.458,123,79
2026-03-09,game_detail_gta6,5,15132,7168,0.511,210,93
2026-03-09,support,5,3973,2275,0.502,59,89
2026-03-09,product_ps5,6,8390,6576,0.401,118,101
2026-03-09,psplus,6,5192,4909,0.430,85,652
2026-03-09,product_ps5_pro,6,8558,4015,0.511,177,83
2026-03-09,home,6,13335,9924,0.485,176,78
2026-03-09,game_detail_spiderman2,6,4111,3956,0.304,179,60
2026-03-09,game_detail_astro,6,3701,1794,0.494,172,94
2026-03-09,game_detail_gta6,6,11317,6776,0.527,176,81
2026-03-09,support,6,3360,1699,0.508,71,56
2026-03-09,psplus,2,7385,4867,0.407,195,655
2026-03-09,product_ps5_pro,2,9880,5909,0.515,52,70
2026-03-09,product_ps5,2,10820,5520,0.277,182,54
2026-03-09,home,2,13605,10872,0.371,91,77
2026-03-09,game_detail_spiderman2,2,4033,3223,0.533,197,63
2026-03-09,game_detail_gta6,2,9252,8465,0.366,192,104
2026-03-09,game_detail_astro,2,3042,2205,0.402,96,113
2026-03-09,support,2,2587,2152,0.443,210,83
2026-03-09,product_ps5_pro,3,8550,4484,0.332,158,116
2026-03-09,product_ps5,3,10710,7480,0.376,46,55
2026-03-09,home,3,11070,11724,0.524,81,71
2026-03-09,psplus,3,6131,4601,0.534,49,487
2026-03-09,game_detail_spiderman2,3,3790,2933,0.352,104,102
2026-03-09,game_detail_gta6,3,14677,8269,0.470,73,66
2026-03-09,game_detail_astro,3,3719,1465,0.379,64,103
2026-03-09,support,3,3597,1789,0.341,47,59
2026-03-10,product_ps5,1,12860,7464,0.417,56,106
2026-03-10,psplus,1,4999,3799,0.328,193,472
2026-03-10,product_ps5_pro,1,7347,4965,0.301,92,52
2026-03-10,home,1,18510,12216,0.282,82,91
2026-03-10,game_detail_spiderman2,1,4689,2743,0.413,124,55
2026-03-10,game_detail_astro,1,3450,1911,0.476,96,99
2026-03-10,game_detail_gta6,1,8995,6543,0.323,155,80
2026-03-10,support,1,2857,2173,0.520,103,58
2026-03-10,psplus,4,5839,3514,0.464,113,683
2026-03-10,product_ps5_pro,4,8985,5453,0.312,92,109
2026-03-10,product_ps5,4,11260,6624,0.470,173,79
2026-03-10,home,4,13275,8628,0.400,149,99
2026-03-10,game_detail_spiderman2,4,3580,3025,0.411,131,106
2026-03-10,game_detail_astro,4,2056,1496,0.385,143,72
2026-03-10,game_detail_gta6,4,14758,8260,0.511,130,114
2026-03-10,support,4,3430,2917,0.543,158,54
2026-03-10,product_ps5_pro,5,6832,6916,0.456,141,91
2026-03-10,product_ps5,5,7790,5920,0.462,126,53
2026-03-10,psplus,5,6055,3635,0.474,119,425
2026-03-10,home,5,16245,10176,0.345,147,90
2026-03-10,game_detail_spiderman2,5,3442,2438,0.379,72,97
2026-03-10,game_detail_astro,5,2535,1757,0.338,208,91
2026-03-10,game_detail_gta6,5,12203,6543,0.393,123,90
2026-03-10,support,5,3217,2896,0.369,87,90
2026-03-10,product_ps5,6,7240,4944,0.332,110,111
2026-03-10,psplus,6,4900,3598,0.447,74,428
2026-03-10,product_ps5_pro,6,8645,3895,0.402,184,54
2026-03-10,home,6,15375,9132,0.337,146,76
2026-03-10,game_detail_spiderman2,6,5573,4011,0.321,177,106
2026-03-10,game_detail_astro,6,2590,1752,0.469,53,73
2026-03-10,game_detail_gta6,6,9158,5992,0.501,53,116
2026-03-10,support,6,3460,2160,0.547,112,65
2026-03-10,psplus,2,4468,4494,0.257,224,652
2026-03-10,product_ps5_pro,2,8993,3971,0.385,113,81
2026-03-10,product_ps5,2,12230,6408,0.387,172,104
2026-03-10,home,2,18015,12756,0.463,53,57
2026-03-10,game_detail_spiderman2,2,5564,3634,0.271,138,63
2026-03-10,game_detail_gta6,2,15120,9585,0.285,84,56
2026-03-10,game_detail_astro,2,2083,1846,0.279,169,79
2026-03-10,support,2,2670,2309,0.464,197,119
2026-03-10,product_ps5_pro,3,5542,4231,0.314,208,95
2026-03-10,product_ps5,3,7020,8176,0.256,111,76
2026-03-10,home,3,12345,12780,0.463,124,65
2026-03-10,psplus,3,7309,3449,0.317,70,702
2026-03-10,game_detail_spiderman2,3,4675,3443,0.487,123,98
2026-03-10,game_detail_gta6,3,9205,9175,0.474,54,83
2026-03-10,game_detail_astro,3,3789,2163,0.503,114,63
2026-03-10,support,3,2950,1640,0.487,95,83
2026-03-11,product_ps5,1,7030,5616,0.277,64,49
2026-03-11,psplus,1,6667,4209,0.412,181,439
2026-03-11,product_ps5_pro,1,6349,5339,0.490,153,50
2026-03-11,home,1,14805,8304,0.252,174,61
2026-03-11,game_detail_spiderman2,1,4313,3744,0.488,98,58
2026-03-11,game_detail_astro,1,2960,1724,0.514,113,94
2026-03-11,game_detail_gta6,1,12670,5693,0.376,194,89
2026-03-11,support,1,2887,2475,0.270,155,86
2026-03-11,psplus,4,5979,3253,0.422,70,498
2026-03-11,product_ps5_pro,4,6990,6726,0.342,217,70
2026-03-11,product_ps5,4,9760,5080,0.461,149,58
2026-03-11,home,4,12615,11412,0.458,54,99
2026-03-11,game_detail_spiderman2,4,5138,3256,0.389,188,50
2026-03-11,game_detail_astro,4,3500,2436,0.362,151,93
2026-03-11,game_detail_gta6,4,11060,7327,0.508,224,105
2026-03-11,support,4,3760,1997,0.309,47,61
2026-03-11,product_ps5_pro,5,6278,4269,0.258,108,102
2026-03-11,product_ps5,5,10010,6136,0.459,164,117
2026-03-11,psplus,5,6743,4186,0.337,188,471
2026-03-11,home,5,19065,8904,0.310,182,99
2026-03-11,game_detail_spiderman2,5,4643,2413,0.357,213,70
2026-03-11,game_detail_astro,5,3086,1449,0.330,105,87
2026-03-11,game_detail_gta6,5,14315,5675,0.475,209,120
2026-03-11,support,5,4270,2656,0.422,102,114
2026-03-11,product_ps5,6,12930,5816,0.256,50,77
2026-03-11,psplus,6,4597,2912,0.475,59,469
2026-03-11,product_ps5_pro,6,7244,4180,0.441,91,60
2026-03-11,home,6,15360,12420,0.364,208,102
2026-03-11,game_detail_spiderman2,6,4093,2875,0.489,185,61
2026-03-11,game_detail_astro,6,2430,1566,0.254,184,95
2026-03-11,game_detail_gta6,6,14432,8092,0.358,73,57
2026-03-11,support,6,2513,2229,0.404,147,116
2026-03-11,psplus,2,6907,5082,0.335,206,673
2026-03-11,product_ps5_pro,2,9096,4262,0.360,85,52
2026-03-11,product_ps5,2,11100,7120,0.270,162,92
2026-03-11,home,2,19170,12708,0.275,117,82
2026-03-11,game_detail_spiderman2,2,5706,2611,0.518,84,94
2026-03-11,game_detail_gta6,2,8435,7709,0.356,62,97
2026-03-11,game_detail_astro,2,2832,2305,0.539,213,87
2026-03-11,support,2,2387,2707,0.472,198,61
2026-03-11,product_ps5_pro,3,6698,6251,0.513,99,86
2026-03-11,product_ps5,3,12630,7168,0.269,100,51
2026-03-11,home,3,15840,10308,0.430,186,64
2026-03-11,psplus,3,6055,3309,0.278,188,700
2026-03-11,game_detail_spiderman2,3,4180,4008,0.529,178,90
2026-03-11,game_detail_gta6,3,11900,9781,0.326,199,109
2026-03-11,game_detail_astro,3,3684,1556,0.396,192,67
2026-03-11,support,3,4317,1893,0.324,119,86
2026-03-12,product_ps5,1,9780,6664,0.511,80,50
2026-03-12,psplus,1,5588,4620,0.406,114,478
2026-03-12,product_ps5_pro,1,7473,5580,0.381,100,107
2026-03-12,home,1,15780,9420,0.489,113,101
2026-03-12,game_detail_spiderman2,1,3671,3293,0.354,90,105
2026-03-12,game_detail_astro,1,3322,1402,0.404,160,73
2026-03-12,game_detail_gta6,1,8540,8951,0.256,55,64
2026-03-12,support,1,4310,2347,0.318,143,53
2026-03-12,psplus,4,5151,3831,0.435,114,478
2026-03-12,product_ps5_pro,4,6468,6105,0.325,47,50
2026-03-12,product_ps5,4,12630,7920,0.389,96,80
2026-03-12,home,4,17625,9240,0.312,99,81
2026-03-12,game_detail_spiderman2,4,5065,3663,0.281,205,117
2026-03-12,game_detail_astro,4,2605,2347,0.462,126,107
2026-03-12,game_detail_gta6,4,11678,5637,0.304,184,90
2026-03-12,support,4,3823,1941,0.337,103,120
2026-03-12,product_ps5_pro,5,8518,6732,0.541,123,88
2026-03-12,product_ps5,5,11990,5504,0.251,172,107
2026-03-12,psplus,5,6702,4312,0.335,186,743
2026-03-12,home,5,11580,8064,0.511,186,90
2026-03-12,game_detail_spiderman2,5,3337,3630,0.450,110,102
2026-03-12,game_detail_astro,5,3019,2333,0.351,107,86
2026-03-12,game_detail_gta6,5,13720,5880,0.302,117,112
2026-03-12,support,5,3553,1600,0.280,122,72
2026-03-12,product_ps5,6,7450,7984,0.453,166,108
2026-03-12,psplus,6,6469,3285,0.455,222,507
2026-03-12,product_ps5_pro,6,8898,4186,0.372,74,57
2026-03-12,home,6,12300,8652,0.454,182,90
2026-03-12,game_detail_spiderman2,6,4652,2702,0.304,149,115
2026-03-12,game_detail_astro,6,2931,2457,0.278,218,49
2026-03-12,game_detail_gta6,6,14537,9389,0.468,195,69
2026-03-12,support,6,2437,1699,0.496,158,93
2026-03-12,psplus,2,4381,4363,0.392,46,718
2026-03-12,product_ps5_pro,2,6278,4446,0.493,114,96
2026-03-12,product_ps5,2,10350,6952,0.329,138,95
2026-03-12,home,2,10935,9624,0.363,83,113
2026-03-12,game_detail_spiderman2,2,3942,3711,0.445,103,48
2026-03-12,game_detail_gta6,2,11597,8279,0.321,76,100
2026-03-12,game_detail_astro,2,2797,2273,0.275,55,65
2026-03-12,support,2,2420,2341,0.294,210,93
2026-03-12,product_ps5_pro,3,7655,3870,0.529,218,78
2026-03-12,product_ps5,3,7120,7032,0.484,81,65
2026-03-12,home,3,16425,10656,0.307,176,117
2026-03-12,psplus,3,5349,4811,0.255,75,402
2026-03-12,game_detail_spiderman2,3,3841,2999,0.464,179,100
2026-03-12,game_detail_gta6,3,10885,9744,0.253,145,71
2026-03-12,game_detail_astro,3,3658,2469,0.347,81,111
2026-03-12,support,3,2350,2869,0.350,153,106
2026-03-13,product_ps5,1,10920,8176,0.366,131,109
2026-03-13,psplus,1,5127,3192,0.462,187,501
2026-03-13,product_ps5_pro,1,10189,3946,0.330,223,51
2026-03-13,home,1,10920,11988,0.465,107,66
2026-03-13,game_detail_spiderman2,1,4748,3637,0.348,130,49
2026-03-13,game_detail_astro,1,3042,2508,0.265,191,118
2026-03-13,game_detail_gta6,1,9847,6309,0.371,139,100
2026-03-13,support,1,4117,1963,0.360,104,80
2026-03-13,psplus,4,4556,4741,0.544,202,747
2026-03-13,product_ps5_pro,4,8130,5409,0.446,184,62
2026-03-13,product_ps5,4,10070,5136,0.543,89,54
2026-03-13,home,4,13335,9984,0.538,72,75
2026-03-13,game_detail_spiderman2,4,4735,4026,0.358,90,90
2026-03-13,game_detail_astro,4,2995,1631,0.525,139,99
2026-03-13,game_detail_gta6,4,12040,7121,0.394,140,105
2026-03-13,support,4,2413,1683,0.435,179,88
2026-03-13,product_ps5_pro,5,9912,6308,0.340,61,67
2026-03-13,product_ps5,5,8950,8464,0.487,182,119
2026-03-13,psplus,5,5979,4611,0.457,76,560
2026-03-13,home,5,17220,7776,0.298,105,66
2026-03-13,game_detail_spiderman2,5,5092,3703,0.528,113,103
2026-03-13,game_detail_astro,5,2193,1937,0.274,96,94
2026-03-13,game_detail_gta6,5,10453,9147,0.431,84,53
2026-03-13,support,5,3800,1629,0.424,45,86
2026-03-13,product_ps5,6,9580,7248,0.506,80,66
2026-03-13,psplus,6,5670,3892,0.533,166,436
2026-03-13,product_ps5_pro,6,8162,5111,0.401,93,116
2026-03-13,home,6,16080,12276,0.424,99,92
2026-03-13,game_detail_spiderman2,6,3433,2218,0.269,108,67
2026-03-13,game_detail_astro,6,2042,2256,0.502,130,89
2026-03-13,game_detail_gta6,6,8295,6972,0.424,90,98
2026-03-13,support,6,3563,2603,0.362,83,109
2026-03-13,psplus,2,5343,4573,0.327,151,518
2026-03-13,product_ps5_pro,2,7149,6726,0.346,83,105
2026-03-13,product_ps5,2,12980,7120,0.289,81,115
2026-03-13,home,2,12135,12084,0.358,160,111
2026-03-13,game_detail_spiderman2,2,3722,3832,0.378,130,60
2026-03-13,game_detail_gta6,2,8598,8596,0.414,167,91
2026-03-13,game_detail_astro,2,2249,2014,0.535,165,97
2026-03-13,support,2,3433,2589,0.264,133,120
2026-03-13,product_ps5_pro,3,9516,5225,0.250,216,52
2026-03-13,product_ps5,3,8780,7656,0.354,164,84
2026-03-13,home,3,10695,11184,0.421,165,97
2026-03-13,psplus,3,7251,4513,0.486,74,365
2026-03-13,game_detail_spiderman2,3,4079,3450,0.299,89,56
2026-03-13,game_detail_gta6,3,11678,6627,0.407,127,87
2026-03-13,game_detail_astro,3,2987,2308,0.432,91,117
2026-03-13,support,3,2413,2555,0.408,70,90
2026-03-14,product_ps5,1,14938,8144,0.355,112,113
2026-03-14,psplus,1,6643,4237,0.372,202,555
2026-03-14,product_ps5_pro,1,10668,6289,0.310,136,107
2026-03-14,home,1,18675,10680,0.479,154,104
2026-03-14,game_detail_spiderman2,1,4131,2651,0.389,189,63
2026-03-14,game_detail_astro,1,3759,1904,0.374,196,102
2026-03-14,game_detail_gta6,1,12673,5889,0.434,160,119
2026-03-14,support,1,3988,1744,0.424,127,108
2026-03-14,psplus,4,7350,4536,0.306,221,450
2026-03-14,product_ps5_pro,4,8837,5472,0.419,59,105
2026-03-14,product_ps5,4,9875,7104,0.325,116,107
2026-03-14,home,4,14269,12876,0.481,62,98
2026-03-14,game_detail_spiderman2,4,5013,2270,0.523,69,72
2026-03-14,game_detail_astro,4,4116,1710,0.326,65,52
2026-03-14,game_detail_gta6,4,17573,6095,0.421,69,109
2026-03-14,support,4,5304,2408,0.546,184,54
2026-03-14,product_ps5_pro,5,9302,3813,0.500,196,59
2026-03-14,product_ps5,5,9013,7688,0.472,82,65
2026-03-14,psplus,5,5389,3089,0.315,146,545
2026-03-14,home,5,16163,7368,0.254,151,111
2026-03-14,game_detail_spiderman2,5,6566,2534,0.413,152,91
2026-03-14,game_detail_astro,5,2785,1489,0.341,178,54
2026-03-14,game_detail_gta6,5,15487,9520,0.368,125,52
2026-03-14,support,5,4421,1773,0.304,63,116
2026-03-14,product_ps5,6,12613,8184,0.406,186,119
2026-03-14,psplus,6,5119,4545,0.404,143,376
2026-03-14,product_ps5_pro,6,6996,5098,0.453,216,57
2026-03-14,home,6,16650,11172,0.442,139,70
2026-03-14,game_detail_spiderman2,6,6107,3824,0.363,145,117
2026-03-14,game_detail_astro,6,2658,2254,0.300,81,75
2026-03-14,game_detail_gta6,6,18142,8587,0.345,86,111
2026-03-14,support,6,3313,1747,0.499,185,115
2026-03-14,psplus,2,5206,4625,0.500,45,378
2026-03-14,product_ps5_pro,2,11360,5586,0.409,61,57
2026-03-14,product_ps5,2,14688,6040,0.288,189,93
2026-03-14,home,2,24169,7296,0.412,97,96
2026-03-14,game_detail_spiderman2,2,6182,3432,0.547,96,72
2026-03-14,game_detail_gta6,2,17004,10005,0.513,176,108
2026-03-14,game_detail_astro,2,2913,1612,0.259,56,58
2026-03-14,support,2,4017,2405,0.411,107,65
2026-03-14,product_ps5_pro,3,9935,5079,0.513,57,84
2026-03-14,product_ps5,3,13275,6568,0.444,94,63
2026-03-14,home,3,20756,11832,0.334,85,117
2026-03-14,psplus,3,5133,3220,0.427,199,510
2026-03-14,game_detail_spiderman2,3,5099,3359,0.484,127,90
2026-03-14,game_detail_gta6,3,15619,6972,0.447,72,103
2026-03-14,game_detail_astro,3,3412,2240,0.510,67,98
2026-03-14,support,3,5192,2747,0.534,111,80
2026-03-15,product_ps5,1,13938,6760,0.453,110,95
2026-03-15,psplus,1,5892,3421,0.449,156,553
2026-03-15,product_ps5_pro,1,10974,4636,0.293,81,105
2026-03-15,home,1,14606,9864,0.474,72,97
2026-03-15,game_detail_spiderman2,1,5781,3087,0.530,110,71
2026-03-15,game_detail_astro,1,4156,1920,0.543,53,81
2026-03-15,game_detail_gta6,1,44777,5628,0.466,74,117
2026-03-15,support,1,4621,2555,0.256,97,116
2026-03-15,psplus,4,5163,3934,0.379,165,780
2026-03-15,product_ps5_pro,4,8461,6897,0.256,112,73
2026-03-15,product_ps5,4,12338,6080,0.298,153,107
2026-03-15,home,4,22331,12576,0.525,180,88
2026-03-15,game_detail_spiderman2,4,6061,2908,0.307,209,117
2026-03-15,game_detail_astro,4,2822,1750,0.308,91,81
2026-03-15,game_detail_gta6,4,71155,8988,0.452,98,113
2026-03-15,support,4,5025,2405,0.496,126,54
2026-03-15,product_ps5_pro,5,9718,3914,0.528,127,99
2026-03-15,product_ps5,5,15125,7016,0.463,213,107
2026-03-15,psplus,5,6854,5110,0.484,99,493
2026-03-15,home,5,19331,12504,0.284,178,97
2026-03-15,game_detail_spiderman2,5,4389,2556,0.340,156,63
2026-03-15,game_detail_astro,5,2982,2021,0.377,93,112
2026-03-15,game_detail_gta6,5,55417,9044,0.540,199,80
2026-03-15,support,5,4708,2016,0.373,98,93
2026-03-15,product_ps5,6,15375,8592,0.535,90,99
2026-03-15,psplus,6,9290,3458,0.316,52,718
2026-03-15,product_ps5_pro,6,8510,5903,0.507,63,95
2026-03-15,home,6,19781,9912,0.330,157,94
2026-03-15,game_detail_spiderman2,6,6027,3711,0.258,150,65
2026-03-15,game_detail_astro,6,4386,1615,0.420,176,118
2026-03-15,game_detail_gta6,6,53588,9296,0.297,163,51
2026-03-15,support,6,4621,1680,0.341,176,99
2026-03-15,psplus,2,6351,3374,0.261,117,632
2026-03-15,product_ps5_pro,2,11885,6764,0.332,144,97
2026-03-15,product_ps5,2,15700,7896,0.521,100,104
2026-03-15,home,2,22894,13116,0.387,169,115
2026-03-15,game_detail_spiderman2,2,5672,2790,0.406,144,56
2026-03-15,game_detail_gta6,2,50041,7980,0.522,84,59
2026-03-15,game_detail_astro,2,2957,2357,0.533,57,115
2026-03-15,support,2,4217,2229,0.537,181,56
2026-03-15,product_ps5_pro,3,10341,4908,0.408,110,110
2026-03-15,product_ps5,3,9075,5952,0.271,128,81
2026-03-15,home,3,19913,10440,0.395,69,87
2026-03-15,psplus,3,7124,2856,0.314,109,733
2026-03-15,game_detail_spiderman2,3,6841,2515,0.388,203,110
2026-03-15,game_detail_gta6,3,55029,7168,0.549,75,111
2026-03-15,game_detail_astro,3,3095,1962,0.401,188,66
2026-03-15,support,3,3721,2821,0.462,205,112
2026-03-16,product_ps5,1,12560,8008,0.446,218,70
2026-03-16,psplus,1,7274,3467,0.524,200,715
2026-03-16,product_ps5_pro,1,6587,4053,0.311,119,112
2026-03-16,home,1,14520,8076,0.402,214,86
2026-03-16,game_detail_spiderman2,1,4450,3538,0.519,158,97
2026-03-16,game_detail_astro,1,3485,1902,0.254,110,49
2026-03-16,game_detail_gta6,1,35289,10145,0.419,69,71
2026-03-16,support,1,3807,2379,0.473,201,103
2026-03-16,psplus,4,4124,4947,0.518,65,513
2026-03-16,product_ps5_pro,4,8954,4522,0.349,103,96
2026-03-16,product_ps5,4,12260,6736,0.503,145,102
2026-03-16,home,4,14580,8232,0.318,86,51
2026-03-16,game_detail_spiderman2,4,3822,2743,0.393,174,111
2026-03-16,game_detail_astro,4,2625,1930,0.491,181,111
2026-03-16,game_detail_gta6,4,46328,7112,0.401,96,98
2026-03-16,support,4,2973,2565,0.455,206,59
2026-03-16,product_ps5_pro,5,8376,5029,0.532,179,77
2026-03-16,product_ps5,5,12850,7640,0.423,198,49
2026-03-16,psplus,5,4398,3766,0.358,197,375
2026-03-16,home,5,13350,11244,0.303,213,120
2026-03-16,game_detail_spiderman2,5,4207,2306,0.527,122,91
2026-03-16,game_detail_astro,5,3226,1675,0.398,63,89
2026-03-16,game_detail_gta6,5,38260,7691,0.363,195,83
2026-03-16,support,5,4293,2184,0.408,75,108
2026-03-16,product_ps5,6,7320,5128,0.540,63,79
2026-03-16,psplus,6,7356,4951,0.529,60,344
2026-03-16,product_ps5_pro,6,10292,4199,0.472,222,73
2026-03-16,home,6,17535,10956,0.366,187,114
2026-03-16,game_detail_spiderman2,6,3598,3579,0.463,110,90
2026-03-16,game_detail_astro,6,2885,2564,0.512,100,102
2026-03-16,game_detail_gta6,6,52402,8223,0.380,225,55
2026-03-16,support,6,2797,2744,0.520,175,100
2026-03-16,psplus,2,6463,4228,0.302,96,697
2026-03-16,product_ps5_pro,2,7426,6479,0.420,86,93
2026-03-16,product_ps5,2,11640,6600,0.363,179,50
2026-03-16,home,2,10725,9348,0.401,210,76
2026-03-16,game_detail_spiderman2,2,5459,3527,0.278,50,104
2026-03-16,game_detail_gta6,2,50274,9464,0.414,86,100
2026-03-16,game_detail_astro,2,2330,1461,0.446,134,83
2026-03-16,support,2,3707,2509,0.413,176,109
2026-03-16,product_ps5_pro,3,8930,6587,0.382,162,49
2026-03-16,product_ps5,3,10780,6112,0.536,164,108
2026-03-16,home,3,18600,12432,0.420,130,112
2026-03-16,psplus,3,6936,3066,0.331,85,743
2026-03-16,game_detail_spiderman2,3,4244,2215,0.455,74,102
2026-03-16,game_detail_gta6,3,56037,8297,0.536,103,75
2026-03-16,game_detail_astro,3,2491,1974,0.370,61,90
2026-03-16,support,3,3607,2728,0.478,45,101
2026-03-17,product_ps5,1,10520,5344,0.268,113,72
2026-03-17,psplus,1,5705,3379,0.283,147,554
2026-03-17,product_ps5_pro,1,7750,4395,0.414,79,117
2026-03-17,home,1,13605,11052,0.354,70,107
2026-03-17,game_detail_spiderman2,1,4900,3483,0.371,144,59
2026-03-17,game_detail_astro,1,2453,1451,0.396,163,77
2026-03-17,game_detail_gta6,1,41629,8437,0.467,213,94
2026-03-17,support,1,4333,1645,0.521,221,111
2026-03-17,psplus,4,6848,4858,0.479,67,545
2026-03-17,product_ps5_pro,4,9761,4028,0.440,175,59
2026-03-17,product_ps5,4,11490,6872,0.326,127,108
2026-03-17,home,4,10620,12048,0.466,75,49
2026-03-17,game_detail_spiderman2,4,4240,2684,0.384,175,49
2026-03-17,game_detail_astro,4,2074,2413,0.335,111,63
2026-03-17,game_detail_gta6,4,56392,6216,0.348,209,80
2026-03-17,support,4,3030,1629,0.335,156,55
2026-03-17,product_ps5_pro,5,8590,6245,0.522,191,102
2026-03-17,product_ps5,5,9210,6464,0.499,98,109
2026-03-17,psplus,5,4282,3038,0.497,129,613
2026-03-17,home,5,14265,7464,0.466,120,57
2026-03-17,game_detail_spiderman2,5,5518,3729,0.315,218,60
2026-03-17,game_detail_astro,5,3760,2380,0.474,143,66
2026-03-17,game_detail_gta6,5,37905,6813,0.511,96,115
2026-03-17,support,5,3183,1656,0.337,167,62
2026-03-17,product_ps5,6,7630,6120,0.413,69,115
2026-03-17,psplus,6,7315,3617,0.465,177,365
2026-03-17,product_ps5_pro,6,8621,4509,0.385,139,95
2026-03-17,home,6,19290,11220,0.449,164,101
2026-03-17,game_detail_spiderman2,6,4372,3516,0.370,94,82
2026-03-17,game_detail_astro,6,2561,1652,0.355,74,81
2026-03-17,game_detail_gta6,6,55284,7821,0.457,140,72
2026-03-17,support,6,3467,2547,0.282,110,56
2026-03-17,psplus,2,4830,4265,0.449,129,720
2026-03-17,product_ps5_pro,2,9730,5035,0.478,140,98
2026-03-17,product_ps5,2,12050,6496,0.385,101,62
2026-03-17,home,2,10815,12108,0.380,135,57
2026-03-17,game_detail_spiderman2,2,3259,3304,0.354,219,94
2026-03-17,game_detail_gta6,2,44954,9072,0.525,76,53
2026-03-17,game_detail_astro,2,3112,1475,0.404,174,95
2026-03-17,support,2,3453,2544,0.354,99,68
2026-03-17,product_ps5_pro,3,7624,4212,0.290,59,88
2026-03-17,product_ps5,3,10210,6280,0.496,73,101
2026-03-17,home,3,13065,7956,0.317,92,102
2026-03-17,psplus,3,5273,3869,0.275,67,758
2026-03-17,game_detail_spiderman2,3,5431,3890,0.362,105,106
2026-03-17,game_detail_gta6,3,48855,9996,0.286,65,89
2026-03-17,game_detail_astro,3,3054,1699,0.387,138,112
2026-03-17,support,3,2917,2043,0.452,81,116
2026-03-18,product_ps5,1,8710,6376,0.404,127,96
2026-03-18,psplus,1,6020,4275,0.439,55,346
2026-03-18,product_ps5_pro,1,9405,3800,0.479,77,72
2026-03-18,home,1,16785,12360,0.544,137,69
2026-03-18,game_detail_spiderman2,1,5106,2226,0.352,214,66
2026-03-18,game_detail_astro,1,3550,1692,0.543,105,105
2026-03-18,game_detail_gta6,1,56880,6795,0.457,140,87
2026-03-18,support,1,3977,1997,0.431,54,57
2026-03-18,psplus,4,5244,4065,0.271,143,639
2026-03-18,product_ps5_pro,4,6555,6169,0.447,72,51
2026-03-18,product_ps5,4,7650,5376,0.273,83,84
2026-03-18,home,4,16920,11940,0.489,155,80
2026-03-18,game_detail_spiderman2,4,5821,2244,0.316,150,58
2026-03-18,game_detail_astro,4,2447,2063,0.318,132,106
2026-03-18,game_detail_gta6,4,44112,8288,0.450,67,54
2026-03-18,support,4,2763,2416,0.255,210,109
2026-03-18,product_ps5_pro,5,9199,4009,0.505,60,91
2026-03-18,product_ps5,5,11610,8136,0.271,97,52
2026-03-18,psplus,5,4871,2977,0.355,60,484
2026-03-18,home,5,13455,7956,0.428,202,48
2026-03-18,game_detail_spiderman2,5,3515,2955,0.319,75,93
2026-03-18,game_detail_astro,5,3375,1673,0.259,93,107
2026-03-18,game_detail_gta6,5,50185,9053,0.468,176,89
2026-03-18,support,5,3297,2083,0.266,185,75
2026-03-18,product_ps5,6,11460,6064,0.295,111,106
2026-03-18,psplus,6,5577,3257,0.272,164,478
2026-03-18,product_ps5_pro,6,5835,4294,0.446,221,49
2026-03-18,home,6,11985,8124,0.410,95,52
2026-03-18,game_detail_spiderman2,6,3882,3718,0.530,79,113
2026-03-18,game_detail_astro,6,2048,1937,0.493,88,94
2026-03-18,game_detail_gta6,6,34403,7215,0.452,75,92
2026-03-18,support,6,3057,2768,0.468,67,111
2026-03-18,psplus,2,6090,4013,0.387,135,647
2026-03-18,product_ps5_pro,2,6824,5738,0.350,181,48
2026-03-18,product_ps5,2,12080,6760,0.523,168,90
2026-03-18,home,2,16680,8040,0.330,186,77
2026-03-18,game_detail_spiderman2,2,4606,3986,0.362,217,100
2026-03-18,game_detail_gta6,2,34935,6552,0.442,217,102
2026-03-18,game_detail_astro,2,3506,1484,0.403,53,99
2026-03-18,support,2,3023,2384,0.452,135,79
2026-03-18,product_ps5_pro,3,6444,5466,0.440,86,66
2026-03-18,product_ps5,3,12100,5784,0.456,119,118
2026-03-18,home,3,17145,11076,0.462,127,57
2026-03-18,psplus,3,4107,3971,0.429,185,441
2026-03-18,game_detail_spiderman2,3,3717,2673,0.350,196,68
2026-03-18,game_detail_gta6,3,50850,5647,0.384,140,107
2026-03-18,game_detail_astro,3,2555,2235,0.445,140,71
2026-03-18,support,3,3663,2781,0.259,119,116
2026-03-19,product_ps5,1,7690,8472,0.260,77,61
2026-03-19,psplus,1,5810,3999,0.292,141,512
2026-03-19,product_ps5_pro,1,7426,3895,0.322,56,114
2026-03-19,home,1,12645,7980,0.343,105,55
2026-03-19,game_detail_spiderman2,1,4725,3153,0.526,134,88
2026-03-19,game_detail_astro,1,2199,1855,0.324,136,92
2026-03-19,game_detail_gta6,1,51028,10211,0.493,156,99
2026-03-19,support,1,3960,2640,0.342,69,92
2026-03-19,psplus,4,6212,3215,0.315,217,714
2026-03-19,product_ps5_pro,4,6761,6441,0.371,109,99
2026-03-19,product_ps5,4,11880,8576,0.488,135,76
2026-03-19,home,4,14295,9036,0.449,89,119
2026-03-19,game_detail_spiderman2,4,3492,3791,0.473,144,80
2026-03-19,game_detail_astro,4,3051,1846,0.447,64,109
2026-03-19,game_detail_gta6,4,50363,6337,0.542,153,76
2026-03-19,support,4,3160,1707,0.334,104,87
2026-03-19,product_ps5_pro,5,6547,6631,0.515,159,61
2026-03-19,product_ps5,5,9530,8504,0.449,146,85
2026-03-19,psplus,5,6212,4867,0.287,169,693
2026-03-19,home,5,13440,7632,0.473,224,90
2026-03-19,game_detail_spiderman2,5,4524,2570,0.263,122,84
2026-03-19,game_detail_astro,5,3103,2200,0.341,95,118
2026-03-19,game_detail_gta6,5,44732,6907,0.545,223,107
2026-03-19,support,5,3113,2269,0.332,150,109
2026-03-19,product_ps5,6,9840,8264,0.427,78,98
2026-03-19,psplus,6,5781,2856,0.323,109,691
2026-03-19,product_ps5_pro,6,7228,4573,0.451,185,115
2026-03-19,home,6,12570,8172,0.503,116,65
2026-03-19,game_detail_spiderman2,6,5459,3590,0.526,102,115
2026-03-19,game_detail_astro,6,2141,1785,0.331,164,87
2026-03-19,game_detail_gta6,6,47437,7411,0.354,94,93
2026-03-19,support,6,2583,1733,0.270,121,62
2026-03-19,psplus,2,6819,3803,0.507,63,590
2026-03-19,product_ps5_pro,2,8859,5953,0.539,173,84
2026-03-19,product_ps5,2,12220,7184,0.260,186,87
2026-03-19,home,2,18150,10380,0.380,188,57
2026-03-19,game_detail_spiderman2,2,3602,3751,0.257,69,91
2026-03-19,game_detail_gta6,2,32009,9212,0.385,87,117
2026-03-19,game_detail_astro,2,2564,1524,0.301,79,112
2026-03-19,support,2,2970,1792,0.380,120,111
2026-03-19,product_ps5_pro,3,9769,3952,0.396,148,85
2026-03-19,product_ps5,3,10120,5424,0.395,45,88
2026-03-19,home,3,15180,11712,0.285,140,88
2026-03-19,psplus,3,4713,4648,0.540,150,335
2026-03-19,game_detail_spiderman2,3,3364,2699,0.396,160,81
2026-03-19,game_detail_gta6,3,53821,5768,0.492,187,114
2026-03-19,game_detail_astro,3,2395,2112,0.287,55,93
2026-03-19,support,3,2923,2800,0.366,211,114
2026-03-20,product_ps5,1,10440,5064,0.270,182,80
2026-03-20,psplus,1,5384,3785,0.517,193,525
2026-03-20,product_ps5_pro,1,5605,5656,0.423,219,79
2026-03-20,home,1,16425,9948,0.405,80,75
2026-03-20,game_detail_spiderman2,1,4327,2424,0.310,130,114
2026-03-20,game_detail_astro,1,3415,1941,0.253,60,51
2026-03-20,game_detail_gta6,1,54353,9128,0.258,161,60
2026-03-20,support,1,3930,1915,0.281,146,94
2026-03-20,psplus,4,4777,4779,0.291,168,638
2026-03-20,product_ps5_pro,4,8859,6023,0.497,185,118
2026-03-20,product_ps5,4,10400,6368,0.344,193,48
2026-03-20,home,4,16800,7884,0.491,69,83
2026-03-20,game_detail_spiderman2,4,5129,2812,0.544,196,64
2026-03-20,game_detail_astro,4,2934,1946,0.251,102,74
2026-03-20,game_detail_gta6,4,56968,8857,0.466,48,109
2026-03-20,support,4,3843,1675,0.491,97,92
2026-03-20,product_ps5_pro,5,5882,5922,0.469,188,120
2026-03-20,product_ps5,5,12500,7624,0.502,145,85
2026-03-20,psplus,5,6807,4373,0.263,186,463
2026-03-20,home,5,17175,12756,0.277,225,114
2026-03-20,game_detail_spiderman2,5,4359,2442,0.414,77,49
2026-03-20,game_detail_astro,5,3127,1696,0.477,198,74
2026-03-20,game_detail_gta6,5,46018,9128,0.311,190,117
2026-03-20,support,5,2340,2773,0.500,207,92
2026-03-20,product_ps5,6,12010,6768,0.398,93,119
2026-03-20,psplus,6,5682,3183,0.325,49,658
2026-03-20,product_ps5_pro,6,8598,6105,0.410,52,119
2026-03-20,home,6,14805,10080,0.526,100,104
2026-03-20,game_detail_spiderman2,6,5674,2622,0.280,150,93
2026-03-20,game_detail_astro,6,3684,2529,0.356,147,93
2026-03-20,game_detail_gta6,6,51338,8400,0.510,160,87
2026-03-20,support,6,3913,2355,0.545,84,92
2026-03-20,psplus,2,4882,5040,0.523,136,534
2026-03-20,product_ps5_pro,2,8043,4072,0.529,188,90
2026-03-20,product_ps5,2,10740,4840,0.340,181,110
2026-03-20,home,2,13560,10080,0.442,95,52
2026-03-20,game_detail_spiderman2,2,4226,3813,0.440,62,87
2026-03-20,game_detail_gta6,2,40831,6664,0.291,59,106
2026-03-20,game_detail_astro,2,2928,2375,0.270,67,64
2026-03-20,support,2,2993,1736,0.338,63,58
2026-03-20,product_ps5_pro,3,5866,5383,0.340,45,75
2026-03-20,product_ps5,3,9710,8584,0.298,174,116
2026-03-20,home,3,14355,7296,0.505,124,84
2026-03-20,psplus,3,7245,4088,0.294,117,526
2026-03-20,game_detail_spiderman2,3,4822,3439,0.332,217,98
2026-03-20,game_detail_gta6,3,41629,6487,0.545,200,116
2026-03-20,game_detail_astro,3,2823,2389,0.452,157,81
2026-03-20,support,3,3547,2269,0.549,207,98
2026-03-21,product_ps5,1,9963,6368,0.278,49,52
2026-03-21,psplus,1,5389,2884,0.441,153,588
2026-03-21,product_ps5_pro,1,11331,6745,0.343,159,65
2026-03-21,home,1,16200,9336,0.329,52,51
2026-03-21,game_detail_spiderman2,1,6113,2387,0.458,70,78
2026-03-21,game_detail_astro,1,3358,1895,0.318,169,81
2026-03-21,game_detail_gta6,1,44500,9875,0.287,169,112
2026-03-21,support,1,3058,1704,0.503,183,87
2026-03-21,psplus,4,5564,3117,0.393,145,374
2026-03-21,product_ps5_pro,4,8045,6492,0.330,77,69
2026-03-21,product_ps5,4,13213,8552,0.327,84,82
2026-03-21,home,4,15375,9672,0.342,162,100
2026-03-21,game_detail_spiderman2,4,5105,2273,0.504,85,109
2026-03-21,game_detail_astro,4,2636,2007,0.433,225,86
2026-03-21,game_detail_gta6,4,57910,7121,0.264,83,79
2026-03-21,support,4,3908,2856,0.451,220,70
2026-03-21,product_ps5_pro,5,9619,6650,0.503,212,95
2026-03-21,product_ps5,5,11125,6536,0.534,225,62
2026-03-21,psplus,5,5746,3701,0.360,90,406
2026-03-21,home,5,20925,11988,0.285,58,88
2026-03-21,game_detail_spiderman2,5,4772,3465,0.322,112,96
2026-03-21,game_detail_astro,5,3281,2361,0.424,69,88
2026-03-21,game_detail_gta6,5,71155,8111,0.492,200,58
2026-03-21,support,5,4642,2032,0.276,72,99
2026-03-21,product_ps5,6,10650,6624,0.387,218,119
2026-03-21,psplus,6,5585,3785,0.487,103,764
2026-03-21,product_ps5_pro,6,9807,4820,0.382,197,74
2026-03-21,home,6,22219,8580,0.299,76,79
2026-03-21,game_detail_spiderman2,6,5620,2853,0.531,136,120
2026-03-21,game_detail_astro,6,3369,2312,0.520,89,69
2026-03-21,game_detail_gta6,6,58188,8885,0.441,91,98
2026-03-21,support,6,3783,1725,0.329,47,49
2026-03-21,psplus,2,5381,3533,0.263,70,781
2026-03-21,product_ps5_pro,2,11321,4744,0.462,145,68
2026-03-21,product_ps5,2,12788,7416,0.382,120,91
2026-03-21,home,2,14194,10908,0.282,64,84
2026-03-21,game_detail_spiderman2,2,5036,2900,0.394,113,80
2026-03-21,game_detail_gta6,2,49432,8661,0.279,103,70
2026-03-21,game_detail_astro,2,3004,2105,0.335,196,50
2026-03-21,support,2,3808,2533,0.332,51,119
2026-03-21,product_ps5_pro,3,7234,4307,0.453,138,102
2026-03-21,product_ps5,3,11263,5496,0.429,72,56
2026-03-21,home,3,18844,9216,0.493,201,63
2026-03-21,psplus,3,5403,4480,0.337,107,353
2026-03-21,game_detail_spiderman2,3,4291,2570,0.402,85,99
2026-03-21,game_detail_gta6,3,70047,9240,0.523,206,112
2026-03-21,game_detail_astro,3,2742,2417,0.494,45,79
2026-03-21,support,3,4013,2813,0.302,186,115
2026-03-22,product_ps5,1,15150,7648,0.295,207,82
2026-03-22,psplus,1,5272,3677,0.402,98,714
2026-03-22,product_ps5_pro,1,11133,4516,0.288,205,54
2026-03-22,home,1,21469,11508,0.319,68,105
2026-03-22,game_detail_spiderman2,1,5506,2820,0.341,132,58
2026-03-22,game_detail_astro,1,3278,1937,0.347,154,69
2026-03-22,game_detail_gta6,1,60570,9613,0.339,197,85
2026-03-22,support,1,4242,1872,0.435,181,110
2026-03-22,psplus,4,5148,2893,0.340,196,338
2026-03-22,product_ps5_pro,4,8283,4440,0.533,66,76
2026-03-22,product_ps5,4,14588,8264,0.350,199,64
2026-03-22,home,4,13800,11364,0.273,52,77
2026-03-22,game_detail_spiderman2,4,7328,3054,0.498,89,106
2026-03-22,game_detail_astro,4,3267,1612,0.280,79,116
2026-03-22,game_detail_gta6,4,39512,8148,0.500,62,49
2026-03-22,support,4,4588,2189,0.396,126,84
2026-03-22,product_ps5_pro,5,8312,6226,0.306,181,107
2026-03-22,product_ps5,5,12488,8672,0.278,97,59
2026-03-22,psplus,5,5301,4662,0.337,150,420
2026-03-22,home,5,20550,8508,0.340,175,60
2026-03-22,game_detail_spiderman2,5,7219,3491,0.429,217,101
2026-03-22,game_detail_astro,5,3296,1906,0.294,72,50
2026-03-22,game_detail_gta6,5,63951,7159,0.435,136,48
2026-03-22,support,5,3179,2027,0.347,146,88
2026-03-22,product_ps5,6,12150,5480,0.441,147,58
2026-03-22,psplus,6,8116,4270,0.504,156,748
2026-03-22,product_ps5_pro,6,11400,6625,0.396,117,72
2026-03-22,home,6,21394,9468,0.346,190,62
2026-03-22,game_detail_spiderman2,6,5196,2251,0.539,195,65
2026-03-22,game_detail_astro,6,3773,2128,0.420,132,117
2026-03-22,game_detail_gta6,6,70490,9651,0.270,84,103
2026-03-22,support,6,4100,2496,0.349,117,48
2026-03-22,psplus,2,8065,3309,0.495,123,684
2026-03-22,product_ps5_pro,2,11281,5561,0.282,82,69
2026-03-22,product_ps5,2,14313,5360,0.516,193,53
2026-03-22,home,2,15956,11172,0.380,176,93
2026-03-22,game_detail_spiderman2,2,4686,3685,0.284,188,73
2026-03-22,game_detail_gta6,2,55195,8717,0.522,94,84
2026-03-22,game_detail_astro,2,3011,2424,0.337,131,80
2026-03-22,support,2,3171,2203,0.447,153,79
2026-03-22,product_ps5_pro,3,8995,3984,0.480,99,88
2026-03-22,product_ps5,3,11163,6072,0.435,213,115
2026-03-22,home,3,13594,11088,0.510,49,52
2026-03-22,psplus,3,5148,3780,0.449,145,538
2026-03-22,game_detail_spiderman2,3,6789,3934,0.366,195,100
2026-03-22,game_detail_gta6,3,57910,6160,0.506,98,52
2026-03-22,game_detail_astro,3,3423,2168,0.416,205,84
2026-03-22,support,3,5021,2269,0.299,77,118
2026-03-23,product_ps5,1,7700,7928,0.384,49,53
2026-03-23,psplus,1,7531,4573,0.510,225,456
2026-03-23,product_ps5_pro,1,5985,6625,0.341,79,51
2026-03-23,home,1,17430,13008,0.391,199,68
2026-03-23,game_detail_spiderman2,1,4469,2200,0.260,118,53
2026-03-23,game_detail_astro,1,3462,1813,0.482,76,76
2026-03-23,game_detail_gta6,1,53510,7485,0.390,81,82
2026-03-23,support,1,3823,1955,0.373,182,112
2026-03-23,psplus,4,5157,3061,0.349,166,404
2026-03-23,product_ps5_pro,4,5850,6150,0.386,108,74
2026-03-23,product_ps5,4,7490,7536,0.321,45,106
2026-03-23,home,4,17610,10080,0.328,63,113
2026-03-23,game_detail_spiderman2,4,4120,3395,0.402,72,57
2026-03-23,game_detail_astro,4,3302,2156,0.259,159,51
2026-03-23,game_detail_gta6,4,36486,10024,0.386,219,75
2026-03-23,support,4,2853,2112,0.437,71,86
2026-03-23,product_ps5_pro,5,6310,4579,0.513,155,55
2026-03-23,product_ps5,5,7250,7128,0.260,46,77
2026-03-23,psplus,5,4952,4779,0.515,142,503
2026-03-23,home,5,11400,10968,0.276,204,105
2026-03-23,game_detail_spiderman2,5,5385,2306,0.492,143,97
2026-03-23,game_detail_astro,5,2625,1811,0.462,166,54
2026-03-23,game_detail_gta6,5,54397,8633,0.347,104,87
2026-03-23,support,5,3657,2691,0.322,139,81
2026-03-23,product_ps5,6,12580,5432,0.354,223,114
2026-03-23,psplus,6,6504,2921,0.541,58,645
2026-03-23,product_ps5_pro,6,6777,5763,0.464,161,60
2026-03-23,home,6,14295,12996,0.288,169,56
2026-03-23,game_detail_spiderman2,6,4638,3931,0.531,159,104
2026-03-23,game_detail_astro,6,3672,2163,0.342,220,63
2026-03-23,game_detail_gta6,6,33161,8447,0.462,155,97
2026-03-23,support,6,3600,2272,0.451,75,100
2026-03-23,psplus,2,4089,4083,0.344,132,678
2026-03-23,product_ps5_pro,2,8637,4769,0.279,149,115
2026-03-23,product_ps5,2,9730,8336,0.531,171,79
2026-03-23,home,2,17340,12816,0.502,160,62
2026-03-23,game_detail_spiderman2,2,5564,2691,0.471,73,66
2026-03-23,game_detail_gta6,2,45176,9921,0.304,132,70
2026-03-23,game_detail_astro,2,2333,2219,0.301,162,54
2026-03-23,support,2,4203,2477,0.516,167,113
2026-03-23,product_ps5_pro,3,5724,5554,0.514,156,110
2026-03-23,product_ps5,3,7840,7432,0.415,85,68
2026-03-23,home,3,15330,7536,0.264,168,92
2026-03-23,psplus,3,7467,3929,0.447,144,458
2026-03-23,game_detail_spiderman2,3,5285,2552,0.303,71,74
2026-03-23,game_detail_gta6,3,42649,6347,0.475,83,78
2026-03-23,game_detail_astro,3,3068,1610,0.429,99,112
2026-03-23,support,3,4043,1688,0.346,158,85
2026-03-24,product_ps5,1,11260,5256,0.502,82,92
2026-03-24,psplus,1,6504,2870,0.372,157,692
2026-03-24,product_ps5_pro,1,8083,5801,0.435,148,84
2026-03-24,home,1,17730,10212,0.452,92,107
2026-03-24,game_detail_spiderman2,1,4771,3674,0.407,105,70
2026-03-24,game_detail_astro,1,2628,2310,0.305,55,76
2026-03-24,game_detail_gta6,1,46727,8577,0.427,90,120
2026-03-24,support,1,2830,1779,0.344,152,87
2026-03-24,psplus,4,5087,3206,0.352,91,473
2026-03-24,product_ps5_pro,4,5684,5909,0.286,97,116
2026-03-24,product_ps5,4,11530,8584,0.365,184,101
2026-03-24,home,4,16305,12996,0.354,78,79
2026-03-24,game_detail_spiderman2,4,4991,2262,0.299,72,96
2026-03-24,game_detail_astro,4,2418,1489,0.358,57,92
2026-03-24,game_detail_gta6,4,51427,8764,0.253,181,54
2026-03-24,support,4,4123,1616,0.389,215,55
2026-03-24,product_ps5_pro,5,7370,3800,0.302,142,96
2026-03-24,product_ps5,5,11470,5200,0.382,178,107
2026-03-24,psplus,5,7070,4933,0.332,64,783
2026-03-24,home,5,10740,11280,0.443,60,99
2026-03-24,game_detail_spiderman2,5,4432,2405,0.319,190,96
2026-03-24,game_detail_astro,5,2736,1986,0.490,45,69
2026-03-24,game_detail_gta6,5,41053,10061,0.504,137,76
2026-03-24,support,5,2653,2595,0.380,117,55
2026-03-24,product_ps5,6,7760,5760,0.468,116,114
2026-03-24,psplus,6,6113,4116,0.491,85,338
2026-03-24,product_ps5_pro,6,9484,5212,0.496,194,68
2026-03-24,home,6,15765,10152,0.307,170,50
2026-03-24,game_detail_spiderman2,6,3580,2526,0.464,59,117
2026-03-24,game_detail_astro,6,3719,1547,0.278,57,57
2026-03-24,game_detail_gta6,6,35688,9212,0.306,136,63
2026-03-24,support,6,3727,2269,0.351,96,111
2026-03-24,psplus,2,7122,2963,0.530,213,389
2026-03-24,product_ps5_pro,2,7212,4326,0.306,81,49
2026-03-24,product_ps5,2,10480,6592,0.296,166,54
2026-03-24,home,2,13485,8892,0.301,133,81
2026-03-24,game_detail_spiderman2,2,5477,2563,0.379,191,78
2026-03-24,game_detail_gta6,2,40033,6328,0.356,80,117
2026-03-24,game_detail_astro,2,2937,2189,0.276,198,69
2026-03-24,support,2,4077,1992,0.335,128,63
2026-03-24,product_ps5_pro,3,8320,3996,0.352,213,59
2026-03-24,product_ps5,3,12170,5440,0.472,153,88
2026-03-24,home,3,19035,7212,0.529,107,86
2026-03-24,psplus,3,5845,3374,0.324,86,722
2026-03-24,game_detail_spiderman2,3,3864,3905,0.355,125,82
2026-03-24,game_detail_gta6,3,50983,9473,0.281,158,82
2026-03-24,game_detail_astro,3,3547,2051,0.466,69,100
2026-03-24,support,3,4173,2029,0.308,153,84
2026-03-25,product_ps5,1,10760,7136,0.549,78,109
2026-03-25,psplus,1,4159,4354,0.325,139,433
2026-03-25,product_ps5_pro,1,9682,4338,0.484,84,108
2026-03-25,home,1,12510,13116,0.397,224,97
2026-03-25,game_detail_spiderman2,1,5106,3733,0.306,187,101
2026-03-25,game_detail_astro,1,3281,2072,0.377,114,60
2026-03-25,game_detail_gta6,1,40742,7028,0.309,137,59
2026-03-25,support,1,2617,1933,0.462,83,66
2026-03-25,psplus,4,6562,3878,0.421,219,431
2026-03-25,product_ps5_pro,4,7869,6403,0.288,130,59
2026-03-25,product_ps5,4,11830,7240,0.378,118,59
2026-03-25,home,4,11955,7296,0.359,90,63
2026-03-25,game_detail_spiderman2,4,3277,3909,0.363,100,117
2026-03-25,game_detail_astro,4,2091,1743,0.475,176,117
2026-03-25,game_detail_gta6,4,48013,9753,0.495,118,113
2026-03-25,support,4,3770,1837,0.384,120,108
2026-03-25,product_ps5_pro,5,6571,6074,0.253,148,105
2026-03-25,product_ps5,5,7900,6552,0.481,88,71
2026-03-25,psplus,5,7513,4289,0.500,75,505
2026-03-25,home,5,16485,9252,0.466,87,100
2026-03-25,game_detail_spiderman2,5,4799,3472,0.389,139,117
2026-03-25,game_detail_astro,5,3051,1799,0.461,204,108
2026-03-25,game_detail_gta6,5,50451,8951,0.476,67,118
2026-03-25,support,5,3680,2557,0.443,177,97
2026-03-25,product_ps5,6,12930,8560,0.344,161,56
2026-03-25,psplus,6,6055,4158,0.532,63,488
2026-03-25,product_ps5_pro,6,7861,5706,0.476,133,114
2026-03-25,home,6,19425,9516,0.530,100,108
2026-03-25,game_detail_spiderman2,6,3323,3656,0.272,112,117
2026-03-25,game_detail_astro,6,3343,1570,0.323,150,120
2026-03-25,game_detail_gta6,6,36132,7084,0.459,109,78
2026-03-25,support,6,2727,2261,0.344,89,88
2026-03-25,psplus,2,6393,4639,0.395,49,723
2026-03-25,product_ps5_pro,2,9191,6175,0.450,185,62
2026-03-25,product_ps5,2,12980,8576,0.324,69,75
2026-03-25,home,2,17610,10536,0.287,85,85
2026-03-25,game_detail_spiderman2,2,4858,3293,0.487,161,56
2026-03-25,game_detail_gta6,2,37772,8895,0.251,87,88
2026-03-25,game_detail_astro,2,3366,1615,0.380,67,102
2026-03-25,support,2,4227,2331,0.465,170,82
2026-03-25,product_ps5_pro,3,5969,6948,0.279,77,54
2026-03-25,product_ps5,3,9330,6896,0.357,187,52
2026-03-25,home,3,18000,8544,0.299,132,106
2026-03-25,psplus,3,4223,3411,0.523,199,689
2026-03-25,game_detail_spiderman2,3,5729,2794,0.392,157,118
2026-03-25,game_detail_gta6,3,38969,7345,0.475,180,89
2026-03-25,game_detail_astro,3,2683,1533,0.520,76,101
2026-03-25,support,3,2907,2104,0.310,168,112
2026-03-26,product_ps5,1,9620,6208,0.463,150,80
2026-03-26,psplus,1,5518,4886,0.390,122,471
2026-03-26,product_ps5_pro,1,7014,6872,0.388,52,91
2026-03-26,home,1,10530,11004,0.346,66,109
2026-03-26,game_detail_spiderman2,1,3937,2497,0.261,126,116
2026-03-26,game_detail_astro,1,3687,1465,0.321,107,120
2026-03-26,game_detail_gta6,1,38481,9371,0.539,166,60
2026-03-26,support,1,3740,2835,0.497,135,115
2026-03-26,psplus,4,6621,3365,0.441,56,658
2026-03-26,product_ps5_pro,4,9769,3927,0.535,185,58
2026-03-26,product_ps5,4,9940,5656,0.465,193,52
2026-03-26,home,4,17670,9696,0.542,82,88
2026-03-26,game_detail_spiderman2,4,4803,3076,0.382,97,90
2026-03-26,game_detail_astro,4,2313,2518,0.441,132,109
2026-03-26,game_detail_gta6,4,37373,8344,0.548,162,49
2026-03-26,support,4,3363,1893,0.266,81,100
2026-03-26,product_ps5_pro,5,10213,5010,0.448,95,51
2026-03-26,product_ps5,5,9430,4984,0.386,87,113
2026-03-26,psplus,5,6002,3019,0.294,137,394
2026-03-26,home,5,14085,8556,0.349,122,70
2026-03-26,game_detail_spiderman2,5,5725,2625,0.361,145,85
2026-03-26,game_detail_astro,5,3631,1699,0.454,151,97
2026-03-26,game_detail_gta6,5,48988,7924,0.377,221,88
2026-03-26,support,5,2823,2893,0.430,107,101
2026-03-26,product_ps5,6,9600,8800,0.258,47,72
2026-03-26,psplus,6,6452,4671,0.411,83,412
2026-03-26,product_ps5_pro,6,9025,5605,0.436,54,63
2026-03-26,home,6,18240,11388,0.443,58,62
2026-03-26,game_detail_spiderman2,6,5170,3674,0.506,102,100
2026-03-26,game_detail_astro,6,2345,1743,0.346,185,119
2026-03-26,game_detail_gta6,6,43668,9417,0.270,170,72
2026-03-26,support,6,2780,2757,0.371,189,96
2026-03-26,psplus,2,5407,3379,0.447,70,552
2026-03-26,product_ps5_pro,2,9777,4072,0.258,51,70
2026-03-26,product_ps5,2,12100,7248,0.375,168,79
2026-03-26,home,2,12900,12372,0.366,186,61
2026-03-26,game_detail_spiderman2,2,5362,3685,0.496,111,104
2026-03-26,game_detail_gta6,2,54087,10248,0.433,148,54
2026-03-26,game_detail_astro,2,3658,2247,0.501,75,64
2026-03-26,support,2,4057,1803,0.454,93,105
2026-03-26,product_ps5_pro,3,5819,6479,0.313,130,120
2026-03-26,product_ps5,3,9420,6352,0.352,143,93
2026-03-26,home,3,10515,10992,0.434,103,56
2026-03-26,psplus,3,7087,3617,0.522,151,749
2026-03-26,game_detail_spiderman2,3,5440,3898,0.535,207,72
2026-03-26,game_detail_gta6,3,47082,10127,0.263,142,101
2026-03-26,game_detail_astro,3,3130,1773,0.267,136,103
2026-03-26,support,3,3950,1813,0.506,185,95
2026-03-27,product_ps5,1,10010,6256,0.284,140,71
2026-03-27,psplus,1,6872,5133,0.316,134,323
2026-03-27,product_ps5_pro,1,9548,5390,0.477,192,49
2026-03-27,home,1,12045,11808,0.513,166,120
2026-03-27,game_detail_spiderman2,1,5514,3340,0.517,85,60
2026-03-27,game_detail_astro,1,3267,2354,0.373,115,58
2026-03-27,game_detail_gta6,1,49033,6188,0.301,134,95
2026-03-27,support,1,3307,1947,0.457,160,78
2026-03-27,psplus,4,4608,4237,0.465,196,351
2026-03-27,product_ps5_pro,4,7220,5580,0.528,224,72
2026-03-27,product_ps5,4,12630,5688,0.450,153,55
2026-03-27,home,4,16665,9468,0.441,169,112
2026-03-27,game_detail_spiderman2,4,3437,3927,0.399,71,99
2026-03-27,game_detail_astro,4,3194,2266,0.493,96,96
2026-03-27,game_detail_gta6,4,45087,10155,0.340,79,57
2026-03-27,support,4,4293,2341,0.406,186,102
2026-03-27,product_ps5_pro,5,6650,6669,0.516,56,80
2026-03-27,product_ps5,5,12220,7080,0.418,214,116
2026-03-27,psplus,5,5962,4088,0.251,177,738
2026-03-27,home,5,10605,8952,0.536,122,52
2026-03-27,game_detail_spiderman2,5,4657,3593,0.544,73,91
2026-03-27,game_detail_astro,5,2150,1528,0.319,101,101
2026-03-27,game_detail_gta6,5,35866,9044,0.411,78,105
2026-03-27,support,5,2710,2381,0.303,178,107
2026-03-27,product_ps5,6,10990,6056,0.330,102,100
2026-03-27,psplus,6,6137,4583,0.479,82,767
2026-03-27,product_ps5_pro,6,6302,6846,0.255,116,72
2026-03-27,home,6,16455,10332,0.445,199,62
2026-03-27,game_detail_spiderman2,6,3928,2669,0.460,152,87
2026-03-27,game_detail_astro,6,3194,2014,0.364,160,72
2026-03-27,game_detail_gta6,6,33383,8372,0.275,85,118
2026-03-27,support,6,3207,2867,0.475,220,50
2026-03-27,psplus,2,4585,3542,0.325,186,730
2026-03-27,product_ps5_pro,2,6626,6194,0.544,55,101
2026-03-27,product_ps5,2,8660,7736,0.328,208,52
2026-03-27,home,2,11235,11172,0.351,100,84
2026-03-27,game_detail_spiderman2,2,4670,3923,0.482,63,111
2026-03-27,game_detail_gta6,2,47215,6711,0.351,56,111
2026-03-27,game_detail_astro,2,3442,1524,0.507,83,97
2026-03-27,support,2,3167,1651,0.454,208,64
2026-03-27,product_ps5_pro,3,7228,3952,0.491,205,52
2026-03-27,product_ps5,3,10080,6272,0.352,143,102
2026-03-27,home,3,18825,11340,0.368,145,51
2026-03-27,psplus,3,6107,3449,0.533,108,547
2026-03-27,game_detail_spiderman2,3,5775,3216,0.372,48,78
2026-03-27,game_detail_gta6,3,42338,5992,0.386,97,79
2026-03-27,game_detail_astro,3,3156,2291,0.468,132,65
2026-03-27,support,3,2900,1787,0.523,213,74
2026-03-28,product_ps5,1,9350,5912,0.373,217,109
2026-03-28,psplus,1,8976,4261,0.364,211,410
2026-03-28,product_ps5_pro,1,11291,4642,0.314,88,75
2026-03-28,home,1,18375,10644,0.420,105,78
2026-03-28,game_detail_spiderman2,1,5030,3601,0.251,210,72
2026-03-28,game_detail_astro,1,3259,2336,0.511,123,80
2026-03-28,game_detail_gta6,1,70158,10127,0.326,144,50
2026-03-28,support,1,3596,1645,0.358,49,57
2026-03-28,psplus,4,9209,3491,0.540,208,354
2026-03-28,product_ps5_pro,4,9035,4459,0.528,129,58
2026-03-28,product_ps5,4,8875,5160,0.475,154,59
2026-03-28,home,4,14438,8232,0.435,79,119
2026-03-28,game_detail_spiderman2,4,4377,2427,0.486,155,49
2026-03-28,game_detail_astro,4,4689,1799,0.353,50,85
2026-03-28,game_detail_gta6,4,71100,7999,0.521,117,57
2026-03-28,support,4,5238,2595,0.369,115,99
2026-03-28,product_ps5_pro,5,9906,5333,0.412,110,93
2026-03-28,product_ps5,5,11538,8160,0.327,75,105
2026-03-28,psplus,5,5119,4527,0.545,77,495
2026-03-28,home,5,18638,11424,0.545,54,92
2026-03-28,game_detail_spiderman2,5,7116,2442,0.511,195,99
2026-03-28,game_detail_astro,5,4233,2051,0.299,225,64
2026-03-28,game_detail_gta6,5,62344,9679,0.392,149,108
2026-03-28,support,5,3517,2629,0.387,96,67
2026-03-28,product_ps5,6,14075,5120,0.544,113,119
2026-03-28,psplus,6,9290,4779,0.452,196,406
2026-03-28,product_ps5_pro,6,12152,5573,0.501,188,67
2026-03-28,home,6,20925,10092,0.459,117,74
2026-03-28,game_detail_spiderman2,6,6308,3179,0.517,78,75
2026-03-28,game_detail_astro,6,2760,2112,0.529,201,75
2026-03-28,game_detail_gta6,6,39346,6123,0.476,153,93
2026-03-28,support,6,5088,1651,0.364,185,107
2026-03-28,psplus,2,8167,4639,0.391,89,510
2026-03-28,product_ps5_pro,2,7956,4129,0.295,80,52
2026-03-28,product_ps5,2,8775,5552,0.471,212,95
2026-03-28,home,2,23738,7260,0.543,78,66
2026-03-28,game_detail_spiderman2,2,7121,3909,0.381,98,66
2026-03-28,game_detail_gta6,2,54364,9053,0.498,67,63
2026-03-28,game_detail_astro,2,2902,1729,0.255,205,95
2026-03-28,support,2,3850,1952,0.474,79,72
2026-03-28,product_ps5_pro,3,10668,6916,0.402,64,66
2026-03-28,product_ps5,3,16050,7040,0.477,110,78
2026-03-28,home,3,16838,7560,0.258,49,120
2026-03-28,psplus,3,9049,3780,0.377,156,499
2026-03-28,game_detail_spiderman2,3,7070,3003,0.272,219,115
2026-03-28,game_detail_gta6,3,44998,6095,0.341,209,111
2026-03-28,game_detail_astro,3,4557,1638,0.461,97,120
2026-03-28,support,3,3896,1888,0.308,179,62
2026-03-29,product_ps5,1,16225,5096,0.415,173,50
2026-03-29,psplus,1,6942,3789,0.472,68,767
2026-03-29,product_ps5_pro,1,8669,6574,0.286,92,92
2026-03-29,home,1,15338,7848,0.271,147,50
2026-03-29,game_detail_spiderman2,1,6503,2937,0.414,48,85
2026-03-29,game_detail_astro,1,3329,1610,0.319,68,68
2026-03-29,game_detail_gta6,1,57800,8708,0.404,223,92
2026-03-29,support,1,5188,2928,0.493,103,52
2026-03-29,psplus,4,8108,4975,0.255,193,434
2026-03-29,product_ps5_pro,4,10974,5390,0.500,89,81
2026-03-29,product_ps5,4,14025,7776,0.442,80,78
2026-03-29,home,4,22763,12168,0.367,123,89
2026-03-29,game_detail_spiderman2,4,4062,2930,0.391,62,65
2026-03-29,game_detail_astro,4,2771,2151,0.395,56,80
2026-03-29,game_detail_gta6,4,49044,7644,0.521,166,93
2026-03-29,support,4,4438,2917,0.465,51,103
2026-03-29,product_ps5_pro,5,6957,4617,0.417,47,117
2026-03-29,product_ps5,5,10638,8120,0.289,136,76
2026-03-29,psplus,5,7102,3850,0.423,112,598
2026-03-29,home,5,22706,8472,0.365,152,61
2026-03-29,game_detail_spiderman2,5,5374,3898,0.522,49,98
2026-03-29,game_detail_astro,5,3642,1547,0.528,106,50
2026-03-29,game_detail_gta6,5,59961,7719,0.368,160,81
2026-03-29,support,5,4763,2245,0.541,191,96
2026-03-29,product_ps5,6,11675,7848,0.320,131,105
2026-03-29,psplus,6,6869,3486,0.496,136,475
2026-03-29,product_ps5_pro,6,11222,3863,0.453,50,50
2026-03-29,home,6,17944,11400,0.330,75,74
2026-03-29,game_detail_spiderman2,6,4108,2816,0.295,136,107
2026-03-29,game_detail_astro,6,4116,1806,0.393,114,108
2026-03-29,game_detail_gta6,6,71321,6888,0.329,111,75
2026-03-29,support,6,5163,2611,0.478,68,52
2026-03-29,psplus,2,6898,3425,0.430,81,334
2026-03-29,product_ps5_pro,2,8411,5364,0.515,75,55
2026-03-29,product_ps5,2,9563,6368,0.514,174,102
2026-03-29,home,2,19800,12216,0.357,225,54
2026-03-29,game_detail_spiderman2,2,6119,3813,0.269,108,120
2026-03-29,game_detail_gta6,2,45830,7924,0.499,177,73
2026-03-29,game_detail_astro,2,3453,1612,0.442,125,84
2026-03-29,support,2,4583,2491,0.293,151,63
2026-03-29,product_ps5_pro,3,9688,4383,0.406,183,70
2026-03-29,product_ps5,3,12863,5608,0.430,126,79
2026-03-29,home,3,24075,7932,0.462,147,100
2026-03-29,psplus,3,6519,3873,0.541,172,410
2026-03-29,game_detail_spiderman2,3,7116,3117,0.396,220,106
2026-03-29,game_detail_gta6,3,51925,9259,0.433,81,70
2026-03-29,game_detail_astro,3,3908,2478,0.266,117,94
2026-03-29,support,3,3313,1621,0.343,163,79
2026-03-30,product_ps5,1,10200,5640,0.477,82,82
2026-03-30,psplus,1,5326,3640,0.353,185,470
2026-03-30,product_ps5_pro,1,10189,5592,0.505,224,97
2026-03-30,home,1,13485,10644,0.461,202,95
2026-03-30,game_detail_spiderman2,1,5844,3175,0.496,109,109
2026-03-30,game_detail_astro,1,2400,2483,0.429,197,108
2026-03-30,game_detail_gta6,1,50008,6636,0.356,123,118
2026-03-30,support,1,3770,1837,0.423,120,63
2026-03-30,psplus,4,6708,3514,0.374,128,798
2026-03-30,product_ps5_pro,4,6888,5497,0.544,122,76
2026-03-30,product_ps5,4,9930,8736,0.466,180,80
2026-03-30,home,4,16755,12732,0.277,195,119
2026-03-30,game_detail_spiderman2,4,3726,2204,0.485,87,105
2026-03-30,game_detail_astro,4,2488,2310,0.352,45,74
2026-03-30,game_detail_gta6,4,47348,9315,0.373,132,120
2026-03-30,support,4,3097,1736,0.399,92,102
2026-03-30,product_ps5_pro,5,6943,4579,0.440,118,92
2026-03-30,product_ps5,5,10260,5232,0.336,204,108
2026-03-30,psplus,5,7332,4317,0.493,220,554
2026-03-30,home,5,14235,9396,0.368,170,52
2026-03-30,game_detail_spiderman2,5,5202,3362,0.452,120,115
2026-03-30,game_detail_astro,5,3634,2410,0.302,158,120
2026-03-30,game_detail_gta6,5,39279,8232,0.397,53,67
2026-03-30,support,5,4223,2112,0.325,73,92
2026-03-30,product_ps5,6,12450,8064,0.531,132,72
2026-03-30,psplus,6,7391,4083,0.450,219,389
2026-03-30,product_ps5_pro,6,9445,3901,0.366,104,75
2026-03-30,home,6,12225,10308,0.277,175,50
2026-03-30,game_detail_spiderman2,6,4579,2677,0.410,105,84
2026-03-30,game_detail_astro,6,3713,1722,0.433,172,98
2026-03-30,game_detail_gta6,6,42915,8409,0.452,194,91
2026-03-30,support,6,3607,2000,0.476,131,63
2026-03-30,psplus,2,5641,3995,0.343,122,789
2026-03-30,product_ps5_pro,2,9682,6327,0.327,200,110
2026-03-30,product_ps5,2,8070,6040,0.515,93,82
2026-03-30,home,2,18945,12708,0.420,213,57
2026-03-30,game_detail_spiderman2,2,3474,3634,0.401,66,85
2026-03-30,game_detail_gta6,2,52535,7821,0.338,79,62
2026-03-30,game_detail_astro,2,2167,1433,0.313,54,113
2026-03-30,support,2,3477,2496,0.342,58,97
2026-03-30,product_ps5_pro,3,7331,4313,0.298,124,76
2026-03-30,product_ps5,3,7610,5000,0.284,128,57
2026-03-30,home,3,17040,7428,0.271,179,117
2026-03-30,psplus,3,6714,3509,0.454,96,374
2026-03-30,game_detail_spiderman2,3,4047,3454,0.401,221,100
2026-03-30,game_detail_gta6,3,39146,7028,0.481,202,105
2026-03-30,game_detail_astro,3,2643,1580,0.500,115,57
2026-03-30,support,3,3160,2427,0.361,204,71
2026-03-31,product_ps5,1,10130,7600,0.492,87,53
2026-03-31,psplus,1,4888,5073,0.386,86,498
2026-03-31,product_ps5_pro,1,8740,4699,0.520,146,70
2026-03-31,home,1,10740,8844,0.260,63,111
2026-03-31,game_detail_spiderman2,1,5954,3568,0.494,197,80
2026-03-31,game_detail_astro,1,2829,2039,0.538,125,119
2026-03-31,game_detail_gta6,1,39501,8811,0.450,219,103
2026-03-31,support,1,2857,1811,0.445,205,108
2026-03-31,psplus,4,5250,4835,0.423,139,566
2026-03-31,product_ps5_pro,4,8906,5491,0.357,109,52
2026-03-31,product_ps5,4,10990,7248,0.514,202,84
2026-03-31,home,4,12090,12168,0.432,225,98
2026-03-31,game_detail_spiderman2,4,5005,3762,0.345,179,81
2026-03-31,game_detail_astro,4,2482,2135,0.426,149,50
2026-03-31,game_detail_gta6,4,47171,9137,0.330,108,119
2026-03-31,support,4,3593,1877,0.299,164,109
2026-03-31,product_ps5_pro,5,8978,4205,0.380,208,102
2026-03-31,product_ps5,5,7250,5200,0.522,161,49
2026-03-31,psplus,5,4702,3645,0.368,58,794
2026-03-31,home,5,10755,7536,0.402,206,93
2026-03-31,game_detail_spiderman2,5,3593,3322,0.476,115,67
2026-03-31,game_detail_astro,5,2724,1538,0.324,140,75
2026-03-31,game_detail_gta6,5,35334,6421,0.300,132,71
2026-03-31,support,5,2977,2013,0.258,115,111
2026-03-31,product_ps5,6,11720,5496,0.311,80,80
2026-03-31,psplus,6,4352,3397,0.345,222,657
2026-03-31,product_ps5_pro,6,8605,5333,0.443,45,117
2026-03-31,home,6,14940,11052,0.277,74,115
2026-03-31,game_detail_spiderman2,6,5835,2812,0.329,204,57
2026-03-31,game_detail_astro,6,3725,2450,0.365,161,87
2026-03-31,game_detail_gta6,6,39856,10061,0.389,45,65
2026-03-31,support,6,2880,2171,0.487,115,104
2026-03-31,psplus,2,7181,3141,0.411,136,796
2026-03-31,product_ps5_pro,2,9168,5111,0.405,56,59
2026-03-31,product_ps5,2,11380,5064,0.464,203,51
2026-03-31,home,2,17865,12564,0.351,223,83
2026-03-31,game_detail_spiderman2,2,4987,3076,0.443,71,92
2026-03-31,game_detail_gta6,2,52092,6739,0.309,222,87
2026-03-31,game_detail_astro,2,2091,2037,0.433,93,72
2026-03-31,support,2,2550,2251,0.526,80,90
2026-03-31,product_ps5_pro,3,7046,5928,0.342,113,64
2026-03-31,product_ps5,3,12480,6720,0.389,75,114
2026-03-31,home,3,15735,9048,0.501,116,80
2026-03-31,psplus,3,7391,3323,0.251,211,762
2026-03-31,game_detail_spiderman2,3,5252,3964,0.392,96,103
2026-03-31,game_detail_gta6,3,47481,8419,0.474,162,76
2026-03-31,game_detail_astro,3,2514,1925,0.467,132,97
2026-03-31,support,3,3323,2117,0.348,181,77
2026-04-01,product_ps5,1,12300,6456,0.330,148,94
2026-04-01,psplus,1,4637,3276,0.366,224,642
2026-04-01,product_ps5_pro,1,6690,6397,0.293,190,68
2026-04-01,home,1,11130,7896,0.527,114,112
2026-04-01,game_detail_spiderman2,1,5138,3069,0.508,136,86
2026-04-01,game_detail_astro,1,2065,1531,0.445,83,100
2026-04-01,game_detail_gta6,1,56525,7905,0.284,210,73
2026-04-01,support,1,4133,1960,0.393,62,57
2026-04-01,psplus,4,6656,4895,0.334,191,736
2026-04-01,product_ps5_pro,4,9555,3882,0.505,218,80
2026-04-01,product_ps5,4,8870,8760,0.275,81,56
2026-04-01,home,4,12720,9324,0.526,57,84
2026-04-01,game_detail_spiderman2,4,5546,3883,0.532,210,114
2026-04-01,game_detail_astro,4,3488,2102,0.527,119,66
2026-04-01,game_detail_gta6,4,51604,6188,0.332,66,50
2026-04-01,support,4,2483,2795,0.332,112,75
2026-04-01,product_ps5_pro,5,6761,5890,0.491,137,91
2026-04-01,product_ps5,5,10330,8016,0.528,88,96
2026-04-01,psplus,5,4387,4564,0.341,202,602
2026-04-01,home,5,14700,8028,0.416,171,120
2026-04-01,game_detail_spiderman2,5,3364,3799,0.346,165,111
2026-04-01,game_detail_astro,5,2730,1811,0.362,162,64
2026-04-01,game_detail_gta6,5,40964,9091,0.286,224,51
2026-04-01,support,5,2973,2896,0.482,114,90
2026-04-01,product_ps5,6,11210,5400,0.346,211,61
2026-04-01,psplus,6,6300,4144,0.316,117,638
2026-04-01,product_ps5_pro,6,6120,6479,0.384,187,71
2026-04-01,home,6,16620,11472,0.394,176,60
2026-04-01,game_detail_spiderman2,6,5857,2493,0.321,51,108
2026-04-01,game_detail_astro,6,2170,2347,0.455,74,76
2026-04-01,game_detail_gta6,6,47126,6720,0.435,123,50
2026-04-01,support,6,2427,2411,0.381,210,64
2026-04-01,psplus,2,4474,3691,0.535,70,752
2026-04-01,product_ps5_pro,2,6642,5827,0.457,216,74
2026-04-01,product_ps5,2,9570,4984,0.405,109,95
2026-04-01,home,2,18585,9636,0.284,111,119
2026-04-01,game_detail_spiderman2,2,4982,3164,0.411,208,58
2026-04-01,game_detail_gta6,2,38880,6664,0.436,52,67
2026-04-01,game_detail_astro,2,2654,2513,0.404,197,56
2026-04-01,support,2,3753,2235,0.436,51,81
2026-04-01,product_ps5_pro,3,6230,5801,0.366,173,75
2026-04-01,product_ps5,3,10910,5712,0.481,128,116
2026-04-01,home,3,12360,10584,0.259,154,77
2026-04-01,psplus,3,4182,3771,0.291,53,333
2026-04-01,game_detail_spiderman2,3,4354,3674,0.530,97,94
2026-04-01,game_detail_gta6,3,54308,9585,0.485,134,58
2026-04-01,game_detail_astro,3,3112,1503,0.277,50,118
2026-04-01,support,3,3007,2912,0.433,119,92
2026-04-02,product_ps5,1,10140,7408,0.403,59,71
2026-04-02,psplus,1,5483,4755,0.499,150,361
2026-04-02,product_ps5_pro,1,6571,3857,0.276,205,75
2026-04-02,home,1,14160,10320,0.347,169,100
2026-04-02,game_detail_spiderman2,1,3790,3007,0.415,89,84
2026-04-02,game_detail_astro,1,3232,2478,0.502,144,58
2026-04-02,game_detail_gta6,1,40742,5833,0.433,135,108
2026-04-02,support,1,3393,2192,0.349,63,74
2026-04-02,psplus,4,6574,4825,0.376,81,647
2026-04-02,product_ps5_pro,4,9959,6207,0.291,218,104
2026-04-02,product_ps5,4,11480,7136,0.405,145,80
2026-04-02,home,4,15045,7776,0.433,153,116
2026-04-02,game_detail_spiderman2,4,3612,2728,0.503,174,78
2026-04-02,game_detail_astro,4,2179,2196,0.402,76,82
2026-04-02,game_detail_gta6,4,47880,8325,0.333,176,77
2026-04-02,support,4,3417,2000,0.424,84,70
2026-04-02,product_ps5_pro,5,8637,6257,0.440,84,71
2026-04-02,product_ps5,5,8060,6120,0.525,196,58
2026-04-02,psplus,5,7437,3635,0.393,59,333
2026-04-02,home,5,15660,12960,0.452,189,62
2026-04-02,game_detail_spiderman2,5,5220,3637,0.310,59,70
2026-04-02,game_detail_astro,5,3567,1610,0.356,46,78
2026-04-02,game_detail_gta6,5,39368,8223,0.269,177,74
2026-04-02,support,5,3797,2928,0.344,47,48
2026-04-02,product_ps5,6,12430,8376,0.464,115,105
2026-04-02,psplus,6,6714,3911,0.316,197,397
2026-04-02,product_ps5_pro,6,6246,5770,0.324,211,61
2026-04-02,home,6,14655,8616,0.269,201,86
2026-04-02,game_detail_spiderman2,6,4991,3472,0.463,50,102
2026-04-02,game_detail_astro,6,2514,1979,0.470,161,108
2026-04-02,game_detail_gta6,6,36974,8157,0.493,131,86
2026-04-02,support,6,2957,1968,0.361,126,84
2026-04-02,psplus,2,6504,4737,0.396,66,432
2026-04-02,product_ps5_pro,2,8162,4725,0.270,100,58
2026-04-02,product_ps5,2,8150,5520,0.311,111,92
2026-04-02,home,2,10800,8004,0.502,199,53
2026-04-02,game_detail_spiderman2,2,3914,3832,0.256,190,93
2026-04-02,game_detail_gta6,2,43092,9651,0.491,198,72
2026-04-02,game_detail_astro,2,2768,2249,0.352,79,91
2026-04-02,support,2,2377,2208,0.506,135,116
2026-04-02,product_ps5_pro,3,7006,6631,0.402,191,50
2026-04-02,product_ps5,3,11820,5240,0.481,208,48
2026-04-02,home,3,13680,12576,0.297,162,115
2026-04-02,psplus,3,4451,3141,0.532,199,330
2026-04-02,game_detail_spiderman2,3,4001,2886,0.341,74,61
2026-04-02,game_detail_gta6,3,47880,5955,0.514,64,89
2026-04-02,game_detail_astro,3,3176,1538,0.359,218,84
2026-04-02,support,3,2410,2352,0.523,88,57
2026-04-03,product_ps5,1,11160,6528,0.313,206,54
2026-04-03,psplus,1,7017,2879,0.479,73,509
2026-04-03,product_ps5_pro,1,6009,3990,0.416,129,96
2026-04-03,home,1,16140,11532,0.363,101,65
2026-04-03,game_detail_spiderman2,1,4927,3410,0.282,96,50
2026-04-03,game_detail_astro,1,3506,2511,0.441,118,76
2026-04-03,game_detail_gta6,1,36531,8792,0.273,108,57
2026-04-03,support,1,3420,1931,0.324,84,86
2026-04-03,psplus,4,5495,3155,0.369,56,439
2026-04-03,product_ps5_pro,4,6816,4072,0.315,135,102
2026-04-03,product_ps5,4,9610,5480,0.332,117,110
2026-04-03,home,4,17340,9708,0.539,63,50
2026-04-03,game_detail_spiderman2,4,3323,2468,0.367,217,63
2026-04-03,game_detail_astro,4,2118,1505,0.532,118,84
2026-04-03,game_detail_gta6,4,45575,6589,0.424,184,80
2026-04-03,support,4,3620,1875,0.269,87,68
2026-04-03,product_ps5_pro,5,9397,6878,0.504,131,89
2026-04-03,product_ps5,5,12780,7984,0.414,116,95
2026-04-03,psplus,5,5962,4331,0.369,190,470
2026-04-03,home,5,11940,9900,0.364,154,91
2026-04-03,game_detail_spiderman2,5,4629,3711,0.303,179,57
2026-04-03,game_detail_astro,5,2246,2441,0.474,153,79
2026-04-03,game_detail_gta6,5,36752,8111,0.513,84,62
2026-04-03,support,5,2890,2413,0.436,162,56
2026-04-03,product_ps5,6,12810,7624,0.424,135,101
2026-04-03,psplus,6,6912,3229,0.350,54,549
2026-04-03,product_ps5_pro,6,8360,6821,0.300,67,57
2026-04-03,home,6,13935,9420,0.436,90,64
2026-04-03,game_detail_spiderman2,6,5945,3054,0.507,161,107
2026-04-03,game_detail_astro,6,3477,2422,0.447,201,89
2026-04-03,game_detail_gta6,6,34536,6907,0.528,105,65
2026-04-03,support,6,3457,2461,0.386,75,107
2026-04-03,psplus,2,5816,3430,0.516,151,595
2026-04-03,product_ps5_pro,2,5961,6048,0.328,208,101
2026-04-03,product_ps5,2,9250,6672,0.310,203,63
2026-04-03,home,2,12270,11352,0.461,92,64
2026-04-03,game_detail_spiderman2,2,4588,3967,0.532,191,86
2026-04-03,game_detail_gta6,2,56880,10183,0.420,99,116
2026-04-03,game_detail_astro,2,3617,2065,0.415,76,101
2026-04-03,support,2,2927,2573,0.379,161,103
2026-04-03,product_ps5_pro,3,7117,5231,0.503,96,115
2026-04-03,product_ps5,3,7730,6416,0.367,150,108
2026-04-03,home,3,17100,10344,0.384,209,114
2026-04-03,psplus,3,4142,4909,0.421,164,385
2026-04-03,game_detail_spiderman2,3,4556,2211,0.412,107,115
2026-04-03,game_detail_gta6,3,42516,8017,0.545,118,57
2026-04-03,game_detail_astro,3,3698,2018,0.495,174,93
2026-04-03,support,3,3380,2533,0.382,165,62
2026-04-04,product_ps5,1,13650,6968,0.377,158,85
2026-04-04,psplus,1,9246,2875,0.484,78,705
2026-04-04,product_ps5_pro,1,11202,6473,0.395,90,61
2026-04-04,home,1,22875,12756,0.295,97,81
2026-04-04,game_detail_spiderman2,1,4641,3454,0.315,153,66
2026-04-04,game_detail_astro,1,3715,1447,0.423,141,93
2026-04-04,game_detail_gta6,1,39346,10127,0.493,116,111
2026-04-04,support,1,4358,2352,0.428,183,52
2026-04-04,psplus,4,9472,3579,0.396,135,376
2026-04-04,product_ps5_pro,4,8787,6853,0.539,57,65
2026-04-04,product_ps5,4,15575,6624,0.517,158,108
2026-04-04,home,4,24300,7872,0.437,182,85
2026-04-04,game_detail_spiderman2,4,5511,3157,0.265,220,104
2026-04-04,game_detail_astro,4,2570,2058,0.262,151,90
2026-04-04,game_detail_gta6,4,71100,7756,0.506,75,72
2026-04-04,support,4,4279,2725,0.452,167,81
2026-04-04,product_ps5_pro,5,12172,5390,0.355,192,56
2026-04-04,product_ps5,5,12488,6248,0.262,163,62
2026-04-04,psplus,5,6453,4499,0.269,113,435
2026-04-04,home,5,15188,11964,0.310,116,72
2026-04-04,game_detail_spiderman2,5,4320,3707,0.286,152,102
2026-04-04,game_detail_astro,5,3544,1661,0.427,225,106
2026-04-04,game_detail_gta6,5,39290,7597,0.468,49,81
2026-04-04,support,5,3792,1659,0.272,165,97
2026-04-04,product_ps5,6,14075,4864,0.502,96,54
2026-04-04,psplus,6,5396,3957,0.516,84,721
2026-04-04,product_ps5_pro,6,11776,5827,0.522,137,87
2026-04-04,home,6,14963,11556,0.255,139,119
2026-04-04,game_detail_spiderman2,6,4824,2838,0.478,54,111
2026-04-04,game_detail_astro,6,3208,2420,0.386,106,108
2026-04-04,game_detail_gta6,6,48656,10117,0.525,142,120
2026-04-04,support,6,5013,2107,0.536,179,59
2026-04-04,psplus,2,6213,4158,0.527,52,644
2026-04-04,product_ps5_pro,2,9005,6466,0.393,189,63
2026-04-04,product_ps5,2,12025,6376,0.359,194,66
2026-04-04,home,2,13481,8544,0.367,224,63
2026-04-04,game_detail_spiderman2,2,5219,2416,0.383,192,114
2026-04-04,game_detail_gta6,2,42449,7149,0.360,160,74
2026-04-04,game_detail_astro,2,2698,2564,0.365,137,117
2026-04-04,support,2,3800,2552,0.402,64,59
2026-04-04,product_ps5_pro,3,11410,6941,0.478,152,64
2026-04-04,product_ps5,3,15738,6928,0.298,141,75
2026-04-04,home,3,20719,9456,0.408,57,108
2026-04-04,psplus,3,6453,3724,0.349,87,687
2026-04-04,game_detail_spiderman2,3,6938,2739,0.331,149,53
2026-04-04,game_detail_gta6,3,65724,6403,0.439,98,63
2026-04-04,game_detail_astro,3,4273,1603,0.257,112,69
2026-04-04,support,3,4075,2893,0.265,207,112
2026-04-05,product_ps5,1,10238,4800,0.497,153,100
2026-04-05,psplus,1,6665,2996,0.472,69,614
2026-04-05,product_ps5_pro,1,9470,4294,0.543,154,96
2026-04-05,home,1,17119,10524,0.346,130,101
2026-04-05,game_detail_spiderman2,1,6056,3615,0.259,92,60
2026-04-05,game_detail_astro,1,3861,2527,0.398,94,56
2026-04-05,game_detail_gta6,1,42172,9753,0.540,52,105
2026-04-05,support,1,4217,2501,0.518,78,118
2026-04-05,psplus,4,8364,4401,0.524,78,431
2026-04-05,product_ps5_pro,4,9124,3971,0.284,114,65
2026-04-05,product_ps5,4,9438,5024,0.420,92,117
2026-04-05,home,4,20925,10704,0.375,138,58
2026-04-05,game_detail_spiderman2,4,5924,2493,0.378,209,98
2026-04-05,game_detail_astro,4,3828,1822,0.258,186,120
2026-04-05,game_detail_gta6,4,62843,6888,0.449,175,57
2026-04-05,support,4,3483,2587,0.280,113,48
2026-04-05,product_ps5_pro,5,9391,6473,0.253,222,112
2026-04-05,product_ps5,5,11663,5280,0.381,137,82
2026-04-05,psplus,5,5914,2917,0.450,206,393
2026-04-05,home,5,17850,11112,0.492,68,50
2026-04-05,game_detail_spiderman2,5,5706,2636,0.440,126,56
2026-04-05,game_detail_astro,5,3916,2116,0.265,188,60
2026-04-05,game_detail_gta6,5,59240,6020,0.364,195,59
2026-04-05,support,5,3338,2923,0.518,170,96
2026-04-05,product_ps5,6,13338,5064,0.462,66,105
2026-04-05,psplus,6,8619,4620,0.307,209,625
2026-04-05,product_ps5_pro,6,9589,4231,0.477,137,101
2026-04-05,home,6,21694,12204,0.299,212,104
2026-04-05,game_detail_spiderman2,6,7116,3590,0.370,82,49
2026-04-05,game_detail_astro,6,3354,1561,0.288,105,115
2026-04-05,game_detail_gta6,6,64782,7364,0.492,141,78
2026-04-05,support,6,5367,2736,0.323,157,79
2026-04-05,psplus,2,7255,4503,0.441,219,322
2026-04-05,product_ps5_pro,2,9728,4262,0.327,114,48
2026-04-05,product_ps5,2,10613,6960,0.542,162,82
2026-04-05,home,2,22650,7692,0.490,97,75
2026-04-05,game_detail_spiderman2,2,6262,2666,0.337,84,51
2026-04-05,game_detail_gta6,2,67553,7159,0.310,179,78
2026-04-05,game_detail_astro,2,3128,1869,0.530,184,109
2026-04-05,support,2,3975,2824,0.312,73,103
2026-04-05,product_ps5_pro,3,7382,6270,0.548,184,71
2026-04-05,product_ps5,3,9125,7032,0.437,80,79
2026-04-05,home,3,21806,10488,0.305,151,82
2026-04-05,psplus,3,8983,4970,0.382,118,731
2026-04-05,game_detail_spiderman2,3,5162,3256,0.329,89,88
2026-04-05,game_detail_gta6,3,48878,5600,0.488,70,120
2026-04-05,game_detail_astro,3,4506,1692,0.521,62,101
2026-04-05,support,3,4458,2635,0.287,73,69
2026-04-06,product_ps5,1,9200,8248,0.409,220,79
2026-04-06,psplus,1,7076,3794,0.531,192,788
2026-04-06,product_ps5_pro,1,5890,4047,0.393,181,94
2026-04-06,home,1,16605,8556,0.504,182,57
2026-04-06,game_detail_spiderman2,1,4020,2409,0.456,76,65
2026-04-06,game_detail_astro,1,3030,2172,0.310,219,83
2026-04-06,game_detail_gta6,1,50629,7131,0.490,218,63
2026-04-06,support,1,2597,2051,0.520,65,82
2026-04-06,psplus,4,4783,4209,0.518,116,599
2026-04-06,product_ps5_pro,4,9999,6112,0.500,140,65
2026-04-06,product_ps5,4,7380,8640,0.478,91,55
2026-04-06,home,4,17715,12696,0.473,160,79
2026-04-06,game_detail_spiderman2,4,4698,3571,0.421,125,67
2026-04-06,game_detail_astro,4,3159,2023,0.368,162,107
2026-04-06,game_detail_gta6,4,41806,6832,0.535,181,118
2026-04-06,support,4,2660,2856,0.545,109,93
2026-04-06,product_ps5_pro,5,10149,6593,0.435,154,106
2026-04-06,product_ps5,5,12640,6680,0.501,76,58
2026-04-06,psplus,5,4544,4639,0.505,74,430
2026-04-06,home,5,15060,7272,0.256,192,49
2026-04-06,game_detail_spiderman2,5,3575,3590,0.364,176,52
2026-04-06,game_detail_astro,5,2103,1510,0.273,59,99
2026-04-06,game_detail_gta6,5,55195,7943,0.505,132,63
2026-04-06,support,5,3120,1691,0.507,203,84
2026-04-06,product_ps5,6,9670,6696,0.324,174,113
2026-04-06,psplus,6,5518,2823,0.548,212,676
2026-04-06,product_ps5_pro,6,6405,6112,0.479,166,106
2026-04-06,home,6,12060,10380,0.373,158,63
2026-04-06,game_detail_spiderman2,6,4368,3824,0.400,177,60
2026-04-06,game_detail_astro,6,2491,2203,0.277,52,107
2026-04-06,game_detail_gta6,6,47924,9305,0.254,130,75
2026-04-06,support,6,4213,1979,0.366,104,67
2026-04-06,psplus,2,4392,4975,0.433,217,470
2026-04-06,product_ps5_pro,2,8471,6289,0.299,93,70
2026-04-06,product_ps5,2,11460,6008,0.466,77,114
2026-04-06,home,2,11850,10068,0.333,122,113
2026-04-06,game_detail_spiderman2,2,4570,3384,0.404,110,120
2026-04-06,game_detail_gta6,2,56747,7551,0.476,113,89
2026-04-06,game_detail_astro,2,3710,1409,0.319,198,95
2026-04-06,support,2,2363,2907,0.532,207,50
2026-04-06,product_ps5_pro,3,10268,6200,0.547,65,88
2026-04-06,product_ps5,3,8180,4968,0.363,225,119
2026-04-06,home,3,11025,10524,0.265,115,102
2026-04-06,psplus,3,4754,3075,0.463,57,347
2026-04-06,game_detail_spiderman2,3,4661,3062,0.316,94,73
2026-04-06,game_detail_gta6,3,44821,7121,0.450,48,113
2026-04-06,game_detail_astro,3,2990,1710,0.317,149,112
2026-04-06,support,3,3427,2832,0.544,104,118
2026-04-07,product_ps5,1,9330,6880,0.488,121,114
2026-04-07,psplus,1,5518,4951,0.263,58,506
2026-04-07,product_ps5_pro,1,9191,4604,0.510,195,98
2026-04-07,home,1,19080,9372,0.399,76,49
2026-04-07,game_detail_spiderman2,1,5587,3854,0.515,220,85
2026-04-07,game_detail_astro,1,3602,1885,0.411,193,78
2026-04-07,game_detail_gta6,1,40343,10211,0.442,205,102
2026-04-07,support,1,3373,2109,0.438,163,84
2026-04-07,psplus,4,5921,4839,0.473,206,710
2026-04-07,product_ps5_pro,4,6508,4117,0.323,144,93
2026-04-07,product_ps5,4,7540,5008,0.538,197,110
2026-04-07,home,4,11445,10416,0.449,55,107
2026-04-07,game_detail_spiderman2,4,4932,3846,0.511,153,50
2026-04-07,game_detail_astro,4,3480,2366,0.424,221,111
2026-04-07,game_detail_gta6,4,38348,8568,0.371,165,113
2026-04-07,support,4,3137,1955,0.493,135,96
2026-04-07,product_ps5_pro,5,7117,5719,0.479,172,101
2026-04-07,product_ps5,5,8760,7328,0.502,132,116
2026-04-07,psplus,5,7216,3509,0.312,185,636
2026-04-07,home,5,12270,9060,0.417,179,51
2026-04-07,game_detail_spiderman2,5,4469,2413,0.505,48,111
2026-04-07,game_detail_astro,5,2505,2441,0.323,77,60
2026-04-07,game_detail_gta6,5,43092,10267,0.366,82,86
2026-04-07,support,5,3973,2240,0.428,105,78
2026-04-07,product_ps5,6,7240,6536,0.472,152,118
2026-04-07,psplus,6,4422,3029,0.278,152,473
2026-04-07,product_ps5_pro,6,7101,5713,0.401,96,73
2026-04-07,home,6,14250,12372,0.435,93,111
2026-04-07,game_detail_spiderman2,6,5243,2559,0.383,105,114
2026-04-07,game_detail_astro,6,2558,2249,0.295,150,100
2026-04-07,game_detail_gta6,6,53909,5647,0.394,174,56
2026-04-07,support,6,3483,1677,0.418,60,65
2026-04-07,psplus,2,5454,2893,0.267,63,377
2026-04-07,product_ps5_pro,2,8439,6650,0.346,222,80
2026-04-07,product_ps5,2,11490,6296,0.492,118,110
2026-04-07,home,2,14130,10716,0.542,164,93
2026-04-07,game_detail_spiderman2,2,3405,2721,0.300,56,56
2026-04-07,game_detail_gta6,2,33738,5871,0.504,221,92
2026-04-07,game_detail_astro,2,2721,1888,0.418,67,97
2026-04-07,support,2,3530,1840,0.331,223,96
2026-04-07,product_ps5_pro,3,9160,5415,0.441,163,119
2026-04-07,product_ps5,3,8800,8336,0.498,72,49
2026-04-07,home,3,11070,13008,0.297,211,83
2026-04-07,psplus,3,4474,3099,0.270,114,494
2026-04-07,game_detail_spiderman2,3,5500,3436,0.444,78,91
2026-04-07,game_detail_gta6,3,50850,9735,0.277,137,65
2026-04-07,game_detail_astro,3,3267,2511,0.319,81,86
2026-04-07,support,3,3983,2261,0.266,160,107
2026-04-08,product_ps5,1,11200,6672,0.468,151,71
2026-04-08,psplus,1,5256,4298,0.495,60,710
2026-04-08,product_ps5_pro,1,5890,4630,0.399,159,92
2026-04-08,home,1,19320,12612,0.351,129,70
2026-04-08,game_detail_spiderman2,1,3648,2585,0.415,116,111
2026-04-08,game_detail_astro,1,2179,2149,0.411,203,114
2026-04-08,game_detail_gta6,1,48456,8363,0.305,218,67
2026-04-08,support,1,4167,2139,0.252,104,52
2026-04-08,psplus,4,4964,3752,0.424,137,388
2026-04-08,product_ps5_pro,4,9065,6587,0.499,205,75
2026-04-08,product_ps5,4,9980,5040,0.274,140,110
2026-04-08,home,4,14925,11796,0.468,151,72
2026-04-08,game_detail_spiderman2,4,4643,3989,0.314,80,110
2026-04-08,game_detail_astro,4,3660,1531,0.525,218,98
2026-04-08,game_detail_gta6,4,47038,8904,0.371,48,79
2026-04-08,support,4,3353,2136,0.275,157,84
2026-04-08,product_ps5_pro,5,5787,5890,0.382,190,102
2026-04-08,product_ps5,5,7330,4912,0.259,200,55
2026-04-08,psplus,5,6323,4657,0.298,65,676
2026-04-08,home,5,16515,10332,0.317,61,100
2026-04-08,game_detail_spiderman2,5,4015,3087,0.426,153,59
2026-04-08,game_detail_astro,5,2421,2443,0.515,79,56
2026-04-08,game_detail_gta6,5,50584,7308,0.288,211,104
2026-04-08,support,5,3360,2760,0.450,111,54
2026-04-08,product_ps5,6,8970,5528,0.288,126,118
2026-04-08,psplus,6,5874,4830,0.251,116,440
2026-04-08,product_ps5_pro,6,10149,4820,0.273,148,73
2026-04-08,home,6,15120,9792,0.541,58,73
2026-04-08,game_detail_spiderman2,6,3378,3007,0.519,176,109
2026-04-08,game_detail_astro,6,2427,1573,0.549,207,113
2026-04-08,game_detail_gta6,6,31521,7476,0.313,204,97
2026-04-08,support,6,3240,2840,0.372,183,66
2026-04-08,psplus,2,6037,5012,0.412,76,631
2026-04-08,product_ps5_pro,2,9935,5928,0.321,103,49
2026-04-08,product_ps5,2,7090,6976,0.505,114,89
2026-04-08,home,2,17505,12588,0.338,202,102
2026-04-08,game_detail_spiderman2,2,5234,2259,0.470,161,84
2026-04-08,game_detail_gta6,2,37329,9324,0.303,216,108
2026-04-08,game_detail_astro,2,2771,2256,0.283,99,57
2026-04-08,support,2,4243,2069,0.374,152,78
2026-04-08,product_ps5_pro,3,6721,5776,0.391,99,117
2026-04-08,product_ps5,3,10720,8304,0.281,67,116
2026-04-08,home,3,12945,9348,0.392,92,60
2026-04-08,psplus,3,7122,3127,0.509,59,745
2026-04-08,game_detail_spiderman2,3,3896,3120,0.332,119,107
2026-04-08,game_detail_gta6,3,57412,7112,0.449,106,105
2026-04-08,game_detail_astro,3,3051,1507,0.546,45,85
2026-04-08,support,3,3373,2355,0.466,174,103
2026-04-09,product_ps5,1,7460,6168,0.356,204,76
2026-04-09,psplus,1,7222,4769,0.406,219,430
2026-04-09,product_ps5_pro,1,5819,5966,0.267,46,79
2026-04-09,home,1,18420,9672,0.347,120,82
2026-04-09,game_detail_spiderman2,1,4771,3315,0.476,103,69
2026-04-09,game_detail_astro,1,2832,2067,0.401,64,73
2026-04-09,game_detail_gta6,1,56702,6533,0.298,104,109
2026-04-09,support,1,2993,1936,0.506,208,96
2026-04-09,psplus,4,6743,3841,0.453,125,735
2026-04-09,product_ps5_pro,4,8946,5136,0.266,225,80
2026-04-09,product_ps5,4,11960,6488,0.500,197,108
2026-04-09,home,4,15345,9048,0.484,73,97
2026-04-09,game_detail_spiderman2,4,3644,3483,0.459,153,105
2026-04-09,game_detail_astro,4,2838,2504,0.286,104,70
2026-04-09,game_detail_gta6,4,56880,6169,0.405,62,90
2026-04-09,support,4,3250,2277,0.338,156,55
2026-04-09,product_ps5_pro,5,9033,5979,0.485,172,118
2026-04-09,product_ps5,5,12190,7880,0.362,174,54
2026-04-09,psplus,5,6102,3561,0.364,121,709
2026-04-09,home,5,15300,9336,0.433,196,89
2026-04-09,game_detail_spiderman2,5,3754,2244,0.487,45,97
2026-04-09,game_detail_astro,5,3363,2375,0.528,131,120
2026-04-09,game_detail_gta6,5,50008,9520,0.423,207,54
2026-04-09,support,5,2680,2083,0.370,92,110
2026-04-09,product_ps5,6,9970,7280,0.285,169,119
2026-04-09,psplus,6,7373,3192,0.546,187,586
2026-04-09,product_ps5_pro,6,6302,4199,0.448,94,99
2026-04-09,home,6,11250,9720,0.256,78,66
2026-04-09,game_detail_spiderman2,6,4900,3861,0.362,83,98
2026-04-09,game_detail_astro,6,2339,2443,0.307,156,110
2026-04-09,game_detail_gta6,6,52092,8857,0.485,216,58
2026-04-09,support,6,2767,2475,0.268,182,79
2026-04-09,psplus,2,5367,4802,0.525,70,714
2026-04-09,product_ps5_pro,2,8732,6625,0.393,160,67
2026-04-09,product_ps5,2,11420,5040,0.360,98,95
2026-04-09,home,2,19470,12780,0.376,148,102
2026-04-09,game_detail_spiderman2,2,5903,2662,0.537,85,64
2026-04-09,game_detail_gta6,2,34137,9893,0.292,54,113
2026-04-09,game_detail_astro,2,2879,1846,0.267,142,70
2026-04-09,support,2,4097,1747,0.331,189,63
2026-04-09,product_ps5_pro,3,7529,6207,0.505,146,77
2026-04-09,product_ps5,3,7350,6152,0.312,175,106
2026-04-09,home,3,10920,8928,0.505,222,61
2026-04-09,psplus,3,4742,4345,0.528,144,730
2026-04-09,game_detail_spiderman2,3,4583,2284,0.319,128,119
2026-04-09,game_detail_gta6,3,47880,5917,0.478,195,118
2026-04-09,game_detail_astro,3,3305,2109,0.280,92,53
2026-04-09,support,3,3827,1781,0.404,115,105
2026-04-10,product_ps5,1,11200,8024,0.539,108,51
2026-04-10,psplus,1,7017,4265,0.278,81,327
2026-04-10,product_ps5_pro,1,7687,6245,0.513,107,96
2026-04-10,home,1,19065,11640,0.292,83,65
2026-04-10,game_detail_spiderman2,1,3240,3047,0.419,138,69
2026-04-10,game_detail_astro,1,3456,1489,0.277,65,117
2026-04-10,game_detail_gta6,1,34846,7541,0.436,187,50
2026-04-10,support,1,3223,2579,0.334,126,106
2026-04-10,psplus,4,5647,2935,0.260,216,514
2026-04-10,product_ps5_pro,4,7790,4117,0.318,100,75
2026-04-10,product_ps5,4,9380,7592,0.482,216,89
2026-04-10,home,4,15795,10548,0.379,113,112
2026-04-10,game_detail_spiderman2,4,3295,3285,0.519,168,68
2026-04-10,game_detail_astro,4,2952,1603,0.508,133,77
2026-04-10,game_detail_gta6,4,47525,7971,0.386,113,49
2026-04-10,support,4,3123,2315,0.491,191,114
2026-04-10,product_ps5_pro,5,6603,5643,0.328,177,117
2026-04-10,product_ps5,5,12220,7584,0.367,63,58
2026-04-10,psplus,5,4083,3934,0.463,141,383
2026-04-10,home,5,11730,11892,0.529,82,116
2026-04-10,game_detail_spiderman2,5,4661,3586,0.456,54,117
2026-04-10,game_detail_astro,5,3287,1666,0.389,174,77
2026-04-10,game_detail_gta6,5,51249,9128,0.379,165,88
2026-04-10,support,5,2780,2627,0.364,172,117
2026-04-10,product_ps5,6,9390,6336,0.397,173,114
2026-04-10,psplus,6,4888,3038,0.472,108,393
2026-04-10,product_ps5_pro,6,9104,6834,0.417,189,77
2026-04-10,home,6,11010,13092,0.448,149,86
2026-04-10,game_detail_spiderman2,6,4854,2563,0.512,219,115
2026-04-10,game_detail_astro,6,2841,1563,0.346,175,109
2026-04-10,game_detail_gta6,6,41585,6972,0.322,74,112
2026-04-10,support,6,3720,1781,0.527,175,85
2026-04-10,psplus,2,4538,4573,0.504,114,465
2026-04-10,product_ps5_pro,2,9476,6390,0.288,111,93
2026-04-10,product_ps5,2,7280,5792,0.306,57,75
2026-04-10,home,2,12660,9096,0.332,54,120
2026-04-10,game_detail_spiderman2,2,3447,2405,0.287,212,72
2026-04-10,game_detail_gta6,2,48767,6524,0.341,77,90
2026-04-10,game_detail_astro,2,2981,1664,0.489,200,119
2026-04-10,support,2,2540,1792,0.467,167,120
2026-04-10,product_ps5_pro,3,6682,5098,0.308,80,57
2026-04-10,product_ps5,3,8670,6624,0.374,61,111
2026-04-10,home,3,17280,11304,0.534,156,56
2026-04-10,psplus,3,7332,3971,0.511,49,538
2026-04-10,game_detail_spiderman2,3,3887,3604,0.505,120,104
2026-04-10,game_detail_gta6,3,35910,7868,0.324,189,92
2026-04-10,game_detail_astro,3,2330,1932,0.270,63,66
2026-04-10,support,3,2577,2459,0.480,216,98
2026-04-11,product_ps5,1,15863,7512,0.370,205,115
2026-04-11,psplus,1,6475,3911,0.543,117,390
2026-04-11,product_ps5_pro,1,12390,4617,0.470,200,86
2026-04-11,home,1,24319,12600,0.380,217,104
2026-04-11,game_detail_spiderman2,1,6772,3208,0.316,69,51
2026-04-11,game_detail_astro,1,2887,2247,0.339,184,84
2026-04-11,game_detail_gta6,1,49099,10136,0.514,164,90
2026-04-11,support,1,3592,1739,0.425,104,91
2026-04-11,psplus,4,6985,4527,0.336,137,673
2026-04-11,product_ps5_pro,4,7630,5295,0.367,57,84
2026-04-11,product_ps5,4,11363,8440,0.356,103,64
2026-04-11,home,4,16388,12888,0.255,121,119
2026-04-11,game_detail_spiderman2,4,4538,2970,0.267,103,79
2026-04-11,game_detail_astro,4,3081,1433,0.494,72,87
2026-04-11,game_detail_gta6,4,47160,6384,0.430,218,63
2026-04-11,support,4,3983,2725,0.443,182,93
2026-04-11,product_ps5_pro,5,10965,5871,0.316,183,70
2026-04-11,product_ps5,5,9413,6472,0.341,84,50
2026-04-11,psplus,5,7029,3799,0.268,183,526
2026-04-11,home,5,17963,12192,0.298,125,114
2026-04-11,game_detail_spiderman2,5,7288,4015,0.429,69,105
2026-04-11,game_detail_astro,5,3566,2028,0.456,199,96
2026-04-11,game_detail_gta6,5,50152,9940,0.282,203,103
2026-04-11,support,5,3092,2824,0.530,58,52
2026-04-11,product_ps5,6,14888,6296,0.458,160,98
2026-04-11,psplus,6,7773,3416,0.292,163,710
2026-04-11,product_ps5_pro,6,12241,4041,0.451,65,85
2026-04-11,home,6,22313,7776,0.421,113,56
2026-04-11,game_detail_spiderman2,6,4572,2435,0.461,191,83
2026-04-11,game_detail_astro,6,3628,2438,0.489,114,67
2026-04-11,game_detail_gta6,6,42948,8176,0.506,68,85
2026-04-11,support,6,3263,2845,0.260,178,75
2026-04-11,psplus,2,8094,2968,0.283,184,462
2026-04-11,product_ps5_pro,2,12004,3946,0.264,210,60
2026-04-11,product_ps5,2,13525,7944,0.271,51,109
2026-04-11,home,2,13219,9984,0.369,122,57
2026-04-11,game_detail_spiderman2,2,5844,2761,0.443,113,100
2026-04-11,game_detail_gta6,2,47104,7877,0.426,129,86
2026-04-11,game_detail_astro,2,2651,1990,0.462,211,91
2026-04-11,support,2,4642,2368,0.466,225,53
2026-04-11,product_ps5_pro,3,8451,5580,0.487,134,74
2026-04-11,product_ps5,3,15388,4888,0.538,57,53
2026-04-11,home,3,23513,8520,0.345,174,98
2026-04-11,psplus,3,9209,4107,0.505,52,746
2026-04-11,game_detail_spiderman2,3,5643,2541,0.285,52,83
2026-04-11,game_detail_gta6,3,68163,8241,0.363,55,98
2026-04-11,game_detail_astro,3,3044,1433,0.424,212,73
2026-04-11,support,3,3450,1973,0.323,47,62
2026-04-12,product_ps5,1,11388,5504,0.468,57,111
2026-04-12,psplus,1,5250,4181,0.270,196,602
2026-04-12,product_ps5_pro,1,10747,5630,0.344,128,114
2026-04-12,home,1,16538,11952,0.477,207,99
2026-04-12,game_detail_spiderman2,1,4658,2754,0.297,153,66
2026-04-12,game_detail_astro,1,3992,1407,0.374,63,72
2026-04-12,game_detail_gta6,1,66001,7513,0.460,194,59
2026-04-12,support,1,3917,2667,0.276,56,102
2026-04-12,psplus,4,5914,3309,0.480,88,582
2026-04-12,product_ps5_pro,4,9005,4034,0.256,97,88
2026-04-12,product_ps5,4,11413,8040,0.378,62,114
2026-04-12,home,4,20250,8784,0.405,86,68
2026-04-12,game_detail_spiderman2,4,6102,3417,0.320,127,66
2026-04-12,game_detail_astro,4,3883,1776,0.283,67,72
2026-04-12,game_detail_gta6,4,43835,6459,0.466,107,75
2026-04-12,support,4,4929,2651,0.287,84,100
2026-04-12,product_ps5_pro,5,11677,4465,0.269,48,75
2026-04-12,product_ps5,5,8988,7792,0.510,143,71
2026-04-12,psplus,5,7860,3500,0.289,177,710
2026-04-12,home,5,18600,13056,0.507,216,116
2026-04-12,game_detail_spiderman2,5,6692,2332,0.448,90,59
2026-04-12,game_detail_astro,5,3460,1589,0.455,53,79
2026-04-12,game_detail_gta6,5,71986,9847,0.514,209,92
2026-04-12,support,5,3863,2707,0.314,175,96
2026-04-12,product_ps5,6,11438,6208,0.388,153,61
2026-04-12,psplus,6,7911,3495,0.524,198,338
2026-04-12,product_ps5_pro,6,8867,4699,0.354,45,91
2026-04-12,home,6,23194,10800,0.345,72,55
2026-04-12,game_detail_spiderman2,6,5563,3623,0.539,126,76
2026-04-12,game_detail_astro,6,3762,1818,0.412,186,111
2026-04-12,game_detail_gta6,6,50097,6076,0.459,150,84
2026-04-12,support,6,3175,2101,0.282,51,89
2026-04-12,psplus,2,5841,4293,0.537,145,790
2026-04-12,product_ps5_pro,2,10212,5795,0.361,101,58
2026-04-12,product_ps5,2,10875,6640,0.367,62,98
2026-04-12,home,2,18300,8328,0.272,201,62
2026-04-12,game_detail_spiderman2,2,5735,3003,0.549,69,66
2026-04-12,game_detail_gta6,2,66666,9921,0.512,221,55
2026-04-12,game_detail_astro,2,4404,2280,0.451,144,107
2026-04-12,support,2,3075,2245,0.374,97,86
2026-04-12,product_ps5_pro,3,9985,6530,0.389,149,93
2026-04-12,product_ps5,3,15950,8096,0.288,130,50
2026-04-12,home,3,16913,10344,0.402,120,92
2026-04-12,psplus,3,8765,2926,0.317,139,402
2026-04-12,game_detail_spiderman2,3,6056,2768,0.323,98,61
2026-04-12,game_detail_gta6,3,46883,5852,0.336,154,71
2026-04-12,game_detail_astro,3,3336,2025,0.512,74,55
2026-04-12,support,3,3067,2867,0.455,129,60
2026-04-13,product_ps5,1,12090,8456,0.401,124,51
2026-04-13,psplus,1,7093,2968,0.282,45,346
2026-04-13,product_ps5_pro,1,7830,5333,0.409,173,115
2026-04-13,home,1,11115,12144,0.470,92,53
2026-04-13,game_detail_spiderman2,1,5014,2240,0.279,74,81
2026-04-13,game_detail_astro,1,3033,2310,0.374,124,102
2026-04-13,game_detail_gta6,1,43757,6543,0.549,124,117
2026-04-13,support,1,3717,2155,0.352,185,93
2026-04-13,psplus,4,7128,4919,0.443,119,362
2026-04-13,product_ps5_pro,4,8637,5415,0.402,96,98
2026-04-13,product_ps5,4,11490,6624,0.333,45,108
2026-04-13,home,4,17100,8268,0.390,72,92
2026-04-13,game_detail_spiderman2,4,5619,3084,0.475,59,75
2026-04-13,game_detail_astro,4,3252,1806,0.306,170,117
2026-04-13,game_detail_gta6,4,35023,6001,0.275,158,84
2026-04-13,support,4,3743,2088,0.277,217,112
2026-04-13,product_ps5_pro,5,10046,6308,0.442,176,102
2026-04-13,product_ps5,5,9280,7912,0.501,163,112
2026-04-13,psplus,5,6078,3001,0.292,73,328
2026-04-13,home,5,17175,11376,0.545,126,81
2026-04-13,game_detail_spiderman2,5,3217,2757,0.369,77,63
2026-04-13,game_detail_astro,5,3585,2077,0.479,73,53
2026-04-13,game_detail_gta6,5,57013,9231,0.535,195,76
2026-04-13,support,5,3570,1992,0.256,169,88
2026-04-13,product_ps5,6,8860,7424,0.409,225,119
2026-04-13,psplus,6,6113,2977,0.435,67,346
2026-04-13,product_ps5_pro,6,7616,4459,0.261,63,81
2026-04-13,home,6,17235,10740,0.256,134,81
2026-04-13,game_detail_spiderman2,6,4533,2801,0.526,181,103
2026-04-13,game_detail_astro,6,2780,1517,0.308,138,68
2026-04-13,game_detail_gta6,6,48456,9604,0.463,158,120
2026-04-13,support,6,3237,2592,0.282,134,87
2026-04-13,psplus,2,5087,3346,0.420,90,490
2026-04-13,product_ps5_pro,2,10125,5630,0.400,63,75
2026-04-13,product_ps5,2,11990,5000,0.317,122,89
2026-04-13,home,2,15900,9888,0.300,225,78
2026-04-13,game_detail_spiderman2,2,4510,2713,0.461,166,104
2026-04-13,game_detail_gta6,2,46151,8456,0.407,97,67
2026-04-13,game_detail_astro,2,3293,1631,0.399,168,89
2026-04-13,support,2,2577,1821,0.264,71,52
2026-04-13,product_ps5_pro,3,6302,3838,0.469,195,116
2026-04-13,product_ps5,3,8850,7080,0.380,170,92
2026-04-13,home,3,18600,7476,0.302,49,73
2026-04-13,psplus,3,5477,3771,0.388,103,528
2026-04-13,game_detail_spiderman2,3,3552,3282,0.543,122,110
2026-04-13,game_detail_gta6,3,32452,9427,0.510,168,70
2026-04-13,game_detail_astro,3,3646,1911,0.275,82,92
2026-04-13,support,3,3600,1984,0.511,85,78
2026-04-14,product_ps5,1,9890,8512,0.516,84,93
2026-04-14,psplus,1,4445,3883,0.272,198,451
2026-04-14,product_ps5_pro,1,10213,5890,0.411,219,60
2026-04-14,home,1,10935,12096,0.491,213,85
2026-04-14,game_detail_spiderman2,1,5463,3021,0.452,84,55
2026-04-14,game_detail_astro,1,2815,1633,0.309,92,116
2026-04-14,game_detail_gta6,1,56259,5693,0.273,191,117
2026-04-14,support,1,3870,2728,0.301,157,51
2026-04-14,psplus,4,5390,4615,0.532,87,734
2026-04-14,product_ps5_pro,4,9492,4085,0.547,116,90
2026-04-14,product_ps5,4,12760,5864,0.549,164,113
2026-04-14,home,4,12165,7212,0.491,159,118
2026-04-14,game_detail_spiderman2,4,3919,2673,0.453,199,53
2026-04-14,game_detail_astro,4,2896,2438,0.488,175,83
2026-04-14,game_detail_gta6,4,46506,5899,0.303,208,95
2026-04-14,support,4,2690,2333,0.538,67,50
2026-04-14,product_ps5_pro,5,8590,4687,0.472,77,61
2026-04-14,product_ps5,5,8520,5736,0.336,58,77
2026-04-14,psplus,5,7268,3570,0.434,177,712
2026-04-14,home,5,11025,11736,0.550,162,55
2026-04-14,game_detail_spiderman2,5,5147,3487,0.544,135,86
2026-04-14,game_detail_astro,5,2485,1577,0.421,103,79
2026-04-14,game_detail_gta6,5,31122,8409,0.291,56,88
2026-04-14,support,5,2663,2240,0.291,222,118
2026-04-14,product_ps5,6,8590,5328,0.499,57,49
2026-04-14,psplus,6,6889,3925,0.300,159,546
2026-04-14,product_ps5_pro,6,7347,6359,0.293,186,80
2026-04-14,home,6,18855,10188,0.280,195,66
2026-04-14,game_detail_spiderman2,6,5821,3868,0.490,101,114
2026-04-14,game_detail_astro,6,3392,1755,0.380,207,63
2026-04-14,game_detail_gta6,6,57412,7355,0.315,133,103
2026-04-14,support,6,4110,2453,0.475,68,112
2026-04-14,psplus,2,6673,3873,0.466,96,416
2026-04-14,product_ps5_pro,2,7798,5504,0.529,162,71
2026-04-14,product_ps5,2,12880,6944,0.387,111,57
2026-04-14,home,2,17865,9516,0.294,75,89
2026-04-14,game_detail_spiderman2,2,5665,3450,0.369,177,79
2026-04-14,game_detail_gta6,2,50097,7653,0.327,201,118
2026-04-14,game_detail_astro,2,3488,2385,0.281,49,104
2026-04-14,support,2,3480,2144,0.448,83,77
2026-04-14,product_ps5_pro,3,7481,4978,0.383,83,109
2026-04-14,product_ps5,3,11120,5632,0.500,206,65
2026-04-14,home,3,18615,9708,0.481,89,117
2026-04-14,psplus,3,6247,4835,0.264,65,330
2026-04-14,game_detail_spiderman2,3,4602,3960,0.442,135,64
2026-04-14,game_detail_gta6,3,33472,8587,0.427,162,94
2026-04-14,game_detail_astro,3,2555,2207,0.392,195,113
2026-04-14,support,3,4250,2779,0.400,80,65
2026-04-15,product_ps5,1,12240,4912,0.516,200,112
2026-04-15,psplus,1,5938,3593,0.322,152,373
2026-04-15,product_ps5_pro,1,8305,6454,0.478,200,86
2026-04-15,home,1,14415,8256,0.484,194,82
2026-04-15,game_detail_spiderman2,1,3850,3355,0.426,92,94
2026-04-15,game_detail_astro,1,2721,2086,0.281,66,76
2026-04-15,game_detail_gta6,1,53643,9884,0.425,120,119
2026-04-15,support,1,2790,2016,0.484,80,109
2026-04-15,psplus,4,5542,4620,0.444,89,631
2026-04-15,product_ps5_pro,4,9278,5212,0.315,196,77
2026-04-15,product_ps5,4,12010,7952,0.345,192,60
2026-04-15,home,4,16545,11232,0.373,98,75
2026-04-15,game_detail_spiderman2,4,4739,3689,0.368,195,64
2026-04-15,game_detail_astro,4,2686,2287,0.280,217,49
2026-04-15,game_detail_gta6,4,57500,6384,0.543,200,114
2026-04-15,support,4,2490,2419,0.257,193,81
2026-04-15,product_ps5_pro,5,7861,4877,0.328,87,68
2026-04-15,product_ps5,5,9010,8504,0.367,155,85
2026-04-15,psplus,5,4993,4545,0.311,198,470
2026-04-15,home,5,12690,10344,0.515,88,55
2026-04-15,game_detail_spiderman2,5,5202,3582,0.255,116,80
2026-04-15,game_detail_astro,5,3675,1643,0.322,52,78
2026-04-15,game_detail_gta6,5,52136,7476,0.423,60,120
2026-04-15,support,5,4190,2267,0.489,222,62
2026-04-15,product_ps5,6,8490,6064,0.322,145,95
2026-04-15,psplus,6,4521,3393,0.268,72,768
2026-04-15,product_ps5_pro,6,7165,5168,0.275,103,114
2026-04-15,home,6,15570,8856,0.405,74,70
2026-04-15,game_detail_spiderman2,6,5431,2772,0.483,222,89
2026-04-15,game_detail_astro,6,3655,2408,0.283,140,102
2026-04-15,game_detail_gta6,6,35023,6076,0.397,67,98
2026-04-15,support,6,2653,2400,0.470,161,104
2026-04-15,psplus,2,6842,4601,0.314,114,370
2026-04-15,product_ps5_pro,2,7355,6333,0.307,144,114
2026-04-15,product_ps5,2,12450,8520,0.505,186,55
2026-04-15,home,2,17145,11580,0.316,133,118
2026-04-15,game_detail_spiderman2,2,5248,3696,0.263,90,80
2026-04-15,game_detail_gta6,2,56747,6739,0.351,225,101
2026-04-15,game_detail_astro,2,2879,2371,0.545,203,75
2026-04-15,support,2,3717,2752,0.475,200,119
2026-04-15,product_ps5_pro,3,8495,6384,0.290,205,102
2026-04-15,product_ps5,3,7660,8024,0.413,66,101
2026-04-15,home,3,13935,7908,0.510,51,65
2026-04-15,psplus,3,6697,3649,0.490,137,528
2026-04-15,game_detail_spiderman2,3,4840,2834,0.511,222,118
2026-04-15,game_detail_gta6,3,37018,6393,0.361,67,75
2026-04-15,game_detail_astro,3,2164,2382,0.459,164,62
2026-04-15,support,3,3120,2413,0.480,118,88
2026-04-16,product_ps5,1,11100,8616,0.351,128,57
2026-04-16,psplus,1,4153,4779,0.545,108,347
2026-04-16,product_ps5_pro,1,7600,6580,0.507,121,59
2026-04-16,home,1,17400,11076,0.333,133,64
2026-04-16,game_detail_spiderman2,1,5042,2655,0.401,47,119
2026-04-16,game_detail_astro,1,2091,2450,0.530,92,91
2026-04-16,game_detail_gta6,1,40388,8951,0.291,112,69
2026-04-16,support,1,3873,2213,0.258,120,60
2026-04-16,psplus,4,5087,5068,0.348,136,567
2026-04-16,product_ps5_pro,4,7252,5643,0.507,60,69
2026-04-16,product_ps5,4,8720,5120,0.501,84,109
2026-04-16,home,4,17640,9876,0.402,192,118
2026-04-16,game_detail_spiderman2,4,4446,2974,0.264,219,82
2026-04-16,game_detail_astro,4,2421,1941,0.501,150,66
2026-04-16,game_detail_gta6,4,36930,7597,0.422,182,74
2026-04-16,support,4,3283,2125,0.458,198,71
2026-04-16,product_ps5_pro,5,9270,4687,0.328,124,112
2026-04-16,product_ps5,5,12830,6488,0.318,94,71
2026-04-16,psplus,5,7554,2982,0.256,139,763
2026-04-16,home,5,14070,10044,0.543,171,116
2026-04-16,game_detail_spiderman2,5,4510,3252,0.299,186,59
2026-04-16,game_detail_astro,5,2911,2548,0.527,100,97
2026-04-16,game_detail_gta6,5,34314,7448,0.432,213,49
2026-04-16,support,5,2827,2864,0.526,89,82
2026-04-16,product_ps5,6,7520,7920,0.405,172,78
2026-04-16,psplus,6,4713,3673,0.345,140,619
2026-04-16,product_ps5_pro,6,9698,3800,0.391,76,119
2026-04-16,home,6,11160,9624,0.296,197,107
2026-04-16,game_detail_spiderman2,6,5615,2215,0.298,140,104
2026-04-16,game_detail_astro,6,2972,2518,0.317,137,74
2026-04-16,game_detail_gta6,6,45929,5684,0.442,188,66
2026-04-16,support,6,4130,2248,0.266,118,77
2026-04-16,psplus,2,4626,3911,0.294,147,422
2026-04-16,product_ps5_pro,2,6143,5193,0.519,215,81
2026-04-16,product_ps5,2,8770,7536,0.420,67,52
2026-04-16,home,2,16770,8556,0.405,216,87
2026-04-16,game_detail_spiderman2,2,4803,3953,0.420,95,56
2026-04-16,game_detail_gta6,2,34092,6132,0.283,154,87
2026-04-16,game_detail_astro,2,3538,2039,0.372,153,52
2026-04-16,support,2,3390,2061,0.510,208,60
2026-04-16,product_ps5_pro,3,7481,5523,0.463,198,56
2026-04-16,product_ps5,3,11090,5016,0.346,173,102
2026-04-16,home,3,16815,9072,0.376,114,57
2026-04-16,psplus,3,6020,4261,0.424,217,343
2026-04-16,game_detail_spiderman2,3,4400,3806,0.528,116,51
2026-04-16,game_detail_gta6,3,41319,7569,0.357,173,90
2026-04-16,game_detail_astro,3,2485,2014,0.433,201,88
2026-04-16,support,3,2800,2808,0.252,212,74
2026-04-17,product_ps5,1,10210,8520,0.474,119,74
2026-04-17,psplus,1,4264,3276,0.432,167,388
2026-04-17,product_ps5_pro,1,8202,4364,0.397,208,95
2026-04-17,home,1,12165,11616,0.274,119,76
2026-04-17,game_detail_spiderman2,1,3602,3740,0.444,138,48
2026-04-17,game_detail_astro,1,2584,2380,0.544,152,57
2026-04-17,game_detail_gta6,1,37595,7775,0.418,91,58
2026-04-17,support,1,3700,1869,0.448,152,66
2026-04-17,psplus,4,6411,3122,0.404,222,644
2026-04-17,product_ps5_pro,4,5914,6017,0.474,215,78
2026-04-17,product_ps5,4,7080,7352,0.343,221,108
2026-04-17,home,4,12075,12816,0.481,90,115
2026-04-17,game_detail_spiderman2,4,4845,3095,0.426,110,70
2026-04-17,game_detail_astro,4,3672,2046,0.504,90,91
2026-04-17,game_detail_gta6,4,47924,6384,0.333,191,105
2026-04-17,support,4,2523,2088,0.413,157,55
2026-04-17,product_ps5_pro,5,9563,6903,0.353,163,97
2026-04-17,product_ps5,5,9700,8688,0.311,92,48
2026-04-17,psplus,5,4667,4415,0.441,167,727
2026-04-17,home,5,12030,10380,0.537,59,117
2026-04-17,game_detail_spiderman2,5,4070,3197,0.533,182,74
2026-04-17,game_detail_astro,5,2281,1692,0.279,212,104
2026-04-17,game_detail_gta6,5,32762,6132,0.259,81,62
2026-04-17,support,5,3230,2435,0.259,186,59
2026-04-17,product_ps5,6,7510,5800,0.350,63,104
2026-04-17,psplus,6,6300,2982,0.441,207,335
2026-04-17,product_ps5_pro,6,6033,6352,0.305,196,53
2026-04-17,home,6,13230,12564,0.342,94,65
2026-04-17,game_detail_spiderman2,6,4015,3355,0.280,204,96
2026-04-17,game_detail_astro,6,2727,1937,0.548,47,53
2026-04-17,game_detail_gta6,6,55727,10267,0.271,162,117
2026-04-17,support,6,3940,2029,0.407,54,81
2026-04-17,psplus,2,6942,5119,0.258,210,454
2026-04-17,product_ps5_pro,2,5835,5257,0.394,92,80
2026-04-17,product_ps5,2,12270,6704,0.343,142,95
2026-04-17,home,2,16680,10488,0.380,210,92
2026-04-17,game_detail_spiderman2,2,4350,2442,0.328,198,113
2026-04-17,game_detail_gta6,2,32053,9044,0.428,87,79
2026-04-17,game_detail_astro,2,2325,2224,0.310,215,97
2026-04-17,support,2,4007,2923,0.492,70,89
2026-04-17,product_ps5_pro,3,10205,4547,0.522,88,64
2026-04-17,product_ps5,3,7220,5328,0.511,67,112
2026-04-17,home,3,13425,12444,0.437,179,109
2026-04-17,psplus,3,4707,2814,0.460,100,794
2026-04-17,game_detail_spiderman2,3,3951,3604,0.442,67,67
2026-04-17,game_detail_gta6,3,49343,9128,0.262,94,72
2026-04-17,game_detail_astro,3,2444,1834,0.365,138,58
2026-04-17,support,3,2613,1731,0.394,54,97
2026-04-18,product_ps5,1,11725,7240,0.384,109,96
2026-04-18,psplus,1,6191,3953,0.418,89,650
2026-04-18,product_ps5_pro,1,8867,5966,0.539,209,118
2026-04-18,home,1,20438,11220,0.317,159,66
2026-04-18,game_detail_spiderman2,1,5557,2229,0.302,72,114
2026-04-18,game_detail_astro,1,3967,2147,0.523,55,88
2026-04-18,game_detail_gta6,1,56802,9511,0.266,175,113
2026-04-18,support,1,3513,1789,0.426,65,58
2026-04-18,psplus,4,5797,3981,0.395,201,361
2026-04-18,product_ps5_pro,4,12746,4459,0.319,207,88
2026-04-18,product_ps5,4,8850,7496,0.524,183,107
2026-04-18,home,4,19913,9240,0.357,156,99
2026-04-18,game_detail_spiderman2,4,5666,3337,0.490,78,96
2026-04-18,game_detail_astro,4,4710,1783,0.404,66,56
2026-04-18,game_detail_gta6,4,68163,8643,0.373,213,62
2026-04-18,support,4,5233,2475,0.506,171,117
2026-04-18,product_ps5_pro,5,9490,4028,0.300,75,88
2026-04-18,product_ps5,5,9213,5856,0.401,82,52
2026-04-18,psplus,5,6380,4074,0.486,177,561
2026-04-18,home,5,21488,11532,0.277,207,54
2026-04-18,game_detail_spiderman2,5,6291,2776,0.506,139,98
2026-04-18,game_detail_astro,5,3496,2002,0.273,140,67
2026-04-18,game_detail_gta6,5,45774,7588,0.385,159,77
2026-04-18,support,5,4683,1611,0.490,91,84
2026-04-18,product_ps5,6,15588,5696,0.283,76,113
2026-04-18,psplus,6,7131,3430,0.513,131,710
2026-04-18,product_ps5_pro,6,11172,4199,0.490,175,97
2026-04-18,home,6,23363,7512,0.382,156,70
2026-04-18,game_detail_spiderman2,6,5254,2743,0.506,220,73
2026-04-18,game_detail_astro,6,2756,2084,0.275,104,109
2026-04-18,game_detail_gta6,6,65503,7952,0.480,168,111
2026-04-18,support,6,3646,2669,0.513,160,48
2026-04-18,psplus,2,5804,3859,0.287,148,774
2026-04-18,product_ps5_pro,2,9609,6390,0.512,97,64
2026-04-18,product_ps5,2,10463,7584,0.256,104,57
2026-04-18,home,2,16256,10752,0.509,216,95
2026-04-18,game_detail_spiderman2,2,5225,3036,0.267,55,101
2026-04-18,game_detail_gta6,2,59573,8185,0.497,110,110
2026-04-18,game_detail_astro,2,2691,1843,0.313,215,75
2026-04-18,support,2,3538,2499,0.470,85,97
2026-04-18,product_ps5_pro,3,12241,6099,0.473,66,95
2026-04-18,product_ps5,3,10188,5440,0.412,88,55
2026-04-18,home,3,19650,10284,0.523,88,115
2026-04-18,psplus,3,8480,5073,0.354,62,581
2026-04-18,game_detail_spiderman2,3,6445,3007,0.277,221,69
2026-04-18,game_detail_gta6,3,66223,6571,0.485,160,93
2026-04-18,game_detail_astro,3,3011,1687,0.529,90,54
2026-04-18,support,3,5238,1939,0.299,61,115
2026-04-19,product_ps5,1,14713,8632,0.369,118,101
2026-04-19,psplus,1,8342,2819,0.320,70,590
2026-04-19,product_ps5_pro,1,10499,4294,0.387,46,59
2026-04-19,home,1,20081,9168,0.484,175,96
2026-04-19,game_detail_spiderman2,1,5471,2988,0.265,212,96
2026-04-19,game_detail_astro,1,2789,2298,0.399,115,54
2026-04-19,game_detail_gta6,1,51925,9473,0.547,67,60
2026-04-19,support,1,4404,1827,0.358,222,79
2026-04-19,psplus,4,9443,3075,0.444,75,364
2026-04-19,product_ps5_pro,4,11924,5320,0.419,113,85
2026-04-19,product_ps5,4,11600,5600,0.502,164,109
2026-04-19,home,4,22669,10968,0.514,80,108
2026-04-19,game_detail_spiderman2,4,4091,2237,0.511,129,116
2026-04-19,game_detail_astro,4,3161,2165,0.265,200,82
2026-04-19,game_detail_gta6,4,64228,8671,0.323,157,93
2026-04-19,support,4,3008,2339,0.515,92,70
2026-04-19,product_ps5_pro,5,11687,5542,0.250,131,84
2026-04-19,product_ps5,5,11588,6368,0.262,47,53
2026-04-19,psplus,5,7911,4531,0.462,56,328
2026-04-19,home,5,15113,13044,0.387,59,72
2026-04-19,game_detail_spiderman2,5,5603,2424,0.464,129,83
2026-04-19,game_detail_astro,5,4164,2389,0.507,58,89
2026-04-19,game_detail_gta6,5,57412,7280,0.434,136,49
2026-04-19,support,5,3417,2640,0.398,67,57
2026-04-19,product_ps5,6,15650,7304,0.470,143,48
2026-04-19,psplus,6,5483,4923,0.250,75,545
2026-04-19,product_ps5_pro,6,8451,6435,0.391,111,70
2026-04-19,home,6,16575,8688,0.316,68,81
2026-04-19,game_detail_spiderman2,6,6548,2820,0.388,200,92
2026-04-19,game_detail_astro,6,4368,2340,0.358,193,65
2026-04-19,game_detail_gta6,6,62455,10229,0.446,78,54
2026-04-19,support,6,3221,2203,0.325,154,56
2026-04-19,psplus,2,5709,3071,0.344,179,554
2026-04-19,product_ps5_pro,2,10955,6289,0.515,191,90
2026-04-19,product_ps5,2,13588,7072,0.397,74,107
2026-04-19,home,2,17025,10440,0.502,114,92
2026-04-19,game_detail_spiderman2,2,6955,3703,0.460,96,50
2026-04-19,game_detail_gta6,2,59351,8381,0.463,158,100
2026-04-19,game_detail_astro,2,3675,1729,0.443,52,89
2026-04-19,support,2,4538,1611,0.491,89,119
2026-04-19,product_ps5_pro,3,8867,5307,0.474,102,62
2026-04-19,product_ps5,3,10288,5712,0.526,219,90
2026-04-19,home,3,18656,9804,0.256,173,87
2026-04-19,psplus,3,7109,3799,0.381,113,398
2026-04-19,game_detail_spiderman2,3,7053,3337,0.481,178,90
2026-04-19,game_detail_gta6,3,60293,9651,0.444,125,68
2026-04-19,game_detail_astro,3,2782,2445,0.307,120,118
2026-04-19,support,3,4963,2200,0.378,92,119
2026-04-20,product_ps5,1,11970,4896,0.460,147,115
2026-04-20,psplus,1,6609,3724,0.427,104,726
2026-04-20,product_ps5_pro,1,7766,5409,0.486,182,71
2026-04-20,home,1,17970,11292,0.444,53,49
2026-04-20,game_detail_spiderman2,1,3602,3487,0.424,202,95
2026-04-20,game_detail_astro,1,2395,1640,0.265,161,62
2026-04-20,game_detail_gta6,1,31166,6095,0.367,107,92
2026-04-20,support,1,3353,2632,0.367,71,100
2026-04-20,psplus,4,5781,4270,0.299,103,747
2026-04-20,product_ps5_pro,4,9136,6143,0.497,106,51
2026-04-20,product_ps5,4,12640,8288,0.508,70,84
2026-04-20,home,4,16665,11652,0.348,203,108
2026-04-20,game_detail_spiderman2,4,4583,2578,0.462,101,92
2026-04-20,game_detail_astro,4,3669,2564,0.411,191,58
2026-04-20,game_detail_gta6,4,34979,9791,0.262,212,92
2026-04-20,support,4,3140,1835,0.515,215,49
2026-04-20,product_ps5_pro,5,9999,3806,0.280,215,107
2026-04-20,product_ps5,5,12950,5080,0.454,63,57
2026-04-20,psplus,5,4987,4270,0.447,56,645
2026-04-20,home,5,15330,9048,0.309,197,80
2026-04-20,game_detail_spiderman2,5,5527,3395,0.310,150,51
2026-04-20,game_detail_astro,5,2998,2492,0.501,159,95
2026-04-20,game_detail_gta6,5,38127,9613,0.272,73,60
2026-04-20,support,5,2893,2685,0.382,138,108
2026-04-20,product_ps5,6,7970,4928,0.319,93,111
2026-04-20,psplus,6,6586,2945,0.522,179,386
2026-04-20,product_ps5_pro,6,8835,4250,0.467,50,72
2026-04-20,home,6,16185,9516,0.295,169,73
2026-04-20,game_detail_spiderman2,6,5839,2787,0.258,95,65
2026-04-20,game_detail_astro,6,3590,2296,0.329,131,106
2026-04-20,game_detail_gta6,6,57190,9455,0.331,143,108
2026-04-20,support,6,3587,1755,0.482,197,102
2026-04-20,psplus,2,4089,4480,0.451,129,712
2026-04-20,product_ps5_pro,2,5573,6137,0.424,97,85
2026-04-20,product_ps5,2,8460,5688,0.449,90,62
2026-04-20,home,2,13020,8472,0.321,182,96
2026-04-20,game_detail_spiderman2,2,5477,2471,0.337,75,94
2026-04-20,game_detail_gta6,2,41407,9987,0.541,154,119
2026-04-20,game_detail_astro,2,2398,2359,0.531,53,67
2026-04-20,support,2,2680,2824,0.424,123,95
2026-04-20,product_ps5_pro,3,8613,4110,0.521,198,71
2026-04-20,product_ps5,3,9290,8576,0.464,181,90
2026-04-20,home,3,18810,8568,0.508,79,111
2026-04-20,psplus,3,4171,3103,0.362,176,618
2026-04-20,game_detail_spiderman2,3,5578,2713,0.453,146,56
2026-04-20,game_detail_gta6,3,47215,6841,0.358,164,97
2026-04-20,game_detail_astro,3,3725,1792,0.549,70,106
2026-04-20,support,3,3710,2245,0.524,215,105
2026-04-21,product_ps5,1,11870,8176,0.472,153,90
2026-04-21,psplus,1,7105,4989,0.362,189,690
2026-04-21,product_ps5_pro,1,5763,5789,0.441,150,52
2026-04-21,home,1,17145,11112,0.401,160,79
2026-04-21,game_detail_spiderman2,1,5601,3285,0.503,187,105
2026-04-21,game_detail_astro,1,2602,1902,0.496,80,72
2026-04-21,game_detail_gta6,1,39146,9408,0.462,104,56
2026-04-21,support,1,3023,2789,0.441,214,67
2026-04-21,psplus,4,5320,4872,0.461,131,735
2026-04-21,product_ps5_pro,4,7283,4883,0.531,205,111
2026-04-21,product_ps5,4,8980,6064,0.543,164,49
2026-04-21,home,4,19065,8508,0.354,157,86
2026-04-21,game_detail_spiderman2,4,5592,2284,0.252,60,71
2026-04-21,game_detail_astro,4,2196,2417,0.452,112,114
2026-04-21,game_detail_gta6,4,40255,7961,0.365,172,96
2026-04-21,support,4,2467,2320,0.448,197,51
2026-04-21,product_ps5_pro,5,9373,6941,0.348,206,76
2026-04-21,product_ps5,5,10760,5160,0.366,58,100
2026-04-21,psplus,5,6685,4919,0.341,77,570
2026-04-21,home,5,17355,12276,0.378,138,112
2026-04-21,game_detail_spiderman2,5,5046,3630,0.522,160,59
2026-04-21,game_detail_astro,5,3518,2249,0.402,179,59
2026-04-21,game_detail_gta6,5,55904,5675,0.441,159,65
2026-04-21,support,5,2483,2539,0.403,125,88
2026-04-21,product_ps5,6,9660,8760,0.353,208,108
2026-04-21,psplus,6,7426,3705,0.446,145,582
2026-04-21,product_ps5_pro,6,6753,6948,0.526,83,80
2026-04-21,home,6,13905,11904,0.265,49,51
2026-04-21,game_detail_spiderman2,6,4340,2552,0.305,133,52
2026-04-21,game_detail_astro,6,3200,2298,0.383,152,81
2026-04-21,game_detail_gta6,6,36087,8876,0.429,125,118
2026-04-21,support,6,3077,2835,0.451,126,60
2026-04-21,psplus,2,5588,4643,0.441,197,406
2026-04-21,product_ps5_pro,2,6325,5472,0.345,213,71
2026-04-21,product_ps5,2,12800,5824,0.306,158,57
2026-04-21,home,2,18420,11976,0.261,194,61
2026-04-21,game_detail_spiderman2,2,5395,2515,0.538,87,118
2026-04-21,game_detail_gta6,2,38171,9837,0.549,70,80
2026-04-21,game_detail_astro,2,2456,2240,0.405,108,100
2026-04-21,support,2,3630,2907,0.539,137,53
2026-04-21,product_ps5_pro,3,9991,5991,0.521,127,63
2026-04-21,product_ps5,3,7210,6160,0.331,105,74
2026-04-21,home,3,11385,7872,0.310,146,94
2026-04-21,psplus,3,6691,4928,0.369,98,655
2026-04-21,game_detail_spiderman2,3,3589,2387,0.495,100,75
2026-04-21,game_detail_gta6,3,55550,7700,0.400,203,94
2026-04-21,game_detail_astro,3,2899,2494,0.367,67,58
2026-04-21,support,3,3600,1603,0.316,214,61
2026-04-22,product_ps5,1,10020,5056,0.429,57,110
2026-04-22,psplus,1,4264,4265,0.313,87,565
2026-04-22,product_ps5_pro,1,9753,4345,0.292,112,116
2026-04-22,home,1,14340,10212,0.322,156,80
2026-04-22,game_detail_spiderman2,1,4299,3846,0.433,199,97
2026-04-22,game_detail_astro,1,2984,1930,0.385,152,90
2026-04-22,game_detail_gta6,1,46373,9305,0.378,69,104
2026-04-22,support,1,4327,2933,0.387,130,111
2026-04-22,psplus,4,4591,4032,0.533,59,482
2026-04-22,product_ps5_pro,4,6325,6093,0.407,118,64
2026-04-22,product_ps5,4,10500,5976,0.288,172,87
2026-04-22,home,4,13515,10512,0.441,100,72
2026-04-22,game_detail_spiderman2,4,5129,3392,0.296,210,51
2026-04-22,game_detail_astro,4,3410,2203,0.256,45,75
2026-04-22,game_detail_gta6,4,33161,7131,0.489,150,93
2026-04-22,support,4,3797,2216,0.467,58,55
2026-04-22,product_ps5_pro,5,9801,6118,0.339,91,99
2026-04-22,product_ps5,5,12100,7888,0.486,198,60
2026-04-22,psplus,5,5308,3509,0.306,63,673
2026-04-22,home,5,11385,9600,0.476,51,120
2026-04-22,game_detail_spiderman2,5,4203,2633,0.449,49,96
2026-04-22,game_detail_astro,5,3564,1629,0.485,107,105
2026-04-22,game_detail_gta6,5,35511,6767,0.489,96,85
2026-04-22,support,5,2553,2243,0.333,161,61
2026-04-22,product_ps5,6,10440,5296,0.509,145,60
2026-04-22,psplus,6,7099,4018,0.381,49,498
2026-04-22,product_ps5_pro,6,6848,4047,0.302,96,109
2026-04-22,home,6,12510,7836,0.281,107,107
2026-04-22,game_detail_spiderman2,6,5349,3421,0.408,221,69
2026-04-22,game_detail_astro,6,2150,1647,0.438,118,119
2026-04-22,game_detail_gta6,6,53688,8969,0.342,101,94
2026-04-22,support,6,2367,1872,0.502,111,61
2026-04-22,psplus,2,4731,3267,0.293,78,632
2026-04-22,product_ps5_pro,2,8233,5288,0.543,196,53
2026-04-22,product_ps5,2,10510,8096,0.342,109,107
2026-04-22,home,2,17865,9564,0.422,163,58
2026-04-22,game_detail_spiderman2,2,4240,3861,0.371,174,114
2026-04-22,game_detail_gta6,2,57633,8951,0.341,173,103
2026-04-22,game_detail_astro,2,3168,2504,0.380,152,51
2026-04-22,support,2,3900,2547,0.373,186,88
2026-04-22,product_ps5_pro,3,8328,4351,0.423,94,107
2026-04-22,product_ps5,3,9460,6376,0.464,118,81
2026-04-22,home,3,12030,7680,0.333,90,66
2026-04-22,psplus,3,6656,3239,0.460,127,719
2026-04-22,game_detail_spiderman2,3,4973,3645,0.432,187,100
2026-04-22,game_detail_gta6,3,52092,6039,0.438,145,107
2026-04-22,game_detail_astro,3,3774,2014,0.463,127,99
2026-04-22,support,3,3663,2456,0.516,84,90
2026-04-23,product_ps5,1,8890,7624,0.388,96,79
2026-04-23,psplus,1,5454,3892,0.349,151,646
2026-04-23,product_ps5_pro,1,9389,3857,0.317,214,58
2026-04-23,home,1,12555,8400,0.324,172,110
2026-04-23,game_detail_spiderman2,1,3951,3777,0.502,188,115
2026-04-23,game_detail_astro,1,2602,1671,0.265,137,103
2026-04-23,game_detail_gta6,1,35821,8325,0.390,211,57
2026-04-23,support,1,3727,2891,0.492,125,77
2026-04-23,psplus,4,4760,2931,0.318,197,453
2026-04-23,product_ps5_pro,4,7275,6593,0.407,62,71
2026-04-23,product_ps5,4,8350,8312,0.395,94,64
2026-04-23,home,4,13155,12768,0.347,89,63
2026-04-23,game_detail_spiderman2,4,4427,3480,0.253,203,71
2026-04-23,game_detail_astro,4,2100,2196,0.345,127,98
2026-04-23,game_detail_gta6,4,57279,6449,0.409,111,53
2026-04-23,support,4,3787,2304,0.388,76,59
2026-04-23,product_ps5_pro,5,9888,6948,0.279,91,111
2026-04-23,product_ps5,5,11740,5016,0.274,142,54
2026-04-23,psplus,5,4107,4858,0.259,173,705
2026-04-23,home,5,11070,7956,0.538,131,49
2026-04-23,game_detail_spiderman2,5,5550,2684,0.418,113,119
2026-04-23,game_detail_astro,5,2418,1451,0.374,219,93
2026-04-23,game_detail_gta6,5,35777,9996,0.548,179,115
2026-04-23,support,5,3567,1805,0.255,106,68
2026-04-23,product_ps5,6,12830,6792,0.409,158,93
2026-04-23,psplus,6,4422,4275,0.481,72,320
2026-04-23,product_ps5_pro,6,9920,5333,0.256,105,94
2026-04-23,home,6,17760,11388,0.320,167,114
2026-04-23,game_detail_spiderman2,6,5097,2556,0.328,189,54
2026-04-23,game_detail_astro,6,2287,2347,0.441,222,99
2026-04-23,game_detail_gta6,6,46594,8876,0.405,100,51
2026-04-23,support,6,3210,2331,0.466,54,101
2026-04-23,psplus,2,6329,4942,0.273,70,391
2026-04-23,product_ps5_pro,2,8653,3914,0.315,164,57
2026-04-23,product_ps5,2,12540,8216,0.364,142,76
2026-04-23,home,2,11550,9468,0.548,155,110
2026-04-23,game_detail_spiderman2,2,5871,2391,0.395,88,120
2026-04-23,game_detail_gta6,2,40742,7448,0.405,63,50
2026-04-23,game_detail_astro,2,2365,2277,0.270,177,95
2026-04-23,support,2,3777,2435,0.547,92,115
2026-04-23,product_ps5_pro,3,7212,6916,0.406,207,104
2026-04-23,product_ps5,3,8400,4800,0.502,208,82
2026-04-23,home,3,19155,9780,0.312,127,50
2026-04-23,psplus,3,6142,5119,0.372,180,395
2026-04-23,game_detail_spiderman2,3,3822,3718,0.527,52,75
2026-04-23,game_detail_gta6,3,31876,9651,0.380,133,97
2026-04-23,game_detail_astro,3,2348,2527,0.277,164,65
2026-04-23,support,3,2823,2923,0.319,58,74
2026-04-24,product_ps5,1,10290,8544,0.356,125,78
2026-04-24,psplus,1,4970,4947,0.256,136,440
2026-04-24,product_ps5_pro,1,7972,4845,0.396,181,51
2026-04-24,home,1,12015,13044,0.344,127,75
2026-04-24,game_detail_spiderman2,1,3703,3135,0.492,59,69
2026-04-24,game_detail_astro,1,2269,2352,0.309,81,82
2026-04-24,game_detail_gta6,1,37772,5805,0.503,59,55
2026-04-24,support,1,3890,2840,0.536,205,93
2026-04-24,psplus,4,7146,5124,0.373,183,370
2026-04-24,product_ps5_pro,4,6753,5827,0.542,211,117
2026-04-24,product_ps5,4,9540,6184,0.431,126,58
2026-04-24,home,4,18600,12228,0.364,113,90
2026-04-24,game_detail_spiderman2,4,4354,2398,0.379,60,78
2026-04-24,game_detail_astro,4,2462,1547,0.281,72,50
2026-04-24,game_detail_gta6,4,52579,7233,0.436,178,86
2026-04-24,support,4,4007,2477,0.277,62,93
2026-04-24,product_ps5_pro,5,7750,4326,0.388,215,51
2026-04-24,product_ps5,5,7300,5960,0.525,204,103
2026-04-24,psplus,5,4801,3850,0.319,180,669
2026-04-24,home,5,13695,12996,0.542,175,119
2026-04-24,game_detail_spiderman2,5,5477,2548,0.262,45,98
2026-04-24,game_detail_astro,5,2736,1776,0.488,47,61
2026-04-24,game_detail_gta6,5,51870,9380,0.481,50,96
2026-04-24,support,5,3040,2232,0.547,119,96
2026-04-24,product_ps5,6,8260,7176,0.312,53,73
2026-04-24,psplus,6,5046,3239,0.396,164,472
2026-04-24,product_ps5_pro,6,8859,4205,0.310,213,61
2026-04-24,home,6,15840,7236,0.521,116,73
2026-04-24,game_detail_spiderman2,6,4363,3322,0.260,115,73
2026-04-24,game_detail_astro,6,3684,1650,0.387,218,85
2026-04-24,game_detail_gta6,6,33383,8867,0.397,136,107
2026-04-24,support,6,2750,1653,0.306,137,54
2026-04-24,psplus,2,5635,4835,0.341,171,587
2026-04-24,product_ps5_pro,2,8210,6454,0.469,45,109
2026-04-24,product_ps5,2,7190,8800,0.483,194,89
2026-04-24,home,2,16350,9792,0.367,174,102
2026-04-24,game_detail_spiderman2,2,3337,2728,0.500,168,60
2026-04-24,game_detail_gta6,2,53333,7607,0.491,222,119
2026-04-24,game_detail_astro,2,2532,2121,0.435,49,77
2026-04-24,support,2,3003,1755,0.300,92,97
2026-04-24,product_ps5_pro,3,7117,6105,0.292,173,100
2026-04-24,product_ps5,3,11510,8736,0.431,50,117
2026-04-24,home,3,15705,10920,0.546,170,51
2026-04-24,psplus,3,4503,4261,0.439,126,655
2026-04-24,game_detail_spiderman2,3,3451,3311,0.256,57,97
2026-04-24,game_detail_gta6,3,33339,9053,0.474,187,56
2026-04-24,game_detail_astro,3,2383,2044,0.367,116,90
2026-04-24,support,3,4323,2037,0.442,76,99
2026-04-25,product_ps5,1,10663,5832,0.365,213,119
2026-04-25,psplus,1,7642,3052,0.458,145,710
2026-04-25,product_ps5_pro,1,12627,6859,0.451,167,88
2026-04-25,home,1,20063,12936,0.277,103,111
2026-04-25,game_detail_spiderman2,1,4618,2402,0.458,162,81
2026-04-25,game_detail_astro,1,3146,1834,0.485,153,94
2026-04-25,game_detail_gta6,1,68329,5908,0.322,59,118
2026-04-25,support,1,3708,1611,0.460,79,84
2026-04-25,psplus,4,7270,3612,0.380,191,376
2026-04-25,product_ps5_pro,4,9579,4617,0.516,76,117
2026-04-25,product_ps5,4,11850,6768,0.502,62,61
2026-04-25,home,4,17850,12444,0.373,161,62
2026-04-25,game_detail_spiderman2,4,6577,3630,0.493,108,100
2026-04-25,game_detail_astro,4,3449,1608,0.356,98,62
2026-04-25,game_detail_gta6,4,41175,7625,0.360,79,61
2026-04-25,support,4,3446,2277,0.428,79,103
2026-04-25,product_ps5_pro,5,9549,4617,0.378,191,57
2026-04-25,product_ps5,5,14838,7880,0.383,155,112
2026-04-25,psplus,5,6198,3103,0.388,107,533
2026-04-25,home,5,14625,9672,0.428,51,92
2026-04-25,game_detail_spiderman2,5,5901,2996,0.530,47,80
2026-04-25,game_detail_astro,5,3453,1629,0.311,211,107
2026-04-25,game_detail_gta6,5,62843,8829,0.531,153,86
2026-04-25,support,5,4008,2307,0.422,87,106
2026-04-25,product_ps5,6,13888,5640,0.303,95,115
2026-04-25,psplus,6,9406,2842,0.520,53,515
2026-04-25,product_ps5_pro,6,12172,6770,0.344,103,60
2026-04-25,home,6,24188,9516,0.508,51,108
2026-04-25,game_detail_spiderman2,6,5523,2468,0.389,137,50
2026-04-25,game_detail_astro,6,3876,2319,0.367,124,72
2026-04-25,game_detail_gta6,6,61623,5647,0.540,91,52
2026-04-25,support,6,2975,2411,0.357,114,105
2026-04-25,psplus,2,9173,4681,0.299,63,542
2026-04-25,product_ps5_pro,2,8520,5124,0.523,127,63
2026-04-25,product_ps5,2,10050,7512,0.524,148,55
2026-04-25,home,2,22463,9264,0.391,73,74
2026-04-25,game_detail_spiderman2,2,5225,2981,0.361,194,112
2026-04-25,game_detail_gta6,2,62067,8960,0.350,206,116
2026-04-25,game_detail_astro,2,3453,1615,0.295,102,74
2026-04-25,support,2,3492,1971,0.438,124,102
2026-04-25,product_ps5_pro,3,12855,6055,0.294,121,102
2026-04-25,product_ps5,3,14650,6832,0.363,84,76
2026-04-25,home,3,22706,11280,0.428,123,101
2026-04-25,psplus,3,6264,3542,0.294,161,556
2026-04-25,game_detail_spiderman2,3,6680,2750,0.274,180,77
2026-04-25,game_detail_gta6,3,50873,9156,0.384,219,95
2026-04-25,game_detail_astro,3,3011,1573,0.337,128,69
2026-04-25,support,3,3096,2733,0.279,163,66
2026-04-26,product_ps5,1,14400,6368,0.514,209,52
2026-04-26,psplus,1,5505,5115,0.539,120,787
2026-04-26,product_ps5_pro,1,9688,5675,0.361,92,97
2026-04-26,home,1,19106,13056,0.519,160,76
2026-04-26,game_detail_spiderman2,1,6543,3975,0.411,215,71
2026-04-26,game_detail_astro,1,3383,1470,0.387,192,54
2026-04-26,game_detail_gta6,1,70878,8447,0.330,223,85
2026-04-26,support,1,3775,1765,0.478,130,80
2026-04-26,psplus,4,5914,4942,0.351,57,344
2026-04-26,product_ps5_pro,4,8570,5567,0.268,157,84
2026-04-26,product_ps5,4,9800,8632,0.531,128,102
2026-04-26,home,4,18206,7380,0.493,87,110
2026-04-26,game_detail_spiderman2,4,4927,3670,0.326,83,55
2026-04-26,game_detail_astro,4,3351,1717,0.323,69,101
2026-04-26,game_detail_gta6,4,40233,6141,0.537,90,98
2026-04-26,support,4,3733,1637,0.437,155,75
2026-04-26,product_ps5_pro,5,7897,5725,0.401,73,83
2026-04-26,product_ps5,5,13075,6560,0.289,72,120
2026-04-26,psplus,5,9005,3327,0.425,92,443
2026-04-26,home,5,19706,10536,0.413,116,75
2026-04-26,game_detail_spiderman2,5,6858,2688,0.316,168,85
2026-04-26,game_detail_astro,5,2651,1624,0.256,150,119
2026-04-26,game_detail_gta6,5,60072,9903,0.281,149,66
2026-04-26,support,5,3929,2472,0.422,209,92
2026-04-26,product_ps5,6,9450,5824,0.492,52,105
2026-04-26,psplus,6,7263,4704,0.539,101,742
2026-04-26,product_ps5_pro,6,11558,5618,0.487,83,112
2026-04-26,home,6,22969,8988,0.517,110,117
2026-04-26,game_detail_spiderman2,6,5191,2471,0.318,118,80
2026-04-26,game_detail_astro,6,3420,1503,0.266,139,54
2026-04-26,game_detail_gta6,6,41452,10089,0.360,46,104
2026-04-26,support,6,4533,1643,0.261,45,117
2026-04-26,psplus,2,7139,3211,0.281,211,387
2026-04-26,product_ps5_pro,2,8896,5542,0.332,111,68
2026-04-26,product_ps5,2,10663,5552,0.272,87,89
2026-04-26,home,2,16013,8124,0.331,55,55
2026-04-26,game_detail_spiderman2,2,4629,3146,0.341,61,60
2026-04-26,game_detail_gta6,2,51371,6580,0.427,140,89
2026-04-26,game_detail_astro,2,3876,2259,0.308,46,49
2026-04-26,support,2,4054,2469,0.330,200,117
2026-04-26,product_ps5_pro,3,8144,5814,0.525,123,104
2026-04-26,product_ps5,3,9488,8792,0.260,173,48
2026-04-26,home,3,19800,10188,0.323,188,61
2026-04-26,psplus,3,6497,4181,0.433,181,560
2026-04-26,game_detail_spiderman2,3,4205,2669,0.394,218,57
2026-04-26,game_detail_gta6,3,56636,6879,0.485,89,67
2026-04-26,game_detail_astro,3,3536,1983,0.524,64,63
2026-04-26,support,3,4113,1763,0.359,127,73
2026-04-27,product_ps5,1,11770,7488,0.266,160,102
2026-04-27,psplus,1,6807,3243,0.453,200,649
2026-04-27,product_ps5_pro,1,9413,4630,0.305,185,117
2026-04-27,home,1,14505,9732,0.317,217,100
2026-04-27,game_detail_spiderman2,1,3960,3608,0.342,217,117
2026-04-27,game_detail_astro,1,2628,1766,0.324,119,109
2026-04-27,game_detail_gta6,1,53244,8372,0.442,167,71
2026-04-27,support,1,2700,1965,0.468,150,113
2026-04-27,psplus,4,5559,3729,0.286,189,682
2026-04-27,product_ps5_pro,4,7331,4091,0.450,110,79
2026-04-27,product_ps5,4,10460,5848,0.375,109,114
2026-04-27,home,4,16935,10344,0.264,88,57
2026-04-27,game_detail_spiderman2,4,5940,3069,0.276,112,61
2026-04-27,game_detail_astro,4,2106,2450,0.314,87,115
2026-04-27,game_detail_gta6,4,54220,6085,0.408,123,81
2026-04-27,support,4,2870,2507,0.353,65,108
2026-04-27,product_ps5_pro,5,6618,3914,0.420,105,102
2026-04-27,product_ps5,5,9710,4952,0.302,225,69
2026-04-27,psplus,5,7426,4559,0.417,211,348
2026-04-27,home,5,14145,8076,0.349,162,63
2026-04-27,game_detail_spiderman2,5,5138,3509,0.320,205,60
2026-04-27,game_detail_astro,5,2196,2263,0.322,115,97
2026-04-27,game_detail_gta6,5,47614,7775,0.500,207,69
2026-04-27,support,5,3047,1672,0.317,184,77
2026-04-27,product_ps5,6,11320,7496,0.322,106,86
2026-04-27,psplus,6,4719,4149,0.320,140,577
2026-04-27,product_ps5_pro,6,8360,6853,0.493,116,76
2026-04-27,home,6,17745,10884,0.502,194,68
2026-04-27,game_detail_spiderman2,6,4244,3828,0.304,92,77
2026-04-27,game_detail_astro,6,3678,2030,0.472,131,102
2026-04-27,game_detail_gta6,6,49875,9156,0.292,218,48
2026-04-27,support,6,3013,2093,0.363,58,118
2026-04-27,psplus,2,4247,3215,0.375,110,367
2026-04-27,product_ps5_pro,2,6025,5839,0.437,171,57
2026-04-27,product_ps5,2,8720,4824,0.354,222,93
2026-04-27,home,2,11655,12216,0.291,133,73
2026-04-27,game_detail_spiderman2,2,4405,3106,0.408,147,70
2026-04-27,game_detail_gta6,2,39191,6104,0.442,66,112
2026-04-27,game_detail_astro,2,3666,2310,0.534,50,59
2026-04-27,support,2,3897,1875,0.398,199,97
2026-04-27,product_ps5_pro,3,7877,4661,0.266,77,105
2026-04-27,product_ps5,3,12600,5912,0.457,58,98
2026-04-27,home,3,15660,7572,0.454,221,111
2026-04-27,psplus,3,4772,3911,0.425,139,755
2026-04-27,game_detail_spiderman2,3,4661,2504,0.347,48,117
2026-04-27,game_detail_gta6,3,31787,8652,0.454,220,53
2026-04-27,game_detail_astro,3,2386,1932,0.516,107,51
2026-04-27,support,3,4027,2536,0.305,65,108
2026-04-28,product_ps5,1,7840,7744,0.356,115,112
2026-04-28,psplus,1,7122,3019,0.381,75,480
2026-04-28,product_ps5_pro,1,6721,4769,0.319,127,112
2026-04-28,home,1,14850,7692,0.444,133,55
2026-04-28,game_detail_spiderman2,1,4070,2526,0.473,192,90
2026-04-28,game_detail_astro,1,3048,1769,0.543,48,84
2026-04-28,game_detail_gta6,1,51072,6141,0.305,196,78
2026-04-28,support,1,4123,2917,0.339,132,58
2026-04-28,psplus,4,7572,4289,0.466,55,664
2026-04-28,product_ps5_pro,4,6603,5067,0.521,214,102
2026-04-28,product_ps5,4,11400,4904,0.438,177,66
2026-04-28,home,4,16560,13128,0.306,211,109
2026-04-28,game_detail_spiderman2,4,4107,3337,0.352,128,93
2026-04-28,game_detail_astro,4,2908,1442,0.294,98,81
2026-04-28,game_detail_gta6,4,55018,6067,0.394,182,48
2026-04-28,support,4,4300,2152,0.547,155,62
2026-04-28,product_ps5_pro,5,6761,3895,0.517,159,50
2026-04-28,product_ps5,5,7140,7896,0.328,142,83
2026-04-28,psplus,5,7204,4765,0.507,73,671
2026-04-28,home,5,15660,12780,0.279,111,116
2026-04-28,game_detail_spiderman2,5,3259,2222,0.304,50,61
2026-04-28,game_detail_astro,5,2470,2266,0.431,47,87
2026-04-28,game_detail_gta6,5,56348,9725,0.391,203,90
2026-04-28,support,5,4130,1952,0.286,165,67
2026-04-28,product_ps5,6,11010,5704,0.484,176,73
2026-04-28,psplus,6,7350,3761,0.467,222,466
2026-04-28,product_ps5_pro,6,9761,5149,0.547,208,89
2026-04-28,home,6,16290,8220,0.291,164,107
2026-04-28,game_detail_spiderman2,6,5816,3040,0.376,60,109
2026-04-28,game_detail_astro,6,2666,1547,0.473,61,103
2026-04-28,game_detail_gta6,6,53865,10015,0.288,162,64
2026-04-28,support,6,2977,2493,0.312,85,110
2026-04-28,psplus,2,4247,3094,0.312,162,376
2026-04-28,product_ps5_pro,2,9635,6384,0.476,55,86
2026-04-28,product_ps5,2,9820,7696,0.285,92,60
2026-04-28,home,2,12645,8628,0.535,108,93
2026-04-28,game_detail_spiderman2,2,5294,3469,0.506,97,70
2026-04-28,game_detail_gta6,2,49210,9343,0.309,61,81
2026-04-28,game_detail_astro,2,3150,2520,0.305,206,106
2026-04-28,support,2,4307,2368,0.323,187,72
2026-04-28,product_ps5_pro,3,8162,4940,0.437,95,82
2026-04-28,product_ps5,3,11520,7376,0.257,142,50
2026-04-28,home,3,15675,9204,0.439,139,116
2026-04-28,psplus,3,4147,3855,0.375,194,466
2026-04-28,game_detail_spiderman2,3,4423,3777,0.521,176,114
2026-04-28,game_detail_gta6,3,43934,7131,0.366,154,71
2026-04-28,game_detail_astro,3,3127,1619,0.507,112,100
2026-04-28,support,3,2400,2856,0.389,105,78
2026-04-29,product_ps5,1,9920,4816,0.446,156,64
2026-04-29,psplus,1,6212,3645,0.534,169,363
2026-04-29,product_ps5_pro,1,7378,5060,0.549,183,79
2026-04-29,home,1,17640,12768,0.284,190,101
2026-04-29,game_detail_spiderman2,1,4198,3120,0.440,153,110
2026-04-29,game_detail_astro,1,2500,1703,0.541,48,99
2026-04-29,game_detail_gta6,1,52180,9791,0.384,199,81
2026-04-29,support,1,3563,2229,0.407,178,81
2026-04-29,psplus,4,6487,4909,0.520,80,793
2026-04-29,product_ps5_pro,4,8566,3908,0.356,70,114
2026-04-29,product_ps5,4,8900,6880,0.299,68,70
2026-04-29,home,4,15270,7800,0.370,65,107
2026-04-29,game_detail_spiderman2,4,3479,2475,0.252,199,65
2026-04-29,game_detail_astro,4,2998,2256,0.404,110,67
2026-04-29,game_detail_gta6,4,37284,9352,0.364,138,49
2026-04-29,support,4,3757,2757,0.390,67,58
2026-04-29,product_ps5_pro,5,8154,5041,0.275,219,68
2026-04-29,product_ps5,5,8040,5320,0.406,112,106
2026-04-29,psplus,5,5361,3901,0.362,84,666
2026-04-29,home,5,14580,8496,0.437,203,67
2026-04-29,game_detail_spiderman2,5,4487,3608,0.466,73,52
2026-04-29,game_detail_astro,5,2476,2287,0.360,201,78
2026-04-29,game_detail_gta6,5,34580,8559,0.382,223,56
2026-04-29,support,5,3997,1845,0.274,213,60
2026-04-29,product_ps5,6,9230,7408,0.279,64,82
2026-04-29,psplus,6,7502,3855,0.526,88,738
2026-04-29,product_ps5_pro,6,8067,5263,0.299,151,67
2026-04-29,home,6,12900,10404,0.250,175,65
2026-04-29,game_detail_spiderman2,6,4684,3993,0.469,136,111
2026-04-29,game_detail_astro,6,3450,1867,0.270,143,87
2026-04-29,game_detail_gta6,6,34624,7056,0.272,45,51
2026-04-29,support,6,2477,2077,0.530,169,87
2026-04-29,psplus,2,6282,3374,0.391,171,674
2026-04-29,product_ps5_pro,2,6832,5960,0.452,177,81
2026-04-29,product_ps5,2,12710,6176,0.305,137,106
2026-04-29,home,2,11430,12672,0.414,156,78
2026-04-29,game_detail_spiderman2,2,4977,3802,0.539,150,110
2026-04-29,game_detail_gta6,2,36974,7588,0.318,118,98
2026-04-29,game_detail_astro,2,2993,1650,0.509,174,75
2026-04-29,support,2,3130,2528,0.490,165,102
2026-04-29,product_ps5_pro,3,7687,4763,0.529,133,98
2026-04-29,product_ps5,3,10390,8776,0.545,139,53
2026-04-29,home,3,13530,10332,0.525,171,63
2026-04-29,psplus,3,7309,2893,0.346,219,755
2026-04-29,game_detail_spiderman2,3,5853,2959,0.531,48,117
2026-04-29,game_detail_gta6,3,42870,8979,0.307,60,117
2026-04-29,game_detail_astro,3,2473,2210,0.263,112,86
2026-04-29,support,3,3410,1920,0.431,142,58
2026-04-30,product_ps5,1,8630,6224,0.300,213,88
2026-04-30,psplus,1,4637,3696,0.390,52,710
2026-04-30,product_ps5_pro,1,10213,3819,0.447,68,108
2026-04-30,home,1,16995,10368,0.525,99,99
2026-04-30,game_detail_spiderman2,1,3396,3865,0.261,166,69
2026-04-30,game_detail_astro,1,2196,1517,0.280,47,90
2026-04-30,game_detail_gta6,1,39545,10033,0.475,98,58
2026-04-30,support,1,3953,1613,0.545,79,75
2026-04-30,psplus,4,6329,4139,0.518,90,666
2026-04-30,product_ps5_pro,4,6191,5358,0.375,149,115
2026-04-30,product_ps5,4,9500,5920,0.408,55,103
2026-04-30,home,4,17925,8544,0.456,118,72
2026-04-30,game_detail_spiderman2,4,4217,3751,0.296,205,95
2026-04-30,game_detail_astro,4,3030,1846,0.515,108,60
2026-04-30,game_detail_gta6,4,41008,7504,0.391,59,66
2026-04-30,support,4,3817,2344,0.284,91,104
2026-04-30,product_ps5_pro,5,10141,6707,0.407,152,86
2026-04-30,product_ps5,5,7050,7944,0.455,213,70
2026-04-30,psplus,5,5238,3071,0.518,94,662
2026-04-30,home,5,17385,9984,0.352,57,118
2026-04-30,game_detail_spiderman2,5,5518,3560,0.437,114,72
2026-04-30,game_detail_astro,5,2505,2000,0.391,200,96
2026-04-30,game_detail_gta6,5,53466,8176,0.408,214,94
2026-04-30,support,5,3710,2187,0.370,142,93
2026-04-30,product_ps5,6,8430,5976,0.347,74,99
2026-04-30,psplus,6,5057,3332,0.402,129,643
2026-04-30,product_ps5_pro,6,6135,6276,0.388,222,60
2026-04-30,home,6,10665,9924,0.395,89,106
2026-04-30,game_detail_spiderman2,6,4556,3098,0.364,63,80
2026-04-30,game_detail_astro,6,3173,2487,0.544,184,104
2026-04-30,game_detail_gta6,6,37018,7420,0.410,61,110
2026-04-30,support,6,3377,2469,0.447,223,60
2026-04-30,psplus,2,4544,3920,0.310,142,729
2026-04-30,product_ps5_pro,2,9088,5681,0.525,53,58
2026-04-30,product_ps5,2,12540,8520,0.516,152,95
2026-04-30,home,2,16995,10176,0.402,79,64
2026-04-30,game_detail_spiderman2,2,5766,3487,0.397,62,91
2026-04-30,game_detail_gta6,2,55328,7709,0.452,183,91
2026-04-30,game_detail_astro,2,3191,2501,0.386,138,102
2026-04-30,support,2,2740,2664,0.431,56,70
2026-04-30,product_ps5_pro,3,7458,5960,0.328,106,74
2026-04-30,product_ps5,3,9830,5016,0.403,114,116
2026-04-30,home,3,12345,8940,0.254,111,119
2026-04-30,psplus,3,4328,4592,0.253,120,722
2026-04-30,game_detail_spiderman2,3,5207,3142,0.373,99,120
2026-04-30,game_detail_gta6,3,49831,9109,0.371,80,70
2026-04-30,game_detail_astro,3,3205,1498,0.368,222,52
2026-04-30,support,3,2983,2675,0.395,215,112
