DATE_DAY,CHANNEL_ID,POST_ID,CAMPAIGN_ID,TITLE_ID,POST_TYPE,IMPRESSIONS,REACH,LIKES,COMMENTS,SHARES,SAVES,VIDEO_VIEWS,AVG_WATCH_SEC,FOLLOWS_ATTRIBUTED,LINK_CLICKS
2025-11-01,12,1,105,1,YT_TRAILER,1275000,2062200,38505,1355,11200,16326,1205600,76,3751,22995
2025-11-01,18,2,105,1,YT_SHORT,567000,158400,50490,2391,821,2402,465000,23,526,1416
2025-11-01,18,3,104,2,YT_LONG,303750,254700,5968,2610,1389,761,0,276,1823,10073
2025-11-01,18,4,109,8,BLOG_POST,63270,218700,8728,384,1742,2251,0,0,918,25476
2025-11-01,18,5,105,1,BLOG_POST,63555,249900,3960,507,1016,1241,0,0,809,16940
2025-11-01,19,6,101,,TT_VIDEO,837600,211800,56715,2574,1488,1448,328300,14,758,1278
2025-11-01,19,7,109,8,IG_STORY,345800,215100,8432,1861,1151,902,0,0,468,1768
2025-11-01,20,8,109,8,BLOG_DEV_DIARY,27666,285300,8328,1137,824,1839,0,0,724,805
2025-11-02,20,9,105,1,BLOG_POST,51680,167700,9016,249,843,1181,0,0,460,15422
2025-11-02,20,10,109,8,BLOG_POST,90535,295200,5152,320,1611,2165,0,0,991,9900
2025-11-02,20,11,105,1,YT_TRAILER,1075000,1283100,101490,1212,8820,10764,1137400,90,3587,26775
2025-11-03,12,12,109,8,BLOG_DEV_DIARY,60262,241200,3984,1465,908,2057,0,0,768,1414
2025-11-03,12,13,105,1,BLOG_DEV_DIARY,47212,267900,5888,1434,780,948,0,0,759,833
2025-11-03,12,14,107,,TT_TRENDING,2509500,1576400,80100,12936,34875,1311,1789300,9,3731,1196
2025-11-03,12,15,107,,IG_POST,263200,244500,10008,1509,950,10289,0,0,462,1080
2025-11-03,12,16,108,,TT_VIDEO,1134000,168300,47785,1173,1382,1705,867300,22,812,1390
2025-11-03,18,17,108,,BLOG_POST,63270,185100,9048,495,1638,1859,0,0,853,14058
2025-11-03,19,18,104,2,YT_TRAILER,2250000,1881600,98345,1415,25816,7794,1126400,70,4154,21770
2025-11-04,12,19,108,,IG_STORY,407680,136800,8384,1280,903,2004,0,0,745,1680
2025-11-04,12,20,109,8,YT_TRAILER,1935000,2095800,98345,777,9296,10908,2316600,60,5002,21560
2025-11-04,18,21,101,,TT_TRENDING,1893500,2209200,144540,5532,32175,2154,2409900,14,4713,1344
2025-11-04,18,22,104,2,BLOG_DEV_DIARY,59972,203700,3384,2365,1659,1434,0,0,292,1397
2025-11-04,18,23,101,,IG_STORY,284440,164700,6720,680,738,1899,0,0,784,4998
2025-11-04,18,24,109,8,YT_LONG,322200,121500,2904,7191,543,961,0,417,947,2644
2025-11-04,18,25,101,,TT_VIDEO,597600,176400,95190,1052,918,1505,855540,22,399,1435
2025-11-04,19,26,107,,TT_TRENDING,2915500,1265600,212580,11376,31770,1632,2610000,10,4180,882
2025-11-04,19,27,104,2,BLOG_DEV_DIARY,54056,197400,2920,724,1742,1144,0,0,944,611
2025-11-04,19,28,101,,YT_SHORT,388800,288600,29810,2200,1463,1573,272250,29,814,997
2025-11-04,20,29,104,2,YT_TRAILER,1575000,1558200,63240,2020,18284,9648,1443200,85,1403,35210
2025-11-05,12,30,107,,TT_TRENDING,1484000,2464000,178920,5748,50940,884,3311800,9,3634,470
2025-11-05,12,31,107,,IG_REEL,321100,294000,38892,1650,4308,2427,225160,15,620,1088
2025-11-05,12,32,105,1,YT_LONG,273150,264900,7568,9240,945,1668,0,416,2030,7973
2025-11-05,12,33,104,2,BLOG_POST,84740,131100,4400,144,1430,1421,0,0,930,20152
2025-11-05,18,34,104,2,IG_STORY,489840,282000,7760,1881,1221,1080,0,0,303,3158
2025-11-05,18,35,107,,IG_REEL,325650,133800,16422,1195,4308,2017,566280,17,842,1019
2025-11-05,19,36,105,1,BLOG_DEV_DIARY,33234,267900,5160,2354,990,686,0,0,902,1265
2025-11-05,19,37,101,,BLOG_POST,41230,180900,7488,408,1629,1626,0,0,256,20812
2025-11-05,20,38,105,1,IG_POST,267120,127500,11700,2339,567,9377,0,0,458,1180
2025-11-05,20,39,107,,BLOG_DEV_DIARY,62118,203700,2536,2231,1733,2301,0,0,949,947
2025-11-05,20,40,108,,IG_REEL,282750,266700,29820,909,9204,1168,582400,14,479,713
2025-11-06,12,41,104,2,TT_TRENDING,2912000,2298800,201240,7224,26325,1641,925100,12,3939,1070
2025-11-06,12,42,107,,IG_REEL,275600,191100,14574,1525,8904,2187,327080,13,464,794
2025-11-06,18,43,104,2,BLOG_DEV_DIARY,52200,132000,2624,994,1482,851,0,0,302,443
2025-11-06,18,44,108,,YT_LONG,269550,225300,8328,5330,782,1518,0,398,1312,5882
2025-11-06,18,45,107,,BLOG_POST,69540,208200,3832,234,1434,2292,0,0,281,12056
2025-11-06,19,46,108,,YT_SHORT,701100,277200,66000,1720,792,2501,834750,31,797,520
2025-11-07,12,47,101,,YT_LONG,763020,286800,4264,5772,650,739,0,369,1591,8704
2025-11-07,12,48,104,2,IG_POST,325584,143400,13680,1228,1706,7078,0,0,795,461
2025-11-07,12,49,101,,BLOG_POST,111663,146100,4304,154,585,942,0,0,877,21230
2025-11-07,12,50,105,1,YT_TRAILER,2970000,1568700,50915,2268,30856,5832,2039400,76,2066,28665
2025-11-07,18,51,104,2,YT_TRAILER,2493000,1730400,25925,1500,20468,9954,976800,67,2932,30170
2025-11-07,18,52,107,,YT_LONG,596970,240000,8176,9597,1278,2394,0,274,2070,4080
2025-11-07,18,53,107,,YT_TRAILER,4599000,2011800,66300,1162,16660,10764,2272600,66,2612,20615
2025-11-07,18,54,109,8,BLOG_DEV_DIARY,80597,148500,6320,2009,824,2598,0,0,386,787
2025-11-07,18,55,109,8,YT_LONG,860220,268200,3776,3358,1110,1703,0,271,1165,4845
2025-11-07,18,56,105,1,YT_TRAILER,3091500,1789200,30430,1415,22344,16146,1124200,59,2936,38045
2025-11-07,18,57,104,2,IG_POST,425376,189000,15606,992,1472,4351,0,0,677,1268
2025-11-07,19,58,109,8,YT_TRAILER,2020500,1117200,94520,1841,25060,11988,1324400,76,4036,33740
2025-11-07,19,59,108,,BLOG_DEV_DIARY,113587,173700,3032,1588,1565,1115,0,0,446,1207
2025-11-07,19,60,109,8,IG_STORY,658008,260400,3304,684,615,2523,0,0,366,4628
2025-11-07,19,61,108,,YT_LONG,646380,162600,8928,7880,1103,2101,0,386,1355,4947
2025-11-07,19,62,101,,YT_TRAILER,3019500,1974000,62220,957,10976,8136,2013000,60,1760,24150
2025-11-07,19,63,105,1,BLOG_POST,69084,284700,8024,530,780,2510,0,0,788,21516
2025-11-07,19,64,104,2,IG_STORY,490464,169800,2824,2004,1127,2251,0,0,860,3910
2025-11-07,19,65,108,,IG_POST,285264,275400,8640,2380,588,5719,0,0,816,396
2025-11-07,19,66,105,1,TT_TRENDING,3263400,2027200,88020,5892,44100,2319,3442300,12,6338,703
2025-11-07,20,67,104,2,YT_TRAILER,4437000,972300,37825,2429,31080,20808,2444200,62,1672,41860
2025-11-07,20,68,105,1,BLOG_DEV_DIARY,72349,244500,3176,964,1241,2253,0,0,651,377
2025-11-07,20,69,107,,YT_LONG,526500,297900,5760,7021,1634,900,0,270,1120,3774
2025-11-07,20,70,101,,YT_TRAILER,3343500,1806000,72675,1947,21616,14904,1181400,66,2520,30520
2025-11-07,20,71,109,8,TT_VIDEO,1434240,124200,113715,1709,806,2079,305760,17,311,388
2025-11-07,20,72,108,,TT_VIDEO,1242000,290700,82935,2493,792,2112,994700,20,875,1391
2025-11-07,20,73,108,,YT_SHORT,712800,138900,44825,1452,1317,1692,871500,25,758,670
2025-11-07,20,74,109,8,YT_TRAILER,4162500,1572900,86700,1989,17752,17928,2362800,77,3007,15050
2025-11-07,20,75,104,2,IG_STORY,795600,146700,4144,1621,1313,2614,0,0,961,4754
2025-11-08,12,76,101,,BLOG_DEV_DIARY,53650,254700,6480,1302,1314,1190,0,0,963,996
2025-11-08,12,77,105,1,IG_REEL,657150,212700,42840,1698,12012,1140,580840,14,751,728
2025-11-08,12,78,108,,IG_POST,147560,232200,10008,1745,908,5871,0,0,366,619
2025-11-08,18,79,105,1,TT_VIDEO,1226400,294000,62225,1980,1245,1239,547820,16,302,1032
2025-11-08,18,80,107,,IG_POST,199640,150300,13950,1976,1151,6033,0,0,299,832
2025-11-08,19,81,109,8,IG_REEL,477100,184500,29274,2031,4296,2464,582920,13,798,1302
2025-11-08,19,82,108,,BLOG_DEV_DIARY,63684,154200,7008,1956,1370,1703,0,0,498,1261
2025-11-08,19,83,105,1,YT_SHORT,844200,259200,44770,2559,806,2090,518250,22,847,1226
2025-11-08,19,84,105,1,TT_VIDEO,1038000,185400,33440,2545,1271,812,714420,17,724,473
2025-11-08,19,85,109,8,YT_SHORT,405900,263400,32065,931,869,2022,727500,21,909,846
2025-11-08,20,86,108,,IG_REEL,358150,224400,13524,1419,13788,865,205400,12,453,600
2025-11-08,20,87,105,1,YT_TRAILER,2750000,2028600,52870,1419,21728,7542,752400,94,2365,30695
2025-11-09,12,88,105,1,YT_SHORT,522900,141000,51590,1113,915,2530,865500,28,524,827
2025-11-09,12,89,101,,BLOG_POST,75905,194400,6408,539,1518,2354,0,0,507,14806
2025-11-09,18,90,109,8,IG_POST,302120,178800,11142,2306,1221,6745,0,0,860,803
2025-11-09,18,91,107,,IG_REEL,423150,243900,47628,845,13584,2629,226200,15,966,440
2025-11-09,18,92,104,2,IG_STORY,288080,170700,2600,821,993,1467,0,0,615,2772
2025-11-09,18,93,107,,YT_LONG,415800,164700,2688,9495,660,1654,0,376,691,5066
2025-11-09,19,94,105,1,IG_STORY,425360,146400,9048,970,1653,2279,0,0,888,4288
2025-11-09,20,95,105,1,IG_REEL,566800,141900,33810,1307,9456,2369,217880,16,725,491
2025-11-10,12,96,108,,IG_REEL,655850,199200,34188,700,11376,1085,551200,11,558,438
2025-11-10,12,97,109,8,YT_TRAILER,1300000,846300,36550,2284,9240,7020,2235200,78,3410,13825
2025-11-10,12,98,107,,YT_TRAILER,1762500,1062600,95285,1932,21896,13932,1179200,74,4444,20195
2025-11-10,12,99,108,,YT_LONG,306450,181200,6424,6826,689,2475,0,257,1894,10115
2025-11-10,12,100,103,,BLOG_POST,64790,132900,8576,286,1572,1577,0,0,979,19932
2025-11-10,12,101,108,,BLOG_DEV_DIARY,36366,144600,4184,1432,1209,1199,0,0,319,908
2025-11-10,18,102,101,,TT_VIDEO,546000,187500,72200,1819,1592,1151,1020180,20,587,1130
2025-11-10,19,103,109,8,YT_TRAILER,1220000,1119300,55165,1269,30324,5868,1977800,83,3448,16695
2025-11-10,19,104,105,1,BLOG_DEV_DIARY,32886,194100,8920,671,1176,1747,0,0,452,1402
2025-11-10,19,105,108,,IG_STORY,412360,187200,2656,1918,1154,1650,0,0,756,2407
2025-11-10,19,106,101,,YT_TRAILER,1707500,2022300,69360,678,24388,18594,2222000,85,2264,16940
2025-11-10,19,107,104,2,YT_LONG,226800,294600,5760,10200,1521,1278,0,264,2106,5024
2025-11-10,20,108,103,,YT_LONG,408150,258000,2904,7183,615,2246,0,318,616,7514
2025-11-10,20,109,105,1,YT_TRAILER,1400000,1316700,64090,2541,28112,8118,1595000,91,3007,15120
2025-11-10,20,110,109,8,IG_REEL,605800,193200,33642,1135,4776,1016,227760,12,679,1199
2025-11-11,12,111,108,,BLOG_POST,88255,163800,3128,531,1376,814,0,0,672,11858
2025-11-11,12,112,103,,YT_LONG,415800,189600,7040,5398,1067,1340,0,273,1642,3426
2025-11-11,18,113,109,8,TT_VIDEO,1108800,146100,55385,1104,1145,2431,1125040,18,886,1312
2025-11-11,18,114,103,,IG_POST,178920,219900,10512,1190,1539,11220,0,0,756,1268
2025-11-11,18,115,107,,BLOG_POST,100510,129600,8896,485,1745,711,0,0,439,20856
2025-11-11,18,116,107,,BLOG_DEV_DIARY,26680,205500,7288,2277,543,904,0,0,660,708
2025-11-11,18,117,104,2,BLOG_DEV_DIARY,54752,234000,9408,1824,1353,2598,0,0,819,864
2025-11-11,19,118,109,8,IG_STORY,258440,175200,6136,1085,626,748,0,0,983,2797
2025-11-11,19,119,101,,YT_TRAILER,1565000,1883700,102000,1903,15904,19548,1568600,66,4288,16170
2025-11-11,19,120,107,,YT_TRAILER,1635000,2013900,25500,2251,30520,6336,2519000,80,4276,29715
2025-11-11,19,121,109,8,TT_VIDEO,633600,157500,70015,2548,458,1208,749700,18,1000,958
2025-11-11,19,122,101,,TT_TRENDING,2086000,1696800,127080,9780,25830,2105,2882600,9,5168,1393
2025-11-11,20,123,104,2,YT_LONG,277200,154200,8960,6792,579,999,0,332,1426,5882
2025-11-11,20,124,103,,BLOG_POST,97660,139200,8144,317,1019,669,0,0,538,13816
2025-11-11,20,125,101,,YT_LONG,490500,282900,6888,8806,1271,1621,0,333,1199,5738
2025-11-12,12,126,103,,BLOG_DEV_DIARY,50576,291600,4664,794,515,1056,0,0,969,980
2025-11-12,12,127,105,1,BLOG_DEV_DIARY,53302,282300,9168,2385,860,2328,0,0,685,894
2025-11-12,12,128,107,,YT_LONG,209250,157500,8928,4012,576,1280,0,406,1076,8696
2025-11-12,12,129,109,8,TT_TRENDING,3654000,2329600,150300,9744,30555,1857,2665100,13,5915,389
2025-11-12,12,130,104,2,YT_SHORT,845100,166200,50435,675,810,2013,552750,28,363,851
2025-11-12,18,131,103,,BLOG_DEV_DIARY,47734,236700,3336,673,456,858,0,0,741,611
2025-11-12,19,132,103,,BLOG_POST,58425,247200,5144,491,1604,2453,0,0,490,14278
2025-11-12,20,133,107,,IG_STORY,343720,126900,7312,1573,1028,946,0,0,620,4208
2025-11-13,12,134,101,,IG_STORY,360360,131700,3544,781,488,1868,0,0,558,3402
2025-11-13,12,135,105,1,BLOG_DEV_DIARY,48430,218700,4920,1740,1193,2442,0,0,263,1145
2025-11-13,18,136,103,,IG_POST,174440,195300,17046,1879,1097,9462,0,0,337,953
2025-11-13,18,137,109,8,TT_TRENDING,2891000,1240400,79380,10380,16785,724,2085100,13,3088,620
2025-11-13,18,138,101,,IG_STORY,371800,279900,7648,1533,467,849,0,0,803,3095
2025-11-13,18,139,104,2,BLOG_POST,100795,131400,7680,424,1116,689,0,0,829,17160
2025-11-13,19,140,109,8,BLOG_DEV_DIARY,44138,189000,9592,1826,1685,935,0,0,357,734
2025-11-13,19,141,104,2,BLOG_POST,96235,160800,5376,350,1251,2231,0,0,774,14476
2025-11-14,12,142,101,,YT_TRAILER,2575000,1005900,88995,2567,31416,8154,818400,59,3742,41615
2025-11-14,12,143,109,8,BLOG_POST,96900,299400,5160,256,1247,1995,0,0,609,16984
2025-11-14,18,144,103,,IG_STORY,460720,252600,2456,2110,1626,2198,0,0,388,4469
2025-11-14,18,145,105,1,IG_REEL,417300,237900,37254,1395,5388,2319,514800,12,920,532
2025-11-14,19,146,105,1,IG_POST,145880,171600,20538,2563,966,9956,0,0,1014,754
2025-11-14,19,147,107,,IG_REEL,321750,214500,41328,2609,6480,937,359320,18,694,503
2025-11-14,19,148,101,,BLOG_POST,102885,234300,7840,279,609,1476,0,0,662,23892
2025-11-14,20,149,104,2,TT_VIDEO,858000,225600,78850,737,566,970,415520,18,886,623
2025-11-14,20,150,109,8,TT_VIDEO,710400,146700,104690,2017,1587,834,734020,19,751,1279
2025-11-14,20,151,108,,TT_TRENDING,1512000,2573200,190800,4476,22410,1824,1586300,9,5200,792
2025-11-14,20,152,101,,BLOG_POST,45125,149400,9440,287,1241,2000,0,0,319,14410
2025-11-15,12,153,101,,YT_LONG,319050,148500,4272,3570,1298,1441,0,332,1382,4216
2025-11-15,18,154,105,1,YT_LONG,449100,143400,4144,7429,512,1555,0,266,547,4888
2025-11-15,18,155,105,1,IG_REEL,534300,173100,49896,1278,7920,1830,527800,14,258,830
2025-11-15,19,156,103,,YT_LONG,243900,273600,9032,5024,1511,1962,0,412,752,6656
2025-11-16,12,157,107,,BLOG_DEV_DIARY,40426,174900,7800,1943,1665,2389,0,0,280,1032
2025-11-16,18,158,109,8,YT_TRAILER,1967500,1071000,88315,750,26180,15912,706200,57,1844,17745
2025-11-16,19,159,109,8,IG_POST,217560,148500,5490,1980,1562,7553,0,0,644,1378
2025-11-16,19,160,107,,YT_SHORT,898200,255900,51810,2042,485,2136,708000,23,504,1284
2025-11-16,20,161,108,,TT_VIDEO,510000,273600,106400,1505,704,2191,404740,15,725,1069
2025-11-16,20,162,102,,IG_REEL,543400,201900,30366,1978,10944,2061,562640,11,315,1414
2025-11-17,12,163,108,,IG_REEL,684450,219900,35070,2631,13572,821,298480,13,420,864
2025-11-17,18,164,108,,IG_REEL,492050,242100,37170,1437,8760,1954,546000,15,827,774
2025-11-17,18,165,101,,TT_TRENDING,1704500,2016000,131220,6672,20430,2431,2641900,11,4641,673
2025-11-17,18,166,103,,BLOG_POST,52725,121800,4304,327,1718,1078,0,0,733,16896
2025-11-17,19,167,104,2,YT_LONG,329850,164700,7080,5712,861,2528,0,311,1449,3137
2025-11-17,19,168,103,,TT_TRENDING,3108000,2371600,98280,6744,32040,2182,1162900,9,7488,407
2025-11-17,19,169,109,8,IG_POST,246400,282300,15552,953,1641,10137,0,0,487,1094
2025-11-17,19,170,102,,TT_VIDEO,1143600,247200,37525,999,897,832,976080,15,754,461
2025-11-17,19,171,107,,YT_TRAILER,1210000,1306200,35020,1525,22596,19206,2554200,65,4662,29960
2025-11-17,20,172,109,8,IG_REEL,352950,276000,27678,2631,12720,1401,589160,17,868,520
2025-11-17,20,173,107,,YT_LONG,391500,143400,8600,2856,1391,2015,0,314,1825,7897
2025-11-17,20,174,108,,BLOG_POST,80180,177600,6120,502,1518,1096,0,0,299,7480
2025-11-17,20,175,101,,IG_REEL,271700,276900,45486,1199,4860,2528,551720,13,945,512
2025-11-18,12,176,103,,YT_SHORT,820800,280800,43780,1824,1659,2083,396750,23,691,766
2025-11-18,12,177,109,8,BLOG_DEV_DIARY,56260,145800,6552,1025,1656,1531,0,0,273,1262
2025-11-18,18,178,104,2,IG_STORY,522080,267300,5528,2609,482,680,0,0,855,4805
2025-11-18,18,179,107,,BLOG_POST,46835,144000,3848,435,1488,1188,0,0,930,25586
2025-11-18,19,180,101,,BLOG_DEV_DIARY,59682,200400,3928,1789,1715,915,0,0,678,1033
2025-11-18,19,181,107,,IG_REEL,492700,237600,22974,1432,5340,1100,559520,15,451,654
2025-11-18,20,182,103,,YT_LONG,431100,296700,5376,8152,1613,2376,0,341,1964,6698
2025-11-19,12,183,109,8,IG_STORY,431080,171300,6672,2314,1503,1720,0,0,633,4834
2025-11-19,19,184,102,,TT_TRENDING,3472000,1890000,131220,12480,32040,1063,2583900,10,7449,614
2025-11-19,19,185,102,,YT_LONG,346050,180000,3936,9469,1208,1797,0,359,1348,3774
2025-11-19,19,186,102,,IG_POST,173600,192900,17928,1265,683,5130,0,0,525,589
2025-11-19,19,187,103,,YT_SHORT,576000,207600,49225,1322,498,1824,422250,22,348,800
2025-11-19,20,188,107,,BLOG_POST,95855,133800,2984,530,1770,2070,0,0,995,15554
2025-11-19,20,189,105,1,YT_LONG,220050,189600,6960,5704,1799,838,0,367,1478,7778
2025-11-19,20,190,104,2,TT_TRENDING,1974000,1484000,139860,7392,26595,2031,1624000,11,3829,1118
2025-11-19,20,191,103,,TT_TRENDING,3300500,1839600,94500,13404,45945,1828,1661700,9,4212,511
2025-11-19,20,192,103,,YT_SHORT,432000,159900,38005,2585,1520,741,310500,29,818,1034
2025-11-19,20,193,103,,IG_STORY,352040,229500,7216,977,584,1813,0,0,533,1865
2025-11-20,12,194,104,2,IG_REEL,341250,155400,33432,669,4632,1753,157040,16,735,715
2025-11-20,12,195,108,,IG_POST,269920,197700,12150,1855,1025,8066,0,0,259,788
2025-11-20,12,196,105,1,TT_TRENDING,3447500,1668800,177480,9132,44820,2143,1339800,9,3107,870
2025-11-20,18,197,107,,TT_TRENDING,2947000,1584800,55620,6060,47070,2213,2578100,13,3647,1248
2025-11-20,18,198,109,8,IG_STORY,305240,129000,9000,2264,1517,986,0,0,338,2911
2025-11-20,18,199,101,,YT_LONG,312300,273300,7720,10183,1716,2607,0,291,2113,4582
2025-11-20,19,200,104,2,BLOG_DEV_DIARY,23490,280800,8584,933,1100,1320,0,0,326,875
2025-11-20,19,201,109,8,IG_REEL,646100,240300,21504,1030,6708,2125,614120,14,687,1145
2025-11-20,19,202,102,,IG_POST,164080,287100,13896,812,752,4171,0,0,258,706
2025-11-20,20,203,104,2,IG_REEL,469300,177000,24780,1175,6000,1861,333840,14,283,766
2025-11-20,20,204,101,,BLOG_DEV_DIARY,43964,162000,4392,2224,470,807,0,0,422,430
2025-11-21,12,205,103,,IG_STORY,261560,179100,9568,1998,509,2103,0,0,273,2176
2025-11-21,19,206,107,,YT_LONG,395100,172800,5256,5338,984,724,0,418,2059,9767
2025-11-21,19,207,103,,BLOG_POST,96995,156600,7568,268,702,695,0,0,360,21824
2025-11-21,19,208,104,2,IG_REEL,370500,210000,46746,1276,6420,2138,596960,11,592,1430
2025-11-21,20,209,104,2,TT_TRENDING,2642500,1178800,82080,11832,36495,1866,951200,12,6578,595
2025-11-21,20,210,103,,YT_TRAILER,1740000,1663200,84660,1657,26040,16128,1518000,79,1525,35420
2025-11-21,20,211,103,,IG_REEL,439400,181800,16884,724,4176,1274,227240,11,670,850
2025-11-22,12,212,102,,IG_REEL,343200,234600,47376,1364,4932,1617,418080,14,461,911
2025-11-22,12,213,104,2,TT_TRENDING,2835000,2343600,197640,9456,32220,840,1278900,9,2815,379
2025-11-22,12,214,102,,TT_VIDEO,604800,265200,92910,1014,1718,1203,665420,18,876,1385
2025-11-22,12,215,104,2,YT_SHORT,749700,246000,32065,1925,795,970,397500,27,462,1103
2025-11-22,12,216,102,,YT_LONG,291150,296400,6456,7693,656,1379,0,312,1879,5984
2025-11-22,18,217,108,,TT_VIDEO,738000,206100,97185,1973,1524,1701,643860,21,742,1188
2025-11-22,18,218,103,,BLOG_POST,38380,250800,8560,157,1004,1971,0,0,468,12342
2025-11-22,18,219,107,,YT_SHORT,962100,122100,25355,1166,504,977,401250,26,418,1069
2025-11-22,18,220,108,,YT_LONG,479700,263400,7216,6333,1575,1958,0,269,1593,7183
2025-11-22,18,221,105,1,IG_STORY,381680,179700,7128,812,593,1815,0,0,917,2839
2025-11-22,18,222,107,,YT_TRAILER,1665000,1493100,39100,1401,20216,5778,2171400,70,2050,35105
2025-11-22,19,223,102,,YT_SHORT,697500,275400,55935,1874,1346,2482,256500,32,945,985
2025-11-22,19,224,101,,TT_VIDEO,1192800,149400,105545,2057,999,790,1168160,18,680,1219
2025-11-22,19,225,107,,IG_POST,202720,175800,13644,1991,1286,9633,0,0,428,578
2025-11-22,20,226,104,2,YT_SHORT,699300,155400,57145,1217,822,1388,499500,31,402,534
2025-11-22,20,227,108,,TT_VIDEO,934800,141300,75240,2477,779,2431,1087800,17,466,671
2025-11-23,12,228,101,,TT_TRENDING,2240000,1856400,202860,7980,47835,1309,3047900,13,5896,773
2025-11-23,12,229,108,,BLOG_DEV_DIARY,61712,148800,3384,1756,1649,924,0,0,489,1346
2025-11-23,12,230,103,,YT_LONG,483750,201000,6736,10192,1134,1399,0,280,2090,5151
2025-11-23,18,231,105,1,IG_STORY,387920,136200,9176,1426,1607,1817,0,0,762,4796
2025-11-23,19,232,108,,TT_TRENDING,2502500,1747200,199620,12864,17550,695,1690700,10,5051,1222
2025-11-23,19,233,107,,TT_TRENDING,1505000,2626400,201060,6216,34650,1005,3285700,10,4576,757
2025-11-23,20,234,102,,TT_VIDEO,645600,189000,113430,1285,1299,1188,796740,21,564,1361
2025-11-23,20,235,109,8,IG_REEL,648700,154500,41454,1296,11760,2567,180440,13,751,565
2025-11-23,20,236,102,,IG_POST,198800,139500,15966,1212,1679,8037,0,0,932,1207
2025-11-24,12,237,101,,IG_POST,147000,133800,9558,948,1527,8351,0,0,458,1072
2025-11-24,12,238,109,8,YT_TRAILER,1885000,1787100,27795,2218,14560,19224,2169200,62,2541,12810
2025-11-24,12,239,103,,YT_TRAILER,2407500,1173900,37485,1670,26012,18918,1166000,61,2465,24360
2025-11-24,12,240,101,,BLOG_POST,75050,193500,7536,383,738,2603,0,0,422,20108
2025-11-24,12,241,103,,TT_TRENDING,1746500,1607200,193320,12660,51210,968,2592600,13,4180,407
2025-11-24,12,242,103,,BLOG_POST,76665,204900,9544,176,584,2354,0,0,373,13266
2025-11-24,12,243,103,,IG_REEL,555750,253500,31374,1316,6588,2407,380120,13,698,464
2025-11-24,18,244,103,,TT_VIDEO,597600,271200,85025,1456,1256,1157,499800,22,813,952
2025-11-24,19,245,105,1,IG_REEL,584350,161700,40110,1065,13716,2004,584480,17,448,421
2025-11-24,19,246,101,,TT_VIDEO,1296000,289200,34675,1593,903,1397,1162280,17,535,522
2025-11-24,19,247,101,,IG_STORY,476840,244500,5328,2398,1593,1104,0,0,328,3696
2025-11-24,20,248,101,,BLOG_POST,83220,196800,8656,384,669,2138,0,0,788,12958
2025-11-24,20,249,108,,BLOG_POST,95570,265500,3904,144,1074,1980,0,0,906,9614
2025-11-24,20,250,102,,IG_REEL,500500,165000,19530,1478,3732,1201,580320,14,510,414
2025-11-25,12,251,102,,YT_TRAILER,2650000,1094100,48280,1892,20776,11700,1350800,77,2507,38780
2025-11-25,12,252,102,,YT_LONG,215100,153900,6792,5976,564,2125,0,293,1418,8704
2025-11-25,12,253,105,1,IG_POST,251160,165300,7992,1344,897,11248,0,0,342,534
2025-11-25,18,254,104,2,TT_TRENDING,2523500,2791600,199620,10212,19125,678,1705200,9,3523,822
2025-11-25,18,255,103,,BLOG_DEV_DIARY,56492,211800,6384,1063,1526,2204,0,0,303,575
2025-11-25,18,256,104,2,YT_SHORT,866700,122700,26675,2301,467,2515,849000,26,632,1327
2025-11-25,18,257,108,,YT_LONG,412650,292500,5696,4896,744,1665,0,296,1499,5483
2025-11-25,18,258,103,,IG_STORY,258960,183600,4072,2449,1208,781,0,0,1014,1323
2025-11-25,20,259,103,,TT_TRENDING,2807000,1366400,205020,11760,50985,1131,3451000,9,5057,409
2025-11-25,20,260,104,2,IG_POST,123200,146400,7218,2609,1488,7420,0,0,585,1387
2025-11-25,20,261,105,1,BLOG_DEV_DIARY,46922,264000,4824,1283,1646,909,0,0,339,1177
2025-11-25,20,262,103,,BLOG_DEV_DIARY,26216,293700,9376,2244,1304,944,0,0,1000,1033
2025-11-25,20,263,101,,IG_STORY,494520,267300,5064,2160,1229,1111,0,0,336,4091
2025-11-26,12,264,108,,IG_REEL,323050,276300,13314,2394,9660,1496,567320,12,471,1379
2025-11-26,12,265,104,2,BLOG_POST,92530,245400,5808,461,1686,2581,0,0,361,13860
2025-11-26,12,266,108,,YT_LONG,247050,148200,6656,9631,1688,865,0,319,2007,3859
2025-11-26,12,267,108,,YT_SHORT,785700,277800,40865,1133,927,1751,759750,26,650,539
2025-11-26,18,268,104,2,YT_TRAILER,2102500,1100400,68340,1327,17052,17748,2321000,73,3524,21525
2025-11-26,18,269,109,8,BLOG_POST,81510,126600,6856,260,1787,2475,0,0,556,21208
2025-11-26,19,270,103,,YT_LONG,242550,157500,6656,4701,507,2473,0,420,661,2763
2025-11-26,19,271,108,,YT_SHORT,639900,276000,62315,2215,1710,825,821250,32,626,408
2025-11-26,20,272,107,,TT_VIDEO,1210800,234900,53390,2486,875,2266,557620,21,595,638
2025-11-26,20,273,102,,TT_VIDEO,1227600,137400,48545,2543,809,2310,936880,22,677,562
2025-11-27,12,274,103,,IG_POST,164920,145800,10116,1874,1689,5206,0,0,780,1332
2025-11-27,12,275,108,,YT_LONG,339750,126900,7080,7837,606,948,0,404,1337,4981
2025-11-27,18,276,103,,IG_REEL,585650,278400,45360,1012,11244,1791,502320,18,346,752
2025-11-27,18,277,103,,YT_TRAILER,2140000,1436400,100045,1140,31724,12672,2354000,76,1449,40880
2025-11-27,19,278,101,,TT_TRENDING,2614500,1523200,73620,3888,45225,999,2975400,14,4622,1334
2025-11-27,20,279,101,,YT_TRAILER,1072500,1451100,42670,1672,29120,15732,2019600,72,2499,26040
2025-11-27,20,280,102,,BLOG_DEV_DIARY,56144,275400,3168,2237,1788,2288,0,0,730,779
2025-11-27,20,281,103,,YT_LONG,351900,126300,4256,6035,1026,1797,0,371,1528,7625
2025-11-27,20,282,105,1,IG_REEL,422500,247200,15078,1353,9480,2523,490360,15,381,1214
2025-11-27,20,283,103,,TT_TRENDING,2159500,2660000,197640,5904,13815,981,1055600,10,7124,361
2025-11-28,12,284,101,,BLOG_POST,101745,222000,3040,389,1160,1456,0,0,977,14586
2025-11-28,12,285,104,2,YT_SHORT,1765800,284100,54780,706,879,1848,882750,29,615,1345
2025-11-28,12,286,105,1,IG_STORY,527904,185400,8008,1639,861,1461,0,0,653,4326
2025-11-28,12,287,104,2,BLOG_POST,177156,267600,3976,283,1401,1881,0,0,508,11066
2025-11-28,12,288,103,,YT_LONG,579960,221100,5096,8177,1521,2486,0,305,839,6962
2025-11-28,12,289,109,8,TT_VIDEO,2062800,210000,105355,2512,1322,1795,298900,14,616,1296
2025-11-28,18,290,102,,YT_SHORT,1033560,248100,41635,2009,918,2176,538500,33,404,883
2025-11-28,18,291,102,,TT_TRENDING,3301200,2004800,196740,4848,35280,1459,1597900,9,3036,972
2025-11-28,18,292,107,,YT_LONG,485190,218700,5216,9860,1587,2374,0,404,1514,4896
2025-11-28,18,293,107,,IG_POST,408744,120300,21528,2308,1064,4085,0,0,733,1097
2025-11-28,18,294,101,,IG_STORY,928512,227700,4928,1984,539,715,0,0,508,1991
2025-11-28,19,295,104,2,YT_SHORT,1318680,268500,52140,865,635,2152,258750,29,897,905
2025-11-28,19,296,103,,IG_STORY,902304,210900,7536,2180,1394,1307,0,0,264,4561
2025-11-28,19,297,104,2,YT_TRAILER,4230000,1262100,48875,805,10724,18918,2164800,82,4208,19215
2025-11-28,19,298,103,,YT_SHORT,1453140,186000,64075,1767,1713,2121,499500,24,496,1432
2025-11-28,19,299,105,1,IG_POST,521136,227400,9468,1982,1424,3126,0,0,473,620
2025-11-28,19,300,105,1,IG_STORY,729144,249300,7840,1478,1701,812,0,0,406,1730
2025-11-28,19,301,102,,YT_TRAILER,3091500,1285200,40800,1569,12264,18252,1733600,88,1529,14315
2025-11-28,19,302,109,8,IG_REEL,797940,291600,26124,1219,13884,1159,452920,11,485,1270
2025-11-28,20,303,104,2,IG_POST,285264,149400,10386,2299,1557,10374,0,0,982,533
2025-11-28,20,304,107,,YT_LONG,487620,298200,5680,6851,492,2543,0,299,1958,3749
2025-11-28,20,305,101,,YT_SHORT,1377000,291600,65725,1960,1439,1320,504000,27,961,1301
2025-11-28,20,306,104,2,BLOG_DEV_DIARY,67651,133800,3464,2389,954,2532,0,0,993,967
2025-11-28,20,307,102,,TT_VIDEO,1676160,124800,77710,992,1149,959,561540,22,747,504
2025-11-28,20,308,102,,IG_STORY,854568,144000,4008,843,1680,2405,0,0,315,3889
2025-11-28,20,309,103,,BLOG_POST,131841,240300,7008,532,879,1386,0,0,372,8910
2025-11-28,20,310,108,,IG_POST,266616,192600,9216,1725,563,9652,0,0,553,716
2025-11-29,12,311,104,2,TT_VIDEO,1514160,241800,90440,2517,962,2614,297920,16,331,688
2025-11-29,12,312,105,1,IG_STORY,879840,171900,5440,803,609,1628,0,0,452,1743
2025-11-29,12,313,102,,IG_REEL,1285830,191100,25536,1102,5928,2398,535080,16,914,763
2025-11-29,12,314,109,8,YT_TRAILER,1863000,1491000,57630,1197,27804,12816,787600,60,4859,21945
2025-11-29,12,315,101,,IG_POST,493416,245400,20484,1938,798,5862,0,0,573,1291
2025-11-29,12,316,102,,BLOG_DEV_DIARY,76943,163500,4920,1197,1745,1089,0,0,516,431
2025-11-29,18,317,104,2,IG_STORY,923832,156900,4712,1360,732,759,0,0,815,1449
2025-11-29,18,318,104,2,TT_VIDEO,1959120,281400,53010,660,1523,1907,849660,21,566,384
2025-11-29,18,319,105,1,IG_POST,427392,180600,14292,920,935,7762,0,0,307,1402
2025-11-29,18,320,105,1,YT_LONG,715230,120000,7568,8594,584,843,0,347,727,7744
2025-11-29,18,321,107,,BLOG_POST,161766,292800,6496,319,674,818,0,0,783,11660
2025-11-29,18,322,107,,IG_REEL,804960,246300,23394,2625,4092,682,273000,17,616,623
2025-11-29,18,323,108,,BLOG_DEV_DIARY,67964,246600,3872,673,1632,898,0,0,823,637
2025-11-29,18,324,104,2,YT_LONG,458460,215700,7264,9809,971,2290,0,378,905,4488
2025-11-29,18,325,101,,IG_POST,463680,292500,10098,2427,1341,9386,0,0,1009,931
2025-11-29,19,326,108,,IG_STORY,981864,203700,9464,1054,1724,1274,0,0,764,4343
2025-11-29,19,327,102,,IG_POST,541800,128100,21168,1256,456,7154,0,0,297,577
2025-11-29,19,328,105,1,YT_SHORT,983340,218400,29590,2026,642,2114,714000,29,624,1153
2025-11-29,19,329,109,8,YT_LONG,487620,246300,4832,5568,660,994,0,348,1444,4845
2025-11-29,20,330,103,,TT_VIDEO,1652400,271500,50825,2398,1143,1822,520380,16,337,841
2025-11-29,20,331,103,,YT_TRAILER,2916000,1579200,78455,1866,20356,5454,1117600,63,4465,27965
2025-11-29,20,332,108,,YT_LONG,843210,291300,3832,8594,1226,1494,0,396,1085,7242
2025-11-29,20,333,107,,TT_TRENDING,6218100,1643600,79740,10224,37710,983,3178400,9,7176,720
2025-11-29,20,334,108,,IG_STORY,730080,201000,9336,2288,1772,1958,0,0,383,3956
2025-11-29,20,335,102,,YT_LONG,655290,262500,4464,10200,1472,1382,0,264,1973,4743
2025-11-29,20,336,104,2,IG_POST,328608,170100,19332,814,1110,3021,0,0,878,983
2025-11-30,12,337,109,8,BLOG_POST,144837,188100,6672,257,1539,992,0,0,563,21802
2025-11-30,12,338,108,,TT_VIDEO,2067120,138300,41040,1047,1680,970,955500,17,389,1135
2025-11-30,12,339,104,2,TT_TRENDING,6098400,1612800,129420,3756,30420,2046,1716800,11,2249,586
2025-11-30,12,340,105,1,BLOG_POST,174078,136800,7408,530,704,2055,0,0,781,23408
2025-11-30,12,341,102,,BLOG_DEV_DIARY,75899,172200,8656,2292,1761,1784,0,0,940,578
2025-11-30,18,342,109,8,IG_POST,477792,233700,10386,2361,1427,10222,0,0,458,538
2025-11-30,18,343,101,,TT_VIDEO,961200,177000,90915,1890,1401,1764,885920,21,327,385
2025-11-30,18,344,105,1,IG_POST,269136,206100,11034,959,686,3126,0,0,816,516
2025-11-30,18,345,107,,BLOG_DEV_DIARY,77569,194100,8536,759,1206,1901,0,0,1001,682
2025-11-30,18,346,101,,IG_POST,470736,190200,12564,1287,545,10222,0,0,305,515
2025-11-30,18,347,105,1,YT_LONG,623700,250800,4216,2720,1623,1808,0,355,1553,9520
2025-11-30,18,348,103,,YT_LONG,578340,156900,7984,8135,1494,1657,0,328,1345,9138
2025-11-30,18,349,101,,YT_TRAILER,2457000,1253700,36040,1032,21672,7776,1254000,85,1772,16800
2025-11-30,18,350,103,,IG_REEL,1110330,189900,45738,1302,7776,761,230360,18,804,401
2025-11-30,19,351,105,1,YT_TRAILER,2632500,1549800,68595,847,32116,12348,2149400,59,4633,30905
2025-11-30,19,352,105,1,TT_TRENDING,2727900,2195200,157680,8208,33165,988,2760800,12,5252,1086
2025-11-30,19,353,108,,YT_SHORT,1148580,240300,23210,1494,1572,1049,500250,31,331,364
2025-11-30,19,354,102,,TT_VIDEO,2369520,288600,51395,1527,771,1027,294000,20,975,665
2025-11-30,19,355,104,2,YT_LONG,656100,274200,3440,3987,1749,2215,0,253,806,9452
2025-11-30,19,356,109,8,BLOG_DEV_DIARY,67547,183600,7344,2532,677,1043,0,0,859,1032
2025-11-30,20,357,101,,TT_TRENDING,4202100,2500400,131580,10752,41355,2141,1800900,13,4745,1028
2025-11-30,20,358,108,,YT_LONG,789750,297900,4120,5347,597,1230,0,328,871,4845
2025-11-30,20,359,104,2,TT_TRENDING,3849300,1237600,69840,7284,31905,2130,1731300,10,4960,847
2025-11-30,20,360,103,,YT_LONG,648000,157500,9432,5415,1001,662,0,274,1489,7761
2025-11-30,20,361,104,2,YT_LONG,586440,246600,3880,4208,480,2281,0,256,1919,6919
2025-11-30,20,362,107,,YT_LONG,803520,144600,3128,6027,1589,2455,0,394,2108,2788
2025-11-30,20,363,107,,BLOG_DEV_DIARY,71096,216300,8312,2017,1307,2345,0,0,518,410
2025-11-30,20,364,105,1,YT_LONG,818910,266700,3080,10158,1380,2141,0,409,1357,4361
2025-12-01,12,365,104,2,IG_STORY,553176,136500,5008,1463,1620,1498,0,0,989,2814
2025-12-01,12,366,102,,IG_POST,421848,253500,8514,757,1785,7667,0,0,921,484
2025-12-01,12,367,101,,YT_LONG,720090,180300,6424,2805,1104,1549,0,280,1314,5746
2025-12-01,12,368,102,,BLOG_POST,156978,200700,5728,479,1749,1258,0,0,564,9416
2025-12-01,12,369,102,,TT_VIDEO,1663200,160200,41800,708,1059,979,594860,19,688,817
2025-12-01,12,370,113,19,IG_STORY,1020240,211500,9424,1591,1404,2004,0,0,673,4486
2025-12-01,12,371,109,8,BLOG_POST,130473,120900,4184,379,1002,2372,0,0,328,17776
2025-12-01,18,372,101,,IG_POST,298872,204300,5994,1619,1785,8237,0,0,988,895
2025-12-01,18,373,103,,IG_REEL,1057680,249600,21588,1236,13272,2431,303680,14,558,938
2025-12-01,18,374,108,,TT_VIDEO,1915920,249300,54720,1038,1026,2319,965300,21,937,1097
2025-12-01,18,375,103,,YT_LONG,666630,140400,6472,9733,1232,807,0,290,1625,3137
2025-12-01,18,376,103,,TT_VIDEO,1719360,260100,39235,1775,864,686,1094660,19,613,386
2025-12-01,18,377,108,,TT_TRENDING,6602400,2545200,70380,12372,16200,1613,3468400,9,5818,674
2025-12-01,18,378,102,,IG_POST,274680,136800,6876,2605,807,9985,0,0,867,1045
2025-12-01,18,379,109,8,YT_TRAILER,2128500,934500,27370,682,27244,10566,2459600,89,2276,23205
2025-12-01,18,380,105,1,TT_TRENDING,3118500,2478000,192060,11796,29565,1247,1995200,13,3205,823
2025-12-01,18,381,102,,BLOG_POST,115083,268500,4600,258,477,2585,0,0,943,8778
2025-12-01,18,382,108,,BLOG_DEV_DIARY,60970,214500,8016,667,1334,1034,0,0,328,1176
2025-12-01,19,383,108,,IG_STORY,744120,170700,3360,2297,1785,2110,0,0,865,4040
2025-12-01,19,384,109,8,IG_STORY,915408,279900,4176,1454,1097,1206,0,0,870,2537
2025-12-01,19,385,109,8,YT_TRAILER,2862000,1218000,84915,1943,26180,18144,935000,64,3242,14560
2025-12-01,19,386,102,,YT_SHORT,944460,269100,55440,1254,1277,1932,429000,22,907,546
2025-12-01,19,387,108,,TT_TRENDING,3093300,1979600,172080,8412,30915,834,1084600,9,2802,592
2025-12-01,19,388,108,,YT_LONG,869940,210000,2664,7072,737,2378,0,305,961,3324
2025-12-01,19,389,105,1,IG_STORY,515736,137100,2752,2396,752,2539,0,0,513,3175
2025-12-01,19,390,105,1,IG_REEL,1223820,194100,18102,1789,7884,1888,219960,15,917,1393
2025-12-01,20,391,113,19,BLOG_POST,152190,178200,4496,531,1124,2493,0,0,879,22638
2025-12-01,20,392,102,,BLOG_DEV_DIARY,55019,166800,5712,1503,1244,1386,0,0,258,582
2025-12-01,20,393,105,1,YT_TRAILER,4914000,1915200,77095,1507,26040,9792,728200,80,2629,31465
2025-12-01,20,394,102,,IG_REEL,1074060,234900,34440,1285,8844,1201,302120,15,894,958
2025-12-01,20,395,101,,IG_REEL,771030,231300,45570,1571,7908,2279,539240,16,263,492
2025-12-01,20,396,107,,YT_LONG,880470,299100,3392,9758,503,1648,0,404,1832,9537
2025-12-02,12,397,113,19,TT_TRENDING,5871600,2486400,152640,13296,53460,1892,2679600,14,4557,391
2025-12-02,12,398,109,8,IG_POST,459144,163800,20376,1879,957,8617,0,0,331,1328
2025-12-02,12,399,104,2,TT_VIDEO,1704240,174600,106875,768,1586,2506,1024100,21,1010,1038
2025-12-02,12,400,107,,IG_STORY,890136,156000,2680,1452,455,1514,0,0,644,4666
2025-12-02,12,401,103,,BLOG_DEV_DIARY,73706,178200,7576,1729,1709,882,0,0,502,824
2025-12-02,12,402,105,1,IG_REEL,641160,235500,34566,2572,13788,2160,559000,17,524,1153
2025-12-02,12,403,113,19,IG_STORY,438048,171600,7064,937,1497,2127,0,0,277,3952
2025-12-02,18,404,102,,TT_TRENDING,4693500,2296000,193500,12708,43335,682,1632700,11,2945,890
2025-12-02,18,405,113,19,TT_TRENDING,5953500,2240000,210780,8904,42075,821,1644300,11,5675,1421
2025-12-02,18,406,103,,IG_STORY,961272,280800,4736,1965,1584,1003,0,0,687,2953
2025-12-02,18,407,108,,BLOG_POST,95931,228600,5944,445,1043,1723,0,0,277,9174
2025-12-02,18,408,105,1,IG_REEL,1075230,262800,27552,1883,7788,1100,312520,11,671,1025
2025-12-02,18,409,104,2,TT_TRENDING,6495300,2234400,104400,11052,21915,746,2067700,10,5831,1080
2025-12-02,18,410,104,2,YT_TRAILER,4495500,1862700,73185,2189,27524,19242,1526800,63,3696,24955
2025-12-02,19,411,103,,IG_REEL,1167660,220200,21462,1881,13044,2130,473200,17,447,1195
2025-12-02,19,412,105,1,YT_TRAILER,4743000,1921500,52785,2015,14140,13662,1346400,61,2348,14560
2025-12-02,19,413,103,,YT_SHORT,1529280,164400,61875,1252,1025,959,831750,22,441,1165
2025-12-02,19,414,109,8,IG_STORY,626184,294900,5656,1670,1419,2633,0,0,840,2398
2025-12-02,19,415,102,,YT_LONG,325620,164700,4344,7370,1025,1712,0,386,2120,5440
2025-12-02,19,416,103,,IG_STORY,482040,202200,4632,1606,1436,1555,0,0,366,3431
2025-12-02,19,417,107,,TT_TRENDING,6192900,1173200,114480,5808,32400,1287,1394900,9,3523,574
2025-12-02,20,418,109,8,BLOG_POST,161082,251400,5152,277,560,1595,0,0,613,10406
2025-12-02,20,419,107,,TT_VIDEO,1935360,187800,104880,1591,735,1817,359660,21,655,1260
2025-12-02,20,420,103,,IG_STORY,951912,292200,9072,2510,882,876,0,0,859,2024
2025-12-02,20,421,102,,YT_SHORT,1412640,168000,26950,1166,1140,2442,526500,25,597,690
2025-12-02,20,422,113,19,BLOG_POST,176130,205800,3008,436,1622,2204,0,0,310,12958
2025-12-02,20,423,113,19,TT_VIDEO,1496880,247500,83980,2387,647,1923,614460,17,870,986
2025-12-02,20,424,101,,IG_POST,489888,146100,19512,2605,1553,9367,0,0,711,574
2025-12-02,20,425,108,,YT_TRAILER,3105000,936600,95540,1498,32872,15912,948200,62,3578,26530
2025-12-02,20,426,109,8,YT_SHORT,1216620,127200,35915,1329,924,957,465000,26,686,1392
2025-12-03,12,427,105,1,IG_STORY,1003392,282300,8040,1373,1697,1300,0,0,906,3868
2025-12-03,12,428,105,1,IG_REEL,1160640,195900,16758,2433,5748,1962,503880,15,714,438
2025-12-03,12,429,109,8,BLOG_DEV_DIARY,76525,194400,5136,2154,620,748,0,0,413,552
2025-12-03,12,430,103,,IG_REEL,1093950,235200,40908,2189,9864,2433,498160,11,672,1067
2025-12-03,12,431,102,,BLOG_POST,182970,296400,8872,210,731,2154,0,0,465,21120
2025-12-03,12,432,102,,BLOG_DEV_DIARY,83416,123900,4936,750,585,1258,0,0,356,450
2025-12-03,12,433,104,2,YT_SHORT,1325160,152700,42790,2561,914,1437,651750,23,1005,1087
2025-12-03,12,434,102,,YT_SHORT,1355940,234600,63635,757,1398,928,291000,26,935,480
2025-12-03,18,435,108,,YT_LONG,664200,238500,9408,5117,1779,1203,0,419,1138,6775
2025-12-03,18,436,108,,TT_TRENDING,5896800,2780400,99540,14388,16650,2211,2563600,10,4186,1102
2025-12-03,18,437,109,8,YT_SHORT,1112940,267300,43670,2526,1712,1872,671250,32,507,716
2025-12-03,18,438,109,8,IG_POST,379008,214200,17838,702,890,9196,0,0,676,712
2025-12-03,18,439,103,,TT_VIDEO,2330640,299700,60610,1855,1184,781,1082900,21,525,547
2025-12-03,18,440,109,8,IG_STORY,689832,252900,6760,1597,1260,2303,0,0,355,5040
2025-12-03,18,441,103,,IG_POST,474264,241500,11034,1811,1632,9386,0,0,688,1274
2025-12-03,18,442,103,,TT_TRENDING,6444900,1187200,79920,11160,49275,1214,3477100,11,3445,1326
2025-12-03,19,443,103,,IG_POST,266616,232500,16020,964,857,11258,0,0,523,780
2025-12-03,19,444,103,,YT_TRAILER,2686500,1224300,90695,1162,25032,13320,860200,63,4628,36190
2025-12-03,19,445,108,,YT_TRAILER,3564000,1997100,44455,708,24612,14508,1300200,76,1483,11410
2025-12-03,19,446,108,,TT_VIDEO,1134000,228900,114000,1091,461,2004,1013320,19,762,580
2025-12-03,19,447,109,8,IG_POST,541296,148200,12780,1344,1065,3458,0,0,1008,1061
2025-12-03,19,448,101,,YT_SHORT,1159920,160500,37510,1395,1100,2306,603750,31,621,1410
2025-12-03,19,449,104,2,IG_REEL,849420,178200,46830,1298,5820,726,485680,15,832,388
2025-12-03,19,450,105,1,BLOG_POST,176643,229500,6768,270,890,667,0,0,904,21648
2025-12-03,20,451,113,19,TT_VIDEO,2229120,141300,88445,909,1178,893,441000,14,780,982
2025-12-03,20,452,102,,TT_TRENDING,4082400,1120000,191700,10176,44595,1681,1597900,9,7202,1049
2025-12-03,20,453,109,8,IG_REEL,491400,121800,23100,1811,9876,1824,263640,18,856,1296
2025-12-03,20,454,103,,YT_LONG,879660,216000,4008,9784,921,1507,0,397,562,7004
2025-12-03,20,455,107,,TT_VIDEO,2322000,132300,39425,959,1614,1023,350840,15,998,380
2025-12-03,20,456,101,,BLOG_DEV_DIARY,87696,126300,9336,1478,1217,2497,0,0,422,1440
2025-12-03,20,457,101,,TT_VIDEO,1857600,299400,106875,1694,681,2325,390040,14,483,1246
2025-12-04,12,458,102,,IG_STORY,961272,130500,8288,1355,1019,983,0,0,989,4868
2025-12-04,12,459,102,,YT_TRAILER,3564000,1428000,91800,1780,9800,16992,979000,66,1596,31885
2025-12-04,12,460,103,,IG_STORY,1001520,297300,2616,1551,596,807,0,0,350,4141
2025-12-04,12,461,102,,BLOG_POST,112860,162900,6752,207,1761,2607,0,0,405,7788
2025-12-04,18,462,105,1,IG_POST,340704,144000,6174,1280,1196,3145,0,0,340,420
2025-12-04,18,463,103,,YT_SHORT,1530900,141300,45540,2224,681,970,275250,26,367,1410
2025-12-04,18,464,102,,BLOG_POST,168948,127200,8304,407,1092,1034,0,0,394,19536
2025-12-04,18,465,107,,YT_TRAILER,4347000,1463700,87890,2530,22848,10458,1410200,82,4662,39340
2025-12-04,18,466,104,2,BLOG_DEV_DIARY,44788,148500,2424,1285,555,1960,0,0,946,840
2025-12-04,18,467,107,,BLOG_POST,180405,285000,8320,439,815,1258,0,0,604,13178
2025-12-04,18,468,107,,IG_STORY,405288,147900,5816,2446,458,2343,0,0,456,1861
2025-12-04,18,469,109,8,BLOG_POST,83277,283800,3744,446,917,2156,0,0,601,16126
2025-12-04,18,470,109,8,TT_TRENDING,4725000,2430400,133740,11688,30555,2629,3007300,13,5694,1260
2025-12-04,19,471,108,,TT_TRENDING,5229000,2128000,203400,7344,40005,1982,2575200,13,6188,768
2025-12-04,19,472,107,,IG_STORY,611208,293400,4336,1276,1553,1137,0,0,476,4817
2025-12-04,19,473,108,,BLOG_DEV_DIARY,73289,122700,9008,2561,1026,2519,0,0,871,1097
2025-12-04,19,474,105,1,YT_LONG,771120,189900,5040,8143,735,2189,0,320,1656,4837
2025-12-04,19,475,109,8,TT_TRENDING,4536000,1878800,61740,5004,23940,1571,2931900,13,4882,1145
2025-12-04,19,476,101,,YT_LONG,624510,152400,6496,7327,510,2336,0,407,1541,4106
2025-12-04,19,477,103,,TT_TRENDING,2929500,2024400,129960,10980,49635,752,2691200,14,5603,805
2025-12-04,19,478,105,1,TT_VIDEO,937440,232200,70775,2158,1136,933,1055460,17,626,1212
2025-12-04,19,479,102,,YT_LONG,635040,254400,2912,7378,1035,1318,0,419,1057,8968
2025-12-04,20,480,108,,TT_VIDEO,1846800,236400,62035,1087,1662,2101,613480,18,436,936
2025-12-04,20,481,108,,IG_REEL,482040,146700,33306,1322,3816,1168,186160,15,970,991
2025-12-04,20,482,109,8,IG_REEL,482040,192300,22848,1014,8868,997,250120,16,716,1267
2025-12-04,20,483,108,,BLOG_DEV_DIARY,55436,288600,8408,1833,1784,777,0,0,501,1258
2025-12-04,20,484,103,,IG_STORY,384696,277800,6912,2605,767,2400,0,0,439,4183
2025-12-04,20,485,102,,YT_LONG,668250,156600,7984,6902,1130,1791,0,336,1663,10098
2025-12-04,20,486,104,2,IG_REEL,1230840,291000,13734,2493,5184,1720,580840,15,751,1196
2025-12-04,20,487,102,,BLOG_DEV_DIARY,71723,265500,9552,2083,1272,2449,0,0,406,1249
2025-12-04,20,488,107,,YT_LONG,758970,137700,4824,8058,1682,1980,0,371,1375,6044
2025-12-05,12,489,105,1,IG_STORY,984672,144300,4680,2167,915,1338,0,0,790,2499
2025-12-05,12,490,101,,YT_TRAILER,3091500,1239000,82450,937,30940,6318,1586200,67,2033,39445
2025-12-05,12,491,105,1,TT_TRENDING,3836700,2763600,163260,13932,29700,2334,1638500,13,6916,443
2025-12-05,12,492,109,8,TT_VIDEO,1568160,237300,83600,2147,1140,911,564480,18,695,895
2025-12-05,12,493,113,19,YT_SHORT,1210140,147000,32560,2057,705,1503,873750,29,957,1177
2025-12-05,12,494,107,,BLOG_DEV_DIARY,72767,199200,9152,1736,893,966,0,0,331,1349
2025-12-05,12,495,109,8,TT_TRENDING,5877900,1671600,180180,11148,44460,1731,1084600,14,4667,636
2025-12-05,12,496,105,1,TT_VIDEO,1246320,204000,69350,2266,509,1844,360640,19,787,1315
2025-12-05,12,497,103,,YT_TRAILER,4423500,1215900,83045,1736,24612,9918,1740200,80,3100,24220
2025-12-05,12,498,102,,YT_LONG,629370,268500,3272,6605,1412,777,0,312,1276,5882
2025-12-05,18,499,109,8,YT_SHORT,1317060,251700,50545,1472,659,1531,552750,24,466,443
2025-12-05,18,500,101,,YT_TRAILER,4554000,1329300,58140,1157,26432,6390,1447600,93,3356,16905
2025-12-05,18,501,113,19,TT_TRENDING,2740500,1153600,60300,7440,51435,1674,2079300,11,7124,696
2025-12-05,18,502,103,,IG_REEL,485550,130200,38598,1131,13332,1476,622440,16,936,638
2025-12-05,18,503,104,2,TT_VIDEO,876960,138300,78565,2288,545,2369,1157380,15,915,944
2025-12-05,18,504,107,,IG_REEL,491400,174600,38598,1901,13224,2332,431600,16,955,1096
2025-12-05,18,505,108,,YT_LONG,405810,178800,8688,4012,873,1811,0,267,1087,5831
2025-12-05,18,506,103,,IG_POST,334152,208200,10620,2253,1005,9966,0,0,782,872
2025-12-05,18,507,103,,BLOG_POST,180918,183300,5112,394,665,2090,0,0,710,16346
2025-12-05,18,508,102,,YT_SHORT,882900,212100,63140,2174,1637,2515,720000,27,655,835
2025-12-05,18,509,113,19,IG_STORY,427752,179400,6080,1602,1797,1155,0,0,740,2625
2025-12-05,18,510,104,2,BLOG_POST,71136,259800,8296,427,773,1731,0,0,445,22374
2025-12-05,18,511,107,,YT_LONG,815670,135600,7304,3545,764,1925,0,271,1312,8041
2025-12-05,19,512,104,2,BLOG_DEV_DIARY,76212,194400,5544,2501,1302,1538,0,0,383,1362
2025-12-05,19,513,108,,YT_TRAILER,2052000,1955100,53975,1648,27076,8118,1986600,72,2797,23205
2025-12-05,19,514,107,,BLOG_POST,186732,174300,5880,284,999,2350,0,0,803,19052
2025-12-05,19,515,104,2,YT_SHORT,869940,208200,63690,2319,1520,1819,696000,26,345,1060
2025-12-05,19,516,102,,YT_SHORT,777600,243300,41140,722,572,2202,828750,32,318,1069
2025-12-05,19,517,104,2,IG_POST,313992,197400,8460,920,1352,4627,0,0,658,680
2025-12-05,19,518,107,,YT_TRAILER,2448000,1656900,64345,1311,23492,21348,836000,62,4179,26250
2025-12-05,20,519,109,8,IG_POST,486360,222600,11178,2134,1280,9434,0,0,994,1375
2025-12-05,20,520,113,19,IG_POST,490392,294300,9576,2380,1553,3506,0,0,1017,760
2025-12-05,20,521,109,8,BLOG_DEV_DIARY,58568,268800,7912,1753,1035,2156,0,0,279,1292
2025-12-05,20,522,107,,BLOG_DEV_DIARY,49590,129000,2720,748,854,1241,0,0,838,799
2025-12-05,20,523,103,,TT_VIDEO,2209680,277200,104120,1005,1665,1371,481180,13,925,770
2025-12-05,20,524,102,,IG_POST,395640,124800,19152,2046,641,6821,0,0,368,701
2025-12-05,20,525,108,,BLOG_POST,95589,297900,6432,464,1572,1144,0,0,537,17094
2025-12-05,20,526,105,1,IG_STORY,605592,211200,8232,2193,570,999,0,0,305,2054
2025-12-05,20,527,104,2,YT_SHORT,1726920,174900,60610,1984,575,1536,517500,26,381,440
2025-12-05,20,528,103,,IG_POST,552384,154500,17406,1443,750,5358,0,0,536,626
2025-12-05,20,529,103,,YT_SHORT,816480,278100,48620,1870,986,869,582750,22,343,554
2025-12-06,12,530,101,,YT_SHORT,1320300,135000,63855,1401,1757,1340,621750,29,994,1129
2025-12-06,12,531,113,19,YT_TRAILER,2610000,1740900,54400,1327,28392,16812,1485000,62,3259,19040
2025-12-06,12,532,113,19,BLOG_POST,158346,170400,4320,482,812,1223,0,0,570,12298
2025-12-06,12,533,108,,IG_STORY,509184,141900,5480,785,1289,2246,0,0,897,1487
2025-12-06,12,534,103,,YT_TRAILER,4756500,1138200,64345,2187,14280,13356,1784200,82,2869,29400
2025-12-06,12,535,104,2,TT_VIDEO,1008720,175800,68020,1067,1455,2156,421400,17,642,1043
2025-12-06,12,536,109,8,TT_TRENDING,5046300,1428000,171000,9324,36765,1448,2151800,11,4706,838
2025-12-06,12,537,113,19,IG_STORY,607464,232200,5416,1052,615,1065,0,0,280,1285
2025-12-06,18,538,102,,IG_STORY,429624,273000,8320,1153,1154,2094,0,0,846,1462
2025-12-06,18,539,101,,IG_STORY,431496,176700,6136,2466,1614,1153,0,0,591,1961
2025-12-06,18,540,113,19,YT_SHORT,675540,234000,47575,1951,629,1344,238500,25,711,667
2025-12-06,18,541,104,2,IG_REEL,892710,293700,50316,1703,8328,1025,447720,17,955,1253
2025-12-06,18,542,107,,BLOG_POST,144837,252000,5520,158,765,1899,0,0,343,26268
2025-12-06,18,543,101,,BLOG_POST,183654,242100,5608,337,510,825,0,0,765,19492
2025-12-06,18,544,103,,IG_POST,321048,193800,6408,1041,1470,3962,0,0,681,805
2025-12-06,19,545,102,,TT_VIDEO,2045520,164100,47310,1047,1307,2552,785960,20,546,436
2025-12-06,19,546,105,1,IG_POST,361368,287400,7560,893,1067,9690,0,0,688,1146
2025-12-06,19,547,107,,IG_POST,369936,234900,20448,2400,1502,4427,0,0,688,1130
2025-12-06,19,548,109,8,YT_TRAILER,3892500,1071000,95200,1599,30436,10620,2567400,74,4267,17850
2025-12-06,19,549,103,,YT_LONG,590490,294000,6560,7948,1125,2196,0,279,1422,9418
2025-12-06,19,550,107,,IG_STORY,589680,218700,8896,680,1637,953,0,0,695,2940
2025-12-06,19,551,108,,TT_TRENDING,4290300,2256800,123300,7548,38655,2471,1992300,9,2178,514
2025-12-06,19,552,113,19,IG_REEL,765180,209100,22806,1434,10428,1520,225160,13,930,1098
2025-12-06,19,553,107,,BLOG_POST,137313,216600,5912,368,1220,2475,0,0,394,13134
2025-12-06,19,554,104,2,YT_LONG,758970,181200,3640,5585,612,693,0,383,670,3689
2025-12-06,19,555,109,8,YT_SHORT,876420,294600,16830,2235,1211,1857,252750,28,760,745
2025-12-06,20,556,108,,TT_TRENDING,4882500,2366000,54000,11940,21465,2374,1215100,9,6117,1132
2025-12-06,20,557,108,,YT_SHORT,1454760,285000,35145,933,453,821,856500,30,464,1402
2025-12-06,20,558,107,,BLOG_POST,124830,237300,4296,186,1019,2453,0,0,985,21076
2025-12-06,20,559,105,1,IG_POST,501480,174000,6516,1014,831,11106,0,0,743,1315
2025-12-06,20,560,101,,TT_VIDEO,1546560,225900,72960,1122,609,796,679140,16,553,930
2025-12-07,12,561,102,,IG_STORY,757224,145800,6536,1377,569,1230,0,0,317,2927
2025-12-07,12,562,104,2,TT_TRENDING,3263400,1649200,207720,13080,28665,1318,3477100,11,2438,449
2025-12-07,12,563,113,19,TT_TRENDING,2545200,1800400,85140,12888,47880,1536,1461600,12,7215,778
2025-12-07,12,564,101,,IG_POST,439992,196200,6372,2517,546,6954,0,0,571,796
2025-12-07,12,565,109,8,IG_STORY,661752,283200,6912,1276,1226,1393,0,0,1009,2587
2025-12-07,12,566,105,1,BLOG_DEV_DIARY,114422,165300,4768,1454,1442,1375,0,0,332,1144
2025-12-07,12,567,104,2,TT_VIDEO,1682640,282900,50635,1052,1575,1940,767340,13,985,1284
2025-12-07,12,568,103,,IG_POST,254016,139800,18882,1696,1331,6128,0,0,707,772
2025-12-07,12,569,104,2,IG_REEL,882180,129000,39354,1492,7320,1525,258960,13,660,510
2025-12-07,18,570,105,1,YT_LONG,584010,143100,9200,9104,993,1294,0,305,905,8364
2025-12-07,18,571,104,2,YT_TRAILER,2677500,2068500,72420,895,16184,10368,853600,58,2785,40880
2025-12-07,18,572,104,2,IG_STORY,1013688,238200,3656,1320,501,1652,0,0,533,2999
2025-12-07,18,573,107,,YT_LONG,429300,208500,8048,5287,1062,768,0,286,740,7395
2025-12-07,18,574,104,2,YT_LONG,516780,277200,5808,2873,494,2000,0,367,1229,7149
2025-12-07,18,575,102,,IG_STORY,459576,250500,4608,1540,1367,1368,0,0,343,2894
2025-12-07,18,576,108,,TT_VIDEO,1557360,209100,37145,1390,1563,1450,441980,17,558,1030
2025-12-07,19,577,104,2,BLOG_DEV_DIARY,81850,201600,7320,748,692,981,0,0,775,1367
2025-12-07,19,578,104,2,YT_SHORT,1226340,293700,35200,1789,753,1806,427500,33,649,593
2025-12-07,19,579,104,2,YT_LONG,420390,200400,6496,4012,1361,1960,0,384,1987,2933
2025-12-07,19,580,104,2,IG_STORY,957528,255600,6168,1001,1535,2572,0,0,595,4481
2025-12-07,19,581,102,,BLOG_DEV_DIARY,101894,210600,7872,2453,495,1419,0,0,911,362
2025-12-07,19,582,107,,YT_SHORT,1780380,241500,46915,1775,851,2224,465750,24,323,971
2025-12-07,19,583,102,,TT_TRENDING,3175200,2615200,196740,8460,40500,704,2035800,13,4336,792
2025-12-07,19,584,101,,YT_TRAILER,2974500,1218000,79730,1789,13944,7776,1874400,90,1428,35455
2025-12-07,19,585,103,,TT_VIDEO,1732320,267900,92910,1122,495,1346,567420,17,929,720
2025-12-07,19,586,107,,TT_TRENDING,3635100,1610000,129960,6480,38745,1272,1653000,9,7046,1429
2025-12-07,19,587,105,1,YT_TRAILER,4365000,2060100,27285,1122,19992,21510,2237400,85,1508,16240
2025-12-07,19,588,101,,IG_STORY,415584,193200,9352,865,585,1619,0,0,426,4607
2025-12-07,19,589,113,19,YT_LONG,484380,140700,4568,2780,1569,2224,0,260,1798,5202
2025-12-07,20,590,108,,YT_TRAILER,4554000,1917300,96730,2064,20244,15516,704000,78,2549,39655
2025-12-07,20,591,105,1,BLOG_DEV_DIARY,98658,214200,7880,664,1380,1723,0,0,879,1064
2025-12-07,20,592,108,,TT_VIDEO,1436400,227100,40850,2233,582,1038,527240,16,888,665
2025-12-07,20,593,102,,YT_TRAILER,4491000,1222200,75395,1780,26180,21330,2318800,75,1504,30590
2025-12-07,20,594,109,8,IG_STORY,513864,176100,6496,814,1029,1890,0,0,268,3402
2025-12-07,20,595,109,8,TT_TRENDING,5745600,1548400,70200,10176,41535,2204,2447600,10,4193,934
2025-12-07,20,596,108,,BLOG_POST,93195,231300,9016,211,578,1032,0,0,1017,11242
2025-12-07,20,597,102,,TT_VIDEO,1898640,291900,61655,1360,1301,1472,357700,15,672,1404
2025-12-07,20,598,113,19,BLOG_DEV_DIARY,47084,165300,9384,2391,1526,1769,0,0,439,1439
2025-12-07,20,599,108,,YT_LONG,438210,151800,4952,7982,780,1698,0,381,617,7438
2025-12-08,12,600,101,,IG_POST,268128,256200,19746,1756,1250,5947,0,0,535,876
2025-12-08,12,601,104,2,TT_VIDEO,1149120,197400,74195,1481,1365,1982,1059380,20,666,572
2025-12-08,12,602,108,,TT_TRENDING,6804000,2539600,198000,12156,44955,1980,1444200,13,3712,580
2025-12-08,12,603,105,1,TT_TRENDING,3376800,2777600,189000,8808,43740,964,2322900,12,6299,1063
2025-12-08,12,604,113,19,YT_LONG,850500,168600,6008,3944,849,1428,0,281,1994,4769
2025-12-08,18,605,113,19,BLOG_POST,171684,255000,4272,412,828,1901,0,0,723,12958
2025-12-08,18,606,113,19,IG_POST,414792,191700,18522,1133,1446,7011,0,0,573,514
2025-12-08,18,607,113,19,YT_LONG,717660,208200,3168,6401,519,2257,0,299,1877,3383
2025-12-08,18,608,103,,BLOG_DEV_DIARY,90932,227100,6288,763,1193,1520,0,0,447,560
2025-12-08,18,609,105,1,TT_TRENDING,5487300,2685200,73260,10764,25515,1291,1800900,11,6383,1224
2025-12-08,18,610,102,,TT_TRENDING,2564100,1299200,187560,6432,42795,1010,3332100,10,7131,408
2025-12-08,19,611,107,,TT_TRENDING,5940900,1433600,116640,8568,20340,781,3248000,11,7313,647
2025-12-08,19,612,107,,BLOG_POST,166383,291000,6944,458,1334,1137,0,0,850,7700
2025-12-08,19,613,113,19,YT_TRAILER,4131000,2032800,85850,1338,21644,5904,1179200,83,3629,33180
2025-12-08,19,614,103,,TT_VIDEO,1399680,159600,94430,1525,1283,1115,572320,20,763,715
2025-12-08,19,615,104,2,BLOG_DEV_DIARY,62536,208800,4584,1485,1520,768,0,0,1015,1112
2025-12-08,19,616,105,1,YT_LONG,687690,291300,3192,9138,1688,2119,0,310,634,2975
2025-12-08,19,617,113,19,TT_TRENDING,5468400,2142000,115200,5844,16740,2380,2198200,12,5168,1008
2025-12-08,19,618,107,,YT_SHORT,1747980,157200,49005,2611,944,2244,399750,32,297,604
2025-12-08,19,619,101,,YT_SHORT,915300,277800,63140,1707,1079,2299,799500,27,612,714
2025-12-08,19,620,104,2,BLOG_POST,173736,195600,4072,506,1553,2477,0,0,332,24926
2025-12-08,20,621,113,19,BLOG_POST,95418,222000,4104,337,720,1910,0,0,332,16698
2025-12-08,20,622,109,8,IG_STORY,532584,226500,7144,1184,1016,1782,0,0,303,3856
2025-12-08,20,623,109,8,IG_POST,214704,223800,12492,2004,1068,10906,0,0,959,1196
2025-12-08,20,624,103,,BLOG_DEV_DIARY,76525,161700,4776,1434,1083,2141,0,0,329,781
2025-12-08,20,625,107,,BLOG_DEV_DIARY,98032,133500,5424,2526,530,2248,0,0,770,1048
2025-12-08,20,626,109,8,YT_TRAILER,1872000,1432200,92395,2198,31472,9234,2521200,88,2730,19950
2025-12-08,20,627,107,,YT_SHORT,1482300,273600,65725,715,1269,2024,318750,22,369,1145
2025-12-09,12,628,104,2,IG_STORY,613080,216600,8032,1371,764,981,0,0,896,2722
2025-12-09,12,629,105,1,YT_LONG,705510,147300,8656,5491,1181,1866,0,291,1750,9053
2025-12-09,12,630,113,19,YT_SHORT,959040,289800,39655,2418,1782,700,252750,33,403,490
2025-12-09,12,631,105,1,YT_TRAILER,3811500,1635900,65875,920,14672,15750,1656600,59,1315,26425
2025-12-09,12,632,104,2,YT_TRAILER,2979000,884100,34170,2548,16240,16218,827200,74,4738,29715
2025-12-09,12,633,101,,YT_SHORT,1628100,168600,24640,770,1526,878,614250,26,801,726
2025-12-09,12,634,109,8,IG_REEL,1171170,283500,27384,2451,6864,2534,522600,15,434,678
2025-12-09,12,635,113,19,IG_STORY,1005264,209700,7208,724,1448,1043,0,0,782,1869
2025-12-09,18,636,102,,IG_POST,380520,149700,16902,1494,603,3287,0,0,467,1232
2025-12-09,18,637,113,19,TT_TRENDING,3061800,2517200,82080,11184,44010,1258,1893700,13,6169,434
2025-12-09,18,638,103,,YT_LONG,771930,252600,9384,7268,1448,1538,0,302,936,6800
2025-12-09,18,639,104,2,YT_SHORT,1375380,205800,63965,1714,1337,1291,732000,27,973,1177
2025-12-09,18,640,104,2,YT_TRAILER,4603500,1850100,87040,1082,13804,8568,1762200,81,2953,23310
2025-12-09,18,641,104,2,TT_TRENDING,6394500,2080400,142740,6828,15120,1663,3366900,11,7735,1376
2025-12-09,18,642,109,8,IG_POST,329616,260700,20034,1250,599,9643,0,0,454,430
2025-12-09,18,643,113,19,IG_STORY,880776,201900,9392,1256,1686,1184,0,0,604,2617
2025-12-09,18,644,113,19,IG_POST,476280,120300,9792,2284,1475,10251,0,0,572,1264
2025-12-09,18,645,102,,IG_REEL,594360,136500,45528,1368,8388,2462,486200,13,918,848
2025-12-09,19,646,105,1,TT_TRENDING,4277700,2312800,75240,6312,22320,796,2024200,14,4505,1006
2025-12-09,19,647,102,,TT_TRENDING,2992500,1344000,59580,3780,35100,1454,2140200,12,4641,457
2025-12-09,19,648,113,19,BLOG_DEV_DIARY,49172,248400,9592,1120,1779,2226,0,0,361,1409
2025-12-09,19,649,105,1,BLOG_DEV_DIARY,92290,140100,2928,2046,909,1723,0,0,508,1256
2025-12-09,19,650,113,19,BLOG_POST,163818,233400,7520,411,807,2178,0,0,814,11616
2025-12-09,20,651,109,8,TT_TRENDING,6848100,1439200,214020,8268,33075,898,1165800,13,7449,683
2025-12-09,20,652,109,8,BLOG_POST,83448,153600,8592,223,734,1901,0,0,327,15840
2025-12-09,20,653,105,1,YT_SHORT,1289520,297900,50215,1654,1334,759,282000,29,938,1188
2025-12-09,20,654,107,,BLOG_DEV_DIARY,56272,188100,3576,2004,698,2420,0,0,934,702
2025-12-09,20,655,109,8,IG_POST,318024,154500,6696,1474,1095,6242,0,0,609,1338
2025-12-10,12,656,103,,BLOG_DEV_DIARY,44266,212100,2432,2442,1086,1437,0,0,776,732
2025-12-10,12,657,113,19,BLOG_DEV_DIARY,47189,179100,3712,1692,1769,1386,0,0,351,431
2025-12-10,12,658,102,,BLOG_DEV_DIARY,89680,137100,4384,2363,1181,1104,0,0,474,930
2025-12-10,12,659,101,,TT_TRENDING,6608700,2228800,177120,9780,18900,1496,1522500,12,4017,1270
2025-12-10,12,660,113,19,IG_STORY,433368,276000,6904,2369,1464,2398,0,0,402,4729
2025-12-10,12,661,105,1,IG_POST,262584,188400,15048,1003,584,10773,0,0,723,739
2025-12-10,12,662,105,1,TT_VIDEO,1067040,145800,45600,2143,885,939,901600,19,612,833
2025-12-10,12,663,102,,YT_SHORT,779220,125700,22220,746,1202,1100,285750,30,487,1432
2025-12-10,12,664,107,,BLOG_POST,176130,292800,5160,135,1509,2244,0,0,981,10692
2025-12-10,12,665,107,,IG_POST,347256,122100,20880,1005,1752,8873,0,0,593,564
2025-12-10,12,666,105,1,BLOG_DEV_DIARY,62431,291300,8448,2596,1497,1373,0,0,325,773
2025-12-10,18,667,107,,BLOG_DEV_DIARY,77256,214800,2760,2310,1664,1102,0,0,437,1166
2025-12-10,18,668,102,,IG_STORY,771264,159900,4952,2035,702,2435,0,0,518,4859
2025-12-10,18,669,101,,BLOG_POST,78318,271800,2872,424,1506,1324,0,0,547,23034
2025-12-10,18,670,108,,IG_POST,262584,251400,10638,2136,554,7372,0,0,328,1440
2025-12-10,18,671,113,19,YT_LONG,884520,279600,5216,3460,881,1085,0,341,1201,5585
2025-12-10,18,672,103,,YT_TRAILER,3280500,1682100,75055,1606,28392,15552,2446400,74,2465,38640
2025-12-10,18,673,108,,BLOG_POST,151848,274500,7392,266,870,1795,0,0,751,10010
2025-12-10,18,674,108,,BLOG_DEV_DIARY,82894,237000,8176,1610,693,1236,0,0,261,1402
2025-12-10,18,675,102,,YT_LONG,439020,238500,7760,8398,797,1221,0,304,1129,8109
2025-12-10,18,676,108,,IG_REEL,884520,276900,37212,1720,10968,999,376480,15,507,460
2025-12-10,19,677,109,8,TT_VIDEO,1028160,155100,60800,711,942,814,873180,17,308,1240
2025-12-10,19,678,107,,YT_TRAILER,3973500,1604400,30430,2622,23884,12726,1742400,80,1861,23345
2025-12-10,19,679,102,,BLOG_POST,75582,296100,3064,446,951,2446,0,0,316,7172
2025-12-10,19,680,107,,YT_SHORT,1349460,290100,39050,2178,1053,2006,296250,23,649,1382
2025-12-10,19,681,101,,YT_TRAILER,2047500,1010100,100725,2059,14952,12348,2596000,81,4045,37170
2025-12-10,19,682,113,19,BLOG_DEV_DIARY,50530,228300,2840,2242,1586,2603,0,0,683,1226
2025-12-10,19,683,102,,IG_POST,321048,133200,9072,2495,912,10650,0,0,507,1169
2025-12-10,20,684,103,,TT_VIDEO,1153440,191100,104785,678,1278,1632,1105440,21,326,528
2025-12-10,20,685,109,8,YT_SHORT,1438560,212400,27170,2303,1683,1795,543750,27,935,514
2025-12-10,20,686,101,,IG_POST,224784,120000,11970,1294,1796,10213,0,0,852,523
2025-12-10,20,687,107,,YT_SHORT,1527660,176100,31020,1313,1539,2066,361500,26,699,1195
2025-12-10,20,688,105,1,YT_LONG,867510,240900,2544,9554,1388,1489,0,292,1656,10124
2025-12-10,20,689,105,1,YT_TRAILER,2628000,1503600,85680,999,26768,13284,730400,94,4234,16380
2025-12-11,12,690,107,,IG_POST,214200,165300,19116,1294,1055,9187,0,0,621,1106
2025-12-11,12,691,108,,IG_REEL,1213290,176100,19152,1120,10332,2244,158080,16,943,1266
2025-12-11,12,692,107,,YT_LONG,325620,176700,7160,2797,1566,1173,0,338,1832,9172
2025-12-11,12,693,101,,YT_SHORT,845640,271200,23100,2004,738,1265,755250,30,1019,1436
2025-12-11,12,694,103,,BLOG_POST,171855,135300,5352,392,1226,882,0,0,300,12254
2025-12-11,12,695,101,,BLOG_POST,102258,265500,9408,226,680,2334,0,0,953,6732
2025-12-11,12,696,108,,IG_STORY,614952,168600,6216,1256,1209,669,0,0,649,4620
2025-12-11,18,697,107,,IG_POST,263592,262500,17118,1780,1238,7011,0,0,269,595
2025-12-11,18,698,105,1,BLOG_POST,139878,224700,4832,320,1193,2473,0,0,884,9460
2025-12-11,18,699,104,2,TT_VIDEO,876960,228600,93290,882,914,1342,1032920,15,723,1370
2025-12-11,18,700,108,,BLOG_DEV_DIARY,47398,256800,5640,2508,1022,2631,0,0,606,1420
2025-12-11,18,701,104,2,BLOG_DEV_DIARY,67860,260100,7360,2270,1566,1665,0,0,317,997
2025-12-11,18,702,105,1,YT_TRAILER,4014000,1190700,51595,2158,9856,11844,2338600,82,1579,31990
2025-12-11,18,703,109,8,TT_TRENDING,4517100,2072000,175680,4980,28125,1184,3326300,14,7131,586
2025-12-11,19,704,104,2,IG_STORY,858312,186000,5432,2288,1793,1432,0,0,364,1596
2025-12-11,19,705,102,,YT_TRAILER,1962000,1302000,92055,2636,15344,10332,1828200,83,3994,30170
2025-12-11,19,706,108,,YT_TRAILER,4293000,1814400,77350,680,16296,7398,820600,87,3461,39270
2025-12-11,19,707,104,2,TT_VIDEO,2056320,234300,84170,948,1602,1364,1101520,15,478,634
2025-12-11,19,708,113,19,TT_TRENDING,2979900,2646000,214740,9240,39780,2024,2227200,11,3322,1414
2025-12-11,19,709,109,8,IG_STORY,523224,239700,4184,944,710,1927,0,0,341,2978
2025-12-11,19,710,102,,TT_VIDEO,1596240,216600,108110,2079,899,1566,419440,16,1008,712
2025-12-11,20,711,101,,IG_STORY,1015560,270900,5672,2442,1796,1676,0,0,935,4519
2025-12-11,20,712,103,,YT_SHORT,1247400,162600,24970,1155,1493,1322,502500,34,349,613
2025-12-11,20,713,113,19,IG_STORY,572832,272700,5456,2273,875,1181,0,0,760,2100
2025-12-11,20,714,113,19,BLOG_POST,167922,156900,3240,177,1185,1232,0,0,987,13640
2025-12-11,20,715,101,,BLOG_DEV_DIARY,113796,146700,3368,869,1625,2143,0,0,504,505
2025-12-11,20,716,105,1,YT_LONG,699840,219300,6376,7353,1608,796,0,286,1602,7463
2025-12-12,12,717,107,,TT_VIDEO,1019520,287400,66405,1595,1424,1696,726180,21,794,1192
2025-12-12,12,718,105,1,TT_VIDEO,1134000,202800,71060,2363,894,1725,456680,18,848,922
2025-12-12,12,719,104,2,BLOG_DEV_DIARY,114527,156600,5368,1507,1005,1833,0,0,600,403
2025-12-12,12,720,103,,YT_TRAILER,2367000,1411200,101575,1811,18144,12006,1628000,62,1382,25690
2025-12-12,12,721,113,19,TT_TRENDING,5638500,2506000,143820,10824,18945,1250,1684900,11,2659,998
2025-12-12,12,722,101,,YT_TRAILER,2389500,1967700,69615,2138,15512,9180,2503600,65,1340,39935
2025-12-12,12,723,107,,BLOG_DEV_DIARY,107845,192600,4360,2587,476,1925,0,0,676,851
2025-12-12,12,724,113,19,YT_SHORT,839160,210300,46035,1195,1617,772,225750,33,476,1193
2025-12-12,12,725,101,,BLOG_POST,136629,202800,3176,213,1667,1630,0,0,519,22044
2025-12-12,18,726,107,,IG_STORY,796536,122400,6896,2213,1569,1478,0,0,764,3746
2025-12-12,18,727,107,,TT_VIDEO,2134080,155400,77520,1056,1170,2352,928060,15,846,475
2025-12-12,18,728,108,,TT_VIDEO,1244160,240300,38760,805,1500,1793,1175020,21,1010,1217
2025-12-12,18,729,103,,YT_TRAILER,2416500,1199100,87210,807,25900,13626,2281400,63,4406,32445
2025-12-12,18,730,101,,BLOG_POST,124317,282900,2856,480,1296,1342,0,0,919,20504
2025-12-12,18,731,104,2,BLOG_POST,177498,197100,2496,540,905,957,0,0,411,9922
2025-12-12,18,732,105,1,TT_TRENDING,4057200,1453200,84060,10308,16200,1199,2001000,12,5753,1309
2025-12-12,18,733,107,,YT_LONG,391230,201900,2416,5568,695,2123,0,271,889,4386
2025-12-12,18,734,105,1,BLOG_DEV_DIARY,49694,213300,4160,746,903,1795,0,0,840,601
2025-12-12,18,735,105,1,IG_STORY,956592,187800,3432,2044,1632,933,0,0,525,4389
2025-12-12,19,736,113,19,YT_SHORT,1349460,292800,61875,1958,825,917,654000,30,961,536
2025-12-12,19,737,103,,BLOG_DEV_DIARY,99389,231900,2408,2420,1095,693,0,0,414,886
2025-12-12,19,738,107,,IG_REEL,738270,150600,47502,1806,4812,992,239720,16,302,698
2025-12-12,19,739,103,,TT_TRENDING,2727900,2587200,117000,3984,31320,2530,2676700,10,3036,616
2025-12-12,19,740,104,2,IG_REEL,595530,275100,17682,895,10248,1137,416520,15,961,788
2025-12-12,19,741,101,,IG_STORY,686088,215100,5384,2460,1416,832,0,0,938,4935
2025-12-12,20,742,103,,TT_TRENDING,3420900,2704800,179820,6156,46710,1912,3036300,13,7079,811
2025-12-12,20,743,107,,IG_STORY,570960,142800,5664,2631,759,1751,0,0,844,3839
2025-12-12,20,744,109,8,BLOG_DEV_DIARY,107219,160200,5048,1716,1563,1162,0,0,397,1159
2025-12-12,20,745,102,,YT_TRAILER,4567500,1858500,43095,1217,29680,5652,2611400,89,1441,20755
2025-12-12,20,746,104,2,YT_TRAILER,2389500,1745100,50235,893,24528,8928,2369400,60,4112,40740
2025-12-12,20,747,108,,TT_VIDEO,1432080,168300,88635,1274,1800,1377,822220,19,445,920
2025-12-12,20,748,107,,YT_SHORT,1603800,243000,57145,876,744,2279,828000,28,600,578
2025-12-12,20,749,107,,BLOG_DEV_DIARY,86026,243900,4808,2530,1232,2490,0,0,526,935
2025-12-12,20,750,104,2,TT_VIDEO,1125360,291600,44270,1045,941,1265,775180,20,698,1037
2025-12-12,20,751,109,8,IG_REEL,1074060,255000,25536,2396,6084,1254,507000,13,470,799
2025-12-12,20,752,107,,TT_VIDEO,1805760,278100,64030,2325,956,2354,334180,19,258,556
2025-12-13,12,753,104,2,TT_VIDEO,1935360,249300,60990,1901,530,1146,939820,19,361,733
2025-12-13,12,754,109,8,TT_TRENDING,3345300,2657200,177300,5652,37800,1005,2972500,11,5428,962
2025-12-13,12,755,105,1,TT_TRENDING,3572100,2111200,69840,6324,42030,2308,1305000,12,5525,848
2025-12-13,12,756,102,,TT_VIDEO,2194560,299400,85215,1813,1463,1547,722260,17,749,1392
2025-12-13,12,757,109,8,IG_REEL,585000,245700,41034,2486,10692,1670,177840,14,1020,680
2025-12-13,12,758,105,1,BLOG_POST,176985,204000,5864,285,467,2504,0,0,604,17050
2025-12-13,12,759,109,8,YT_SHORT,1547100,221700,26070,858,518,1327,308250,31,415,628
2025-12-13,18,760,104,2,YT_SHORT,1372140,264600,32120,1879,980,1071,714750,32,331,461
2025-12-13,18,761,107,,YT_LONG,332910,140400,4280,8713,1541,1184,0,341,608,5406
2025-12-13,18,762,105,1,IG_REEL,673920,201000,41454,2138,13104,2497,603200,16,343,389
2025-12-13,18,763,101,,IG_STORY,825552,232500,7168,1364,695,1430,0,0,518,3650
2025-12-13,18,764,105,1,BLOG_POST,85158,195000,3920,478,1154,1602,0,0,1009,21890
2025-12-13,18,765,107,,TT_TRENDING,5770800,1582000,178200,7272,46890,2160,3291500,12,3601,972
2025-12-13,18,766,113,19,TT_VIDEO,2302560,124500,107920,825,1256,1910,915320,14,354,984
2025-12-13,18,767,109,8,BLOG_DEV_DIARY,104296,285000,4424,1604,518,810,0,0,374,1021
2025-12-13,19,768,101,,IG_REEL,1034280,158100,39774,836,4176,781,500760,16,740,1008
2025-12-13,19,769,113,19,TT_VIDEO,1708560,252000,86355,2050,1322,2053,336140,18,396,450
2025-12-13,19,770,104,2,TT_TRENDING,5613300,1562400,140040,12912,42525,1067,2331600,12,6416,604
2025-12-13,19,771,103,,YT_SHORT,1333260,241200,42735,1168,1419,1047,712500,28,761,546
2025-12-13,19,772,104,2,BLOG_DEV_DIARY,95735,130500,6400,922,974,2620,0,0,924,410
2025-12-13,19,773,113,19,BLOG_DEV_DIARY,110351,205500,3136,2048,1508,1496,0,0,400,592
2025-12-13,19,774,103,,BLOG_DEV_DIARY,68800,158400,4776,1041,765,1637,0,0,1002,887
2025-12-13,20,775,101,,TT_TRENDING,6066900,1615600,196560,10212,28530,1929,3071100,14,7514,830
2025-12-13,20,776,109,8,BLOG_POST,136629,273900,3760,369,1277,1368,0,0,804,6908
2025-12-13,20,777,104,2,YT_SHORT,1712340,253800,29920,2400,749,2097,553500,24,559,841
2025-12-13,20,778,104,2,IG_STORY,500760,241200,7296,1613,474,1806,0,0,399,2297
2025-12-13,20,779,113,19,BLOG_POST,71649,240000,5440,376,1425,2039,0,0,601,20174
2025-12-13,20,780,109,8,IG_POST,291312,195000,7020,2105,1508,6394,0,0,925,629
2025-12-13,20,781,105,1,YT_TRAILER,3361500,1157100,94095,1214,29904,20394,2461800,77,5027,30870
2025-12-13,20,782,105,1,TT_VIDEO,2095200,166200,51015,2618,1112,1126,422380,19,655,518
2025-12-13,20,783,107,,BLOG_DEV_DIARY,76734,255000,2872,2259,1712,1714,0,0,710,905
2025-12-13,20,784,107,,YT_LONG,495720,237300,2544,8024,1233,1470,0,401,1751,4446
2025-12-13,20,785,103,,YT_LONG,576720,296700,6384,7863,498,2059,0,296,758,7166
2025-12-14,12,786,101,,YT_SHORT,1153440,236100,38445,948,996,1580,258750,31,921,376
2025-12-14,12,787,103,,YT_SHORT,1464480,266400,46145,1749,900,2477,506250,32,681,1249
2025-12-14,12,788,105,1,YT_TRAILER,2065500,1243200,61625,1190,17668,12006,976800,91,3767,28700
2025-12-14,12,789,105,1,IG_REEL,669240,256800,48846,746,10776,1756,521560,13,409,1015
2025-12-14,12,790,103,,IG_POST,374976,239100,11322,667,1430,7078,0,0,519,953
2025-12-14,12,791,101,,YT_LONG,551610,169500,4928,3213,959,2521,0,405,1345,6265
2025-12-14,18,792,109,8,BLOG_POST,158175,151800,4416,207,1152,968,0,0,784,14916
2025-12-14,18,793,108,,IG_REEL,919620,128700,47922,2587,7956,810,604240,14,555,582
2025-12-14,18,794,107,,YT_SHORT,1095120,180000,58355,2398,1077,1252,657000,34,928,638
2025-12-14,18,795,104,2,YT_SHORT,1511460,167100,46035,2072,1728,1846,501750,31,641,980
2025-12-14,18,796,109,8,TT_TRENDING,5430600,2329600,67500,7332,34650,2616,959900,13,7768,1432
2025-12-14,18,797,101,,YT_SHORT,839160,192300,45980,1643,1001,887,663000,21,765,547
2025-12-14,18,798,101,,IG_REEL,902070,186900,40824,2574,8556,2308,240760,13,982,791
2025-12-14,19,799,105,1,BLOG_POST,101916,287400,9144,538,1170,1230,0,0,580,20460
2025-12-14,19,800,102,,YT_TRAILER,4239000,1197000,62900,1344,32368,14274,2228600,73,2163,24640
2025-12-14,19,801,108,,TT_VIDEO,2207520,123600,68590,1060,1317,1349,518420,17,513,1028
2025-12-14,19,802,107,,YT_TRAILER,2115000,1276800,96305,2061,11564,12096,1029600,94,2780,28770
2025-12-14,19,803,101,,YT_SHORT,1487160,277800,29865,2279,915,1252,861750,32,315,727
2025-12-14,19,804,104,2,TT_VIDEO,1177200,198600,77520,757,1320,2026,718340,20,463,1042
2025-12-14,20,805,108,,BLOG_POST,113544,293700,3112,539,1356,939,0,0,697,9064
2025-12-14,20,806,108,,TT_VIDEO,1339200,256200,63745,2512,729,2550,314580,16,541,1114
2025-12-14,20,807,109,8,YT_TRAILER,1818000,1398600,31705,2550,23156,10638,1047200,84,2612,15330
2025-12-14,20,808,108,,TT_TRENDING,4454100,2164400,63720,9300,48600,1322,1798000,10,2659,1013
2025-12-14,20,809,104,2,BLOG_POST,134748,256500,9488,457,752,2321,0,0,744,19998
2025-12-14,20,810,102,,YT_TRAILER,3964500,1547700,98175,917,8876,8064,1260600,70,4729,18235
2025-12-14,20,811,105,1,YT_SHORT,1449900,182400,43340,871,1121,711,366750,30,1011,997
2025-12-14,20,812,105,1,YT_LONG,861030,279000,3736,9801,1611,2435,0,254,794,8934
2025-12-14,20,813,104,2,IG_POST,265104,201300,18828,1723,473,7363,0,0,450,899
2025-12-15,12,814,107,,IG_STORY,380016,243600,6016,1608,963,1417,0,0,299,1701
2025-12-15,12,815,102,,IG_STORY,526968,161100,8848,2042,1310,829,0,0,825,4078
2025-12-15,12,816,104,2,TT_VIDEO,1864080,197100,57570,2556,692,2092,906500,22,581,1321
2025-12-15,12,817,109,8,IG_REEL,917280,203700,21588,2266,4992,1932,285480,16,487,1225
2025-12-15,12,818,109,8,YT_TRAILER,2664000,1073100,77945,2605,13328,14958,2204400,70,2327,24570
2025-12-15,12,819,113,19,YT_LONG,435780,186600,4952,3188,1610,1082,0,405,1256,5449
2025-12-15,18,820,107,,YT_TRAILER,4198500,1352400,101830,1016,10052,18270,1544400,59,4914,14385
2025-12-15,18,821,103,,IG_REEL,762840,293100,26544,1162,4116,1606,488280,13,751,1003
2025-12-15,18,822,107,,IG_REEL,881010,123300,30198,2262,11148,673,602680,16,978,1051
2025-12-15,18,823,105,1,BLOG_POST,153216,258900,8336,199,537,2361,0,0,289,18546
2025-12-15,18,824,103,,TT_VIDEO,2237760,144300,30400,1698,882,1153,571340,17,905,1242
2025-12-15,18,825,109,8,IG_POST,325584,139500,5400,2611,947,5634,0,0,656,720
2025-12-15,18,826,104,2,BLOG_POST,180576,233400,4376,431,974,2523,0,0,703,25762
2025-12-15,19,827,107,,TT_TRENDING,3124800,2055200,154260,5928,22905,1619,3071100,9,3003,460
2025-12-15,19,828,105,1,IG_STORY,668304,276600,9368,1923,864,1800,0,0,883,3263
2025-12-15,19,829,102,,BLOG_DEV_DIARY,63684,130800,9448,1175,1613,2207,0,0,970,1356
2025-12-15,19,830,113,19,TT_TRENDING,3408300,2545200,76680,3912,36495,1540,2099600,13,3055,666
2025-12-15,19,831,103,,YT_LONG,678780,234900,8992,8271,545,2224,0,378,1870,7982
2025-12-15,19,832,108,,IG_REEL,1272960,296400,44646,1118,5892,1489,618800,11,412,1434
2025-12-15,19,833,104,2,BLOG_POST,169974,296700,7368,364,1584,1960,0,0,407,7260
2025-12-15,19,834,105,1,IG_REEL,1157130,161700,24024,1984,12144,926,556920,11,649,491
2025-12-15,19,835,109,8,IG_POST,479808,256500,19368,2099,818,7771,0,0,776,1156
2025-12-15,20,836,108,,IG_REEL,1125540,159300,19320,1175,9552,1503,491920,16,902,526
2025-12-15,20,837,105,1,BLOG_POST,111150,211200,4424,282,1131,1291,0,0,306,19118
2025-12-15,20,838,103,,YT_LONG,869940,184800,6312,6707,1017,1918,0,253,1726,3817
2025-12-15,20,839,101,,YT_LONG,688500,288600,5232,10013,900,913,0,368,2003,3477
2025-12-15,20,840,103,,YT_TRAILER,1908000,1121400,50235,920,30576,7776,2263800,87,2201,24570
2025-12-15,20,841,107,,YT_SHORT,678780,237600,27665,1830,770,1998,855750,23,617,955
2025-12-15,20,842,109,8,YT_SHORT,1096740,225900,60390,955,974,1597,675000,25,559,851
2025-12-16,12,843,102,,YT_TRAILER,3933000,1169700,61710,1201,24500,14724,827200,58,2050,41370
2025-12-16,12,844,104,2,TT_TRENDING,3528000,2626400,177660,8412,18000,1463,2421500,10,2392,565
2025-12-16,12,845,103,,BLOG_DEV_DIARY,99284,248100,2472,1830,542,2015,0,0,634,886
2025-12-16,12,846,109,8,BLOG_POST,110979,209700,3136,532,1461,1421,0,0,913,16478
2025-12-16,18,847,109,8,YT_LONG,871560,298800,4192,10158,861,1859,0,379,684,9537
2025-12-16,18,848,103,,TT_TRENDING,6413400,2682400,182340,13068,37125,2523,2557800,10,3250,1096
2025-12-16,18,849,113,19,BLOG_DEV_DIARY,67025,203700,7864,2378,545,713,0,0,736,1325
2025-12-16,18,850,104,2,YT_LONG,366120,213300,8632,2890,629,2220,0,299,1822,9520
2025-12-16,19,851,113,19,TT_TRENDING,6092100,1383200,84780,6816,23895,994,1075900,13,3348,1132
2025-12-16,19,852,107,,BLOG_DEV_DIARY,61178,260700,7048,1241,873,1195,0,0,857,619
2025-12-16,19,853,102,,BLOG_DEV_DIARY,88427,148200,5576,900,671,1320,0,0,864,389
2025-12-16,19,854,107,,YT_LONG,394470,296100,7080,7965,1640,2017,0,392,914,8755
2025-12-16,20,855,108,,TT_VIDEO,1557360,197100,113335,1848,1109,1104,932960,14,614,1032
2025-12-16,20,856,103,,TT_TRENDING,5959800,2724400,125280,13368,24030,882,1566000,11,6377,1235
2025-12-16,20,857,103,,BLOG_POST,107559,245700,4816,485,1259,1599,0,0,328,14432
2025-12-16,20,858,108,,YT_TRAILER,2353500,1999200,79475,1804,21252,16452,673200,58,1512,10955
2025-12-16,20,859,104,2,TT_TRENDING,3994200,1125600,105120,4872,29520,1456,1766100,9,5954,722
2025-12-16,20,860,113,19,YT_LONG,579960,255000,9040,5797,834,1003,0,289,1235,9299
2025-12-16,20,861,113,19,BLOG_POST,175446,233700,7328,220,882,1929,0,0,609,24200
2025-12-16,20,862,109,8,YT_LONG,559710,225600,9576,5534,638,2028,0,362,977,8432
2025-12-17,12,863,108,,TT_VIDEO,2155680,290700,39805,2246,782,1390,469420,14,827,1219
2025-12-17,12,864,103,,TT_VIDEO,2147040,249600,39235,2413,723,2460,603680,16,310,974
2025-12-17,12,865,103,,YT_TRAILER,4207500,1938300,90780,1478,28672,16110,2618000,87,3100,40250
2025-12-17,12,866,108,,YT_LONG,692550,191400,8192,9410,1316,2464,0,336,1930,7735
2025-12-17,12,867,104,2,YT_LONG,343440,228000,7120,8092,944,1707,0,269,1220,6044
2025-12-17,12,868,104,2,YT_TRAILER,2857500,1682100,36465,981,13020,12132,1029600,81,4746,27020
2025-12-17,12,869,109,8,BLOG_POST,163134,172800,5376,367,1598,1331,0,0,881,19580
2025-12-17,18,870,103,,TT_VIDEO,1782000,254400,97850,1533,1196,1877,1072120,21,470,630
2025-12-17,18,871,108,,TT_VIDEO,1058400,197700,110675,2565,1767,1089,596820,14,728,666
2025-12-17,18,872,102,,TT_TRENDING,3628800,2452800,58680,9984,16155,1023,1670400,14,2919,1157
2025-12-17,18,873,103,,IG_POST,445032,275700,13644,2543,564,9814,0,0,276,985
2025-12-17,18,874,107,,BLOG_POST,81396,222900,6568,354,731,1329,0,0,780,20636
2025-12-17,18,875,113,19,IG_REEL,976950,175200,25116,2585,13680,2336,558480,16,997,1130
2025-12-17,18,876,108,,TT_TRENDING,5852700,1489600,209880,13992,15120,911,913500,8,7774,662
2025-12-17,18,877,104,2,BLOG_POST,102771,146400,9480,486,780,2279,0,0,377,9548
2025-12-17,18,878,105,1,IG_STORY,596232,234000,7736,1236,692,1881,0,0,829,2163
2025-12-17,19,879,113,19,YT_SHORT,967140,150900,59070,1731,1218,1923,674250,25,604,1320
2025-12-17,19,880,104,2,IG_POST,357840,134700,13356,957,588,4152,0,0,895,600
2025-12-17,19,881,103,,IG_REEL,657540,223200,31836,2517,6948,1287,517920,16,946,1013
2025-12-17,19,882,107,,IG_REEL,1013220,146400,25410,2017,13512,2226,295360,18,507,1432
2025-12-17,19,883,102,,YT_TRAILER,1894500,1738800,37315,741,8456,13518,2576200,85,3814,12320
2025-12-17,19,884,104,2,BLOG_POST,139878,231300,6728,254,1520,2449,0,0,813,9878
2025-12-17,20,885,107,,YT_LONG,836730,242700,5352,6392,717,2413,0,294,1872,3987
2025-12-17,20,886,104,2,BLOG_DEV_DIARY,70366,188400,4048,913,1485,1331,0,0,287,702
2025-12-17,20,887,108,,IG_POST,357336,152400,12150,2094,684,8797,0,0,455,432
2025-12-17,20,888,103,,IG_STORY,617760,295200,6568,1960,584,2402,0,0,972,3297
2025-12-18,12,889,102,,IG_STORY,642096,296700,4072,1208,1532,2343,0,0,522,1865
2025-12-18,12,890,107,,BLOG_DEV_DIARY,46040,234300,3728,1252,1092,2548,0,0,978,594
2025-12-18,12,891,102,,IG_REEL,1166490,233100,16842,774,13104,1195,592800,17,1002,1409
2025-12-18,12,892,108,,YT_LONG,628560,183300,6728,7642,1262,1311,0,266,1354,4505
2025-12-18,12,893,102,,BLOG_DEV_DIARY,56898,252300,7304,2015,476,1899,0,0,961,887
2025-12-18,12,894,103,,YT_SHORT,1433700,207000,31405,909,1773,796,682500,35,687,636
2025-12-18,12,895,103,,BLOG_DEV_DIARY,91246,268500,4152,2185,1773,2592,0,0,702,559
2025-12-18,12,896,109,8,YT_SHORT,1704240,177900,28490,970,1604,1016,419250,25,626,674
2025-12-18,12,897,109,8,BLOG_DEV_DIARY,63266,257100,8976,1637,1377,1395,0,0,717,665
2025-12-18,12,898,113,19,IG_REEL,961740,272100,47040,1877,3612,2561,374400,15,900,450
2025-12-18,12,899,113,19,YT_LONG,887760,143100,5272,8891,774,1949,0,399,1751,4259
2025-12-18,18,900,113,19,IG_REEL,1195740,236700,30114,1210,6048,2000,472680,13,295,1012
2025-12-18,18,901,104,2,IG_POST,517608,178800,9414,2466,1257,6831,0,0,600,913
2025-12-18,18,902,107,,BLOG_POST,133038,204600,6120,155,737,1296,0,0,721,24728
2025-12-18,18,903,105,1,YT_LONG,331290,224400,2512,3409,524,1522,0,407,2120,3519
2025-12-18,19,904,108,,YT_LONG,375030,157200,6968,7276,1709,1170,0,316,707,9044
2025-12-18,19,905,104,2,IG_REEL,1028430,212700,24318,2332,9204,2389,210600,13,906,900
2025-12-18,19,906,107,,IG_REEL,1184040,270600,36204,990,9672,2380,184080,17,310,1370
2025-12-18,19,907,103,,IG_STORY,840528,129900,7176,2081,615,2163,0,0,927,1588
2025-12-18,19,908,113,19,BLOG_POST,114399,155100,6656,418,1682,2512,0,0,354,15906
2025-12-18,20,909,109,8,YT_LONG,580770,281400,4208,8135,800,2059,0,358,1667,5967
2025-12-18,20,910,104,2,IG_STORY,706680,181500,4912,2079,768,1373,0,0,563,4402
2025-12-18,20,911,105,1,TT_TRENDING,3439800,1310400,192240,5136,17505,2132,1867600,14,7189,1436
2025-12-18,20,912,104,2,YT_SHORT,1009260,173100,39820,1459,564,2031,439500,26,749,1213
2025-12-18,20,913,107,,IG_REEL,836550,153300,23142,1465,9564,794,179920,17,291,1328
2025-12-18,20,914,104,2,BLOG_POST,168948,272100,8704,350,978,1137,0,0,281,8118
2025-12-18,20,915,107,,IG_STORY,666432,273900,3200,2424,1709,2253,0,0,477,2218
2025-12-19,12,916,113,19,TT_VIDEO,1751760,295200,60610,2213,1784,1474,441980,20,968,924
2025-12-19,12,917,102,,BLOG_POST,81054,284100,2624,344,1239,1540,0,0,646,11330
2025-12-19,12,918,113,19,YT_SHORT,1260360,210000,43670,2464,921,1720,786750,25,790,862
2025-12-19,12,919,113,19,BLOG_POST,103284,282300,3632,526,755,1008,0,0,492,20944
2025-12-19,12,920,109,8,TT_TRENDING,4334400,1598800,69660,5112,24165,777,1125200,9,7202,562
2025-12-19,12,921,107,,YT_TRAILER,3834000,915600,94095,882,11592,7200,1669800,66,4603,23030
2025-12-19,12,922,107,,YT_SHORT,1020600,156900,35805,1566,1274,2207,231750,34,409,1325
2025-12-19,18,923,107,,TT_VIDEO,1665360,200100,88065,1544,1157,1461,1069180,14,621,1426
2025-12-19,18,924,113,19,YT_SHORT,1127520,211500,22660,2321,1641,970,726000,25,513,440
2025-12-19,18,925,105,1,YT_TRAILER,3577500,1558200,30430,2517,24388,14706,1788600,74,4381,19285
2025-12-19,18,926,108,,YT_LONG,613980,290100,2456,7183,711,2286,0,404,1663,3638
2025-12-19,18,927,105,1,YT_SHORT,1053000,193500,22880,1340,1110,1650,606750,29,411,804
2025-12-19,18,928,102,,IG_REEL,1223820,261900,45402,1987,5448,1043,294320,12,455,821
2025-12-19,18,929,103,,YT_SHORT,1098360,262800,59015,2064,894,1531,782250,21,333,1320
2025-12-19,18,930,109,8,YT_LONG,848880,131700,3504,6894,1460,1804,0,260,1978,9376
2025-12-19,18,931,105,1,TT_VIDEO,2175120,209700,32775,2479,500,851,938840,22,276,565
2025-12-19,18,932,107,,YT_SHORT,1159920,269100,51370,2015,1601,1978,744000,30,396,1014
2025-12-19,19,933,105,1,YT_TRAILER,2002500,1257900,97495,2081,16128,11826,1817200,84,4360,38360
2025-12-19,19,934,108,,YT_TRAILER,2916000,1764000,29835,1676,12208,9036,1106600,81,4234,16520
2025-12-19,19,935,103,,TT_TRENDING,5676300,1293600,107460,5472,35730,1366,2665100,10,4518,630
2025-12-19,19,936,104,2,IG_POST,214200,128100,15174,1833,1763,4209,0,0,475,643
2025-12-19,20,937,109,8,YT_TRAILER,3456000,1866900,45815,1921,15372,16254,1491600,87,4376,24710
2025-12-19,20,938,102,,IG_STORY,949104,202800,2688,884,476,2460,0,0,467,3091
2025-12-19,20,939,105,1,YT_LONG,413910,147900,8984,6316,734,2110,0,415,860,5321
2025-12-20,12,940,108,,YT_SHORT,1725300,276900,55660,2407,1113,2477,693000,33,419,496
2025-12-20,12,941,103,,YT_LONG,606690,202800,9192,4335,1001,2229,0,299,1136,5593
2025-12-20,12,942,105,1,YT_TRAILER,3078000,1606500,63835,1866,31276,8262,2085600,58,3536,24745
2025-12-20,12,943,102,,YT_TRAILER,1867500,2081100,44115,1844,26236,7902,2046000,63,1705,34020
2025-12-20,12,944,108,,IG_REEL,518310,122400,26880,1769,7644,900,530400,18,591,889
2025-12-20,12,945,105,1,IG_STORY,432432,184800,7992,1540,1779,2479,0,0,434,4641
2025-12-20,18,946,102,,BLOG_POST,135945,227700,2480,273,462,2541,0,0,350,17204
2025-12-20,18,947,102,,YT_TRAILER,4396500,2045400,82450,1685,25368,7470,2292400,66,2197,21350
2025-12-20,18,948,109,8,BLOG_DEV_DIARY,70052,204600,4456,1287,1121,1038,0,0,611,1307
2025-12-20,19,949,108,,YT_LONG,567810,213900,4712,8509,1239,2422,0,360,1328,7633
2025-12-20,19,950,103,,IG_STORY,732888,145800,7448,2350,1464,788,0,0,756,3024
2025-12-20,19,951,113,19,BLOG_POST,89433,162600,6408,478,1425,1965,0,0,591,8316
2025-12-20,19,952,105,1,YT_TRAILER,1800000,886200,73015,1239,20384,15516,919600,82,4330,22960
2025-12-20,19,953,104,2,YT_SHORT,1394820,255300,39545,2251,1737,1027,333000,21,288,611
2025-12-20,20,954,105,1,TT_TRENDING,2727900,1918000,171360,8688,26325,1954,1305000,11,6728,763
2025-12-20,20,955,104,2,YT_LONG,532170,137700,6416,7302,485,1019,0,342,644,8866
2025-12-20,20,956,103,,YT_TRAILER,2299500,1039500,68935,686,22652,13050,1177000,70,3851,40705
2025-12-20,20,957,104,2,IG_REEL,576810,242100,21420,1298,8928,1263,250640,17,453,1146
2025-12-20,20,958,108,,BLOG_DEV_DIARY,64415,289500,4544,777,1652,2422,0,0,1001,1164
2025-12-20,20,959,104,2,IG_STORY,502632,200100,8144,2211,1148,1058,0,0,774,2117
2025-12-21,12,960,102,,BLOG_DEV_DIARY,41969,140100,9032,1881,1769,1030,0,0,778,1090
2025-12-21,12,961,104,2,IG_STORY,583128,174300,8840,2097,603,867,0,0,953,3507
2025-12-21,12,962,104,2,YT_TRAILER,3388500,852600,68680,2048,25760,11628,1526800,62,2075,14280
2025-12-21,12,963,108,,IG_STORY,777816,248100,5024,2418,1140,2521,0,0,790,1726
2025-12-21,12,964,105,1,IG_STORY,817128,252900,8976,1824,1037,1126,0,0,572,1936
2025-12-21,12,965,108,,BLOG_POST,160569,243600,7048,504,509,917,0,0,507,13200
2025-12-21,18,966,105,1,BLOG_POST,98667,188100,9432,392,948,2350,0,0,888,10208
2025-12-21,18,967,113,19,TT_VIDEO,1991520,228000,28785,2534,1055,1126,1115240,17,813,562
2025-12-21,18,968,104,2,TT_VIDEO,2151360,151800,72770,1676,647,1859,1029980,20,629,551
2025-12-21,18,969,108,,IG_REEL,1036620,298800,31668,2191,8016,1080,274560,15,708,482
2025-12-21,18,970,102,,TT_TRENDING,5890500,2119600,99360,6312,21330,2290,2897100,9,4024,846
2025-12-21,19,971,102,,YT_LONG,715230,185400,3232,3485,1007,1247,0,269,2108,8211
2025-12-21,19,972,109,8,TT_VIDEO,1090800,231600,99180,1395,1320,1734,923160,16,1020,1238
2025-12-21,19,973,109,8,IG_POST,508536,194700,20448,2317,869,11391,0,0,821,781
2025-12-21,19,974,107,,IG_STORY,468000,123000,9576,700,1563,1932,0,0,966,2600
2025-12-21,19,975,104,2,YT_SHORT,905580,223800,53955,755,1695,1188,618750,33,611,914
2025-12-21,19,976,105,1,BLOG_POST,152190,244500,6328,355,791,2633,0,0,979,12298
2025-12-21,19,977,105,1,IG_REEL,1082250,286500,33474,1918,13584,2229,175760,17,636,913
2025-12-21,19,978,108,,IG_REEL,586170,266100,27762,2545,3792,1340,422240,11,328,572
2025-12-21,20,979,102,,TT_TRENDING,6785100,1579200,96480,12312,45990,1841,2998600,11,4095,1367
2025-12-21,20,980,103,,BLOG_POST,123633,297600,4784,481,854,1663,0,0,846,25300
2025-12-21,20,981,109,8,IG_POST,365904,276900,13716,1844,492,8816,0,0,996,563
2025-12-21,20,982,109,8,YT_TRAILER,3244500,844200,42500,671,31556,15390,1326600,75,3591,18165
2025-12-21,20,983,104,2,TT_VIDEO,1479600,276000,29070,856,521,2189,1080940,18,527,1142
2025-12-21,20,984,103,,BLOG_DEV_DIARY,73811,171600,7688,979,1208,1740,0,0,523,455
2025-12-21,20,985,108,,IG_STORY,816192,279900,7512,2044,857,2218,0,0,664,3293
2025-12-21,20,986,113,19,BLOG_POST,140391,203100,8552,488,470,2072,0,0,341,13002
2025-12-21,20,987,104,2,IG_STORY,547560,166500,4040,2147,915,1003,0,0,904,2470
2025-12-22,12,988,105,1,BLOG_POST,70110,290100,2888,410,1097,660,0,0,937,22396
2025-12-22,12,989,107,,YT_TRAILER,2538000,2055900,61965,1560,17584,20502,2094400,65,3625,21490
2025-12-22,12,990,105,1,TT_VIDEO,1304640,138300,106115,2070,1632,1599,778120,19,851,1372
2025-12-22,12,991,105,1,YT_LONG,329670,136800,5392,7880,546,1932,0,287,1240,4106
2025-12-22,12,992,105,1,YT_TRAILER,1903500,1843800,98005,1859,18368,16848,2197800,71,4931,31780
2025-12-22,12,993,102,,IG_REEL,1243710,274800,28560,1300,9936,1274,577200,17,330,1386
2025-12-22,12,994,104,2,YT_LONG,757350,282900,2616,9155,1568,1082,0,376,1944,7778
2025-12-22,12,995,108,,YT_LONG,473850,289800,4416,8993,801,755,0,374,576,2788
2025-12-22,18,996,107,,IG_STORY,802152,215100,4192,2218,1134,1762,0,0,491,4796
2025-12-22,18,997,107,,YT_TRAILER,1980000,1717800,87975,2548,27860,14922,2222000,67,3314,20755
2025-12-22,18,998,113,19,TT_TRENDING,5121900,1176000,87840,12660,48825,935,2206900,12,6078,428
2025-12-22,18,999,109,8,TT_TRENDING,6507900,2060800,63360,8508,31275,1923,2618700,12,4297,709
2025-12-22,19,1000,109,8,BLOG_DEV_DIARY,100537,182100,4488,2121,1139,777,0,0,990,1128
2025-12-22,19,1001,109,8,YT_SHORT,1479060,143400,53295,1243,824,1296,402000,31,338,882
2025-12-22,20,1002,104,2,BLOG_POST,118161,150900,6528,175,600,1828,0,0,413,25806
2025-12-22,20,1003,107,,IG_POST,548352,271200,20430,2625,1485,10859,0,0,358,846
2025-12-22,20,1004,105,1,TT_TRENDING,5632200,1912400,88920,5064,14355,1698,1502200,11,5343,1417
2025-12-22,20,1005,108,,IG_STORY,994968,282900,4360,829,516,1525,0,0,583,1386
2025-12-22,20,1006,105,1,IG_POST,409248,229200,12042,946,755,8512,0,0,881,1160
2025-12-22,20,1007,108,,TT_TRENDING,6772500,1540000,203760,5916,45180,1206,1969100,10,2022,1283
2025-12-22,20,1008,103,,YT_SHORT,1422360,174600,39380,1808,1752,2347,894750,30,958,1344
2025-12-22,20,1009,109,8,TT_VIDEO,2369520,191100,41705,1001,1538,1115,894740,18,756,1193
2025-12-22,20,1010,102,,IG_REEL,944190,191100,34902,1899,7176,1045,321360,18,269,556
2025-12-22,20,1011,103,,YT_TRAILER,2866500,1518300,81685,664,9240,17694,2534400,84,1651,25795
2025-12-22,20,1012,102,,TT_TRENDING,4126500,1321600,168480,3612,34020,1654,2354800,11,3081,1118
2025-12-23,12,1013,102,,IG_POST,202104,262200,11034,1472,1385,5852,0,0,320,959
2025-12-23,12,1014,104,2,IG_STORY,844272,161700,7880,752,1539,915,0,0,791,2360
2025-12-23,12,1015,102,,TT_VIDEO,1553040,202500,61275,741,759,697,754600,21,431,1427
2025-12-23,12,1016,108,,BLOG_POST,151677,164700,9064,166,1142,1399,0,0,279,10648
2025-12-23,12,1017,103,,TT_TRENDING,4561200,1341200,96480,7260,30285,2297,1191900,13,4557,467
2025-12-23,12,1018,113,19,BLOG_DEV_DIARY,81432,140700,5400,1817,1518,664,0,0,275,1376
2025-12-23,12,1019,102,,YT_TRAILER,4572000,1102500,54570,1984,19740,11286,1735800,59,2415,10850
2025-12-23,12,1020,105,1,TT_TRENDING,5556600,2522800,191700,7416,49230,1650,1247000,11,6461,1264
2025-12-23,18,1021,108,,YT_TRAILER,3231000,1270500,73185,2160,33180,17928,1997600,69,3994,25305
2025-12-23,18,1022,102,,BLOG_POST,99522,198300,3360,238,635,2330,0,0,811,24508
2025-12-23,18,1023,113,19,IG_STORY,867672,120300,4296,1949,750,1452,0,0,706,2839
2025-12-23,18,1024,113,19,TT_VIDEO,1233360,228900,69160,2136,777,1164,607600,17,950,654
2025-12-23,18,1025,105,1,IG_STORY,624312,157500,6328,2187,1635,2365,0,0,745,1743
2025-12-23,18,1026,102,,TT_TRENDING,4334400,2651600,185760,11328,16650,1529,1397800,12,3517,572
2025-12-23,18,1027,108,,YT_SHORT,696600,208500,60170,2024,1083,1861,592500,27,327,1116
2025-12-23,18,1028,102,,BLOG_DEV_DIARY,91768,269400,4080,827,1617,1199,0,0,323,860
2025-12-23,19,1029,109,8,TT_TRENDING,3131100,1979600,99540,10104,23670,2319,1568900,11,3861,580
2025-12-23,19,1030,103,,BLOG_DEV_DIARY,108054,242100,3736,2108,1119,2178,0,0,822,1100
2025-12-23,19,1031,109,8,IG_STORY,526968,153900,4936,2605,705,1107,0,0,567,1462
2025-12-23,19,1032,109,8,YT_SHORT,1731780,281100,32945,794,1422,1564,469500,30,325,792
2025-12-23,19,1033,104,2,YT_SHORT,1278180,163800,47465,1800,584,1472,819750,31,665,572
2025-12-23,19,1034,108,,YT_SHORT,837540,293400,20735,695,737,1492,706500,34,826,1044
2025-12-23,19,1035,103,,YT_SHORT,1161540,267600,47520,2574,1608,2567,432000,27,647,1261
2025-12-23,19,1036,103,,IG_POST,238392,275100,17226,975,1724,7315,0,0,672,1291
2025-12-23,19,1037,108,,IG_STORY,378144,210300,3776,1234,737,2497,0,0,375,2281
2025-12-23,19,1038,104,2,IG_REEL,1126710,137700,13398,884,12984,1547,310440,16,787,1273
2025-12-23,19,1039,108,,BLOG_POST,128763,223200,3368,377,584,972,0,0,786,17864
2025-12-23,20,1040,102,,BLOG_POST,112518,228000,7656,465,602,770,0,0,978,9086
2025-12-23,20,1041,102,,YT_TRAILER,2011500,1913100,29070,1852,19348,18342,1135200,70,2545,20790
2025-12-23,20,1042,103,,BLOG_POST,134064,133500,8112,180,653,2088,0,0,475,7722
2025-12-23,20,1043,113,19,YT_SHORT,1589220,223800,51480,1267,1593,1386,651750,29,364,616
2025-12-23,20,1044,113,19,IG_REEL,499590,223200,35784,2083,10140,1797,427960,17,655,1386
2025-12-24,12,1045,104,2,YT_LONG,699030,159600,8752,7514,1748,1507,0,299,1082,2754
2025-12-24,12,1046,108,,BLOG_POST,178011,284700,7048,212,1602,2413,0,0,454,13178
2025-12-24,12,1047,104,2,YT_SHORT,1438560,227700,60005,1910,666,979,777000,35,411,874
2025-12-24,12,1048,103,,IG_STORY,667368,252900,3216,2550,879,1503,0,0,974,2318
2025-12-24,12,1049,103,,BLOG_POST,72162,259800,3344,428,1049,1371,0,0,530,8140
2025-12-24,12,1050,104,2,BLOG_POST,85842,281400,5256,437,911,1001,0,0,512,11616
2025-12-24,18,1051,104,2,IG_POST,536256,199500,14670,2336,819,9481,0,0,970,1388
2025-12-24,18,1052,108,,IG_STORY,868608,235800,8480,2165,504,1003,0,0,384,3074
2025-12-24,18,1053,107,,IG_POST,225792,172500,19080,1641,1308,6669,0,0,789,618
2025-12-24,18,1054,109,8,IG_STORY,608400,184500,6856,1518,758,1351,0,0,473,2318
2025-12-24,19,1055,105,1,TT_TRENDING,6741000,1960000,103320,13260,16380,1410,1986500,11,6117,1043
2025-12-24,19,1056,102,,BLOG_DEV_DIARY,89680,160800,8840,744,1379,1166,0,0,616,398
2025-12-24,19,1057,107,,TT_VIDEO,2339280,123000,107825,1863,1436,2312,1026060,20,401,740
2025-12-24,19,1058,103,,YT_TRAILER,1957500,1123500,85000,807,16688,8352,1130800,80,2713,37870
2025-12-24,19,1059,105,1,BLOG_DEV_DIARY,108889,153600,4104,768,882,1142,0,0,400,1050
2025-12-24,19,1060,109,8,BLOG_POST,187587,288000,5904,382,717,1782,0,0,328,24750
2025-12-24,20,1061,104,2,YT_TRAILER,3154500,1081500,70295,1654,26152,10260,1155000,77,3683,14385
2025-12-24,20,1062,104,2,TT_VIDEO,1531440,286500,113525,1522,791,1745,661500,13,524,431
2025-12-24,20,1063,113,19,IG_REEL,620100,133800,14574,1654,8460,1868,582920,15,749,680
2025-12-24,20,1064,103,,IG_REEL,1189890,128400,17766,708,10896,2504,187200,11,983,1434
2025-12-25,12,1065,104,2,BLOG_DEV_DIARY,48964,159900,4448,2358,852,2092,0,0,609,1157
2025-12-25,12,1066,103,,IG_STORY,465192,231000,3664,1069,1140,1775,0,0,775,4183
2025-12-25,12,1067,103,,YT_TRAILER,3865500,1354500,78795,2222,12628,9864,1491600,77,2940,28595
2025-12-25,12,1068,105,1,BLOG_POST,171171,235800,7824,456,834,1839,0,0,871,22770
2025-12-25,12,1069,107,,BLOG_POST,184851,260100,6056,261,1598,1670,0,0,391,23760
2025-12-25,12,1070,104,2,YT_SHORT,1378620,278100,54010,1019,834,675,249000,33,833,1247
2025-12-25,12,1071,102,,BLOG_POST,142785,134400,3080,234,929,1014,0,0,314,8448
2025-12-25,18,1072,103,,YT_LONG,474660,256500,8424,7463,1611,1995,0,367,1642,6970
2025-12-25,18,1073,105,1,IG_STORY,541944,187500,5848,1146,714,1573,0,0,676,1831
2025-12-25,18,1074,103,,YT_TRAILER,3316500,1753500,57290,2490,25312,16974,723800,88,2071,38605
2025-12-25,18,1075,102,,YT_SHORT,1644300,183900,63030,2057,650,2090,701250,26,881,1049
2025-12-25,18,1076,108,,IG_REEL,851760,279600,16254,1082,5208,1322,392080,14,318,1279
2025-12-25,18,1077,105,1,TT_VIDEO,2198880,251700,54530,807,627,2523,984900,20,548,564
2025-12-25,18,1078,104,2,IG_POST,469224,249900,7830,1690,1334,10165,0,0,283,842
2025-12-25,18,1079,108,,YT_LONG,537030,223200,5656,3494,747,1164,0,273,1663,6851
2025-12-25,19,1080,102,,YT_LONG,494910,289500,6592,9512,657,2550,0,266,1183,8313
2025-12-25,19,1081,105,1,IG_STORY,755352,244200,2424,713,1436,2134,0,0,721,2898
2025-12-25,19,1082,109,8,YT_LONG,554040,244500,5672,4922,1715,1465,0,315,1546,4335
2025-12-25,19,1083,105,1,BLOG_POST,139365,207900,3960,537,1004,2154,0,0,978,20174
2025-12-25,19,1084,109,8,IG_STORY,916344,195900,9240,983,1260,1269,0,0,322,3184
2025-12-25,19,1085,107,,TT_TRENDING,4750200,1962800,112320,13116,14400,2255,1748700,9,7696,745
2025-12-25,20,1086,105,1,IG_STORY,448344,152700,8600,1124,605,2433,0,0,847,1705
2025-12-25,20,1087,108,,TT_VIDEO,1870560,288000,62035,2044,1565,2468,688940,14,717,859
2025-12-25,20,1088,105,1,YT_SHORT,686880,216900,49005,2123,1779,763,863250,33,692,1148
2025-12-25,20,1089,108,,BLOG_POST,83790,160200,2648,453,1049,1401,0,0,904,24574
2025-12-25,20,1090,107,,IG_STORY,637416,177900,9064,1698,1799,1474,0,0,274,2839
2025-12-25,20,1091,104,2,IG_POST,397152,297900,10170,1164,1634,9006,0,0,791,1061
2025-12-25,20,1092,107,,YT_TRAILER,2196000,993300,93585,1940,26096,13896,2530000,83,2272,22995
2025-12-25,20,1093,113,19,YT_TRAILER,4023000,1287300,97410,1320,17220,19260,1300200,92,4431,13265
2025-12-26,12,1094,105,1,YT_SHORT,722520,222900,17600,1555,1094,920,441750,32,536,1175
2025-12-26,12,1095,107,,YT_LONG,780030,220500,4192,9486,1575,1448,0,328,1417,4684
2025-12-26,12,1096,109,8,BLOG_DEV_DIARY,55854,150300,3216,1093,1017,1186,0,0,429,1020
2025-12-26,12,1097,113,19,YT_LONG,633420,135300,8376,6103,477,1107,0,346,1001,5270
2025-12-26,12,1098,102,,TT_TRENDING,3748500,1957200,153540,4320,27945,2605,3445200,9,2867,1295
2025-12-26,18,1099,109,8,BLOG_POST,130302,122100,3240,433,1424,1201,0,0,498,8052
2025-12-26,18,1100,113,19,BLOG_DEV_DIARY,74959,165300,9040,1850,548,1067,0,0,912,1110
2025-12-26,18,1101,107,,IG_REEL,1210950,246000,18648,706,5916,983,386880,12,697,726
2025-12-26,18,1102,109,8,YT_TRAILER,4617000,1919400,94350,1250,27804,19728,1526800,67,4326,33740
2025-12-26,18,1103,109,8,YT_SHORT,1036800,152100,49995,1665,1598,1179,411000,32,467,784
2025-12-26,19,1104,105,1,YT_TRAILER,3649500,1652700,64090,2138,13608,13104,673200,90,3633,22575
2025-12-26,19,1105,109,8,IG_STORY,683280,280800,4584,946,1590,1635,0,0,863,3305
2025-12-26,19,1106,103,,IG_STORY,497016,288300,8048,1522,1496,1940,0,0,839,5002
2025-12-26,19,1107,102,,BLOG_POST,104139,277800,4800,242,1020,1377,0,0,479,19624
2025-12-26,19,1108,102,,YT_LONG,785700,211500,2616,3128,1704,1866,0,372,707,8424
2025-12-26,19,1109,105,1,IG_STORY,687960,144900,7416,2585,1092,2358,0,0,511,4851
2025-12-26,19,1110,103,,IG_POST,259560,195900,9576,2000,1712,9472,0,0,752,1232
2025-12-26,19,1111,103,,IG_REEL,1081080,137700,14196,1074,3936,1824,475800,17,852,1282
2025-12-26,19,1112,107,,YT_LONG,555660,132900,8976,6894,1232,2561,0,395,873,7353
2025-12-26,19,1113,109,8,BLOG_POST,123120,208800,4192,248,1472,1929,0,0,275,9966
2025-12-26,20,1114,105,1,IG_STORY,748800,207000,9112,1549,947,1751,0,0,599,1310
2025-12-26,20,1115,113,19,BLOG_POST,132354,133500,7656,230,1256,1828,0,0,385,23914
2025-12-26,20,1116,104,2,TT_TRENDING,5556600,1512000,205380,6060,32445,1659,2868100,9,5077,1046
2025-12-26,20,1117,103,,TT_TRENDING,3912300,1699600,142380,9132,23805,1769,1995200,12,2093,569
2025-12-27,12,1118,104,2,BLOG_POST,164160,131400,6640,481,624,1430,0,0,499,16368
2025-12-27,12,1119,107,,YT_SHORT,997920,165300,21615,1296,1109,1118,533250,30,660,1302
2025-12-27,12,1120,108,,IG_STORY,862056,129600,6824,1870,776,2306,0,0,582,4204
2025-12-27,12,1121,107,,IG_STORY,761904,298800,6480,1190,494,2499,0,0,668,1676
2025-12-27,12,1122,113,19,YT_LONG,760590,213000,7816,5168,605,1954,0,279,1291,4930
2025-12-27,12,1123,109,8,IG_STORY,582192,196200,5624,1228,645,2020,0,0,564,4616
2025-12-27,12,1124,104,2,IG_STORY,970632,271800,6560,1833,1689,1316,0,0,717,4066
2025-12-27,12,1125,105,1,IG_STORY,768456,226200,4000,1181,1628,937,0,0,286,2251
2025-12-27,12,1126,105,1,IG_POST,315504,221700,19332,1745,1169,4057,0,0,819,869
2025-12-27,18,1127,103,,IG_REEL,731250,236400,24612,746,10536,1747,359320,14,544,1133
2025-12-27,18,1128,113,19,BLOG_POST,151848,282900,8464,338,552,860,0,0,794,12144
2025-12-27,18,1129,105,1,BLOG_DEV_DIARY,80806,189900,8400,1793,755,667,0,0,476,556
2025-12-27,18,1130,104,2,TT_TRENDING,6514200,2503200,189000,9756,29520,2220,2140200,13,5369,865
2025-12-27,18,1131,104,2,YT_TRAILER,4144500,1724100,83810,2224,14336,16182,1447600,90,2533,26180
2025-12-27,18,1132,113,19,YT_SHORT,1318680,149100,44275,1822,1127,1098,730500,21,502,383
2025-12-27,18,1133,103,,TT_VIDEO,1905120,124800,64315,2383,1764,1498,949620,13,781,448
2025-12-27,19,1134,108,,TT_TRENDING,3099600,2287600,118620,5604,27135,898,2743400,13,6221,746
2025-12-27,19,1135,103,,YT_LONG,375030,202800,3288,5534,743,1247,0,405,1955,6894
2025-12-27,19,1136,107,,YT_SHORT,1590840,123900,55385,966,1082,1890,549750,34,1019,960
2025-12-27,19,1137,103,,BLOG_DEV_DIARY,60134,163200,6464,1049,507,2009,0,0,644,1435
2025-12-27,19,1138,104,2,IG_POST,237384,198600,8118,1487,461,4741,0,0,262,1157
2025-12-27,19,1139,102,,IG_REEL,1181700,204600,39018,1835,4560,994,278720,18,815,713
2025-12-27,19,1140,102,,IG_POST,299376,255600,17496,1214,759,3772,0,0,583,392
2025-12-27,19,1141,113,19,YT_LONG,556470,148500,3352,9971,1767,1659,0,287,1888,8840
2025-12-27,20,1142,113,19,YT_TRAILER,1858500,1417500,40035,2273,29120,13248,2017400,78,3247,20720
2025-12-27,20,1143,105,1,YT_SHORT,1006020,125700,32175,1252,1014,860,525750,27,839,695
2025-12-27,20,1144,108,,YT_LONG,435780,138900,7120,9265,1797,2486,0,261,2047,3026
2025-12-27,20,1145,105,1,BLOG_POST,117648,299400,2496,280,1266,2407,0,0,319,8976
2025-12-27,20,1146,103,,IG_POST,434448,167700,11304,1410,528,6232,0,0,468,580
2025-12-27,20,1147,104,2,IG_REEL,995670,121500,21924,1892,11544,1718,212160,17,571,1193
2025-12-28,12,1148,109,8,YT_TRAILER,2007000,1218000,28220,1441,18508,9990,1865600,94,1991,38605
2025-12-28,12,1149,105,1,YT_SHORT,729000,190500,39655,1001,671,1914,280500,29,567,421
2025-12-28,12,1150,103,,BLOG_POST,166383,156000,4024,394,1740,2209,0,0,716,20548
2025-12-28,12,1151,103,,IG_REEL,526500,201900,21252,1318,9012,1261,509600,15,493,983
2025-12-28,12,1152,104,2,YT_TRAILER,2448000,1037400,46920,2231,25788,7812,1416800,79,3797,27440
2025-12-28,12,1153,103,,TT_VIDEO,1814400,162900,75240,1166,893,1806,885920,19,329,1307
2025-12-28,12,1154,109,8,YT_LONG,382320,231300,7192,9265,1794,1456,0,287,853,3171
2025-12-28,12,1155,105,1,IG_REEL,492570,226500,42882,2277,11952,2418,385320,17,581,480
2025-12-28,18,1156,103,,IG_POST,313992,197700,14958,1349,783,6498,0,0,595,406
2025-12-28,18,1157,102,,BLOG_DEV_DIARY,56272,212700,2664,1437,597,2079,0,0,271,1109
2025-12-28,18,1158,107,,TT_VIDEO,1341360,161700,91580,744,719,1142,908460,16,774,805
2025-12-28,18,1159,103,,IG_STORY,585000,274200,8040,1848,813,1729,0,0,551,3360
2025-12-28,18,1160,113,19,YT_TRAILER,2290500,2091600,75905,2011,12684,12222,871200,93,2843,12600
2025-12-28,19,1161,108,,TT_VIDEO,2162160,252600,91770,1863,1013,1434,987840,15,899,942
2025-12-28,19,1162,113,19,IG_STORY,683280,166200,9472,1214,1301,1263,0,0,768,2944
2025-12-28,19,1163,105,1,TT_VIDEO,1373760,237900,48070,865,801,1595,1048600,19,598,812
2025-12-28,19,1164,109,8,YT_LONG,524070,217800,4488,7497,1409,2297,0,269,778,10039
2025-12-28,19,1165,105,1,IG_REEL,1148940,228300,25242,2035,3996,2112,408720,16,294,1254
2025-12-28,19,1166,103,,BLOG_POST,154926,206400,6904,252,1763,1934,0,0,715,20658
2025-12-28,20,1167,103,,YT_TRAILER,2430000,1188600,98600,1652,25060,14544,2349600,70,3125,25655
2025-12-28,20,1168,102,,IG_REEL,1272960,167700,42924,1096,6660,1804,465920,11,875,395
2025-12-28,20,1169,107,,YT_TRAILER,1930500,1598100,26605,827,33432,21474,891000,66,3587,17220
2025-12-28,20,1170,105,1,TT_VIDEO,913680,296100,78375,774,860,1234,760480,13,876,703
2025-12-29,12,1171,107,,YT_LONG,525690,178800,7104,9333,746,1417,0,284,1935,7897
2025-12-29,12,1172,107,,TT_TRENDING,2929500,2002000,165960,8676,30060,1294,2792700,12,3179,1238
2025-12-29,12,1173,113,19,IG_STORY,840528,183300,3064,1344,1404,854,0,0,564,3003
2025-12-29,12,1174,105,1,YT_LONG,754920,216300,4872,2567,1451,937,0,301,1190,9129
2025-12-29,12,1175,105,1,BLOG_POST,180747,172500,7072,524,1740,2363,0,0,992,18700
2025-12-29,18,1176,104,2,IG_REEL,789750,205500,44814,2460,7812,1162,572000,18,927,1411
2025-12-29,18,1177,113,19,YT_LONG,810810,192900,8640,8279,1140,1019,0,360,2070,7438
2025-12-29,19,1178,107,,IG_POST,431928,207300,13122,1929,1755,11039,0,0,466,1055
2025-12-29,19,1179,113,19,TT_VIDEO,1576800,227100,39995,2145,989,935,944720,14,366,1414
2025-12-29,19,1180,108,,YT_LONG,364500,166200,8576,6868,671,1888,0,400,1550,3553
2025-12-29,19,1181,107,,YT_SHORT,1506600,233700,33275,1740,966,1245,692250,22,374,586
2025-12-29,19,1182,107,,IG_STORY,826488,224700,9328,939,647,2200,0,0,995,3591
2025-12-29,19,1183,105,1,IG_STORY,479232,245400,6000,979,1706,948,0,0,738,1638
2025-12-29,19,1184,102,,IG_POST,505512,282300,14814,748,1788,2983,0,0,638,1309
2025-12-29,19,1185,108,,BLOG_DEV_DIARY,49068,175500,5656,1254,1566,667,0,0,593,1241
2025-12-29,19,1186,113,19,YT_TRAILER,3888000,1894200,49130,2424,22680,14220,1463000,80,1533,13615
2025-12-29,19,1187,109,8,TT_VIDEO,1540080,171300,70015,1804,1689,1272,566440,13,257,817
2025-12-29,20,1188,103,,IG_POST,426888,219300,6408,2526,1544,3715,0,0,681,1130
2025-12-29,20,1189,103,,TT_VIDEO,1257120,143100,75335,876,1700,2578,1152480,19,285,1302
2025-12-29,20,1190,103,,YT_SHORT,732240,299700,50710,1428,762,2314,711000,22,696,1331
2025-12-29,20,1191,108,,YT_SHORT,1135620,234600,36465,2328,455,693,234000,26,893,793
2025-12-29,20,1192,103,,YT_LONG,819720,243000,3512,6630,671,2209,0,344,1287,5364
2025-12-30,12,1193,107,,IG_REEL,702000,283800,18060,1617,6504,2158,556400,14,502,846
2025-12-30,12,1194,103,,IG_REEL,621270,267900,24360,2402,7860,2077,427440,13,399,949
2025-12-30,12,1195,105,1,BLOG_POST,96786,191400,6072,197,729,977,0,0,1012,10252
2025-12-30,12,1196,103,,TT_TRENDING,4680900,2156000,201060,6972,50580,2543,1244100,10,7495,1192
2025-12-30,12,1197,109,8,BLOG_DEV_DIARY,58046,123900,7920,2295,639,1223,0,0,553,1398
2025-12-30,12,1198,107,,TT_VIDEO,1578960,262200,107825,1927,1173,1817,644840,14,456,430
2025-12-30,18,1199,107,,YT_LONG,394470,234000,8400,5109,1784,1256,0,374,1620,9112
2025-12-30,18,1200,107,,BLOG_POST,180234,124500,5864,519,1287,1738,0,0,781,24398
2025-12-30,18,1201,105,1,BLOG_DEV_DIARY,78196,251400,4144,2356,959,1720,0,0,994,900
2025-12-30,18,1202,102,,YT_SHORT,1121040,245100,48510,1835,456,726,810750,30,322,361
2025-12-30,18,1203,103,,YT_SHORT,1257120,232500,59730,2191,1304,1210,479250,27,977,1222
2025-12-30,18,1204,105,1,BLOG_POST,139023,149400,2768,141,830,1929,0,0,926,7986
2025-12-30,18,1205,105,1,IG_STORY,454896,258600,3816,1036,758,1676,0,0,412,2117
2025-12-30,18,1206,102,,BLOG_DEV_DIARY,51052,221100,3408,2620,806,1566,0,0,851,1279
2025-12-30,19,1207,102,,TT_TRENDING,6470100,2214800,99540,10440,33390,1921,1026600,11,5785,1205
2025-12-30,19,1208,105,1,YT_LONG,778410,136800,9120,8840,783,1806,0,297,1751,5874
2025-12-30,19,1209,108,,IG_REEL,1227330,244800,49266,1107,9888,1520,206440,15,852,1062
2025-12-30,19,1210,109,8,BLOG_POST,102942,144000,8560,199,998,2002,0,0,493,7348
2025-12-30,19,1211,107,,IG_STORY,935064,293700,2656,1861,959,1142,0,0,380,1886
2025-12-30,20,1212,108,,BLOG_DEV_DIARY,94378,179100,4576,909,1016,1778,0,0,858,1148
2025-12-30,20,1213,108,,IG_POST,553392,211500,5436,1309,1460,4152,0,0,830,1438
2025-12-30,20,1214,108,,YT_TRAILER,3591000,1188600,40885,1485,13384,11034,1694000,59,3616,39515
2025-12-30,20,1215,104,2,YT_TRAILER,4896000,2081100,60775,788,24052,9792,2556400,75,1743,41405
2025-12-30,20,1216,109,8,YT_SHORT,1043280,244200,17765,1247,575,2026,240000,22,323,700
2025-12-30,20,1217,113,19,IG_STORY,860184,145800,6120,1045,1068,1335,0,0,447,3499
2025-12-30,20,1218,107,,IG_REEL,527670,242400,50064,1874,10848,816,494520,11,733,655
2025-12-30,20,1219,102,,BLOG_DEV_DIARY,44474,249600,7552,2114,1326,2295,0,0,988,938
2025-12-30,20,1220,105,1,IG_POST,474768,221700,13338,904,557,4902,0,0,728,760
2025-12-31,12,1221,113,19,IG_REEL,1278810,216600,39186,1450,5412,1219,600600,14,1014,1331
2025-12-31,12,1222,104,2,BLOG_DEV_DIARY,86756,246600,6336,2475,1440,1023,0,0,356,559
2025-12-31,12,1223,113,19,TT_TRENDING,5184900,1274000,181980,12960,30060,1932,1075900,13,7274,1354
2025-12-31,12,1224,107,,IG_STORY,380952,144900,9568,1586,1730,1551,0,0,278,1932
2025-12-31,12,1225,113,19,BLOG_POST,110808,189300,2552,533,881,1463,0,0,815,13904
2025-12-31,12,1226,105,1,TT_VIDEO,1885680,120900,59280,1608,1512,2462,588980,13,783,961
2025-12-31,12,1227,113,19,YT_LONG,556470,252300,6120,5525,1404,1034,0,341,1633,7149
2025-12-31,12,1228,109,8,YT_LONG,490860,141300,3736,2567,1766,2182,0,268,1901,6001
2025-12-31,18,1229,109,8,IG_REEL,655200,232500,22470,1382,12768,1208,458120,13,585,1397
2025-12-31,18,1230,102,,TT_VIDEO,978480,284100,59755,2284,990,2281,1129940,20,711,929
2025-12-31,18,1231,102,,IG_REEL,644670,261000,43806,2325,13260,2616,270400,14,696,1278
2025-12-31,18,1232,105,1,YT_LONG,845640,266400,6136,6146,1497,1857,0,407,1818,9410
2025-12-31,18,1233,102,,IG_STORY,413712,131400,5984,2044,590,2202,0,0,734,4280
2025-12-31,18,1234,113,19,IG_REEL,577980,269700,40362,750,11880,2092,217880,17,433,1309
2025-12-31,18,1235,108,,TT_VIDEO,1257120,268800,77805,832,576,1716,568400,19,291,1424
2025-12-31,18,1236,108,,IG_POST,262080,158700,11088,1621,525,4342,0,0,741,653
2025-12-31,18,1237,102,,YT_SHORT,832680,160800,60225,2116,729,2068,507000,23,383,1115
2025-12-31,19,1238,103,,IG_REEL,918450,242400,35196,1287,10896,785,589160,18,377,475
2025-12-31,19,1239,103,,TT_TRENDING,5317200,2002000,95400,9252,32040,1173,2430200,12,7690,758
2025-12-31,19,1240,109,8,BLOG_DEV_DIARY,72767,292500,8592,950,1602,1190,0,0,792,571
2025-12-31,19,1241,109,8,YT_LONG,748440,147000,4488,4633,1346,1773,0,414,961,8441
2025-12-31,19,1242,102,,YT_SHORT,1731780,299700,30855,748,1772,1672,384750,28,877,650
2025-12-31,19,1243,108,,YT_SHORT,1169640,155400,47355,697,779,2396,262500,31,877,792
2025-12-31,20,1244,103,,IG_STORY,860184,147600,9072,1412,1134,1272,0,0,932,2390
2025-12-31,20,1245,108,,YT_TRAILER,4792500,903000,87040,1263,11228,20898,1810600,57,3667,20300
2025-12-31,20,1246,109,8,IG_POST,343224,296400,15318,2068,1695,11087,0,0,494,1206
2025-12-31,20,1247,103,,TT_VIDEO,1680480,288900,96995,2022,863,2640,384160,18,790,673
2025-12-31,20,1248,113,19,YT_TRAILER,2434500,1757700,82705,1696,16380,21168,1779800,83,3641,10850
2025-12-31,20,1249,113,19,IG_REEL,528840,194700,25200,2594,12660,1186,226720,17,671,760
2026-01-01,12,1250,109,8,YT_LONG,754110,122100,3032,7344,1584,1815,0,329,1136,4072
2026-01-01,12,1251,113,19,BLOG_DEV_DIARY,78404,258300,5152,1729,1277,1208,0,0,308,1082
2026-01-01,12,1252,103,,YT_LONG,801090,291300,7792,6681,459,1877,0,300,1723,2610
2026-01-01,12,1253,104,2,YT_SHORT,1480680,186600,44385,1184,1428,2446,318000,22,481,571
2026-01-01,18,1254,104,2,YT_TRAILER,1827000,1234800,57290,2369,26124,18990,2162600,63,3847,31185
2026-01-01,18,1255,109,8,IG_POST,389592,201900,7866,2310,1713,11248,0,0,940,1020
2026-01-01,18,1256,109,8,TT_TRENDING,3893400,2172800,160200,13752,46215,2154,2334500,14,5863,532
2026-01-01,18,1257,108,,TT_TRENDING,4063500,1523200,171000,7980,23130,939,1600800,10,5161,1228
2026-01-01,18,1258,102,,TT_TRENDING,3975300,2422000,176760,6708,45450,2636,3404600,10,6006,379
2026-01-01,18,1259,103,,TT_TRENDING,5184900,1405600,140760,12600,43785,2248,954100,14,5304,1175
2026-01-01,18,1260,105,1,TT_TRENDING,6073200,2380000,162360,6864,45360,1300,1899500,12,3309,971
2026-01-01,18,1261,108,,BLOG_POST,149454,138600,3720,491,1452,785,0,0,319,17402
2026-01-01,18,1262,104,2,IG_STORY,618696,219600,8552,2477,459,1487,0,0,376,4633
2026-01-01,19,1263,113,19,IG_REEL,884520,248700,23226,1415,14148,2600,281320,16,305,635
2026-01-01,19,1264,103,,YT_SHORT,759780,269400,48345,1318,1625,1976,802500,30,278,522
2026-01-01,19,1265,108,,IG_POST,389592,299400,11466,1087,1323,6137,0,0,1005,776
2026-01-01,19,1266,104,2,IG_REEL,1095120,267300,29442,1166,6648,1538,372840,16,441,1222
2026-01-01,19,1267,109,8,IG_STORY,1006200,175500,8040,1342,1254,1474,0,0,455,3667
2026-01-01,19,1268,113,19,TT_TRENDING,5556600,1719200,111960,14352,30690,957,1104900,12,6552,569
2026-01-01,19,1269,102,,TT_VIDEO,1911600,287100,80180,2451,1620,1760,532140,20,435,1186
2026-01-01,19,1270,113,19,IG_POST,313992,294600,12402,1846,1239,3876,0,0,970,1207
2026-01-01,19,1271,109,8,TT_VIDEO,1801440,260700,64030,1725,1196,2614,491960,15,614,1156
2026-01-01,19,1272,109,8,IG_POST,265608,211200,21204,2277,974,7011,0,0,471,1028
2026-01-01,20,1273,105,1,IG_STORY,470808,255900,7544,1676,830,2592,0,0,932,1336
2026-01-01,20,1274,113,19,TT_TRENDING,5468400,2083200,85500,14148,50850,2110,2491100,12,7618,1164
2026-01-01,20,1275,113,19,IG_POST,355824,155700,7812,1861,608,5919,0,0,621,410
2026-01-01,20,1276,108,,BLOG_DEV_DIARY,58568,147900,3304,2132,1169,1641,0,0,422,1120
2026-01-01,20,1277,105,1,TT_VIDEO,2060640,273000,85690,2013,807,814,990780,21,907,499
2026-01-01,20,1278,107,,YT_SHORT,1287900,226500,65010,970,476,2614,586500,28,411,421
2026-01-01,20,1279,109,8,TT_TRENDING,4460400,1951600,119700,7968,44280,2178,1760300,9,2236,1128
2026-01-02,12,1280,103,,YT_TRAILER,4297500,886200,85765,1478,33236,17370,1766600,85,1995,31990
2026-01-02,12,1281,105,1,YT_TRAILER,2835000,1375500,44370,1549,19376,7434,844800,62,4948,11235
2026-01-02,12,1282,113,19,YT_SHORT,1349460,247500,25630,2622,792,2625,883500,26,664,1342
2026-01-02,18,1283,113,19,YT_TRAILER,3717000,1516200,69105,1010,8848,18954,1163800,64,2415,32200
2026-01-02,18,1284,108,,YT_TRAILER,3631500,1688400,25670,983,27440,15588,1632400,63,3175,39620
2026-01-02,18,1285,109,8,TT_VIDEO,1451520,263400,68495,1914,1248,1008,998620,20,558,985
2026-01-02,18,1286,107,,BLOG_DEV_DIARY,60656,151800,8712,2264,1073,832,0,0,700,900
2026-01-02,18,1287,107,,YT_TRAILER,3222000,1356600,58990,1445,31920,7866,2435400,90,1756,33005
2026-01-02,19,1288,105,1,IG_STORY,924768,128700,3616,1784,521,2132,0,0,993,1630
2026-01-02,19,1289,105,1,IG_POST,543816,227700,17424,2552,1620,6251,0,0,371,979
2026-01-02,19,1290,103,,IG_STORY,691704,164100,2880,1885,1449,1698,0,0,816,1546
2026-01-02,19,1291,109,8,IG_POST,222768,274200,20970,1305,509,7467,0,0,364,910
2026-01-02,19,1292,105,1,YT_LONG,614790,271500,4560,7625,1553,1597,0,393,1341,2788
2026-01-02,20,1293,109,8,YT_LONG,884520,139800,9080,3536,1638,818,0,331,1366,8985
2026-01-02,20,1294,102,,BLOG_POST,70794,281400,3544,329,915,2510,0,0,971,23562
2026-01-02,20,1295,107,,TT_TRENDING,3068100,2704800,113580,12480,28260,977,2418600,14,2373,1075
2026-01-03,12,1296,104,2,YT_LONG,616410,159600,6440,7174,1488,724,0,284,1404,7395
2026-01-03,12,1297,109,8,TT_TRENDING,5625900,2590000,128340,4044,19800,691,2148900,14,2451,976
2026-01-03,12,1298,104,2,BLOG_POST,97983,130200,8184,235,1353,814,0,0,350,22242
2026-01-03,12,1299,113,19,BLOG_DEV_DIARY,84251,169500,5528,2303,1319,1542,0,0,402,960
2026-01-03,12,1300,105,1,YT_LONG,362880,240300,5128,4012,1742,697,0,349,1373,8441
2026-01-03,18,1301,103,,IG_POST,368424,186600,19746,1219,1613,9101,0,0,716,1184
2026-01-03,18,1302,103,,IG_STORY,863928,270900,4264,1775,555,1025,0,0,1007,4549
2026-01-03,18,1303,104,2,IG_STORY,528840,291900,4656,1148,689,1340,0,0,594,4641
2026-01-03,18,1304,107,,IG_POST,486360,284700,16470,2163,990,9671,0,0,643,1319
2026-01-03,18,1305,105,1,IG_POST,539784,197100,16236,2028,1106,5159,0,0,479,689
2026-01-03,19,1306,107,,YT_LONG,353160,223500,5592,9877,978,2004,0,318,801,8228
2026-01-03,19,1307,103,,IG_REEL,1008540,250500,21378,2176,7008,1542,177320,18,786,416
2026-01-03,19,1308,103,,YT_TRAILER,3334500,1915200,40035,2341,32368,17802,1289200,89,2062,26880
2026-01-03,19,1309,109,8,YT_LONG,464130,247200,6896,6851,1625,1093,0,299,1949,9656
2026-01-03,19,1310,108,,YT_LONG,510300,250500,7512,9979,1530,825,0,296,2119,8466
2026-01-03,19,1311,113,19,IG_REEL,746460,241200,34944,807,13356,2101,328120,18,570,556
2026-01-03,19,1312,105,1,IG_REEL,682110,238800,13986,2567,10848,1980,226200,14,502,721
2026-01-03,19,1313,104,2,TT_TRENDING,2538900,1640800,105480,13860,26460,2171,1148400,12,7521,1398
2026-01-03,20,1314,107,,TT_VIDEO,1324080,260100,103645,1173,1635,2462,890820,14,276,1060
2026-01-03,20,1315,113,19,YT_TRAILER,2439000,1390200,98770,1802,27244,21240,2585000,67,1978,24815
2026-01-03,20,1316,113,19,IG_STORY,906048,299700,6800,1179,1575,1740,0,0,1000,2398
2026-01-03,20,1317,105,1,YT_SHORT,1744740,139200,30580,1104,1161,1956,359250,28,373,498
2026-01-04,12,1318,104,2,TT_VIDEO,2036880,196500,63270,680,1395,1617,321440,21,372,803
2026-01-04,12,1319,109,8,IG_POST,319536,251100,14922,2152,1683,9234,0,0,924,1370
2026-01-04,12,1320,113,19,IG_STORY,452088,215700,6264,1494,636,2176,0,0,553,4271
2026-01-04,12,1321,108,,IG_REEL,967590,199800,49056,2006,5460,1569,509080,12,545,482
2026-01-04,18,1322,108,,TT_TRENDING,2772000,2125200,200700,12216,19890,2099,2871000,12,2483,666
2026-01-04,18,1323,107,,BLOG_DEV_DIARY,103774,250800,4872,2611,1299,1096,0,0,944,407
2026-01-04,18,1324,105,1,BLOG_POST,114057,212100,5520,296,1413,2565,0,0,364,25806
2026-01-04,18,1325,104,2,TT_VIDEO,1334880,213900,75715,1096,974,1923,458640,15,297,389
2026-01-04,18,1326,108,,IG_STORY,572832,240000,4424,847,1275,2587,0,0,700,1940
2026-01-04,18,1327,103,,YT_SHORT,722520,264300,21890,2103,620,724,806250,22,532,1364
2026-01-04,19,1328,105,1,YT_LONG,472230,188700,3136,6834,819,849,0,281,940,7319
2026-01-04,19,1329,108,,IG_POST,458640,205800,17676,2543,618,2945,0,0,445,1249
2026-01-04,19,1330,108,,BLOG_POST,106020,207300,3912,189,515,827,0,0,724,21384
2026-01-04,19,1331,113,19,YT_SHORT,1150200,136500,44605,2528,1373,1967,657750,29,486,1412
2026-01-04,19,1332,108,,BLOG_DEV_DIARY,81954,191100,4800,2178,890,975,0,0,428,551
2026-01-04,19,1333,103,,TT_VIDEO,1175040,224700,53675,711,755,2405,1032920,16,924,728
2026-01-04,19,1334,113,19,BLOG_POST,69255,266100,4648,250,585,2526,0,0,987,20570
2026-01-04,20,1335,107,,TT_TRENDING,6249600,2013200,72360,11604,39690,1056,1476100,9,5428,386
2026-01-04,20,1336,113,19,BLOG_POST,155268,184500,5600,213,1776,1415,0,0,1011,17952
2026-01-04,20,1337,109,8,IG_REEL,1209780,162600,42588,803,7584,1463,451360,15,805,688
2026-01-04,20,1338,104,2,IG_POST,416304,209100,8730,986,1094,8151,0,0,459,1402
2026-01-04,20,1339,109,8,YT_LONG,529740,267600,8024,4140,1691,1927,0,391,1040,9707
2026-01-04,20,1340,105,1,IG_STORY,862056,240600,4464,1181,1515,1569,0,0,370,3129
2026-01-05,12,1341,109,8,IG_POST,253512,193500,10062,1267,1526,5045,0,0,532,676
2026-01-05,12,1342,103,,YT_SHORT,1117800,194100,38940,1494,551,1729,579750,34,372,372
2026-01-05,12,1343,107,,IG_REEL,588510,259800,49056,2493,7140,2196,495040,11,699,1355
2026-01-05,12,1344,110,,TT_TRENDING,5821200,1548400,118620,3636,20610,744,2349000,13,6643,920
2026-01-05,18,1345,108,,BLOG_POST,117135,294000,4360,152,473,2464,0,0,317,7964
2026-01-05,18,1346,103,,IG_POST,288288,220500,15048,887,1694,5035,0,0,791,664
2026-01-05,18,1347,103,,IG_STORY,748800,289500,3880,724,1332,713,0,0,400,1995
2026-01-05,18,1348,108,,IG_POST,257544,225900,10458,2515,1401,3781,0,0,862,589
2026-01-05,18,1349,104,2,IG_STORY,913536,186600,4680,2389,1376,821,0,0,296,2302
2026-01-05,18,1350,105,1,YT_TRAILER,2223000,1041600,69190,2244,21364,18468,712800,94,1701,27790
2026-01-05,18,1351,104,2,YT_SHORT,670680,296400,61765,2424,1146,1806,792750,22,922,1136
2026-01-05,19,1352,109,8,IG_POST,452088,138600,7380,1170,455,5586,0,0,490,1390
2026-01-05,19,1353,113,19,YT_SHORT,1281420,266400,23430,2433,921,1927,504750,24,484,762
2026-01-05,19,1354,104,2,BLOG_DEV_DIARY,110560,222300,6112,891,1380,2361,0,0,473,1093
2026-01-05,19,1355,110,,YT_LONG,763020,234900,6824,3349,1370,2534,0,265,1161,2788
2026-01-05,20,1356,110,,YT_SHORT,1137240,234000,30360,981,1289,1265,897750,22,558,655
2026-01-05,20,1357,103,,YT_SHORT,884520,214500,61985,2380,1128,1210,657750,22,883,1410
2026-01-05,20,1358,109,8,IG_STORY,616824,189000,8672,1241,605,1014,0,0,913,4633
2026-01-05,20,1359,108,,YT_TRAILER,2254500,1365000,49640,708,10080,10026,1086800,77,3003,31815
2026-01-05,20,1360,104,2,YT_TRAILER,2232000,932400,59840,1769,11984,19332,1403600,61,3465,19705
2026-01-05,20,1361,109,8,TT_VIDEO,2138400,130800,30400,1124,567,2506,400820,16,595,1391
2026-01-05,20,1362,113,19,IG_STORY,831168,123000,6920,1412,654,900,0,0,323,3079
2026-01-05,20,1363,105,1,YT_TRAILER,3577500,1614900,56525,1967,23380,18378,2136200,61,2373,38255
2026-01-06,12,1364,105,1,TT_TRENDING,5373900,1979600,70920,4320,21015,1797,1896600,9,4518,482
2026-01-06,12,1365,107,,TT_TRENDING,5096700,2587200,145260,3672,21375,1661,2343200,14,6825,409
2026-01-06,12,1366,108,,IG_POST,288288,249300,6066,2204,998,8189,0,0,277,826
2026-01-06,12,1367,109,8,TT_VIDEO,1965600,234300,71250,1366,1092,1287,724220,21,627,536
2026-01-06,18,1368,110,,IG_REEL,1097460,211800,31962,735,13572,671,188760,14,441,1367
2026-01-06,18,1369,108,,IG_POST,471240,144600,18036,1302,827,4988,0,0,836,1207
2026-01-06,18,1370,109,8,BLOG_POST,132012,127500,4224,324,998,1824,0,0,694,21516
2026-01-06,18,1371,103,,YT_SHORT,1579500,189300,28490,744,1668,1335,859500,23,983,1393
2026-01-06,18,1372,110,,YT_LONG,812430,274200,3616,7795,941,2108,0,306,981,2814
2026-01-06,18,1373,104,2,IG_REEL,1192230,244500,38682,2068,3624,671,443560,14,554,514
2026-01-06,19,1374,105,1,BLOG_POST,89433,214200,8160,185,471,937,0,0,315,13266
2026-01-06,19,1375,109,8,TT_TRENDING,4038300,1806000,207180,12384,51480,2578,2958000,11,3484,593
2026-01-06,19,1376,104,2,YT_LONG,847260,299100,9184,5831,897,942,0,372,1845,5508
2026-01-06,19,1377,105,1,IG_REEL,1081080,240000,47376,1989,5136,957,363480,13,728,1075
2026-01-06,19,1378,104,2,IG_POST,546336,271800,16110,2053,1100,3392,0,0,378,947
2026-01-06,19,1379,109,8,BLOG_DEV_DIARY,99284,299100,6528,1311,1454,986,0,0,502,548
2026-01-06,19,1380,113,19,YT_TRAILER,2362500,1541400,50575,920,16632,11466,2395800,67,3347,17885
2026-01-06,19,1381,113,19,IG_POST,399168,276900,9126,1652,966,8598,0,0,838,869
2026-01-06,19,1382,103,,BLOG_POST,108243,284100,3904,337,1506,1192,0,0,972,15972
2026-01-06,19,1383,108,,TT_VIDEO,1948320,165900,103075,2424,1700,2031,414540,14,953,691
2026-01-06,20,1384,104,2,YT_LONG,359640,278700,8224,3341,1011,2134,0,366,1237,7888
2026-01-06,20,1385,108,,TT_TRENDING,6136200,1951600,156780,6948,45540,702,2595500,10,7332,962
2026-01-06,20,1386,113,19,BLOG_POST,122778,136500,3416,180,1172,1481,0,0,886,14608
2026-01-06,20,1387,103,,TT_TRENDING,2652300,2769200,174600,12936,41940,1835,3424900,9,1957,360
2026-01-06,20,1388,107,,IG_STORY,468936,235800,8632,1445,1328,1212,0,0,575,1655
2026-01-06,20,1389,110,,YT_LONG,677970,245700,6056,8262,482,2174,0,383,1139,9767
2026-01-06,20,1390,105,1,IG_REEL,1126710,124200,35700,2169,5628,2490,171600,13,498,842
2026-01-06,20,1391,107,,YT_LONG,517590,122100,4616,8866,1097,1078,0,402,1519,9274
2026-01-06,20,1392,108,,IG_REEL,1091610,214800,20160,1848,8952,2517,622960,11,514,509
2026-01-07,12,1393,110,,IG_POST,358344,206700,14544,1239,1025,3116,0,0,399,1091
2026-01-07,12,1394,103,,YT_TRAILER,3919500,1896300,74460,1179,25396,21438,2503600,84,4032,19285
2026-01-07,12,1395,113,19,YT_SHORT,1146960,279000,52250,1210,1328,1780,825000,34,961,1372
2026-01-07,12,1396,104,2,IG_STORY,422136,170100,3544,931,1326,1459,0,0,720,3549
2026-01-07,12,1397,104,2,BLOG_POST,123975,177000,6568,439,1394,2600,0,0,400,22110
2026-01-07,12,1398,105,1,TT_TRENDING,6558300,1786400,186300,5364,50715,2482,1125200,12,6058,1408
2026-01-07,12,1399,104,2,YT_TRAILER,2142000,997500,56780,1870,32172,14796,1394800,78,2444,27545
2026-01-07,12,1400,113,19,YT_LONG,808380,216000,7960,10192,1245,730,0,407,2070,4667
2026-01-07,18,1401,105,1,BLOG_DEV_DIARY,107219,186000,2944,1362,824,1223,0,0,861,648
2026-01-07,18,1402,110,,YT_TRAILER,2506500,2020200,49810,1595,16240,21276,2010800,87,4885,16065
2026-01-07,19,1403,107,,TT_VIDEO,1086480,287100,71250,2176,1781,942,715400,17,393,624
2026-01-07,19,1404,103,,YT_TRAILER,2677500,997500,95370,902,12908,17226,816200,62,2722,30065
2026-01-07,19,1405,104,2,BLOG_POST,161766,122100,5536,314,722,1441,0,0,746,22858
2026-01-07,19,1406,113,19,BLOG_POST,123633,242400,6840,252,528,2550,0,0,354,26048
2026-01-07,19,1407,113,19,TT_TRENDING,6444900,1862000,63720,12756,22770,1210,2224300,12,5610,1363
2026-01-07,20,1408,107,,IG_POST,473760,198600,14958,1157,984,9814,0,0,567,913
2026-01-07,20,1409,110,,YT_TRAILER,3937500,993300,43435,2149,31304,5904,1408000,67,2537,21490
2026-01-07,20,1410,107,,BLOG_POST,118161,171300,7312,196,1394,1657,0,0,949,13882
2026-01-07,20,1411,104,2,YT_LONG,583200,209100,7056,9257,1431,1916,0,398,878,7931
2026-01-07,20,1412,113,19,YT_TRAILER,3271500,1640100,94180,2572,17892,16596,1639000,72,1722,32935
2026-01-07,20,1413,110,,YT_SHORT,1318680,152100,38335,1080,539,1672,505500,31,528,373
2026-01-08,12,1414,103,,IG_REEL,788580,298500,39438,2451,4692,1019,481000,17,412,1369
2026-01-08,12,1415,104,2,IG_POST,482328,160800,17658,1965,714,7648,0,0,486,407
2026-01-08,18,1416,107,,YT_SHORT,654480,257400,28050,1239,644,2534,249000,29,807,1362
2026-01-08,18,1417,107,,BLOG_DEV_DIARY,44161,132000,6960,1729,1116,814,0,0,984,702
2026-01-08,18,1418,110,,BLOG_DEV_DIARY,111186,264900,5112,997,1194,1822,0,0,870,1384
2026-01-08,18,1419,108,,TT_VIDEO,1587600,236700,57570,911,1586,1159,1175020,17,362,1198
2026-01-08,19,1420,113,19,IG_STORY,730080,161400,8080,1863,1646,1575,0,0,740,3158
2026-01-08,19,1421,110,,IG_POST,411264,265500,16848,1474,747,6574,0,0,488,1189
2026-01-08,19,1422,110,,IG_STORY,478296,253800,5232,2273,693,1175,0,0,569,1462
2026-01-08,19,1423,108,,IG_POST,250488,263400,16326,2548,1785,4095,0,0,901,1198
2026-01-08,19,1424,105,1,IG_REEL,1069380,196800,18900,1681,10284,783,338000,15,770,1027
2026-01-08,19,1425,105,1,TT_VIDEO,965520,243900,74480,2290,1605,2180,452760,15,633,608
2026-01-08,19,1426,108,,BLOG_POST,93708,213600,3216,162,743,1641,0,0,278,11902
2026-01-08,19,1427,103,,BLOG_POST,174933,274500,8832,224,710,752,0,0,332,7700
2026-01-08,20,1428,109,8,TT_VIDEO,1159920,159300,111530,1353,626,1333,843780,16,830,960
2026-01-08,20,1429,107,,BLOG_POST,100719,281400,3552,217,1484,1703,0,0,508,13750
2026-01-08,20,1430,105,1,YT_TRAILER,4743000,1146600,71995,1511,11284,12456,1964600,93,2432,16345
2026-01-08,20,1431,110,,IG_STORY,903240,176100,5360,2011,629,1630,0,0,403,1936
2026-01-08,20,1432,103,,IG_POST,212688,288600,16074,1538,1668,5482,0,0,563,698
2026-01-09,12,1433,104,2,YT_LONG,827010,213300,5472,6324,605,715,0,300,1620,4063
2026-01-09,12,1434,103,,BLOG_DEV_DIARY,51991,124800,7224,750,1029,1283,0,0,552,935
2026-01-09,12,1435,109,8,TT_VIDEO,2110320,151500,66975,1038,1392,2264,995680,19,394,1346
2026-01-09,12,1436,108,,YT_TRAILER,2056500,1005900,67915,1615,10780,9576,1984400,94,4985,36540
2026-01-09,12,1437,108,,TT_VIDEO,2155680,132300,45505,812,1310,2449,523320,18,546,938
2026-01-09,12,1438,104,2,TT_VIDEO,874800,187200,95855,1485,710,2523,392980,22,953,1387
2026-01-09,18,1439,103,,IG_POST,327096,285300,20214,1978,1601,3601,0,0,572,1099
2026-01-09,18,1440,104,2,TT_TRENDING,5947200,1332800,80280,11808,15120,1575,2357700,10,6039,668
2026-01-09,18,1441,107,,YT_LONG,593730,149100,6584,10149,1434,1122,0,263,1429,7684
2026-01-09,18,1442,110,,IG_REEL,749970,141900,38262,2369,13644,2193,553800,14,921,1404
2026-01-09,18,1443,105,1,TT_TRENDING,6596100,2769200,141660,12768,16740,1610,2708600,12,3445,852
2026-01-09,18,1444,107,,IG_POST,517608,208500,19548,1258,794,11324,0,0,635,964
2026-01-09,18,1445,113,19,IG_POST,345744,151800,17946,1324,1038,9937,0,0,647,1376
2026-01-09,19,1446,110,,IG_REEL,515970,161700,33096,1610,12924,761,427960,16,591,986
2026-01-09,19,1447,109,8,YT_TRAILER,1912500,1801800,82450,1643,25592,17838,1192400,93,3919,27790
2026-01-09,19,1448,104,2,TT_VIDEO,1499040,130800,69160,2275,957,2314,890820,19,587,726
2026-01-09,19,1449,109,8,IG_POST,527688,246000,13212,1619,909,11134,0,0,828,826
2026-01-09,20,1450,107,,BLOG_POST,136971,279600,4080,531,1572,1641,0,0,560,10714
2026-01-09,20,1451,113,19,YT_TRAILER,2947500,1455300,39865,856,16184,9198,2241800,64,2797,33460
2026-01-09,20,1452,105,1,BLOG_DEV_DIARY,72140,229500,8944,2380,1737,1591,0,0,690,1208
2026-01-09,20,1453,110,,YT_SHORT,1401300,231300,27445,957,1743,1923,316500,27,881,1062
2026-01-09,20,1454,110,,IG_REEL,1100970,269400,42504,2288,7956,2143,372320,17,745,923
2026-01-09,20,1455,103,,IG_REEL,754650,269700,14532,1177,9564,1476,511680,13,450,976
2026-01-09,20,1456,105,1,YT_TRAILER,3280500,1908900,64430,1016,8988,10170,1480600,94,3091,20160
2026-01-09,20,1457,104,2,IG_REEL,540540,205500,20160,1133,12300,1993,591240,12,700,774
2026-01-09,20,1458,109,8,YT_LONG,512730,167100,9288,3043,855,1674,0,297,1881,8543
2026-01-09,20,1459,105,1,YT_SHORT,693360,182100,58410,774,1166,2033,534000,23,930,1171
2026-01-09,20,1460,103,,IG_STORY,388440,240600,5416,2121,1238,1023,0,0,778,3658
2026-01-09,20,1461,110,,BLOG_DEV_DIARY,70261,261600,6416,1676,1205,1054,0,0,720,967
2026-01-10,12,1462,110,,YT_TRAILER,2448000,2039100,45730,2317,15540,17460,2046000,72,2272,15225
2026-01-10,12,1463,107,,IG_STORY,521352,165900,4992,1558,497,2156,0,0,551,4578
2026-01-10,12,1464,110,,TT_TRENDING,3811500,2598400,90540,12468,45945,2004,2128600,10,3881,1349
2026-01-10,12,1465,110,,YT_SHORT,665820,281400,40425,1054,966,2418,751500,30,417,403
2026-01-10,12,1466,104,2,TT_TRENDING,3364200,1523200,166320,11256,30195,1478,3163900,10,2165,535
2026-01-10,12,1467,110,,BLOG_DEV_DIARY,70888,286500,7064,1659,543,926,0,0,358,412
2026-01-10,12,1468,114,30,YT_SHORT,1482300,227100,48895,680,1638,882,649500,30,531,482
2026-01-10,12,1469,107,,YT_SHORT,1581120,232200,26840,2611,1449,1762,720000,30,558,646
2026-01-10,12,1470,109,8,IG_POST,285768,266400,12204,768,1569,4066,0,0,546,1304
2026-01-10,18,1471,105,1,YT_TRAILER,2362500,1963500,98430,2636,10500,10782,2516800,93,1907,31780
2026-01-10,18,1472,108,,IG_POST,219744,153600,21078,2581,812,10954,0,0,961,1422
2026-01-10,18,1473,109,8,IG_STORY,629928,237000,8160,2314,1172,1483,0,0,720,4204
2026-01-10,18,1474,107,,TT_TRENDING,5770800,2746800,120420,6900,15390,700,3288600,11,5974,575
2026-01-10,18,1475,104,2,TT_VIDEO,1924560,131100,84265,1584,531,2554,762440,19,303,1169
2026-01-10,18,1476,104,2,IG_POST,232344,202500,15138,1725,519,10194,0,0,332,1034
2026-01-10,19,1477,103,,YT_LONG,589680,182700,3632,3128,725,2255,0,328,1912,4216
2026-01-10,19,1478,110,,YT_LONG,724950,276900,7880,5627,969,2383,0,254,2052,6987
2026-01-10,19,1479,113,19,BLOG_DEV_DIARY,57733,199500,5296,1934,753,2317,0,0,275,781
2026-01-10,19,1480,110,,IG_REEL,854100,269400,45066,1371,5100,1232,198120,12,628,950
2026-01-10,19,1481,113,19,YT_SHORT,1386720,287400,36410,1538,1121,1951,733500,35,968,1061
2026-01-10,19,1482,110,,TT_TRENDING,3225600,2086000,72360,8904,48105,953,1905300,13,3757,506
2026-01-10,20,1483,114,30,IG_STORY,514800,124200,9416,1113,1572,942,0,0,642,1407
2026-01-10,20,1484,105,1,YT_SHORT,792180,178500,40315,999,918,2314,874500,29,904,653
2026-01-10,20,1485,103,,TT_TRENDING,3893400,1271200,171180,9528,38835,1368,3132000,13,3302,623
2026-01-10,20,1486,105,1,IG_POST,414288,152400,16506,2629,1691,10422,0,0,744,410
2026-01-10,20,1487,107,,TT_TRENDING,4567500,2735600,153000,6168,25560,2383,2441800,13,5733,374
2026-01-11,12,1488,107,,IG_STORY,880776,286800,2584,2572,594,851,0,0,685,4603
2026-01-11,12,1489,110,,YT_TRAILER,2340000,1614900,58140,1430,32508,10404,1799600,74,2360,16975
2026-01-11,12,1490,108,,BLOG_POST,178695,179100,3032,316,1310,1595,0,0,893,17512
2026-01-11,12,1491,110,,TT_TRENDING,4365900,2343600,64620,6828,47115,2246,957000,11,6247,1180
2026-01-11,18,1492,104,2,YT_SHORT,1143720,172800,33330,876,459,2365,573750,26,982,1384
2026-01-11,18,1493,103,,IG_REEL,693810,156000,26082,2000,7200,1967,165880,12,781,588
2026-01-11,18,1494,104,2,BLOG_DEV_DIARY,66294,181200,5296,1386,621,1316,0,0,870,683
2026-01-11,18,1495,103,,YT_SHORT,1535760,162900,44660,2068,1097,1857,607500,31,928,482
2026-01-11,18,1496,105,1,TT_TRENDING,4888800,2139200,193320,9684,27540,812,1948800,13,3705,524
2026-01-11,18,1497,108,,IG_STORY,515736,226200,5248,2191,896,1597,0,0,500,4351
2026-01-11,18,1498,114,30,YT_SHORT,981720,257100,56870,1052,1509,972,819000,28,706,679
2026-01-11,18,1499,108,,BLOG_DEV_DIARY,43430,269100,6288,2554,1437,2385,0,0,412,952
2026-01-11,19,1500,103,,BLOG_POST,162621,155100,8904,213,1538,706,0,0,709,8338
2026-01-11,19,1501,109,8,IG_STORY,852696,264300,7064,2589,1082,1828,0,0,405,3520
2026-01-11,19,1502,114,30,YT_SHORT,1485540,127200,33330,1747,1403,750,432000,23,515,985
2026-01-11,19,1503,113,19,TT_VIDEO,1732320,287400,110105,673,1199,1408,1002540,14,382,677
2026-01-11,19,1504,108,,BLOG_POST,109611,250200,7448,149,1703,979,0,0,831,7370
2026-01-11,20,1505,109,8,IG_REEL,479700,170400,25704,1030,13836,1177,288600,17,646,360
2026-01-11,20,1506,113,19,YT_TRAILER,2133000,1946700,54825,1910,23520,19818,1641200,74,4906,19145
2026-01-11,20,1507,109,8,YT_LONG,685260,183000,5672,3774,1559,933,0,358,1557,3307
2026-01-11,20,1508,114,30,YT_SHORT,1501740,177000,63030,1533,1562,1406,900000,25,260,499
2026-01-12,12,1509,104,2,YT_LONG,436590,133500,6776,7761,1758,2321,0,336,1935,7667
2026-01-12,12,1510,114,30,TT_VIDEO,1209600,185400,45125,1828,1268,1778,983920,18,520,1228
2026-01-12,12,1511,114,30,BLOG_DEV_DIARY,88427,299100,5648,1714,965,2281,0,0,522,901
2026-01-12,12,1512,104,2,IG_REEL,551070,158400,44982,2301,11592,1316,353080,14,820,1345
2026-01-12,12,1513,104,2,TT_VIDEO,2021760,210600,52535,757,866,1553,793800,21,378,618
2026-01-12,12,1514,108,,BLOG_DEV_DIARY,44788,195300,5136,1100,764,1043,0,0,771,910
2026-01-12,12,1515,110,,IG_POST,436968,201300,20340,1043,660,9804,0,0,397,1267
2026-01-12,12,1516,113,19,TT_VIDEO,1315440,143400,99180,1573,1790,1852,807520,21,871,1117
2026-01-12,18,1517,105,1,TT_VIDEO,1365120,182700,49495,926,1472,1058,1142680,16,455,576
2026-01-12,18,1518,114,30,BLOG_POST,97641,218100,3720,175,588,2165,0,0,257,19844
2026-01-12,18,1519,109,8,TT_TRENDING,6470100,1929200,93600,13980,28575,2083,936700,10,6682,725
2026-01-12,18,1520,114,30,TT_TRENDING,4529700,2279200,99000,10992,19980,2042,3079800,12,2308,800
2026-01-12,18,1521,113,19,YT_SHORT,1189080,225600,54945,1918,1350,1544,651750,34,560,553
2026-01-12,19,1522,104,2,TT_TRENDING,4901400,1699600,162360,3792,29655,2013,1513800,13,7521,866
2026-01-12,19,1523,104,2,YT_TRAILER,2988000,1117200,26945,1575,26208,10350,2197800,64,3570,10710
2026-01-12,19,1524,113,19,YT_LONG,326430,288600,6816,5041,680,1430,0,353,1492,8492
2026-01-12,19,1525,103,,IG_POST,472248,234600,8892,2369,1190,7325,0,0,360,1000
2026-01-12,19,1526,104,2,YT_SHORT,1266840,231900,18920,931,1443,689,548250,33,433,1052
2026-01-12,19,1527,114,30,IG_STORY,857376,163800,6088,2605,852,2574,0,0,909,4696
2026-01-12,19,1528,113,19,TT_VIDEO,1939680,201600,58615,717,1349,1509,806540,14,546,731
2026-01-12,19,1529,107,,YT_LONG,682020,195000,3224,7183,1377,1773,0,352,1429,6783
2026-01-12,19,1530,108,,IG_POST,402696,218400,6930,1269,1311,8664,0,0,447,595
2026-01-12,19,1531,109,8,YT_SHORT,1091880,233100,53130,1531,1461,2400,588000,28,952,618
2026-01-12,20,1532,114,30,IG_POST,453096,181500,13050,1877,959,7173,0,0,859,1195
2026-01-12,20,1533,108,,IG_POST,370440,128100,5400,999,1031,3724,0,0,944,1154
2026-01-12,20,1534,107,,IG_POST,298872,234900,8568,2178,1157,9158,0,0,348,744
2026-01-12,20,1535,110,,IG_STORY,704808,265500,2792,1811,926,689,0,0,484,3079
2026-01-12,20,1536,104,2,YT_SHORT,1446660,282300,44110,1404,1224,939,316500,28,325,492
2026-01-12,20,1537,109,8,YT_LONG,362880,187800,2888,8840,639,1912,0,383,617,8084
2026-01-12,20,1538,103,,BLOG_DEV_DIARY,67964,144900,4496,2594,791,957,0,0,495,744
2026-01-13,12,1539,105,1,IG_STORY,890136,281400,7344,1021,642,1564,0,0,882,3604
2026-01-13,12,1540,113,19,IG_STORY,1014624,162600,5256,1630,738,1712,0,0,779,4658
2026-01-13,12,1541,110,,BLOG_POST,161766,136200,3616,268,1251,768,0,0,910,14520
2026-01-13,12,1542,104,2,YT_SHORT,1304100,236700,42900,1305,618,1756,729750,29,456,1085
2026-01-13,12,1543,105,1,YT_SHORT,1731780,243300,41415,1140,1418,1168,351000,24,456,822
2026-01-13,12,1544,105,1,IG_REEL,1100970,222300,24990,2583,12048,1965,300560,14,972,754
2026-01-13,12,1545,107,,TT_VIDEO,909360,222000,45600,2477,1683,1520,343000,14,943,1373
2026-01-13,12,1546,113,19,YT_LONG,475470,152400,5552,6579,569,2057,0,298,958,3230
2026-01-13,12,1547,107,,IG_REEL,711360,285000,16212,1780,9540,1863,174720,12,899,1046
2026-01-13,18,1548,113,19,BLOG_POST,71649,129600,6280,470,1448,902,0,0,351,18678
2026-01-13,18,1549,108,,BLOG_POST,149112,173400,6944,265,1049,682,0,0,845,21868
2026-01-13,18,1550,105,1,TT_TRENDING,6854400,1584800,127440,9600,33975,1465,2012600,13,2334,667
2026-01-13,18,1551,110,,IG_REEL,1067040,218700,22596,1870,6672,2273,255320,12,388,1354
2026-01-13,18,1552,114,30,YT_TRAILER,2263500,1694700,85340,2053,21308,20304,1779800,59,4876,27335
2026-01-13,18,1553,108,,IG_POST,357336,159000,10980,2033,899,8788,0,0,857,1279
2026-01-13,19,1554,105,1,YT_SHORT,1569780,274200,41580,1597,1692,770,866250,28,575,907
2026-01-13,19,1555,109,8,BLOG_POST,131499,133500,3752,264,1457,1091,0,0,983,9614
2026-01-13,19,1556,108,,YT_SHORT,1017360,122400,33880,1265,545,1247,612000,32,966,863
2026-01-13,19,1557,105,1,YT_TRAILER,2124000,1094100,63240,2178,22596,5688,1067000,86,4061,27230
2026-01-13,19,1558,103,,IG_REEL,678600,257100,40404,2143,12876,2083,458120,16,570,706
2026-01-13,19,1559,109,8,TT_VIDEO,892080,263400,95855,2636,545,2598,379260,15,475,1373
2026-01-13,19,1560,110,,BLOG_POST,84303,161700,7600,247,816,1995,0,0,316,11330
2026-01-13,19,1561,107,,YT_TRAILER,3393000,1350300,100895,1694,25424,11952,2259400,94,1865,23275
2026-01-13,19,1562,110,,YT_TRAILER,3658500,1155000,61965,746,13916,5886,1997600,81,2507,17360
2026-01-13,20,1563,114,30,TT_VIDEO,2233440,282000,41895,1232,765,700,480200,18,959,1111
2026-01-13,20,1564,113,19,IG_STORY,538200,280800,3944,669,495,1465,0,0,350,2394
2026-01-13,20,1565,105,1,TT_TRENDING,3105900,2430400,84240,12756,19125,1173,875800,10,6156,466
2026-01-13,20,1566,110,,TT_TRENDING,4391100,1500800,153360,7632,40545,1351,2778200,13,3491,622
2026-01-13,20,1567,104,2,TT_VIDEO,2313360,223800,59945,1681,947,2466,630140,13,804,842
2026-01-13,20,1568,114,30,YT_LONG,542700,299700,2536,8415,980,715,0,303,1998,5814
2026-01-13,20,1569,114,30,BLOG_DEV_DIARY,85190,236700,5136,1646,947,684,0,0,468,497
2026-01-14,12,1570,113,19,IG_STORY,387504,293700,2760,851,1194,1463,0,0,360,3486
2026-01-14,12,1571,110,,YT_SHORT,819720,245700,55495,1679,663,843,754500,25,456,692
2026-01-14,12,1572,105,1,YT_TRAILER,3073500,1224300,84320,1357,18872,10476,1705000,71,2814,36260
2026-01-14,12,1573,104,2,YT_TRAILER,2155500,1127700,57800,1507,10864,9252,2206600,76,3843,35910
2026-01-14,12,1574,103,,YT_LONG,554040,229200,7856,9257,830,1316,0,327,1082,6987
2026-01-14,12,1575,110,,YT_LONG,676350,180000,2576,7123,918,741,0,349,904,4140
2026-01-14,12,1576,104,2,TT_VIDEO,1956960,282600,67450,1379,1101,1784,1126020,19,783,1386
2026-01-14,12,1577,113,19,TT_VIDEO,1077840,276600,89680,1076,825,2550,1062320,17,856,480
2026-01-14,12,1578,103,,BLOG_DEV_DIARY,110142,283500,5848,2086,1797,1712,0,0,790,404
2026-01-14,12,1579,114,30,BLOG_POST,173907,258900,4544,296,713,2477,0,0,514,9482
2026-01-14,12,1580,107,,BLOG_DEV_DIARY,63162,194100,2696,1320,1479,664,0,0,318,1043
2026-01-14,18,1581,104,2,BLOG_POST,152361,261000,9176,157,1287,2521,0,0,430,13310
2026-01-14,18,1582,109,8,BLOG_POST,134064,120900,9600,189,522,1283,0,0,1017,18634
2026-01-14,18,1583,113,19,BLOG_POST,112518,282300,4376,359,1239,2548,0,0,831,24046
2026-01-14,18,1584,105,1,IG_REEL,895050,155400,47964,1384,11028,1276,495040,13,1013,1331
2026-01-14,18,1585,114,30,TT_VIDEO,1559520,228600,72485,1219,1712,1943,541940,17,825,1368
2026-01-14,19,1586,107,,TT_TRENDING,4844700,1579200,100260,8112,41400,781,1537000,13,7157,377
2026-01-14,19,1587,103,,TT_VIDEO,2287440,190500,63840,1111,1542,1243,709520,21,694,1194
2026-01-14,19,1588,103,,YT_SHORT,1010880,138600,64185,2587,656,2189,759750,28,908,880
2026-01-14,19,1589,110,,YT_LONG,713610,123300,8864,9257,977,933,0,357,2050,6562
2026-01-14,19,1590,109,8,YT_TRAILER,3766500,892500,73695,2132,16352,6966,2195600,70,1995,31990
2026-01-14,19,1591,108,,TT_TRENDING,3767400,2086000,106200,13632,14220,1978,3146500,11,3055,720
2026-01-14,19,1592,109,8,IG_POST,309456,176700,15354,2308,521,10355,0,0,281,440
2026-01-14,20,1593,108,,BLOG_DEV_DIARY,107950,187500,4992,2273,1535,1221,0,0,859,428
2026-01-14,20,1594,103,,IG_STORY,916344,203100,9048,1395,453,1223,0,0,722,2717
2026-01-14,20,1595,105,1,TT_TRENDING,4939200,1971200,163080,3900,28980,757,2201100,12,5259,840
2026-01-14,20,1596,114,30,YT_SHORT,1263600,121800,47190,2622,879,2264,657000,31,547,430
2026-01-14,20,1597,113,19,IG_POST,361872,261600,8388,2433,726,7429,0,0,490,1090
2026-01-14,20,1598,114,30,BLOG_DEV_DIARY,82163,131400,3056,1265,1253,695,0,0,401,628
2026-01-14,20,1599,114,30,IG_REEL,690300,222600,25074,2022,10896,2409,252200,16,513,1320
2026-01-14,20,1600,104,2,IG_REEL,1109160,174900,13734,2611,4224,2488,352560,12,991,749
2026-01-14,20,1601,103,,YT_SHORT,861840,282600,48730,664,1203,1943,700500,30,786,964
2026-01-14,20,1602,105,1,IG_POST,476280,151800,20106,2292,510,3249,0,0,383,1274
2026-01-14,20,1603,110,,TT_TRENDING,4580100,2419200,197100,9408,14580,860,2267800,11,4459,412
2026-01-14,20,1604,114,30,YT_TRAILER,4810500,1417500,33320,1980,20020,16272,1909600,70,3982,40845
2026-01-15,12,1605,108,,TT_TRENDING,5103000,2436000,170820,3612,21555,1604,3395900,12,4524,852
2026-01-15,12,1606,107,,IG_STORY,530712,190800,9192,2354,768,2160,0,0,871,2927
2026-01-15,12,1607,109,8,YT_SHORT,1778760,218400,46695,1313,545,1716,254250,34,592,721
2026-01-15,12,1608,113,19,BLOG_DEV_DIARY,55541,276300,4664,871,1257,2235,0,0,377,1176
2026-01-15,12,1609,103,,YT_LONG,691740,274500,5336,5449,620,1573,0,415,1919,9359
2026-01-15,12,1610,109,8,TT_VIDEO,1270080,139800,101935,733,1338,1852,828100,19,317,1206
2026-01-15,12,1611,105,1,IG_REEL,864630,249600,40866,1949,8844,1764,217880,15,800,878
2026-01-15,18,1612,110,,IG_POST,366912,257400,7038,686,1424,3724,0,0,391,1000
2026-01-15,18,1613,108,,IG_REEL,542880,289200,20706,2233,13224,1010,293800,16,635,1330
2026-01-15,18,1614,114,30,YT_TRAILER,3024000,1860600,86105,2640,18200,9216,1746800,83,4973,21630
2026-01-15,18,1615,110,,YT_SHORT,688500,158100,33440,928,1560,2407,312750,27,802,1010
2026-01-15,18,1616,106,10,IG_POST,232848,144600,8964,1879,1673,5833,0,0,883,1426
2026-01-15,18,1617,104,2,IG_STORY,801216,234000,6112,836,675,700,0,0,405,4952
2026-01-15,18,1618,105,1,IG_STORY,482976,164100,3832,1965,723,1342,0,0,355,1701
2026-01-15,19,1619,107,,BLOG_DEV_DIARY,44683,121200,2936,2174,729,2180,0,0,974,377
2026-01-15,19,1620,106,10,BLOG_POST,90459,244500,7384,303,1313,1892,0,0,930,8382
2026-01-15,19,1621,107,,TT_TRENDING,4101300,1285200,134100,13224,19800,1492,2772400,12,6299,1298
2026-01-15,19,1622,103,,BLOG_POST,129789,136500,4176,172,1526,1762,0,0,859,15752
2026-01-15,19,1623,106,10,BLOG_DEV_DIARY,100537,224100,3504,1868,564,2112,0,0,915,980
2026-01-15,20,1624,106,10,IG_STORY,1024920,230400,9464,2413,1097,1470,0,0,305,2482
2026-01-15,20,1625,107,,BLOG_DEV_DIARY,66712,238200,7872,1294,759,1217,0,0,599,1262
2026-01-15,20,1626,109,8,BLOG_DEV_DIARY,67338,221400,2488,2541,1052,1307,0,0,703,1430
2026-01-15,20,1627,107,,TT_VIDEO,1118880,225900,66690,1320,1680,2070,904540,18,1015,964
2026-01-15,20,1628,110,,TT_VIDEO,2229120,280500,46075,1808,608,1232,294000,17,444,979
2026-01-15,20,1629,114,30,TT_VIDEO,1108080,190500,93005,2418,567,1432,888860,18,991,1038
2026-01-15,20,1630,106,10,IG_POST,528192,145800,6138,1976,1187,7971,0,0,726,558
2026-01-15,20,1631,103,,IG_STORY,391248,199800,5712,1423,477,1608,0,0,437,3167
2026-01-16,12,1632,113,19,BLOG_POST,120555,242100,7072,500,1713,1883,0,0,348,9262
2026-01-16,12,1633,113,19,IG_STORY,825552,268800,6536,1038,630,1175,0,0,462,1420
2026-01-16,12,1634,107,,TT_VIDEO,1991520,169800,51585,2072,723,999,365540,21,360,1177
2026-01-16,12,1635,104,2,IG_POST,358344,126600,17874,2090,1797,4750,0,0,982,440
2026-01-16,12,1636,107,,BLOG_POST,103455,215100,8672,302,852,1522,0,0,821,11616
2026-01-16,18,1637,113,19,BLOG_DEV_DIARY,60030,268200,2568,858,1083,1608,0,0,646,1328
2026-01-16,18,1638,106,10,YT_SHORT,925020,212100,31790,1626,1500,1417,733500,21,713,1400
2026-01-16,18,1639,105,1,BLOG_POST,134748,297900,7584,419,1050,1115,0,0,871,16082
2026-01-16,19,1640,110,,BLOG_POST,121239,240000,6208,515,1089,2204,0,0,878,24178
2026-01-16,19,1641,104,2,TT_VIDEO,1248480,218400,79135,1507,980,2134,1076040,22,828,1330
2026-01-16,19,1642,106,10,IG_POST,223272,290400,10818,1067,1310,4152,0,0,605,959
2026-01-16,19,1643,104,2,BLOG_POST,93024,259200,6304,437,734,1890,0,0,757,8932
2026-01-16,19,1644,107,,YT_LONG,598590,229800,3728,2916,1307,972,0,360,990,2822
2026-01-16,19,1645,104,2,IG_POST,453600,144000,15552,1032,1521,6926,0,0,576,553
2026-01-16,19,1646,108,,BLOG_DEV_DIARY,100120,278100,5128,2545,938,1360,0,0,415,527
2026-01-16,19,1647,108,,IG_STORY,467064,239700,4776,1437,1482,1188,0,0,448,2978
2026-01-16,19,1648,109,8,BLOG_POST,121239,171600,7016,205,1563,1599,0,0,909,23452
2026-01-16,19,1649,113,19,YT_SHORT,1411020,255900,62865,2297,705,2048,776250,23,520,1438
2026-01-16,19,1650,110,,YT_SHORT,1519560,225000,41910,1342,1659,2620,442500,33,353,1297
2026-01-16,19,1651,110,,IG_POST,311472,183900,10116,1439,873,4161,0,0,709,1292
2026-01-16,19,1652,107,,TT_TRENDING,4920300,2444400,145080,7548,31950,1936,1708100,10,7371,403
2026-01-16,20,1653,103,,BLOG_POST,103284,142500,5864,340,825,977,0,0,380,18964
2026-01-16,20,1654,105,1,TT_TRENDING,5493600,2570400,92160,8832,40905,2407,3314700,12,2126,1352
2026-01-16,20,1655,113,19,YT_LONG,607500,201300,8624,8007,1679,1571,0,307,1172,2797
2026-01-16,20,1656,114,30,YT_TRAILER,3627000,907200,82110,667,12796,10098,1375000,74,2638,32515
2026-01-16,20,1657,108,,IG_POST,321048,261300,14724,948,806,10184,0,0,487,1387
2026-01-16,20,1658,113,19,IG_POST,317016,232500,7344,2636,1578,8797,0,0,595,672
2026-01-16,20,1659,113,19,IG_REEL,801450,246300,32970,1802,10380,2011,354120,14,543,1326
2026-01-17,12,1660,114,30,IG_STORY,544752,225000,6336,2471,695,1428,0,0,588,2134
2026-01-17,12,1661,105,1,TT_TRENDING,5021100,2385600,147780,3648,50670,1388,3326300,12,7391,422
2026-01-17,12,1662,110,,TT_TRENDING,3748500,1327200,203040,5832,38745,1987,2143100,9,4440,372
2026-01-17,18,1663,108,,IG_POST,263088,287100,13500,1670,1514,9795,0,0,859,1321
2026-01-17,18,1664,110,,YT_TRAILER,1876500,955500,92650,2011,10640,21078,2098800,82,1940,34230
2026-01-17,18,1665,108,,IG_STORY,600912,121800,2664,1034,833,935,0,0,415,2373
2026-01-17,18,1666,110,,BLOG_POST,186048,192000,3352,254,909,1657,0,0,907,13332
2026-01-17,19,1667,109,8,BLOG_DEV_DIARY,47084,251400,4184,1890,1235,2607,0,0,536,738
2026-01-17,19,1668,104,2,BLOG_DEV_DIARY,70366,169200,6568,2110,699,2061,0,0,623,1032
2026-01-17,19,1669,110,,IG_STORY,884520,145200,6992,2468,858,2094,0,0,585,1436
2026-01-17,19,1670,103,,IG_STORY,737568,265800,6688,926,825,1560,0,0,899,5015
2026-01-17,19,1671,103,,BLOG_DEV_DIARY,75586,175500,4432,1368,944,1210,0,0,944,943
2026-01-17,19,1672,107,,IG_REEL,593190,234900,38388,1593,6564,2625,488800,11,528,1360
2026-01-17,19,1673,105,1,TT_TRENDING,6848100,2646000,102600,11772,15255,1025,1687800,11,5421,815
2026-01-17,19,1674,107,,BLOG_POST,98838,137700,2656,450,777,2378,0,0,990,22286
2026-01-17,19,1675,114,30,YT_SHORT,766260,283800,53515,2532,1701,2251,635250,21,362,1006
2026-01-17,19,1676,114,30,BLOG_DEV_DIARY,50843,279900,6872,2636,1233,1536,0,0,485,998
2026-01-17,20,1677,104,2,YT_SHORT,1339740,209400,26675,1852,752,1701,371250,33,700,1118
2026-01-17,20,1678,113,19,IG_REEL,616590,284400,30030,1753,9648,1302,278200,17,613,576
2026-01-17,20,1679,113,19,TT_VIDEO,1868400,212100,44745,2589,1287,2554,1103480,19,748,367
2026-01-17,20,1680,110,,BLOG_DEV_DIARY,61492,233700,6208,1120,987,1967,0,0,758,1291
2026-01-17,20,1681,108,,BLOG_DEV_DIARY,45310,221700,3312,1701,1319,1617,0,0,819,896
2026-01-17,20,1682,110,,IG_STORY,456768,218100,7760,2413,486,1696,0,0,717,1562
2026-01-17,20,1683,114,30,BLOG_POST,147573,233100,5632,482,717,832,0,0,711,14828
2026-01-18,12,1684,108,,YT_LONG,819720,174000,6696,9588,960,1692,0,393,1633,5202
2026-01-18,12,1685,107,,TT_TRENDING,6337800,2259600,175680,5916,53010,1795,3187100,12,2912,1012
2026-01-18,12,1686,109,8,IG_REEL,1191060,237000,23940,1179,4932,2028,206960,12,758,1207
2026-01-18,12,1687,107,,YT_SHORT,847260,216600,28325,2446,576,2042,453750,31,436,654
2026-01-18,12,1688,114,30,IG_REEL,1047150,244500,42294,2376,4356,686,160160,15,255,1132
2026-01-18,12,1689,106,10,BLOG_DEV_DIARY,50112,234300,7496,1360,1515,2618,0,0,802,980
2026-01-18,18,1690,107,,YT_SHORT,1074060,136200,23430,2292,1551,1764,617250,21,866,482
2026-01-18,18,1691,113,19,IG_REEL,1070550,293400,26754,2350,8712,1586,502840,13,983,1315
2026-01-18,18,1692,113,19,IG_POST,540288,153900,21024,1322,1197,5349,0,0,530,853
2026-01-18,18,1693,108,,YT_LONG,530550,258300,3912,3443,470,2149,0,372,1773,2788
2026-01-18,18,1694,105,1,YT_SHORT,1098360,229200,18480,990,1431,1516,552000,23,507,470
2026-01-18,19,1695,104,2,BLOG_DEV_DIARY,73811,236100,5696,1082,1410,1157,0,0,779,995
2026-01-18,19,1696,110,,YT_SHORT,1218240,297300,25300,2246,699,1272,690000,24,713,946
2026-01-18,19,1697,103,,BLOG_POST,102429,222000,7288,438,1035,1714,0,0,623,19096
2026-01-18,19,1698,104,2,TT_TRENDING,4806900,2262400,174240,5040,33120,1463,2824600,12,3146,475
2026-01-18,19,1699,106,10,YT_SHORT,1589220,281100,56100,1707,1256,1560,550500,32,922,869
2026-01-18,19,1700,110,,IG_REEL,923130,291900,38934,746,13272,1595,159120,13,342,972
2026-01-18,19,1701,109,8,IG_STORY,988416,298500,3664,986,1703,1987,0,0,318,4792
2026-01-18,19,1702,103,,IG_REEL,1165320,228600,43428,1210,12036,1595,300040,14,783,412
2026-01-18,19,1703,110,,TT_TRENDING,5134500,1237600,117000,7740,21420,1091,3001500,12,4823,872
2026-01-18,19,1704,113,19,TT_TRENDING,5103000,1923600,187380,13032,43425,939,1183200,13,5785,488
2026-01-18,19,1705,105,1,IG_POST,282240,181500,11304,1415,671,7543,0,0,889,674
2026-01-18,19,1706,104,2,YT_TRAILER,2628000,1037400,78965,1978,25508,20682,1357400,88,4725,29050
2026-01-18,20,1707,113,19,IG_STORY,461448,165300,9160,1142,1316,717,0,0,447,2612
2026-01-18,20,1708,105,1,YT_TRAILER,4387500,1123500,80325,1465,24528,9396,668800,94,4099,37485
2026-01-18,20,1709,110,,YT_TRAILER,2371500,1950900,101490,1441,23716,13230,1848000,79,2591,26670
2026-01-18,20,1710,109,8,YT_SHORT,1728540,240600,40535,1824,972,1813,803250,22,649,365
2026-01-18,20,1711,107,,IG_STORY,510120,283200,7800,1657,542,2053,0,0,949,2948
2026-01-18,20,1712,110,,IG_STORY,643032,265800,5384,741,1631,1905,0,0,749,1306
2026-01-18,20,1713,104,2,YT_LONG,538650,166800,6296,4820,1335,662,0,379,1013,6307
2026-01-18,20,1714,103,,TT_TRENDING,6841800,1223600,153180,6720,20340,1478,3169700,9,3263,1295
2026-01-18,20,1715,103,,BLOG_POST,107730,291600,8904,207,1226,2328,0,0,783,11286
2026-01-18,20,1716,106,10,TT_VIDEO,1702080,215100,46835,2013,1031,1742,909440,15,287,1289
2026-01-18,20,1717,113,19,BLOG_POST,127395,177600,4968,499,1164,1252,0,0,624,15906
2026-01-18,20,1718,105,1,TT_TRENDING,6810300,1324400,163800,10392,19800,2372,2615800,10,5343,764
2026-01-19,12,1719,107,,TT_VIDEO,961200,203400,108015,845,1724,1852,455700,13,260,1019
2026-01-19,12,1720,103,,IG_STORY,604656,290400,9424,2545,1293,2086,0,0,309,4666
2026-01-19,12,1721,106,10,TT_TRENDING,4328100,1486800,126180,4560,25695,1399,2470800,12,6526,720
2026-01-19,12,1722,107,,YT_TRAILER,3978000,1352400,70210,1377,26460,16164,1007600,83,1646,40320
2026-01-19,12,1723,114,30,YT_LONG,387990,150600,9216,3511,677,1857,0,358,1024,4063
2026-01-19,12,1724,106,10,YT_TRAILER,3145500,905100,76160,704,26544,16344,869000,88,4217,39025
2026-01-19,12,1725,107,,IG_REEL,478530,255900,30072,2570,4392,2031,575640,14,698,721
2026-01-19,12,1726,105,1,YT_TRAILER,2313000,1432200,32725,2114,21700,6750,2387000,84,1667,41265
2026-01-19,18,1727,105,1,IG_POST,411768,258900,10890,2020,852,8322,0,0,563,408
2026-01-19,18,1728,104,2,IG_POST,285768,232200,5904,1987,719,9643,0,0,413,452
2026-01-19,18,1729,104,2,IG_STORY,813384,260700,9112,2231,1433,1098,0,0,829,2701
2026-01-19,18,1730,113,19,IG_REEL,525330,197400,41874,1683,8484,955,530920,16,584,629
2026-01-19,18,1731,107,,YT_SHORT,1349460,218400,59895,955,1107,2182,435000,26,1017,911
2026-01-19,18,1732,114,30,YT_LONG,587250,207000,8296,5593,669,1368,0,273,1188,6129
2026-01-19,18,1733,109,8,YT_LONG,844020,237300,5792,5916,1727,1461,0,308,1091,2644
2026-01-19,18,1734,105,1,YT_LONG,332910,299700,5272,8560,1094,1599,0,346,1606,9554
2026-01-19,18,1735,108,,IG_POST,440496,143400,20016,1421,495,4893,0,0,488,664
2026-01-19,18,1736,107,,TT_VIDEO,1823040,213000,46265,1443,1628,2147,1022140,20,859,583
2026-01-19,19,1737,114,30,TT_TRENDING,5103000,2352000,101160,11160,26550,1170,1835700,9,4381,1193
2026-01-19,19,1738,109,8,TT_VIDEO,1913760,291600,32205,1206,779,2471,699720,17,589,1357
2026-01-19,19,1739,110,,IG_POST,238896,227100,19350,1450,750,5662,0,0,426,1396
2026-01-19,20,1740,107,,YT_LONG,680400,143100,7424,4701,1766,1643,0,400,601,9503
2026-01-19,20,1741,113,19,YT_SHORT,1720440,279900,64900,1958,896,871,413250,31,342,398
2026-01-19,20,1742,104,2,YT_SHORT,989820,177000,62425,785,1760,955,831750,24,737,1132
2026-01-19,20,1743,103,,IG_REEL,480870,272100,13566,904,9984,2455,267280,12,676,1247
2026-01-19,20,1744,114,30,TT_VIDEO,1527120,160500,107445,1822,1584,2176,1151500,16,966,1420
2026-01-19,20,1745,107,,TT_TRENDING,6356700,1223600,210060,9780,25290,1692,3172600,10,4349,823
2026-01-19,20,1746,109,8,BLOG_DEV_DIARY,49694,202800,2824,1102,1011,2028,0,0,717,986
2026-01-19,20,1747,105,1,TT_TRENDING,6054300,2072000,90000,13152,28755,810,2969600,10,2353,583
2026-01-19,20,1748,104,2,IG_POST,428400,283800,21078,1602,1224,8512,0,0,1004,590
2026-01-19,20,1749,114,30,IG_POST,321552,177000,5706,1181,1020,8208,0,0,475,362
2026-01-19,20,1750,109,8,YT_LONG,563760,189000,2888,5211,1244,1219,0,319,1375,2848
2026-01-19,20,1751,109,8,IG_POST,430416,152100,11664,1362,1010,6327,0,0,760,1072
2026-01-19,20,1752,110,,YT_LONG,782460,193800,8784,2788,506,1628,0,373,1523,3162
2026-01-19,20,1753,107,,IG_STORY,793728,172200,7248,1309,1778,2050,0,0,666,4717
2026-01-20,12,1754,110,,BLOG_DEV_DIARY,98867,247200,6768,2083,930,1276,0,0,906,1349
2026-01-20,12,1755,110,,IG_REEL,1050660,181500,19782,977,11856,2114,434200,17,706,1033
2026-01-20,12,1756,113,19,TT_VIDEO,1665360,260400,74195,2182,1238,1602,466480,20,520,1312
2026-01-20,12,1757,106,10,BLOG_DEV_DIARY,99598,126000,8744,2088,954,948,0,0,914,905
2026-01-20,12,1758,107,,IG_POST,286776,216900,13932,1703,1796,8645,0,0,989,900
2026-01-20,12,1759,110,,IG_POST,301392,279900,21114,2028,1583,7581,0,0,371,1247
2026-01-20,12,1760,109,8,BLOG_POST,74556,214800,3048,213,806,2405,0,0,521,15950
2026-01-20,18,1761,106,10,TT_VIDEO,954720,259800,72865,2424,513,1432,1003520,21,355,522
2026-01-20,18,1762,104,2,TT_VIDEO,2075760,289800,54625,772,1440,1170,352800,13,768,833
2026-01-20,18,1763,103,,IG_REEL,944190,120000,43050,2594,9660,2066,518960,16,730,900
2026-01-20,18,1764,109,8,YT_SHORT,1526040,173100,32725,1232,1674,1386,804750,33,441,406
2026-01-20,18,1765,106,10,IG_STORY,848952,160200,7480,1342,482,1870,0,0,708,3486
2026-01-20,18,1766,107,,IG_STORY,661752,179400,9072,770,527,1241,0,0,401,5011
2026-01-20,18,1767,113,19,BLOG_DEV_DIARY,43952,287400,6272,1984,489,2222,0,0,361,899
2026-01-20,18,1768,113,19,BLOG_POST,137142,296700,2576,522,855,2015,0,0,944,15598
2026-01-20,18,1769,110,,TT_VIDEO,1077840,148800,84645,1188,1061,2237,839860,14,281,792
2026-01-20,18,1770,109,8,TT_VIDEO,1326240,216600,103265,821,1193,1769,324380,18,275,541
2026-01-20,18,1771,110,,BLOG_POST,135261,162300,2664,230,1289,2244,0,0,587,24310
2026-01-20,18,1772,103,,TT_TRENDING,4340700,1831200,88560,8280,44865,1709,1824100,13,6585,839
2026-01-20,19,1773,113,19,BLOG_POST,169632,297600,5056,451,608,1478,0,0,316,18348
2026-01-20,19,1774,104,2,IG_REEL,957060,297900,31248,2515,7800,1558,220480,12,425,451
2026-01-20,19,1775,103,,IG_STORY,963144,123300,2712,1780,1512,1828,0,0,769,4784
2026-01-20,20,1776,108,,BLOG_DEV_DIARY,78822,171000,5600,2493,1766,1844,0,0,595,1253
2026-01-20,20,1777,106,10,IG_REEL,1175850,216300,22974,1714,4740,1432,462800,15,847,1153
2026-01-20,20,1778,109,8,BLOG_DEV_DIARY,102416,184800,8840,1181,641,1830,0,0,777,503
2026-01-20,20,1779,114,30,YT_LONG,627750,284700,4136,3621,1142,1357,0,395,1193,9291
2026-01-20,20,1780,113,19,IG_STORY,908856,177000,2768,2185,1050,1503,0,0,298,1537
2026-01-20,20,1781,114,30,YT_SHORT,1595700,240000,18260,2031,1554,1716,469500,22,768,1038
2026-01-21,12,1782,113,19,YT_TRAILER,2542500,1407000,56270,1175,16016,19638,1364000,92,4217,10850
2026-01-21,12,1783,106,10,YT_SHORT,868320,237900,37015,1703,1179,2110,682500,22,744,901
2026-01-21,12,1784,110,,IG_REEL,882180,239400,29064,1617,6648,2257,366080,16,887,1210
2026-01-21,12,1785,110,,YT_TRAILER,4707000,1535100,72675,1346,19852,7380,941600,73,1327,41300
2026-01-21,12,1786,104,2,IG_POST,340200,244500,13878,880,876,5263,0,0,700,1409
2026-01-21,12,1787,107,,IG_STORY,937872,251100,4488,1280,479,1131,0,0,920,3515
2026-01-21,18,1788,107,,TT_VIDEO,1630800,121200,79895,1327,1670,1606,833000,17,838,1338
2026-01-21,18,1789,103,,BLOG_POST,88578,159000,8016,345,545,821,0,0,937,12342
2026-01-21,18,1790,103,,YT_SHORT,693360,223200,28765,2422,824,1065,812250,32,1005,1261
2026-01-21,18,1791,114,30,IG_POST,370440,213900,20520,1995,770,4646,0,0,668,1270
2026-01-21,18,1792,107,,BLOG_DEV_DIARY,57002,299400,7336,1549,1319,2444,0,0,819,822
2026-01-21,18,1793,105,1,YT_SHORT,1697760,244800,43175,1399,1328,697,625500,21,635,823
2026-01-21,18,1794,114,30,TT_VIDEO,1691280,154800,63935,1071,1503,2077,678160,20,778,823
2026-01-21,18,1795,109,8,TT_VIDEO,1157760,179400,71155,1575,780,796,643860,18,910,1165
2026-01-21,18,1796,105,1,YT_TRAILER,2106000,1224300,27965,911,33432,16758,1740200,84,4229,23100
2026-01-21,18,1797,109,8,TT_TRENDING,6652800,1677200,174960,6396,30780,2462,3451000,14,2997,677
2026-01-21,18,1798,109,8,IG_REEL,790920,126900,45192,2097,8412,783,165360,15,807,1285
2026-01-21,19,1799,104,2,IG_POST,289296,231600,6858,1157,1145,7534,0,0,796,1267
2026-01-21,19,1800,108,,BLOG_POST,110295,139800,6904,387,1325,2167,0,0,486,13552
2026-01-21,19,1801,103,,TT_VIDEO,1851120,284100,87875,1932,872,768,335160,15,955,385
2026-01-21,19,1802,107,,IG_POST,357336,294900,9576,1322,1212,4475,0,0,886,751
2026-01-21,19,1803,108,,IG_POST,345240,198900,8802,2231,1781,9909,0,0,915,1056
2026-01-21,19,1804,113,19,IG_STORY,927576,257700,4832,2600,1589,2413,0,0,853,2881
2026-01-21,19,1805,103,,IG_STORY,400608,162000,7768,777,875,1672,0,0,784,1399
2026-01-21,19,1806,109,8,TT_TRENDING,3710700,1828400,125820,11952,23130,2141,948300,13,4940,922
2026-01-21,19,1807,103,,IG_REEL,1205100,249900,24066,979,8340,1507,289120,15,711,428
2026-01-21,19,1808,109,8,TT_VIDEO,1900800,267600,100605,2268,1098,2334,527240,17,502,575
2026-01-21,20,1809,109,8,IG_STORY,675792,151800,6600,2092,1587,2055,0,0,995,1743
2026-01-21,20,1810,103,,IG_POST,395136,240900,14256,1544,717,3867,0,0,898,674
2026-01-21,20,1811,104,2,IG_POST,506520,282300,14976,1498,534,10089,0,0,733,691
2026-01-21,20,1812,107,,IG_POST,489384,141600,18666,2281,1319,10650,0,0,635,391
2026-01-21,20,1813,110,,BLOG_POST,154071,148800,7592,226,572,2361,0,0,574,23738
2026-01-21,20,1814,114,30,TT_VIDEO,2354400,123900,111150,2638,1589,781,943740,18,632,547
2026-01-21,20,1815,114,30,YT_LONG,577530,231300,4848,3239,977,1082,0,337,1224,5466
2026-01-21,20,1816,110,,BLOG_DEV_DIARY,65563,267900,2856,1905,890,1907,0,0,278,1291
2026-01-21,20,1817,113,19,IG_REEL,964080,205800,20958,2121,4080,1500,621920,16,1011,715
2026-01-22,12,1818,106,10,IG_REEL,806130,202800,22008,1327,7572,1694,585000,16,865,528
2026-01-22,12,1819,110,,IG_POST,371448,120900,8082,2246,1226,7040,0,0,369,1228
2026-01-22,12,1820,110,,TT_TRENDING,5947200,2312800,127980,4200,46530,1547,2160500,12,3387,680
2026-01-22,12,1821,104,2,TT_VIDEO,2030400,157500,70965,1232,1448,1564,897680,18,638,1237
2026-01-22,18,1822,113,19,BLOG_POST,117306,216600,9504,215,1274,972,0,0,697,18370
2026-01-22,18,1823,108,,TT_TRENDING,4000500,2741200,61200,8928,23985,915,2769500,10,2886,872
2026-01-22,18,1824,109,8,YT_SHORT,746820,276300,52855,1223,507,1844,728250,22,734,907
2026-01-22,18,1825,110,,YT_LONG,566190,225600,4832,6460,1260,829,0,287,556,6290
2026-01-22,18,1826,109,8,IG_REEL,678600,192900,35322,2000,13452,1342,295880,18,954,454
2026-01-22,18,1827,103,,BLOG_DEV_DIARY,112543,278700,6712,847,1454,1775,0,0,814,796
2026-01-22,18,1828,106,10,YT_SHORT,981720,163500,56760,1863,1532,700,858000,21,937,1003
2026-01-22,18,1829,107,,BLOG_DEV_DIARY,85190,164100,6664,957,1212,1351,0,0,875,419
2026-01-22,18,1830,108,,IG_REEL,1100970,257400,19740,843,10128,1993,485680,18,640,1019
2026-01-22,18,1831,114,30,BLOG_POST,144495,248700,7776,475,861,801,0,0,587,18172
2026-01-22,18,1832,114,30,IG_REEL,962910,151800,13146,1489,9492,1124,440960,11,568,1367
2026-01-22,18,1833,110,,TT_TRENDING,3969000,1184400,106920,12024,48240,2015,2691200,12,4238,995
2026-01-22,18,1834,113,19,YT_LONG,469800,193800,2560,8968,1284,1949,0,332,977,9155
2026-01-22,19,1835,105,1,IG_POST,379512,151200,10692,2328,638,8265,0,0,701,1316
2026-01-22,19,1836,114,30,IG_POST,230832,183300,17064,1093,651,4931,0,0,991,1079
2026-01-22,19,1837,108,,YT_SHORT,1456380,230700,41415,1373,665,992,850500,22,598,638
2026-01-22,19,1838,110,,IG_STORY,698256,169800,4912,2477,743,1729,0,0,619,2180
2026-01-22,19,1839,106,10,YT_TRAILER,3946500,1432200,87550,1883,18424,6282,987800,90,4565,41685
2026-01-22,19,1840,106,10,TT_VIDEO,1928880,216600,73340,1406,933,1624,464520,19,621,1052
2026-01-22,19,1841,104,2,IG_REEL,587340,178800,24360,2178,7044,1903,287040,12,1007,1276
2026-01-22,20,1842,104,2,IG_POST,453600,298800,13284,1527,1409,7695,0,0,953,1222
2026-01-22,20,1843,103,,YT_TRAILER,2083500,1213800,25500,1252,9772,21060,1051600,91,2961,38045
2026-01-22,20,1844,113,19,IG_REEL,936000,288000,48678,1663,5484,1360,178880,11,667,1190
2026-01-22,20,1845,110,,YT_SHORT,1122660,285000,31515,887,1248,2310,255750,30,1000,1058
2026-01-22,20,1846,109,8,BLOG_DEV_DIARY,112021,269100,2840,719,1244,2603,0,0,304,515
2026-01-22,20,1847,108,,IG_REEL,1271790,145800,27930,2638,11784,733,203840,12,905,494
2026-01-22,20,1848,107,,BLOG_DEV_DIARY,74437,133500,2408,2059,1205,834,0,0,346,656
2026-01-22,20,1849,106,10,YT_TRAILER,3478500,1873200,27030,2042,23016,16794,1663200,60,3297,24290
2026-01-22,20,1850,113,19,TT_VIDEO,1542240,234600,66595,2255,768,2581,885920,17,461,698
2026-01-23,12,1851,104,2,YT_SHORT,1396440,193500,55880,2158,588,1404,570000,28,967,1373
2026-01-23,12,1852,106,10,TT_VIDEO,2019600,278100,69920,761,527,1591,1062320,17,876,908
2026-01-23,12,1853,113,19,YT_SHORT,1182600,186000,23870,1960,1695,1973,610500,29,401,396
2026-01-23,18,1854,105,1,IG_REEL,755820,201000,32508,2182,8460,1450,511160,18,553,887
2026-01-23,18,1855,103,,BLOG_POST,147744,159000,7680,389,1521,2240,0,0,939,9064
2026-01-23,18,1856,109,8,IG_REEL,487890,128100,41958,1091,4008,1177,307320,16,689,872
2026-01-23,18,1857,110,,YT_LONG,733050,186600,6472,4862,1188,717,0,321,1827,2958
2026-01-23,18,1858,109,8,YT_TRAILER,3762000,1281000,43860,2101,30408,8118,2422200,87,3805,30450
2026-01-23,19,1859,110,,BLOG_DEV_DIARY,48337,245700,6144,1294,920,1973,0,0,796,1426
2026-01-23,19,1860,105,1,TT_VIDEO,1728000,154200,92245,2013,1701,2541,469420,18,905,527
2026-01-23,19,1861,104,2,BLOG_DEV_DIARY,106384,129000,4968,2127,1064,1122,0,0,375,614
2026-01-23,19,1862,108,,YT_SHORT,858600,160800,57365,1060,1584,1355,794250,26,349,658
2026-01-23,19,1863,113,19,IG_STORY,417456,153000,8976,2572,1448,1993,0,0,274,3457
2026-01-23,19,1864,114,30,BLOG_DEV_DIARY,44996,179400,9568,1593,575,2629,0,0,586,902
2026-01-23,19,1865,113,19,YT_LONG,350730,206100,5224,9571,725,2554,0,308,2140,4888
2026-01-23,19,1866,110,,IG_REEL,1167660,257700,37002,2363,12900,1254,385840,12,847,539
2026-01-23,19,1867,106,10,YT_TRAILER,2736000,1413300,65195,2143,14588,18738,1302400,88,3721,29575
2026-01-23,19,1868,105,1,YT_SHORT,720900,148200,35530,1899,1800,1459,845250,24,768,514
2026-01-23,19,1869,113,19,YT_TRAILER,4446000,1570800,40970,1366,11116,15570,730400,77,4675,32830
2026-01-23,19,1870,114,30,YT_LONG,349110,198600,2504,8313,864,1769,0,342,1436,8296
2026-01-23,20,1871,110,,IG_POST,252504,179400,15408,671,1599,3468,0,0,988,433
2026-01-23,20,1872,106,10,YT_TRAILER,1998000,1995000,50235,2407,17192,9918,994400,87,3234,40810
2026-01-23,20,1873,107,,IG_STORY,739440,298200,6608,2510,1406,2303,0,0,668,1961
2026-01-23,20,1874,104,2,BLOG_POST,77463,169500,7752,491,1503,1492,0,0,502,18876
2026-01-23,20,1875,106,10,IG_POST,513072,229800,11808,2237,1776,5995,0,0,599,1388
2026-01-23,20,1876,106,10,IG_REEL,739440,167400,20496,1602,4140,1063,467480,17,730,1068
2026-01-24,12,1877,108,,IG_REEL,775710,188100,29820,2255,6768,1443,216840,16,311,432
2026-01-24,12,1878,109,8,BLOG_DEV_DIARY,50008,221400,8840,1278,1256,1027,0,0,387,601
2026-01-24,12,1879,107,,BLOG_DEV_DIARY,49486,255600,2512,1863,1746,2556,0,0,443,535
2026-01-24,12,1880,103,,TT_VIDEO,989280,131400,50065,2607,1524,2081,763420,13,999,364
2026-01-24,18,1881,106,10,IG_REEL,1229670,290100,16002,1736,12348,2240,421720,16,322,1004
2026-01-24,18,1882,103,,IG_POST,253008,295200,17766,735,1629,10232,0,0,332,1302
2026-01-24,18,1883,114,30,YT_TRAILER,4549500,995400,49640,1129,30604,9612,1766600,93,3650,15050
2026-01-24,18,1884,104,2,YT_SHORT,754920,151500,45815,2325,1655,1729,333750,34,901,1134
2026-01-24,18,1885,114,30,IG_STORY,815256,126600,9592,1093,1361,2035,0,0,900,1487
2026-01-24,18,1886,108,,BLOG_POST,73701,270300,8128,444,902,2295,0,0,757,23210
2026-01-24,18,1887,105,1,BLOG_DEV_DIARY,83102,165300,8632,1005,954,1190,0,0,536,830
2026-01-24,19,1888,108,,YT_TRAILER,2659500,1381800,84915,2413,32704,14418,970200,91,1436,23450
2026-01-24,19,1889,105,1,YT_SHORT,1705860,224100,57310,660,1179,2130,504750,21,711,1320
2026-01-24,19,1890,108,,BLOG_DEV_DIARY,56794,158400,3408,1144,747,1637,0,0,757,414
2026-01-24,19,1891,107,,BLOG_POST,94050,125700,4592,494,1731,1808,0,0,564,14762
2026-01-24,19,1892,114,30,BLOG_POST,135090,255900,7952,186,1043,2013,0,0,944,18986
2026-01-24,19,1893,103,,TT_VIDEO,2289600,179100,112860,1225,1785,728,468440,18,844,810
2026-01-24,19,1894,108,,IG_REEL,799110,212400,41706,2103,10392,2455,336960,15,847,1357
2026-01-24,19,1895,114,30,YT_SHORT,1670220,275400,56705,2328,486,770,699000,24,257,709
2026-01-24,20,1896,109,8,IG_STORY,760032,204300,6856,2552,806,2077,0,0,711,3154
2026-01-24,20,1897,103,,IG_STORY,785304,192600,9048,2396,711,1993,0,0,783,3394
2026-01-24,20,1898,105,1,IG_POST,298872,281100,9594,680,1427,8351,0,0,402,715
2026-01-24,20,1899,105,1,BLOG_DEV_DIARY,62014,280500,3200,2132,494,1540,0,0,483,970
2026-01-24,20,1900,103,,BLOG_DEV_DIARY,53348,205800,5392,2506,1656,2284,0,0,1020,914
2026-01-24,20,1901,113,19,TT_TRENDING,3490200,2562000,177300,10980,24975,975,1070100,10,6097,710
2026-01-24,20,1902,104,2,YT_SHORT,806760,241200,62645,1210,945,1998,709500,27,725,1277
2026-01-24,20,1903,104,2,YT_LONG,515160,181800,3608,6273,1281,1137,0,340,2122,6622
2026-01-24,20,1904,113,19,IG_REEL,1189890,211200,25032,2138,8484,1852,471120,17,328,560
2026-01-24,20,1905,103,,IG_REEL,767520,220800,14532,1371,14316,1511,568360,16,488,1194
2026-01-25,12,1906,110,,IG_POST,482832,221400,14832,1265,714,5168,0,0,618,1277
2026-01-25,12,1907,103,,TT_TRENDING,6715800,2567600,102600,7920,36945,1511,3134900,12,3094,978
2026-01-25,12,1908,103,,IG_POST,511560,188700,21510,759,879,11191,0,0,423,1237
2026-01-25,18,1909,109,8,TT_TRENDING,6325200,2293200,204660,12108,46170,1258,2279400,11,5109,1100
2026-01-25,18,1910,113,19,TT_TRENDING,6577200,1422400,115560,12756,38115,1245,2122800,10,5012,767
2026-01-25,18,1911,113,19,YT_SHORT,1001160,153900,64625,2233,771,1305,681750,21,816,1370
2026-01-25,18,1912,107,,BLOG_POST,178182,290400,6328,408,708,1987,0,0,796,10164
2026-01-25,18,1913,105,1,TT_TRENDING,3017700,2732800,65700,3900,42075,1901,2331600,13,4719,1283
2026-01-25,18,1914,107,,BLOG_DEV_DIARY,52931,219600,2960,1665,513,2020,0,0,1005,1422
2026-01-25,18,1915,113,19,YT_TRAILER,4126500,1724100,47940,1190,10500,19332,1304600,59,3431,22260
2026-01-25,18,1916,114,30,TT_VIDEO,1375920,245100,106020,1494,1554,2262,797720,21,588,1336
2026-01-25,19,1917,108,,YT_TRAILER,4810500,1457400,57460,2178,32956,10656,2096600,59,4565,32655
2026-01-25,19,1918,108,,BLOG_DEV_DIARY,55436,143100,8640,1151,506,1338,0,0,620,652
2026-01-25,19,1919,110,,BLOG_DEV_DIARY,109829,125400,5952,1382,1790,1476,0,0,921,1158
2026-01-25,19,1920,114,30,IG_STORY,588744,219000,3088,1674,879,1538,0,0,645,1268
2026-01-25,19,1921,104,2,TT_TRENDING,6400800,1414000,133380,9228,37620,1509,2937700,9,2100,971
2026-01-25,19,1922,113,19,BLOG_POST,88578,249900,2808,268,1377,1551,0,0,966,13134
2026-01-25,19,1923,109,8,IG_STORY,1010880,201000,7952,790,485,1489,0,0,974,2785
2026-01-25,19,1924,106,10,BLOG_POST,126198,281700,6328,415,1071,1936,0,0,629,11968
2026-01-25,19,1925,110,,TT_TRENDING,2904300,1755600,149220,13836,49095,2277,2523000,9,5467,1391
2026-01-25,20,1926,104,2,BLOG_DEV_DIARY,97510,179700,7048,1333,983,1109,0,0,292,844
2026-01-25,20,1927,108,,IG_REEL,795600,224700,40026,2204,13356,1168,593840,14,394,918
2026-01-25,20,1928,104,2,IG_STORY,518544,188400,5992,1082,480,1791,0,0,736,2780
2026-01-25,20,1929,105,1,YT_TRAILER,2034000,1453200,82790,2438,26012,6048,1295800,59,1264,28595
2026-01-25,20,1930,109,8,IG_POST,391608,132900,7920,2136,624,7591,0,0,636,1307
2026-01-25,20,1931,106,10,YT_SHORT,1472580,270600,25135,2251,1038,1507,762000,26,582,1202
2026-01-25,20,1932,107,,BLOG_DEV_DIARY,47398,232200,6448,1014,1265,2385,0,0,888,906
2026-01-25,20,1933,113,19,TT_VIDEO,1283040,293400,50445,1098,863,1426,492940,20,873,730
2026-01-25,20,1934,108,,YT_TRAILER,4599000,1980300,34340,1703,28952,18576,2065800,90,4431,38815
2026-01-25,20,1935,108,,YT_LONG,341820,121500,8920,7123,1476,1366,0,284,909,6188
2026-01-25,20,1936,104,2,IG_REEL,796770,201900,41664,1096,13788,1300,315640,16,830,1175
2026-01-25,20,1937,108,,TT_TRENDING,4970700,2623600,200520,5388,28215,2191,2920300,10,5603,1176
2026-01-25,20,1938,109,8,BLOG_DEV_DIARY,113170,123600,3472,2416,1481,1769,0,0,869,956
2026-01-25,20,1939,105,1,TT_VIDEO,1531440,274800,82365,955,1502,1250,1059380,15,426,1115
2026-01-25,20,1940,110,,IG_POST,262584,293100,18612,2169,513,6736,0,0,700,754
2026-01-25,20,1941,106,10,BLOG_POST,72333,246600,5104,412,756,1351,0,0,776,26048
2026-01-26,12,1942,103,,IG_STORY,406224,199500,7040,1219,492,1225,0,0,910,3179
2026-01-26,12,1943,109,8,YT_SHORT,1051380,177000,25025,1324,1623,1208,582750,26,536,667
2026-01-26,12,1944,107,,IG_POST,249480,177300,21132,1258,617,10859,0,0,835,1372
2026-01-26,12,1945,103,,TT_TRENDING,2557800,2178400,87120,4032,43830,2015,3184200,11,3998,559
2026-01-26,12,1946,106,10,BLOG_DEV_DIARY,74124,217500,8416,1949,675,1126,0,0,272,1190
2026-01-26,18,1947,113,19,YT_TRAILER,2628000,1486800,51085,1344,24584,8748,1933800,81,4061,35630
2026-01-26,18,1948,108,,YT_TRAILER,2205000,1803900,51000,1659,26404,19368,2567400,94,1525,12110
2026-01-26,18,1949,107,,YT_TRAILER,4153500,2039100,27540,1184,21728,15858,1086800,67,4771,13650
2026-01-26,18,1950,108,,YT_SHORT,1728540,226800,40040,1430,1097,2330,611250,34,981,1062
2026-01-26,18,1951,110,,TT_TRENDING,6104700,1691200,98820,13224,26550,2268,2859400,11,6442,1226
2026-01-26,18,1952,114,30,IG_STORY,529776,269400,4992,2075,683,2112,0,0,488,1302
2026-01-26,18,1953,114,30,BLOG_POST,77463,123900,5264,486,1763,1795,0,0,629,22418
2026-01-26,19,1954,105,1,BLOG_DEV_DIARY,91559,222600,7936,1808,770,2017,0,0,786,1355
2026-01-26,19,1955,110,,IG_STORY,555048,257700,9160,1505,1655,1327,0,0,752,4918
2026-01-26,19,1956,107,,TT_TRENDING,5229000,2024400,191340,5292,36270,1287,2763700,8,3250,1187
2026-01-26,19,1957,113,19,IG_STORY,702000,166200,8136,1313,965,1531,0,0,277,1319
2026-01-26,19,1958,104,2,IG_STORY,687960,244500,6072,2515,1599,1338,0,0,983,2461
2026-01-26,19,1959,106,10,IG_STORY,664560,234300,4848,794,1083,1320,0,0,435,3410
2026-01-26,19,1960,109,8,YT_TRAILER,4180500,1232700,72420,2526,22176,16326,2039400,92,3604,39060
2026-01-26,19,1961,107,,TT_VIDEO,933120,261900,37905,2310,803,1269,698740,16,719,544
2026-01-26,19,1962,104,2,BLOG_POST,125514,252600,7216,164,1013,1137,0,0,663,9086
2026-01-26,20,1963,109,8,BLOG_DEV_DIARY,107010,258600,6912,1214,486,1971,0,0,680,611
2026-01-26,20,1964,110,,IG_REEL,642330,168900,13440,1795,8724,2145,431600,14,986,1006
2026-01-26,20,1965,106,10,TT_TRENDING,5462100,1302000,150120,12384,28800,1784,1626900,9,2431,574
2026-01-26,20,1966,105,1,TT_TRENDING,4113900,2248400,77940,7512,26145,1626,2717300,12,7202,497
2026-01-26,20,1967,110,,YT_TRAILER,2304000,1614900,34595,1833,32312,12258,1821600,77,1323,29295
2026-01-26,20,1968,103,,IG_REEL,966420,125100,31248,950,13128,2028,505440,11,366,814
2026-01-26,20,1969,105,1,BLOG_DEV_DIARY,93751,250200,4432,2343,1656,1021,0,0,576,1380
2026-01-26,20,1970,109,8,YT_LONG,330480,172800,2984,9189,1251,2550,0,265,1456,5100
2026-01-27,12,1971,114,30,YT_TRAILER,2227500,1272600,51765,2614,12376,8460,1212200,87,2869,23415
2026-01-27,12,1972,104,2,IG_STORY,584064,172500,4528,2517,950,794,0,0,570,2398
2026-01-27,12,1973,113,19,IG_POST,251496,282300,21006,1615,542,6783,0,0,990,812
2026-01-27,12,1974,106,10,IG_STORY,748800,213600,5928,1395,1317,2625,0,0,323,1760
2026-01-27,12,1975,106,10,IG_REEL,833040,292800,39270,1448,12252,1896,344760,15,417,760
2026-01-27,12,1976,103,,YT_LONG,515160,162900,4648,7727,1676,730,0,365,650,3383
2026-01-27,12,1977,114,30,IG_REEL,1224990,188700,35112,1199,8256,2268,522080,12,675,1111
2026-01-27,12,1978,106,10,BLOG_POST,175959,238800,3696,395,1769,2013,0,0,977,8426
2026-01-27,12,1979,110,,IG_STORY,672048,221700,6864,1630,1775,1375,0,0,859,2747
2026-01-27,12,1980,105,1,BLOG_DEV_DIARY,111082,298800,9192,2317,1202,2207,0,0,328,485
2026-01-27,12,1981,107,,BLOG_DEV_DIARY,52826,167400,6832,2387,936,2044,0,0,672,1010
2026-01-27,12,1982,106,10,TT_TRENDING,4397400,1307600,85320,10656,25065,1912,3216100,11,4921,1393
2026-01-27,18,1983,113,19,BLOG_POST,80712,260400,5448,244,1586,1047,0,0,875,10758
2026-01-27,18,1984,110,,IG_STORY,960336,120600,4760,2493,1299,2611,0,0,395,1386
2026-01-27,18,1985,106,10,TT_VIDEO,1745280,258000,52060,2229,869,1991,612500,13,271,1162
2026-01-27,18,1986,106,10,YT_SHORT,866700,282000,18755,2286,1794,1300,240750,24,672,384
2026-01-27,18,1987,109,8,IG_REEL,1166490,170100,45570,1371,12000,2396,432640,12,490,434
2026-01-27,18,1988,109,8,BLOG_POST,106533,191100,3576,321,1148,1870,0,0,403,22396
2026-01-27,19,1989,113,19,YT_LONG,341820,274200,3928,4208,1529,2508,0,417,920,4216
2026-01-27,19,1990,110,,YT_TRAILER,2533500,1898400,52615,770,12096,8712,1427800,78,4788,13825
2026-01-27,19,1991,106,10,BLOG_POST,169974,135900,6560,522,1662,1714,0,0,490,9966
2026-01-27,19,1992,107,,BLOG_POST,101574,159900,3704,360,1563,1551,0,0,687,8800
2026-01-27,19,1993,109,8,BLOG_DEV_DIARY,112021,145200,9040,671,1244,2367,0,0,398,733
2026-01-27,19,1994,108,,BLOG_DEV_DIARY,77256,229800,5848,2013,684,2394,0,0,972,929
2026-01-27,19,1995,103,,TT_VIDEO,1855440,177300,102125,2594,1373,1681,755580,18,861,797
2026-01-27,19,1996,110,,TT_VIDEO,995760,215100,63650,2169,1784,917,1113280,14,291,1084
2026-01-27,20,1997,114,30,IG_POST,403704,143400,6714,1159,1271,11115,0,0,821,881
2026-01-27,20,1998,113,19,YT_SHORT,1291140,231900,21890,1993,1553,1102,524250,34,456,1026
2026-01-27,20,1999,106,10,BLOG_POST,166041,202500,7120,468,1424,1364,0,0,740,20416
2026-01-27,20,2000,114,30,TT_TRENDING,6192900,1853600,153720,12372,23490,1102,2778200,12,2308,1295
2026-01-27,20,2001,104,2,YT_LONG,582390,196500,6016,3876,1247,2552,0,382,1107,7191
2026-01-28,12,2002,107,,IG_POST,209160,127500,21546,2246,986,4465,0,0,596,1109
2026-01-28,12,2003,114,30,YT_LONG,818910,292500,8056,4412,531,1885,0,278,2000,6817
2026-01-28,12,2004,105,1,TT_VIDEO,2300400,208200,65930,2572,1071,1793,934920,21,377,1220
2026-01-28,12,2005,105,1,IG_REEL,831870,292200,22512,2451,10752,2024,340080,13,1003,1184
2026-01-28,12,2006,110,,IG_STORY,961272,150900,3784,667,1317,766,0,0,1009,2570
2026-01-28,12,2007,107,,YT_TRAILER,4054500,1371300,56865,977,33124,14418,1364000,72,2659,19600
2026-01-28,12,2008,109,8,BLOG_POST,84303,144300,3288,241,1401,1934,0,0,960,21208
2026-01-28,12,2009,107,,BLOG_POST,140391,199800,8264,529,716,794,0,0,530,8448
2026-01-28,12,2010,105,1,IG_STORY,923832,169200,6824,1445,1008,2578,0,0,1006,3436
2026-01-28,12,2011,107,,YT_SHORT,1221480,150300,58300,2255,662,1195,762750,30,604,655
2026-01-28,12,2012,108,,IG_STORY,461448,247800,7784,2028,882,2231,0,0,744,4263
2026-01-28,12,2013,113,19,IG_STORY,471744,120900,8784,832,1707,1949,0,0,926,4292
2026-01-28,12,2014,114,30,IG_POST,382032,160800,16632,702,1656,10308,0,0,387,500
2026-01-28,18,2015,110,,BLOG_POST,85842,153300,2496,390,614,1613,0,0,484,13882
2026-01-28,18,2016,114,30,YT_LONG,386370,183300,7840,6486,900,843,0,378,968,2746
2026-01-28,18,2017,107,,YT_LONG,356400,260100,4064,7081,1596,717,0,339,1674,8177
2026-01-28,18,2018,113,19,IG_REEL,1217970,261600,35490,1841,10176,1531,474760,15,730,896
2026-01-28,18,2019,110,,IG_POST,525168,125700,8082,1118,1665,3610,0,0,643,1284
2026-01-28,18,2020,114,30,IG_REEL,1208610,187200,25326,1148,8388,678,247000,16,788,401
2026-01-28,18,2021,107,,IG_STORY,409032,168300,2848,2156,810,2369,0,0,904,2239
2026-01-28,19,2022,113,19,IG_REEL,990990,221100,28980,2488,12516,1591,550680,11,537,1160
2026-01-28,19,2023,104,2,TT_TRENDING,3811500,1632400,153900,12540,37620,1705,2766600,13,2158,406
2026-01-28,19,2024,105,1,BLOG_POST,68742,144300,7568,279,1656,1494,0,0,429,8184
2026-01-28,19,2025,106,10,TT_TRENDING,4523400,1691200,109980,9924,15660,2323,2076400,11,2711,1300
2026-01-28,19,2026,108,,TT_TRENDING,6501600,2296000,195120,5808,40725,2101,2221400,10,3179,583
2026-01-28,19,2027,103,,YT_LONG,457650,284700,3784,9537,612,939,0,412,1022,5806
2026-01-28,19,2028,106,10,YT_LONG,611550,189000,6752,10149,1419,774,0,321,571,8517
2026-01-28,19,2029,107,,IG_POST,334152,197100,19836,792,846,11068,0,0,875,601
2026-01-28,20,2030,106,10,YT_TRAILER,4945500,913500,39695,1956,22736,10692,2516800,89,1844,15330
2026-01-28,20,2031,105,1,YT_TRAILER,4203000,1562400,32980,1417,23772,5994,1102200,64,3284,28945
2026-01-28,20,2032,108,,TT_VIDEO,1425600,227100,94715,2044,1704,1043,843780,17,422,1274
2026-01-28,20,2033,108,,YT_SHORT,1621620,242700,28930,2400,1344,966,278250,26,919,398
2026-01-28,20,2034,105,1,BLOG_DEV_DIARY,62118,291900,8480,2224,758,1016,0,0,872,484
2026-01-28,20,2035,106,10,YT_SHORT,1720440,264300,31185,1404,1514,1360,381000,26,643,1429
2026-01-28,20,2036,103,,YT_SHORT,1265220,145200,30250,2154,624,1067,726750,28,905,606
2026-01-29,12,2037,110,,TT_TRENDING,6589800,1545600,114300,10152,52290,2365,1165800,9,7274,838
2026-01-29,12,2038,105,1,TT_VIDEO,2324160,158700,100795,1155,1430,2015,399840,16,433,372
2026-01-29,12,2039,109,8,IG_REEL,941850,124800,42630,2611,7236,1692,195000,14,324,865
2026-01-29,12,2040,114,30,TT_VIDEO,1550880,230400,50730,928,858,1894,670320,21,872,827
2026-01-29,12,2041,108,,IG_STORY,397800,170700,4992,2442,1704,1544,0,0,825,4528
2026-01-29,12,2042,109,8,TT_TRENDING,3402000,1195600,122760,4044,49005,1914,2264900,11,2977,437
2026-01-29,12,2043,109,8,YT_TRAILER,2857500,1472100,75055,678,12544,20682,2585000,87,1449,14770
2026-01-29,12,2044,110,,IG_POST,466200,290100,20844,722,1208,9253,0,0,930,856
2026-01-29,12,2045,107,,TT_TRENDING,5493600,1688400,210060,11496,32220,697,1281800,9,3965,1078
2026-01-29,18,2046,113,19,IG_STORY,466128,245700,4016,2532,527,1995,0,0,942,1646
2026-01-29,18,2047,110,,BLOG_DEV_DIARY,80806,170700,2936,2057,740,816,0,0,965,468
2026-01-29,18,2048,109,8,BLOG_POST,121581,192300,3784,226,1431,1159,0,0,623,16808
2026-01-29,18,2049,107,,YT_LONG,746820,299400,2640,3120,704,2295,0,332,1544,5806
2026-01-29,18,2050,106,10,YT_LONG,872370,251100,9024,9699,1329,1159,0,297,1181,6724
2026-01-29,18,2051,104,2,BLOG_POST,80370,222900,5240,207,1166,807,0,0,627,20108
2026-01-29,18,2052,113,19,IG_POST,551376,133800,9306,1221,1433,8959,0,0,462,1235
2026-01-29,18,2053,110,,TT_VIDEO,2257200,245100,68495,1300,1116,2350,904540,17,263,614
2026-01-29,19,2054,105,1,IG_STORY,736632,159900,5528,1932,1781,2561,0,0,997,4234
2026-01-29,19,2055,114,30,IG_STORY,433368,206400,3272,2629,1139,1648,0,0,455,1277
2026-01-29,19,2056,107,,IG_REEL,837720,197100,42630,1822,6324,1351,211640,12,712,503
2026-01-29,19,2057,105,1,IG_REEL,822510,250800,39900,1406,8904,2534,486200,16,707,1373
2026-01-29,19,2058,108,,BLOG_POST,77634,170400,4008,486,1007,1041,0,0,321,18480
2026-01-29,19,2059,107,,YT_TRAILER,1921500,2024400,52190,2330,30044,20556,805200,89,4633,30275
2026-01-29,19,2060,103,,IG_STORY,894816,127500,2416,891,1452,887,0,0,758,2117
2026-01-29,19,2061,109,8,TT_VIDEO,2250720,135000,84930,1041,1281,1960,1172080,14,277,563
2026-01-29,19,2062,110,,TT_VIDEO,1419120,201900,49115,2600,1064,748,444920,17,456,398
2026-01-29,20,2063,105,1,IG_POST,446544,244800,6390,2171,467,3876,0,0,761,1183
2026-01-29,20,2064,106,10,IG_POST,435456,146700,12528,1379,1797,4361,0,0,883,1271
2026-01-29,20,2065,105,1,IG_STORY,955656,225900,9136,880,1016,2321,0,0,988,3280
2026-01-29,20,2066,106,10,YT_SHORT,895860,271200,50160,1778,1532,2070,279750,24,869,859
2026-01-29,20,2067,107,,IG_STORY,563472,149700,4648,851,1152,1419,0,0,315,1592
2026-01-29,20,2068,104,2,IG_STORY,843336,129900,8848,1344,1655,1111,0,0,626,3436
2026-01-29,20,2069,106,10,BLOG_POST,115767,260700,6576,507,1700,1357,0,0,783,21142
2026-01-29,20,2070,109,8,TT_VIDEO,2099520,267600,59090,1558,1481,1932,1030960,16,661,767
2026-01-29,20,2071,109,8,BLOG_POST,102087,204300,4736,368,653,1771,0,0,522,21098
2026-01-29,20,2072,113,19,YT_LONG,336960,273000,8256,3111,755,1181,0,384,1400,4531
2026-01-29,20,2073,105,1,TT_VIDEO,2073600,293100,39710,1179,816,1234,302820,14,647,1104
2026-01-30,12,2074,110,,YT_TRAILER,3667500,2072700,45050,669,31388,11340,1163800,76,1344,35840
2026-01-30,12,2075,109,8,IG_POST,329616,277500,16218,1773,893,7961,0,0,530,584
2026-01-30,12,2076,104,2,BLOG_POST,98154,207900,5336,233,1211,1344,0,0,467,20130
2026-01-30,12,2077,114,30,YT_LONG,716850,250800,6232,7786,1331,869,0,383,1589,2737
2026-01-30,12,2078,107,,YT_TRAILER,2979000,1852200,98345,2075,31304,18972,1570800,95,4771,32410
2026-01-30,12,2079,107,,TT_VIDEO,1503360,178500,33915,774,524,1115,1118180,18,412,1410
2026-01-30,12,2080,105,1,YT_TRAILER,3379500,2024400,38250,1943,10444,21168,1584000,78,2331,41440
2026-01-30,12,2081,104,2,TT_TRENDING,2979900,2732800,167400,11856,49950,2202,1557300,9,7735,1343
2026-01-30,12,2082,108,,BLOG_POST,175104,188100,5504,450,831,2444,0,0,530,15686
2026-01-30,18,2083,109,8,BLOG_POST,108756,189300,6280,383,1502,1841,0,0,760,16280
2026-01-30,18,2084,107,,IG_REEL,1216800,223800,16884,739,6324,761,563680,17,980,911
2026-01-30,18,2085,109,8,IG_REEL,468000,215400,14532,2127,7836,1069,325000,14,910,425
2026-01-30,18,2086,114,30,TT_TRENDING,6129900,1159200,132480,8304,31995,2101,2673800,13,4914,1276
2026-01-30,18,2087,104,2,YT_LONG,749250,150600,2408,4565,1287,691,0,326,1240,9070
2026-01-30,18,2088,107,,YT_LONG,398520,227400,5656,7378,650,2449,0,387,1791,8237
2026-01-30,18,2089,113,19,IG_STORY,993096,226800,8392,1463,639,1712,0,0,512,2524
2026-01-30,19,2090,105,1,TT_VIDEO,2207520,199800,106685,1144,1085,2343,811440,21,271,1100
2026-01-30,19,2091,109,8,IG_POST,517608,258600,9468,2559,659,9453,0,0,779,1164
2026-01-30,19,2092,104,2,BLOG_DEV_DIARY,94064,170100,3544,1355,1032,1674,0,0,393,1439
2026-01-30,19,2093,110,,YT_SHORT,1025460,159300,52910,1813,1101,1701,666750,31,989,1180
2026-01-30,19,2094,104,2,YT_TRAILER,2965500,1623300,58565,1813,31472,12078,2543200,79,2793,17150
2026-01-30,19,2095,113,19,BLOG_DEV_DIARY,67129,147900,7200,1914,644,2097,0,0,943,1068
2026-01-30,19,2096,110,,IG_REEL,768690,199200,48930,689,6456,825,329160,18,363,1079
2026-01-30,20,2097,108,,TT_VIDEO,1337040,204600,72675,1426,524,796,667380,17,810,768
2026-01-30,20,2098,104,2,TT_TRENDING,6709500,1212400,122220,10980,16020,2290,1989400,10,2626,1181
2026-01-30,20,2099,106,10,IG_REEL,748800,133800,33642,1936,9156,900,357760,11,457,1048
2026-01-31,12,2100,114,30,TT_VIDEO,1412640,274200,78375,2242,786,2352,516460,16,425,430
2026-01-31,12,2101,107,,YT_TRAILER,2511000,1297800,91715,1927,16688,17766,1291400,72,3137,40355
2026-01-31,12,2102,104,2,YT_TRAILER,3105000,1761900,54740,1384,30156,21510,2061400,84,2054,12110
2026-01-31,12,2103,105,1,TT_TRENDING,5714100,1741600,161820,11676,22230,2510,3134900,9,3881,636
2026-01-31,12,2104,114,30,YT_TRAILER,2137500,1079400,89675,2215,15820,12060,2134000,67,4796,12075
2026-01-31,12,2105,107,,TT_VIDEO,1635120,263700,42085,2512,1608,2396,761460,16,487,368
2026-01-31,12,2106,107,,BLOG_POST,95247,134700,3880,418,1449,2308,0,0,334,10120
2026-01-31,12,2107,109,8,BLOG_POST,86526,137700,9112,511,722,1899,0,0,449,18194
2026-01-31,12,2108,109,8,TT_TRENDING,6879600,1615600,55800,8664,39420,858,2755000,9,7443,889
2026-01-31,12,2109,114,30,YT_SHORT,1754460,228600,26180,1192,1706,2383,230250,25,261,1423
2026-01-31,12,2110,104,2,IG_REEL,810810,257700,19236,1384,14100,2306,317720,15,285,1307
2026-01-31,12,2111,107,,IG_STORY,838656,198900,2824,2396,1685,1430,0,0,751,1306
2026-01-31,18,2112,106,10,TT_TRENDING,4032000,1584800,171360,5316,25155,2132,2926100,11,5467,881
2026-01-31,18,2113,107,,TT_VIDEO,1797120,246300,42180,1181,1574,849,530180,20,369,1212
2026-01-31,18,2114,108,,YT_TRAILER,1993500,1606500,52530,1659,15456,10638,1905200,73,3415,31325
2026-01-31,18,2115,103,,IG_STORY,885456,126000,8000,1580,888,935,0,0,446,2675
2026-01-31,18,2116,104,2,IG_POST,236880,199800,11664,1775,864,5824,0,0,1001,1010
2026-01-31,18,2117,114,30,IG_STORY,986544,145200,4928,1533,1679,1903,0,0,688,1462
2026-01-31,18,2118,110,,YT_TRAILER,2695500,2011800,44625,1912,8876,6336,1344200,90,1554,32410
2026-01-31,18,2119,114,30,YT_TRAILER,4815000,1098300,42585,1342,19012,15066,1493800,73,2276,12005
2026-01-31,18,2120,106,10,YT_SHORT,1325160,144300,65395,847,1773,898,725250,23,1000,408
2026-01-31,19,2121,105,1,IG_REEL,644670,120000,37632,2231,10008,1067,344760,14,316,648
2026-01-31,19,2122,109,8,TT_VIDEO,2019600,130800,85690,1223,638,1665,317520,13,530,1264
2026-01-31,19,2123,104,2,IG_REEL,1122030,269400,32802,1285,4428,2295,407160,15,702,366
2026-01-31,19,2124,110,,IG_STORY,840528,297600,6752,664,1370,2134,0,0,986,3574
2026-01-31,19,2125,113,19,YT_SHORT,1618380,131400,46255,1852,930,1146,579000,30,754,863
2026-01-31,19,2126,114,30,YT_SHORT,892620,179100,57420,2279,951,2020,531000,34,665,582
2026-01-31,19,2127,103,,TT_VIDEO,1481760,240600,52725,741,900,2031,616420,21,871,364
2026-01-31,19,2128,104,2,YT_SHORT,1412640,202500,17270,1430,1320,944,271500,27,555,846
2026-01-31,19,2129,114,30,IG_POST,551376,122400,7254,1025,564,5216,0,0,784,874
2026-01-31,19,2130,107,,BLOG_POST,152190,238200,6600,291,1404,1122,0,0,701,7392
2026-01-31,20,2131,113,19,YT_SHORT,690120,189600,26895,2640,1316,1628,491250,25,881,637
2026-01-31,20,2132,114,30,YT_SHORT,660960,195300,61215,849,1709,2526,308250,27,408,360
2026-01-31,20,2133,106,10,YT_TRAILER,3298500,1747200,43945,2325,26684,17982,873400,78,4221,28000
2026-01-31,20,2134,107,,TT_VIDEO,1998000,262500,39805,2306,633,2532,373380,19,543,962
2026-01-31,20,2135,108,,BLOG_POST,157662,139500,8208,522,1593,1518,0,0,950,18238
2026-02-01,12,2136,114,30,YT_SHORT,1527660,158700,43615,2125,1208,2585,295500,30,309,882
2026-02-01,12,2137,107,,IG_REEL,1010880,269400,39396,1613,8400,1368,186680,12,629,1117
2026-02-01,12,2138,106,10,YT_LONG,822150,261000,4896,2584,1302,1762,0,259,1872,6282
2026-02-01,12,2139,104,2,IG_REEL,668070,126300,28938,2317,5436,2070,362960,13,287,617
2026-02-01,12,2140,111,,TT_TRENDING,3843000,1425200,130320,10128,47250,2552,2146000,14,7768,1390
2026-02-01,12,2141,114,30,IG_REEL,528840,242100,30366,1179,9060,768,385840,14,660,572
2026-02-01,12,2142,109,8,BLOG_POST,116622,218700,7960,409,780,1817,0,0,325,23144
2026-02-01,12,2143,109,8,BLOG_DEV_DIARY,68904,217200,3040,2545,1158,1540,0,0,414,505
2026-02-01,12,2144,113,19,BLOG_DEV_DIARY,111395,297300,4568,2328,830,1815,0,0,531,1290
2026-02-01,18,2145,107,,TT_TRENDING,4334400,2587200,74520,8016,50220,671,1006300,13,4128,652
2026-02-01,18,2146,109,8,TT_VIDEO,885600,225300,47785,1280,810,2171,529200,16,270,769
2026-02-01,18,2147,106,10,IG_REEL,587340,206700,26712,2083,8244,1650,369720,17,466,1030
2026-02-01,18,2148,106,10,YT_TRAILER,2542500,1228500,43945,1406,23408,19674,1766600,76,1483,35665
2026-02-01,18,2149,114,30,IG_STORY,417456,285600,7960,2123,911,1100,0,0,465,1436
2026-02-01,18,2150,110,,TT_VIDEO,1118880,159600,49780,1287,608,2420,1136800,18,311,1121
2026-02-01,19,2151,108,,IG_STORY,834912,121800,3632,2611,542,1258,0,0,365,4473
2026-02-01,19,2152,114,30,IG_REEL,1146600,159300,39060,2339,5220,1547,209040,15,603,1171
2026-02-01,19,2153,109,8,TT_TRENDING,6589800,1218000,207540,7560,49545,1434,1919800,10,6338,1408
2026-02-01,19,2154,107,,YT_TRAILER,3253500,1192800,43775,2143,10024,17514,866800,61,3553,28210
2026-02-01,19,2155,111,,BLOG_DEV_DIARY,64310,280500,6240,1896,1593,2466,0,0,956,835
2026-02-01,19,2156,114,30,BLOG_POST,185022,194100,3208,433,1124,1987,0,0,894,10274
2026-02-01,19,2157,114,30,YT_TRAILER,2097000,1507800,60435,1214,31976,6678,1740200,78,1672,14350
2026-02-01,20,2158,111,,TT_TRENDING,6470100,2072000,113760,7416,33525,1857,1789300,8,4401,449
2026-02-01,20,2159,111,,IG_STORY,411840,278400,7016,2528,1524,2561,0,0,1014,3272
2026-02-01,20,2160,107,,YT_TRAILER,2484000,1522500,74035,2277,31808,11016,1421200,70,3280,28840
2026-02-01,20,2161,104,2,IG_POST,457128,271200,20088,1800,1112,11020,0,0,271,884
2026-02-02,12,2162,113,19,TT_VIDEO,1535760,266400,83600,2402,1173,796,312620,20,545,1043
2026-02-02,12,2163,107,,YT_SHORT,816480,240000,21670,1817,825,1925,580500,21,581,1193
2026-02-02,12,2164,113,19,IG_POST,355824,194100,11088,836,452,9643,0,0,788,644
2026-02-02,12,2165,110,,IG_POST,416304,264300,21060,942,954,5995,0,0,275,520
2026-02-02,12,2166,113,19,YT_TRAILER,2893500,1745100,91290,2530,9100,16452,792000,80,4826,11445
2026-02-02,18,2167,104,2,BLOG_POST,129276,276300,6680,197,689,1373,0,0,774,12980
2026-02-02,18,2168,113,19,YT_TRAILER,3789000,1333500,51425,1432,27244,15606,2175800,62,3486,21350
2026-02-02,18,2169,109,8,IG_POST,213192,150600,16020,2451,1482,6935,0,0,926,1430
2026-02-02,18,2170,113,19,YT_SHORT,1099980,159000,46255,1474,1797,1052,437250,30,360,1052
2026-02-02,18,2171,106,10,TT_TRENDING,2646000,1164800,137340,8928,50175,1395,2801400,12,4037,1339
2026-02-02,18,2172,108,,IG_POST,456624,222300,7668,1907,1298,9225,0,0,665,841
2026-02-02,18,2173,111,,BLOG_DEV_DIARY,88636,272700,4800,1291,1289,975,0,0,896,990
2026-02-02,19,2174,111,,IG_REEL,773370,217200,20706,1342,6900,1628,472680,17,296,911
2026-02-02,19,2175,104,2,TT_TRENDING,6136200,1198400,97200,9060,17325,1360,3230600,11,6026,1318
2026-02-02,19,2176,104,2,YT_SHORT,659340,240000,44385,1239,1685,1751,588000,30,654,661
2026-02-02,19,2177,108,,IG_REEL,694980,165900,17682,873,10056,1265,164840,18,402,1057
2026-02-02,19,2178,109,8,YT_LONG,422820,246600,4904,8483,1586,1188,0,368,1341,9503
2026-02-02,20,2179,109,8,IG_STORY,695448,288600,3072,1734,1316,2070,0,0,885,1516
2026-02-02,20,2180,106,10,TT_VIDEO,1719360,255600,35720,1025,1481,2464,983920,14,615,1276
2026-02-02,20,2181,107,,IG_POST,486360,199200,8118,2578,1191,3705,0,0,700,904
2026-02-02,20,2182,106,10,YT_TRAILER,3172500,1892100,81940,2259,19012,8748,1894200,71,3452,35000
2026-02-02,20,2183,106,10,TT_TRENDING,6570900,1293600,166320,5400,18180,1789,2038700,11,3205,704
2026-02-02,20,2184,104,2,IG_STORY,1026792,297300,4200,1830,1739,1602,0,0,1007,1961
2026-02-02,20,2185,104,2,YT_SHORT,738720,259200,18040,770,1058,1940,515250,30,898,983
2026-02-02,20,2186,113,19,YT_LONG,714420,276600,8400,4862,1038,2202,0,298,1759,7540
2026-02-02,20,2187,111,,TT_VIDEO,1125360,232800,83505,867,1110,2633,977060,21,903,1308
2026-02-02,20,2188,104,2,IG_POST,370944,257700,5508,2479,1071,5016,0,0,1006,599
2026-02-02,20,2189,113,19,IG_POST,414288,292500,6354,2376,468,5843,0,0,553,775
2026-02-03,12,2190,104,2,YT_SHORT,672300,232800,45100,1208,1413,1311,387000,34,461,1075
2026-02-03,12,2191,114,30,IG_POST,519624,207600,6300,876,819,4465,0,0,390,910
2026-02-03,12,2192,110,,YT_TRAILER,4950000,2074800,78540,1014,14308,7398,730400,71,4137,39095
2026-02-03,12,2193,113,19,IG_STORY,906048,163500,2848,1850,957,1945,0,0,638,2470
2026-02-03,12,2194,110,,TT_TRENDING,6136200,2693600,77760,6480,54000,1243,3221900,9,4576,1288
2026-02-03,12,2195,109,8,YT_SHORT,1778760,120900,27005,2141,497,2352,388500,31,412,802
2026-02-03,12,2196,114,30,TT_VIDEO,1589760,271500,53200,1518,1424,1357,1150520,21,858,714
2026-02-03,12,2197,108,,IG_STORY,887328,228000,4584,2020,758,2409,0,0,1015,4540
2026-02-03,12,2198,108,,IG_REEL,921960,231900,40110,1729,8016,686,417560,16,403,830
2026-02-03,18,2199,111,,BLOG_POST,111663,271500,9008,387,1334,686,0,0,672,17534
2026-02-03,18,2200,104,2,TT_TRENDING,4554900,2301600,75600,4476,25470,858,1612400,10,2243,662
2026-02-03,18,2201,106,10,BLOG_DEV_DIARY,73289,155400,7248,1067,1469,1890,0,0,806,983
2026-02-03,18,2202,108,,TT_VIDEO,1229040,222000,111625,722,582,2215,532140,14,947,1016
2026-02-03,18,2203,109,8,TT_VIDEO,2170800,289500,52630,2242,1797,2336,984900,21,836,1052
2026-02-03,18,2204,111,,IG_STORY,403416,223800,2816,1514,1485,1558,0,0,751,3041
2026-02-03,18,2205,108,,IG_STORY,834912,256800,5488,845,1487,2075,0,0,499,3696
2026-02-03,19,2206,111,,YT_SHORT,908820,290700,36685,1802,588,2354,860250,35,486,818
2026-02-03,19,2207,107,,IG_POST,550368,275700,17730,2290,1061,5957,0,0,258,1204
2026-02-03,19,2208,107,,YT_SHORT,1226340,170100,24420,994,669,1648,302250,30,752,594
2026-02-03,19,2209,111,,YT_LONG,326430,237600,8584,3613,1391,1692,0,270,1451,8067
2026-02-03,19,2210,106,10,YT_TRAILER,2052000,955500,51850,1331,19600,5940,1337600,62,4271,41020
2026-02-03,19,2211,106,10,TT_TRENDING,3357900,1682800,172980,5400,47160,1012,1264400,10,7215,1003
2026-02-03,19,2212,108,,TT_TRENDING,2702700,1834000,112680,7428,43965,1881,1429700,14,7111,856
2026-02-03,19,2213,104,2,YT_LONG,881280,180900,2656,3587,1601,2310,0,315,1517,8322
2026-02-03,19,2214,110,,TT_TRENDING,6615000,2433200,124920,12636,19845,2270,1038200,11,5135,845
2026-02-03,19,2215,107,,YT_LONG,360450,262200,8080,9690,1583,1107,0,286,1467,10030
2026-02-03,19,2216,110,,IG_REEL,992160,155100,13230,1258,3864,2264,622960,14,298,503
2026-02-03,20,2217,109,8,IG_POST,380016,125100,10332,1001,759,10640,0,0,337,1136
2026-02-03,20,2218,111,,IG_REEL,692640,260100,40152,706,7008,1793,605800,17,603,1385
2026-02-03,20,2219,110,,TT_VIDEO,2248560,255900,47690,2482,1335,2435,848680,21,484,467
2026-02-03,20,2220,109,8,TT_TRENDING,4756500,1134000,101700,11328,25830,2394,3161000,12,4563,1145
2026-02-03,20,2221,104,2,YT_LONG,475470,180000,6760,7795,1763,1709,0,297,1811,8755
2026-02-03,20,2222,106,10,TT_TRENDING,3244500,1909600,191340,10632,38880,1965,3352400,9,5083,1432
2026-02-03,20,2223,111,,YT_LONG,841590,230100,6160,5874,1035,1032,0,412,783,7548
2026-02-03,20,2224,104,2,IG_STORY,994968,186900,6248,1280,927,1760,0,0,527,1739
2026-02-04,12,2225,104,2,TT_VIDEO,1434240,189300,45600,2356,767,1918,934920,17,411,1147
2026-02-04,12,2226,110,,IG_POST,208656,291600,11340,2242,1679,8237,0,0,881,1020
2026-02-04,12,2227,113,19,IG_POST,364392,211800,8244,1021,1310,7040,0,0,563,1262
2026-02-04,12,2228,104,2,BLOG_DEV_DIARY,43535,243600,7096,2457,1047,1877,0,0,502,1286
2026-02-04,12,2229,107,,YT_LONG,648000,186600,3064,8016,492,959,0,420,1769,8568
2026-02-04,12,2230,107,,IG_POST,497952,234000,8964,1619,542,8313,0,0,295,498
2026-02-04,12,2231,114,30,YT_TRAILER,4216500,2037000,82365,1241,27972,17028,1130800,84,2810,13335
2026-02-04,12,2232,110,,YT_TRAILER,4252500,1911000,69190,972,16128,13140,869000,84,1411,15645
2026-02-04,18,2233,111,,YT_TRAILER,4014000,2091600,44965,2255,13748,10692,2574000,69,3289,24150
2026-02-04,18,2234,104,2,TT_VIDEO,2030400,133500,74385,667,717,2229,547820,19,554,912
2026-02-04,18,2235,106,10,TT_TRENDING,6621300,2254000,105300,4476,30735,2004,2099600,13,3751,1084
2026-02-04,18,2236,109,8,YT_LONG,592920,207600,4304,6384,863,768,0,264,1096,7004
2026-02-04,18,2237,104,2,BLOG_POST,96957,221400,5152,247,770,739,0,0,847,19800
2026-02-04,18,2238,107,,YT_LONG,352350,160500,7696,5763,1256,803,0,359,1723,9172
2026-02-04,18,2239,114,30,IG_STORY,454896,219000,5512,2633,1445,975,0,0,511,3364
2026-02-04,19,2240,108,,YT_TRAILER,2029500,1018500,46070,2211,15288,14490,807400,81,2318,11270
2026-02-04,19,2241,108,,IG_POST,437472,243900,11664,2066,1127,10754,0,0,519,761
2026-02-04,19,2242,111,,IG_POST,336168,195000,13122,1476,791,3382,0,0,376,1301
2026-02-04,19,2243,104,2,TT_VIDEO,1976400,195600,48735,1060,1760,2251,761460,19,449,830
2026-02-04,19,2244,104,2,YT_TRAILER,3352500,2064300,82875,1670,25060,5400,2259400,61,4019,15855
2026-02-04,19,2245,109,8,IG_STORY,790920,258300,6592,860,1247,1839,0,0,399,3994
2026-02-04,20,2246,113,19,IG_POST,516600,126900,18504,2416,1479,7059,0,0,493,1306
2026-02-04,20,2247,110,,YT_LONG,652860,210300,8368,2780,1557,715,0,305,2126,4131
2026-02-04,20,2248,111,,IG_REEL,959400,184800,18018,2407,7812,2039,204360,15,776,1438
2026-02-04,20,2249,111,,IG_POST,544320,272700,10080,667,1349,10526,0,0,377,773
2026-02-04,20,2250,107,,IG_POST,431928,258000,6354,2251,839,9158,0,0,826,1308
2026-02-04,20,2251,114,30,IG_REEL,1067040,123900,43134,1432,11760,1283,288600,12,1010,1010
2026-02-05,12,2252,107,,IG_POST,443520,296700,9180,1331,1475,5472,0,0,928,774
2026-02-05,12,2253,106,10,BLOG_POST,162963,291000,7840,418,873,1778,0,0,558,11286
2026-02-05,12,2254,114,30,IG_STORY,899496,249600,7136,2587,827,1001,0,0,502,3658
2026-02-05,12,2255,106,10,IG_STORY,916344,227700,5256,2147,936,678,0,0,758,2444
2026-02-05,12,2256,114,30,YT_SHORT,703080,140100,59015,1575,1595,1648,661500,30,945,1298
2026-02-05,12,2257,113,19,TT_VIDEO,1276560,283800,84930,2475,1725,1263,996660,15,704,580
2026-02-05,18,2258,114,30,IG_POST,228816,300000,7164,1219,1406,10935,0,0,609,676
2026-02-05,18,2259,111,,YT_TRAILER,3807000,1526700,61455,673,19152,6192,924000,71,4708,30520
2026-02-05,18,2260,113,19,YT_LONG,603450,142800,5968,9767,747,1729,0,332,1525,3502
2026-02-05,18,2261,107,,YT_SHORT,1317060,253200,44000,1982,1736,1791,326250,21,632,600
2026-02-05,18,2262,108,,BLOG_DEV_DIARY,61492,249900,9512,2339,1746,2072,0,0,947,622
2026-02-05,18,2263,108,,BLOG_POST,97641,227700,5400,381,1649,1676,0,0,826,22022
2026-02-05,18,2264,110,,TT_VIDEO,876960,260700,85215,669,1653,1657,430220,16,993,950
2026-02-05,18,2265,111,,IG_REEL,856440,267300,48006,2103,4668,682,433680,13,530,839
2026-02-05,18,2266,108,,TT_VIDEO,1872720,152100,112575,1489,1331,1595,775180,17,404,1078
2026-02-05,18,2267,104,2,IG_POST,397656,246900,9558,931,1175,9120,0,0,889,1397
2026-02-05,18,2268,106,10,IG_POST,456624,197700,15408,1368,1716,3040,0,0,607,695
2026-02-05,18,2269,113,19,TT_TRENDING,2891700,2150400,67680,10236,15075,2066,2401200,10,3562,625
2026-02-05,19,2270,110,,IG_REEL,1165320,297600,46032,2504,11928,1263,244400,17,543,1106
2026-02-05,19,2271,110,,TT_VIDEO,1956960,287700,42845,1784,809,1474,497840,15,391,1094
2026-02-05,19,2272,107,,IG_STORY,923832,275100,6744,2101,1104,2453,0,0,383,3805
2026-02-05,19,2273,104,2,TT_VIDEO,1436400,129300,62700,785,1550,1993,760480,17,369,408
2026-02-05,20,2274,106,10,BLOG_DEV_DIARY,111708,265200,5272,862,695,1848,0,0,625,1174
2026-02-05,20,2275,108,,IG_REEL,620100,130500,18396,2266,5412,1549,250640,12,497,636
2026-02-05,20,2276,108,,YT_LONG,673920,174600,4720,8696,1764,2350,0,408,1813,4480
2026-02-05,20,2277,107,,IG_POST,226800,258600,17514,1445,1646,3743,0,0,416,466
2026-02-05,20,2278,114,30,TT_TRENDING,6060600,1590400,107820,10548,14625,1608,2201100,10,4875,439
2026-02-05,20,2279,104,2,YT_TRAILER,3915000,2018100,101320,2504,22400,15912,1056000,84,2423,28630
2026-02-05,20,2280,113,19,IG_STORY,615888,200400,6544,1100,1641,904,0,0,853,3885
2026-02-05,20,2281,111,,TT_VIDEO,1812240,254100,93290,1344,1098,2083,508620,15,952,1393
2026-02-06,12,2282,107,,IG_REEL,773370,247500,35742,2149,13164,1038,264160,12,405,984
2026-02-06,12,2283,108,,TT_TRENDING,5688900,2030000,130140,8136,26325,788,1887900,11,5083,1374
2026-02-06,12,2284,106,10,TT_TRENDING,5002200,2228800,194220,9000,32895,1760,957000,10,4173,1357
2026-02-06,12,2285,108,,YT_LONG,365310,268800,5352,2712,702,794,0,368,1195,8713
2026-02-06,12,2286,106,10,BLOG_DEV_DIARY,106801,228300,7456,667,827,2530,0,0,502,1111
2026-02-06,12,2287,111,,YT_TRAILER,4630500,1140300,41905,2255,28196,15714,1557600,69,4456,15645
2026-02-06,18,2288,108,,BLOG_DEV_DIARY,68904,274200,4744,2528,1278,1267,0,0,362,1249
2026-02-06,18,2289,107,,TT_TRENDING,4914000,2133600,138780,12552,39510,2541,2940600,10,5480,784
2026-02-06,18,2290,114,30,IG_STORY,441792,296700,5280,1938,1772,2000,0,0,627,3457
2026-02-06,18,2291,109,8,YT_TRAILER,4149000,2072700,39865,1107,12432,8244,858000,80,3738,37940
2026-02-06,18,2292,111,,YT_TRAILER,3217500,1661100,85765,1107,21728,7200,1854600,59,2297,23555
2026-02-06,18,2293,110,,BLOG_DEV_DIARY,80075,291000,7592,2594,1278,1874,0,0,787,1351
2026-02-06,18,2294,114,30,YT_SHORT,1240920,252000,18810,1503,1121,1245,750000,24,886,1439
2026-02-06,18,2295,107,,IG_REEL,586170,154200,20916,757,14388,854,305240,17,965,427
2026-02-06,18,2296,114,30,TT_TRENDING,3131100,1534400,58140,14256,49455,735,1116500,13,4966,595
2026-02-06,19,2297,108,,YT_SHORT,805140,229500,35695,1408,1334,1971,787500,34,589,559
2026-02-06,19,2298,108,,BLOG_DEV_DIARY,41760,282600,6120,704,509,1945,0,0,720,569
2026-02-06,19,2299,114,30,BLOG_DEV_DIARY,79448,242700,9072,1278,1035,1694,0,0,274,515
2026-02-06,19,2300,110,,IG_REEL,902070,234900,20118,2515,13248,2169,612040,15,809,1240
2026-02-06,19,2301,107,,BLOG_POST,141075,166800,5848,402,1598,1859,0,0,553,25058
2026-02-06,19,2302,106,10,TT_VIDEO,1756080,163200,80750,1894,1197,1773,875140,19,431,803
2026-02-06,20,2303,109,8,IG_POST,298368,213300,6012,1659,1401,5719,0,0,560,1042
2026-02-06,20,2304,104,2,BLOG_DEV_DIARY,107636,120300,6936,1648,1523,1872,0,0,957,506
2026-02-06,20,2305,109,8,IG_STORY,694512,203700,4288,702,1143,2222,0,0,326,1957
2026-02-06,20,2306,114,30,BLOG_POST,94563,124500,5240,300,1137,2295,0,0,616,18546
2026-02-06,20,2307,108,,IG_STORY,656136,135000,9504,2369,1266,1608,0,0,845,2314
2026-02-06,20,2308,107,,IG_REEL,985140,210000,14280,933,8196,1305,606840,11,645,1087
2026-02-06,20,2309,107,,TT_VIDEO,1311120,247500,71915,972,896,2116,882000,17,978,667
2026-02-06,20,2310,113,19,YT_LONG,528120,248100,6640,7140,1565,1016,0,255,866,5857
2026-02-06,20,2311,107,,YT_SHORT,659340,212400,38995,2270,1716,2548,343500,30,759,907
2026-02-07,12,2312,108,,IG_POST,268128,280800,11304,1423,1503,7144,0,0,792,755
2026-02-07,12,2313,109,8,YT_TRAILER,3213000,1803900,72930,1681,31276,8046,1995400,60,2016,12180
2026-02-07,12,2314,106,10,IG_REEL,1130220,192900,43008,821,5592,1738,178880,17,479,1388
2026-02-07,12,2315,108,,TT_TRENDING,4359600,1797600,208260,8508,32355,924,2424400,10,7124,713
2026-02-07,12,2316,104,2,IG_REEL,996840,226500,15498,1104,5832,1133,500760,13,348,992
2026-02-07,12,2317,110,,IG_STORY,465192,174000,7144,1747,692,1789,0,0,365,2436
2026-02-07,12,2318,114,30,IG_REEL,1207440,209400,14322,920,9804,871,309920,17,998,1368
2026-02-07,18,2319,113,19,YT_TRAILER,2295000,1896300,61795,1091,20104,9972,1546600,70,2558,23870
2026-02-07,18,2320,106,10,BLOG_POST,105507,169500,3432,334,749,2299,0,0,919,7832
2026-02-07,18,2321,104,2,YT_SHORT,1250640,136200,17215,2251,471,2257,770250,22,972,1019
2026-02-07,18,2322,107,,YT_SHORT,1108080,248700,64900,2202,1086,2178,578250,31,424,1322
2026-02-07,18,2323,107,,TT_TRENDING,4510800,2590000,182520,8448,41625,2081,1896600,12,5584,1025
2026-02-07,18,2324,109,8,YT_SHORT,1568160,152100,46090,2409,815,1445,711000,29,969,518
2026-02-07,18,2325,108,,YT_LONG,460080,196800,2432,9291,630,1045,0,297,2027,6596
2026-02-07,18,2326,109,8,TT_TRENDING,4649400,1559600,194940,11052,51075,1852,2801400,11,5239,922
2026-02-07,18,2327,111,,TT_TRENDING,4416300,1467200,132480,9804,38610,1177,3410400,9,2041,1348
2026-02-07,18,2328,114,30,TT_TRENDING,5222700,1458800,205560,7452,39420,1096,1542800,12,4667,931
2026-02-07,19,2329,104,2,IG_STORY,1000584,204900,9208,1432,1296,1555,0,0,291,3431
2026-02-07,19,2330,110,,TT_TRENDING,2860200,2223200,174960,9900,17640,2457,1229600,13,5005,743
2026-02-07,19,2331,107,,YT_LONG,588060,213900,4720,7888,1223,979,0,380,1121,8177
2026-02-07,19,2332,108,,TT_VIDEO,2121120,128100,72010,2398,753,2389,604660,16,796,766
2026-02-07,19,2333,106,10,IG_STORY,673920,202500,6664,972,1670,2097,0,0,405,1289
2026-02-07,19,2334,109,8,BLOG_POST,150309,271200,5560,221,1328,2251,0,0,971,22242
2026-02-07,19,2335,109,8,IG_STORY,594360,207000,6992,2460,756,697,0,0,502,3133
2026-02-07,20,2336,106,10,BLOG_DEV_DIARY,85399,147300,3840,1756,1197,1283,0,0,706,1195
2026-02-07,20,2337,113,19,YT_LONG,510300,257400,4680,8840,1485,2629,0,392,662,8551
2026-02-07,20,2338,108,,BLOG_DEV_DIARY,42908,136500,8408,1307,1652,2042,0,0,962,721
2026-02-07,20,2339,108,,TT_VIDEO,2017440,215100,89585,1406,578,1155,561540,15,902,1387
2026-02-07,20,2340,108,,YT_LONG,707130,246300,8560,3001,845,1929,0,297,1282,4667
2026-02-07,20,2341,104,2,YT_SHORT,788940,279600,57530,2101,1332,2259,543750,26,286,589
2026-02-07,20,2342,108,,IG_STORY,592488,164700,9384,1639,866,2178,0,0,921,4410
2026-02-07,20,2343,110,,YT_TRAILER,2826000,1083600,37145,1857,28112,21582,2138400,60,4381,17535
2026-02-07,20,2344,111,,BLOG_POST,86184,248100,5680,519,1005,2512,0,0,422,20548
2026-02-08,12,2345,110,,TT_TRENDING,6230700,1766800,135000,8964,48915,920,2888400,10,6325,869
2026-02-08,12,2346,106,10,YT_SHORT,1017360,149700,27720,1624,611,1122,432000,22,992,587
2026-02-08,12,2347,107,,YT_LONG,877230,260700,4520,5959,984,2609,0,267,1390,2576
2026-02-08,12,2348,108,,BLOG_POST,141759,123600,7792,396,1667,900,0,0,776,16808
2026-02-08,12,2349,111,,YT_TRAILER,3280500,961800,43775,1294,33068,15894,1014200,64,2654,16625
2026-02-08,18,2350,104,2,IG_STORY,834912,194100,4664,1778,590,2275,0,0,724,4809
2026-02-08,18,2351,114,30,BLOG_DEV_DIARY,98554,287100,2488,1760,1608,1833,0,0,797,1038
2026-02-08,18,2352,109,8,YT_TRAILER,3159000,1388100,101405,807,18172,18018,1040600,57,1814,21910
2026-02-08,18,2353,109,8,IG_POST,456624,218100,17118,2143,1737,5624,0,0,897,1381
2026-02-08,18,2354,108,,TT_TRENDING,6482700,2690800,189540,7440,47025,1505,1992300,9,2672,959
2026-02-08,18,2355,114,30,TT_VIDEO,1434240,248700,45410,2429,1032,1285,621320,20,947,977
2026-02-08,18,2356,110,,YT_SHORT,891000,236400,23265,2468,812,1630,394500,34,500,1205
2026-02-08,19,2357,107,,YT_SHORT,1242540,147600,29755,1338,1155,2297,528000,30,320,1236
2026-02-08,19,2358,109,8,BLOG_DEV_DIARY,99389,273900,6160,1445,1241,2422,0,0,775,866
2026-02-08,19,2359,107,,BLOG_POST,171855,234000,6216,267,1334,871,0,0,641,19162
2026-02-08,19,2360,108,,IG_STORY,418392,217200,8464,1720,1226,1036,0,0,585,4557
2026-02-08,19,2361,111,,IG_STORY,387504,216900,6208,2125,624,1780,0,0,790,1747
2026-02-08,19,2362,109,8,IG_REEL,473850,145200,34062,1498,7020,1663,258440,16,341,794
2026-02-08,19,2363,104,2,YT_TRAILER,1939500,1992900,73950,1478,10948,11178,1454200,82,3683,36050
2026-02-08,19,2364,110,,IG_POST,473256,268800,21150,2490,1469,3515,0,0,476,670
2026-02-08,19,2365,106,10,TT_TRENDING,5430600,2450000,167580,7896,45495,2262,2148900,11,7222,1091
2026-02-08,20,2366,114,30,BLOG_POST,96444,144300,9432,206,1649,1439,0,0,460,19338
2026-02-08,20,2367,109,8,TT_VIDEO,2121120,264600,96615,1175,1362,2636,382200,21,996,439
2026-02-08,20,2368,111,,YT_SHORT,1488780,171000,28600,843,848,1146,738000,27,770,564
2026-02-08,20,2369,109,8,IG_REEL,1099800,248700,12936,1769,8172,810,161200,13,788,559
2026-02-08,20,2370,110,,YT_TRAILER,2664000,1596000,61285,1954,8848,18774,1392600,71,1306,10990
2026-02-09,12,2371,110,,YT_LONG,337770,126900,7752,5661,1256,860,0,391,1642,7072
2026-02-09,12,2372,111,,TT_VIDEO,1890000,196200,62890,1008,1551,1069,561540,17,623,484
2026-02-09,12,2373,111,,YT_TRAILER,3145500,1495200,37570,1670,27636,17298,2431000,74,2071,21770
2026-02-09,12,2374,113,19,TT_TRENDING,3477600,2584400,189900,11160,16515,933,2279400,12,4362,733
2026-02-09,12,2375,113,19,BLOG_DEV_DIARY,68800,200100,6824,1910,1242,2539,0,0,406,1420
2026-02-09,12,2376,106,10,YT_SHORT,1425600,271500,46530,2444,1394,1815,876000,22,643,654
2026-02-09,12,2377,109,8,YT_SHORT,889380,285300,33000,1023,1547,1525,257250,24,382,385
2026-02-09,18,2378,106,10,BLOG_DEV_DIARY,46458,291900,5464,1382,1524,1782,0,0,429,738
2026-02-09,18,2379,113,19,IG_POST,531216,137400,15372,862,965,10317,0,0,597,686
2026-02-09,18,2380,108,,YT_LONG,650430,139500,6688,8917,681,1663,0,389,1840,5279
2026-02-09,18,2381,113,19,YT_LONG,420390,281400,8600,10183,539,1093,0,396,1332,6962
2026-02-09,18,2382,111,,IG_STORY,808704,141000,6488,2248,594,2574,0,0,807,2696
2026-02-09,18,2383,114,30,YT_SHORT,1137240,132300,43890,2427,675,1060,346500,35,469,1298
2026-02-09,18,2384,104,2,IG_STORY,764712,192600,6536,2572,770,2143,0,0,434,4200
2026-02-09,18,2385,114,30,IG_POST,451080,158700,6570,2471,672,2907,0,0,485,1169
2026-02-09,18,2386,108,,IG_STORY,735696,187500,4688,1701,459,757,0,0,937,4091
2026-02-09,18,2387,109,8,BLOG_DEV_DIARY,77987,210300,5776,2202,1179,1058,0,0,556,770
2026-02-09,19,2388,107,,TT_TRENDING,2646000,1825600,177840,11940,34200,1973,2070600,11,4804,1116
2026-02-09,19,2389,111,,YT_SHORT,900720,248100,59675,2510,873,1505,400500,35,944,1000
2026-02-09,19,2390,113,19,YT_LONG,450360,176700,9488,8118,1776,1758,0,376,842,6664
2026-02-09,19,2391,109,8,YT_SHORT,1299240,279300,16720,1703,954,1599,776250,32,873,1268
2026-02-09,19,2392,111,,YT_TRAILER,3046500,1094100,52615,1162,14560,21042,1746800,77,2373,15995
2026-02-09,19,2393,109,8,YT_LONG,566190,168900,9424,9954,584,671,0,407,1494,8925
2026-02-09,19,2394,108,,IG_STORY,802152,189300,3296,2438,632,1786,0,0,516,1714
2026-02-09,19,2395,110,,TT_VIDEO,1788480,254400,72200,1067,1401,2218,573300,21,322,464
2026-02-09,19,2396,109,8,BLOG_DEV_DIARY,71932,222300,2536,920,1038,1384,0,0,468,925
2026-02-09,20,2397,113,19,BLOG_POST,122265,198000,6760,161,1478,706,0,0,700,20020
2026-02-09,20,2398,104,2,IG_POST,291312,136800,19656,1811,1475,8465,0,0,730,854
2026-02-09,20,2399,107,,TT_VIDEO,1233360,287400,49210,2418,674,972,617400,18,934,426
2026-02-09,20,2400,106,10,BLOG_DEV_DIARY,93020,187200,9296,1120,1659,900,0,0,387,1342
2026-02-09,20,2401,113,19,IG_REEL,1137240,133200,43680,1881,12228,2218,212160,16,364,697
2026-02-10,12,2402,106,10,YT_LONG,709560,236700,7208,4811,1115,2354,0,301,1678,7395
2026-02-10,12,2403,113,19,BLOG_DEV_DIARY,91663,237300,2432,957,858,2578,0,0,337,1302
2026-02-10,12,2404,109,8,IG_STORY,1028664,190500,4328,1395,582,920,0,0,769,4330
2026-02-10,12,2405,109,8,YT_SHORT,787320,138000,57640,788,872,2086,395250,21,930,457
2026-02-10,12,2406,108,,TT_TRENDING,4120200,1677200,168300,8424,51750,746,2412800,13,2529,1318
2026-02-10,12,2407,107,,YT_LONG,558090,126300,6584,3485,1755,1344,0,420,2023,3893
2026-02-10,12,2408,108,,TT_VIDEO,976320,173700,55195,2090,980,1621,881020,21,972,816
2026-02-10,12,2409,104,2,IG_STORY,964080,175500,2480,876,1356,1423,0,0,896,2617
2026-02-10,12,2410,104,2,YT_SHORT,819720,127200,41305,2141,1185,1498,868500,33,543,420
2026-02-10,18,2411,110,,BLOG_POST,77463,207900,6944,495,1517,832,0,0,669,22088
2026-02-10,18,2412,110,,IG_POST,203112,269700,19836,704,1238,8864,0,0,865,1364
2026-02-10,18,2413,106,10,IG_REEL,556920,152700,21462,1109,5364,1346,310960,12,820,1090
2026-02-10,18,2414,109,8,IG_REEL,479700,231900,40572,1357,10428,1342,458120,12,695,558
2026-02-10,18,2415,113,19,BLOG_POST,86868,160500,8856,294,1334,1434,0,0,990,25982
2026-02-10,18,2416,114,30,TT_TRENDING,6003900,1808800,159840,11280,36675,2638,1838600,11,3530,918
2026-02-10,18,2417,108,,YT_LONG,358020,291000,3168,10158,1455,1654,0,340,1834,8840
2026-02-10,18,2418,110,,YT_TRAILER,2902500,1299900,72675,1465,11144,18036,2382600,81,2789,18900
2026-02-10,18,2419,108,,BLOG_DEV_DIARY,56689,263700,6840,2035,1401,1157,0,0,306,1416
2026-02-10,19,2420,106,10,BLOG_DEV_DIARY,110977,121500,3480,1503,879,2374,0,0,518,882
2026-02-10,19,2421,111,,IG_STORY,866736,290100,9120,1408,1026,2207,0,0,878,2360
2026-02-10,19,2422,107,,IG_REEL,487890,298200,37632,1637,8940,1894,253760,15,786,619
2026-02-10,19,2423,108,,YT_SHORT,1174500,211500,54010,851,1475,1547,534750,21,279,1132
2026-02-10,19,2424,113,19,TT_VIDEO,2250720,186900,32490,2006,1679,1098,503720,15,273,1385
2026-02-10,19,2425,111,,YT_SHORT,792180,265800,61270,2185,1193,794,759000,22,420,1222
2026-02-10,19,2426,114,30,TT_TRENDING,3843000,2371600,158760,6384,50490,1672,1409400,9,2509,1128
2026-02-10,19,2427,109,8,BLOG_POST,165870,135600,5424,148,1719,1410,0,0,502,11396
2026-02-10,19,2428,107,,YT_TRAILER,4549500,1467900,42755,2149,16016,18990,1773200,69,4234,31080
2026-02-10,19,2429,111,,YT_TRAILER,3960000,1182300,98770,1945,26012,17586,2050400,81,1869,29785
2026-02-10,19,2430,106,10,YT_TRAILER,2587500,1060500,35870,1916,26376,15012,2455200,81,2881,11200
2026-02-10,20,2431,104,2,YT_TRAILER,3001500,1123500,68170,741,21980,9396,1639000,63,4414,32655
2026-02-10,20,2432,111,,BLOG_DEV_DIARY,93751,120300,6560,1670,1704,1060,0,0,289,499
2026-02-10,20,2433,108,,YT_TRAILER,1867500,1509900,38505,1399,17500,14634,2019600,82,1487,30450
2026-02-10,20,2434,110,,IG_POST,374976,156900,8658,673,998,7762,0,0,893,1135
2026-02-11,12,2435,107,,IG_STORY,716976,224400,7376,1687,497,1166,0,0,502,3284
2026-02-11,12,2436,108,,IG_STORY,459576,231600,4024,735,833,2325,0,0,980,2915
2026-02-11,12,2437,110,,TT_VIDEO,1846800,149700,64410,2589,719,2136,895720,16,489,722
2026-02-11,12,2438,111,,TT_VIDEO,1728000,279600,37335,1514,693,2548,649740,18,636,1079
2026-02-11,12,2439,111,,IG_STORY,978120,240300,9472,1520,804,2185,0,0,304,2239
2026-02-11,12,2440,106,10,TT_TRENDING,2746800,2270800,183600,13776,44640,1192,2989900,13,3270,371
2026-02-11,12,2441,108,,TT_TRENDING,4284000,1302000,73800,4080,15750,1894,2871000,12,4433,1355
2026-02-11,18,2442,107,,IG_REEL,1228500,195900,29316,1643,6612,975,468000,12,530,1238
2026-02-11,18,2443,111,,TT_VIDEO,1980720,233400,34105,704,1449,2385,698740,13,757,430
2026-02-11,18,2444,113,19,YT_LONG,347490,132600,4224,8577,527,763,0,311,788,9316
2026-02-11,18,2445,109,8,BLOG_DEV_DIARY,107950,294000,2936,2119,566,1804,0,0,326,1187
2026-02-11,18,2446,114,30,BLOG_DEV_DIARY,55019,295800,4936,2246,776,1857,0,0,901,772
2026-02-11,19,2447,114,30,BLOG_DEV_DIARY,70261,259500,3304,1316,660,1564,0,0,1013,652
2026-02-11,19,2448,113,19,IG_POST,387072,265800,10530,1841,1640,4741,0,0,589,1248
2026-02-11,19,2449,108,,IG_POST,211680,187800,6570,2512,1619,11239,0,0,360,655
2026-02-11,19,2450,104,2,YT_TRAILER,4828500,1463700,65620,1069,20132,7578,1551000,72,4990,15295
2026-02-11,19,2451,104,2,YT_LONG,325620,289800,8560,6027,491,680,0,359,733,9563
2026-02-11,19,2452,114,30,YT_TRAILER,4131000,1134000,32130,2092,16492,16236,2389200,58,3675,20475
2026-02-11,19,2453,111,,IG_REEL,675090,274200,49266,2066,11652,873,422240,13,320,1129
2026-02-11,19,2454,114,30,TT_TRENDING,6709500,1612800,100800,12900,51750,1140,3346600,13,4602,1356
2026-02-11,20,2455,114,30,YT_TRAILER,2862000,1215900,53975,1151,27580,8208,1036200,66,2948,26285
2026-02-11,20,2456,104,2,BLOG_POST,166383,262800,4648,183,696,1544,0,0,413,11022
2026-02-11,20,2457,111,,IG_POST,348264,153900,18180,968,830,10232,0,0,993,715
2026-02-11,20,2458,107,,YT_TRAILER,1962000,1478400,50405,2130,24192,16434,899800,91,2436,15050
2026-02-11,20,2459,106,10,YT_LONG,676350,132900,7504,5338,1328,1646,0,268,590,5806
2026-02-11,20,2460,109,8,IG_POST,231336,189900,9720,977,1326,9405,0,0,351,1216
2026-02-11,20,2461,114,30,TT_TRENDING,2998800,1937600,103680,6600,22320,1291,1116500,12,4141,1144
2026-02-11,20,2462,110,,YT_LONG,759780,169500,3560,9138,1580,1624,0,342,761,3927
2026-02-12,12,2463,108,,TT_TRENDING,4063500,2402400,159660,13560,39645,2411,959900,11,4414,1380
2026-02-12,12,2464,107,,YT_TRAILER,4855500,1365000,82705,1496,21560,16146,1172600,83,4578,32585
2026-02-12,12,2465,113,19,TT_VIDEO,1734480,264600,39520,1657,780,673,657580,21,939,1289
2026-02-12,12,2466,107,,BLOG_POST,162108,174000,6280,524,1076,1885,0,0,491,18810
2026-02-12,12,2467,108,,BLOG_POST,75753,267300,4992,516,1607,1551,0,0,974,17886
2026-02-12,12,2468,109,8,TT_VIDEO,1535760,223500,51395,2427,1110,2167,836920,18,258,734
2026-02-12,18,2469,111,,BLOG_POST,129105,176100,8376,430,611,964,0,0,672,16280
2026-02-12,18,2470,111,,YT_SHORT,1093500,133200,36135,2427,587,1839,246000,24,915,590
2026-02-12,18,2471,109,8,YT_LONG,468180,147000,5176,8330,623,851,0,314,1348,5806
2026-02-12,18,2472,106,10,TT_TRENDING,6344100,1332800,165600,13320,46350,1159,3390100,10,3023,1166
2026-02-12,18,2473,111,,TT_VIDEO,1399680,172800,56240,1573,1404,1896,1017240,21,525,1272
2026-02-12,18,2474,106,10,IG_POST,461664,260700,21114,2614,1730,5719,0,0,848,706
2026-02-12,19,2475,111,,IG_STORY,810576,195600,2656,1973,933,739,0,0,733,3100
2026-02-12,19,2476,106,10,IG_REEL,1223820,197700,19908,1619,8676,1201,583440,12,525,859
2026-02-12,19,2477,113,19,YT_SHORT,1490400,222900,47795,2070,942,1432,853500,28,729,1229
2026-02-12,19,2478,107,,TT_TRENDING,4340700,2287600,164880,9828,43695,970,3424900,9,3900,1277
2026-02-12,19,2479,104,2,YT_TRAILER,4374000,1556100,65875,1012,18648,17802,2384800,65,2155,16450
2026-02-12,19,2480,108,,YT_TRAILER,3307500,1908900,52445,2116,20468,5796,2479400,92,4502,31710
2026-02-12,19,2481,106,10,YT_SHORT,1257120,223800,57695,2218,1724,746,558000,33,430,1178
2026-02-12,19,2482,108,,YT_SHORT,1733400,252000,36685,904,1337,1408,446250,31,420,942
2026-02-12,20,2483,110,,TT_TRENDING,4057200,1369200,129420,4140,15570,2259,899000,13,7404,946
2026-02-12,20,2484,111,,TT_TRENDING,5140800,1470000,89280,12336,38295,2565,3282800,12,4186,930
2026-02-12,20,2485,110,,YT_TRAILER,2682000,1388100,97410,1740,21504,20286,1386000,82,4019,18970
2026-02-12,20,2486,106,10,BLOG_POST,128592,164100,7352,282,936,1076,0,0,383,13332
2026-02-12,20,2487,106,10,BLOG_DEV_DIARY,114422,260100,2576,1912,1043,1296,0,0,431,542
2026-02-12,20,2488,107,,IG_POST,509040,154500,13806,1595,1652,7762,0,0,756,852
2026-02-12,20,2489,114,30,BLOG_DEV_DIARY,89158,242100,3656,814,902,1945,0,0,909,534
2026-02-13,12,2490,110,,YT_LONG,727380,126900,5256,2635,1502,823,0,255,1150,6239
2026-02-13,12,2491,109,8,IG_STORY,424008,217800,7176,2002,1626,1665,0,0,716,4414
2026-02-13,12,2492,109,8,YT_TRAILER,4734000,1493100,49810,2578,22988,7164,2433200,69,2251,12670
2026-02-13,12,2493,111,,TT_TRENDING,3458700,2276400,202860,6444,15750,684,2380900,8,4654,701
2026-02-13,12,2494,114,30,TT_TRENDING,4586400,2626400,201240,6084,18315,1555,2534600,9,5870,415
2026-02-13,12,2495,114,30,BLOG_POST,95589,122700,7704,198,1515,693,0,0,746,21230
2026-02-13,12,2496,107,,YT_TRAILER,3253500,1079400,58650,1219,18900,18576,2180200,62,2843,11060
2026-02-13,12,2497,106,10,TT_VIDEO,1432080,174000,88350,1144,1374,704,396900,15,282,1194
2026-02-13,12,2498,114,30,IG_POST,504000,242400,11286,1709,695,4133,0,0,793,988
2026-02-13,12,2499,106,10,TT_TRENDING,2639700,1458800,113580,5160,40500,2198,954100,11,7118,1224
2026-02-13,12,2500,107,,TT_VIDEO,1196640,239700,44650,2138,738,1584,531160,18,349,380
2026-02-13,18,2501,109,8,IG_POST,347760,199500,14328,2015,1190,7315,0,0,795,983
2026-02-13,18,2502,104,2,IG_REEL,601380,200700,24318,1426,5748,1430,496080,18,577,384
2026-02-13,18,2503,109,8,YT_SHORT,657720,128700,49555,1199,590,2044,271500,34,752,1372
2026-02-13,18,2504,104,2,BLOG_DEV_DIARY,88427,238500,6200,1690,1449,796,0,0,476,811
2026-02-13,18,2505,104,2,TT_VIDEO,1006560,153000,99370,1076,1052,1219,812420,20,634,1294
2026-02-13,18,2506,114,30,YT_LONG,567810,177600,6648,8160,936,2125,0,357,1859,4080
2026-02-13,19,2507,113,19,BLOG_POST,178353,250500,9072,255,1104,1296,0,0,986,15686
2026-02-13,19,2508,106,10,YT_SHORT,856980,217800,45925,1003,1083,2325,452250,29,602,1184
2026-02-13,19,2509,107,,TT_VIDEO,2373840,260400,49495,1437,1553,1280,507640,21,516,425
2026-02-13,19,2510,109,8,IG_POST,545328,189300,21366,986,480,4000,0,0,660,910
2026-02-13,19,2511,109,8,TT_VIDEO,2343600,177300,38570,1164,1323,1978,560560,19,797,1072
2026-02-13,19,2512,114,30,IG_POST,265104,187200,18918,741,492,7714,0,0,575,590
2026-02-13,19,2513,104,2,BLOG_DEV_DIARY,86130,280500,2624,2031,1617,1670,0,0,714,1356
2026-02-13,19,2514,114,30,BLOG_POST,150309,260700,3160,521,1578,2594,0,0,821,15312
2026-02-13,20,2515,110,,YT_TRAILER,4090500,1266300,35785,1038,21000,11448,908600,59,1592,13440
2026-02-13,20,2516,113,19,TT_VIDEO,1864080,159600,63270,1188,723,1828,914340,15,641,938
2026-02-13,20,2517,114,30,YT_LONG,358020,185400,8464,10073,977,1705,0,292,997,2559
2026-02-13,20,2518,108,,IG_POST,382032,201900,16344,2435,1064,10631,0,0,590,1361
2026-02-13,20,2519,106,10,TT_TRENDING,3742200,1184400,84240,11844,21960,1148,3250900,10,2548,690
2026-02-13,20,2520,114,30,IG_POST,430920,134100,8100,2556,1326,6337,0,0,854,1061
2026-02-13,20,2521,114,30,TT_TRENDING,5367600,2506000,178380,13140,28440,1762,2856500,11,2594,1025
2026-02-13,20,2522,114,30,YT_SHORT,1142100,179700,55440,1602,545,667,741750,30,1006,1192
2026-02-14,12,2523,111,,YT_TRAILER,3555000,1988700,25755,2116,28616,12906,2057000,73,2356,34685
2026-02-14,12,2524,110,,BLOG_DEV_DIARY,78509,262800,4744,1731,986,1254,0,0,456,812
2026-02-14,12,2525,110,,BLOG_POST,108927,161400,2904,190,752,1894,0,0,542,22418
2026-02-14,12,2526,107,,BLOG_DEV_DIARY,79657,249000,5944,946,821,1091,0,0,300,965
2026-02-14,12,2527,107,,IG_STORY,816192,130800,3160,1606,1587,1901,0,0,638,3121
2026-02-14,12,2528,111,,IG_STORY,477360,177900,3704,856,1164,1195,0,0,615,2390
2026-02-14,12,2529,110,,YT_SHORT,845640,131700,48565,1936,1527,1250,746250,25,524,1205
2026-02-14,12,2530,104,2,IG_REEL,1275300,237000,41622,2625,8640,2587,538200,12,489,732
2026-02-14,12,2531,109,8,YT_SHORT,865080,172800,48235,1514,608,2209,738750,23,839,576
2026-02-14,12,2532,114,30,IG_STORY,843336,183300,4728,2037,749,2413,0,0,368,2205
2026-02-14,18,2533,107,,BLOG_POST,116793,130800,6448,323,1503,1122,0,0,593,6996
2026-02-14,18,2534,107,,YT_SHORT,1657260,155700,29315,2325,1148,746,567750,30,813,953
2026-02-14,18,2535,110,,YT_SHORT,1317060,278700,34925,1701,504,1883,777000,29,595,438
2026-02-14,18,2536,111,,YT_LONG,560520,184200,6864,8900,1592,997,0,417,1109,5406
2026-02-14,18,2537,106,10,IG_STORY,813384,172500,6616,2103,866,2460,0,0,726,1382
2026-02-14,18,2538,113,19,IG_STORY,700128,164400,8768,825,585,2422,0,0,550,3016
2026-02-14,19,2539,108,,BLOG_DEV_DIARY,54810,163800,6056,2244,1644,2134,0,0,298,733
2026-02-14,19,2540,107,,TT_TRENDING,4221000,2007600,208620,7416,46125,1815,1780600,11,5629,1428
2026-02-14,19,2541,111,,YT_TRAILER,2943000,1969800,79560,1960,27804,6318,1397000,90,2827,35630
2026-02-14,19,2542,113,19,YT_LONG,634230,299400,3856,9384,816,1487,0,268,2021,3842
2026-02-14,19,2543,107,,YT_SHORT,1573020,203400,42240,1056,1142,972,797250,23,428,1292
2026-02-14,19,2544,109,8,YT_LONG,503820,225600,4960,7115,1671,1335,0,412,1665,8441
2026-02-14,19,2545,113,19,BLOG_POST,143811,298200,6896,327,1154,1837,0,0,499,15950
2026-02-14,19,2546,108,,TT_VIDEO,1803600,162300,96805,1034,786,1899,1143660,15,923,1087
2026-02-14,20,2547,104,2,YT_TRAILER,4486500,892500,39950,1159,32340,6480,1262800,58,1705,16100
2026-02-14,20,2548,109,8,TT_TRENDING,4378500,1831200,96300,5724,37845,2336,2731800,14,3114,578
2026-02-14,20,2549,108,,TT_VIDEO,1702080,189300,103550,2585,1419,2101,778120,20,863,761
2026-02-14,20,2550,106,10,YT_TRAILER,3843000,1955100,82620,1707,25676,19188,1876600,66,1898,22680
2026-02-14,20,2551,111,,IG_REEL,1270620,298200,19782,812,7992,1151,608920,15,848,625
2026-02-14,20,2552,108,,TT_TRENDING,4567500,1932000,81180,9480,44325,1234,1487700,11,5044,958
2026-02-14,20,2553,106,10,IG_STORY,980928,162000,3768,726,1664,1001,0,0,600,2037
2026-02-14,20,2554,110,,IG_STORY,873288,212400,5616,2537,1671,680,0,0,590,3717
2026-02-14,20,2555,109,8,TT_VIDEO,2276640,295800,109820,2061,1154,1927,1163260,20,292,601
2026-02-14,20,2556,107,,TT_TRENDING,6375600,2500400,205740,4020,53190,2266,2262000,13,4518,1264
2026-02-14,20,2557,110,,YT_TRAILER,3847500,842100,32300,1098,13356,5832,1051600,91,4238,15750
2026-02-14,20,2558,111,,TT_VIDEO,1192320,265800,91390,2000,1652,2079,1170120,21,542,448
2026-02-15,12,2559,113,19,BLOG_DEV_DIARY,77047,195000,7680,774,1643,2418,0,0,983,942
2026-02-15,12,2560,114,30,YT_SHORT,673920,245700,20350,937,879,1104,536250,27,640,720
2026-02-15,12,2561,104,2,BLOG_POST,118845,250500,7792,156,755,1932,0,0,452,19338
2026-02-15,18,2562,114,30,BLOG_DEV_DIARY,52826,205500,8600,1091,1716,1762,0,0,461,1308
2026-02-15,18,2563,107,,IG_POST,474768,157800,10782,1049,1598,6755,0,0,891,668
2026-02-15,18,2564,110,,YT_SHORT,850500,298200,50270,840,1565,1278,880500,32,507,646
2026-02-15,18,2565,114,30,YT_SHORT,942840,209700,29645,1628,1491,1846,477000,23,883,1049
2026-02-15,18,2566,108,,BLOG_POST,101061,287700,7296,394,1700,783,0,0,802,18326
2026-02-15,18,2567,113,19,IG_REEL,504270,176700,27804,1729,13140,1881,404040,15,846,1440
2026-02-15,18,2568,104,2,BLOG_POST,144666,123300,3624,275,1325,1786,0,0,553,13816
2026-02-15,18,2569,113,19,YT_LONG,803520,139500,2832,6928,1688,1118,0,396,1831,6826
2026-02-15,18,2570,114,30,IG_POST,244440,173100,13644,948,885,4522,0,0,737,1135
2026-02-15,18,2571,114,30,TT_TRENDING,3647700,1450400,94140,13644,13545,1032,3224800,13,5512,1218
2026-02-15,19,2572,107,,YT_LONG,421200,209700,9592,7251,791,1971,0,369,722,3655
2026-02-15,19,2573,111,,BLOG_POST,145350,140100,9024,520,836,1993,0,0,706,16940
2026-02-15,19,2574,108,,YT_LONG,574290,162000,5544,3740,1473,735,0,349,1868,3791
2026-02-15,19,2575,106,10,TT_TRENDING,3345300,1512000,95400,13296,22185,2356,1786400,10,7631,1350
2026-02-15,19,2576,108,,BLOG_DEV_DIARY,58986,218400,2520,1483,1433,1478,0,0,397,1234
2026-02-15,19,2577,104,2,BLOG_DEV_DIARY,42804,281400,2976,1736,1133,2211,0,0,561,433
2026-02-15,19,2578,113,19,YT_LONG,699840,295800,2408,9393,626,2363,0,387,2095,8024
2026-02-15,19,2579,114,30,BLOG_DEV_DIARY,48128,149700,4608,2457,464,2097,0,0,804,1361
2026-02-15,19,2580,113,19,BLOG_POST,97128,205800,5216,302,1146,1324,0,0,504,9482
2026-02-15,20,2581,113,19,BLOG_DEV_DIARY,109202,237600,6400,1274,965,2407,0,0,599,370
2026-02-15,20,2582,108,,YT_TRAILER,2362500,1675800,87975,1012,16940,12186,2578400,93,1722,13090
2026-02-15,20,2583,108,,IG_REEL,1188720,183000,35532,1984,12348,1461,202800,11,450,1105
2026-02-15,20,2584,107,,IG_REEL,936000,273000,17220,2561,6252,862,464360,12,748,1073
2026-02-15,20,2585,107,,IG_STORY,908856,149700,3072,2112,1392,1729,0,0,800,2974
2026-02-15,20,2586,111,,IG_REEL,783900,281700,28770,2453,4704,1406,327600,14,834,389
2026-02-15,20,2587,104,2,YT_SHORT,1359180,222000,59840,1071,966,915,622500,29,264,1140
2026-02-16,12,2588,106,10,BLOG_DEV_DIARY,84146,142500,3320,1610,1718,768,0,0,988,725
2026-02-16,12,2589,104,2,YT_SHORT,1607040,288000,59455,1630,530,2471,634500,28,949,1416
2026-02-16,12,2590,114,30,BLOG_DEV_DIARY,82685,239700,7336,1349,671,1082,0,0,369,618
2026-02-16,12,2591,111,,IG_POST,338184,134400,13590,2088,1727,8056,0,0,547,1249
2026-02-16,12,2592,110,,YT_TRAILER,4567500,1520400,65620,2268,29708,12024,1493800,78,1436,35770
2026-02-16,12,2593,113,19,YT_TRAILER,2668500,886200,39780,1745,19348,12402,1216600,73,4645,13440
2026-02-16,18,2594,107,,BLOG_POST,150309,154800,8280,280,771,2105,0,0,751,11110
2026-02-16,18,2595,108,,BLOG_DEV_DIARY,49277,220500,9480,1375,914,961,0,0,858,697
2026-02-16,18,2596,113,19,TT_VIDEO,1991520,254700,37810,2103,935,693,474320,20,960,706
2026-02-16,18,2597,110,,IG_POST,416304,171600,10728,1936,1640,4370,0,0,970,852
2026-02-16,18,2598,111,,TT_VIDEO,2080080,248400,66215,1855,1466,1954,617400,15,900,961
2026-02-16,18,2599,113,19,TT_TRENDING,4214700,1526000,134280,3792,31500,1054,1473200,14,6591,1247
2026-02-16,18,2600,110,,YT_LONG,839160,228300,5736,3553,1028,1219,0,350,1726,5772
2026-02-16,18,2601,108,,TT_VIDEO,1598400,141600,40945,1736,845,2072,1091720,19,743,402
2026-02-16,18,2602,113,19,IG_POST,297864,228000,5436,2603,1194,10241,0,0,789,390
2026-02-16,18,2603,106,10,TT_TRENDING,4214700,2461200,91800,12912,50445,2460,3001500,13,2600,781
2026-02-16,19,2604,111,,YT_SHORT,751680,168900,64625,766,596,1597,513750,25,830,832
2026-02-16,19,2605,113,19,YT_TRAILER,2659500,1919400,80835,1241,27300,7812,1656600,74,2390,35175
2026-02-16,19,2606,104,2,IG_POST,285264,227700,12186,2196,1250,5919,0,0,546,1200
2026-02-16,19,2607,108,,IG_REEL,1070550,298500,14994,860,13728,1756,199680,17,326,1144
2026-02-16,19,2608,107,,BLOG_DEV_DIARY,47920,238800,4584,1940,1463,2510,0,0,462,859
2026-02-16,19,2609,110,,IG_STORY,638352,212700,5760,1049,1640,1773,0,0,847,4948
2026-02-16,19,2610,113,19,YT_SHORT,1733400,299700,21230,2000,1098,1670,864000,23,689,1352
2026-02-16,19,2611,113,19,BLOG_DEV_DIARY,77360,237300,3168,1104,1514,1945,0,0,901,401
2026-02-16,19,2612,106,10,BLOG_DEV_DIARY,103043,177000,7880,2125,978,1868,0,0,562,1162
2026-02-16,19,2613,107,,IG_STORY,928512,172800,4728,1214,509,2490,0,0,258,2587
2026-02-16,19,2614,114,30,YT_LONG,721710,299700,2648,4174,1311,2259,0,275,1579,5364
2026-02-16,19,2615,104,2,BLOG_POST,112518,287100,6616,447,983,2581,0,0,624,17776
2026-02-16,19,2616,107,,BLOG_POST,167238,289800,6888,404,1229,1740,0,0,641,21802
2026-02-16,19,2617,108,,BLOG_POST,177669,120300,5848,177,816,2196,0,0,842,21582
2026-02-16,19,2618,113,19,BLOG_POST,83106,260100,8568,199,1064,1679,0,0,317,21516
2026-02-16,20,2619,108,,YT_TRAILER,3253500,1803900,55335,774,10836,18216,2261600,92,4032,15925
2026-02-16,20,2620,108,,IG_STORY,753480,180000,3016,810,1350,895,0,0,508,2268
2026-02-16,20,2621,110,,BLOG_POST,101232,243600,4856,251,1473,2273,0,0,741,15906
2026-02-17,12,2622,106,10,IG_STORY,789984,167400,5832,1258,848,1771,0,0,882,4603
2026-02-17,12,2623,104,2,YT_SHORT,1673460,204300,24200,1672,1667,1773,726750,28,645,641
2026-02-17,12,2624,108,,IG_REEL,673920,253800,41160,1844,11856,1005,574080,13,448,439
2026-02-17,18,2625,106,10,YT_SHORT,1479060,240300,65890,2341,1061,1450,830250,30,398,916
2026-02-17,18,2626,108,,TT_VIDEO,1321920,148800,41040,2490,1470,2273,313600,19,385,1141
2026-02-17,18,2627,108,,YT_TRAILER,2974500,1442700,37655,1929,11900,14940,2334200,70,3877,24500
2026-02-17,18,2628,110,,YT_LONG,878850,229200,2464,5134,788,1982,0,366,1629,4556
2026-02-17,18,2629,110,,YT_TRAILER,3195000,1054200,45305,1630,11816,9180,1196800,65,4805,29540
2026-02-17,19,2630,114,30,YT_LONG,787320,205500,2992,3995,1656,713,0,350,655,4786
2026-02-17,19,2631,104,2,TT_VIDEO,1963440,137400,62225,1553,1251,1861,578200,17,856,1366
2026-02-17,19,2632,108,,YT_TRAILER,2448000,1381800,89080,2233,17444,16830,1284800,68,4628,32725
2026-02-17,19,2633,114,30,IG_POST,231840,238200,17064,664,1728,10593,0,0,526,556
2026-02-17,20,2634,113,19,IG_POST,351792,139500,19008,2433,668,10564,0,0,591,1008
2026-02-17,20,2635,106,10,YT_TRAILER,4266000,1950900,49810,1113,13272,14040,800800,67,3578,31325
2026-02-17,20,2636,107,,YT_TRAILER,3514500,1488900,67490,675,24248,14778,2173600,78,2104,20020
2026-02-17,20,2637,108,,IG_STORY,702936,259200,7712,2534,1728,2026,0,0,927,4561
2026-02-18,12,2638,113,19,YT_TRAILER,2205000,1646400,88230,1747,9492,17856,2409000,76,4952,13195
2026-02-18,12,2639,104,2,TT_TRENDING,2564100,2704800,65700,10824,41895,1846,2673800,11,5389,655
2026-02-18,12,2640,113,19,BLOG_POST,84303,244800,6296,177,498,1998,0,0,294,18502
2026-02-18,12,2641,107,,IG_POST,487368,253500,19440,1225,1410,10593,0,0,487,649
2026-02-18,12,2642,107,,IG_STORY,706680,165000,9192,1791,681,1505,0,0,816,2537
2026-02-18,12,2643,108,,YT_LONG,823770,187800,9352,8721,1316,1863,0,382,1195,8806
2026-02-18,12,2644,107,,TT_TRENDING,5399100,2534000,195660,3792,25380,2229,3033400,10,6175,1132
2026-02-18,12,2645,104,2,TT_VIDEO,2196720,288300,97850,1797,576,2042,1041740,20,401,944
2026-02-18,18,2646,107,,IG_STORY,855504,227700,3080,1003,705,1901,0,0,425,4179
2026-02-18,18,2647,108,,TT_VIDEO,2121120,151500,89300,1135,1655,2257,623280,13,978,1040
2026-02-18,18,2648,110,,YT_LONG,562950,148800,5448,9792,687,1971,0,311,1886,7684
2026-02-18,18,2649,113,19,YT_LONG,780840,200100,7640,5338,1658,2209,0,333,1201,6256
2026-02-18,19,2650,108,,IG_STORY,598104,153600,5664,1208,899,1888,0,0,788,3969
2026-02-18,19,2651,108,,BLOG_DEV_DIARY,95108,139200,8840,1575,1235,992,0,0,740,1366
2026-02-18,19,2652,104,2,BLOG_POST,94221,268200,8384,304,1362,2431,0,0,306,14124
2026-02-18,19,2653,104,2,IG_REEL,538200,143100,14070,1760,13200,2099,481000,16,691,419
2026-02-18,19,2654,113,19,IG_REEL,567450,288600,16800,1305,12192,1032,234000,11,757,1355
2026-02-18,19,2655,113,19,YT_TRAILER,2470500,930300,30940,1483,22932,7740,1799600,82,3662,18270
2026-02-18,19,2656,106,10,BLOG_DEV_DIARY,82998,252000,3176,763,1689,2581,0,0,866,421
2026-02-18,19,2657,107,,YT_LONG,832680,299700,2560,7319,1088,2528,0,265,1588,8322
2026-02-18,19,2658,110,,IG_POST,410256,174000,9504,2279,1578,10279,0,0,547,593
2026-02-18,20,2659,104,2,TT_VIDEO,1261440,218100,91675,2565,668,1696,459620,13,898,1026
2026-02-18,20,2660,107,,IG_REEL,934830,206700,30282,1769,4260,2079,186160,17,592,599
2026-02-18,20,2661,114,30,IG_REEL,1040130,221100,41286,2539,3768,2363,352040,11,704,403
2026-02-18,20,2662,114,30,BLOG_POST,178182,177600,9304,309,1086,1120,0,0,377,15444
2026-02-18,20,2663,108,,TT_TRENDING,3326400,2088800,83700,12732,21105,2314,2992800,9,2041,416
2026-02-18,20,2664,108,,YT_LONG,535410,207300,7880,3570,1532,2127,0,337,1321,6452
2026-02-18,20,2665,104,2,YT_TRAILER,3888000,1820700,52445,1980,23072,7092,1584000,63,1588,12390
2026-02-18,20,2666,113,19,BLOG_DEV_DIARY,72349,140700,3288,689,951,1126,0,0,264,1019
2026-02-19,12,2667,108,,YT_TRAILER,4149000,1906800,87210,1949,9072,10998,983400,81,2243,40495
2026-02-19,12,2668,106,10,YT_TRAILER,4504500,978600,47685,1993,17500,15462,1458600,88,4939,14630
2026-02-19,18,2669,108,,IG_STORY,789984,146100,9344,1813,705,2493,0,0,742,4931
2026-02-19,18,2670,108,,TT_TRENDING,6318900,2116800,95580,6252,49545,1670,3358200,14,4466,550
2026-02-19,18,2671,104,2,BLOG_POST,142956,126900,3456,270,1110,1078,0,0,547,18546
2026-02-19,18,2672,113,19,YT_SHORT,1577880,254100,60665,878,1661,2229,241500,27,377,1375
2026-02-19,18,2673,106,10,IG_POST,232848,122400,13806,1976,894,10412,0,0,729,847
2026-02-19,18,2674,113,19,BLOG_POST,146889,255900,8352,391,816,2440,0,0,954,12496
2026-02-19,18,2675,104,2,YT_SHORT,1203660,294300,33825,2273,464,1423,510000,27,904,1177
2026-02-19,18,2676,114,30,BLOG_POST,186390,279000,8032,483,1434,1606,0,0,468,17424
2026-02-19,19,2677,113,19,TT_VIDEO,1563840,173700,109440,2356,810,1148,994700,21,780,1188
2026-02-19,19,2678,113,19,BLOG_DEV_DIARY,48546,135300,7480,1454,1326,981,0,0,463,670
2026-02-19,19,2679,104,2,YT_TRAILER,4644000,963900,38845,2235,19740,20646,783200,77,3746,40355
2026-02-19,19,2680,114,30,IG_POST,381528,242700,8730,1111,1400,7410,0,0,264,878
2026-02-19,19,2681,104,2,YT_LONG,675540,171600,9080,7251,1089,2585,0,261,1730,4233
2026-02-19,19,2682,110,,TT_VIDEO,2326320,215700,63840,2167,525,2433,1023120,14,580,449
2026-02-19,20,2683,107,,TT_VIDEO,1330560,262200,107825,1597,876,1894,1021160,19,477,770
2026-02-19,20,2684,108,,BLOG_POST,147402,227700,3360,167,1406,1342,0,0,255,11858
2026-02-20,12,2685,108,,IG_STORY,616824,196500,6256,2277,729,1888,0,0,656,3066
2026-02-20,12,2686,106,10,YT_SHORT,1574640,210900,30635,1201,1062,1122,257250,34,568,476
2026-02-20,12,2687,113,19,BLOG_POST,169632,135300,3056,314,800,2037,0,0,590,15400
2026-02-20,12,2688,104,2,IG_STORY,628992,252000,9224,1329,1136,1848,0,0,924,4511
2026-02-20,12,2689,113,19,IG_REEL,762840,221700,28980,1602,6696,2605,495560,18,500,436
2026-02-20,12,2690,104,2,TT_TRENDING,3383100,1873200,66240,13860,23445,1683,3480000,14,6832,1193
2026-02-20,12,2691,110,,TT_VIDEO,1697760,290400,39995,1654,1446,2442,502740,20,521,1368
2026-02-20,12,2692,106,10,IG_REEL,669240,298500,46872,2057,8748,1221,296920,14,363,1123
2026-02-20,12,2693,114,30,BLOG_DEV_DIARY,108054,279900,8072,1971,1127,944,0,0,914,1274
2026-02-20,12,2694,114,30,IG_REEL,1097460,213000,44940,1819,10260,1786,535080,15,587,1106
2026-02-20,12,2695,113,19,YT_LONG,368550,249900,3968,9197,1257,1434,0,330,1476,4140
2026-02-20,12,2696,104,2,BLOG_DEV_DIARY,110664,298200,7912,2486,597,2053,0,0,698,1097
2026-02-20,18,2697,110,,IG_POST,232848,179700,8766,1239,1349,7135,0,0,476,362
2026-02-20,18,2698,114,30,TT_VIDEO,967680,138900,87210,695,1625,2130,1093680,14,694,806
2026-02-20,18,2699,106,10,YT_TRAILER,2812500,928200,91800,904,20272,14058,2640000,57,4628,21490
2026-02-20,18,2700,106,10,BLOG_DEV_DIARY,50947,177900,7592,924,1313,2086,0,0,819,1234
2026-02-20,19,2701,113,19,YT_SHORT,1163160,143100,22550,1043,888,2341,260250,31,999,750
2026-02-20,19,2702,106,10,TT_VIDEO,1527120,187500,101840,1632,1434,2369,531160,20,541,868
2026-02-20,19,2703,107,,TT_TRENDING,3515400,2480800,84240,7836,15975,2328,2801400,9,3530,707
2026-02-20,19,2704,113,19,IG_POST,396648,263700,7020,1329,450,6023,0,0,972,614
2026-02-20,19,2705,108,,IG_STORY,877968,276000,5704,1687,683,2405,0,0,915,4011
2026-02-20,20,2706,108,,IG_POST,552384,168300,12492,805,503,7439,0,0,858,1393
2026-02-20,20,2707,107,,BLOG_DEV_DIARY,95526,228000,3272,893,1331,1327,0,0,694,1292
2026-02-20,20,2708,106,10,BLOG_POST,92853,242700,2584,304,1008,2504,0,0,828,25410
2026-02-20,20,2709,108,,BLOG_POST,128763,158400,6576,257,1793,997,0,0,878,10142
2026-02-20,20,2710,108,,YT_TRAILER,2862000,1215900,87210,1342,32340,17784,2263800,65,1567,34860
2026-02-20,20,2711,114,30,YT_SHORT,1616760,298500,29260,1778,747,2237,661500,31,551,1104
2026-02-20,20,2712,108,,YT_LONG,651240,285000,5336,6596,1077,906,0,339,1631,3409
2026-02-20,20,2713,108,,TT_VIDEO,2010960,143700,86830,2354,852,777,532140,15,716,1246
2026-02-20,20,2714,107,,YT_SHORT,1330020,123300,47025,1830,1155,2343,632250,25,439,438
2026-02-20,20,2715,107,,TT_TRENDING,5575500,1850800,174960,12660,44730,891,1023700,12,7475,474
2026-02-20,20,2716,114,30,IG_POST,513072,156300,12492,2545,1641,7287,0,0,618,1249
2026-02-20,20,2717,110,,BLOG_POST,115596,194700,8720,243,1718,827,0,0,695,23980
2026-02-21,12,2718,110,,IG_POST,354312,276300,21348,880,1589,8189,0,0,881,505
2026-02-21,12,2719,110,,YT_TRAILER,4194000,1350300,90525,1949,25172,20034,2041600,73,2150,31955
2026-02-21,12,2720,108,,IG_STORY,737568,267300,5536,1318,761,2486,0,0,765,1386
2026-02-21,12,2721,106,10,IG_POST,236880,211200,6732,2361,957,7771,0,0,883,683
2026-02-21,18,2722,110,,YT_SHORT,1744740,295500,64405,2475,767,785,467250,24,954,878
2026-02-21,18,2723,107,,IG_STORY,674856,137400,4880,1456,1718,1538,0,0,604,4502
2026-02-21,18,2724,108,,TT_VIDEO,1734480,124200,99085,2297,1688,2592,762440,18,495,523
2026-02-21,18,2725,106,10,BLOG_POST,165015,202800,2568,392,1218,904,0,0,355,16654
2026-02-21,19,2726,114,30,TT_TRENDING,4882500,1251600,196200,7452,15525,2314,971500,13,4355,740
2026-02-21,19,2727,113,19,TT_VIDEO,1719360,207300,79895,1184,1199,2413,1151500,21,780,911
2026-02-21,19,2728,114,30,YT_LONG,481950,239100,5792,7676,755,1549,0,399,2101,2593
2026-02-21,19,2729,113,19,IG_STORY,931320,264300,4648,1025,1163,2031,0,0,663,2633
2026-02-21,19,2730,108,,BLOG_DEV_DIARY,46980,126900,5264,2006,1074,1252,0,0,792,1146
2026-02-21,19,2731,113,19,YT_TRAILER,2061000,1688400,101660,2246,31332,20538,2477200,79,4700,37905
2026-02-21,19,2732,108,,YT_LONG,889380,253800,3264,4029,1794,1069,0,317,1674,7438
2026-02-21,20,2733,110,,BLOG_DEV_DIARY,74228,259800,8784,2136,687,1186,0,0,427,547
2026-02-21,20,2734,113,19,YT_TRAILER,2268000,2018100,96220,1485,25648,14580,1757800,87,4868,15365
2026-02-21,20,2735,108,,IG_POST,482328,192300,16164,1395,1242,9434,0,0,633,370
2026-02-21,20,2736,106,10,BLOG_POST,172881,164700,7872,157,1028,1544,0,0,559,17402
2026-02-22,12,2737,113,19,BLOG_POST,95931,247500,4848,216,1163,2147,0,0,433,17116
2026-02-22,12,2738,113,19,IG_REEL,917280,193500,39480,1912,9564,1993,479440,11,495,556
2026-02-22,12,2739,110,,IG_STORY,537264,148500,4032,697,1626,926,0,0,867,2533
2026-02-22,12,2740,106,10,BLOG_DEV_DIARY,107010,201300,2448,922,1566,1287,0,0,876,1400
2026-02-22,12,2741,106,10,IG_REEL,692640,138600,42882,1302,4524,920,563160,15,611,1246
2026-02-22,12,2742,107,,YT_LONG,334530,234000,9408,7472,1047,1727,0,386,1148,4199
2026-02-22,12,2743,108,,BLOG_POST,148941,198000,4528,534,869,1747,0,0,661,15202
2026-02-22,12,2744,114,30,YT_SHORT,1496880,200400,35310,2420,690,1254,859500,23,942,1268
2026-02-22,18,2745,110,,TT_VIDEO,1728000,226800,53105,1991,1547,759,450800,17,327,373
2026-02-22,18,2746,114,30,YT_SHORT,942840,252600,48455,667,1184,2224,373500,32,463,1430
2026-02-22,18,2747,106,10,BLOG_POST,106533,237300,6776,154,1287,1707,0,0,527,11044
2026-02-22,18,2748,114,30,TT_VIDEO,1907280,246300,58140,684,1220,1225,462560,15,556,775
2026-02-22,18,2749,113,19,IG_STORY,748800,194700,9136,1791,731,1032,0,0,755,2713
2026-02-22,19,2750,104,2,YT_LONG,532980,242100,4888,4199,674,1670,0,335,1429,6554
2026-02-22,19,2751,106,10,YT_SHORT,1197180,299100,50985,2633,779,2033,418500,34,1017,948
2026-02-22,19,2752,114,30,TT_VIDEO,2049840,265500,103455,2530,1631,937,1154440,22,811,882
2026-02-22,20,2753,106,10,YT_LONG,839970,231000,6472,9342,1695,763,0,299,657,2754
2026-02-22,20,2754,107,,IG_STORY,599040,239100,3232,2042,1319,1646,0,0,989,4439
2026-02-22,20,2755,104,2,IG_POST,219240,250200,16470,2222,572,11315,0,0,747,962
2026-02-22,20,2756,107,,BLOG_DEV_DIARY,97301,129900,4520,744,1035,1432,0,0,365,580
2026-02-22,20,2757,110,,YT_TRAILER,3753000,1682100,61455,2609,20104,10980,1900800,76,2113,14420
2026-02-23,12,2758,110,,YT_TRAILER,2628000,1077300,50830,1159,8540,5706,805200,89,2398,13860
2026-02-23,12,2759,106,10,YT_TRAILER,1881000,1696800,75565,2398,24304,6912,954800,60,1613,18865
2026-02-23,12,2760,114,30,TT_TRENDING,6879600,1517600,104580,14376,34740,1648,2926100,11,5707,1099
2026-02-23,12,2761,108,,YT_LONG,565380,139500,3072,8696,1431,1870,0,258,805,8687
2026-02-23,12,2762,114,30,IG_REEL,1042470,207000,30576,1034,13056,1692,280280,14,1000,660
2026-02-23,12,2763,104,2,IG_STORY,494208,155400,6840,1019,1733,1133,0,0,789,4796
2026-02-23,18,2764,106,10,IG_STORY,386568,251400,6784,1665,1470,871,0,0,995,3440
2026-02-23,18,2765,106,10,IG_POST,548856,288000,12654,2028,1613,7106,0,0,866,362
2026-02-23,18,2766,114,30,IG_REEL,471510,174600,45276,2517,12864,1223,536640,13,264,734
2026-02-23,18,2767,113,19,IG_STORY,974376,222300,3960,2257,614,1470,0,0,470,1520
2026-02-23,18,2768,104,2,TT_TRENDING,2765700,2349200,199260,5388,38295,1685,2978300,9,4622,982
2026-02-23,18,2769,108,,IG_REEL,861120,219300,49686,2640,9372,1470,242840,12,457,1241
2026-02-23,18,2770,114,30,YT_LONG,348300,285300,3112,3664,1407,1569,0,349,1539,4123
2026-02-23,18,2771,107,,BLOG_DEV_DIARY,71618,277800,9168,1291,519,755,0,0,520,799
2026-02-23,19,2772,104,2,IG_POST,436968,153600,14310,2365,887,10992,0,0,361,551
2026-02-23,19,2773,107,,IG_POST,339192,181200,6372,1454,1436,8683,0,0,898,646
2026-02-23,19,2774,110,,TT_TRENDING,6640200,1288000,166680,13584,37305,1723,1078800,10,6910,703
2026-02-23,19,2775,113,19,BLOG_DEV_DIARY,93334,268500,3400,1309,1548,1500,0,0,316,392
2026-02-23,19,2776,108,,YT_TRAILER,2110500,871500,45390,2024,32816,12474,1157200,66,3944,34405
2026-02-23,19,2777,113,19,TT_VIDEO,2073600,277500,70395,763,1332,2497,833000,17,994,672
2026-02-23,20,2778,104,2,IG_REEL,484380,159300,49644,1054,13368,2345,369200,13,507,1202
2026-02-23,20,2779,113,19,BLOG_POST,174591,258300,9544,454,1065,1452,0,0,358,22550
2026-02-23,20,2780,114,30,YT_TRAILER,1890000,1463700,98175,1120,13272,14076,957000,75,1562,23450
2026-02-23,20,2781,106,10,BLOG_DEV_DIARY,71932,188700,6928,2339,866,1395,0,0,260,697
2026-02-23,20,2782,106,10,YT_LONG,612360,187500,6288,9801,1115,1074,0,339,952,4072
2026-02-23,20,2783,114,30,YT_SHORT,1342980,244200,49775,950,1188,1734,738000,30,600,544
2026-02-23,20,2784,104,2,BLOG_DEV_DIARY,103565,167700,6160,1093,1607,832,0,0,712,1235
2026-02-23,20,2785,108,,YT_SHORT,1249020,152700,26290,1382,1224,1544,837750,32,432,1316
2026-02-24,12,2786,114,30,TT_TRENDING,5184900,2066400,201600,6672,50895,1690,1368800,10,7371,784
2026-02-24,12,2787,110,,YT_LONG,623700,235500,8296,3443,699,1474,0,256,688,3910
2026-02-24,12,2788,104,2,YT_SHORT,944460,202500,18755,682,1715,2497,900000,34,305,814
2026-02-24,12,2789,110,,YT_SHORT,1555200,194100,52690,1516,1598,2178,477000,25,485,1366
2026-02-24,12,2790,106,10,YT_TRAILER,3172500,1669500,39695,1335,27272,9882,2323200,59,1949,34160
2026-02-24,18,2791,113,19,BLOG_DEV_DIARY,83311,164700,3920,2528,981,2468,0,0,519,738
2026-02-24,18,2792,113,19,IG_STORY,665496,158400,8112,1430,1694,1481,0,0,264,4355
2026-02-24,18,2793,110,,YT_SHORT,1054620,162600,26345,1604,1596,1962,510000,31,694,1426
2026-02-24,18,2794,107,,IG_POST,342720,150000,10962,1588,641,8246,0,0,386,769
2026-02-24,18,2795,108,,YT_TRAILER,2236500,1474200,63920,1351,15400,12942,943800,79,1554,27090
2026-02-24,18,2796,114,30,TT_VIDEO,1855440,171900,99085,1085,1338,1949,618380,15,555,1420
2026-02-24,18,2797,110,,YT_LONG,673110,297300,8056,5576,675,2097,0,307,1192,5228
2026-02-24,19,2798,107,,BLOG_DEV_DIARY,67651,181500,4768,1142,1635,2116,0,0,380,833
2026-02-24,19,2799,106,10,IG_POST,264096,143700,10170,2317,1331,2955,0,0,723,481
2026-02-24,19,2800,107,,IG_STORY,925704,275400,5912,777,962,2473,0,0,893,1819
2026-02-24,19,2801,113,19,IG_POST,356328,297900,17820,1624,1121,3696,0,0,832,584
2026-02-24,20,2802,104,2,YT_LONG,384750,254400,7712,6282,1334,2383,0,375,1807,9852
2026-02-24,20,2803,110,,BLOG_DEV_DIARY,59821,276300,8992,2563,584,719,0,0,941,1309
2026-02-24,20,2804,104,2,IG_STORY,838656,255900,2648,1978,1421,2438,0,0,406,4742
2026-02-25,12,2805,114,30,BLOG_POST,120384,133800,6872,177,684,770,0,0,782,14278
2026-02-25,12,2806,107,,TT_VIDEO,2270160,270900,46170,2182,861,2429,1159340,19,823,1180
2026-02-25,12,2807,110,,BLOG_DEV_DIARY,64102,232500,6064,1373,897,2266,0,0,649,1334
2026-02-25,12,2808,113,19,IG_STORY,427752,150600,3376,2136,1136,1813,0,0,981,5040
2026-02-25,12,2809,107,,BLOG_DEV_DIARY,69530,225900,8984,713,1340,667,0,0,490,539
2026-02-25,12,2810,106,10,BLOG_DEV_DIARY,62536,229800,5784,1115,1083,2400,0,0,337,1121
2026-02-25,18,2811,110,,IG_POST,405720,221700,20880,1844,1148,8208,0,0,927,1228
2026-02-25,18,2812,114,30,YT_LONG,824580,214500,3536,6605,1707,2253,0,321,641,3239
2026-02-25,18,2813,106,10,YT_SHORT,1603800,295800,54340,2477,1353,2154,534000,33,493,1435
2026-02-25,18,2814,107,,IG_REEL,547560,250800,33264,957,7284,2594,547040,11,297,697
2026-02-25,18,2815,104,2,TT_VIDEO,898560,170400,94430,2046,1214,1390,750680,15,698,700
2026-02-25,19,2816,106,10,IG_POST,475272,167700,19692,796,579,10792,0,0,566,424
2026-02-25,19,2817,114,30,YT_SHORT,1598940,199800,23980,1008,1272,950,716250,29,605,1349
2026-02-25,19,2818,110,,IG_POST,462168,243000,7488,816,1595,7477,0,0,832,1048
2026-02-25,19,2819,113,19,YT_LONG,835110,123900,4168,5831,1091,2532,0,379,1076,3273
2026-02-25,19,2820,110,,BLOG_DEV_DIARY,95630,192000,7464,1668,606,667,0,0,496,421
2026-02-25,20,2821,108,,IG_STORY,770328,288600,2792,823,900,1551,0,0,622,1537
2026-02-25,20,2822,113,19,YT_LONG,585630,188400,7208,4539,1647,1962,0,380,1472,4913
2026-02-25,20,2823,113,19,IG_POST,276192,126000,20538,741,1110,6280,0,0,826,916
2026-02-25,20,2824,110,,YT_TRAILER,1800000,1610700,97495,2002,33404,18846,2112000,83,2113,15295
2026-02-26,12,2825,114,30,TT_TRENDING,6117300,2158800,141660,13248,43920,2207,3404600,9,7384,1328
2026-02-26,12,2826,107,,YT_SHORT,946080,287400,44110,1874,498,2136,578250,22,845,950
2026-02-26,12,2827,108,,YT_SHORT,1274940,165600,45265,2042,1704,920,571500,21,698,510
2026-02-26,18,2828,107,,TT_TRENDING,6155100,2385600,126720,8688,38070,2594,1017900,9,7033,773
2026-02-26,18,2829,106,10,YT_LONG,746010,168900,4920,9809,704,2070,0,303,1247,5398
2026-02-26,18,2830,107,,IG_REEL,1086930,162600,28014,1338,10824,2022,561080,12,879,510
2026-02-26,18,2831,106,10,IG_REEL,967590,274500,25998,1866,10596,2259,382200,12,266,736
2026-02-26,18,2832,106,10,TT_VIDEO,1237680,196800,96710,680,1469,2244,1171100,17,408,518
2026-02-26,18,2833,113,19,IG_POST,387576,236700,14094,882,531,5748,0,0,359,448
2026-02-26,18,2834,107,,BLOG_DEV_DIARY,49068,178500,7344,2158,560,1357,0,0,541,1403
2026-02-26,18,2835,106,10,YT_SHORT,784080,134400,63140,1019,1110,1463,416250,30,638,528
2026-02-26,18,2836,114,30,IG_STORY,495144,120900,3416,2105,1451,1830,0,0,490,3167
2026-02-26,18,2837,108,,YT_SHORT,1461240,178200,52965,2169,930,2444,450750,25,343,1067
2026-02-26,19,2838,113,19,YT_SHORT,1117800,219000,56375,1375,1496,2451,401250,26,999,376
2026-02-26,19,2839,108,,BLOG_DEV_DIARY,103878,295800,9128,2339,951,1577,0,0,807,725
2026-02-26,19,2840,113,19,TT_TRENDING,6407100,1873200,66600,8460,29565,823,3442300,11,5818,935
2026-02-26,19,2841,107,,TT_TRENDING,2860200,1881600,127620,10404,45720,2048,1244100,11,7729,551
2026-02-26,20,2842,106,10,IG_STORY,633672,286800,2496,1102,1326,1621,0,0,752,2906
2026-02-26,20,2843,108,,BLOG_DEV_DIARY,46354,282300,5008,1679,1701,1452,0,0,732,628
2026-02-26,20,2844,106,10,YT_LONG,680400,129600,3600,7514,1629,1987,0,395,837,5542
2026-02-26,20,2845,114,30,BLOG_DEV_DIARY,111708,243900,4320,981,1433,2017,0,0,281,592
2026-02-26,20,2846,106,10,IG_REEL,544050,138300,19950,1173,6960,2136,572520,12,328,1375
2026-02-26,20,2847,107,,IG_STORY,864864,212100,7600,2255,1658,2541,0,0,326,1999
2026-02-27,12,2848,113,19,BLOG_DEV_DIARY,62744,258300,5896,2435,989,2541,0,0,575,1098
2026-02-27,12,2849,108,,IG_POST,234360,169800,8568,2202,1536,5786,0,0,830,1234
2026-02-27,12,2850,106,10,IG_POST,458640,129300,14022,763,539,10536,0,0,574,1390
2026-02-27,12,2851,107,,YT_LONG,345870,121200,5384,9971,522,1437,0,413,747,5653
2026-02-27,12,2852,108,,YT_TRAILER,4027500,1209600,70210,1626,21392,19620,1271600,59,2617,30905
2026-02-27,18,2853,110,,BLOG_POST,87210,222000,3128,420,1632,2515,0,0,574,25190
2026-02-27,18,2854,106,10,IG_REEL,552240,226500,32466,2332,7788,922,529880,17,621,665
2026-02-27,18,2855,106,10,TT_VIDEO,2060640,240900,98230,1833,1610,955,1081920,19,336,449
2026-02-27,18,2856,108,,YT_SHORT,1401300,285900,28710,1313,545,1298,687000,28,956,727
2026-02-27,19,2857,104,2,IG_STORY,699192,261900,6272,1905,978,1307,0,0,549,1491
2026-02-27,19,2858,113,19,BLOG_DEV_DIARY,47711,243300,2880,2545,978,1113,0,0,258,920
2026-02-27,19,2859,107,,BLOG_DEV_DIARY,93020,199800,5320,2367,1640,1712,0,0,934,780
2026-02-27,20,2860,106,10,BLOG_DEV_DIARY,74750,292500,3040,880,1500,915,0,0,704,1204
2026-02-27,20,2861,106,10,YT_TRAILER,2830500,1039500,81345,708,17444,18900,2015200,90,2570,40215
2026-02-27,20,2862,104,2,IG_STORY,790920,133500,3096,2306,1466,2303,0,0,564,2974
2026-02-27,20,2863,106,10,IG_STORY,1005264,152100,9200,2422,1002,2548,0,0,1017,2407
2026-02-27,20,2864,108,,TT_VIDEO,2112480,243300,74955,1313,1388,1947,1134840,18,932,876
2026-02-28,12,2865,104,2,YT_TRAILER,3978000,1247400,100810,1866,22428,17406,1687400,59,4183,20650
2026-02-28,12,2866,108,,TT_VIDEO,926640,206400,96805,1388,1097,1617,825160,13,330,1088
2026-02-28,12,2867,110,,IG_STORY,730080,286200,3624,1487,977,2248,0,0,1011,3037
2026-02-28,12,2868,108,,IG_POST,488880,129300,18990,1331,1742,4608,0,0,530,878
2026-02-28,12,2869,113,19,IG_STORY,781560,167700,6680,752,1548,1307,0,0,270,3574
2026-02-28,18,2870,107,,BLOG_POST,76950,292200,4600,178,812,1624,0,0,1013,12452
2026-02-28,18,2871,108,,YT_LONG,437400,191100,4968,9622,978,2306,0,343,1253,2746
2026-02-28,19,2872,113,19,BLOG_POST,71307,172500,9320,351,719,2323,0,0,348,21846
2026-02-28,19,2873,107,,YT_LONG,810810,231000,4632,2916,756,2070,0,336,2144,7285
2026-02-28,19,2874,108,,IG_POST,297864,236700,19746,2160,761,7885,0,0,1001,1397
2026-02-28,19,2875,113,19,IG_POST,520632,225300,12582,1626,1001,3943,0,0,774,974
2026-02-28,19,2876,107,,IG_STORY,1013688,246600,3000,1091,1001,1553,0,0,485,3562
2026-02-28,19,2877,108,,BLOG_POST,163134,191100,2960,479,830,1815,0,0,339,23496
2026-02-28,20,2878,110,,IG_POST,522144,135000,17910,1430,764,2869,0,0,560,433
2026-02-28,20,2879,113,19,YT_LONG,626940,160200,3576,9223,933,2534,0,357,997,6987
2026-03-01,12,2880,112,,IG_POST,323064,126000,19422,2570,1748,10241,0,0,411,402
2026-03-01,12,2881,107,,TT_TRENDING,6186600,1800400,97020,13632,32355,726,2340300,13,5922,384
2026-03-01,12,2882,112,,YT_TRAILER,2812500,1446900,48875,2198,33040,9882,776600,89,3931,25515
2026-03-01,12,2883,107,,TT_VIDEO,2278800,283500,111245,2088,1701,1390,489020,15,1011,440
2026-03-01,18,2884,110,,TT_TRENDING,5619600,1122800,125640,14388,30330,1927,913500,11,7514,1174
2026-03-01,18,2885,106,10,IG_STORY,511056,225900,8936,1734,1637,865,0,0,416,1873
2026-03-01,18,2886,110,,IG_STORY,511056,130500,2512,1773,1299,1115,0,0,949,2764
2026-03-01,18,2887,107,,IG_POST,266616,203100,10188,913,909,5491,0,0,288,1076
2026-03-01,18,2888,107,,BLOG_DEV_DIARY,97301,182400,4296,1676,923,2253,0,0,686,1319
2026-03-01,18,2889,112,,TT_VIDEO,1209600,249000,81510,1588,1389,2361,1048600,19,266,1076
2026-03-01,19,2890,107,,BLOG_DEV_DIARY,103774,162600,3552,807,758,1879,0,0,812,714
2026-03-01,19,2891,107,,TT_TRENDING,5266800,2245600,149040,4368,19170,1626,1650100,12,7391,1166
2026-03-01,19,2892,106,10,BLOG_POST,103797,193500,3768,175,648,1078,0,0,973,19096
2026-03-01,19,2893,107,,IG_REEL,1139580,281700,18858,1241,4548,2341,568880,16,732,1267
2026-03-01,19,2894,110,,YT_LONG,648810,264900,3272,7582,1034,2541,0,420,1795,7353
2026-03-01,19,2895,107,,YT_LONG,346680,162900,3952,2584,1139,1888,0,368,1624,9223
2026-03-01,20,2896,107,,IG_REEL,1240200,136200,14154,2200,4128,766,470600,15,623,833
2026-03-01,20,2897,110,,YT_LONG,773550,241500,9584,6715,603,1753,0,384,815,8101
2026-03-01,20,2898,112,,IG_REEL,480870,261300,37338,1201,8784,992,611520,18,1014,1255
2026-03-01,20,2899,107,,TT_TRENDING,2772000,1408400,91260,10020,27315,882,1679100,14,6546,1231
2026-03-02,12,2900,108,,YT_SHORT,538200,246000,40810,2365,1641,1588,890250,29,976,784
2026-03-02,18,2901,112,,BLOG_DEV_DIARY,41470,269700,5424,2532,842,2024,0,0,957,527
2026-03-02,19,2902,110,,IG_REEL,596700,147600,27006,2253,11640,1619,208000,15,372,1159
2026-03-02,19,2903,106,10,BLOG_DEV_DIARY,39324,241500,3112,2299,1136,2369,0,0,527,930
2026-03-02,19,2904,112,,TT_VIDEO,934800,256500,39330,1093,1256,2332,867300,21,592,1301
2026-03-02,19,2905,106,10,TT_VIDEO,1078800,147000,66215,2204,1508,2055,343980,20,717,983
2026-03-02,20,2906,112,,BLOG_POST,59470,194100,3552,349,1344,1577,0,0,438,9878
2026-03-03,12,2907,110,,IG_REEL,455000,222600,20118,1740,9912,1124,436800,16,958,684
2026-03-03,12,2908,107,,IG_REEL,629200,210600,31122,860,4668,1714,616200,14,1019,750
2026-03-03,18,2909,110,,TT_VIDEO,668400,174000,64030,1025,1439,1399,1111320,13,261,532
2026-03-03,19,2910,108,,BLOG_POST,67640,133800,3624,242,1304,2563,0,0,689,13420
2026-03-03,20,2911,108,,IG_REEL,421200,121800,17220,1604,10716,1714,476320,14,764,1330
2026-03-03,20,2912,110,,BLOG_POST,83410,267000,5832,148,1280,2424,0,0,683,17160
2026-03-03,20,2913,107,,BLOG_POST,66880,180900,5112,302,515,933,0,0,564,7238
2026-03-04,12,2914,106,10,TT_TRENDING,1862000,1414000,174240,14340,47475,889,2618700,10,2106,827
2026-03-04,12,2915,112,,IG_POST,227920,172200,5940,733,1050,8066,0,0,964,380
2026-03-04,18,2916,106,10,IG_REEL,596700,185100,22764,1243,14364,2422,522600,14,683,948
2026-03-04,18,2917,107,,YT_SHORT,776700,231900,23980,1217,1158,1195,882000,31,942,1032
2026-03-04,18,2918,112,,YT_SHORT,404100,292800,40535,2306,1382,1929,565500,27,587,678
2026-03-04,20,2919,110,,IG_REEL,360100,295500,42252,1426,11652,1707,569920,13,394,1201
2026-03-04,20,2920,108,,TT_VIDEO,674400,134700,83790,1287,1340,2488,1093680,20,1008,688
2026-03-04,20,2921,108,,IG_REEL,544050,214500,26250,1707,9720,1470,317200,14,376,434
2026-03-04,20,2922,107,,IG_STORY,376480,246300,3344,871,459,1978,0,0,723,1491
2026-03-05,12,2923,112,,IG_REEL,544050,245400,47166,1250,10584,2636,373880,17,519,794
2026-03-05,19,2924,112,,YT_LONG,439200,136200,7936,4607,1535,1228,0,318,754,7293
2026-03-05,19,2925,106,10,TT_VIDEO,620400,200100,99275,2365,1695,2598,990780,21,666,1196
2026-03-05,19,2926,108,,BLOG_DEV_DIARY,32074,159000,5648,1481,1244,2303,0,0,524,1052
2026-03-05,20,2927,108,,IG_REEL,365300,153300,23730,1159,8916,1813,563680,14,445,1296
2026-03-05,20,2928,110,,IG_REEL,668850,171600,38094,2092,6732,1945,496080,12,295,977
2026-03-05,20,2929,106,10,TT_TRENDING,2250500,2780400,126000,7536,19125,1852,3279900,13,7768,1411
2026-03-06,12,2930,108,,YT_SHORT,896400,183900,35640,2526,888,1443,852000,27,583,596
2026-03-06,12,2931,108,,IG_POST,306880,177300,11286,1782,1398,5254,0,0,545,1358
2026-03-06,12,2932,107,,BLOG_DEV_DIARY,23838,224100,4888,2380,1617,2446,0,0,989,832
2026-03-06,12,2933,108,,BLOG_DEV_DIARY,47850,142200,6088,2255,962,1830,0,0,823,1384
2026-03-06,19,2934,112,,TT_TRENDING,2352000,2111200,99540,13800,22050,979,3027600,9,7553,835
2026-03-06,19,2935,107,,BLOG_DEV_DIARY,50808,180600,2432,2380,485,1885,0,0,710,1076
2026-03-06,19,2936,107,,YT_TRAILER,2692500,1121400,50915,2006,16716,19674,1526800,93,4217,22960
2026-03-06,20,2937,112,,YT_LONG,455400,158400,8696,5398,701,1305,0,360,770,5551
2026-03-07,12,2938,107,,TT_VIDEO,768000,219900,36765,1382,1776,1833,494900,17,992,1138
2026-03-07,12,2939,112,,TT_VIDEO,883200,168000,85215,1349,1755,1670,489020,20,401,872
2026-03-07,12,2940,112,,TT_TRENDING,2880500,1769600,103860,4944,20295,2050,3172600,9,3822,671
2026-03-07,12,2941,110,,YT_SHORT,757800,153300,29040,2508,1689,1879,397500,27,303,1120
2026-03-07,19,2942,110,,IG_STORY,245440,271500,5320,2295,498,1564,0,0,848,4133
2026-03-07,19,2943,110,,TT_VIDEO,816000,247800,59850,1580,1734,942,1038800,14,264,866
2026-03-07,20,2944,110,,IG_STORY,507520,249000,3560,968,1077,2191,0,0,682,2801
2026-03-07,20,2945,110,,YT_LONG,354150,254100,7384,3052,1100,1399,0,371,1638,4097
2026-03-07,20,2946,107,,TT_TRENDING,3069500,2324000,120780,5832,44595,1551,2067700,10,3920,934
2026-03-08,12,2947,106,10,YT_LONG,384750,143100,7208,3681,1154,2130,0,383,1973,6681
2026-03-08,12,2948,110,,TT_VIDEO,1107600,249900,68875,1619,849,2607,680120,15,369,400
2026-03-08,18,2949,108,,BLOG_POST,60895,242400,8384,342,855,981,0,0,329,7700
2026-03-08,18,2950,110,,IG_POST,306880,192600,7776,2345,1067,11372,0,0,966,1340
2026-03-08,18,2951,110,,BLOG_POST,45030,168300,5016,153,1197,2130,0,0,877,21494
2026-03-08,18,2952,112,,YT_TRAILER,1072500,1197000,39355,2310,12264,19602,2382600,64,2974,34895
2026-03-08,18,2953,107,,IG_REEL,609700,135300,28602,2471,5832,1646,376480,12,582,1165
2026-03-08,20,2954,108,,BLOG_DEV_DIARY,61886,152700,9552,2156,533,1650,0,0,354,1104
2026-03-09,12,2955,108,,YT_LONG,316350,256800,8992,4701,612,1445,0,345,1521,6715
2026-03-09,18,2956,110,,TT_TRENDING,3573500,1285200,182520,6228,44550,1492,1972000,14,6377,1289
2026-03-09,18,2957,108,,YT_SHORT,509400,201000,62040,1243,1784,1443,623250,22,605,1357
2026-03-09,19,2958,110,,YT_SHORT,767700,131700,60830,1511,1641,2416,287250,22,944,1328
2026-03-10,18,2959,106,10,BLOG_POST,68970,266100,6472,290,1058,1320,0,0,1017,17248
2026-03-10,18,2960,112,,YT_TRAILER,1552500,1010100,64175,2515,19768,8604,2028400,93,4851,14245
2026-03-10,19,2961,106,10,IG_POST,201320,262500,6390,1650,1637,7239,0,0,673,1048
2026-03-11,12,2962,112,,TT_VIDEO,1302000,192900,107730,1503,867,2361,1176000,19,637,1276
2026-03-11,12,2963,108,,YT_TRAILER,1542500,1310400,60350,2383,19908,13032,2332000,91,3188,38185
2026-03-11,12,2964,112,,TT_TRENDING,1977500,1674400,58860,11700,22950,1058,2447600,14,6858,1294
2026-03-11,19,2965,110,,IG_POST,253400,241200,13590,2015,1431,3430,0,0,570,442
2026-03-11,20,2966,112,,BLOG_POST,57190,171300,4088,485,1403,1151,0,0,956,11308
2026-03-11,20,2967,112,,YT_SHORT,747900,180600,59785,1003,900,2354,270750,33,277,901
2026-03-12,12,2968,108,,BLOG_DEV_DIARY,54230,276300,2456,1012,1752,1102,0,0,513,1099
2026-03-12,18,2969,107,,IG_STORY,524160,174600,5928,2193,1277,1109,0,0,600,4607
2026-03-12,19,2970,112,,BLOG_POST,102410,210300,2808,293,1515,1489,0,0,337,13178
2026-03-12,19,2971,106,10,IG_REEL,661050,198600,21294,788,10776,1786,329680,18,697,1056
2026-03-12,20,2972,112,,YT_SHORT,771300,257400,52745,972,473,2477,426750,26,859,1075
2026-03-12,20,2973,110,,BLOG_POST,38855,256500,3136,346,701,2057,0,0,899,20174
2026-03-13,12,2974,110,,IG_STORY,473720,228000,4312,691,1229,1756,0,0,308,4985
2026-03-13,18,2975,110,,IG_POST,301280,260100,18090,755,1091,4342,0,0,913,1030
2026-03-13,18,2976,108,,IG_REEL,693550,151200,43008,2321,7992,1412,297440,14,303,530
2026-03-13,18,2977,110,,IG_REEL,390000,223500,31374,972,3732,986,297960,17,674,932
2026-03-13,18,2978,106,10,YT_LONG,371700,228600,6152,6647,1070,2616,0,380,1854,7472
2026-03-13,20,2979,110,,BLOG_DEV_DIARY,51040,269400,4840,2123,1763,1734,0,0,988,1267
2026-03-14,12,2980,112,,BLOG_POST,66690,229200,7736,354,698,1819,0,0,952,22528
2026-03-14,12,2981,108,,BLOG_POST,96995,291000,3488,330,1406,1938,0,0,700,17138
2026-03-14,18,2982,112,,BLOG_POST,38855,214500,2864,255,974,2625,0,0,715,9592
2026-03-14,18,2983,108,,IG_STORY,289640,120300,4912,2075,1428,893,0,0,306,2104
2026-03-14,18,2984,110,,IG_STORY,349960,128400,6688,2066,1170,1263,0,0,320,4666
2026-03-14,18,2985,106,10,YT_SHORT,718200,186900,21725,1793,887,2545,812250,26,824,599
2026-03-14,19,2986,112,,BLOG_DEV_DIARY,45878,120000,2576,2178,1364,2396,0,0,580,910
2026-03-14,20,2987,108,,TT_TRENDING,3710000,2564800,156780,5820,37755,693,1606600,14,4667,1380
2026-03-15,12,2988,108,,BLOG_POST,151848,165000,3464,432,797,2402,0,0,728,13970
2026-03-15,12,2989,110,,BLOG_DEV_DIARY,56585,221100,2448,2534,683,1338,0,0,845,1102
2026-03-15,12,2990,112,,IG_STORY,845208,173400,4984,1624,1296,818,0,0,608,1714
2026-03-15,12,2991,110,,TT_TRENDING,2696400,1814400,56520,12384,31905,1410,1470300,14,5876,844
2026-03-15,12,2992,108,,TT_TRENDING,4145400,2419200,138780,8844,27675,1120,901900,11,3744,560
2026-03-15,12,2993,106,10,IG_STORY,997776,292200,7376,2493,732,1707,0,0,722,1331
2026-03-15,12,2994,108,,TT_VIDEO,1464480,125700,30210,2292,810,2303,1147580,17,354,950
2026-03-15,18,2995,112,,TT_VIDEO,2043360,275700,54720,1349,1295,1021,408660,19,644,1255
2026-03-15,18,2996,108,,YT_TRAILER,3690000,2022300,80920,1137,15568,12492,1507000,63,1659,31535
2026-03-15,18,2997,106,10,IG_POST,257544,268200,17820,2215,1181,6337,0,0,510,1276
2026-03-15,18,2998,110,,YT_TRAILER,4135500,1476300,53550,2585,26572,20916,1009800,78,4927,25025
2026-03-15,18,2999,108,,YT_SHORT,1735020,205200,19745,1144,1010,2149,650250,32,951,1363
2026-03-15,18,3000,110,,BLOG_DEV_DIARY,47084,151500,4352,2587,1101,2633,0,0,397,616
2026-03-15,18,3001,108,,BLOG_POST,129447,128400,6784,400,1029,2033,0,0,1013,19624
2026-03-15,19,3002,106,10,IG_REEL,1188720,201900,31752,1221,7152,1888,612040,12,331,890
2026-03-15,19,3003,107,,IG_REEL,1002690,231000,23310,1989,5328,1624,323960,14,674,1172
2026-03-15,19,3004,110,,YT_TRAILER,2623500,1887900,39270,1041,13608,13644,1436600,85,2474,12355
2026-03-15,20,3005,107,,BLOG_DEV_DIARY,59612,288600,4800,1452,935,1038,0,0,904,1300
2026-03-15,20,3006,110,,YT_LONG,849690,188100,2704,7616,1023,2402,0,292,905,2746
2026-03-15,20,3007,107,,TT_VIDEO,2175120,212100,49115,1445,821,1443,332220,20,680,804
2026-03-15,20,3008,106,10,IG_REEL,727740,262200,38976,2380,7836,783,564200,13,279,738
2026-03-15,20,3009,106,10,TT_TRENDING,4529700,1652000,177300,12768,34020,2215,2786900,12,5512,416
2026-03-16,12,3010,110,,TT_TRENDING,5695200,2441600,113220,11652,30330,2167,3091400,14,5304,515
2026-03-16,12,3011,107,,IG_REEL,1049490,297900,46704,898,11916,840,481000,18,910,1160
2026-03-16,18,3012,110,,YT_LONG,365310,218400,2808,3621,612,1753,0,280,1454,4301
2026-03-16,18,3013,110,,TT_VIDEO,2168640,162600,62510,942,653,1263,760480,18,1017,1435
2026-03-16,18,3014,106,10,IG_REEL,1256580,168300,39480,2246,7428,1925,198120,15,374,582
2026-03-16,20,3015,110,,YT_LONG,891000,149700,8456,4361,728,2114,0,287,1913,5653
2026-03-16,20,3016,110,,IG_STORY,1013688,159300,3328,1767,776,1349,0,0,529,3070
2026-03-17,12,3017,107,,IG_REEL,981630,143100,39774,1219,13032,961,189800,12,741,1369
2026-03-17,12,3018,112,,IG_REEL,720720,240600,26544,2116,6552,999,385320,14,485,474
2026-03-17,12,3019,110,,YT_LONG,449550,270900,5504,7319,1116,2482,0,336,1847,4939
2026-03-17,18,3020,107,,TT_TRENDING,5260500,1682800,203580,10728,27090,1256,1951700,11,3062,1164
2026-03-17,18,3021,110,,TT_VIDEO,2052000,229800,41515,1384,1776,1808,745780,22,558,533
2026-03-17,18,3022,110,,IG_POST,222768,243600,8766,1813,1778,4988,0,0,823,1406
2026-03-17,19,3023,112,,YT_SHORT,822960,251700,63470,2189,1665,1566,253500,34,315,710
2026-03-17,19,3024,110,,IG_REEL,1129050,194400,42168,1595,9756,2233,184600,12,935,493
2026-03-17,19,3025,107,,YT_SHORT,751680,297000,24695,744,827,1538,630000,24,831,1325
2026-03-17,19,3026,112,,TT_TRENDING,3087000,2475200,174780,10476,34020,1487,1644300,11,3211,1057
2026-03-17,20,3027,110,,YT_TRAILER,4306500,2051700,66045,1595,33152,16380,728200,87,1789,11690
2026-03-17,20,3028,112,,TT_TRENDING,4076100,1820000,192600,9996,14175,1650,1377500,10,2789,967
2026-03-17,20,3029,110,,TT_TRENDING,2784600,2144800,179820,11388,18900,2068,2847800,14,2769,1178
2026-03-17,20,3030,106,10,YT_TRAILER,2749500,1150800,61795,2026,26292,17370,1346400,80,1499,13720
2026-03-18,18,3031,112,,TT_VIDEO,1620000,242100,68590,1186,1268,1008,979020,19,564,877
2026-03-18,18,3032,106,10,YT_SHORT,1360800,281400,43285,1441,705,1291,641250,29,474,1052
2026-03-18,18,3033,106,10,TT_TRENDING,6879600,1691200,151560,6900,22860,2488,1307900,9,2191,370
2026-03-18,18,3034,110,,YT_SHORT,1320300,152700,60830,1984,1514,717,810000,28,955,1109
2026-03-18,18,3035,108,,YT_TRAILER,4630500,861000,87125,1564,26600,21240,2382600,71,3998,37835
2026-03-18,19,3036,110,,IG_REEL,1064700,270300,13902,1230,7380,1175,158600,12,779,1033
2026-03-18,19,3037,107,,YT_TRAILER,3366000,1929900,79220,2191,21812,13608,2046000,70,2608,32130
2026-03-18,19,3038,106,10,TT_VIDEO,2021760,152100,54910,2361,534,2141,854560,17,894,895
2026-03-18,19,3039,106,10,TT_TRENDING,3918600,2643200,66780,4644,29475,2400,1780600,12,4531,1366
2026-03-18,19,3040,112,,TT_TRENDING,4479300,2234400,173160,7176,41040,2345,1128100,9,7592,1172
2026-03-18,19,3041,107,,BLOG_POST,78318,223200,7696,285,465,816,0,0,548,23298
2026-03-18,19,3042,110,,YT_TRAILER,4266000,2045400,45305,1302,13636,12816,2065800,75,4145,30835
2026-03-18,20,3043,107,,IG_POST,233856,126000,17928,1043,1493,9329,0,0,704,688
2026-03-18,20,3044,110,,IG_REEL,479700,277200,27636,915,10464,847,495560,15,599,1280
2026-03-18,20,3045,106,10,YT_TRAILER,4099500,1898400,43095,711,9352,16056,882200,68,2465,27825
2026-03-18,20,3046,106,10,IG_STORY,649584,188700,5576,1375,1236,1080,0,0,318,1680
2026-03-18,20,3047,106,10,TT_VIDEO,2049840,207000,82745,2242,1610,2442,690900,14,672,762
2026-03-18,20,3048,112,,YT_LONG,530550,288900,3152,3094,1647,2361,0,331,2047,5313
2026-03-19,12,3049,108,,IG_STORY,427752,120300,4616,1371,654,2352,0,0,434,5040
2026-03-19,12,3050,108,,YT_TRAILER,2722500,1226400,92395,1522,32368,20124,1557600,76,3545,17010
2026-03-19,12,3051,110,,YT_SHORT,1156680,223200,56155,680,1248,1804,318000,25,687,1006
2026-03-19,12,3052,112,,IG_POST,300888,163500,17118,1562,1523,3392,0,0,289,1379
2026-03-19,12,3053,110,,TT_VIDEO,950400,188400,65170,2255,527,1148,430220,18,280,503
2026-03-19,12,3054,107,,IG_STORY,1020240,270900,7792,1573,1761,1239,0,0,504,3431
2026-03-19,12,3055,106,10,BLOG_POST,74385,239700,8200,294,957,1388,0,0,546,18546
2026-03-19,18,3056,108,,BLOG_DEV_DIARY,106384,185400,4832,1450,896,1302,0,0,984,631
2026-03-19,18,3057,108,,BLOG_POST,100890,210900,2680,320,663,1771,0,0,553,8008
2026-03-19,19,3058,107,,YT_LONG,851310,257700,2688,8356,696,1650,0,305,783,3511
2026-03-19,19,3059,108,,YT_TRAILER,4500000,957600,52360,1786,26572,8568,1817200,95,2919,22435
2026-03-19,19,3060,112,,IG_REEL,1244880,269400,50358,1806,11460,1245,329680,15,776,444
2026-03-19,19,3061,110,,IG_REEL,762840,121800,12600,1595,6432,1254,403000,13,786,652
2026-03-19,19,3062,107,,IG_POST,527688,175200,7092,1767,498,3202,0,0,417,646
2026-03-19,19,3063,112,,YT_LONG,644760,128700,6368,9614,489,2220,0,417,1503,5644
2026-03-19,20,3064,112,,YT_TRAILER,2340000,1033200,42925,1113,28896,20700,1878800,70,4973,20405
2026-03-19,20,3065,107,,YT_LONG,481140,152700,3736,6477,870,1784,0,407,1696,3834
2026-03-19,20,3066,108,,YT_LONG,750060,126000,5272,9274,932,1166,0,259,1750,8500
2026-03-19,20,3067,110,,YT_LONG,373410,281700,6712,4403,1661,1344,0,254,1031,9809
2026-03-19,20,3068,110,,YT_SHORT,1427220,248100,33825,2499,818,2504,843000,31,382,530
2026-03-20,12,3069,112,,IG_POST,274680,238800,12672,2209,1595,2974,0,0,713,1228
2026-03-20,12,3070,112,,IG_REEL,684450,203700,27174,2178,13224,2075,336440,13,560,466
2026-03-20,12,3071,110,,YT_LONG,342630,192600,4584,2805,1718,1745,0,373,733,6282
2026-03-20,18,3072,107,,IG_STORY,1011816,227400,8232,2455,1445,1122,0,0,905,3814
2026-03-20,18,3073,112,,YT_LONG,438210,219900,6056,4735,1683,1120,0,388,1984,5976
2026-03-20,18,3074,107,,IG_POST,211176,264600,11664,856,1004,9709,0,0,723,948
2026-03-20,18,3075,108,,IG_REEL,781560,265200,40446,836,9144,1639,311480,17,434,1312
2026-03-20,18,3076,106,10,TT_TRENDING,6293700,1727600,192420,12348,29565,1828,2911600,14,2412,997
2026-03-20,18,3077,112,,BLOG_DEV_DIARY,42908,162600,6384,2103,1482,2561,0,0,666,1006
2026-03-20,18,3078,106,10,BLOG_POST,183312,132900,8328,411,1065,961,0,0,849,19734
2026-03-20,18,3079,106,10,YT_LONG,640710,189300,8104,5253,1062,1577,0,273,1690,10030
2026-03-20,19,3080,107,,TT_VIDEO,939600,153000,84930,1892,1781,1467,888860,15,367,631
2026-03-20,19,3081,110,,IG_REEL,797940,287400,48636,770,3684,2248,401440,11,551,361
2026-03-20,19,3082,107,,YT_SHORT,1088640,195000,39930,2103,1011,821,574500,31,861,720
2026-03-20,19,3083,110,,BLOG_DEV_DIARY,62640,288900,9336,1126,741,1157,0,0,690,768
2026-03-20,20,3084,108,,IG_STORY,544752,160800,7624,2110,477,1712,0,0,610,4662
2026-03-20,20,3085,108,,IG_REEL,1102140,281100,35658,1430,10128,1619,451880,15,968,941
2026-03-20,20,3086,112,,YT_TRAILER,4846500,984900,55930,1241,23408,12690,798600,86,1457,30800
2026-03-21,12,3087,107,,IG_REEL,720720,169500,23142,1157,11124,1747,382720,16,266,1013
2026-03-21,12,3088,110,,YT_LONG,515160,273300,6000,4607,1508,1602,0,285,1922,5126
2026-03-21,12,3089,106,10,BLOG_DEV_DIARY,53870,180900,2992,1426,1505,1131,0,0,350,671
2026-03-21,12,3090,106,10,YT_SHORT,800280,163200,47300,2482,929,1474,768000,27,470,845
2026-03-21,12,3091,107,,TT_VIDEO,2095200,157800,33440,1432,1523,959,506660,16,785,1374
2026-03-21,18,3092,108,,BLOG_POST,80199,140100,3296,420,500,2066,0,0,626,17556
2026-03-21,19,3093,110,,TT_VIDEO,1851120,261300,82745,1960,1707,2596,1118180,15,850,1292
2026-03-21,19,3094,106,10,YT_LONG,682020,124800,9416,8781,1331,1683,0,405,2045,2559
2026-03-21,19,3095,110,,TT_TRENDING,4851000,2242800,178020,10992,17235,821,1293400,11,5993,512
2026-03-21,19,3096,108,,TT_TRENDING,4082400,2007600,190260,4620,48870,2589,1734200,13,4076,637
2026-03-21,19,3097,106,10,YT_TRAILER,4104000,1957200,56865,2506,26852,10062,1777600,63,2738,31465
2026-03-21,20,3098,112,,YT_TRAILER,4761000,1089900,76670,2222,28532,15912,2200000,71,2129,13685
2026-03-21,20,3099,107,,YT_LONG,533790,280500,4368,5610,1320,992,0,284,864,5797
2026-03-21,20,3100,108,,YT_TRAILER,4153500,1411200,36465,1038,17416,7884,2532200,76,3872,28070
2026-03-21,20,3101,108,,IG_REEL,1160640,176100,45906,1122,13332,2301,299000,15,557,950
2026-03-22,12,3102,112,,BLOG_DEV_DIARY,78404,231900,9360,1835,1118,2088,0,0,266,794
2026-03-22,12,3103,106,10,IG_POST,529704,192000,16740,1725,1388,8113,0,0,970,872
2026-03-22,18,3104,108,,IG_REEL,804960,243600,35868,2042,11532,2303,310960,14,440,530
2026-03-22,18,3105,110,,IG_STORY,957528,217200,6640,2365,843,2352,0,0,371,3163
2026-03-22,19,3106,112,,IG_REEL,1282320,256200,20790,2262,14016,1533,315120,12,745,1406
2026-03-22,19,3107,110,,YT_TRAILER,3352500,1501500,63325,1485,11032,9504,1146200,80,2881,15540
2026-03-22,19,3108,110,,BLOG_DEV_DIARY,52826,132600,8152,1258,552,1335,0,0,594,1344
2026-03-22,20,3109,106,10,IG_STORY,856440,230700,2496,1773,768,1274,0,0,573,1361
2026-03-23,12,3110,108,,TT_TRENDING,6841800,2598400,143820,6876,50265,2609,2476600,12,4108,668
2026-03-23,12,3111,106,10,IG_STORY,717912,278100,5416,2163,798,2504,0,0,706,2957
2026-03-23,12,3112,112,,YT_TRAILER,2574000,1522500,69700,1322,23884,14094,939400,78,4486,35875
2026-03-23,12,3113,110,,BLOG_DEV_DIARY,69217,229200,4360,2378,614,1595,0,0,259,1006
2026-03-23,12,3114,108,,BLOG_POST,186390,124200,5352,434,858,1355,0,0,977,24882
2026-03-23,18,3115,112,,YT_SHORT,1448280,162000,19415,1529,1217,1454,237750,22,450,602
2026-03-23,18,3116,110,,BLOG_POST,168435,154800,3048,278,1641,2451,0,0,868,8690
2026-03-23,18,3117,108,,IG_REEL,531180,185400,25956,1976,12420,1014,455000,17,783,473
2026-03-23,18,3118,106,10,TT_VIDEO,1280880,273900,37335,1773,744,2479,1161300,20,608,970
2026-03-23,18,3119,107,,IG_STORY,387504,135000,5600,1896,1487,1437,0,0,791,2877
2026-03-23,18,3120,112,,IG_STORY,752544,176400,8384,893,881,2334,0,0,819,3398
2026-03-23,18,3121,110,,BLOG_DEV_DIARY,62849,216300,4208,1822,557,680,0,0,360,578
2026-03-23,18,3122,106,10,YT_TRAILER,2416500,1140300,91800,2561,12124,11232,1661000,73,3570,35875
2026-03-23,19,3123,112,,IG_REEL,553410,238500,26124,1489,13416,1892,531440,11,637,362
2026-03-23,19,3124,112,,TT_VIDEO,1036800,271200,112385,1575,882,2451,727160,22,745,680
2026-03-23,19,3125,107,,BLOG_DEV_DIARY,43639,205500,2528,1740,905,2422,0,0,507,1214
2026-03-23,19,3126,106,10,IG_POST,359352,261000,19008,1016,1638,6118,0,0,897,728
2026-03-23,19,3127,110,,YT_LONG,805950,125400,7960,3723,552,931,0,331,2113,5151
2026-03-23,20,3128,108,,BLOG_DEV_DIARY,84564,205800,8016,825,1722,1527,0,0,794,566
2026-03-23,20,3129,107,,YT_TRAILER,4189500,1163400,91715,2585,25620,15480,2255000,89,4616,15330
2026-03-24,12,3130,112,,BLOG_POST,135432,278400,4672,250,1701,1335,0,0,434,8734
2026-03-24,12,3131,106,10,IG_REEL,583830,213600,16674,1192,12732,702,576680,12,741,456
2026-03-24,12,3132,106,10,YT_LONG,827010,183900,7856,3715,1688,1533,0,310,1719,5712
2026-03-24,18,3133,107,,YT_LONG,392850,196800,3944,3256,711,1907,0,274,1375,7055
2026-03-24,18,3134,110,,TT_TRENDING,5386500,1304800,168840,4068,39330,2468,1267300,13,2659,520
2026-03-24,18,3135,110,,YT_LONG,633420,124800,5928,3128,1752,1476,0,296,2149,8424
2026-03-24,18,3136,107,,YT_SHORT,709560,282600,20625,2270,1079,1951,675750,23,321,727
2026-03-24,19,3137,107,,TT_TRENDING,3937500,1391600,70920,11172,39915,979,3181300,10,4583,1420
2026-03-24,19,3138,112,,YT_LONG,362070,164100,4032,7540,1395,1564,0,408,864,7251
2026-03-24,20,3139,108,,BLOG_POST,102087,214500,4896,203,740,667,0,0,591,19404
2026-03-24,20,3140,106,10,YT_TRAILER,4720500,1675800,47260,2532,13944,15678,1834800,86,1424,30380
2026-03-24,20,3141,110,,YT_LONG,422010,150000,4640,4216,644,2603,0,377,1377,8679
2026-03-24,20,3142,106,10,IG_STORY,388440,237000,3728,1140,903,1120,0,0,527,3629
2026-03-24,20,3143,108,,IG_STORY,809640,231300,4936,2121,1385,2251,0,0,269,4196
2026-03-24,20,3144,108,,IG_REEL,1033110,202500,44100,1404,13860,2275,229840,13,830,590
2026-03-25,12,3145,106,10,IG_STORY,766584,243900,8200,2517,648,1377,0,0,894,2184
2026-03-25,18,3146,108,,TT_TRENDING,4712400,2024400,82800,9876,44325,843,2496900,10,3244,1229
2026-03-25,18,3147,107,,IG_STORY,633672,196800,8240,887,974,2286,0,0,495,4309
2026-03-25,18,3148,112,,TT_TRENDING,3364200,2363200,82800,12624,35190,1507,1818300,12,3172,1224
2026-03-25,18,3149,107,,YT_TRAILER,2421000,1554000,48620,2059,18452,17892,1390400,88,1919,15085
2026-03-25,18,3150,107,,BLOG_DEV_DIARY,89366,154200,8696,1527,1676,1987,0,0,278,757
2026-03-25,19,3151,107,,YT_LONG,537030,168000,8440,8925,894,1355,0,303,1116,5610
2026-03-25,19,3152,106,10,IG_POST,463680,180000,19080,1412,1644,3952,0,0,975,1356
2026-03-25,19,3153,106,10,BLOG_DEV_DIARY,51887,218700,4736,2031,1532,869,0,0,353,1260
2026-03-25,19,3154,107,,BLOG_DEV_DIARY,45101,203700,6880,2022,1781,1324,0,0,489,1438
2026-03-25,19,3155,108,,IG_POST,507528,258900,15174,2552,554,5301,0,0,910,865
2026-03-25,20,3156,112,,IG_STORY,757224,203100,3472,1767,1539,937,0,0,490,1294
2026-03-25,20,3157,112,,TT_TRENDING,6318900,2058000,79020,12144,38790,2097,1792200,11,7560,688
2026-03-25,20,3158,107,,IG_STORY,916344,234300,7184,840,1601,1283,0,0,332,4481
2026-03-25,20,3159,106,10,YT_SHORT,1402920,266100,43285,2075,809,1617,463500,22,880,1004
2026-03-26,12,3160,107,,IG_POST,514584,289500,7470,1375,1148,10346,0,0,702,703
2026-03-26,12,3161,106,10,IG_REEL,594360,207300,47712,2187,7476,1113,574600,14,573,565
2026-03-26,12,3162,106,10,BLOG_POST,95076,138900,3528,335,893,2110,0,0,728,12870
2026-03-26,18,3163,112,,YT_TRAILER,2209500,2047500,65620,926,17388,14382,1575200,69,3373,20790
2026-03-26,18,3164,110,,TT_TRENDING,4586400,2564800,154620,7176,40185,2259,1989400,10,6780,413
2026-03-26,18,3165,108,,BLOG_DEV_DIARY,89888,286200,8536,1663,1706,939,0,0,648,1150
2026-03-26,18,3166,107,,YT_LONG,425250,256800,9488,6197,1766,1071,0,282,1521,9112
2026-03-26,19,3167,112,,TT_VIDEO,2118960,212100,40755,1474,764,1536,581140,14,373,509
2026-03-26,19,3168,106,10,TT_VIDEO,1008720,178500,68590,2178,1388,1362,1031940,15,723,1088
2026-03-26,19,3169,106,10,YT_SHORT,694980,246600,42735,2301,690,1544,865500,35,1012,764
2026-03-26,19,3170,107,,BLOG_POST,175104,129300,7768,256,881,1302,0,0,357,16654
2026-03-26,20,3171,106,10,BLOG_DEV_DIARY,87487,200100,9216,2563,710,1965,0,0,410,1112
2026-03-26,20,3172,106,10,IG_STORY,856440,230400,4912,1300,689,669,0,0,644,1546
2026-03-26,20,3173,112,,YT_LONG,797040,293100,5904,7251,1140,783,0,361,1516,7514
2026-03-26,20,3174,110,,BLOG_DEV_DIARY,96883,136500,6096,2068,1061,1041,0,0,956,691
2026-03-26,20,3175,110,,YT_TRAILER,3753000,1751400,56270,2152,26796,18900,1278200,71,2789,26285
2026-03-26,20,3176,112,,IG_REEL,920790,156900,36036,1302,13584,1137,404560,13,453,467
2026-03-27,12,3177,110,,YT_TRAILER,1881000,1736700,55590,1701,13272,14310,2318800,69,3381,18375
2026-03-27,18,3178,108,,IG_REEL,1193400,188100,45654,2433,8184,1223,247520,11,358,1346
2026-03-27,18,3179,110,,IG_STORY,957528,245400,4200,937,1308,1998,0,0,706,3893
2026-03-27,18,3180,108,,YT_SHORT,1104840,221400,48290,2141,1035,1947,467250,21,484,1303
2026-03-27,18,3181,110,,YT_SHORT,1143720,193800,38390,926,1638,827,832500,24,466,434
2026-03-27,19,3182,108,,TT_VIDEO,1144800,294300,102410,2235,651,2554,933940,14,513,732
2026-03-27,19,3183,110,,YT_LONG,846450,205800,6936,4471,822,915,0,316,1262,9648
2026-03-27,19,3184,112,,YT_SHORT,869940,277500,60555,1560,1049,2611,535500,26,925,391
2026-03-27,19,3185,107,,IG_STORY,860184,242700,2960,2325,1337,2506,0,0,876,2629
2026-03-27,20,3186,112,,YT_SHORT,997920,120000,34870,1056,1112,1012,267000,24,635,955
2026-03-27,20,3187,110,,IG_POST,248976,257400,12888,1010,1632,11153,0,0,509,438
2026-03-27,20,3188,112,,BLOG_POST,110637,137700,5584,149,1575,2435,0,0,895,10164
2026-03-27,20,3189,110,,BLOG_POST,138681,276000,5136,522,1310,1120,0,0,302,10208
2026-03-28,12,3190,110,,TT_TRENDING,4769100,1159200,158400,13920,32670,1146,2711500,14,2698,958
2026-03-28,12,3191,107,,YT_TRAILER,4221000,936600,44965,1384,10920,8910,1676400,69,1966,40495
2026-03-28,12,3192,106,10,TT_TRENDING,4340700,1279600,61020,8184,29835,1016,1496400,11,6897,1334
2026-03-28,19,3193,112,,BLOG_DEV_DIARY,77256,234000,7064,1109,1703,2413,0,0,689,544
2026-03-28,19,3194,108,,IG_REEL,535860,203100,29274,1624,13548,1879,506480,16,440,1038
2026-03-28,20,3195,108,,YT_SHORT,1608660,295200,42680,1316,1137,794,789000,32,897,665
2026-03-28,20,3196,106,10,TT_TRENDING,5613300,2643200,147960,14280,27900,2578,1885000,13,3419,1048
2026-03-29,12,3197,106,10,IG_STORY,518544,126900,7320,2618,1239,726,0,0,813,4108
2026-03-29,12,3198,107,,YT_TRAILER,3384000,1360800,64515,1272,19208,8100,776600,73,1835,13265
2026-03-29,12,3199,112,,IG_STORY,517608,153300,6296,999,1388,728,0,0,529,4444
2026-03-29,12,3200,106,10,YT_SHORT,1098360,223200,27830,1727,1773,1080,625500,23,660,1382
2026-03-29,18,3201,112,,TT_VIDEO,2371680,122700,104880,2114,842,1316,768320,22,920,1252
2026-03-29,19,3202,106,10,TT_VIDEO,1946160,259500,36005,988,482,2420,312620,15,619,515
2026-03-29,19,3203,108,,BLOG_POST,186390,245700,3208,455,828,873,0,0,947,26356
2026-03-29,19,3204,110,,YT_TRAILER,2245500,1377600,101065,1023,31836,16074,1628000,68,3872,39795
2026-03-29,19,3205,112,,YT_SHORT,1048140,159600,24475,1802,977,1861,813000,24,371,1295
2026-03-29,19,3206,108,,BLOG_DEV_DIARY,42700,172200,5792,1718,1707,1115,0,0,435,422
2026-03-29,20,3207,107,,YT_TRAILER,4617000,1245300,47175,2431,8540,11880,840400,75,2709,16625
2026-03-29,20,3208,108,,IG_REEL,732420,271200,38682,2387,10800,768,282880,15,511,1030
2026-03-29,20,3209,112,,BLOG_DEV_DIARY,56898,215400,6624,924,780,1863,0,0,615,566
2026-03-30,12,3210,112,,YT_TRAILER,2569500,1474200,68000,2409,31220,20988,853600,70,3998,27230
2026-03-30,12,3211,107,,YT_SHORT,1232820,120000,29590,1956,1124,1525,447000,34,306,1248
2026-03-30,12,3212,108,,TT_TRENDING,3616200,1411200,211500,9288,51480,2028,2975400,14,2184,1146
2026-03-30,12,3213,108,,IG_POST,356328,181800,7578,669,1149,4855,0,0,919,886
2026-03-30,12,3214,107,,IG_REEL,817830,270900,45402,1459,9612,2149,309920,12,273,685
2026-03-30,18,3215,106,10,IG_REEL,1262430,132600,18396,805,8412,1560,323960,17,568,1270
2026-03-30,18,3216,108,,YT_LONG,682830,156900,2856,2559,1094,994,0,365,2153,9537
2026-03-30,18,3217,112,,YT_LONG,794610,284100,6336,9401,560,1146,0,291,2124,9716
2026-03-30,18,3218,108,,YT_SHORT,871560,211200,52800,1166,515,2341,661500,35,690,985
2026-03-30,18,3219,112,,BLOG_DEV_DIARY,71932,145500,8488,2473,1776,1786,0,0,300,594
2026-03-30,18,3220,110,,BLOG_DEV_DIARY,81745,250500,5368,2163,1208,898,0,0,882,1342
2026-03-30,18,3221,108,,IG_POST,249984,131700,7362,2165,1629,9548,0,0,949,648
2026-03-30,18,3222,107,,YT_LONG,351540,225300,4440,4327,642,2449,0,307,1085,7166
2026-03-30,18,3223,107,,IG_REEL,680940,280200,23100,715,10080,2600,295880,13,644,1222
2026-03-30,19,3224,112,,BLOG_POST,98838,177600,5936,527,1365,2328,0,0,387,12408
2026-03-30,19,3225,108,,YT_LONG,383940,282600,2464,2814,1235,1472,0,265,590,4590
2026-03-30,20,3226,106,10,BLOG_DEV_DIARY,81119,164100,4640,1610,1466,2539,0,0,598,785
2026-03-30,20,3227,112,,BLOG_DEV_DIARY,63162,287100,3096,1219,1610,1881,0,0,337,1018
2026-03-30,20,3228,108,,TT_TRENDING,4517100,1139600,122220,10980,16425,1980,3279900,8,3419,1048
2026-03-30,20,3229,107,,IG_POST,485352,174000,12798,1415,968,5434,0,0,609,1067
2026-03-30,20,3230,106,10,YT_SHORT,1143720,286500,24750,1553,1346,2429,828000,27,389,881
2026-03-30,20,3231,106,10,YT_TRAILER,3028500,1316700,35020,700,31976,11052,1867800,92,4654,22015
2026-03-31,12,3232,110,,BLOG_DEV_DIARY,62014,207900,5384,2209,533,2365,0,0,952,432
2026-03-31,12,3233,107,,IG_REEL,814320,121800,30072,1320,13608,2521,257920,12,492,449
2026-03-31,12,3234,106,10,IG_REEL,542880,122100,31794,1555,4344,1025,612560,12,779,1025
2026-03-31,12,3235,108,,IG_REEL,565110,205800,37842,1615,11952,1896,575640,11,592,1160
2026-03-31,12,3236,110,,TT_VIDEO,1233360,170700,108015,1815,773,1252,872200,20,717,1001
2026-03-31,12,3237,110,,YT_TRAILER,2398500,1560300,95370,2026,19712,17874,2356200,74,3721,17675
2026-03-31,18,3238,110,,YT_SHORT,1705860,228900,43120,851,1062,2178,897000,34,426,764
2026-03-31,18,3239,107,,TT_VIDEO,972000,288000,83790,752,1749,2618,931980,16,653,1211
2026-03-31,18,3240,112,,YT_LONG,888570,278400,4480,5270,849,678,0,294,1694,9393
2026-03-31,18,3241,112,,TT_VIDEO,1293840,235200,32490,2350,845,1261,887880,21,402,1244
2026-03-31,18,3242,107,,IG_POST,305928,217500,17910,2548,569,5795,0,0,864,817
2026-03-31,19,3243,107,,YT_TRAILER,1908000,1159200,27625,1443,13384,14724,1812800,89,3549,31150
2026-03-31,19,3244,112,,BLOG_DEV_DIARY,103565,264900,5624,2209,1236,2178,0,0,286,834
2026-03-31,19,3245,106,10,IG_REEL,1050660,219600,42084,2057,9912,1683,494000,14,791,1060
2026-03-31,19,3246,106,10,TT_VIDEO,2300400,299700,55195,1320,593,810,459620,15,293,883
2026-03-31,19,3247,112,,YT_LONG,774360,218700,5784,7514,867,2086,0,381,1274,6647
2026-03-31,19,3248,106,10,TT_TRENDING,5733000,2016000,111600,7212,50490,2077,977300,11,6585,532
2026-03-31,20,3249,107,,YT_LONG,602640,229800,4240,7574,563,937,0,339,839,4412
2026-03-31,20,3250,106,10,IG_STORY,412776,174600,4000,1943,978,1918,0,0,973,4532
2026-04-01,12,3251,106,10,IG_STORY,716040,201900,8400,2011,1592,1362,0,0,538,3986
2026-04-01,12,3252,112,,TT_VIDEO,1667520,207300,45885,2563,761,966,478240,20,290,1193
2026-04-01,18,3253,106,10,YT_TRAILER,2682000,2055900,67405,2262,13776,19422,871200,85,3662,38150
2026-04-01,18,3254,107,,YT_LONG,478710,231000,3200,9112,1085,1199,0,374,1334,3655
2026-04-01,18,3255,112,,YT_TRAILER,4504500,1350300,95795,1855,31612,18846,1326600,69,2453,18480
2026-04-01,19,3256,112,,YT_TRAILER,3271500,1186500,78880,1892,24024,17046,1210000,89,2869,40040
2026-04-01,20,3257,107,,YT_SHORT,1733400,162300,43670,1679,683,1936,597000,33,401,1145
2026-04-02,12,3258,106,10,TT_TRENDING,5336100,2595600,184680,10956,31455,1401,3277000,11,2282,467
2026-04-02,12,3259,107,,YT_SHORT,895860,247800,47135,719,614,1657,419250,28,599,1229
2026-04-02,12,3260,112,,TT_TRENDING,4536000,1836800,117900,8016,31860,1298,1162900,12,2893,505
2026-04-02,18,3261,106,10,YT_TRAILER,2533500,1465800,42925,1577,18144,20880,2569600,66,4729,40740
2026-04-02,18,3262,106,10,IG_REEL,600210,225900,34272,1734,7332,1265,190320,16,437,672
2026-04-02,19,3263,107,,IG_POST,489384,244500,5652,2442,741,2869,0,0,513,624
2026-04-02,19,3264,106,10,BLOG_POST,96786,192900,7016,172,1025,735,0,0,312,8954
2026-04-02,20,3265,107,,IG_STORY,971568,187500,5520,829,1299,924,0,0,388,5023
2026-04-03,12,3266,107,,TT_VIDEO,1652400,291600,72010,1280,1055,792,610540,15,568,893
2026-04-03,12,3267,106,10,BLOG_POST,132867,289800,3792,148,818,2317,0,0,742,24816
2026-04-03,12,3268,112,,YT_LONG,605070,128400,4736,6163,1329,2416,0,315,1508,4743
2026-04-03,12,3269,106,10,YT_TRAILER,1836000,2003400,93840,979,12376,10062,2578400,91,1357,28455
2026-04-03,12,3270,107,,IG_REEL,1276470,167700,19362,2213,9480,1705,194480,15,411,510
2026-04-03,12,3271,112,,BLOG_DEV_DIARY,114318,249900,4944,944,1167,1608,0,0,808,833
2026-04-03,18,3272,112,,IG_REEL,724230,282900,41412,1481,11184,1452,291200,15,651,678
2026-04-03,18,3273,112,,IG_POST,406224,137400,13590,2574,1589,10042,0,0,790,1085
2026-04-03,18,3274,106,10,YT_TRAILER,4108500,1211700,28050,1602,26320,17190,1760000,60,3545,36330
2026-04-03,18,3275,107,,YT_SHORT,1545480,275100,40205,2182,1263,2240,807750,34,796,1196
2026-04-03,18,3276,112,,BLOG_POST,146889,223500,2832,371,1374,2561,0,0,389,8822
2026-04-03,19,3277,107,,TT_VIDEO,1129680,233100,56240,1333,1335,950,973140,20,553,642
2026-04-03,19,3278,107,,BLOG_POST,72846,229200,8416,459,1202,948,0,0,825,8998
2026-04-03,19,3279,112,,YT_SHORT,1132380,219000,44055,671,1688,801,595500,34,551,932
2026-04-03,19,3280,107,,TT_TRENDING,3855600,2545200,84060,10284,49185,1793,1261500,9,3679,1412
2026-04-03,20,3281,106,10,IG_POST,487368,279900,10260,1395,1685,6261,0,0,339,1092
2026-04-03,20,3282,106,10,YT_LONG,453600,121500,2632,9886,1698,730,0,315,1192,7055
2026-04-03,20,3283,106,10,BLOG_POST,143127,246900,5680,216,1625,1516,0,0,654,15950
2026-04-04,12,3284,107,,IG_REEL,879840,275400,42000,2539,4188,882,348400,16,915,629
2026-04-04,12,3285,112,,TT_TRENDING,2727900,1607200,57960,10008,33525,2325,1658800,12,3666,574
2026-04-04,12,3286,106,10,IG_STORY,479232,257700,8208,2334,642,1773,0,0,969,1659
2026-04-04,12,3287,112,,YT_SHORT,1249020,283500,35035,1307,474,2519,753750,25,422,1324
2026-04-04,18,3288,112,,YT_SHORT,1526040,208200,20075,1452,609,2281,882000,34,273,421
2026-04-04,18,3289,112,,IG_POST,400680,276600,19242,1604,1742,8788,0,0,407,1345
2026-04-04,18,3290,106,10,YT_SHORT,1360800,199500,25300,823,1301,990,638250,23,534,492
2026-04-04,19,3291,107,,BLOG_DEV_DIARY,114840,128400,9272,673,1022,2497,0,0,720,734
2026-04-04,19,3292,106,10,YT_LONG,658530,190800,7112,10064,1047,1036,0,411,1300,5568
2026-04-04,19,3293,112,,BLOG_DEV_DIARY,63266,123900,4728,1038,1569,884,0,0,611,690
2026-04-04,19,3294,112,,IG_POST,352296,251100,18864,1177,1127,6213,0,0,419,473
2026-04-04,19,3295,106,10,BLOG_DEV_DIARY,74020,206100,8704,2204,1406,990,0,0,976,835
2026-04-04,20,3296,106,10,IG_STORY,574704,279600,3760,902,573,1938,0,0,932,4943
2026-04-04,20,3297,106,10,BLOG_POST,152361,281400,7056,153,654,1575,0,0,807,25036
2026-04-04,20,3298,107,,BLOG_DEV_DIARY,61492,243300,8496,2479,668,1740,0,0,422,1308
2026-04-04,20,3299,107,,IG_POST,445032,226500,15354,2341,831,5225,0,0,728,1312
2026-04-05,18,3300,106,10,YT_TRAILER,4792500,1463700,57120,796,23856,12618,708400,92,4738,21315
2026-04-05,18,3301,107,,IG_REEL,684450,240600,43218,957,12396,1483,293800,14,873,926
2026-04-05,18,3302,106,10,YT_SHORT,1435320,148500,29480,2464,630,2127,730500,35,543,1184
2026-04-05,19,3303,106,10,YT_SHORT,1028700,247500,59565,2400,491,1265,629250,24,972,472
2026-04-05,19,3304,107,,BLOG_DEV_DIARY,101894,290400,2872,1371,1224,2211,0,0,700,817
2026-04-05,19,3305,112,,TT_TRENDING,3912300,1374800,207180,11256,35685,2088,2256200,9,2321,401
2026-04-05,19,3306,112,,IG_POST,523656,155100,12240,1663,761,10070,0,0,598,1368
2026-04-05,20,3307,112,,IG_STORY,998712,132000,5520,1267,1487,2611,0,0,275,2680
2026-04-05,20,3308,107,,IG_REEL,610740,196800,45318,1104,9684,1230,460720,14,829,824
2026-04-05,20,3309,107,,BLOG_POST,70452,147000,8416,528,1292,1850,0,0,851,15158
2026-04-05,20,3310,112,,YT_LONG,375840,249600,5288,7880,1319,1938,0,397,1681,4276
2026-04-05,20,3311,107,,YT_LONG,640710,252600,4184,2593,732,1052,0,416,1366,7710
2026-04-05,20,3312,106,10,YT_LONG,762210,204900,4696,10175,1413,2002,0,293,866,5721
2026-04-06,12,3313,107,,IG_REEL,1023750,139200,30492,1274,4560,1542,406120,17,315,1176
2026-04-06,12,3314,112,,IG_STORY,475488,171600,2504,1639,1479,1643,0,0,1012,2453
2026-04-06,18,3315,107,,TT_TRENDING,5493600,2749600,140940,12792,51210,2372,2061900,12,4407,614
2026-04-06,18,3316,106,10,BLOG_POST,115596,181800,6128,514,798,1855,0,0,294,10604
2026-04-06,18,3317,106,10,YT_TRAILER,1908000,1841700,30260,933,15792,19944,1031800,77,4855,40425
2026-04-06,18,3318,107,,BLOG_DEV_DIARY,66085,232800,4888,1522,1065,1146,0,0,699,784
2026-04-06,18,3319,106,10,IG_STORY,884520,158400,7184,2136,630,2193,0,0,284,2092
2026-04-06,20,3320,106,10,YT_TRAILER,3645000,1302000,59245,1542,26404,21546,1251800,75,3704,32270
2026-04-06,20,3321,107,,IG_STORY,480168,157800,5208,1144,908,669,0,0,697,3305
2026-04-07,12,3322,112,,IG_REEL,1092780,128400,28686,878,11268,2345,156520,16,677,1100
2026-04-07,18,3323,107,,YT_LONG,470610,186600,4080,8526,1278,900,0,330,1982,8594
2026-04-07,18,3324,106,10,IG_REEL,1207440,235500,47796,2273,5892,1800,249080,13,927,1301
2026-04-07,18,3325,107,,BLOG_POST,93879,272700,8528,376,978,970,0,0,476,14124
2026-04-07,18,3326,112,,IG_STORY,446472,197400,6200,2222,1562,785,0,0,983,2255
2026-04-07,19,3327,107,,IG_REEL,810810,157500,14994,1305,6096,1747,357240,14,317,1344
2026-04-07,20,3328,107,,TT_VIDEO,1388880,189600,44080,1916,1224,865,813400,17,408,402
2026-04-07,20,3329,112,,TT_VIDEO,1902960,249900,70395,2011,450,669,1007440,20,1019,649
2026-04-07,20,3330,106,10,YT_LONG,613980,193200,9224,9231,1650,1247,0,373,1323,3494
2026-04-08,12,3331,107,,YT_TRAILER,2299500,1719900,30175,1309,22792,9576,2213200,77,2012,31885
2026-04-08,12,3332,112,,YT_SHORT,1193940,201600,48730,1745,942,1511,382500,35,666,919
2026-04-08,12,3333,106,10,BLOG_DEV_DIARY,70157,158700,5248,1890,1341,1921,0,0,412,1099
2026-04-08,18,3334,112,,YT_SHORT,1594080,122100,45045,1454,1422,2455,699000,30,524,371
2026-04-08,18,3335,106,10,YT_TRAILER,4369500,1862700,96475,2110,13524,20340,1260600,67,2008,17220
2026-04-08,19,3336,107,,IG_POST,471240,216600,15732,2592,1473,8037,0,0,354,1026
2026-04-08,19,3337,106,10,IG_REEL,1144260,289200,48090,2409,11364,1331,606320,17,685,947
2026-04-08,19,3338,106,10,YT_LONG,573480,296100,5552,8415,600,737,0,412,949,2831
2026-04-08,19,3339,112,,YT_LONG,480330,154200,8656,3307,479,2394,0,402,1418,5933
2026-04-08,19,3340,112,,IG_REEL,1144260,155100,14154,2108,3984,1646,353080,14,409,1265
2026-04-08,20,3341,112,,BLOG_POST,173907,291900,2768,410,1535,2570,0,0,536,8800
2026-04-09,12,3342,112,,YT_TRAILER,2344500,1402800,28815,847,9100,16362,2219800,82,3133,35595
2026-04-09,12,3343,106,10,BLOG_DEV_DIARY,72662,127200,2616,1533,1316,2409,0,0,705,1346
2026-04-09,18,3344,107,,IG_POST,519624,295500,19962,2039,1626,8313,0,0,731,641
2026-04-09,18,3345,112,,YT_LONG,886950,267600,5408,5908,1284,1804,0,291,2149,9546
2026-04-09,18,3346,112,,TT_VIDEO,889920,234600,36575,1514,783,1822,613480,22,392,1220
2026-04-09,19,3347,107,,YT_SHORT,1709100,291600,64020,2042,681,1494,518250,31,763,1438
2026-04-09,19,3348,112,,TT_TRENDING,5890500,2668400,189720,10596,36090,2119,1995200,13,2535,1204
2026-04-09,19,3349,106,10,IG_POST,436968,264300,8388,1481,1179,4351,0,0,830,697
2026-04-09,19,3350,106,10,BLOG_POST,162963,288600,6912,212,1272,2433,0,0,995,14366
2026-04-09,20,3351,112,,BLOG_DEV_DIARY,82163,183600,7272,1591,1412,1294,0,0,551,1219
2026-04-09,20,3352,112,,IG_REEL,568620,280200,19824,1313,4860,915,559000,17,453,1128
2026-04-10,12,3353,106,10,IG_POST,327096,168600,21528,2075,1023,7296,0,0,581,1198
2026-04-10,12,3354,112,,YT_TRAILER,2718000,1919400,31195,2462,18592,7164,1038400,70,4826,20685
2026-04-10,18,3355,112,,YT_SHORT,798660,124200,28875,1250,782,1285,285000,27,478,862
2026-04-10,18,3356,112,,TT_TRENDING,4844700,1915200,189540,12768,13500,1025,3326300,14,4134,1104
2026-04-10,19,3357,112,,BLOG_DEV_DIARY,95317,127200,2904,1973,809,2112,0,0,387,1154
2026-04-10,19,3358,112,,IG_STORY,517608,130200,6112,1863,761,2594,0,0,495,3692
2026-04-10,19,3359,107,,BLOG_POST,182799,252000,8832,530,1311,2367,0,0,688,9768
2026-04-10,19,3360,112,,YT_LONG,538650,129000,3064,5908,1730,1111,0,410,742,7013
2026-04-10,19,3361,106,10,BLOG_POST,122949,181500,9584,446,1044,1430,0,0,295,18964
2026-04-10,19,3362,107,,BLOG_DEV_DIARY,48024,243000,9016,719,548,977,0,0,468,698
2026-04-10,20,3363,106,10,TT_TRENDING,5632200,2167200,165780,8688,41625,2490,2978300,14,3790,474
2026-04-10,20,3364,106,10,BLOG_POST,108756,215400,6448,331,629,1844,0,0,431,19030
2026-04-10,20,3365,112,,IG_REEL,1041300,256800,44898,667,9252,2453,302640,15,398,1181
2026-04-11,12,3366,107,,IG_POST,260568,167100,7254,2138,1446,5425,0,0,767,895
2026-04-11,12,3367,112,,TT_TRENDING,5273100,2024400,215460,10860,45315,1465,2366400,9,4420,1259
2026-04-11,18,3368,107,,TT_TRENDING,3628800,2242800,192240,5628,41400,986,1261500,14,3725,1387
2026-04-11,18,3369,106,10,TT_TRENDING,4365900,1324400,215280,7536,35955,1580,1218000,10,3315,1013
2026-04-11,19,3370,107,,TT_VIDEO,1490400,194700,94620,986,1223,2372,909440,17,382,684
2026-04-11,20,3371,112,,IG_REEL,1116180,239700,17262,1093,13728,1494,370240,11,409,810
2026-04-12,12,3372,107,,TT_TRENDING,5751900,1248800,96300,10428,42750,2622,1595000,10,5291,1164
2026-04-12,18,3373,106,10,YT_LONG,430110,162600,8408,9682,587,2134,0,414,2108,8322
2026-04-12,18,3374,107,,YT_SHORT,1270080,206700,55880,1668,1214,693,595500,21,686,1433
2026-04-12,18,3375,112,,TT_TRENDING,5499900,1797600,149580,7764,54000,1544,1676200,10,7326,635
2026-04-12,18,3376,107,,TT_TRENDING,5153400,2433200,130860,9924,47025,1454,2662200,9,5090,571
2026-04-12,19,3377,112,,IG_REEL,884520,169200,21210,777,10620,1331,512720,15,456,1422
2026-04-12,19,3378,107,,YT_TRAILER,4113000,1526700,90865,1648,17360,6120,748000,76,2335,41370
2026-04-12,19,3379,107,,IG_REEL,1236690,281100,35406,2493,12792,2618,531440,12,955,638
2026-04-12,20,3380,106,10,IG_REEL,811980,131700,16548,2341,7020,1250,608920,18,328,450
2026-04-12,20,3381,106,10,TT_VIDEO,2114640,172200,86355,1547,1545,950,371420,20,363,782
2026-04-12,20,3382,107,,TT_VIDEO,972000,253200,33915,1415,1343,660,374360,14,282,574
2026-04-13,12,3383,112,,BLOG_POST,111492,182700,2472,318,821,2455,0,0,598,10978
2026-04-13,12,3384,106,10,TT_VIDEO,2270160,197400,110010,1773,663,1641,1168160,18,931,719
2026-04-13,18,3385,112,,BLOG_DEV_DIARY,68173,270300,7120,1949,1712,986,0,0,829,1123
2026-04-13,18,3386,106,10,IG_REEL,769860,243900,48216,2044,13956,1641,281840,16,831,1433
2026-04-13,18,3387,106,10,TT_TRENDING,5695200,1730400,135360,10980,23355,1582,1122300,10,5902,641
2026-04-13,18,3388,112,,YT_SHORT,1088640,167400,39050,1826,777,1126,532500,32,457,1264
2026-04-13,18,3389,106,10,YT_LONG,797850,167700,4432,4497,1460,1474,0,315,1561,9189
2026-04-13,19,3390,107,,YT_SHORT,1616760,120000,45870,1423,1622,737,639000,34,484,371
2026-04-13,19,3391,106,10,TT_VIDEO,965520,286500,70015,2145,897,1126,294980,21,807,1182
2026-04-13,20,3392,112,,BLOG_DEV_DIARY,66190,276300,5464,2442,513,1661,0,0,962,713
2026-04-13,20,3393,107,,YT_LONG,712800,274200,2528,3723,852,981,0,269,1429,3859
2026-04-13,20,3394,107,,TT_VIDEO,2265840,230100,80940,1397,1472,1949,715400,17,589,1166
2026-04-14,12,3395,107,,IG_REEL,1049490,281100,17514,2152,7584,2182,294840,12,385,360
2026-04-14,12,3396,106,10,IG_POST,507024,140100,5652,1239,1310,6223,0,0,390,793
2026-04-14,18,3397,112,,TT_VIDEO,1788480,264900,101650,1993,1254,2391,412580,14,530,805
2026-04-14,18,3398,106,10,BLOG_DEV_DIARY,88114,142500,6032,1146,714,2534,0,0,533,959
2026-04-14,19,3399,107,,BLOG_DEV_DIARY,88322,261300,8736,2053,1338,2237,0,0,956,832
2026-04-14,19,3400,112,,IG_POST,520632,279300,20340,926,1211,7059,0,0,921,791
2026-04-14,20,3401,107,,YT_TRAILER,2272500,1999200,100045,1531,21756,19440,2448600,78,5032,28665
2026-04-15,12,3402,107,,BLOG_POST,181773,268200,7288,495,1235,796,0,0,639,21802
2026-04-15,12,3403,112,,BLOG_POST,78318,182700,8040,382,1113,1472,0,0,604,26224
2026-04-15,12,3404,107,,TT_TRENDING,5846400,1380400,143280,12408,48870,2022,3178400,12,3114,538
2026-04-15,12,3405,106,10,IG_STORY,933192,130800,5640,730,567,1610,0,0,320,3104
2026-04-15,18,3406,106,10,BLOG_POST,107388,224100,4248,328,708,1219,0,0,745,18832
2026-04-15,18,3407,107,,BLOG_POST,123975,162900,7576,273,1337,2215,0,0,394,7106
2026-04-15,19,3408,106,10,YT_LONG,473040,155700,5720,8441,1202,1395,0,394,765,6222
2026-04-15,19,3409,106,10,TT_VIDEO,1827360,194100,95380,1793,1070,1166,656600,15,942,1321
2026-04-15,19,3410,106,10,BLOG_DEV_DIARY,64832,148200,3032,1368,1530,2473,0,0,409,1340
2026-04-15,20,3411,106,10,IG_STORY,939744,270000,3424,2301,653,1969,0,0,671,2390
2026-04-16,12,3412,112,,TT_VIDEO,1330560,290400,41135,1186,806,2552,968240,15,293,451
2026-04-16,18,3413,106,10,YT_SHORT,928260,263400,51865,2191,534,2193,786000,31,536,767
2026-04-16,18,3414,107,,YT_LONG,868320,197400,2720,7370,1323,2290,0,368,1163,3060
2026-04-16,20,3415,112,,YT_SHORT,1610280,248100,54835,2519,1749,1236,352500,33,555,1088
2026-04-16,20,3416,107,,BLOG_DEV_DIARY,58360,144900,3688,1938,1457,2220,0,0,423,1248
2026-04-16,20,3417,106,10,IG_REEL,1133730,290100,27888,1562,10488,1296,381160,12,773,1001
2026-04-16,20,3418,112,,BLOG_POST,145521,230400,9080,137,1754,1327,0,0,585,11836
2026-04-17,12,3419,106,10,YT_TRAILER,2070000,938700,64685,1267,11004,10836,2635600,80,4754,37695
2026-04-17,12,3420,112,,TT_TRENDING,6854400,1862000,109440,13032,38025,898,2604200,12,2022,1010
2026-04-17,12,3421,106,10,YT_LONG,639090,250500,7584,4913,870,708,0,386,1262,9044
2026-04-17,12,3422,107,,BLOG_DEV_DIARY,84773,252000,9344,1575,1592,794,0,0,745,572
2026-04-17,18,3423,112,,TT_TRENDING,5279400,1262800,109980,10788,26370,1355,1887900,10,6065,1361
2026-04-17,19,3424,112,,YT_LONG,620460,127800,4368,10005,725,953,0,353,763,3349
2026-04-17,19,3425,106,10,YT_SHORT,1762560,215400,47080,693,1688,1522,759000,23,456,941
2026-04-18,12,3426,107,,IG_POST,529704,225300,8604,1507,1478,5482,0,0,541,415
2026-04-18,12,3427,107,,TT_VIDEO,1086480,186600,43700,1307,1692,2288,696780,17,421,841
2026-04-18,18,3428,107,,YT_SHORT,1195560,201600,42955,2176,852,884,641250,26,303,1412
2026-04-18,18,3429,107,,IG_REEL,1083420,123900,43092,1448,12060,1069,435240,15,519,671
2026-04-18,18,3430,106,10,TT_VIDEO,1185840,182700,49400,2297,1142,1925,534100,20,723,1103
2026-04-18,19,3431,107,,BLOG_POST,176985,241500,4328,482,464,1492,0,0,995,16522
2026-04-18,20,3432,112,,BLOG_POST,127737,267000,4632,344,1086,2077,0,0,525,22088
2026-04-19,18,3433,112,,YT_SHORT,1396440,160200,18645,1228,1290,1773,565500,26,440,1403
2026-04-19,18,3434,106,10,TT_VIDEO,2032560,141900,108965,1355,1712,1967,389060,19,471,946
2026-04-19,18,3435,112,,YT_LONG,648810,176400,3680,5347,971,2433,0,358,1726,4828
2026-04-19,18,3436,106,10,YT_LONG,875610,158400,5696,8492,1350,2187,0,357,1429,10013
2026-04-19,19,3437,112,,TT_TRENDING,3987900,2007600,78120,7776,34470,975,2125700,10,6474,1349
2026-04-19,20,3438,112,,YT_SHORT,810000,162300,26345,715,1158,1197,640500,27,259,1340
2026-04-20,12,3439,106,10,TT_VIDEO,2129760,186600,85690,2134,1418,931,637000,20,863,644
2026-04-20,12,3440,107,,BLOG_DEV_DIARY,82476,175200,5576,1610,750,961,0,0,273,1189
2026-04-20,18,3441,112,,YT_TRAILER,3339000,1860600,98090,1877,17052,9090,2197800,84,2276,11095
2026-04-20,18,3442,112,,IG_POST,448560,174000,11322,1670,743,8085,0,0,936,1169
2026-04-20,18,3443,107,,TT_TRENDING,5367600,1733200,95400,8796,29790,1014,2090900,9,6637,1270
2026-04-20,18,3444,106,10,IG_POST,210672,160500,13104,818,755,6517,0,0,655,406
2026-04-20,19,3445,112,,YT_SHORT,1099980,170400,58795,790,467,1441,663750,23,455,374
2026-04-20,20,3446,107,,TT_TRENDING,5600700,1120000,131040,14004,17460,1375,2056100,11,2379,1391
2026-04-21,12,3447,106,10,BLOG_DEV_DIARY,114214,284700,4144,821,1472,1115,0,0,334,781
2026-04-21,12,3448,112,,YT_LONG,467370,188700,8448,10030,1491,1258,0,264,850,6426
2026-04-21,18,3449,112,,YT_SHORT,1189080,281100,23100,1599,1080,1912,330000,26,335,955
2026-04-21,18,3450,107,,YT_TRAILER,3447000,968100,42330,2451,25172,14742,1117600,90,1709,23905
2026-04-21,18,3451,112,,YT_TRAILER,3015000,1003800,37570,722,26712,8460,1445400,91,1756,29750
2026-04-21,19,3452,107,,YT_LONG,752490,180900,5384,3604,672,983,0,278,2066,4072
2026-04-21,19,3453,106,10,TT_TRENDING,4151700,1615600,116100,10872,31905,1969,1261500,11,5506,1367
2026-04-21,19,3454,106,10,BLOG_POST,116622,285000,4064,317,1367,1573,0,0,454,17798
2026-04-21,19,3455,107,,IG_REEL,728910,285300,14868,2048,12192,1668,306280,11,815,712
2026-04-21,20,3456,107,,TT_TRENDING,3414600,2718800,81720,5052,34245,955,3424900,9,5915,418
2026-04-21,20,3457,112,,IG_REEL,981630,251100,14868,1778,8064,2288,449280,15,584,949
2026-04-21,20,3458,106,10,YT_TRAILER,1804500,1417500,77350,1879,33320,6642,1647800,84,1705,12075
2026-04-22,12,3459,106,10,IG_REEL,951210,221100,14700,1168,5844,836,302120,15,859,730
2026-04-22,12,3460,107,,TT_VIDEO,1615680,125700,60325,1184,849,2585,481180,15,363,628
2026-04-22,18,3461,112,,YT_TRAILER,3861000,1894200,68595,794,18312,12492,959200,92,1861,27055
2026-04-22,18,3462,106,10,YT_SHORT,1666980,273600,48455,1593,833,2145,835500,30,944,1129
2026-04-22,18,3463,112,,IG_STORY,455832,160800,3576,757,1736,1771,0,0,781,4784
2026-04-22,19,3464,107,,TT_VIDEO,1164240,130200,52440,1736,1154,1630,783020,19,737,846
2026-04-22,19,3465,107,,IG_POST,270144,168900,6444,1848,992,8550,0,0,724,1008
2026-04-22,20,3466,106,10,BLOG_POST,161424,286500,2704,512,1505,1624,0,0,530,10736
2026-04-22,20,3467,112,,BLOG_DEV_DIARY,81432,156300,3096,741,572,2191,0,0,360,1336
2026-04-23,12,3468,112,,TT_VIDEO,2367360,129600,56050,1540,1562,766,858480,19,802,439
2026-04-23,12,3469,112,,YT_LONG,404190,201000,4424,9758,1791,1219,0,305,2128,2584
2026-04-23,18,3470,107,,IG_STORY,475488,180000,5672,704,1308,1604,0,0,834,3268
2026-04-23,19,3471,112,,IG_REEL,1038960,289800,17430,1346,13068,2116,318240,12,332,739
2026-04-23,19,3472,112,,IG_POST,419328,241500,14940,902,954,8322,0,0,765,1075
2026-04-23,20,3473,107,,YT_TRAILER,2475000,1455300,43180,1459,13412,10368,2006400,78,2512,14630
2026-04-23,20,3474,107,,IG_REEL,974610,199500,21756,1243,13188,1221,598520,14,322,806
2026-04-23,20,3475,106,10,TT_VIDEO,1604880,140700,37715,1945,1772,2165,716380,15,663,911
2026-04-23,20,3476,112,,IG_REEL,1057680,205500,19488,2510,8844,1982,211640,16,686,800
2026-04-24,12,3477,107,,IG_REEL,889200,215100,35238,2178,9792,730,371280,14,953,412
2026-04-24,12,3478,106,10,BLOG_DEV_DIARY,53557,154500,6904,926,563,2031,0,0,852,1282
2026-04-24,12,3479,106,10,YT_SHORT,1270080,273600,27995,695,1616,1461,453000,24,471,791
2026-04-24,12,3480,106,10,IG_REEL,1215630,170100,32844,2607,9768,1923,358280,12,760,876
2026-04-24,18,3481,106,10,YT_TRAILER,2421000,1213800,89505,2169,22932,9432,2345200,86,2348,20650
2026-04-24,19,3482,107,,TT_TRENDING,2929500,1195600,123660,4800,34740,1837,1777700,9,2321,966
2026-04-24,19,3483,112,,TT_VIDEO,1095120,265800,49685,2099,1131,1107,554680,16,697,1004
2026-04-24,20,3484,106,10,IG_REEL,691470,217200,41538,1951,5784,2422,294840,17,659,763
2026-04-24,20,3485,107,,IG_POST,467712,270000,8964,1877,639,4342,0,0,425,1093
2026-04-24,20,3486,112,,IG_REEL,494910,190800,45192,1617,9420,1417,443560,15,349,1262
2026-04-25,12,3487,106,10,YT_LONG,884520,198000,7808,7497,740,1421,0,328,2039,3358
2026-04-25,12,3488,112,,TT_VIDEO,1753920,220800,53295,1472,1667,880,1145620,13,973,1022
2026-04-25,12,3489,106,10,YT_TRAILER,4009500,1396500,96730,2145,14504,15678,2202200,78,2066,24360
2026-04-25,18,3490,107,,IG_STORY,994032,195300,3784,1896,1343,2442,0,0,741,3041
2026-04-25,18,3491,106,10,IG_POST,493920,256500,16074,1498,1373,6356,0,0,266,773
2026-04-25,18,3492,112,,YT_LONG,849690,256800,5176,9996,1794,1096,0,415,832,6010
2026-04-25,19,3493,112,,IG_POST,507528,256200,7452,2378,1148,7448,0,0,386,821
2026-04-25,19,3494,106,10,YT_SHORT,1370520,234000,61435,2477,1220,2515,230250,25,536,529
2026-04-25,19,3495,107,,IG_STORY,792792,260100,5024,1441,897,2185,0,0,458,4981
2026-04-25,19,3496,107,,TT_TRENDING,3994200,1332800,83700,13968,51435,1841,2610000,10,6110,392
2026-04-25,20,3497,106,10,IG_REEL,637650,221400,21294,1987,4320,2460,429520,12,621,1420
2026-04-25,20,3498,112,,TT_VIDEO,997920,237300,53390,1045,1416,986,743820,22,657,1212
2026-04-26,12,3499,106,10,TT_TRENDING,5569200,2262400,187020,14232,51210,1439,1331100,13,3146,960
2026-04-26,12,3500,107,,IG_REEL,830700,151500,49140,2376,10536,2587,322920,15,1017,820
2026-04-26,18,3501,112,,IG_POST,364896,144900,11412,807,617,6945,0,0,376,1100
2026-04-26,19,3502,106,10,BLOG_DEV_DIARY,106906,216300,5840,1316,1428,2061,0,0,1005,804
2026-04-26,19,3503,107,,YT_TRAILER,4419000,1386000,65280,1630,16408,7308,1905200,72,2134,32375
2026-04-26,19,3504,106,10,IG_POST,279720,165300,17208,673,1293,7249,0,0,486,1009
2026-04-26,20,3505,106,10,YT_SHORT,1769040,157500,54450,1278,636,1967,726000,27,395,1378
2026-04-26,20,3506,112,,BLOG_POST,112518,181500,5248,341,1157,1452,0,0,783,18260
2026-04-27,12,3507,106,10,YT_LONG,799470,270900,4768,9104,1314,2376,0,286,1028,5704
2026-04-27,12,3508,112,,YT_LONG,512730,259800,9088,3417,1338,1023,0,256,891,5389
2026-04-27,12,3509,107,,TT_VIDEO,866160,238800,56430,2224,1608,2312,904540,22,749,434
2026-04-27,18,3510,106,10,BLOG_DEV_DIARY,57211,265500,5576,2167,1514,2075,0,0,741,641
2026-04-27,18,3511,112,,YT_SHORT,1628100,275700,24090,1971,1662,2218,700500,27,287,918
2026-04-27,18,3512,107,,IG_STORY,740376,222900,9552,1219,1053,1758,0,0,778,2751
2026-04-27,19,3513,107,,TT_VIDEO,1753920,168300,68305,711,986,988,1035860,21,537,454
2026-04-27,19,3514,107,,YT_TRAILER,2335500,1419600,92055,2466,26012,12708,957000,89,3326,14350
2026-04-27,20,3515,112,,TT_VIDEO,1345680,210600,34770,1476,480,1740,794780,22,686,893
2026-04-27,20,3516,107,,YT_LONG,812430,132300,4928,8874,501,891,0,347,617,9163
2026-04-27,20,3517,112,,BLOG_POST,150480,275700,8064,347,1199,770,0,0,290,18964
2026-04-28,12,3518,107,,BLOG_DEV_DIARY,101372,122400,4184,2631,1520,1760,0,0,965,1214
2026-04-28,12,3519,112,,YT_LONG,572670,122700,9256,2678,1325,2600,0,352,1309,4199
2026-04-28,18,3520,106,10,YT_SHORT,720900,254400,37400,1762,819,1054,819750,35,884,1379
2026-04-28,18,3521,106,10,YT_TRAILER,2934000,1686300,94350,2446,21504,7272,1537800,85,3499,16800
2026-04-28,18,3522,112,,IG_POST,482832,279900,10152,1525,1764,4798,0,0,521,901
2026-04-28,19,3523,106,10,TT_TRENDING,5336100,2489200,196920,6540,28755,2451,1281800,14,2613,442
2026-04-28,19,3524,106,10,YT_SHORT,1367280,131400,57640,1514,959,814,375750,26,452,553
2026-04-29,12,3525,106,10,YT_LONG,478710,185400,7536,5916,512,1080,0,273,1021,7795
2026-04-29,12,3526,107,,IG_POST,282240,270000,8802,1973,962,8208,0,0,398,968
2026-04-29,12,3527,107,,BLOG_DEV_DIARY,98658,247200,6992,2479,860,2420,0,0,870,1374
2026-04-29,18,3528,107,,IG_POST,540792,225600,12420,1703,1028,8104,0,0,734,389
2026-04-29,18,3529,107,,TT_TRENDING,5166000,2559200,209520,10716,21060,2011,1255700,10,5909,491
2026-04-29,18,3530,106,10,TT_VIDEO,885600,275100,100415,893,1292,1016,722260,19,904,530
2026-04-29,18,3531,107,,BLOG_POST,75582,263700,5376,507,752,2449,0,0,710,6622
2026-04-29,19,3532,112,,IG_STORY,1003392,245700,4512,2174,1389,968,0,0,351,3814
2026-04-29,19,3533,107,,YT_TRAILER,2434500,1757700,34680,766,24612,12168,750200,70,2549,12495
2026-04-29,20,3534,107,,IG_STORY,667368,154800,8128,1085,945,1382,0,0,794,2008
2026-04-29,20,3535,112,,YT_TRAILER,2808000,926100,39695,1454,20748,20664,1166000,70,4973,40215
2026-04-29,20,3536,106,10,YT_TRAILER,1894500,2087400,76500,2053,19404,17676,2596000,91,3032,23590
2026-04-30,12,3537,112,,YT_SHORT,1419120,154800,39655,917,810,1135,506250,27,887,364
2026-04-30,12,3538,107,,BLOG_DEV_DIARY,67025,219600,6112,1368,839,2517,0,0,572,1177
2026-04-30,12,3539,106,10,BLOG_DEV_DIARY,65772,183000,6768,2015,1425,1520,0,0,571,737
2026-04-30,18,3540,112,,YT_TRAILER,3613500,1839600,45305,2545,24332,8262,1009800,88,2213,40355
2026-04-30,18,3541,112,,YT_LONG,780840,280800,8464,7982,1757,1624,0,355,603,3553
2026-04-30,19,3542,106,10,TT_TRENDING,6016500,1976800,156780,8376,40500,1140,2897100,9,6474,1164
2026-04-30,19,3543,106,10,YT_LONG,882900,270900,8672,2729,1587,1309,0,279,1568,8959
2026-04-30,19,3544,106,10,TT_VIDEO,1514160,140700,37050,1214,1713,909,1144640,16,869,539
2026-04-30,19,3545,112,,IG_STORY,916344,142200,7976,2453,689,821,0,0,263,2247
