DATE_DAY,TITLE_ID,EVENT_TYPE,EVENT_COUNT,REVENUE_USD
2025-11-01,1,PREORDER,13,1030.30
2025-11-01,1,ADD_TO_CART,25,0.00
2025-11-01,1,VIEW,1001,0.00
2025-11-01,1,WISHLIST,65,0.00
2025-11-01,1,PURCHASE,48,1369.00
2025-11-01,3,PREORDER,12,1085.36
2025-11-01,3,ADD_TO_CART,34,0.00
2025-11-01,3,VIEW,715,0.00
2025-11-01,3,WISHLIST,161,0.00
2025-11-01,3,PURCHASE,19,1805.74
2025-11-01,5,PREORDER,8,1030.30
2025-11-01,5,ADD_TO_CART,27,0.00
2025-11-01,5,VIEW,882,0.00
2025-11-01,5,WISHLIST,104,0.00
2025-11-01,5,PURCHASE,43,2433.55
2025-11-01,7,PREORDER,16,892.18
2025-11-01,7,ADD_TO_CART,94,0.00
2025-11-01,7,VIEW,526,0.00
2025-11-01,7,WISHLIST,143,0.00
2025-11-01,7,PURCHASE,46,1240.92
2025-11-01,9,PREORDER,12,745.66
2025-11-01,9,ADD_TO_CART,67,0.00
2025-11-01,9,VIEW,525,0.00
2025-11-01,9,WISHLIST,87,0.00
2025-11-01,9,PURCHASE,36,1387.90
2025-11-01,11,PREORDER,8,671.93
2025-11-01,11,ADD_TO_CART,67,0.00
2025-11-01,11,VIEW,542,0.00
2025-11-01,11,WISHLIST,80,0.00
2025-11-01,11,PURCHASE,22,1700.76
2025-11-01,13,PREORDER,7,874.45
2025-11-01,13,ADD_TO_CART,28,0.00
2025-11-01,13,VIEW,560,0.00
2025-11-01,13,WISHLIST,51,0.00
2025-11-01,13,PURCHASE,29,2244.58
2025-11-01,15,PREORDER,6,745.66
2025-11-01,15,ADD_TO_CART,23,0.00
2025-11-01,15,VIEW,235,0.00
2025-11-01,15,WISHLIST,64,0.00
2025-11-01,15,PURCHASE,42,2097.60
2025-11-01,17,PREORDER,8,987.37
2025-11-01,17,ADD_TO_CART,53,0.00
2025-11-01,17,VIEW,304,0.00
2025-11-01,17,WISHLIST,130,0.00
2025-11-01,17,PURCHASE,31,1060.35
2025-11-01,19,PREORDER,13,840.85
2025-11-01,19,ADD_TO_CART,44,0.00
2025-11-01,19,VIEW,551,0.00
2025-11-01,19,WISHLIST,70,0.00
2025-11-01,19,PURCHASE,51,1455.09
2025-11-01,21,PREORDER,13,953.77
2025-11-01,21,ADD_TO_CART,91,0.00
2025-11-01,21,VIEW,495,0.00
2025-11-01,21,WISHLIST,91,0.00
2025-11-01,21,PURCHASE,46,976.36
2025-11-01,23,PREORDER,17,655.13
2025-11-01,23,ADD_TO_CART,51,0.00
2025-11-01,23,VIEW,797,0.00
2025-11-01,23,WISHLIST,57,0.00
2025-11-01,23,PURCHASE,52,2504.94
2025-11-01,25,PREORDER,8,433.02
2025-11-01,25,ADD_TO_CART,33,0.00
2025-11-01,25,VIEW,721,0.00
2025-11-01,25,WISHLIST,128,0.00
2025-11-01,25,PURCHASE,18,1738.55
2025-11-01,27,PREORDER,7,301.44
2025-11-01,27,ADD_TO_CART,60,0.00
2025-11-01,27,VIEW,303,0.00
2025-11-01,27,WISHLIST,43,0.00
2025-11-01,27,PURCHASE,21,1658.76
2025-11-01,29,PREORDER,8,607.54
2025-11-01,29,ADD_TO_CART,28,0.00
2025-11-01,29,VIEW,263,0.00
2025-11-01,29,WISHLIST,68,0.00
2025-11-01,29,PURCHASE,21,1770.05
2025-11-02,2,PREORDER,11,1103.09
2025-11-02,2,ADD_TO_CART,32,0.00
2025-11-02,2,VIEW,1179,0.00
2025-11-02,2,WISHLIST,132,0.00
2025-11-02,2,PURCHASE,31,1919.13
2025-11-02,4,PREORDER,8,279.97
2025-11-02,4,ADD_TO_CART,93,0.00
2025-11-02,4,VIEW,638,0.00
2025-11-02,4,WISHLIST,80,0.00
2025-11-02,4,PURCHASE,16,1014.16
2025-11-02,6,PREORDER,6,1041.50
2025-11-02,6,ADD_TO_CART,76,0.00
2025-11-02,6,VIEW,544,0.00
2025-11-02,6,WISHLIST,110,0.00
2025-11-02,6,PURCHASE,48,2444.05
2025-11-02,8,PREORDER,11,1099.36
2025-11-02,8,ADD_TO_CART,32,0.00
2025-11-02,8,VIEW,384,0.00
2025-11-02,8,WISHLIST,145,0.00
2025-11-02,8,PURCHASE,18,789.49
2025-11-02,10,PREORDER,9,572.08
2025-11-02,10,ADD_TO_CART,18,0.00
2025-11-02,10,VIEW,392,0.00
2025-11-02,10,WISHLIST,46,0.00
2025-11-02,10,PURCHASE,43,2385.26
2025-11-02,12,PREORDER,12,522.61
2025-11-02,12,ADD_TO_CART,28,0.00
2025-11-02,12,VIEW,713,0.00
2025-11-02,12,WISHLIST,100,0.00
2025-11-02,12,PURCHASE,30,1568.48
2025-11-02,14,PREORDER,8,992.03
2025-11-02,14,ADD_TO_CART,46,0.00
2025-11-02,14,VIEW,465,0.00
2025-11-02,14,WISHLIST,70,0.00
2025-11-02,14,PURCHASE,12,2110.20
2025-11-02,16,PREORDER,4,837.12
2025-11-02,16,ADD_TO_CART,48,0.00
2025-11-02,16,VIEW,467,0.00
2025-11-02,16,WISHLIST,138,0.00
2025-11-02,16,PURCHASE,40,2122.80
2025-11-02,18,PREORDER,10,968.70
2025-11-02,18,ADD_TO_CART,38,0.00
2025-11-02,18,VIEW,900,0.00
2025-11-02,18,WISHLIST,107,0.00
2025-11-02,18,PURCHASE,20,1333.31
2025-11-02,20,PREORDER,6,335.03
2025-11-02,20,ADD_TO_CART,93,0.00
2025-11-02,20,VIEW,1194,0.00
2025-11-02,20,WISHLIST,110,0.00
2025-11-02,20,PURCHASE,25,1881.33
2025-11-02,22,PREORDER,13,490.88
2025-11-02,22,ADD_TO_CART,87,0.00
2025-11-02,22,VIEW,625,0.00
2025-11-02,22,WISHLIST,77,0.00
2025-11-02,22,PURCHASE,42,1093.94
2025-11-02,24,PREORDER,11,756.86
2025-11-02,24,ADD_TO_CART,90,0.00
2025-11-02,24,VIEW,1210,0.00
2025-11-02,24,WISHLIST,75,0.00
2025-11-02,24,PURCHASE,44,1715.45
2025-11-02,26,PREORDER,5,1059.23
2025-11-02,26,ADD_TO_CART,61,0.00
2025-11-02,26,VIEW,840,0.00
2025-11-02,26,WISHLIST,116,0.00
2025-11-02,26,PURCHASE,25,1870.83
2025-11-02,28,PREORDER,13,432.09
2025-11-02,28,ADD_TO_CART,26,0.00
2025-11-02,28,VIEW,341,0.00
2025-11-02,28,WISHLIST,80,0.00
2025-11-02,28,PURCHASE,29,1532.78
2025-11-02,30,PREORDER,5,555.28
2025-11-02,30,ADD_TO_CART,38,0.00
2025-11-02,30,VIEW,809,0.00
2025-11-02,30,WISHLIST,58,0.00
2025-11-02,30,PURCHASE,39,2397.86
2025-11-03,1,PREORDER,11,893.11
2025-11-03,1,ADD_TO_CART,20,0.00
2025-11-03,1,VIEW,789,0.00
2025-11-03,1,WISHLIST,49,0.00
2025-11-03,1,PURCHASE,43,1238.82
2025-11-03,3,PREORDER,7,539.41
2025-11-03,3,ADD_TO_CART,38,0.00
2025-11-03,3,VIEW,379,0.00
2025-11-03,3,WISHLIST,114,0.00
2025-11-03,3,PURCHASE,41,2322.27
2025-11-03,5,PREORDER,15,328.50
2025-11-03,5,ADD_TO_CART,38,0.00
2025-11-03,5,VIEW,394,0.00
2025-11-03,5,WISHLIST,105,0.00
2025-11-03,5,PURCHASE,15,2496.54
2025-11-03,7,PREORDER,7,669.13
2025-11-03,7,ADD_TO_CART,67,0.00
2025-11-03,7,VIEW,892,0.00
2025-11-03,7,WISHLIST,142,0.00
2025-11-03,7,PURCHASE,30,1959.02
2025-11-03,9,PREORDER,7,472.22
2025-11-03,9,ADD_TO_CART,28,0.00
2025-11-03,9,VIEW,553,0.00
2025-11-03,9,WISHLIST,47,0.00
2025-11-03,9,PURCHASE,33,915.47
2025-11-03,11,PREORDER,3,809.12
2025-11-03,11,ADD_TO_CART,53,0.00
2025-11-03,11,VIEW,667,0.00
2025-11-03,11,WISHLIST,42,0.00
2025-11-03,11,PURCHASE,19,1310.21
2025-11-03,13,PREORDER,8,1075.09
2025-11-03,13,ADD_TO_CART,49,0.00
2025-11-03,13,VIEW,613,0.00
2025-11-03,13,WISHLIST,48,0.00
2025-11-03,13,PURCHASE,12,1770.05
2025-11-03,15,PREORDER,7,847.38
2025-11-03,15,ADD_TO_CART,23,0.00
2025-11-03,15,VIEW,613,0.00
2025-11-03,15,WISHLIST,62,0.00
2025-11-03,15,PURCHASE,9,2160.59
2025-11-03,17,PREORDER,4,684.06
2025-11-03,17,ADD_TO_CART,49,0.00
2025-11-03,17,VIEW,633,0.00
2025-11-03,17,WISHLIST,102,0.00
2025-11-03,17,PURCHASE,28,1956.92
2025-11-03,19,PREORDER,13,284.64
2025-11-03,19,ADD_TO_CART,76,0.00
2025-11-03,19,VIEW,572,0.00
2025-11-03,19,WISHLIST,156,0.00
2025-11-03,19,PURCHASE,28,1423.60
2025-11-03,21,PREORDER,14,573.94
2025-11-03,21,ADD_TO_CART,38,0.00
2025-11-03,21,VIEW,294,0.00
2025-11-03,21,WISHLIST,58,0.00
2025-11-03,21,PURCHASE,45,961.66
2025-11-03,23,PREORDER,6,1107.76
2025-11-03,23,ADD_TO_CART,30,0.00
2025-11-03,23,VIEW,873,0.00
2025-11-03,23,WISHLIST,42,0.00
2025-11-03,23,PURCHASE,30,1503.39
2025-11-03,25,PREORDER,9,700.86
2025-11-03,25,ADD_TO_CART,16,0.00
2025-11-03,25,VIEW,366,0.00
2025-11-03,25,WISHLIST,111,0.00
2025-11-03,25,PURCHASE,32,1849.84
2025-11-03,27,PREORDER,10,728.86
2025-11-03,27,ADD_TO_CART,29,0.00
2025-11-03,27,VIEW,635,0.00
2025-11-03,27,WISHLIST,81,0.00
2025-11-03,27,PURCHASE,10,2265.58
2025-11-03,29,PREORDER,5,761.52
2025-11-03,29,ADD_TO_CART,27,0.00
2025-11-03,29,VIEW,464,0.00
2025-11-03,29,WISHLIST,73,0.00
2025-11-03,29,PURCHASE,21,741.19
2025-11-04,2,PREORDER,9,413.43
2025-11-04,2,ADD_TO_CART,47,0.00
2025-11-04,2,VIEW,459,0.00
2025-11-04,2,WISHLIST,96,0.00
2025-11-04,2,PURCHASE,26,2080.80
2025-11-04,4,PREORDER,14,620.60
2025-11-04,4,ADD_TO_CART,34,0.00
2025-11-04,4,VIEW,835,0.00
2025-11-04,4,WISHLIST,146,0.00
2025-11-04,4,PURCHASE,13,1555.88
2025-11-04,6,PREORDER,9,811.92
2025-11-04,6,ADD_TO_CART,25,0.00
2025-11-04,6,VIEW,514,0.00
2025-11-04,6,WISHLIST,45,0.00
2025-11-04,6,PURCHASE,36,2114.40
2025-11-04,8,PREORDER,5,307.97
2025-11-04,8,ADD_TO_CART,78,0.00
2025-11-04,8,VIEW,834,0.00
2025-11-04,8,WISHLIST,125,0.00
2025-11-04,8,PURCHASE,38,653.01
2025-11-04,10,PREORDER,9,424.62
2025-11-04,10,ADD_TO_CART,28,0.00
2025-11-04,10,VIEW,719,0.00
2025-11-04,10,WISHLIST,72,0.00
2025-11-04,10,PURCHASE,10,2496.54
2025-11-04,12,PREORDER,9,1002.30
2025-11-04,12,ADD_TO_CART,29,0.00
2025-11-04,12,VIEW,196,0.00
2025-11-04,12,WISHLIST,47,0.00
2025-11-04,12,PURCHASE,29,829.38
2025-11-04,14,PREORDER,4,549.68
2025-11-04,14,ADD_TO_CART,21,0.00
2025-11-04,14,VIEW,449,0.00
2025-11-04,14,WISHLIST,40,0.00
2025-11-04,14,PURCHASE,25,1606.27
2025-11-04,16,PREORDER,8,771.79
2025-11-04,16,ADD_TO_CART,45,0.00
2025-11-04,16,VIEW,259,0.00
2025-11-04,16,WISHLIST,39,0.00
2025-11-04,16,PURCHASE,14,999.46
2025-11-04,18,PREORDER,11,1025.63
2025-11-04,18,ADD_TO_CART,37,0.00
2025-11-04,18,VIEW,575,0.00
2025-11-04,18,WISHLIST,68,0.00
2025-11-04,18,PURCHASE,13,1312.31
2025-11-04,20,PREORDER,11,939.77
2025-11-04,20,ADD_TO_CART,75,0.00
2025-11-04,20,VIEW,791,0.00
2025-11-04,20,WISHLIST,84,0.00
2025-11-04,20,PURCHASE,28,638.31
2025-11-04,22,PREORDER,4,942.57
2025-11-04,22,ADD_TO_CART,62,0.00
2025-11-04,22,VIEW,793,0.00
2025-11-04,22,WISHLIST,69,0.00
2025-11-04,22,PURCHASE,23,2175.29
2025-11-04,24,PREORDER,7,373.30
2025-11-04,24,ADD_TO_CART,22,0.00
2025-11-04,24,VIEW,530,0.00
2025-11-04,24,WISHLIST,144,0.00
2025-11-04,24,PURCHASE,47,1180.03
2025-11-04,26,PREORDER,3,461.95
2025-11-04,26,ADD_TO_CART,25,0.00
2025-11-04,26,VIEW,549,0.00
2025-11-04,26,WISHLIST,63,0.00
2025-11-04,26,PURCHASE,9,1492.89
2025-11-04,28,PREORDER,3,313.57
2025-11-04,28,ADD_TO_CART,35,0.00
2025-11-04,28,VIEW,683,0.00
2025-11-04,28,WISHLIST,104,0.00
2025-11-04,28,PURCHASE,17,835.68
2025-11-04,30,PREORDER,6,339.70
2025-11-04,30,ADD_TO_CART,15,0.00
2025-11-04,30,VIEW,710,0.00
2025-11-04,30,WISHLIST,98,0.00
2025-11-04,30,PURCHASE,28,2305.47
2025-11-05,1,PREORDER,5,294.90
2025-11-05,1,ADD_TO_CART,49,0.00
2025-11-05,1,VIEW,817,0.00
2025-11-05,1,WISHLIST,84,0.00
2025-11-05,1,PURCHASE,43,632.01
2025-11-05,3,PREORDER,14,1067.63
2025-11-05,3,ADD_TO_CART,38,0.00
2025-11-05,3,VIEW,930,0.00
2025-11-05,3,WISHLIST,98,0.00
2025-11-05,3,PURCHASE,50,650.91
2025-11-05,5,PREORDER,12,1095.62
2025-11-05,5,ADD_TO_CART,66,0.00
2025-11-05,5,VIEW,470,0.00
2025-11-05,5,WISHLIST,155,0.00
2025-11-05,5,PURCHASE,31,2007.31
2025-11-05,7,PREORDER,10,846.45
2025-11-05,7,ADD_TO_CART,23,0.00
2025-11-05,7,VIEW,281,0.00
2025-11-05,7,WISHLIST,50,0.00
2025-11-05,7,PURCHASE,32,2284.47
2025-11-05,9,PREORDER,6,604.74
2025-11-05,9,ADD_TO_CART,24,0.00
2025-11-05,9,VIEW,261,0.00
2025-11-05,9,WISHLIST,104,0.00
2025-11-05,9,PURCHASE,37,1033.05
2025-11-05,11,PREORDER,9,776.46
2025-11-05,11,ADD_TO_CART,18,0.00
2025-11-05,11,VIEW,698,0.00
2025-11-05,11,WISHLIST,70,0.00
2025-11-05,11,PURCHASE,33,1308.11
2025-11-05,13,PREORDER,7,995.77
2025-11-05,13,ADD_TO_CART,25,0.00
2025-11-05,13,VIEW,503,0.00
2025-11-05,13,WISHLIST,66,0.00
2025-11-05,13,PURCHASE,24,2357.96
2025-11-05,15,PREORDER,8,1055.49
2025-11-05,15,ADD_TO_CART,51,0.00
2025-11-05,15,VIEW,298,0.00
2025-11-05,15,WISHLIST,65,0.00
2025-11-05,15,PURCHASE,24,1299.71
2025-11-05,17,PREORDER,8,790.45
2025-11-05,17,ADD_TO_CART,52,0.00
2025-11-05,17,VIEW,410,0.00
2025-11-05,17,WISHLIST,56,0.00
2025-11-05,17,PURCHASE,22,1138.04
2025-11-05,19,PREORDER,5,500.22
2025-11-05,19,ADD_TO_CART,51,0.00
2025-11-05,19,VIEW,659,0.00
2025-11-05,19,WISHLIST,90,0.00
2025-11-05,19,PURCHASE,21,1717.55
2025-11-05,21,PREORDER,15,313.57
2025-11-05,21,ADD_TO_CART,61,0.00
2025-11-05,21,VIEW,666,0.00
2025-11-05,21,WISHLIST,56,0.00
2025-11-05,21,PURCHASE,15,795.79
2025-11-05,23,PREORDER,15,915.51
2025-11-05,23,ADD_TO_CART,55,0.00
2025-11-05,23,VIEW,549,0.00
2025-11-05,23,WISHLIST,48,0.00
2025-11-05,23,PURCHASE,16,1257.72
2025-11-05,25,PREORDER,11,285.57
2025-11-05,25,ADD_TO_CART,20,0.00
2025-11-05,25,VIEW,661,0.00
2025-11-05,25,WISHLIST,99,0.00
2025-11-05,25,PURCHASE,34,2099.70
2025-11-05,27,PREORDER,8,744.73
2025-11-05,27,ADD_TO_CART,36,0.00
2025-11-05,27,VIEW,320,0.00
2025-11-05,27,WISHLIST,109,0.00
2025-11-05,27,PURCHASE,31,2303.37
2025-11-05,29,PREORDER,8,1046.16
2025-11-05,29,ADD_TO_CART,28,0.00
2025-11-05,29,VIEW,320,0.00
2025-11-05,29,WISHLIST,75,0.00
2025-11-05,29,PURCHASE,13,1994.72
2025-11-06,2,PREORDER,11,317.30
2025-11-06,2,ADD_TO_CART,52,0.00
2025-11-06,2,VIEW,962,0.00
2025-11-06,2,WISHLIST,47,0.00
2025-11-06,2,PURCHASE,30,844.08
2025-11-06,4,PREORDER,5,1087.22
2025-11-06,4,ADD_TO_CART,31,0.00
2025-11-06,4,VIEW,667,0.00
2025-11-06,4,WISHLIST,52,0.00
2025-11-06,4,PURCHASE,30,1366.90
2025-11-06,6,PREORDER,7,601.94
2025-11-06,6,ADD_TO_CART,63,0.00
2025-11-06,6,VIEW,908,0.00
2025-11-06,6,WISHLIST,122,0.00
2025-11-06,6,PURCHASE,42,1742.75
2025-11-06,8,PREORDER,10,512.35
2025-11-06,8,ADD_TO_CART,62,0.00
2025-11-06,8,VIEW,587,0.00
2025-11-06,8,WISHLIST,67,0.00
2025-11-06,8,PURCHASE,40,2143.79
2025-11-06,10,PREORDER,5,833.38
2025-11-06,10,ADD_TO_CART,55,0.00
2025-11-06,10,VIEW,683,0.00
2025-11-06,10,WISHLIST,90,0.00
2025-11-06,10,PURCHASE,16,1450.89
2025-11-06,12,PREORDER,10,352.76
2025-11-06,12,ADD_TO_CART,42,0.00
2025-11-06,12,VIEW,659,0.00
2025-11-06,12,WISHLIST,84,0.00
2025-11-06,12,PURCHASE,23,1883.43
2025-11-06,14,PREORDER,11,414.36
2025-11-06,14,ADD_TO_CART,51,0.00
2025-11-06,14,VIEW,499,0.00
2025-11-06,14,WISHLIST,84,0.00
2025-11-06,14,PURCHASE,33,1249.32
2025-11-06,16,PREORDER,8,671.93
2025-11-06,16,ADD_TO_CART,40,0.00
2025-11-06,16,VIEW,354,0.00
2025-11-06,16,WISHLIST,48,0.00
2025-11-06,16,PURCHASE,23,1980.02
2025-11-06,18,PREORDER,11,980.84
2025-11-06,18,ADD_TO_CART,15,0.00
2025-11-06,18,VIEW,565,0.00
2025-11-06,18,WISHLIST,70,0.00
2025-11-06,18,PURCHASE,17,730.70
2025-11-06,20,PREORDER,6,648.60
2025-11-06,20,ADD_TO_CART,73,0.00
2025-11-06,20,VIEW,468,0.00
2025-11-06,20,WISHLIST,115,0.00
2025-11-06,20,PURCHASE,45,793.69
2025-11-06,22,PREORDER,10,1014.43
2025-11-06,22,ADD_TO_CART,23,0.00
2025-11-06,22,VIEW,845,0.00
2025-11-06,22,WISHLIST,132,0.00
2025-11-06,22,PURCHASE,39,2034.61
2025-11-06,24,PREORDER,10,597.27
2025-11-06,24,ADD_TO_CART,41,0.00
2025-11-06,24,VIEW,686,0.00
2025-11-06,24,WISHLIST,123,0.00
2025-11-06,24,PURCHASE,22,1555.88
2025-11-06,26,PREORDER,10,978.04
2025-11-06,26,ADD_TO_CART,48,0.00
2025-11-06,26,VIEW,582,0.00
2025-11-06,26,WISHLIST,34,0.00
2025-11-06,26,PURCHASE,31,1671.36
2025-11-06,28,PREORDER,9,910.84
2025-11-06,28,ADD_TO_CART,32,0.00
2025-11-06,28,VIEW,522,0.00
2025-11-06,28,WISHLIST,105,0.00
2025-11-06,28,PURCHASE,17,772.69
2025-11-06,30,PREORDER,10,365.83
2025-11-06,30,ADD_TO_CART,18,0.00
2025-11-06,30,VIEW,421,0.00
2025-11-06,30,WISHLIST,79,0.00
2025-11-06,30,PURCHASE,23,1459.29
2025-11-07,1,PREORDER,9,673.80
2025-11-07,1,ADD_TO_CART,75,0.00
2025-11-07,1,VIEW,956,0.00
2025-11-07,1,WISHLIST,88,0.00
2025-11-07,1,PURCHASE,44,1576.87
2025-11-07,3,PREORDER,13,672.87
2025-11-07,3,ADD_TO_CART,61,0.00
2025-11-07,3,VIEW,519,0.00
2025-11-07,3,WISHLIST,136,0.00
2025-11-07,3,PURCHASE,37,2206.78
2025-11-07,5,PREORDER,13,643.00
2025-11-07,5,ADD_TO_CART,47,0.00
2025-11-07,5,VIEW,549,0.00
2025-11-07,5,WISHLIST,150,0.00
2025-11-07,5,PURCHASE,17,701.30
2025-11-07,7,PREORDER,9,973.37
2025-11-07,7,ADD_TO_CART,38,0.00
2025-11-07,7,VIEW,616,0.00
2025-11-07,7,WISHLIST,156,0.00
2025-11-07,7,PURCHASE,19,648.81
2025-11-07,9,PREORDER,8,400.36
2025-11-07,9,ADD_TO_CART,74,0.00
2025-11-07,9,VIEW,650,0.00
2025-11-07,9,WISHLIST,85,0.00
2025-11-07,9,PURCHASE,50,896.57
2025-11-07,11,PREORDER,5,452.62
2025-11-07,11,ADD_TO_CART,47,0.00
2025-11-07,11,VIEW,214,0.00
2025-11-07,11,WISHLIST,91,0.00
2025-11-07,11,PURCHASE,32,1442.49
2025-11-07,13,PREORDER,3,962.17
2025-11-07,13,ADD_TO_CART,28,0.00
2025-11-07,13,VIEW,276,0.00
2025-11-07,13,WISHLIST,91,0.00
2025-11-07,13,PURCHASE,24,732.80
2025-11-07,15,PREORDER,6,688.73
2025-11-07,15,ADD_TO_CART,29,0.00
2025-11-07,15,VIEW,676,0.00
2025-11-07,15,WISHLIST,53,0.00
2025-11-07,15,PURCHASE,25,1217.83
2025-11-07,17,PREORDER,10,1104.02
2025-11-07,17,ADD_TO_CART,43,0.00
2025-11-07,17,VIEW,399,0.00
2025-11-07,17,WISHLIST,80,0.00
2025-11-07,17,PURCHASE,9,1100.24
2025-11-07,19,PREORDER,13,533.81
2025-11-07,19,ADD_TO_CART,47,0.00
2025-11-07,19,VIEW,273,0.00
2025-11-07,19,WISHLIST,155,0.00
2025-11-07,19,PURCHASE,39,1144.34
2025-11-07,21,PREORDER,13,381.70
2025-11-07,21,ADD_TO_CART,34,0.00
2025-11-07,21,VIEW,751,0.00
2025-11-07,21,WISHLIST,126,0.00
2025-11-07,21,PURCHASE,35,2332.77
2025-11-07,23,PREORDER,10,316.37
2025-11-07,23,ADD_TO_CART,28,0.00
2025-11-07,23,VIEW,713,0.00
2025-11-07,23,WISHLIST,134,0.00
2025-11-07,23,PURCHASE,14,854.58
2025-11-07,25,PREORDER,10,829.65
2025-11-07,25,ADD_TO_CART,30,0.00
2025-11-07,25,VIEW,523,0.00
2025-11-07,25,WISHLIST,61,0.00
2025-11-07,25,PURCHASE,26,1564.28
2025-11-07,27,PREORDER,3,892.18
2025-11-07,27,ADD_TO_CART,26,0.00
2025-11-07,27,VIEW,506,0.00
2025-11-07,27,WISHLIST,69,0.00
2025-11-07,27,PURCHASE,9,1089.74
2025-11-07,29,PREORDER,5,475.02
2025-11-07,29,ADD_TO_CART,28,0.00
2025-11-07,29,VIEW,700,0.00
2025-11-07,29,WISHLIST,106,0.00
2025-11-07,29,PURCHASE,33,997.36
2025-11-08,2,PREORDER,7,831.52
2025-11-08,2,ADD_TO_CART,48,0.00
2025-11-08,2,VIEW,1260,0.00
2025-11-08,2,WISHLIST,191,0.00
2025-11-08,2,PURCHASE,39,2032.51
2025-11-08,4,PREORDER,12,555.28
2025-11-08,4,ADD_TO_CART,44,0.00
2025-11-08,4,VIEW,716,0.00
2025-11-08,4,WISHLIST,86,0.00
2025-11-08,4,PURCHASE,49,1904.43
2025-11-08,6,PREORDER,17,701.80
2025-11-08,6,ADD_TO_CART,35,0.00
2025-11-08,6,VIEW,1254,0.00
2025-11-08,6,WISHLIST,96,0.00
2025-11-08,6,PURCHASE,58,2116.50
2025-11-08,8,PREORDER,8,742.86
2025-11-08,8,ADD_TO_CART,25,0.00
2025-11-08,8,VIEW,322,0.00
2025-11-08,8,WISHLIST,123,0.00
2025-11-08,8,PURCHASE,18,2425.15
2025-11-08,10,PREORDER,7,961.24
2025-11-08,10,ADD_TO_CART,35,0.00
2025-11-08,10,VIEW,836,0.00
2025-11-08,10,WISHLIST,52,0.00
2025-11-08,10,PURCHASE,35,1343.81
2025-11-08,12,PREORDER,5,810.05
2025-11-08,12,ADD_TO_CART,56,0.00
2025-11-08,12,VIEW,255,0.00
2025-11-08,12,WISHLIST,50,0.00
2025-11-08,12,PURCHASE,25,711.80
2025-11-08,14,PREORDER,10,756.86
2025-11-08,14,ADD_TO_CART,39,0.00
2025-11-08,14,VIEW,386,0.00
2025-11-08,14,WISHLIST,100,0.00
2025-11-08,14,PURCHASE,22,2439.85
2025-11-08,16,PREORDER,7,853.91
2025-11-08,16,ADD_TO_CART,53,0.00
2025-11-08,16,VIEW,455,0.00
2025-11-08,16,WISHLIST,79,0.00
2025-11-08,16,PURCHASE,38,1541.18
2025-11-08,18,PREORDER,14,1003.23
2025-11-08,18,ADD_TO_CART,41,0.00
2025-11-08,18,VIEW,431,0.00
2025-11-08,18,WISHLIST,75,0.00
2025-11-08,18,PURCHASE,43,2206.78
2025-11-08,20,PREORDER,19,334.10
2025-11-08,20,ADD_TO_CART,52,0.00
2025-11-08,20,VIEW,441,0.00
2025-11-08,20,WISHLIST,118,0.00
2025-11-08,20,PURCHASE,27,1169.53
2025-11-08,22,PREORDER,18,369.56
2025-11-08,22,ADD_TO_CART,42,0.00
2025-11-08,22,VIEW,518,0.00
2025-11-08,22,WISHLIST,124,0.00
2025-11-08,22,PURCHASE,28,736.99
2025-11-08,24,PREORDER,8,346.23
2025-11-08,24,ADD_TO_CART,69,0.00
2025-11-08,24,VIEW,734,0.00
2025-11-08,24,WISHLIST,176,0.00
2025-11-08,24,PURCHASE,46,827.28
2025-11-08,26,PREORDER,8,594.47
2025-11-08,26,ADD_TO_CART,38,0.00
2025-11-08,26,VIEW,406,0.00
2025-11-08,26,WISHLIST,65,0.00
2025-11-08,26,PURCHASE,29,1070.85
2025-11-08,28,PREORDER,10,913.64
2025-11-08,28,ADD_TO_CART,20,0.00
2025-11-08,28,VIEW,279,0.00
2025-11-08,28,WISHLIST,134,0.00
2025-11-08,28,PURCHASE,32,902.87
2025-11-08,30,PREORDER,9,795.12
2025-11-08,30,ADD_TO_CART,31,0.00
2025-11-08,30,VIEW,317,0.00
2025-11-08,30,WISHLIST,137,0.00
2025-11-08,30,PURCHASE,18,1234.62
2025-11-09,1,PREORDER,19,763.39
2025-11-09,1,ADD_TO_CART,48,0.00
2025-11-09,1,VIEW,880,0.00
2025-11-09,1,WISHLIST,186,0.00
2025-11-09,1,PURCHASE,18,2213.08
2025-11-09,3,PREORDER,11,967.77
2025-11-09,3,ADD_TO_CART,70,0.00
2025-11-09,3,VIEW,336,0.00
2025-11-09,3,WISHLIST,157,0.00
2025-11-09,3,PURCHASE,52,1398.40
2025-11-09,5,PREORDER,18,306.10
2025-11-09,5,ADD_TO_CART,87,0.00
2025-11-09,5,VIEW,732,0.00
2025-11-09,5,WISHLIST,100,0.00
2025-11-09,5,PURCHASE,28,1079.25
2025-11-09,7,PREORDER,5,878.18
2025-11-09,7,ADD_TO_CART,51,0.00
2025-11-09,7,VIEW,626,0.00
2025-11-09,7,WISHLIST,70,0.00
2025-11-09,7,PURCHASE,45,2099.70
2025-11-09,9,PREORDER,15,954.70
2025-11-09,9,ADD_TO_CART,64,0.00
2025-11-09,9,VIEW,821,0.00
2025-11-09,9,WISHLIST,162,0.00
2025-11-09,9,PURCHASE,17,2444.05
2025-11-09,11,PREORDER,11,893.11
2025-11-09,11,ADD_TO_CART,28,0.00
2025-11-09,11,VIEW,535,0.00
2025-11-09,11,WISHLIST,80,0.00
2025-11-09,11,PURCHASE,33,930.17
2025-11-09,13,PREORDER,9,964.97
2025-11-09,13,ADD_TO_CART,59,0.00
2025-11-09,13,VIEW,429,0.00
2025-11-09,13,WISHLIST,100,0.00
2025-11-09,13,PURCHASE,25,1965.32
2025-11-09,15,PREORDER,13,1023.76
2025-11-09,15,ADD_TO_CART,39,0.00
2025-11-09,15,VIEW,588,0.00
2025-11-09,15,WISHLIST,115,0.00
2025-11-09,15,PURCHASE,28,1704.96
2025-11-09,17,PREORDER,10,603.81
2025-11-09,17,ADD_TO_CART,68,0.00
2025-11-09,17,VIEW,796,0.00
2025-11-09,17,WISHLIST,63,0.00
2025-11-09,17,PURCHASE,43,2185.79
2025-11-09,19,PREORDER,7,280.91
2025-11-09,19,ADD_TO_CART,35,0.00
2025-11-09,19,VIEW,617,0.00
2025-11-09,19,WISHLIST,61,0.00
2025-11-09,19,PURCHASE,54,1261.92
2025-11-09,21,PREORDER,11,1062.03
2025-11-09,21,ADD_TO_CART,39,0.00
2025-11-09,21,VIEW,507,0.00
2025-11-09,21,WISHLIST,123,0.00
2025-11-09,21,PURCHASE,46,1935.92
2025-11-09,23,PREORDER,12,839.92
2025-11-09,23,ADD_TO_CART,55,0.00
2025-11-09,23,VIEW,903,0.00
2025-11-09,23,WISHLIST,173,0.00
2025-11-09,23,PURCHASE,54,1377.40
2025-11-09,25,PREORDER,4,482.49
2025-11-09,25,ADD_TO_CART,42,0.00
2025-11-09,25,VIEW,242,0.00
2025-11-09,25,WISHLIST,120,0.00
2025-11-09,25,PURCHASE,35,1429.90
2025-11-09,27,PREORDER,11,1087.22
2025-11-09,27,ADD_TO_CART,24,0.00
2025-11-09,27,VIEW,491,0.00
2025-11-09,27,WISHLIST,75,0.00
2025-11-09,27,PURCHASE,38,1637.77
2025-11-09,29,PREORDER,14,284.64
2025-11-09,29,ADD_TO_CART,54,0.00
2025-11-09,29,VIEW,373,0.00
2025-11-09,29,WISHLIST,90,0.00
2025-11-09,29,PURCHASE,39,1310.21
2025-11-10,2,PREORDER,13,606.61
2025-11-10,2,ADD_TO_CART,40,0.00
2025-11-10,2,VIEW,990,0.00
2025-11-10,2,WISHLIST,72,0.00
2025-11-10,2,PURCHASE,33,1581.07
2025-11-10,4,PREORDER,7,997.63
2025-11-10,4,ADD_TO_CART,50,0.00
2025-11-10,4,VIEW,504,0.00
2025-11-10,4,WISHLIST,53,0.00
2025-11-10,4,PURCHASE,30,1236.72
2025-11-10,6,PREORDER,7,640.20
2025-11-10,6,ADD_TO_CART,67,0.00
2025-11-10,6,VIEW,873,0.00
2025-11-10,6,WISHLIST,93,0.00
2025-11-10,6,PURCHASE,23,1308.11
2025-11-10,8,PREORDER,7,1003.23
2025-11-10,8,ADD_TO_CART,60,0.00
2025-11-10,8,VIEW,948,0.00
2025-11-10,8,WISHLIST,88,0.00
2025-11-10,8,PURCHASE,22,2229.88
2025-11-10,10,PREORDER,8,705.53
2025-11-10,10,ADD_TO_CART,45,0.00
2025-11-10,10,VIEW,363,0.00
2025-11-10,10,WISHLIST,68,0.00
2025-11-10,10,PURCHASE,19,1723.85
2025-11-10,12,PREORDER,7,375.16
2025-11-10,12,ADD_TO_CART,16,0.00
2025-11-10,12,VIEW,600,0.00
2025-11-10,12,WISHLIST,71,0.00
2025-11-10,12,PURCHASE,21,688.70
2025-11-10,14,PREORDER,7,296.77
2025-11-10,14,ADD_TO_CART,29,0.00
2025-11-10,14,VIEW,246,0.00
2025-11-10,14,WISHLIST,98,0.00
2025-11-10,14,PURCHASE,35,720.20
2025-11-10,16,PREORDER,10,1039.63
2025-11-10,16,ADD_TO_CART,19,0.00
2025-11-10,16,VIEW,585,0.00
2025-11-10,16,WISHLIST,49,0.00
2025-11-10,16,PURCHASE,26,1226.22
2025-11-10,18,PREORDER,4,787.65
2025-11-10,18,ADD_TO_CART,48,0.00
2025-11-10,18,VIEW,461,0.00
2025-11-10,18,WISHLIST,53,0.00
2025-11-10,18,PURCHASE,28,907.07
2025-11-10,20,PREORDER,11,614.07
2025-11-10,20,ADD_TO_CART,42,0.00
2025-11-10,20,VIEW,525,0.00
2025-11-10,20,WISHLIST,62,0.00
2025-11-10,20,PURCHASE,35,638.31
2025-11-10,22,PREORDER,6,764.32
2025-11-10,22,ADD_TO_CART,35,0.00
2025-11-10,22,VIEW,270,0.00
2025-11-10,22,WISHLIST,131,0.00
2025-11-10,22,PURCHASE,15,1148.54
2025-11-10,24,PREORDER,6,442.36
2025-11-10,24,ADD_TO_CART,30,0.00
2025-11-10,24,VIEW,855,0.00
2025-11-10,24,WISHLIST,123,0.00
2025-11-10,24,PURCHASE,25,1862.43
2025-11-10,26,PREORDER,7,653.27
2025-11-10,26,ADD_TO_CART,53,0.00
2025-11-10,26,VIEW,212,0.00
2025-11-10,26,WISHLIST,63,0.00
2025-11-10,26,PURCHASE,21,2469.25
2025-11-10,28,PREORDER,9,944.44
2025-11-10,28,ADD_TO_CART,18,0.00
2025-11-10,28,VIEW,563,0.00
2025-11-10,28,WISHLIST,32,0.00
2025-11-10,28,PURCHASE,10,2378.96
2025-11-10,30,PREORDER,6,1113.36
2025-11-10,30,ADD_TO_CART,48,0.00
2025-11-10,30,VIEW,340,0.00
2025-11-10,30,WISHLIST,66,0.00
2025-11-10,30,PURCHASE,10,2026.21
2025-11-11,1,PREORDER,6,335.03
2025-11-11,1,ADD_TO_CART,40,0.00
2025-11-11,1,VIEW,326,0.00
2025-11-11,1,WISHLIST,86,0.00
2025-11-11,1,PURCHASE,22,2007.31
2025-11-11,3,PREORDER,12,715.80
2025-11-11,3,ADD_TO_CART,22,0.00
2025-11-11,3,VIEW,307,0.00
2025-11-11,3,WISHLIST,146,0.00
2025-11-11,3,PURCHASE,45,2343.27
2025-11-11,5,PREORDER,15,453.55
2025-11-11,5,ADD_TO_CART,40,0.00
2025-11-11,5,VIEW,735,0.00
2025-11-11,5,WISHLIST,77,0.00
2025-11-11,5,PURCHASE,37,1415.20
2025-11-11,7,PREORDER,4,601.01
2025-11-11,7,ADD_TO_CART,51,0.00
2025-11-11,7,VIEW,486,0.00
2025-11-11,7,WISHLIST,103,0.00
2025-11-11,7,PURCHASE,45,2122.80
2025-11-11,9,PREORDER,11,651.40
2025-11-11,9,ADD_TO_CART,73,0.00
2025-11-11,9,VIEW,728,0.00
2025-11-11,9,WISHLIST,132,0.00
2025-11-11,9,PURCHASE,14,1501.29
2025-11-11,11,PREORDER,6,915.51
2025-11-11,11,ADD_TO_CART,55,0.00
2025-11-11,11,VIEW,651,0.00
2025-11-11,11,WISHLIST,109,0.00
2025-11-11,11,PURCHASE,29,709.70
2025-11-11,13,PREORDER,3,908.98
2025-11-11,13,ADD_TO_CART,18,0.00
2025-11-11,13,VIEW,300,0.00
2025-11-11,13,WISHLIST,78,0.00
2025-11-11,13,PURCHASE,36,1830.94
2025-11-11,15,PREORDER,10,943.51
2025-11-11,15,ADD_TO_CART,55,0.00
2025-11-11,15,VIEW,280,0.00
2025-11-11,15,WISHLIST,51,0.00
2025-11-11,15,PURCHASE,30,1980.02
2025-11-11,17,PREORDER,6,436.76
2025-11-11,17,ADD_TO_CART,34,0.00
2025-11-11,17,VIEW,563,0.00
2025-11-11,17,WISHLIST,62,0.00
2025-11-11,17,PURCHASE,24,1411.00
2025-11-11,19,PREORDER,12,610.34
2025-11-11,19,ADD_TO_CART,40,0.00
2025-11-11,19,VIEW,402,0.00
2025-11-11,19,WISHLIST,106,0.00
2025-11-11,19,PURCHASE,48,904.97
2025-11-11,21,PREORDER,14,425.56
2025-11-11,21,ADD_TO_CART,61,0.00
2025-11-11,21,VIEW,280,0.00
2025-11-11,21,WISHLIST,101,0.00
2025-11-11,21,PURCHASE,32,1005.76
2025-11-11,23,PREORDER,7,765.26
2025-11-11,23,ADD_TO_CART,58,0.00
2025-11-11,23,VIEW,693,0.00
2025-11-11,23,WISHLIST,112,0.00
2025-11-11,23,PURCHASE,23,1226.22
2025-11-11,25,PREORDER,11,385.43
2025-11-11,25,ADD_TO_CART,16,0.00
2025-11-11,25,VIEW,572,0.00
2025-11-11,25,WISHLIST,42,0.00
2025-11-11,25,PURCHASE,10,1725.95
2025-11-11,27,PREORDER,7,632.74
2025-11-11,27,ADD_TO_CART,48,0.00
2025-11-11,27,VIEW,262,0.00
2025-11-11,27,WISHLIST,45,0.00
2025-11-11,27,PURCHASE,14,1253.52
2025-11-11,29,PREORDER,10,735.39
2025-11-11,29,ADD_TO_CART,14,0.00
2025-11-11,29,VIEW,197,0.00
2025-11-11,29,WISHLIST,55,0.00
2025-11-11,29,PURCHASE,21,1362.71
2025-11-12,2,PREORDER,9,1103.09
2025-11-12,2,ADD_TO_CART,27,0.00
2025-11-12,2,VIEW,992,0.00
2025-11-12,2,WISHLIST,108,0.00
2025-11-12,2,PURCHASE,22,2303.37
2025-11-12,4,PREORDER,7,364.90
2025-11-12,4,ADD_TO_CART,65,0.00
2025-11-12,4,VIEW,286,0.00
2025-11-12,4,WISHLIST,56,0.00
2025-11-12,4,PURCHASE,44,1406.80
2025-11-12,6,PREORDER,11,586.07
2025-11-12,6,ADD_TO_CART,57,0.00
2025-11-12,6,VIEW,680,0.00
2025-11-12,6,WISHLIST,105,0.00
2025-11-12,6,PURCHASE,31,655.11
2025-11-12,8,PREORDER,11,849.25
2025-11-12,8,ADD_TO_CART,36,0.00
2025-11-12,8,VIEW,798,0.00
2025-11-12,8,WISHLIST,52,0.00
2025-11-12,8,PURCHASE,25,871.38
2025-11-12,10,PREORDER,8,282.77
2025-11-12,10,ADD_TO_CART,17,0.00
2025-11-12,10,VIEW,658,0.00
2025-11-12,10,WISHLIST,54,0.00
2025-11-12,10,PURCHASE,18,2427.25
2025-11-12,12,PREORDER,4,1046.16
2025-11-12,12,ADD_TO_CART,20,0.00
2025-11-12,12,VIEW,539,0.00
2025-11-12,12,WISHLIST,72,0.00
2025-11-12,12,PURCHASE,24,1469.79
2025-11-12,14,PREORDER,5,401.29
2025-11-12,14,ADD_TO_CART,55,0.00
2025-11-12,14,VIEW,275,0.00
2025-11-12,14,WISHLIST,89,0.00
2025-11-12,14,PURCHASE,28,688.70
2025-11-12,16,PREORDER,10,535.68
2025-11-12,16,ADD_TO_CART,51,0.00
2025-11-12,16,VIEW,592,0.00
2025-11-12,16,WISHLIST,84,0.00
2025-11-12,16,PURCHASE,36,2519.64
2025-11-12,18,PREORDER,10,537.55
2025-11-12,18,ADD_TO_CART,55,0.00
2025-11-12,18,VIEW,290,0.00
2025-11-12,18,WISHLIST,85,0.00
2025-11-12,18,PURCHASE,9,1662.96
2025-11-12,20,PREORDER,5,679.40
2025-11-12,20,ADD_TO_CART,50,0.00
2025-11-12,20,VIEW,403,0.00
2025-11-12,20,WISHLIST,76,0.00
2025-11-12,20,PURCHASE,28,1169.53
2025-11-12,22,PREORDER,12,971.50
2025-11-12,22,ADD_TO_CART,55,0.00
2025-11-12,22,VIEW,588,0.00
2025-11-12,22,WISHLIST,112,0.00
2025-11-12,22,PURCHASE,27,1782.65
2025-11-12,24,PREORDER,14,869.78
2025-11-12,24,ADD_TO_CART,70,0.00
2025-11-12,24,VIEW,764,0.00
2025-11-12,24,WISHLIST,153,0.00
2025-11-12,24,PURCHASE,13,1369.00
2025-11-12,26,PREORDER,9,907.11
2025-11-12,26,ADD_TO_CART,38,0.00
2025-11-12,26,VIEW,340,0.00
2025-11-12,26,WISHLIST,78,0.00
2025-11-12,26,PURCHASE,24,1362.71
2025-11-12,28,PREORDER,10,1081.63
2025-11-12,28,ADD_TO_CART,25,0.00
2025-11-12,28,VIEW,679,0.00
2025-11-12,28,WISHLIST,43,0.00
2025-11-12,28,PURCHASE,35,793.69
2025-11-12,30,PREORDER,9,533.81
2025-11-12,30,ADD_TO_CART,15,0.00
2025-11-12,30,VIEW,629,0.00
2025-11-12,30,WISHLIST,83,0.00
2025-11-12,30,PURCHASE,23,1646.16
2025-11-13,1,PREORDER,7,1052.69
2025-11-13,1,ADD_TO_CART,35,0.00
2025-11-13,1,VIEW,848,0.00
2025-11-13,1,WISHLIST,69,0.00
2025-11-13,1,PURCHASE,17,1791.04
2025-11-13,3,PREORDER,7,1063.89
2025-11-13,3,ADD_TO_CART,60,0.00
2025-11-13,3,VIEW,836,0.00
2025-11-13,3,WISHLIST,41,0.00
2025-11-13,3,PURCHASE,30,634.11
2025-11-13,5,PREORDER,14,1096.56
2025-11-13,5,ADD_TO_CART,78,0.00
2025-11-13,5,VIEW,995,0.00
2025-11-13,5,WISHLIST,135,0.00
2025-11-13,5,PURCHASE,39,728.60
2025-11-13,7,PREORDER,5,866.05
2025-11-13,7,ADD_TO_CART,63,0.00
2025-11-13,7,VIEW,343,0.00
2025-11-13,7,WISHLIST,123,0.00
2025-11-13,7,PURCHASE,36,1255.62
2025-11-13,9,PREORDER,15,391.96
2025-11-13,9,ADD_TO_CART,43,0.00
2025-11-13,9,VIEW,461,0.00
2025-11-13,9,WISHLIST,71,0.00
2025-11-13,9,PURCHASE,27,2099.70
2025-11-13,11,PREORDER,5,697.13
2025-11-13,11,ADD_TO_CART,16,0.00
2025-11-13,11,VIEW,236,0.00
2025-11-13,11,WISHLIST,49,0.00
2025-11-13,11,PURCHASE,19,1700.76
2025-11-13,13,PREORDER,7,938.84
2025-11-13,13,ADD_TO_CART,23,0.00
2025-11-13,13,VIEW,589,0.00
2025-11-13,13,WISHLIST,55,0.00
2025-11-13,13,PURCHASE,10,1259.82
2025-11-13,15,PREORDER,8,616.87
2025-11-13,15,ADD_TO_CART,36,0.00
2025-11-13,15,VIEW,338,0.00
2025-11-13,15,WISHLIST,56,0.00
2025-11-13,15,PURCHASE,15,2292.87
2025-11-13,17,PREORDER,8,502.08
2025-11-13,17,ADD_TO_CART,52,0.00
2025-11-13,17,VIEW,718,0.00
2025-11-13,17,WISHLIST,33,0.00
2025-11-13,17,PURCHASE,33,2370.56
2025-11-13,19,PREORDER,5,732.59
2025-11-13,19,ADD_TO_CART,43,0.00
2025-11-13,19,VIEW,522,0.00
2025-11-13,19,WISHLIST,117,0.00
2025-11-13,19,PURCHASE,14,1952.72
2025-11-13,21,PREORDER,16,990.17
2025-11-13,21,ADD_TO_CART,37,0.00
2025-11-13,21,VIEW,548,0.00
2025-11-13,21,WISHLIST,122,0.00
2025-11-13,21,PURCHASE,38,1851.94
2025-11-13,23,PREORDER,13,838.98
2025-11-13,23,ADD_TO_CART,28,0.00
2025-11-13,23,VIEW,417,0.00
2025-11-13,23,WISHLIST,57,0.00
2025-11-13,23,PURCHASE,24,1572.68
2025-11-13,25,PREORDER,9,681.27
2025-11-13,25,ADD_TO_CART,51,0.00
2025-11-13,25,VIEW,582,0.00
2025-11-13,25,WISHLIST,88,0.00
2025-11-13,25,PURCHASE,36,1316.51
2025-11-13,27,PREORDER,6,1110.56
2025-11-13,27,ADD_TO_CART,42,0.00
2025-11-13,27,VIEW,293,0.00
2025-11-13,27,WISHLIST,52,0.00
2025-11-13,27,PURCHASE,10,894.47
2025-11-13,29,PREORDER,4,662.60
2025-11-13,29,ADD_TO_CART,19,0.00
2025-11-13,29,VIEW,575,0.00
2025-11-13,29,WISHLIST,110,0.00
2025-11-13,29,PURCHASE,12,1515.98
2025-11-14,2,PREORDER,11,745.66
2025-11-14,2,ADD_TO_CART,20,0.00
2025-11-14,2,VIEW,634,0.00
2025-11-14,2,WISHLIST,120,0.00
2025-11-14,2,PURCHASE,47,1471.89
2025-11-14,4,PREORDER,7,699.00
2025-11-14,4,ADD_TO_CART,76,0.00
2025-11-14,4,VIEW,840,0.00
2025-11-14,4,WISHLIST,122,0.00
2025-11-14,4,PURCHASE,24,2217.28
2025-11-14,6,PREORDER,6,582.34
2025-11-14,6,ADD_TO_CART,77,0.00
2025-11-14,6,VIEW,924,0.00
2025-11-14,6,WISHLIST,122,0.00
2025-11-14,6,PURCHASE,24,831.48
2025-11-14,8,PREORDER,14,427.42
2025-11-14,8,ADD_TO_CART,28,0.00
2025-11-14,8,VIEW,340,0.00
2025-11-14,8,WISHLIST,46,0.00
2025-11-14,8,PURCHASE,15,1940.12
2025-11-14,10,PREORDER,7,964.97
2025-11-14,10,ADD_TO_CART,51,0.00
2025-11-14,10,VIEW,299,0.00
2025-11-14,10,WISHLIST,98,0.00
2025-11-14,10,PURCHASE,11,2210.98
2025-11-14,12,PREORDER,8,968.70
2025-11-14,12,ADD_TO_CART,51,0.00
2025-11-14,12,VIEW,444,0.00
2025-11-14,12,WISHLIST,98,0.00
2025-11-14,12,PURCHASE,18,2055.61
2025-11-14,14,PREORDER,9,1113.36
2025-11-14,14,ADD_TO_CART,20,0.00
2025-11-14,14,VIEW,224,0.00
2025-11-14,14,WISHLIST,110,0.00
2025-11-14,14,PURCHASE,13,1152.74
2025-11-14,16,PREORDER,8,1069.49
2025-11-14,16,ADD_TO_CART,26,0.00
2025-11-14,16,VIEW,595,0.00
2025-11-14,16,WISHLIST,34,0.00
2025-11-14,16,PURCHASE,17,2517.54
2025-11-14,18,PREORDER,11,518.88
2025-11-14,18,ADD_TO_CART,39,0.00
2025-11-14,18,VIEW,331,0.00
2025-11-14,18,WISHLIST,111,0.00
2025-11-14,18,PURCHASE,31,2273.98
2025-11-14,20,PREORDER,12,959.37
2025-11-14,20,ADD_TO_CART,58,0.00
2025-11-14,20,VIEW,784,0.00
2025-11-14,20,WISHLIST,70,0.00
2025-11-14,20,PURCHASE,40,2038.81
2025-11-14,22,PREORDER,13,727.93
2025-11-14,22,ADD_TO_CART,71,0.00
2025-11-14,22,VIEW,569,0.00
2025-11-14,22,WISHLIST,50,0.00
2025-11-14,22,PURCHASE,19,1077.15
2025-11-14,24,PREORDER,14,532.88
2025-11-14,24,ADD_TO_CART,59,0.00
2025-11-14,24,VIEW,589,0.00
2025-11-14,24,WISHLIST,92,0.00
2025-11-14,24,PURCHASE,23,1473.99
2025-11-14,26,PREORDER,5,476.89
2025-11-14,26,ADD_TO_CART,54,0.00
2025-11-14,26,VIEW,239,0.00
2025-11-14,26,WISHLIST,39,0.00
2025-11-14,26,PURCHASE,33,1959.02
2025-11-14,28,PREORDER,4,764.32
2025-11-14,28,ADD_TO_CART,14,0.00
2025-11-14,28,VIEW,425,0.00
2025-11-14,28,WISHLIST,32,0.00
2025-11-14,28,PURCHASE,21,2225.68
2025-11-14,30,PREORDER,7,1008.83
2025-11-14,30,ADD_TO_CART,41,0.00
2025-11-14,30,VIEW,349,0.00
2025-11-14,30,WISHLIST,110,0.00
2025-11-14,30,PURCHASE,19,1885.53
2025-11-15,1,PREORDER,16,809.12
2025-11-15,1,ADD_TO_CART,31,0.00
2025-11-15,1,VIEW,989,0.00
2025-11-15,1,WISHLIST,154,0.00
2025-11-15,1,PURCHASE,53,768.49
2025-11-15,3,PREORDER,7,749.39
2025-11-15,3,ADD_TO_CART,25,0.00
2025-11-15,3,VIEW,763,0.00
2025-11-15,3,WISHLIST,177,0.00
2025-11-15,3,PURCHASE,24,1631.47
2025-11-15,5,PREORDER,14,1034.03
2025-11-15,5,ADD_TO_CART,84,0.00
2025-11-15,5,VIEW,1258,0.00
2025-11-15,5,WISHLIST,160,0.00
2025-11-15,5,PURCHASE,61,1100.24
2025-11-15,7,PREORDER,15,636.47
2025-11-15,7,ADD_TO_CART,71,0.00
2025-11-15,7,VIEW,946,0.00
2025-11-15,7,WISHLIST,127,0.00
2025-11-15,7,PURCHASE,33,1990.52
2025-11-15,9,PREORDER,6,1103.09
2025-11-15,9,ADD_TO_CART,33,0.00
2025-11-15,9,VIEW,727,0.00
2025-11-15,9,WISHLIST,157,0.00
2025-11-15,9,PURCHASE,36,734.90
2025-11-15,11,PREORDER,12,707.40
2025-11-15,11,ADD_TO_CART,30,0.00
2025-11-15,11,VIEW,709,0.00
2025-11-15,11,WISHLIST,111,0.00
2025-11-15,11,PURCHASE,12,2019.91
2025-11-15,13,PREORDER,5,293.04
2025-11-15,13,ADD_TO_CART,22,0.00
2025-11-15,13,VIEW,815,0.00
2025-11-15,13,WISHLIST,97,0.00
2025-11-15,13,PURCHASE,43,1452.99
2025-11-15,15,PREORDER,9,858.58
2025-11-15,15,ADD_TO_CART,33,0.00
2025-11-15,15,VIEW,458,0.00
2025-11-15,15,WISHLIST,53,0.00
2025-11-15,15,PURCHASE,22,1620.97
2025-11-15,17,PREORDER,8,283.70
2025-11-15,17,ADD_TO_CART,24,0.00
2025-11-15,17,VIEW,287,0.00
2025-11-15,17,WISHLIST,93,0.00
2025-11-15,17,PURCHASE,25,1833.04
2025-11-15,19,PREORDER,13,749.39
2025-11-15,19,ADD_TO_CART,64,0.00
2025-11-15,19,VIEW,838,0.00
2025-11-15,19,WISHLIST,51,0.00
2025-11-15,19,PURCHASE,44,1373.20
2025-11-15,21,PREORDER,12,625.27
2025-11-15,21,ADD_TO_CART,92,0.00
2025-11-15,21,VIEW,741,0.00
2025-11-15,21,WISHLIST,72,0.00
2025-11-15,21,PURCHASE,20,1285.02
2025-11-15,23,PREORDER,11,431.16
2025-11-15,23,ADD_TO_CART,85,0.00
2025-11-15,23,VIEW,401,0.00
2025-11-15,23,WISHLIST,134,0.00
2025-11-15,23,PURCHASE,28,2118.60
2025-11-15,25,PREORDER,6,953.77
2025-11-15,25,ADD_TO_CART,18,0.00
2025-11-15,25,VIEW,880,0.00
2025-11-15,25,WISHLIST,136,0.00
2025-11-15,25,PURCHASE,42,1679.76
2025-11-15,27,PREORDER,8,998.57
2025-11-15,27,ADD_TO_CART,29,0.00
2025-11-15,27,VIEW,374,0.00
2025-11-15,27,WISHLIST,139,0.00
2025-11-15,27,PURCHASE,42,1576.87
2025-11-15,29,PREORDER,4,404.09
2025-11-15,29,ADD_TO_CART,18,0.00
2025-11-15,29,VIEW,237,0.00
2025-11-15,29,WISHLIST,107,0.00
2025-11-15,29,PURCHASE,31,1488.69
2025-11-16,2,PREORDER,17,441.42
2025-11-16,2,ADD_TO_CART,25,0.00
2025-11-16,2,VIEW,1120,0.00
2025-11-16,2,WISHLIST,60,0.00
2025-11-16,2,PURCHASE,55,1117.04
2025-11-16,4,PREORDER,18,281.84
2025-11-16,4,ADD_TO_CART,41,0.00
2025-11-16,4,VIEW,546,0.00
2025-11-16,4,WISHLIST,129,0.00
2025-11-16,4,PURCHASE,60,2219.38
2025-11-16,6,PREORDER,6,700.86
2025-11-16,6,ADD_TO_CART,87,0.00
2025-11-16,6,VIEW,1163,0.00
2025-11-16,6,WISHLIST,168,0.00
2025-11-16,6,PURCHASE,25,1793.14
2025-11-16,8,PREORDER,14,1074.16
2025-11-16,8,ADD_TO_CART,42,0.00
2025-11-16,8,VIEW,656,0.00
2025-11-16,8,WISHLIST,63,0.00
2025-11-16,8,PURCHASE,21,1140.14
2025-11-16,10,PREORDER,13,951.90
2025-11-16,10,ADD_TO_CART,68,0.00
2025-11-16,10,VIEW,415,0.00
2025-11-16,10,WISHLIST,75,0.00
2025-11-16,10,PURCHASE,22,1205.23
2025-11-16,12,PREORDER,12,800.72
2025-11-16,12,ADD_TO_CART,48,0.00
2025-11-16,12,VIEW,589,0.00
2025-11-16,12,WISHLIST,67,0.00
2025-11-16,12,PURCHASE,43,1879.23
2025-11-16,14,PREORDER,7,647.67
2025-11-16,14,ADD_TO_CART,66,0.00
2025-11-16,14,VIEW,527,0.00
2025-11-16,14,WISHLIST,50,0.00
2025-11-16,14,PURCHASE,21,1478.19
2025-11-16,16,PREORDER,11,610.34
2025-11-16,16,ADD_TO_CART,35,0.00
2025-11-16,16,VIEW,420,0.00
2025-11-16,16,WISHLIST,131,0.00
2025-11-16,16,PURCHASE,28,2213.08
2025-11-16,18,PREORDER,4,430.22
2025-11-16,18,ADD_TO_CART,56,0.00
2025-11-16,18,VIEW,279,0.00
2025-11-16,18,WISHLIST,52,0.00
2025-11-16,18,PURCHASE,35,2210.98
2025-11-16,20,PREORDER,8,920.17
2025-11-16,20,ADD_TO_CART,53,0.00
2025-11-16,20,VIEW,839,0.00
2025-11-16,20,WISHLIST,182,0.00
2025-11-16,20,PURCHASE,48,2240.38
2025-11-16,22,PREORDER,12,948.17
2025-11-16,22,ADD_TO_CART,32,0.00
2025-11-16,22,VIEW,733,0.00
2025-11-16,22,WISHLIST,146,0.00
2025-11-16,22,PURCHASE,58,2517.54
2025-11-16,24,PREORDER,18,1077.89
2025-11-16,24,ADD_TO_CART,53,0.00
2025-11-16,24,VIEW,553,0.00
2025-11-16,24,WISHLIST,110,0.00
2025-11-16,24,PURCHASE,57,869.28
2025-11-16,26,PREORDER,10,306.10
2025-11-16,26,ADD_TO_CART,27,0.00
2025-11-16,26,VIEW,864,0.00
2025-11-16,26,WISHLIST,74,0.00
2025-11-16,26,PURCHASE,44,1862.43
2025-11-16,28,PREORDER,11,523.55
2025-11-16,28,ADD_TO_CART,29,0.00
2025-11-16,28,VIEW,302,0.00
2025-11-16,28,WISHLIST,80,0.00
2025-11-16,28,PURCHASE,20,2219.38
2025-11-16,30,PREORDER,8,782.06
2025-11-16,30,ADD_TO_CART,46,0.00
2025-11-16,30,VIEW,239,0.00
2025-11-16,30,WISHLIST,105,0.00
2025-11-16,30,PURCHASE,30,911.27
2025-11-17,1,PREORDER,12,1084.42
2025-11-17,1,ADD_TO_CART,62,0.00
2025-11-17,1,VIEW,840,0.00
2025-11-17,1,WISHLIST,83,0.00
2025-11-17,1,PURCHASE,47,783.19
2025-11-17,3,PREORDER,7,497.42
2025-11-17,3,ADD_TO_CART,58,0.00
2025-11-17,3,VIEW,583,0.00
2025-11-17,3,WISHLIST,133,0.00
2025-11-17,3,PURCHASE,48,1656.66
2025-11-17,5,PREORDER,9,682.20
2025-11-17,5,ADD_TO_CART,28,0.00
2025-11-17,5,VIEW,714,0.00
2025-11-17,5,WISHLIST,73,0.00
2025-11-17,5,PURCHASE,23,802.09
2025-11-17,7,PREORDER,15,889.38
2025-11-17,7,ADD_TO_CART,71,0.00
2025-11-17,7,VIEW,884,0.00
2025-11-17,7,WISHLIST,115,0.00
2025-11-17,7,PURCHASE,47,1385.80
2025-11-17,9,PREORDER,12,941.64
2025-11-17,9,ADD_TO_CART,75,0.00
2025-11-17,9,VIEW,444,0.00
2025-11-17,9,WISHLIST,98,0.00
2025-11-17,9,PURCHASE,28,1079.25
2025-11-17,11,PREORDER,9,299.57
2025-11-17,11,ADD_TO_CART,33,0.00
2025-11-17,11,VIEW,308,0.00
2025-11-17,11,WISHLIST,100,0.00
2025-11-17,11,PURCHASE,17,865.08
2025-11-17,13,PREORDER,3,838.98
2025-11-17,13,ADD_TO_CART,31,0.00
2025-11-17,13,VIEW,303,0.00
2025-11-17,13,WISHLIST,46,0.00
2025-11-17,13,PURCHASE,20,1501.29
2025-11-17,15,PREORDER,5,907.11
2025-11-17,15,ADD_TO_CART,29,0.00
2025-11-17,15,VIEW,659,0.00
2025-11-17,15,WISHLIST,35,0.00
2025-11-17,15,PURCHASE,26,1324.91
2025-11-17,17,PREORDER,7,811.92
2025-11-17,17,ADD_TO_CART,34,0.00
2025-11-17,17,VIEW,625,0.00
2025-11-17,17,WISHLIST,98,0.00
2025-11-17,17,PURCHASE,33,787.39
2025-11-17,19,PREORDER,10,893.11
2025-11-17,19,ADD_TO_CART,78,0.00
2025-11-17,19,VIEW,276,0.00
2025-11-17,19,WISHLIST,59,0.00
2025-11-17,19,PURCHASE,35,844.08
2025-11-17,21,PREORDER,15,1090.96
2025-11-17,21,ADD_TO_CART,54,0.00
2025-11-17,21,VIEW,349,0.00
2025-11-17,21,WISHLIST,83,0.00
2025-11-17,21,PURCHASE,48,1767.95
2025-11-17,23,PREORDER,14,791.39
2025-11-17,23,ADD_TO_CART,54,0.00
2025-11-17,23,VIEW,630,0.00
2025-11-17,23,WISHLIST,134,0.00
2025-11-17,23,PURCHASE,29,1192.63
2025-11-17,25,PREORDER,11,991.10
2025-11-17,25,ADD_TO_CART,51,0.00
2025-11-17,25,VIEW,535,0.00
2025-11-17,25,WISHLIST,53,0.00
2025-11-17,25,PURCHASE,18,1646.16
2025-11-17,27,PREORDER,4,650.47
2025-11-17,27,ADD_TO_CART,55,0.00
2025-11-17,27,VIEW,212,0.00
2025-11-17,27,WISHLIST,65,0.00
2025-11-17,27,PURCHASE,33,2465.05
2025-11-17,29,PREORDER,4,633.67
2025-11-17,29,ADD_TO_CART,44,0.00
2025-11-17,29,VIEW,514,0.00
2025-11-17,29,WISHLIST,86,0.00
2025-11-17,29,PURCHASE,36,1341.71
2025-11-18,2,PREORDER,12,398.49
2025-11-18,2,ADD_TO_CART,31,0.00
2025-11-18,2,VIEW,703,0.00
2025-11-18,2,WISHLIST,67,0.00
2025-11-18,2,PURCHASE,28,1417.30
2025-11-18,4,PREORDER,13,933.24
2025-11-18,4,ADD_TO_CART,67,0.00
2025-11-18,4,VIEW,360,0.00
2025-11-18,4,WISHLIST,64,0.00
2025-11-18,4,PURCHASE,35,2406.26
2025-11-18,6,PREORDER,12,330.37
2025-11-18,6,ADD_TO_CART,72,0.00
2025-11-18,6,VIEW,584,0.00
2025-11-18,6,WISHLIST,82,0.00
2025-11-18,6,PURCHASE,41,778.99
2025-11-18,8,PREORDER,14,673.80
2025-11-18,8,ADD_TO_CART,57,0.00
2025-11-18,8,VIEW,336,0.00
2025-11-18,8,WISHLIST,57,0.00
2025-11-18,8,PURCHASE,19,1648.26
2025-11-18,10,PREORDER,8,453.55
2025-11-18,10,ADD_TO_CART,27,0.00
2025-11-18,10,VIEW,579,0.00
2025-11-18,10,WISHLIST,56,0.00
2025-11-18,10,PURCHASE,35,1782.65
2025-11-18,12,PREORDER,9,666.33
2025-11-18,12,ADD_TO_CART,17,0.00
2025-11-18,12,VIEW,534,0.00
2025-11-18,12,WISHLIST,58,0.00
2025-11-18,12,PURCHASE,15,1293.42
2025-11-18,14,PREORDER,5,362.10
2025-11-18,14,ADD_TO_CART,23,0.00
2025-11-18,14,VIEW,580,0.00
2025-11-18,14,WISHLIST,40,0.00
2025-11-18,14,PURCHASE,20,2091.30
2025-11-18,16,PREORDER,3,835.25
2025-11-18,16,ADD_TO_CART,33,0.00
2025-11-18,16,VIEW,316,0.00
2025-11-18,16,WISHLIST,92,0.00
2025-11-18,16,PURCHASE,25,848.28
2025-11-18,18,PREORDER,9,1098.42
2025-11-18,18,ADD_TO_CART,51,0.00
2025-11-18,18,VIEW,380,0.00
2025-11-18,18,WISHLIST,107,0.00
2025-11-18,18,PURCHASE,21,2244.58
2025-11-18,20,PREORDER,14,898.71
2025-11-18,20,ADD_TO_CART,77,0.00
2025-11-18,20,VIEW,790,0.00
2025-11-18,20,WISHLIST,132,0.00
2025-11-18,20,PURCHASE,46,1868.73
2025-11-18,22,PREORDER,5,1094.69
2025-11-18,22,ADD_TO_CART,35,0.00
2025-11-18,22,VIEW,298,0.00
2025-11-18,22,WISHLIST,82,0.00
2025-11-18,22,PURCHASE,13,1289.22
2025-11-18,24,PREORDER,5,1118.95
2025-11-18,24,ADD_TO_CART,22,0.00
2025-11-18,24,VIEW,359,0.00
2025-11-18,24,WISHLIST,99,0.00
2025-11-18,24,PURCHASE,28,1282.92
2025-11-18,26,PREORDER,10,810.99
2025-11-18,26,ADD_TO_CART,51,0.00
2025-11-18,26,VIEW,292,0.00
2025-11-18,26,WISHLIST,84,0.00
2025-11-18,26,PURCHASE,9,1971.62
2025-11-18,28,PREORDER,3,655.13
2025-11-18,28,ADD_TO_CART,22,0.00
2025-11-18,28,VIEW,507,0.00
2025-11-18,28,WISHLIST,80,0.00
2025-11-18,28,PURCHASE,32,1524.38
2025-11-18,30,PREORDER,9,352.76
2025-11-18,30,ADD_TO_CART,48,0.00
2025-11-18,30,VIEW,255,0.00
2025-11-18,30,WISHLIST,32,0.00
2025-11-18,30,PURCHASE,15,988.96
2025-11-19,1,PREORDER,12,1008.83
2025-11-19,1,ADD_TO_CART,25,0.00
2025-11-19,1,VIEW,761,0.00
2025-11-19,1,WISHLIST,88,0.00
2025-11-19,1,PURCHASE,42,1295.51
2025-11-19,3,PREORDER,7,1115.22
2025-11-19,3,ADD_TO_CART,72,0.00
2025-11-19,3,VIEW,417,0.00
2025-11-19,3,WISHLIST,65,0.00
2025-11-19,3,PURCHASE,37,2393.66
2025-11-19,5,PREORDER,12,571.14
2025-11-19,5,ADD_TO_CART,77,0.00
2025-11-19,5,VIEW,358,0.00
2025-11-19,5,WISHLIST,128,0.00
2025-11-19,5,PURCHASE,17,1037.25
2025-11-19,7,PREORDER,7,1069.49
2025-11-19,7,ADD_TO_CART,69,0.00
2025-11-19,7,VIEW,699,0.00
2025-11-19,7,WISHLIST,45,0.00
2025-11-19,7,PURCHASE,20,949.06
2025-11-19,9,PREORDER,8,756.86
2025-11-19,9,ADD_TO_CART,21,0.00
2025-11-19,9,VIEW,748,0.00
2025-11-19,9,WISHLIST,110,0.00
2025-11-19,9,PURCHASE,28,2488.14
2025-11-19,11,PREORDER,8,299.57
2025-11-19,11,ADD_TO_CART,21,0.00
2025-11-19,11,VIEW,270,0.00
2025-11-19,11,WISHLIST,57,0.00
2025-11-19,11,PURCHASE,11,2040.91
2025-11-19,13,PREORDER,6,716.73
2025-11-19,13,ADD_TO_CART,54,0.00
2025-11-19,13,VIEW,513,0.00
2025-11-19,13,WISHLIST,101,0.00
2025-11-19,13,PURCHASE,36,1438.29
2025-11-19,15,PREORDER,7,993.90
2025-11-19,15,ADD_TO_CART,27,0.00
2025-11-19,15,VIEW,661,0.00
2025-11-19,15,WISHLIST,83,0.00
2025-11-19,15,PURCHASE,34,1232.52
2025-11-19,17,PREORDER,10,330.37
2025-11-19,17,ADD_TO_CART,46,0.00
2025-11-19,17,VIEW,498,0.00
2025-11-19,17,WISHLIST,75,0.00
2025-11-19,17,PURCHASE,22,976.36
2025-11-19,19,PREORDER,10,899.64
2025-11-19,19,ADD_TO_CART,54,0.00
2025-11-19,19,VIEW,876,0.00
2025-11-19,19,WISHLIST,73,0.00
2025-11-19,19,PURCHASE,37,2219.38
2025-11-19,21,PREORDER,10,689.66
2025-11-19,21,ADD_TO_CART,60,0.00
2025-11-19,21,VIEW,271,0.00
2025-11-19,21,WISHLIST,69,0.00
2025-11-19,21,PURCHASE,27,1925.42
2025-11-19,23,PREORDER,13,447.02
2025-11-19,23,ADD_TO_CART,30,0.00
2025-11-19,23,VIEW,864,0.00
2025-11-19,23,WISHLIST,69,0.00
2025-11-19,23,PURCHASE,43,1686.06
2025-11-19,25,PREORDER,5,696.20
2025-11-19,25,ADD_TO_CART,21,0.00
2025-11-19,25,VIEW,497,0.00
2025-11-19,25,WISHLIST,62,0.00
2025-11-19,25,PURCHASE,12,814.68
2025-11-19,27,PREORDER,7,1070.43
2025-11-19,27,ADD_TO_CART,54,0.00
2025-11-19,27,VIEW,259,0.00
2025-11-19,27,WISHLIST,53,0.00
2025-11-19,27,PURCHASE,13,2397.86
2025-11-19,29,PREORDER,8,657.93
2025-11-19,29,ADD_TO_CART,41,0.00
2025-11-19,29,VIEW,387,0.00
2025-11-19,29,WISHLIST,68,0.00
2025-11-19,29,PURCHASE,18,1761.65
2025-11-20,2,PREORDER,9,412.49
2025-11-20,2,ADD_TO_CART,34,0.00
2025-11-20,2,VIEW,302,0.00
2025-11-20,2,WISHLIST,142,0.00
2025-11-20,2,PURCHASE,47,1648.26
2025-11-20,4,PREORDER,14,420.89
2025-11-20,4,ADD_TO_CART,29,0.00
2025-11-20,4,VIEW,347,0.00
2025-11-20,4,WISHLIST,142,0.00
2025-11-20,4,PURCHASE,13,1627.27
2025-11-20,6,PREORDER,15,1032.16
2025-11-20,6,ADD_TO_CART,47,0.00
2025-11-20,6,VIEW,260,0.00
2025-11-20,6,WISHLIST,114,0.00
2025-11-20,6,PURCHASE,47,1352.21
2025-11-20,8,PREORDER,15,733.53
2025-11-20,8,ADD_TO_CART,62,0.00
2025-11-20,8,VIEW,846,0.00
2025-11-20,8,WISHLIST,44,0.00
2025-11-20,8,PURCHASE,40,1774.25
2025-11-20,10,PREORDER,9,578.61
2025-11-20,10,ADD_TO_CART,42,0.00
2025-11-20,10,VIEW,229,0.00
2025-11-20,10,WISHLIST,34,0.00
2025-11-20,10,PURCHASE,10,1238.82
2025-11-20,12,PREORDER,11,598.21
2025-11-20,12,ADD_TO_CART,36,0.00
2025-11-20,12,VIEW,593,0.00
2025-11-20,12,WISHLIST,67,0.00
2025-11-20,12,PURCHASE,35,2395.76
2025-11-20,14,PREORDER,11,467.55
2025-11-20,14,ADD_TO_CART,46,0.00
2025-11-20,14,VIEW,282,0.00
2025-11-20,14,WISHLIST,83,0.00
2025-11-20,14,PURCHASE,35,1986.32
2025-11-20,16,PREORDER,9,619.67
2025-11-20,16,ADD_TO_CART,29,0.00
2025-11-20,16,VIEW,344,0.00
2025-11-20,16,WISHLIST,91,0.00
2025-11-20,16,PURCHASE,10,1820.44
2025-11-20,18,PREORDER,8,541.28
2025-11-20,18,ADD_TO_CART,44,0.00
2025-11-20,18,VIEW,628,0.00
2025-11-20,18,WISHLIST,64,0.00
2025-11-20,18,PURCHASE,12,1841.44
2025-11-20,20,PREORDER,5,581.41
2025-11-20,20,ADD_TO_CART,51,0.00
2025-11-20,20,VIEW,762,0.00
2025-11-20,20,WISHLIST,40,0.00
2025-11-20,20,PURCHASE,42,820.98
2025-11-20,22,PREORDER,10,567.41
2025-11-20,22,ADD_TO_CART,67,0.00
2025-11-20,22,VIEW,360,0.00
2025-11-20,22,WISHLIST,100,0.00
2025-11-20,22,PURCHASE,18,2343.27
2025-11-20,24,PREORDER,7,1025.63
2025-11-20,24,ADD_TO_CART,74,0.00
2025-11-20,24,VIEW,920,0.00
2025-11-20,24,WISHLIST,45,0.00
2025-11-20,24,PURCHASE,45,2477.65
2025-11-20,26,PREORDER,8,461.95
2025-11-20,26,ADD_TO_CART,27,0.00
2025-11-20,26,VIEW,343,0.00
2025-11-20,26,WISHLIST,29,0.00
2025-11-20,26,PURCHASE,16,745.39
2025-11-20,28,PREORDER,5,727.93
2025-11-20,28,ADD_TO_CART,15,0.00
2025-11-20,28,VIEW,393,0.00
2025-11-20,28,WISHLIST,86,0.00
2025-11-20,28,PURCHASE,13,1333.31
2025-11-20,30,PREORDER,8,472.22
2025-11-20,30,ADD_TO_CART,48,0.00
2025-11-20,30,VIEW,184,0.00
2025-11-20,30,WISHLIST,94,0.00
2025-11-20,30,PURCHASE,24,1872.93
2025-11-21,1,PREORDER,13,854.85
2025-11-21,1,ADD_TO_CART,44,0.00
2025-11-21,1,VIEW,581,0.00
2025-11-21,1,WISHLIST,68,0.00
2025-11-21,1,PURCHASE,14,2040.91
2025-11-21,3,PREORDER,5,685.93
2025-11-21,3,ADD_TO_CART,20,0.00
2025-11-21,3,VIEW,627,0.00
2025-11-21,3,WISHLIST,53,0.00
2025-11-21,3,PURCHASE,50,2420.95
2025-11-21,5,PREORDER,7,317.30
2025-11-21,5,ADD_TO_CART,29,0.00
2025-11-21,5,VIEW,910,0.00
2025-11-21,5,WISHLIST,134,0.00
2025-11-21,5,PURCHASE,45,1175.83
2025-11-21,7,PREORDER,5,323.83
2025-11-21,7,ADD_TO_CART,22,0.00
2025-11-21,7,VIEW,327,0.00
2025-11-21,7,WISHLIST,85,0.00
2025-11-21,7,PURCHASE,39,1809.94
2025-11-21,9,PREORDER,5,658.87
2025-11-21,9,ADD_TO_CART,35,0.00
2025-11-21,9,VIEW,506,0.00
2025-11-21,9,WISHLIST,142,0.00
2025-11-21,9,PURCHASE,37,774.79
2025-11-21,11,PREORDER,5,1018.16
2025-11-21,11,ADD_TO_CART,32,0.00
2025-11-21,11,VIEW,530,0.00
2025-11-21,11,WISHLIST,39,0.00
2025-11-21,11,PURCHASE,35,1650.36
2025-11-21,13,PREORDER,4,975.24
2025-11-21,13,ADD_TO_CART,35,0.00
2025-11-21,13,VIEW,440,0.00
2025-11-21,13,WISHLIST,84,0.00
2025-11-21,13,PURCHASE,17,1837.24
2025-11-21,15,PREORDER,5,880.05
2025-11-21,15,ADD_TO_CART,35,0.00
2025-11-21,15,VIEW,353,0.00
2025-11-21,15,WISHLIST,80,0.00
2025-11-21,15,PURCHASE,9,1751.15
2025-11-21,17,PREORDER,3,524.48
2025-11-21,17,ADD_TO_CART,31,0.00
2025-11-21,17,VIEW,396,0.00
2025-11-21,17,WISHLIST,89,0.00
2025-11-21,17,PURCHASE,11,2072.40
2025-11-21,19,PREORDER,8,1087.22
2025-11-21,19,ADD_TO_CART,43,0.00
2025-11-21,19,VIEW,866,0.00
2025-11-21,19,WISHLIST,149,0.00
2025-11-21,19,PURCHASE,25,1988.42
2025-11-21,21,PREORDER,12,590.74
2025-11-21,21,ADD_TO_CART,24,0.00
2025-11-21,21,VIEW,447,0.00
2025-11-21,21,WISHLIST,75,0.00
2025-11-21,21,PURCHASE,28,833.58
2025-11-21,23,PREORDER,5,827.78
2025-11-21,23,ADD_TO_CART,23,0.00
2025-11-21,23,VIEW,409,0.00
2025-11-21,23,WISHLIST,90,0.00
2025-11-21,23,PURCHASE,38,2284.47
2025-11-21,25,PREORDER,5,871.65
2025-11-21,25,ADD_TO_CART,46,0.00
2025-11-21,25,VIEW,716,0.00
2025-11-21,25,WISHLIST,100,0.00
2025-11-21,25,PURCHASE,23,1692.36
2025-11-21,27,PREORDER,8,343.43
2025-11-21,27,ADD_TO_CART,21,0.00
2025-11-21,27,VIEW,670,0.00
2025-11-21,27,WISHLIST,46,0.00
2025-11-21,27,PURCHASE,15,1373.20
2025-11-21,29,PREORDER,3,435.82
2025-11-21,29,ADD_TO_CART,45,0.00
2025-11-21,29,VIEW,223,0.00
2025-11-21,29,WISHLIST,74,0.00
2025-11-21,29,PURCHASE,29,1799.44
2025-11-22,2,PREORDER,5,585.14
2025-11-22,2,ADD_TO_CART,62,0.00
2025-11-22,2,VIEW,933,0.00
2025-11-22,2,WISHLIST,89,0.00
2025-11-22,2,PURCHASE,44,1671.36
2025-11-22,4,PREORDER,11,798.85
2025-11-22,4,ADD_TO_CART,83,0.00
2025-11-22,4,VIEW,489,0.00
2025-11-22,4,WISHLIST,78,0.00
2025-11-22,4,PURCHASE,61,1797.34
2025-11-22,6,PREORDER,7,1091.89
2025-11-22,6,ADD_TO_CART,89,0.00
2025-11-22,6,VIEW,533,0.00
2025-11-22,6,WISHLIST,138,0.00
2025-11-22,6,PURCHASE,16,1251.42
2025-11-22,8,PREORDER,8,959.37
2025-11-22,8,ADD_TO_CART,27,0.00
2025-11-22,8,VIEW,515,0.00
2025-11-22,8,WISHLIST,68,0.00
2025-11-22,8,PURCHASE,45,789.49
2025-11-22,10,PREORDER,10,603.81
2025-11-22,10,ADD_TO_CART,24,0.00
2025-11-22,10,VIEW,500,0.00
2025-11-22,10,WISHLIST,130,0.00
2025-11-22,10,PURCHASE,23,1047.75
2025-11-22,12,PREORDER,12,655.13
2025-11-22,12,ADD_TO_CART,31,0.00
2025-11-22,12,VIEW,876,0.00
2025-11-22,12,WISHLIST,67,0.00
2025-11-22,12,PURCHASE,31,2210.98
2025-11-22,14,PREORDER,11,964.97
2025-11-22,14,ADD_TO_CART,21,0.00
2025-11-22,14,VIEW,821,0.00
2025-11-22,14,WISHLIST,126,0.00
2025-11-22,14,PURCHASE,22,1929.62
2025-11-22,16,PREORDER,7,348.10
2025-11-22,16,ADD_TO_CART,46,0.00
2025-11-22,16,VIEW,524,0.00
2025-11-22,16,WISHLIST,66,0.00
2025-11-22,16,PURCHASE,19,650.91
2025-11-22,18,PREORDER,12,538.48
2025-11-22,18,ADD_TO_CART,55,0.00
2025-11-22,18,VIEW,608,0.00
2025-11-22,18,WISHLIST,117,0.00
2025-11-22,18,PURCHASE,17,1891.83
2025-11-22,20,PREORDER,14,488.08
2025-11-22,20,ADD_TO_CART,52,0.00
2025-11-22,20,VIEW,676,0.00
2025-11-22,20,WISHLIST,86,0.00
2025-11-22,20,PURCHASE,63,1331.21
2025-11-22,22,PREORDER,7,707.40
2025-11-22,22,ADD_TO_CART,35,0.00
2025-11-22,22,VIEW,387,0.00
2025-11-22,22,WISHLIST,156,0.00
2025-11-22,22,PURCHASE,52,1534.88
2025-11-22,24,PREORDER,11,405.03
2025-11-22,24,ADD_TO_CART,82,0.00
2025-11-22,24,VIEW,743,0.00
2025-11-22,24,WISHLIST,70,0.00
2025-11-22,24,PURCHASE,62,2349.56
2025-11-22,26,PREORDER,8,969.64
2025-11-22,26,ADD_TO_CART,52,0.00
2025-11-22,26,VIEW,617,0.00
2025-11-22,26,WISHLIST,134,0.00
2025-11-22,26,PURCHASE,43,1904.43
2025-11-22,28,PREORDER,12,654.20
2025-11-22,28,ADD_TO_CART,37,0.00
2025-11-22,28,VIEW,695,0.00
2025-11-22,28,WISHLIST,122,0.00
2025-11-22,28,PURCHASE,39,2500.74
2025-11-22,30,PREORDER,6,533.81
2025-11-22,30,ADD_TO_CART,51,0.00
2025-11-22,30,VIEW,465,0.00
2025-11-22,30,WISHLIST,137,0.00
2025-11-22,30,PURCHASE,40,1665.06
2025-11-23,1,PREORDER,18,639.27
2025-11-23,1,ADD_TO_CART,45,0.00
2025-11-23,1,VIEW,1040,0.00
2025-11-23,1,WISHLIST,162,0.00
2025-11-23,1,PURCHASE,47,1056.15
2025-11-23,3,PREORDER,11,484.35
2025-11-23,3,ADD_TO_CART,96,0.00
2025-11-23,3,VIEW,992,0.00
2025-11-23,3,WISHLIST,100,0.00
2025-11-23,3,PURCHASE,23,844.08
2025-11-23,5,PREORDER,14,307.04
2025-11-23,5,ADD_TO_CART,68,0.00
2025-11-23,5,VIEW,1177,0.00
2025-11-23,5,WISHLIST,83,0.00
2025-11-23,5,PURCHASE,58,2477.65
2025-11-23,7,PREORDER,18,875.38
2025-11-23,7,ADD_TO_CART,93,0.00
2025-11-23,7,VIEW,1108,0.00
2025-11-23,7,WISHLIST,153,0.00
2025-11-23,7,PURCHASE,34,1610.47
2025-11-23,9,PREORDER,16,996.70
2025-11-23,9,ADD_TO_CART,86,0.00
2025-11-23,9,VIEW,509,0.00
2025-11-23,9,WISHLIST,157,0.00
2025-11-23,9,PURCHASE,52,2490.24
2025-11-23,11,PREORDER,6,316.37
2025-11-23,11,ADD_TO_CART,38,0.00
2025-11-23,11,VIEW,541,0.00
2025-11-23,11,WISHLIST,132,0.00
2025-11-23,11,PURCHASE,37,2326.47
2025-11-23,13,PREORDER,5,789.52
2025-11-23,13,ADD_TO_CART,36,0.00
2025-11-23,13,VIEW,375,0.00
2025-11-23,13,WISHLIST,68,0.00
2025-11-23,13,PURCHASE,39,1788.94
2025-11-23,15,PREORDER,7,694.33
2025-11-23,15,ADD_TO_CART,43,0.00
2025-11-23,15,VIEW,725,0.00
2025-11-23,15,WISHLIST,135,0.00
2025-11-23,15,PURCHASE,26,1528.58
2025-11-23,17,PREORDER,7,638.34
2025-11-23,17,ADD_TO_CART,44,0.00
2025-11-23,17,VIEW,866,0.00
2025-11-23,17,WISHLIST,44,0.00
2025-11-23,17,PURCHASE,31,1146.44
2025-11-23,19,PREORDER,18,796.99
2025-11-23,19,ADD_TO_CART,87,0.00
2025-11-23,19,VIEW,820,0.00
2025-11-23,19,WISHLIST,120,0.00
2025-11-23,19,PURCHASE,48,1566.38
2025-11-23,21,PREORDER,7,321.03
2025-11-23,21,ADD_TO_CART,68,0.00
2025-11-23,21,VIEW,395,0.00
2025-11-23,21,WISHLIST,141,0.00
2025-11-23,21,PURCHASE,54,2263.48
2025-11-23,23,PREORDER,15,870.71
2025-11-23,23,ADD_TO_CART,59,0.00
2025-11-23,23,VIEW,894,0.00
2025-11-23,23,WISHLIST,119,0.00
2025-11-23,23,PURCHASE,33,1942.22
2025-11-23,25,PREORDER,8,791.39
2025-11-23,25,ADD_TO_CART,29,0.00
2025-11-23,25,VIEW,248,0.00
2025-11-23,25,WISHLIST,131,0.00
2025-11-23,25,PURCHASE,40,2122.80
2025-11-23,27,PREORDER,9,819.38
2025-11-23,27,ADD_TO_CART,31,0.00
2025-11-23,27,VIEW,287,0.00
2025-11-23,27,WISHLIST,41,0.00
2025-11-23,27,PURCHASE,33,852.48
2025-11-23,29,PREORDER,9,386.36
2025-11-23,29,ADD_TO_CART,66,0.00
2025-11-23,29,VIEW,446,0.00
2025-11-23,29,WISHLIST,75,0.00
2025-11-23,29,PURCHASE,28,1734.35
2025-11-24,2,PREORDER,10,598.21
2025-11-24,2,ADD_TO_CART,45,0.00
2025-11-24,2,VIEW,427,0.00
2025-11-24,2,WISHLIST,95,0.00
2025-11-24,2,PURCHASE,48,2280.27
2025-11-24,4,PREORDER,5,920.17
2025-11-24,4,ADD_TO_CART,22,0.00
2025-11-24,4,VIEW,806,0.00
2025-11-24,4,WISHLIST,75,0.00
2025-11-24,4,PURCHASE,42,703.40
2025-11-24,6,PREORDER,15,916.44
2025-11-24,6,ADD_TO_CART,53,0.00
2025-11-24,6,VIEW,937,0.00
2025-11-24,6,WISHLIST,112,0.00
2025-11-24,6,PURCHASE,37,1264.02
2025-11-24,8,PREORDER,10,628.07
2025-11-24,8,ADD_TO_CART,53,0.00
2025-11-24,8,VIEW,987,0.00
2025-11-24,8,WISHLIST,125,0.00
2025-11-24,8,PURCHASE,22,1980.02
2025-11-24,10,PREORDER,7,502.08
2025-11-24,10,ADD_TO_CART,15,0.00
2025-11-24,10,VIEW,316,0.00
2025-11-24,10,WISHLIST,68,0.00
2025-11-24,10,PURCHASE,18,2210.98
2025-11-24,12,PREORDER,3,626.20
2025-11-24,12,ADD_TO_CART,47,0.00
2025-11-24,12,VIEW,390,0.00
2025-11-24,12,WISHLIST,30,0.00
2025-11-24,12,PURCHASE,30,1297.61
2025-11-24,14,PREORDER,6,874.45
2025-11-24,14,ADD_TO_CART,34,0.00
2025-11-24,14,VIEW,382,0.00
2025-11-24,14,WISHLIST,76,0.00
2025-11-24,14,PURCHASE,28,1238.82
2025-11-24,16,PREORDER,4,955.64
2025-11-24,16,ADD_TO_CART,26,0.00
2025-11-24,16,VIEW,587,0.00
2025-11-24,16,WISHLIST,95,0.00
2025-11-24,16,PURCHASE,32,829.38
2025-11-24,18,PREORDER,3,624.34
2025-11-24,18,ADD_TO_CART,47,0.00
2025-11-24,18,VIEW,419,0.00
2025-11-24,18,WISHLIST,29,0.00
2025-11-24,18,PURCHASE,28,1788.94
2025-11-24,20,PREORDER,10,575.81
2025-11-24,20,ADD_TO_CART,60,0.00
2025-11-24,20,VIEW,839,0.00
2025-11-24,20,WISHLIST,145,0.00
2025-11-24,20,PURCHASE,39,1585.27
2025-11-24,22,PREORDER,4,491.82
2025-11-24,22,ADD_TO_CART,69,0.00
2025-11-24,22,VIEW,891,0.00
2025-11-24,22,WISHLIST,122,0.00
2025-11-24,22,PURCHASE,32,1906.53
2025-11-24,24,PREORDER,14,892.18
2025-11-24,24,ADD_TO_CART,49,0.00
2025-11-24,24,VIEW,402,0.00
2025-11-24,24,WISHLIST,104,0.00
2025-11-24,24,PURCHASE,20,1024.65
2025-11-24,26,PREORDER,10,966.84
2025-11-24,26,ADD_TO_CART,15,0.00
2025-11-24,26,VIEW,410,0.00
2025-11-24,26,WISHLIST,102,0.00
2025-11-24,26,PURCHASE,15,2131.20
2025-11-24,28,PREORDER,8,421.82
2025-11-24,28,ADD_TO_CART,32,0.00
2025-11-24,28,VIEW,614,0.00
2025-11-24,28,WISHLIST,112,0.00
2025-11-24,28,PURCHASE,13,1066.65
2025-11-24,30,PREORDER,11,367.70
2025-11-24,30,ADD_TO_CART,48,0.00
2025-11-24,30,VIEW,243,0.00
2025-11-24,30,WISHLIST,42,0.00
2025-11-24,30,PURCHASE,28,1387.90
2025-11-25,1,PREORDER,10,610.34
2025-11-25,1,ADD_TO_CART,44,0.00
2025-11-25,1,VIEW,693,0.00
2025-11-25,1,WISHLIST,118,0.00
2025-11-25,1,PURCHASE,43,730.70
2025-11-25,3,PREORDER,8,465.69
2025-11-25,3,ADD_TO_CART,24,0.00
2025-11-25,3,VIEW,533,0.00
2025-11-25,3,WISHLIST,110,0.00
2025-11-25,3,PURCHASE,13,1041.45
2025-11-25,5,PREORDER,13,1117.09
2025-11-25,5,ADD_TO_CART,60,0.00
2025-11-25,5,VIEW,651,0.00
2025-11-25,5,WISHLIST,145,0.00
2025-11-25,5,PURCHASE,48,1725.95
2025-11-25,7,PREORDER,13,1041.50
2025-11-25,7,ADD_TO_CART,40,0.00
2025-11-25,7,VIEW,523,0.00
2025-11-25,7,WISHLIST,64,0.00
2025-11-25,7,PURCHASE,25,2362.16
2025-11-25,9,PREORDER,5,415.29
2025-11-25,9,ADD_TO_CART,32,0.00
2025-11-25,9,VIEW,601,0.00
2025-11-25,9,WISHLIST,155,0.00
2025-11-25,9,PURCHASE,20,1322.81
2025-11-25,11,PREORDER,4,1048.96
2025-11-25,11,ADD_TO_CART,34,0.00
2025-11-25,11,VIEW,327,0.00
2025-11-25,11,WISHLIST,55,0.00
2025-11-25,11,PURCHASE,23,1135.94
2025-11-25,13,PREORDER,10,402.23
2025-11-25,13,ADD_TO_CART,14,0.00
2025-11-25,13,VIEW,613,0.00
2025-11-25,13,WISHLIST,63,0.00
2025-11-25,13,PURCHASE,10,804.19
2025-11-25,15,PREORDER,10,578.61
2025-11-25,15,ADD_TO_CART,40,0.00
2025-11-25,15,VIEW,353,0.00
2025-11-25,15,WISHLIST,78,0.00
2025-11-25,15,PURCHASE,19,1998.91
2025-11-25,17,PREORDER,8,1078.83
2025-11-25,17,ADD_TO_CART,43,0.00
2025-11-25,17,VIEW,622,0.00
2025-11-25,17,WISHLIST,52,0.00
2025-11-25,17,PURCHASE,28,909.17
2025-11-25,19,PREORDER,5,796.05
2025-11-25,19,ADD_TO_CART,45,0.00
2025-11-25,19,VIEW,333,0.00
2025-11-25,19,WISHLIST,129,0.00
2025-11-25,19,PURCHASE,20,1845.64
2025-11-25,21,PREORDER,7,937.91
2025-11-25,21,ADD_TO_CART,58,0.00
2025-11-25,21,VIEW,674,0.00
2025-11-25,21,WISHLIST,157,0.00
2025-11-25,21,PURCHASE,16,1045.65
2025-11-25,23,PREORDER,10,783.92
2025-11-25,23,ADD_TO_CART,59,0.00
2025-11-25,23,VIEW,414,0.00
2025-11-25,23,WISHLIST,41,0.00
2025-11-25,23,PURCHASE,46,1060.35
2025-11-25,25,PREORDER,9,673.80
2025-11-25,25,ADD_TO_CART,27,0.00
2025-11-25,25,VIEW,494,0.00
2025-11-25,25,WISHLIST,41,0.00
2025-11-25,25,PURCHASE,17,2070.30
2025-11-25,27,PREORDER,8,837.12
2025-11-25,27,ADD_TO_CART,49,0.00
2025-11-25,27,VIEW,311,0.00
2025-11-25,27,WISHLIST,88,0.00
2025-11-25,27,PURCHASE,17,1585.27
2025-11-25,29,PREORDER,10,294.90
2025-11-25,29,ADD_TO_CART,42,0.00
2025-11-25,29,VIEW,416,0.00
2025-11-25,29,WISHLIST,45,0.00
2025-11-25,29,PURCHASE,18,644.61
2025-11-26,2,PREORDER,6,1047.10
2025-11-26,2,ADD_TO_CART,54,0.00
2025-11-26,2,VIEW,288,0.00
2025-11-26,2,WISHLIST,66,0.00
2025-11-26,2,PURCHASE,45,1387.90
2025-11-26,4,PREORDER,6,506.75
2025-11-26,4,ADD_TO_CART,63,0.00
2025-11-26,4,VIEW,929,0.00
2025-11-26,4,WISHLIST,50,0.00
2025-11-26,4,PURCHASE,16,1163.23
2025-11-26,6,PREORDER,11,865.11
2025-11-26,6,ADD_TO_CART,32,0.00
2025-11-26,6,VIEW,781,0.00
2025-11-26,6,WISHLIST,55,0.00
2025-11-26,6,PURCHASE,35,2137.49
2025-11-26,8,PREORDER,5,1105.89
2025-11-26,8,ADD_TO_CART,76,0.00
2025-11-26,8,VIEW,323,0.00
2025-11-26,8,WISHLIST,78,0.00
2025-11-26,8,PURCHASE,44,2022.01
2025-11-26,10,PREORDER,7,990.17
2025-11-26,10,ADD_TO_CART,44,0.00
2025-11-26,10,VIEW,380,0.00
2025-11-26,10,WISHLIST,71,0.00
2025-11-26,10,PURCHASE,28,1217.83
2025-11-26,12,PREORDER,5,803.52
2025-11-26,12,ADD_TO_CART,41,0.00
2025-11-26,12,VIEW,353,0.00
2025-11-26,12,WISHLIST,60,0.00
2025-11-26,12,PURCHASE,33,1872.93
2025-11-26,14,PREORDER,8,458.22
2025-11-26,14,ADD_TO_CART,19,0.00
2025-11-26,14,VIEW,570,0.00
2025-11-26,14,WISHLIST,37,0.00
2025-11-26,14,PURCHASE,22,827.28
2025-11-26,16,PREORDER,5,478.75
2025-11-26,16,ADD_TO_CART,36,0.00
2025-11-26,16,VIEW,575,0.00
2025-11-26,16,WISHLIST,110,0.00
2025-11-26,16,PURCHASE,14,879.77
2025-11-26,18,PREORDER,6,723.26
2025-11-26,18,ADD_TO_CART,25,0.00
2025-11-26,18,VIEW,332,0.00
2025-11-26,18,WISHLIST,99,0.00
2025-11-26,18,PURCHASE,31,1018.35
2025-11-26,20,PREORDER,4,335.03
2025-11-26,20,ADD_TO_CART,26,0.00
2025-11-26,20,VIEW,297,0.00
2025-11-26,20,WISHLIST,124,0.00
2025-11-26,20,PURCHASE,27,1620.97
2025-11-26,22,PREORDER,14,861.38
2025-11-26,22,ADD_TO_CART,60,0.00
2025-11-26,22,VIEW,998,0.00
2025-11-26,22,WISHLIST,112,0.00
2025-11-26,22,PURCHASE,24,1186.33
2025-11-26,24,PREORDER,15,1035.90
2025-11-26,24,ADD_TO_CART,73,0.00
2025-11-26,24,VIEW,520,0.00
2025-11-26,24,WISHLIST,146,0.00
2025-11-26,24,PURCHASE,24,2110.20
2025-11-26,26,PREORDER,7,816.59
2025-11-26,26,ADD_TO_CART,36,0.00
2025-11-26,26,VIEW,712,0.00
2025-11-26,26,WISHLIST,84,0.00
2025-11-26,26,PURCHASE,22,1417.30
2025-11-26,28,PREORDER,4,1023.76
2025-11-26,28,ADD_TO_CART,47,0.00
2025-11-26,28,VIEW,471,0.00
2025-11-26,28,WISHLIST,59,0.00
2025-11-26,28,PURCHASE,23,1333.31
2025-11-26,30,PREORDER,4,646.74
2025-11-26,30,ADD_TO_CART,18,0.00
2025-11-26,30,VIEW,255,0.00
2025-11-26,30,WISHLIST,50,0.00
2025-11-26,30,PURCHASE,10,808.38
2025-11-27,1,PREORDER,16,948.17
2025-11-27,1,ADD_TO_CART,33,0.00
2025-11-27,1,VIEW,460,0.00
2025-11-27,1,WISHLIST,108,0.00
2025-11-27,1,PURCHASE,27,1681.86
2025-11-27,3,PREORDER,10,283.70
2025-11-27,3,ADD_TO_CART,32,0.00
2025-11-27,3,VIEW,816,0.00
2025-11-27,3,WISHLIST,99,0.00
2025-11-27,3,PURCHASE,38,1711.26
2025-11-27,5,PREORDER,11,567.41
2025-11-27,5,ADD_TO_CART,33,0.00
2025-11-27,5,VIEW,987,0.00
2025-11-27,5,WISHLIST,128,0.00
2025-11-27,5,PURCHASE,27,1539.08
2025-11-27,7,PREORDER,7,702.73
2025-11-27,7,ADD_TO_CART,35,0.00
2025-11-27,7,VIEW,961,0.00
2025-11-27,7,WISHLIST,120,0.00
2025-11-27,7,PURCHASE,29,938.57
2025-11-27,9,PREORDER,12,794.19
2025-11-27,9,ADD_TO_CART,40,0.00
2025-11-27,9,VIEW,722,0.00
2025-11-27,9,WISHLIST,140,0.00
2025-11-27,9,PURCHASE,43,946.96
2025-11-27,11,PREORDER,8,516.08
2025-11-27,11,ADD_TO_CART,33,0.00
2025-11-27,11,VIEW,347,0.00
2025-11-27,11,WISHLIST,74,0.00
2025-11-27,11,PURCHASE,28,1975.82
2025-11-27,13,PREORDER,9,854.85
2025-11-27,13,ADD_TO_CART,17,0.00
2025-11-27,13,VIEW,240,0.00
2025-11-27,13,WISHLIST,54,0.00
2025-11-27,13,PURCHASE,25,1473.99
2025-11-27,15,PREORDER,7,938.84
2025-11-27,15,ADD_TO_CART,27,0.00
2025-11-27,15,VIEW,715,0.00
2025-11-27,15,WISHLIST,97,0.00
2025-11-27,15,PURCHASE,11,1919.13
2025-11-27,17,PREORDER,9,280.91
2025-11-27,17,ADD_TO_CART,21,0.00
2025-11-27,17,VIEW,515,0.00
2025-11-27,17,WISHLIST,53,0.00
2025-11-27,17,PURCHASE,25,799.99
2025-11-27,19,PREORDER,7,391.03
2025-11-27,19,ADD_TO_CART,63,0.00
2025-11-27,19,VIEW,665,0.00
2025-11-27,19,WISHLIST,134,0.00
2025-11-27,19,PURCHASE,43,1106.54
2025-11-27,21,PREORDER,9,983.63
2025-11-27,21,ADD_TO_CART,66,0.00
2025-11-27,21,VIEW,722,0.00
2025-11-27,21,WISHLIST,77,0.00
2025-11-27,21,PURCHASE,16,818.88
2025-11-27,23,PREORDER,6,813.79
2025-11-27,23,ADD_TO_CART,35,0.00
2025-11-27,23,VIEW,1005,0.00
2025-11-27,23,WISHLIST,52,0.00
2025-11-27,23,PURCHASE,36,1480.29
2025-11-27,25,PREORDER,11,812.85
2025-11-27,25,ADD_TO_CART,43,0.00
2025-11-27,25,VIEW,540,0.00
2025-11-27,25,WISHLIST,108,0.00
2025-11-27,25,PURCHASE,22,1480.29
2025-11-27,27,PREORDER,9,663.53
2025-11-27,27,ADD_TO_CART,44,0.00
2025-11-27,27,VIEW,188,0.00
2025-11-27,27,WISHLIST,86,0.00
2025-11-27,27,PURCHASE,29,999.46
2025-11-27,29,PREORDER,9,1046.16
2025-11-27,29,ADD_TO_CART,29,0.00
2025-11-27,29,VIEW,665,0.00
2025-11-27,29,WISHLIST,33,0.00
2025-11-27,29,PURCHASE,19,2179.49
2025-11-28,2,PREORDER,11,662.60
2025-11-28,2,ADD_TO_CART,59,0.00
2025-11-28,2,VIEW,795,0.00
2025-11-28,2,WISHLIST,120,0.00
2025-11-28,2,PURCHASE,120,928.07
2025-11-28,4,PREORDER,15,649.54
2025-11-28,4,ADD_TO_CART,64,0.00
2025-11-28,4,VIEW,855,0.00
2025-11-28,4,WISHLIST,114,0.00
2025-11-28,4,PURCHASE,120,1375.30
2025-11-28,6,PREORDER,14,516.08
2025-11-28,6,ADD_TO_CART,168,0.00
2025-11-28,6,VIEW,351,0.00
2025-11-28,6,WISHLIST,72,0.00
2025-11-28,6,PURCHASE,58,1707.06
2025-11-28,8,PREORDER,4,389.16
2025-11-28,8,ADD_TO_CART,192,0.00
2025-11-28,8,VIEW,881,0.00
2025-11-28,8,WISHLIST,61,0.00
2025-11-28,8,PURCHASE,50,1820.44
2025-11-28,10,PREORDER,11,972.44
2025-11-28,10,ADD_TO_CART,66,0.00
2025-11-28,10,VIEW,647,0.00
2025-11-28,10,WISHLIST,84,0.00
2025-11-28,10,PURCHASE,87,1394.20
2025-11-28,12,PREORDER,6,763.39
2025-11-28,12,ADD_TO_CART,88,0.00
2025-11-28,12,VIEW,487,0.00
2025-11-28,12,WISHLIST,91,0.00
2025-11-28,12,PURCHASE,85,1728.05
2025-11-28,14,PREORDER,7,726.06
2025-11-28,14,ADD_TO_CART,114,0.00
2025-11-28,14,VIEW,434,0.00
2025-11-28,14,WISHLIST,42,0.00
2025-11-28,14,PURCHASE,84,1266.12
2025-11-28,16,PREORDER,5,690.60
2025-11-28,16,ADD_TO_CART,105,0.00
2025-11-28,16,VIEW,718,0.00
2025-11-28,16,WISHLIST,112,0.00
2025-11-28,16,PURCHASE,75,1683.96
2025-11-28,18,PREORDER,8,374.23
2025-11-28,18,ADD_TO_CART,46,0.00
2025-11-28,18,VIEW,539,0.00
2025-11-28,18,WISHLIST,57,0.00
2025-11-28,18,PURCHASE,93,1595.77
2025-11-28,20,PREORDER,9,678.47
2025-11-28,20,ADD_TO_CART,96,0.00
2025-11-28,20,VIEW,584,0.00
2025-11-28,20,WISHLIST,51,0.00
2025-11-28,20,PURCHASE,54,1765.85
2025-11-28,22,PREORDER,14,713.00
2025-11-28,22,ADD_TO_CART,77,0.00
2025-11-28,22,VIEW,913,0.00
2025-11-28,22,WISHLIST,68,0.00
2025-11-28,22,PURCHASE,109,898.67
2025-11-28,24,PREORDER,15,356.50
2025-11-28,24,ADD_TO_CART,117,0.00
2025-11-28,24,VIEW,347,0.00
2025-11-28,24,WISHLIST,149,0.00
2025-11-28,24,PURCHASE,100,1539.08
2025-11-28,26,PREORDER,4,1018.16
2025-11-28,26,ADD_TO_CART,119,0.00
2025-11-28,26,VIEW,616,0.00
2025-11-28,26,WISHLIST,40,0.00
2025-11-28,26,PURCHASE,36,1390.00
2025-11-28,28,PREORDER,7,754.06
2025-11-28,28,ADD_TO_CART,53,0.00
2025-11-28,28,VIEW,631,0.00
2025-11-28,28,WISHLIST,42,0.00
2025-11-28,28,PURCHASE,83,951.16
2025-11-28,30,PREORDER,7,495.55
2025-11-28,30,ADD_TO_CART,87,0.00
2025-11-28,30,VIEW,241,0.00
2025-11-28,30,WISHLIST,62,0.00
2025-11-28,30,PURCHASE,79,1432.00
2025-11-29,1,PREORDER,11,328.50
2025-11-29,1,ADD_TO_CART,113,0.00
2025-11-29,1,VIEW,1089,0.00
2025-11-29,1,WISHLIST,100,0.00
2025-11-29,1,PURCHASE,78,2024.11
2025-11-29,3,PREORDER,10,906.18
2025-11-29,3,ADD_TO_CART,167,0.00
2025-11-29,3,VIEW,894,0.00
2025-11-29,3,WISHLIST,56,0.00
2025-11-29,3,PURCHASE,112,1081.35
2025-11-29,5,PREORDER,8,485.28
2025-11-29,5,ADD_TO_CART,81,0.00
2025-11-29,5,VIEW,1105,0.00
2025-11-29,5,WISHLIST,152,0.00
2025-11-29,5,PURCHASE,116,2299.17
2025-11-29,7,PREORDER,16,434.89
2025-11-29,7,ADD_TO_CART,238,0.00
2025-11-29,7,VIEW,826,0.00
2025-11-29,7,WISHLIST,54,0.00
2025-11-29,7,PURCHASE,104,1954.82
2025-11-29,9,PREORDER,18,698.06
2025-11-29,9,ADD_TO_CART,107,0.00
2025-11-29,9,VIEW,1077,0.00
2025-11-29,9,WISHLIST,150,0.00
2025-11-29,9,PURCHASE,73,1394.20
2025-11-29,11,PREORDER,13,645.80
2025-11-29,11,ADD_TO_CART,54,0.00
2025-11-29,11,VIEW,540,0.00
2025-11-29,11,WISHLIST,45,0.00
2025-11-29,11,PURCHASE,81,2221.48
2025-11-29,13,PREORDER,7,331.30
2025-11-29,13,ADD_TO_CART,173,0.00
2025-11-29,13,VIEW,551,0.00
2025-11-29,13,WISHLIST,117,0.00
2025-11-29,13,PURCHASE,37,1201.03
2025-11-29,15,PREORDER,14,515.15
2025-11-29,15,ADD_TO_CART,191,0.00
2025-11-29,15,VIEW,692,0.00
2025-11-29,15,WISHLIST,91,0.00
2025-11-29,15,PURCHASE,74,963.76
2025-11-29,17,PREORDER,14,928.57
2025-11-29,17,ADD_TO_CART,176,0.00
2025-11-29,17,VIEW,829,0.00
2025-11-29,17,WISHLIST,36,0.00
2025-11-29,17,PURCHASE,90,871.38
2025-11-29,19,PREORDER,10,881.91
2025-11-29,19,ADD_TO_CART,262,0.00
2025-11-29,19,VIEW,711,0.00
2025-11-29,19,WISHLIST,175,0.00
2025-11-29,19,PURCHASE,150,1072.95
2025-11-29,21,PREORDER,13,541.28
2025-11-29,21,ADD_TO_CART,183,0.00
2025-11-29,21,VIEW,1029,0.00
2025-11-29,21,WISHLIST,163,0.00
2025-11-29,21,PURCHASE,122,722.30
2025-11-29,23,PREORDER,8,489.95
2025-11-29,23,ADD_TO_CART,241,0.00
2025-11-29,23,VIEW,695,0.00
2025-11-29,23,WISHLIST,114,0.00
2025-11-29,23,PURCHASE,57,1539.08
2025-11-29,25,PREORDER,4,596.34
2025-11-29,25,ADD_TO_CART,83,0.00
2025-11-29,25,VIEW,729,0.00
2025-11-29,25,WISHLIST,139,0.00
2025-11-29,25,PURCHASE,124,2179.49
2025-11-29,27,PREORDER,6,963.10
2025-11-29,27,ADD_TO_CART,73,0.00
2025-11-29,27,VIEW,787,0.00
2025-11-29,27,WISHLIST,86,0.00
2025-11-29,27,PURCHASE,68,2141.69
2025-11-29,29,PREORDER,13,917.37
2025-11-29,29,ADD_TO_CART,125,0.00
2025-11-29,29,VIEW,285,0.00
2025-11-29,29,WISHLIST,71,0.00
2025-11-29,29,PURCHASE,124,1194.73
2025-11-30,2,PREORDER,10,739.13
2025-11-30,2,ADD_TO_CART,111,0.00
2025-11-30,2,VIEW,679,0.00
2025-11-30,2,WISHLIST,151,0.00
2025-11-30,2,PURCHASE,171,1001.56
2025-11-30,4,PREORDER,14,1034.03
2025-11-30,4,ADD_TO_CART,151,0.00
2025-11-30,4,VIEW,784,0.00
2025-11-30,4,WISHLIST,120,0.00
2025-11-30,4,PURCHASE,67,1341.71
2025-11-30,6,PREORDER,8,407.83
2025-11-30,6,ADD_TO_CART,249,0.00
2025-11-30,6,VIEW,1064,0.00
2025-11-30,6,WISHLIST,172,0.00
2025-11-30,6,PURCHASE,126,1809.94
2025-11-30,8,PREORDER,7,468.49
2025-11-30,8,ADD_TO_CART,199,0.00
2025-11-30,8,VIEW,534,0.00
2025-11-30,8,WISHLIST,191,0.00
2025-11-30,8,PURCHASE,67,688.70
2025-11-30,10,PREORDER,8,436.76
2025-11-30,10,ADD_TO_CART,189,0.00
2025-11-30,10,VIEW,467,0.00
2025-11-30,10,WISHLIST,114,0.00
2025-11-30,10,PURCHASE,49,2059.81
2025-11-30,12,PREORDER,9,582.34
2025-11-30,12,ADD_TO_CART,115,0.00
2025-11-30,12,VIEW,762,0.00
2025-11-30,12,WISHLIST,122,0.00
2025-11-30,12,PURCHASE,91,701.30
2025-11-30,14,PREORDER,4,300.50
2025-11-30,14,ADD_TO_CART,143,0.00
2025-11-30,14,VIEW,380,0.00
2025-11-30,14,WISHLIST,89,0.00
2025-11-30,14,PURCHASE,85,1583.17
2025-11-30,16,PREORDER,9,885.64
2025-11-30,16,ADD_TO_CART,164,0.00
2025-11-30,16,VIEW,274,0.00
2025-11-30,16,WISHLIST,46,0.00
2025-11-30,16,PURCHASE,112,1526.48
2025-11-30,18,PREORDER,12,764.32
2025-11-30,18,ADD_TO_CART,109,0.00
2025-11-30,18,VIEW,899,0.00
2025-11-30,18,WISHLIST,72,0.00
2025-11-30,18,PURCHASE,78,1259.82
2025-11-30,20,PREORDER,9,626.20
2025-11-30,20,ADD_TO_CART,255,0.00
2025-11-30,20,VIEW,822,0.00
2025-11-30,20,WISHLIST,72,0.00
2025-11-30,20,PURCHASE,117,1942.22
2025-11-30,22,PREORDER,9,890.31
2025-11-30,22,ADD_TO_CART,248,0.00
2025-11-30,22,VIEW,586,0.00
2025-11-30,22,WISHLIST,186,0.00
2025-11-30,22,PURCHASE,77,1423.60
2025-11-30,24,PREORDER,11,1015.37
2025-11-30,24,ADD_TO_CART,238,0.00
2025-11-30,24,VIEW,1233,0.00
2025-11-30,24,WISHLIST,90,0.00
2025-11-30,24,PURCHASE,85,2427.25
2025-11-30,26,PREORDER,5,831.52
2025-11-30,26,ADD_TO_CART,69,0.00
2025-11-30,26,VIEW,789,0.00
2025-11-30,26,WISHLIST,99,0.00
2025-11-30,26,PURCHASE,107,1459.29
2025-11-30,28,PREORDER,9,718.59
2025-11-30,28,ADD_TO_CART,74,0.00
2025-11-30,28,VIEW,240,0.00
2025-11-30,28,WISHLIST,86,0.00
2025-11-30,28,PURCHASE,94,2164.79
2025-11-30,30,PREORDER,12,544.08
2025-11-30,30,ADD_TO_CART,137,0.00
2025-11-30,30,VIEW,626,0.00
2025-11-30,30,WISHLIST,68,0.00
2025-11-30,30,PURCHASE,86,999.46
2025-12-01,1,PREORDER,5,490.88
2025-12-01,1,ADD_TO_CART,153,0.00
2025-12-01,1,VIEW,979,0.00
2025-12-01,1,WISHLIST,69,0.00
2025-12-01,1,PURCHASE,52,1255.62
2025-12-01,3,PREORDER,15,1012.57
2025-12-01,3,ADD_TO_CART,130,0.00
2025-12-01,3,VIEW,353,0.00
2025-12-01,3,WISHLIST,67,0.00
2025-12-01,3,PURCHASE,63,1163.23
2025-12-01,5,PREORDER,15,285.57
2025-12-01,5,ADD_TO_CART,107,0.00
2025-12-01,5,VIEW,356,0.00
2025-12-01,5,WISHLIST,117,0.00
2025-12-01,5,PURCHASE,101,875.57
2025-12-01,7,PREORDER,14,1010.70
2025-12-01,7,ADD_TO_CART,139,0.00
2025-12-01,7,VIEW,601,0.00
2025-12-01,7,WISHLIST,106,0.00
2025-12-01,7,PURCHASE,77,2141.69
2025-12-01,9,PREORDER,13,438.62
2025-12-01,9,ADD_TO_CART,87,0.00
2025-12-01,9,VIEW,361,0.00
2025-12-01,9,WISHLIST,58,0.00
2025-12-01,9,PURCHASE,101,1243.02
2025-12-01,11,PREORDER,11,352.76
2025-12-01,11,ADD_TO_CART,106,0.00
2025-12-01,11,VIEW,272,0.00
2025-12-01,11,WISHLIST,92,0.00
2025-12-01,11,PURCHASE,86,2028.31
2025-12-01,13,PREORDER,9,302.37
2025-12-01,13,ADD_TO_CART,55,0.00
2025-12-01,13,VIEW,387,0.00
2025-12-01,13,WISHLIST,57,0.00
2025-12-01,13,PURCHASE,82,1106.54
2025-12-01,15,PREORDER,3,536.61
2025-12-01,15,ADD_TO_CART,99,0.00
2025-12-01,15,VIEW,647,0.00
2025-12-01,15,WISHLIST,108,0.00
2025-12-01,15,PURCHASE,96,703.40
2025-12-01,17,PREORDER,9,472.22
2025-12-01,17,ADD_TO_CART,156,0.00
2025-12-01,17,VIEW,647,0.00
2025-12-01,17,WISHLIST,52,0.00
2025-12-01,17,PURCHASE,66,2429.35
2025-12-01,19,PREORDER,12,1018.16
2025-12-01,19,ADD_TO_CART,116,0.00
2025-12-01,19,VIEW,601,0.00
2025-12-01,19,WISHLIST,150,0.00
2025-12-01,19,PURCHASE,128,2469.25
2025-12-01,21,PREORDER,9,762.46
2025-12-01,21,ADD_TO_CART,176,0.00
2025-12-01,21,VIEW,638,0.00
2025-12-01,21,WISHLIST,97,0.00
2025-12-01,21,PURCHASE,77,1486.59
2025-12-01,23,PREORDER,9,700.86
2025-12-01,23,ADD_TO_CART,138,0.00
2025-12-01,23,VIEW,368,0.00
2025-12-01,23,WISHLIST,125,0.00
2025-12-01,23,PURCHASE,68,1421.50
2025-12-01,25,PREORDER,10,697.13
2025-12-01,25,ADD_TO_CART,133,0.00
2025-12-01,25,VIEW,491,0.00
2025-12-01,25,WISHLIST,109,0.00
2025-12-01,25,PURCHASE,70,1230.42
2025-12-01,27,PREORDER,10,705.53
2025-12-01,27,ADD_TO_CART,133,0.00
2025-12-01,27,VIEW,614,0.00
2025-12-01,27,WISHLIST,50,0.00
2025-12-01,27,PURCHASE,91,1448.79
2025-12-01,29,PREORDER,6,355.56
2025-12-01,29,ADD_TO_CART,92,0.00
2025-12-01,29,VIEW,389,0.00
2025-12-01,29,WISHLIST,100,0.00
2025-12-01,29,PURCHASE,84,1599.97
2025-12-02,2,PREORDER,12,967.77
2025-12-02,2,ADD_TO_CART,88,0.00
2025-12-02,2,VIEW,780,0.00
2025-12-02,2,WISHLIST,140,0.00
2025-12-02,2,PURCHASE,133,1030.95
2025-12-02,4,PREORDER,8,686.86
2025-12-02,4,ADD_TO_CART,62,0.00
2025-12-02,4,VIEW,490,0.00
2025-12-02,4,WISHLIST,79,0.00
2025-12-02,4,PURCHASE,138,1944.32
2025-12-02,6,PREORDER,15,1079.76
2025-12-02,6,ADD_TO_CART,214,0.00
2025-12-02,6,VIEW,415,0.00
2025-12-02,6,WISHLIST,83,0.00
2025-12-02,6,PURCHASE,91,2085.00
2025-12-02,8,PREORDER,14,695.26
2025-12-02,8,ADD_TO_CART,147,0.00
2025-12-02,8,VIEW,717,0.00
2025-12-02,8,WISHLIST,86,0.00
2025-12-02,8,PURCHASE,94,831.48
2025-12-02,10,PREORDER,7,606.61
2025-12-02,10,ADD_TO_CART,45,0.00
2025-12-02,10,VIEW,631,0.00
2025-12-02,10,WISHLIST,87,0.00
2025-12-02,10,PURCHASE,63,1358.51
2025-12-02,12,PREORDER,7,686.86
2025-12-02,12,ADD_TO_CART,56,0.00
2025-12-02,12,VIEW,527,0.00
2025-12-02,12,WISHLIST,54,0.00
2025-12-02,12,PURCHASE,66,1835.14
2025-12-02,14,PREORDER,7,774.59
2025-12-02,14,ADD_TO_CART,50,0.00
2025-12-02,14,VIEW,453,0.00
2025-12-02,14,WISHLIST,102,0.00
2025-12-02,14,PURCHASE,66,1452.99
2025-12-02,16,PREORDER,9,293.97
2025-12-02,16,ADD_TO_CART,136,0.00
2025-12-02,16,VIEW,659,0.00
2025-12-02,16,WISHLIST,81,0.00
2025-12-02,16,PURCHASE,80,1333.31
2025-12-02,18,PREORDER,7,1084.42
2025-12-02,18,ADD_TO_CART,149,0.00
2025-12-02,18,VIEW,482,0.00
2025-12-02,18,WISHLIST,82,0.00
2025-12-02,18,PURCHASE,40,636.21
2025-12-02,20,PREORDER,4,604.74
2025-12-02,20,ADD_TO_CART,114,0.00
2025-12-02,20,VIEW,575,0.00
2025-12-02,20,WISHLIST,42,0.00
2025-12-02,20,PURCHASE,94,2433.55
2025-12-02,22,PREORDER,10,938.84
2025-12-02,22,ADD_TO_CART,66,0.00
2025-12-02,22,VIEW,281,0.00
2025-12-02,22,WISHLIST,146,0.00
2025-12-02,22,PURCHASE,47,1973.72
2025-12-02,24,PREORDER,13,358.36
2025-12-02,24,ADD_TO_CART,84,0.00
2025-12-02,24,VIEW,716,0.00
2025-12-02,24,WISHLIST,140,0.00
2025-12-02,24,PURCHASE,75,1303.91
2025-12-02,26,PREORDER,5,335.97
2025-12-02,26,ADD_TO_CART,77,0.00
2025-12-02,26,VIEW,437,0.00
2025-12-02,26,WISHLIST,38,0.00
2025-12-02,26,PURCHASE,59,867.18
2025-12-02,28,PREORDER,9,628.07
2025-12-02,28,ADD_TO_CART,66,0.00
2025-12-02,28,VIEW,518,0.00
2025-12-02,28,WISHLIST,70,0.00
2025-12-02,28,PURCHASE,81,688.70
2025-12-02,30,PREORDER,4,573.01
2025-12-02,30,ADD_TO_CART,74,0.00
2025-12-02,30,VIEW,274,0.00
2025-12-02,30,WISHLIST,112,0.00
2025-12-02,30,PURCHASE,69,1421.50
2025-12-03,1,PREORDER,4,691.53
2025-12-03,1,ADD_TO_CART,195,0.00
2025-12-03,1,VIEW,715,0.00
2025-12-03,1,WISHLIST,42,0.00
2025-12-03,1,PURCHASE,121,2072.40
2025-12-03,3,PREORDER,15,774.59
2025-12-03,3,ADD_TO_CART,215,0.00
2025-12-03,3,VIEW,287,0.00
2025-12-03,3,WISHLIST,131,0.00
2025-12-03,3,PURCHASE,43,1608.37
2025-12-03,5,PREORDER,10,770.86
2025-12-03,5,ADD_TO_CART,188,0.00
2025-12-03,5,VIEW,475,0.00
2025-12-03,5,WISHLIST,109,0.00
2025-12-03,5,PURCHASE,97,2089.20
2025-12-03,7,PREORDER,14,882.85
2025-12-03,7,ADD_TO_CART,101,0.00
2025-12-03,7,VIEW,393,0.00
2025-12-03,7,WISHLIST,47,0.00
2025-12-03,7,PURCHASE,141,1373.20
2025-12-03,9,PREORDER,15,1083.49
2025-12-03,9,ADD_TO_CART,89,0.00
2025-12-03,9,VIEW,809,0.00
2025-12-03,9,WISHLIST,94,0.00
2025-12-03,9,PURCHASE,103,659.31
2025-12-03,11,PREORDER,5,847.38
2025-12-03,11,ADD_TO_CART,92,0.00
2025-12-03,11,VIEW,634,0.00
2025-12-03,11,WISHLIST,86,0.00
2025-12-03,11,PURCHASE,90,692.90
2025-12-03,13,PREORDER,7,760.59
2025-12-03,13,ADD_TO_CART,74,0.00
2025-12-03,13,VIEW,478,0.00
2025-12-03,13,WISHLIST,104,0.00
2025-12-03,13,PURCHASE,99,741.19
2025-12-03,15,PREORDER,3,900.58
2025-12-03,15,ADD_TO_CART,86,0.00
2025-12-03,15,VIEW,627,0.00
2025-12-03,15,WISHLIST,67,0.00
2025-12-03,15,PURCHASE,94,1177.93
2025-12-03,17,PREORDER,10,1093.76
2025-12-03,17,ADD_TO_CART,144,0.00
2025-12-03,17,VIEW,705,0.00
2025-12-03,17,WISHLIST,86,0.00
2025-12-03,17,PURCHASE,89,2378.96
2025-12-03,19,PREORDER,7,962.17
2025-12-03,19,ADD_TO_CART,62,0.00
2025-12-03,19,VIEW,730,0.00
2025-12-03,19,WISHLIST,135,0.00
2025-12-03,19,PURCHASE,63,2011.51
2025-12-03,21,PREORDER,10,582.34
2025-12-03,21,ADD_TO_CART,154,0.00
2025-12-03,21,VIEW,386,0.00
2025-12-03,21,WISHLIST,110,0.00
2025-12-03,21,PURCHASE,40,2406.26
2025-12-03,23,PREORDER,14,564.61
2025-12-03,23,ADD_TO_CART,123,0.00
2025-12-03,23,VIEW,822,0.00
2025-12-03,23,WISHLIST,98,0.00
2025-12-03,23,PURCHASE,108,2294.97
2025-12-03,25,PREORDER,7,811.92
2025-12-03,25,ADD_TO_CART,118,0.00
2025-12-03,25,VIEW,439,0.00
2025-12-03,25,WISHLIST,78,0.00
2025-12-03,25,PURCHASE,44,1767.95
2025-12-03,27,PREORDER,4,524.48
2025-12-03,27,ADD_TO_CART,49,0.00
2025-12-03,27,VIEW,407,0.00
2025-12-03,27,WISHLIST,32,0.00
2025-12-03,27,PURCHASE,77,1952.72
2025-12-03,29,PREORDER,10,939.77
2025-12-03,29,ADD_TO_CART,48,0.00
2025-12-03,29,VIEW,636,0.00
2025-12-03,29,WISHLIST,42,0.00
2025-12-03,29,PURCHASE,36,1070.85
2025-12-04,2,PREORDER,16,348.10
2025-12-04,2,ADD_TO_CART,123,0.00
2025-12-04,2,VIEW,685,0.00
2025-12-04,2,WISHLIST,137,0.00
2025-12-04,2,PURCHASE,116,2332.77
2025-12-04,4,PREORDER,7,762.46
2025-12-04,4,ADD_TO_CART,214,0.00
2025-12-04,4,VIEW,973,0.00
2025-12-04,4,WISHLIST,117,0.00
2025-12-04,4,PURCHASE,82,2095.50
2025-12-04,6,PREORDER,12,403.16
2025-12-04,6,ADD_TO_CART,151,0.00
2025-12-04,6,VIEW,834,0.00
2025-12-04,6,WISHLIST,105,0.00
2025-12-04,6,PURCHASE,74,2103.90
2025-12-04,8,PREORDER,12,830.58
2025-12-04,8,ADD_TO_CART,152,0.00
2025-12-04,8,VIEW,349,0.00
2025-12-04,8,WISHLIST,78,0.00
2025-12-04,8,PURCHASE,109,640.41
2025-12-04,10,PREORDER,8,357.43
2025-12-04,10,ADD_TO_CART,142,0.00
2025-12-04,10,VIEW,336,0.00
2025-12-04,10,WISHLIST,99,0.00
2025-12-04,10,PURCHASE,61,1473.99
2025-12-04,12,PREORDER,6,649.54
2025-12-04,12,ADD_TO_CART,86,0.00
2025-12-04,12,VIEW,280,0.00
2025-12-04,12,WISHLIST,65,0.00
2025-12-04,12,PURCHASE,82,1100.24
2025-12-04,14,PREORDER,6,1119.89
2025-12-04,14,ADD_TO_CART,122,0.00
2025-12-04,14,VIEW,253,0.00
2025-12-04,14,WISHLIST,78,0.00
2025-12-04,14,PURCHASE,54,1110.74
2025-12-04,16,PREORDER,7,1006.03
2025-12-04,16,ADD_TO_CART,124,0.00
2025-12-04,16,VIEW,224,0.00
2025-12-04,16,WISHLIST,50,0.00
2025-12-04,16,PURCHASE,65,2127.00
2025-12-04,18,PREORDER,10,557.14
2025-12-04,18,ADD_TO_CART,108,0.00
2025-12-04,18,VIEW,542,0.00
2025-12-04,18,WISHLIST,40,0.00
2025-12-04,18,PURCHASE,68,1980.02
2025-12-04,20,PREORDER,14,1074.16
2025-12-04,20,ADD_TO_CART,117,0.00
2025-12-04,20,VIEW,722,0.00
2025-12-04,20,WISHLIST,48,0.00
2025-12-04,20,PURCHASE,68,2376.86
2025-12-04,22,PREORDER,6,581.41
2025-12-04,22,ADD_TO_CART,186,0.00
2025-12-04,22,VIEW,811,0.00
2025-12-04,22,WISHLIST,89,0.00
2025-12-04,22,PURCHASE,97,2261.38
2025-12-04,24,PREORDER,4,292.10
2025-12-04,24,ADD_TO_CART,119,0.00
2025-12-04,24,VIEW,692,0.00
2025-12-04,24,WISHLIST,103,0.00
2025-12-04,24,PURCHASE,137,2246.68
2025-12-04,26,PREORDER,6,643.94
2025-12-04,26,ADD_TO_CART,149,0.00
2025-12-04,26,VIEW,508,0.00
2025-12-04,26,WISHLIST,51,0.00
2025-12-04,26,PURCHASE,76,1938.02
2025-12-04,28,PREORDER,10,322.90
2025-12-04,28,ADD_TO_CART,106,0.00
2025-12-04,28,VIEW,277,0.00
2025-12-04,28,WISHLIST,54,0.00
2025-12-04,28,PURCHASE,59,2395.76
2025-12-04,30,PREORDER,4,280.91
2025-12-04,30,ADD_TO_CART,82,0.00
2025-12-04,30,VIEW,410,0.00
2025-12-04,30,WISHLIST,108,0.00
2025-12-04,30,PURCHASE,69,1614.67
2025-12-05,1,PREORDER,7,771.79
2025-12-05,1,ADD_TO_CART,192,0.00
2025-12-05,1,VIEW,375,0.00
2025-12-05,1,WISHLIST,96,0.00
2025-12-05,1,PURCHASE,59,2486.04
2025-12-05,3,PREORDER,8,446.09
2025-12-05,3,ADD_TO_CART,88,0.00
2025-12-05,3,VIEW,271,0.00
2025-12-05,3,WISHLIST,56,0.00
2025-12-05,3,PURCHASE,41,2116.50
2025-12-05,5,PREORDER,13,894.04
2025-12-05,5,ADD_TO_CART,209,0.00
2025-12-05,5,VIEW,354,0.00
2025-12-05,5,WISHLIST,128,0.00
2025-12-05,5,PURCHASE,48,2185.79
2025-12-05,7,PREORDER,13,445.16
2025-12-05,7,ADD_TO_CART,188,0.00
2025-12-05,7,VIEW,528,0.00
2025-12-05,7,WISHLIST,116,0.00
2025-12-05,7,PURCHASE,121,879.77
2025-12-05,9,PREORDER,5,818.45
2025-12-05,9,ADD_TO_CART,198,0.00
2025-12-05,9,VIEW,808,0.00
2025-12-05,9,WISHLIST,142,0.00
2025-12-05,9,PURCHASE,140,984.76
2025-12-05,11,PREORDER,4,743.79
2025-12-05,11,ADD_TO_CART,49,0.00
2025-12-05,11,VIEW,434,0.00
2025-12-05,11,WISHLIST,86,0.00
2025-12-05,11,PURCHASE,78,2395.76
2025-12-05,13,PREORDER,5,902.44
2025-12-05,13,ADD_TO_CART,88,0.00
2025-12-05,13,VIEW,263,0.00
2025-12-05,13,WISHLIST,106,0.00
2025-12-05,13,PURCHASE,94,848.28
2025-12-05,15,PREORDER,8,599.14
2025-12-05,15,ADD_TO_CART,53,0.00
2025-12-05,15,VIEW,593,0.00
2025-12-05,15,WISHLIST,39,0.00
2025-12-05,15,PURCHASE,98,1177.93
2025-12-05,17,PREORDER,9,989.23
2025-12-05,17,ADD_TO_CART,72,0.00
2025-12-05,17,VIEW,458,0.00
2025-12-05,17,WISHLIST,53,0.00
2025-12-05,17,PURCHASE,28,1434.10
2025-12-05,19,PREORDER,12,475.95
2025-12-05,19,ADD_TO_CART,215,0.00
2025-12-05,19,VIEW,363,0.00
2025-12-05,19,WISHLIST,145,0.00
2025-12-05,19,PURCHASE,108,999.46
2025-12-05,21,PREORDER,11,884.71
2025-12-05,21,ADD_TO_CART,189,0.00
2025-12-05,21,VIEW,918,0.00
2025-12-05,21,WISHLIST,119,0.00
2025-12-05,21,PURCHASE,109,1996.81
2025-12-05,23,PREORDER,15,698.06
2025-12-05,23,ADD_TO_CART,83,0.00
2025-12-05,23,VIEW,976,0.00
2025-12-05,23,WISHLIST,120,0.00
2025-12-05,23,PURCHASE,101,720.20
2025-12-05,25,PREORDER,7,413.43
2025-12-05,25,ADD_TO_CART,87,0.00
2025-12-05,25,VIEW,490,0.00
2025-12-05,25,WISHLIST,59,0.00
2025-12-05,25,PURCHASE,52,1104.44
2025-12-05,27,PREORDER,7,1100.29
2025-12-05,27,ADD_TO_CART,147,0.00
2025-12-05,27,VIEW,415,0.00
2025-12-05,27,WISHLIST,33,0.00
2025-12-05,27,PURCHASE,94,1005.76
2025-12-05,29,PREORDER,11,808.19
2025-12-05,29,ADD_TO_CART,91,0.00
2025-12-05,29,VIEW,254,0.00
2025-12-05,29,WISHLIST,86,0.00
2025-12-05,29,PURCHASE,64,1803.64
2025-12-06,2,PREORDER,18,629.94
2025-12-06,2,ADD_TO_CART,184,0.00
2025-12-06,2,VIEW,1134,0.00
2025-12-06,2,WISHLIST,170,0.00
2025-12-06,2,PURCHASE,87,1952.72
2025-12-06,4,PREORDER,9,861.38
2025-12-06,4,ADD_TO_CART,172,0.00
2025-12-06,4,VIEW,813,0.00
2025-12-06,4,WISHLIST,189,0.00
2025-12-06,4,PURCHASE,65,1585.27
2025-12-06,6,PREORDER,17,561.81
2025-12-06,6,ADD_TO_CART,125,0.00
2025-12-06,6,VIEW,1240,0.00
2025-12-06,6,WISHLIST,94,0.00
2025-12-06,6,PURCHASE,127,2255.08
2025-12-06,8,PREORDER,12,755.92
2025-12-06,8,ADD_TO_CART,148,0.00
2025-12-06,8,VIEW,1128,0.00
2025-12-06,8,WISHLIST,172,0.00
2025-12-06,8,PURCHASE,141,1364.81
2025-12-06,10,PREORDER,7,507.68
2025-12-06,10,ADD_TO_CART,146,0.00
2025-12-06,10,VIEW,314,0.00
2025-12-06,10,WISHLIST,71,0.00
2025-12-06,10,PURCHASE,109,2095.50
2025-12-06,12,PREORDER,8,694.33
2025-12-06,12,ADD_TO_CART,63,0.00
2025-12-06,12,VIEW,845,0.00
2025-12-06,12,WISHLIST,88,0.00
2025-12-06,12,PURCHASE,105,776.89
2025-12-06,14,PREORDER,12,908.04
2025-12-06,14,ADD_TO_CART,86,0.00
2025-12-06,14,VIEW,458,0.00
2025-12-06,14,WISHLIST,122,0.00
2025-12-06,14,PURCHASE,119,783.19
2025-12-06,16,PREORDER,6,293.04
2025-12-06,16,ADD_TO_CART,82,0.00
2025-12-06,16,VIEW,698,0.00
2025-12-06,16,WISHLIST,127,0.00
2025-12-06,16,PURCHASE,46,980.56
2025-12-06,18,PREORDER,12,387.29
2025-12-06,18,ADD_TO_CART,124,0.00
2025-12-06,18,VIEW,385,0.00
2025-12-06,18,WISHLIST,111,0.00
2025-12-06,18,PURCHASE,53,2059.81
2025-12-06,20,PREORDER,7,496.48
2025-12-06,20,ADD_TO_CART,190,0.00
2025-12-06,20,VIEW,324,0.00
2025-12-06,20,WISHLIST,68,0.00
2025-12-06,20,PURCHASE,112,1224.13
2025-12-06,22,PREORDER,14,385.43
2025-12-06,22,ADD_TO_CART,220,0.00
2025-12-06,22,VIEW,479,0.00
2025-12-06,22,WISHLIST,73,0.00
2025-12-06,22,PURCHASE,123,1427.80
2025-12-06,24,PREORDER,18,1067.63
2025-12-06,24,ADD_TO_CART,92,0.00
2025-12-06,24,VIEW,559,0.00
2025-12-06,24,WISHLIST,155,0.00
2025-12-06,24,PURCHASE,158,2458.75
2025-12-06,26,PREORDER,12,674.73
2025-12-06,26,ADD_TO_CART,124,0.00
2025-12-06,26,VIEW,229,0.00
2025-12-06,26,WISHLIST,140,0.00
2025-12-06,26,PURCHASE,119,1887.63
2025-12-06,28,PREORDER,6,657.93
2025-12-06,28,ADD_TO_CART,156,0.00
2025-12-06,28,VIEW,292,0.00
2025-12-06,28,WISHLIST,120,0.00
2025-12-06,28,PURCHASE,64,942.77
2025-12-06,30,PREORDER,13,481.55
2025-12-06,30,ADD_TO_CART,87,0.00
2025-12-06,30,VIEW,501,0.00
2025-12-06,30,WISHLIST,87,0.00
2025-12-06,30,PURCHASE,94,896.57
2025-12-07,1,PREORDER,14,736.33
2025-12-07,1,ADD_TO_CART,114,0.00
2025-12-07,1,VIEW,1175,0.00
2025-12-07,1,WISHLIST,132,0.00
2025-12-07,1,PURCHASE,163,2215.18
2025-12-07,3,PREORDER,17,969.64
2025-12-07,3,ADD_TO_CART,155,0.00
2025-12-07,3,VIEW,812,0.00
2025-12-07,3,WISHLIST,176,0.00
2025-12-07,3,PURCHASE,49,2328.57
2025-12-07,5,PREORDER,13,1097.49
2025-12-07,5,ADD_TO_CART,177,0.00
2025-12-07,5,VIEW,382,0.00
2025-12-07,5,WISHLIST,166,0.00
2025-12-07,5,PURCHASE,62,680.30
2025-12-07,7,PREORDER,14,625.27
2025-12-07,7,ADD_TO_CART,92,0.00
2025-12-07,7,VIEW,1213,0.00
2025-12-07,7,WISHLIST,60,0.00
2025-12-07,7,PURCHASE,64,2303.37
2025-12-07,9,PREORDER,5,328.50
2025-12-07,9,ADD_TO_CART,205,0.00
2025-12-07,9,VIEW,603,0.00
2025-12-07,9,WISHLIST,171,0.00
2025-12-07,9,PURCHASE,160,957.46
2025-12-07,11,PREORDER,7,993.90
2025-12-07,11,ADD_TO_CART,104,0.00
2025-12-07,11,VIEW,377,0.00
2025-12-07,11,WISHLIST,41,0.00
2025-12-07,11,PURCHASE,87,2418.85
2025-12-07,13,PREORDER,11,814.72
2025-12-07,13,ADD_TO_CART,156,0.00
2025-12-07,13,VIEW,521,0.00
2025-12-07,13,WISHLIST,85,0.00
2025-12-07,13,PURCHASE,123,1497.09
2025-12-07,15,PREORDER,14,955.64
2025-12-07,15,ADD_TO_CART,74,0.00
2025-12-07,15,VIEW,577,0.00
2025-12-07,15,WISHLIST,124,0.00
2025-12-07,15,PURCHASE,100,1110.74
2025-12-07,17,PREORDER,10,1025.63
2025-12-07,17,ADD_TO_CART,54,0.00
2025-12-07,17,VIEW,557,0.00
2025-12-07,17,WISHLIST,78,0.00
2025-12-07,17,PURCHASE,57,1486.59
2025-12-07,19,PREORDER,18,291.17
2025-12-07,19,ADD_TO_CART,97,0.00
2025-12-07,19,VIEW,612,0.00
2025-12-07,19,WISHLIST,149,0.00
2025-12-07,19,PURCHASE,135,1238.82
2025-12-07,21,PREORDER,7,1048.03
2025-12-07,21,ADD_TO_CART,91,0.00
2025-12-07,21,VIEW,594,0.00
2025-12-07,21,WISHLIST,184,0.00
2025-12-07,21,PURCHASE,79,770.59
2025-12-07,23,PREORDER,13,490.88
2025-12-07,23,ADD_TO_CART,210,0.00
2025-12-07,23,VIEW,820,0.00
2025-12-07,23,WISHLIST,176,0.00
2025-12-07,23,PURCHASE,162,2162.69
2025-12-07,25,PREORDER,7,490.88
2025-12-07,25,ADD_TO_CART,157,0.00
2025-12-07,25,VIEW,556,0.00
2025-12-07,25,WISHLIST,40,0.00
2025-12-07,25,PURCHASE,88,1822.54
2025-12-07,27,PREORDER,5,592.61
2025-12-07,27,ADD_TO_CART,73,0.00
2025-12-07,27,VIEW,469,0.00
2025-12-07,27,WISHLIST,132,0.00
2025-12-07,27,PURCHASE,83,1809.94
2025-12-07,29,PREORDER,6,1103.09
2025-12-07,29,ADD_TO_CART,145,0.00
2025-12-07,29,VIEW,414,0.00
2025-12-07,29,WISHLIST,132,0.00
2025-12-07,29,PURCHASE,68,2194.19
2025-12-08,2,PREORDER,15,374.23
2025-12-08,2,ADD_TO_CART,218,0.00
2025-12-08,2,VIEW,271,0.00
2025-12-08,2,WISHLIST,102,0.00
2025-12-08,2,PURCHASE,49,1289.22
2025-12-08,4,PREORDER,4,782.99
2025-12-08,4,ADD_TO_CART,75,0.00
2025-12-08,4,VIEW,282,0.00
2025-12-08,4,WISHLIST,89,0.00
2025-12-08,4,PURCHASE,99,2460.85
2025-12-08,6,PREORDER,11,905.24
2025-12-08,6,ADD_TO_CART,160,0.00
2025-12-08,6,VIEW,748,0.00
2025-12-08,6,WISHLIST,54,0.00
2025-12-08,6,PURCHASE,97,2141.69
2025-12-08,8,PREORDER,14,755.92
2025-12-08,8,ADD_TO_CART,201,0.00
2025-12-08,8,VIEW,464,0.00
2025-12-08,8,WISHLIST,63,0.00
2025-12-08,8,PURCHASE,85,2378.96
2025-12-08,10,PREORDER,7,921.11
2025-12-08,10,ADD_TO_CART,148,0.00
2025-12-08,10,VIEW,369,0.00
2025-12-08,10,WISHLIST,44,0.00
2025-12-08,10,PURCHASE,42,1581.07
2025-12-08,12,PREORDER,11,835.25
2025-12-08,12,ADD_TO_CART,90,0.00
2025-12-08,12,VIEW,541,0.00
2025-12-08,12,WISHLIST,90,0.00
2025-12-08,12,PURCHASE,60,2015.71
2025-12-08,14,PREORDER,10,1017.23
2025-12-08,14,ADD_TO_CART,140,0.00
2025-12-08,14,VIEW,208,0.00
2025-12-08,14,WISHLIST,60,0.00
2025-12-08,14,PURCHASE,89,722.30
2025-12-08,16,PREORDER,10,456.35
2025-12-08,16,ADD_TO_CART,92,0.00
2025-12-08,16,VIEW,347,0.00
2025-12-08,16,WISHLIST,110,0.00
2025-12-08,16,PURCHASE,40,2378.96
2025-12-08,18,PREORDER,6,666.33
2025-12-08,18,ADD_TO_CART,73,0.00
2025-12-08,18,VIEW,439,0.00
2025-12-08,18,WISHLIST,40,0.00
2025-12-08,18,PURCHASE,62,667.70
2025-12-08,20,PREORDER,12,965.90
2025-12-08,20,ADD_TO_CART,149,0.00
2025-12-08,20,VIEW,321,0.00
2025-12-08,20,WISHLIST,111,0.00
2025-12-08,20,PURCHASE,92,1446.69
2025-12-08,22,PREORDER,14,489.02
2025-12-08,22,ADD_TO_CART,200,0.00
2025-12-08,22,VIEW,518,0.00
2025-12-08,22,WISHLIST,156,0.00
2025-12-08,22,PURCHASE,109,2452.45
2025-12-08,24,PREORDER,15,727.93
2025-12-08,24,ADD_TO_CART,103,0.00
2025-12-08,24,VIEW,523,0.00
2025-12-08,24,WISHLIST,85,0.00
2025-12-08,24,PURCHASE,74,1003.66
2025-12-08,26,PREORDER,6,616.87
2025-12-08,26,ADD_TO_CART,121,0.00
2025-12-08,26,VIEW,248,0.00
2025-12-08,26,WISHLIST,100,0.00
2025-12-08,26,PURCHASE,88,1606.27
2025-12-08,28,PREORDER,10,1060.16
2025-12-08,28,ADD_TO_CART,93,0.00
2025-12-08,28,VIEW,254,0.00
2025-12-08,28,WISHLIST,68,0.00
2025-12-08,28,PURCHASE,50,1854.04
2025-12-08,30,PREORDER,6,1072.29
2025-12-08,30,ADD_TO_CART,83,0.00
2025-12-08,30,VIEW,707,0.00
2025-12-08,30,WISHLIST,47,0.00
2025-12-08,30,PURCHASE,87,904.97
2025-12-09,1,PREORDER,5,396.63
2025-12-09,1,ADD_TO_CART,67,0.00
2025-12-09,1,VIEW,710,0.00
2025-12-09,1,WISHLIST,149,0.00
2025-12-09,1,PURCHASE,66,1303.91
2025-12-09,3,PREORDER,8,1075.09
2025-12-09,3,ADD_TO_CART,142,0.00
2025-12-09,3,VIEW,398,0.00
2025-12-09,3,WISHLIST,119,0.00
2025-12-09,3,PURCHASE,127,2208.88
2025-12-09,5,PREORDER,15,793.25
2025-12-09,5,ADD_TO_CART,192,0.00
2025-12-09,5,VIEW,413,0.00
2025-12-09,5,WISHLIST,148,0.00
2025-12-09,5,PURCHASE,60,726.50
2025-12-09,7,PREORDER,9,704.60
2025-12-09,7,ADD_TO_CART,155,0.00
2025-12-09,7,VIEW,375,0.00
2025-12-09,7,WISHLIST,150,0.00
2025-12-09,7,PURCHASE,95,1961.12
2025-12-09,9,PREORDER,8,1086.29
2025-12-09,9,ADD_TO_CART,140,0.00
2025-12-09,9,VIEW,505,0.00
2025-12-09,9,WISHLIST,124,0.00
2025-12-09,9,PURCHASE,103,1371.10
2025-12-09,11,PREORDER,6,765.26
2025-12-09,11,ADD_TO_CART,74,0.00
2025-12-09,11,VIEW,384,0.00
2025-12-09,11,WISHLIST,90,0.00
2025-12-09,11,PURCHASE,77,2456.65
2025-12-09,13,PREORDER,11,331.30
2025-12-09,13,ADD_TO_CART,132,0.00
2025-12-09,13,VIEW,524,0.00
2025-12-09,13,WISHLIST,96,0.00
2025-12-09,13,PURCHASE,40,951.16
2025-12-09,15,PREORDER,3,576.74
2025-12-09,15,ADD_TO_CART,108,0.00
2025-12-09,15,VIEW,263,0.00
2025-12-09,15,WISHLIST,78,0.00
2025-12-09,15,PURCHASE,34,976.36
2025-12-09,17,PREORDER,8,1116.16
2025-12-09,17,ADD_TO_CART,91,0.00
2025-12-09,17,VIEW,382,0.00
2025-12-09,17,WISHLIST,83,0.00
2025-12-09,17,PURCHASE,80,2057.71
2025-12-09,19,PREORDER,14,635.54
2025-12-09,19,ADD_TO_CART,177,0.00
2025-12-09,19,VIEW,387,0.00
2025-12-09,19,WISHLIST,117,0.00
2025-12-09,19,PURCHASE,95,2475.55
2025-12-09,21,PREORDER,12,770.86
2025-12-09,21,ADD_TO_CART,194,0.00
2025-12-09,21,VIEW,719,0.00
2025-12-09,21,WISHLIST,99,0.00
2025-12-09,21,PURCHASE,140,919.67
2025-12-09,23,PREORDER,9,665.40
2025-12-09,23,ADD_TO_CART,61,0.00
2025-12-09,23,VIEW,579,0.00
2025-12-09,23,WISHLIST,51,0.00
2025-12-09,23,PURCHASE,127,2122.80
2025-12-09,25,PREORDER,11,1119.89
2025-12-09,25,ADD_TO_CART,154,0.00
2025-12-09,25,VIEW,235,0.00
2025-12-09,25,WISHLIST,48,0.00
2025-12-09,25,PURCHASE,89,726.50
2025-12-09,27,PREORDER,4,906.18
2025-12-09,27,ADD_TO_CART,153,0.00
2025-12-09,27,VIEW,335,0.00
2025-12-09,27,WISHLIST,107,0.00
2025-12-09,27,PURCHASE,95,1889.73
2025-12-09,29,PREORDER,5,863.25
2025-12-09,29,ADD_TO_CART,84,0.00
2025-12-09,29,VIEW,512,0.00
2025-12-09,29,WISHLIST,45,0.00
2025-12-09,29,PURCHASE,39,1551.68
2025-12-10,2,PREORDER,12,712.06
2025-12-10,2,ADD_TO_CART,88,0.00
2025-12-10,2,VIEW,879,0.00
2025-12-10,2,WISHLIST,139,0.00
2025-12-10,2,PURCHASE,133,839.88
2025-12-10,4,PREORDER,5,547.81
2025-12-10,4,ADD_TO_CART,213,0.00
2025-12-10,4,VIEW,926,0.00
2025-12-10,4,WISHLIST,122,0.00
2025-12-10,4,PURCHASE,116,1007.86
2025-12-10,6,PREORDER,14,476.89
2025-12-10,6,ADD_TO_CART,76,0.00
2025-12-10,6,VIEW,895,0.00
2025-12-10,6,WISHLIST,82,0.00
2025-12-10,6,PURCHASE,76,1075.05
2025-12-10,8,PREORDER,9,647.67
2025-12-10,8,ADD_TO_CART,191,0.00
2025-12-10,8,VIEW,665,0.00
2025-12-10,8,WISHLIST,82,0.00
2025-12-10,8,PURCHASE,116,1969.52
2025-12-10,10,PREORDER,9,476.89
2025-12-10,10,ADD_TO_CART,114,0.00
2025-12-10,10,VIEW,325,0.00
2025-12-10,10,WISHLIST,106,0.00
2025-12-10,10,PURCHASE,87,825.18
2025-12-10,12,PREORDER,5,307.04
2025-12-10,12,ADD_TO_CART,129,0.00
2025-12-10,12,VIEW,394,0.00
2025-12-10,12,WISHLIST,112,0.00
2025-12-10,12,PURCHASE,51,993.16
2025-12-10,14,PREORDER,10,1019.10
2025-12-10,14,ADD_TO_CART,116,0.00
2025-12-10,14,VIEW,619,0.00
2025-12-10,14,WISHLIST,36,0.00
2025-12-10,14,PURCHASE,100,2202.59
2025-12-10,16,PREORDER,9,474.09
2025-12-10,16,ADD_TO_CART,99,0.00
2025-12-10,16,VIEW,539,0.00
2025-12-10,16,WISHLIST,41,0.00
2025-12-10,16,PURCHASE,31,2085.00
2025-12-10,18,PREORDER,4,864.18
2025-12-10,18,ADD_TO_CART,126,0.00
2025-12-10,18,VIEW,584,0.00
2025-12-10,18,WISHLIST,76,0.00
2025-12-10,18,PURCHASE,86,1795.24
2025-12-10,20,PREORDER,13,534.75
2025-12-10,20,ADD_TO_CART,130,0.00
2025-12-10,20,VIEW,962,0.00
2025-12-10,20,WISHLIST,85,0.00
2025-12-10,20,PURCHASE,87,1142.24
2025-12-10,22,PREORDER,11,923.91
2025-12-10,22,ADD_TO_CART,144,0.00
2025-12-10,22,VIEW,291,0.00
2025-12-10,22,WISHLIST,122,0.00
2025-12-10,22,PURCHASE,77,1266.12
2025-12-10,24,PREORDER,9,994.83
2025-12-10,24,ADD_TO_CART,171,0.00
2025-12-10,24,VIEW,376,0.00
2025-12-10,24,WISHLIST,122,0.00
2025-12-10,24,PURCHASE,73,663.51
2025-12-10,26,PREORDER,7,321.03
2025-12-10,26,ADD_TO_CART,145,0.00
2025-12-10,26,VIEW,541,0.00
2025-12-10,26,WISHLIST,81,0.00
2025-12-10,26,PURCHASE,75,1683.96
2025-12-10,28,PREORDER,7,766.19
2025-12-10,28,ADD_TO_CART,131,0.00
2025-12-10,28,VIEW,198,0.00
2025-12-10,28,WISHLIST,105,0.00
2025-12-10,28,PURCHASE,51,1142.24
2025-12-10,30,PREORDER,7,588.87
2025-12-10,30,ADD_TO_CART,66,0.00
2025-12-10,30,VIEW,409,0.00
2025-12-10,30,WISHLIST,63,0.00
2025-12-10,30,PURCHASE,45,2049.31
2025-12-11,1,PREORDER,11,418.09
2025-12-11,1,ADD_TO_CART,66,0.00
2025-12-11,1,VIEW,381,0.00
2025-12-11,1,WISHLIST,99,0.00
2025-12-11,1,PURCHASE,82,2456.65
2025-12-11,3,PREORDER,5,696.20
2025-12-11,3,ADD_TO_CART,85,0.00
2025-12-11,3,VIEW,620,0.00
2025-12-11,3,WISHLIST,125,0.00
2025-12-11,3,PURCHASE,79,2353.76
2025-12-11,5,PREORDER,10,297.70
2025-12-11,5,ADD_TO_CART,121,0.00
2025-12-11,5,VIEW,911,0.00
2025-12-11,5,WISHLIST,84,0.00
2025-12-11,5,PURCHASE,53,2206.78
2025-12-11,7,PREORDER,7,1067.63
2025-12-11,7,ADD_TO_CART,149,0.00
2025-12-11,7,VIEW,391,0.00
2025-12-11,7,WISHLIST,91,0.00
2025-12-11,7,PURCHASE,98,1629.37
2025-12-11,9,PREORDER,9,547.81
2025-12-11,9,ADD_TO_CART,159,0.00
2025-12-11,9,VIEW,289,0.00
2025-12-11,9,WISHLIST,72,0.00
2025-12-11,9,PURCHASE,124,1190.53
2025-12-11,11,PREORDER,3,990.17
2025-12-11,11,ADD_TO_CART,107,0.00
2025-12-11,11,VIEW,601,0.00
2025-12-11,11,WISHLIST,104,0.00
2025-12-11,11,PURCHASE,52,2496.54
2025-12-11,13,PREORDER,5,601.94
2025-12-11,13,ADD_TO_CART,103,0.00
2025-12-11,13,VIEW,538,0.00
2025-12-11,13,WISHLIST,99,0.00
2025-12-11,13,PURCHASE,29,2192.09
2025-12-11,15,PREORDER,11,453.55
2025-12-11,15,ADD_TO_CART,78,0.00
2025-12-11,15,VIEW,382,0.00
2025-12-11,15,WISHLIST,53,0.00
2025-12-11,15,PURCHASE,73,1146.44
2025-12-11,17,PREORDER,11,1019.10
2025-12-11,17,ADD_TO_CART,120,0.00
2025-12-11,17,VIEW,633,0.00
2025-12-11,17,WISHLIST,48,0.00
2025-12-11,17,PURCHASE,89,1774.25
2025-12-11,19,PREORDER,12,308.90
2025-12-11,19,ADD_TO_CART,208,0.00
2025-12-11,19,VIEW,861,0.00
2025-12-11,19,WISHLIST,98,0.00
2025-12-11,19,PURCHASE,111,951.16
2025-12-11,21,PREORDER,9,1115.22
2025-12-11,21,ADD_TO_CART,70,0.00
2025-12-11,21,VIEW,722,0.00
2025-12-11,21,WISHLIST,125,0.00
2025-12-11,21,PURCHASE,42,728.60
2025-12-11,23,PREORDER,13,839.92
2025-12-11,23,ADD_TO_CART,116,0.00
2025-12-11,23,VIEW,423,0.00
2025-12-11,23,WISHLIST,137,0.00
2025-12-11,23,PURCHASE,112,629.91
2025-12-11,25,PREORDER,6,1114.29
2025-12-11,25,ADD_TO_CART,107,0.00
2025-12-11,25,VIEW,466,0.00
2025-12-11,25,WISHLIST,82,0.00
2025-12-11,25,PURCHASE,88,802.09
2025-12-11,27,PREORDER,9,1023.76
2025-12-11,27,ADD_TO_CART,40,0.00
2025-12-11,27,VIEW,367,0.00
2025-12-11,27,WISHLIST,63,0.00
2025-12-11,27,PURCHASE,31,2108.10
2025-12-11,29,PREORDER,10,689.66
2025-12-11,29,ADD_TO_CART,105,0.00
2025-12-11,29,VIEW,546,0.00
2025-12-11,29,WISHLIST,31,0.00
2025-12-11,29,PURCHASE,41,2502.84
2025-12-12,2,PREORDER,9,596.34
2025-12-12,2,ADD_TO_CART,120,0.00
2025-12-12,2,VIEW,948,0.00
2025-12-12,2,WISHLIST,129,0.00
2025-12-12,2,PURCHASE,124,2187.89
2025-12-12,4,PREORDER,5,467.55
2025-12-12,4,ADD_TO_CART,186,0.00
2025-12-12,4,VIEW,679,0.00
2025-12-12,4,WISHLIST,66,0.00
2025-12-12,4,PURCHASE,93,2427.25
2025-12-12,6,PREORDER,15,459.15
2025-12-12,6,ADD_TO_CART,90,0.00
2025-12-12,6,VIEW,903,0.00
2025-12-12,6,WISHLIST,94,0.00
2025-12-12,6,PURCHASE,92,1625.17
2025-12-12,8,PREORDER,12,306.10
2025-12-12,8,ADD_TO_CART,209,0.00
2025-12-12,8,VIEW,963,0.00
2025-12-12,8,WISHLIST,86,0.00
2025-12-12,8,PURCHASE,66,2370.56
2025-12-12,10,PREORDER,7,485.28
2025-12-12,10,ADD_TO_CART,62,0.00
2025-12-12,10,VIEW,576,0.00
2025-12-12,10,WISHLIST,90,0.00
2025-12-12,10,PURCHASE,36,1268.22
2025-12-12,12,PREORDER,3,782.99
2025-12-12,12,ADD_TO_CART,155,0.00
2025-12-12,12,VIEW,209,0.00
2025-12-12,12,WISHLIST,110,0.00
2025-12-12,12,PURCHASE,52,1732.25
2025-12-12,14,PREORDER,10,350.90
2025-12-12,14,ADD_TO_CART,116,0.00
2025-12-12,14,VIEW,717,0.00
2025-12-12,14,WISHLIST,54,0.00
2025-12-12,14,PURCHASE,82,1652.46
2025-12-12,16,PREORDER,6,996.70
2025-12-12,16,ADD_TO_CART,114,0.00
2025-12-12,16,VIEW,533,0.00
2025-12-12,16,WISHLIST,46,0.00
2025-12-12,16,PURCHASE,43,1931.72
2025-12-12,18,PREORDER,11,997.63
2025-12-12,18,ADD_TO_CART,45,0.00
2025-12-12,18,VIEW,473,0.00
2025-12-12,18,WISHLIST,45,0.00
2025-12-12,18,PURCHASE,68,1803.64
2025-12-12,20,PREORDER,8,964.04
2025-12-12,20,ADD_TO_CART,119,0.00
2025-12-12,20,VIEW,679,0.00
2025-12-12,20,WISHLIST,144,0.00
2025-12-12,20,PURCHASE,108,2015.71
2025-12-12,22,PREORDER,14,744.73
2025-12-12,22,ADD_TO_CART,93,0.00
2025-12-12,22,VIEW,835,0.00
2025-12-12,22,WISHLIST,92,0.00
2025-12-12,22,PURCHASE,46,1860.33
2025-12-12,24,PREORDER,4,283.70
2025-12-12,24,ADD_TO_CART,167,0.00
2025-12-12,24,VIEW,864,0.00
2025-12-12,24,WISHLIST,134,0.00
2025-12-12,24,PURCHASE,92,1614.67
2025-12-12,26,PREORDER,8,768.99
2025-12-12,26,ADD_TO_CART,144,0.00
2025-12-12,26,VIEW,476,0.00
2025-12-12,26,WISHLIST,112,0.00
2025-12-12,26,PURCHASE,95,638.31
2025-12-12,28,PREORDER,11,628.07
2025-12-12,28,ADD_TO_CART,141,0.00
2025-12-12,28,VIEW,482,0.00
2025-12-12,28,WISHLIST,110,0.00
2025-12-12,28,PURCHASE,48,1509.68
2025-12-12,30,PREORDER,8,384.49
2025-12-12,30,ADD_TO_CART,144,0.00
2025-12-12,30,VIEW,210,0.00
2025-12-12,30,WISHLIST,31,0.00
2025-12-12,30,PURCHASE,36,1343.81
2025-12-13,1,PREORDER,9,677.53
2025-12-13,1,ADD_TO_CART,119,0.00
2025-12-13,1,VIEW,992,0.00
2025-12-13,1,WISHLIST,156,0.00
2025-12-13,1,PURCHASE,121,1633.57
2025-12-13,3,PREORDER,7,935.11
2025-12-13,3,ADD_TO_CART,126,0.00
2025-12-13,3,VIEW,809,0.00
2025-12-13,3,WISHLIST,178,0.00
2025-12-13,3,PURCHASE,69,2061.91
2025-12-13,5,PREORDER,15,537.55
2025-12-13,5,ADD_TO_CART,232,0.00
2025-12-13,5,VIEW,742,0.00
2025-12-13,5,WISHLIST,81,0.00
2025-12-13,5,PURCHASE,119,2152.19
2025-12-13,7,PREORDER,7,710.20
2025-12-13,7,ADD_TO_CART,72,0.00
2025-12-13,7,VIEW,1238,0.00
2025-12-13,7,WISHLIST,115,0.00
2025-12-13,7,PURCHASE,68,873.48
2025-12-13,9,PREORDER,14,305.17
2025-12-13,9,ADD_TO_CART,216,0.00
2025-12-13,9,VIEW,333,0.00
2025-12-13,9,WISHLIST,51,0.00
2025-12-13,9,PURCHASE,53,1390.00
2025-12-13,11,PREORDER,7,391.96
2025-12-13,11,ADD_TO_CART,102,0.00
2025-12-13,11,VIEW,533,0.00
2025-12-13,11,WISHLIST,90,0.00
2025-12-13,11,PURCHASE,58,1369.00
2025-12-13,13,PREORDER,4,945.37
2025-12-13,13,ADD_TO_CART,132,0.00
2025-12-13,13,VIEW,753,0.00
2025-12-13,13,WISHLIST,126,0.00
2025-12-13,13,PURCHASE,85,1312.31
2025-12-13,15,PREORDER,11,410.63
2025-12-13,15,ADD_TO_CART,164,0.00
2025-12-13,15,VIEW,893,0.00
2025-12-13,15,WISHLIST,87,0.00
2025-12-13,15,PURCHASE,53,1656.66
2025-12-13,17,PREORDER,14,548.75
2025-12-13,17,ADD_TO_CART,64,0.00
2025-12-13,17,VIEW,749,0.00
2025-12-13,17,WISHLIST,110,0.00
2025-12-13,17,PURCHASE,77,684.50
2025-12-13,19,PREORDER,17,512.35
2025-12-13,19,ADD_TO_CART,237,0.00
2025-12-13,19,VIEW,426,0.00
2025-12-13,19,WISHLIST,158,0.00
2025-12-13,19,PURCHASE,148,2280.27
2025-12-13,21,PREORDER,16,294.90
2025-12-13,21,ADD_TO_CART,170,0.00
2025-12-13,21,VIEW,648,0.00
2025-12-13,21,WISHLIST,150,0.00
2025-12-13,21,PURCHASE,92,1751.15
2025-12-13,23,PREORDER,15,874.45
2025-12-13,23,ADD_TO_CART,151,0.00
2025-12-13,23,VIEW,497,0.00
2025-12-13,23,WISHLIST,126,0.00
2025-12-13,23,PURCHASE,175,829.38
2025-12-13,25,PREORDER,8,1043.36
2025-12-13,25,ADD_TO_CART,84,0.00
2025-12-13,25,VIEW,278,0.00
2025-12-13,25,WISHLIST,118,0.00
2025-12-13,25,PURCHASE,79,1998.91
2025-12-13,27,PREORDER,9,821.25
2025-12-13,27,ADD_TO_CART,147,0.00
2025-12-13,27,VIEW,572,0.00
2025-12-13,27,WISHLIST,72,0.00
2025-12-13,27,PURCHASE,71,1667.16
2025-12-13,29,PREORDER,14,915.51
2025-12-13,29,ADD_TO_CART,49,0.00
2025-12-13,29,VIEW,731,0.00
2025-12-13,29,WISHLIST,129,0.00
2025-12-13,29,PURCHASE,119,904.97
2025-12-14,2,PREORDER,6,964.04
2025-12-14,2,ADD_TO_CART,145,0.00
2025-12-14,2,VIEW,484,0.00
2025-12-14,2,WISHLIST,65,0.00
2025-12-14,2,PURCHASE,170,957.46
2025-12-14,4,PREORDER,16,1034.03
2025-12-14,4,ADD_TO_CART,135,0.00
2025-12-14,4,VIEW,1256,0.00
2025-12-14,4,WISHLIST,98,0.00
2025-12-14,4,PURCHASE,103,1142.24
2025-12-14,6,PREORDER,18,587.94
2025-12-14,6,ADD_TO_CART,96,0.00
2025-12-14,6,VIEW,658,0.00
2025-12-14,6,WISHLIST,184,0.00
2025-12-14,6,PURCHASE,101,1159.03
2025-12-14,8,PREORDER,10,524.48
2025-12-14,8,ADD_TO_CART,100,0.00
2025-12-14,8,VIEW,642,0.00
2025-12-14,8,WISHLIST,169,0.00
2025-12-14,8,PURCHASE,105,1177.93
2025-12-14,10,PREORDER,6,809.12
2025-12-14,10,ADD_TO_CART,80,0.00
2025-12-14,10,VIEW,244,0.00
2025-12-14,10,WISHLIST,38,0.00
2025-12-14,10,PURCHASE,121,1746.95
2025-12-14,12,PREORDER,4,896.84
2025-12-14,12,ADD_TO_CART,154,0.00
2025-12-14,12,VIEW,301,0.00
2025-12-14,12,WISHLIST,81,0.00
2025-12-14,12,PURCHASE,86,2255.08
2025-12-14,14,PREORDER,13,334.10
2025-12-14,14,ADD_TO_CART,177,0.00
2025-12-14,14,VIEW,406,0.00
2025-12-14,14,WISHLIST,63,0.00
2025-12-14,14,PURCHASE,98,1356.41
2025-12-14,16,PREORDER,11,595.41
2025-12-14,16,ADD_TO_CART,185,0.00
2025-12-14,16,VIEW,404,0.00
2025-12-14,16,WISHLIST,109,0.00
2025-12-14,16,PURCHASE,59,2089.20
2025-12-14,18,PREORDER,10,611.27
2025-12-14,18,ADD_TO_CART,65,0.00
2025-12-14,18,VIEW,882,0.00
2025-12-14,18,WISHLIST,54,0.00
2025-12-14,18,PURCHASE,32,1106.54
2025-12-14,20,PREORDER,9,330.37
2025-12-14,20,ADD_TO_CART,250,0.00
2025-12-14,20,VIEW,781,0.00
2025-12-14,20,WISHLIST,153,0.00
2025-12-14,20,PURCHASE,85,2078.70
2025-12-14,22,PREORDER,12,671.00
2025-12-14,22,ADD_TO_CART,257,0.00
2025-12-14,22,VIEW,908,0.00
2025-12-14,22,WISHLIST,124,0.00
2025-12-14,22,PURCHASE,126,988.96
2025-12-14,24,PREORDER,9,549.68
2025-12-14,24,ADD_TO_CART,95,0.00
2025-12-14,24,VIEW,1205,0.00
2025-12-14,24,WISHLIST,138,0.00
2025-12-14,24,PURCHASE,101,1327.01
2025-12-14,26,PREORDER,8,710.20
2025-12-14,26,ADD_TO_CART,172,0.00
2025-12-14,26,VIEW,689,0.00
2025-12-14,26,WISHLIST,104,0.00
2025-12-14,26,PURCHASE,73,839.88
2025-12-14,28,PREORDER,10,1001.37
2025-12-14,28,ADD_TO_CART,117,0.00
2025-12-14,28,VIEW,344,0.00
2025-12-14,28,WISHLIST,55,0.00
2025-12-14,28,PURCHASE,77,711.80
2025-12-14,30,PREORDER,10,745.66
2025-12-14,30,ADD_TO_CART,73,0.00
2025-12-14,30,VIEW,866,0.00
2025-12-14,30,WISHLIST,68,0.00
2025-12-14,30,PURCHASE,90,1828.84
2025-12-15,1,PREORDER,8,1072.29
2025-12-15,1,ADD_TO_CART,185,0.00
2025-12-15,1,VIEW,921,0.00
2025-12-15,1,WISHLIST,142,0.00
2025-12-15,1,PURCHASE,124,1318.61
2025-12-15,3,PREORDER,10,316.37
2025-12-15,3,ADD_TO_CART,121,0.00
2025-12-15,3,VIEW,949,0.00
2025-12-15,3,WISHLIST,123,0.00
2025-12-15,3,PURCHASE,103,1602.07
2025-12-15,5,PREORDER,9,282.77
2025-12-15,5,ADD_TO_CART,119,0.00
2025-12-15,5,VIEW,901,0.00
2025-12-15,5,WISHLIST,63,0.00
2025-12-15,5,PURCHASE,80,739.09
2025-12-15,7,PREORDER,7,1076.03
2025-12-15,7,ADD_TO_CART,181,0.00
2025-12-15,7,VIEW,635,0.00
2025-12-15,7,WISHLIST,124,0.00
2025-12-15,7,PURCHASE,63,1238.82
2025-12-15,9,PREORDER,10,387.29
2025-12-15,9,ADD_TO_CART,169,0.00
2025-12-15,9,VIEW,748,0.00
2025-12-15,9,WISHLIST,98,0.00
2025-12-15,9,PURCHASE,136,1757.45
2025-12-15,11,PREORDER,5,284.64
2025-12-15,11,ADD_TO_CART,44,0.00
2025-12-15,11,VIEW,332,0.00
2025-12-15,11,WISHLIST,37,0.00
2025-12-15,11,PURCHASE,95,1805.74
2025-12-15,13,PREORDER,10,1043.36
2025-12-15,13,ADD_TO_CART,151,0.00
2025-12-15,13,VIEW,252,0.00
2025-12-15,13,WISHLIST,74,0.00
2025-12-15,13,PURCHASE,64,1835.14
2025-12-15,15,PREORDER,10,984.57
2025-12-15,15,ADD_TO_CART,151,0.00
2025-12-15,15,VIEW,499,0.00
2025-12-15,15,WISHLIST,88,0.00
2025-12-15,15,PURCHASE,34,1133.84
2025-12-15,17,PREORDER,5,609.41
2025-12-15,17,ADD_TO_CART,41,0.00
2025-12-15,17,VIEW,540,0.00
2025-12-15,17,WISHLIST,92,0.00
2025-12-15,17,PURCHASE,56,760.09
2025-12-15,19,PREORDER,9,944.44
2025-12-15,19,ADD_TO_CART,182,0.00
2025-12-15,19,VIEW,790,0.00
2025-12-15,19,WISHLIST,138,0.00
2025-12-15,19,PURCHASE,120,1803.64
2025-12-15,21,PREORDER,14,904.31
2025-12-15,21,ADD_TO_CART,195,0.00
2025-12-15,21,VIEW,465,0.00
2025-12-15,21,WISHLIST,155,0.00
2025-12-15,21,PURCHASE,117,919.67
2025-12-15,23,PREORDER,9,663.53
2025-12-15,23,ADD_TO_CART,83,0.00
2025-12-15,23,VIEW,951,0.00
2025-12-15,23,WISHLIST,111,0.00
2025-12-15,23,PURCHASE,101,2085.00
2025-12-15,25,PREORDER,6,1088.16
2025-12-15,25,ADD_TO_CART,140,0.00
2025-12-15,25,VIEW,334,0.00
2025-12-15,25,WISHLIST,56,0.00
2025-12-15,25,PURCHASE,34,1129.64
2025-12-15,27,PREORDER,9,334.10
2025-12-15,27,ADD_TO_CART,92,0.00
2025-12-15,27,VIEW,229,0.00
2025-12-15,27,WISHLIST,54,0.00
2025-12-15,27,PURCHASE,48,2099.70
2025-12-15,29,PREORDER,8,732.59
2025-12-15,29,ADD_TO_CART,81,0.00
2025-12-15,29,VIEW,573,0.00
2025-12-15,29,WISHLIST,83,0.00
2025-12-15,29,PURCHASE,88,1112.84
2025-12-16,2,PREORDER,6,413.43
2025-12-16,2,ADD_TO_CART,78,0.00
2025-12-16,2,VIEW,722,0.00
2025-12-16,2,WISHLIST,91,0.00
2025-12-16,2,PURCHASE,44,1072.95
2025-12-16,4,PREORDER,5,940.71
2025-12-16,4,ADD_TO_CART,173,0.00
2025-12-16,4,VIEW,301,0.00
2025-12-16,4,WISHLIST,151,0.00
2025-12-16,4,PURCHASE,123,1889.73
2025-12-16,6,PREORDER,5,366.76
2025-12-16,6,ADD_TO_CART,73,0.00
2025-12-16,6,VIEW,611,0.00
2025-12-16,6,WISHLIST,102,0.00
2025-12-16,6,PURCHASE,98,1083.45
2025-12-16,8,PREORDER,7,871.65
2025-12-16,8,ADD_TO_CART,122,0.00
2025-12-16,8,VIEW,750,0.00
2025-12-16,8,WISHLIST,74,0.00
2025-12-16,8,PURCHASE,104,1228.32
2025-12-16,10,PREORDER,8,735.39
2025-12-16,10,ADD_TO_CART,122,0.00
2025-12-16,10,VIEW,416,0.00
2025-12-16,10,WISHLIST,40,0.00
2025-12-16,10,PURCHASE,39,919.67
2025-12-16,12,PREORDER,3,889.38
2025-12-16,12,ADD_TO_CART,139,0.00
2025-12-16,12,VIEW,478,0.00
2025-12-16,12,WISHLIST,102,0.00
2025-12-16,12,PURCHASE,75,1530.68
2025-12-16,14,PREORDER,6,806.32
2025-12-16,14,ADD_TO_CART,95,0.00
2025-12-16,14,VIEW,708,0.00
2025-12-16,14,WISHLIST,66,0.00
2025-12-16,14,PURCHASE,34,1362.71
2025-12-16,16,PREORDER,9,439.56
2025-12-16,16,ADD_TO_CART,131,0.00
2025-12-16,16,VIEW,502,0.00
2025-12-16,16,WISHLIST,41,0.00
2025-12-16,16,PURCHASE,97,1058.25
2025-12-16,18,PREORDER,7,847.38
2025-12-16,18,ADD_TO_CART,131,0.00
2025-12-16,18,VIEW,338,0.00
2025-12-16,18,WISHLIST,88,0.00
2025-12-16,18,PURCHASE,44,1469.79
2025-12-16,20,PREORDER,8,329.43
2025-12-16,20,ADD_TO_CART,60,0.00
2025-12-16,20,VIEW,493,0.00
2025-12-16,20,WISHLIST,56,0.00
2025-12-16,20,PURCHASE,126,749.59
2025-12-16,22,PREORDER,8,439.56
2025-12-16,22,ADD_TO_CART,189,0.00
2025-12-16,22,VIEW,395,0.00
2025-12-16,22,WISHLIST,157,0.00
2025-12-16,22,PURCHASE,101,686.60
2025-12-16,24,PREORDER,9,701.80
2025-12-16,24,ADD_TO_CART,157,0.00
2025-12-16,24,VIEW,651,0.00
2025-12-16,24,WISHLIST,111,0.00
2025-12-16,24,PURCHASE,49,1822.54
2025-12-16,26,PREORDER,7,995.77
2025-12-16,26,ADD_TO_CART,126,0.00
2025-12-16,26,VIEW,486,0.00
2025-12-16,26,WISHLIST,85,0.00
2025-12-16,26,PURCHASE,94,1809.94
2025-12-16,28,PREORDER,10,1059.23
2025-12-16,28,ADD_TO_CART,130,0.00
2025-12-16,28,VIEW,512,0.00
2025-12-16,28,WISHLIST,100,0.00
2025-12-16,28,PURCHASE,47,967.96
2025-12-16,30,PREORDER,4,433.02
2025-12-16,30,ADD_TO_CART,148,0.00
2025-12-16,30,VIEW,330,0.00
2025-12-16,30,WISHLIST,71,0.00
2025-12-16,30,PURCHASE,62,1243.02
2025-12-17,1,PREORDER,10,408.76
2025-12-17,1,ADD_TO_CART,163,0.00
2025-12-17,1,VIEW,721,0.00
2025-12-17,1,WISHLIST,108,0.00
2025-12-17,1,PURCHASE,93,2095.50
2025-12-17,3,PREORDER,9,490.88
2025-12-17,3,ADD_TO_CART,95,0.00
2025-12-17,3,VIEW,286,0.00
2025-12-17,3,WISHLIST,112,0.00
2025-12-17,3,PURCHASE,112,1774.25
2025-12-17,5,PREORDER,12,317.30
2025-12-17,5,ADD_TO_CART,134,0.00
2025-12-17,5,VIEW,645,0.00
2025-12-17,5,WISHLIST,103,0.00
2025-12-17,5,PURCHASE,75,2439.85
2025-12-17,7,PREORDER,15,1035.90
2025-12-17,7,ADD_TO_CART,213,0.00
2025-12-17,7,VIEW,580,0.00
2025-12-17,7,WISHLIST,47,0.00
2025-12-17,7,PURCHASE,55,1799.44
2025-12-17,9,PREORDER,6,922.04
2025-12-17,9,ADD_TO_CART,81,0.00
2025-12-17,9,VIEW,685,0.00
2025-12-17,9,WISHLIST,126,0.00
2025-12-17,9,PURCHASE,138,2341.17
2025-12-17,11,PREORDER,10,618.74
2025-12-17,11,ADD_TO_CART,132,0.00
2025-12-17,11,VIEW,252,0.00
2025-12-17,11,WISHLIST,53,0.00
2025-12-17,11,PURCHASE,81,1793.14
2025-12-17,13,PREORDER,9,426.49
2025-12-17,13,ADD_TO_CART,131,0.00
2025-12-17,13,VIEW,446,0.00
2025-12-17,13,WISHLIST,94,0.00
2025-12-17,13,PURCHASE,79,944.87
2025-12-17,15,PREORDER,9,1089.09
2025-12-17,15,ADD_TO_CART,51,0.00
2025-12-17,15,VIEW,715,0.00
2025-12-17,15,WISHLIST,42,0.00
2025-12-17,15,PURCHASE,100,1641.97
2025-12-17,17,PREORDER,6,337.83
2025-12-17,17,ADD_TO_CART,81,0.00
2025-12-17,17,VIEW,557,0.00
2025-12-17,17,WISHLIST,52,0.00
2025-12-17,17,PURCHASE,90,2137.49
2025-12-17,19,PREORDER,6,760.59
2025-12-17,19,ADD_TO_CART,182,0.00
2025-12-17,19,VIEW,807,0.00
2025-12-17,19,WISHLIST,85,0.00
2025-12-17,19,PURCHASE,48,2261.38
2025-12-17,21,PREORDER,5,328.50
2025-12-17,21,ADD_TO_CART,189,0.00
2025-12-17,21,VIEW,322,0.00
2025-12-17,21,WISHLIST,92,0.00
2025-12-17,21,PURCHASE,70,1444.59
2025-12-17,23,PREORDER,13,917.37
2025-12-17,23,ADD_TO_CART,95,0.00
2025-12-17,23,VIEW,476,0.00
2025-12-17,23,WISHLIST,104,0.00
2025-12-17,23,PURCHASE,106,1390.00
2025-12-17,25,PREORDER,3,862.31
2025-12-17,25,ADD_TO_CART,113,0.00
2025-12-17,25,VIEW,202,0.00
2025-12-17,25,WISHLIST,83,0.00
2025-12-17,25,PURCHASE,59,1392.10
2025-12-17,27,PREORDER,9,823.12
2025-12-17,27,ADD_TO_CART,151,0.00
2025-12-17,27,VIEW,653,0.00
2025-12-17,27,WISHLIST,36,0.00
2025-12-17,27,PURCHASE,38,1610.47
2025-12-17,29,PREORDER,6,581.41
2025-12-17,29,ADD_TO_CART,84,0.00
2025-12-17,29,VIEW,472,0.00
2025-12-17,29,WISHLIST,55,0.00
2025-12-17,29,PURCHASE,98,684.50
2025-12-18,2,PREORDER,14,762.46
2025-12-18,2,ADD_TO_CART,198,0.00
2025-12-18,2,VIEW,610,0.00
2025-12-18,2,WISHLIST,106,0.00
2025-12-18,2,PURCHASE,68,1171.63
2025-12-18,4,PREORDER,7,356.50
2025-12-18,4,ADD_TO_CART,128,0.00
2025-12-18,4,VIEW,436,0.00
2025-12-18,4,WISHLIST,150,0.00
2025-12-18,4,PURCHASE,102,1509.68
2025-12-18,6,PREORDER,11,1034.03
2025-12-18,6,ADD_TO_CART,210,0.00
2025-12-18,6,VIEW,767,0.00
2025-12-18,6,WISHLIST,65,0.00
2025-12-18,6,PURCHASE,107,1348.01
2025-12-18,8,PREORDER,8,585.14
2025-12-18,8,ADD_TO_CART,156,0.00
2025-12-18,8,VIEW,384,0.00
2025-12-18,8,WISHLIST,121,0.00
2025-12-18,8,PURCHASE,128,1020.45
2025-12-18,10,PREORDER,7,916.44
2025-12-18,10,ADD_TO_CART,118,0.00
2025-12-18,10,VIEW,601,0.00
2025-12-18,10,WISHLIST,73,0.00
2025-12-18,10,PURCHASE,73,1219.93
2025-12-18,12,PREORDER,9,686.86
2025-12-18,12,ADD_TO_CART,51,0.00
2025-12-18,12,VIEW,277,0.00
2025-12-18,12,WISHLIST,101,0.00
2025-12-18,12,PURCHASE,63,1532.78
2025-12-18,14,PREORDER,9,553.41
2025-12-18,14,ADD_TO_CART,51,0.00
2025-12-18,14,VIEW,270,0.00
2025-12-18,14,WISHLIST,59,0.00
2025-12-18,14,PURCHASE,87,1830.94
2025-12-18,16,PREORDER,7,776.46
2025-12-18,16,ADD_TO_CART,77,0.00
2025-12-18,16,VIEW,428,0.00
2025-12-18,16,WISHLIST,37,0.00
2025-12-18,16,PURCHASE,38,1574.78
2025-12-18,18,PREORDER,4,573.94
2025-12-18,18,ADD_TO_CART,68,0.00
2025-12-18,18,VIEW,710,0.00
2025-12-18,18,WISHLIST,91,0.00
2025-12-18,18,PURCHASE,42,1144.34
2025-12-18,20,PREORDER,5,557.14
2025-12-18,20,ADD_TO_CART,145,0.00
2025-12-18,20,VIEW,955,0.00
2025-12-18,20,WISHLIST,73,0.00
2025-12-18,20,PURCHASE,62,2507.04
2025-12-18,22,PREORDER,9,840.85
2025-12-18,22,ADD_TO_CART,62,0.00
2025-12-18,22,VIEW,532,0.00
2025-12-18,22,WISHLIST,143,0.00
2025-12-18,22,PURCHASE,51,2200.49
2025-12-18,24,PREORDER,5,311.70
2025-12-18,24,ADD_TO_CART,191,0.00
2025-12-18,24,VIEW,576,0.00
2025-12-18,24,WISHLIST,76,0.00
2025-12-18,24,PURCHASE,64,1432.00
2025-12-18,26,PREORDER,6,872.58
2025-12-18,26,ADD_TO_CART,148,0.00
2025-12-18,26,VIEW,203,0.00
2025-12-18,26,WISHLIST,89,0.00
2025-12-18,26,PURCHASE,85,921.77
2025-12-18,28,PREORDER,4,1033.10
2025-12-18,28,ADD_TO_CART,156,0.00
2025-12-18,28,VIEW,552,0.00
2025-12-18,28,WISHLIST,36,0.00
2025-12-18,28,PURCHASE,64,1587.37
2025-12-18,30,PREORDER,9,645.80
2025-12-18,30,ADD_TO_CART,89,0.00
2025-12-18,30,VIEW,301,0.00
2025-12-18,30,WISHLIST,35,0.00
2025-12-18,30,PURCHASE,66,1904.43
2025-12-19,1,PREORDER,11,799.79
2025-12-19,1,ADD_TO_CART,205,0.00
2025-12-19,1,VIEW,813,0.00
2025-12-19,1,WISHLIST,89,0.00
2025-12-19,1,PURCHASE,37,913.37
2025-12-19,3,PREORDER,9,674.73
2025-12-19,3,ADD_TO_CART,67,0.00
2025-12-19,3,VIEW,736,0.00
2025-12-19,3,WISHLIST,69,0.00
2025-12-19,3,PURCHASE,53,701.30
2025-12-19,5,PREORDER,10,480.62
2025-12-19,5,ADD_TO_CART,145,0.00
2025-12-19,5,VIEW,958,0.00
2025-12-19,5,WISHLIST,124,0.00
2025-12-19,5,PURCHASE,75,1644.07
2025-12-19,7,PREORDER,7,406.89
2025-12-19,7,ADD_TO_CART,193,0.00
2025-12-19,7,VIEW,755,0.00
2025-12-19,7,WISHLIST,119,0.00
2025-12-19,7,PURCHASE,141,1469.79
2025-12-19,9,PREORDER,7,921.11
2025-12-19,9,ADD_TO_CART,58,0.00
2025-12-19,9,VIEW,554,0.00
2025-12-19,9,WISHLIST,51,0.00
2025-12-19,9,PURCHASE,48,2091.30
2025-12-19,11,PREORDER,3,280.91
2025-12-19,11,ADD_TO_CART,43,0.00
2025-12-19,11,VIEW,268,0.00
2025-12-19,11,WISHLIST,32,0.00
2025-12-19,11,PURCHASE,100,1303.91
2025-12-19,13,PREORDER,3,607.54
2025-12-19,13,ADD_TO_CART,107,0.00
2025-12-19,13,VIEW,586,0.00
2025-12-19,13,WISHLIST,54,0.00
2025-12-19,13,PURCHASE,93,1289.22
2025-12-19,15,PREORDER,3,1039.63
2025-12-19,15,ADD_TO_CART,108,0.00
2025-12-19,15,VIEW,486,0.00
2025-12-19,15,WISHLIST,73,0.00
2025-12-19,15,PURCHASE,62,1255.62
2025-12-19,17,PREORDER,6,378.90
2025-12-19,17,ADD_TO_CART,70,0.00
2025-12-19,17,VIEW,454,0.00
2025-12-19,17,WISHLIST,54,0.00
2025-12-19,17,PURCHASE,55,1877.13
2025-12-19,19,PREORDER,13,721.39
2025-12-19,19,ADD_TO_CART,80,0.00
2025-12-19,19,VIEW,585,0.00
2025-12-19,19,WISHLIST,62,0.00
2025-12-19,19,PURCHASE,131,993.16
2025-12-19,21,PREORDER,10,633.67
2025-12-19,21,ADD_TO_CART,155,0.00
2025-12-19,21,VIEW,919,0.00
2025-12-19,21,WISHLIST,93,0.00
2025-12-19,21,PURCHASE,140,1314.41
2025-12-19,23,PREORDER,9,755.92
2025-12-19,23,ADD_TO_CART,131,0.00
2025-12-19,23,VIEW,869,0.00
2025-12-19,23,WISHLIST,85,0.00
2025-12-19,23,PURCHASE,118,2458.75
2025-12-19,25,PREORDER,7,1044.30
2025-12-19,25,ADD_TO_CART,150,0.00
2025-12-19,25,VIEW,380,0.00
2025-12-19,25,WISHLIST,108,0.00
2025-12-19,25,PURCHASE,29,1112.84
2025-12-19,27,PREORDER,10,889.38
2025-12-19,27,ADD_TO_CART,71,0.00
2025-12-19,27,VIEW,299,0.00
2025-12-19,27,WISHLIST,41,0.00
2025-12-19,27,PURCHASE,98,2288.67
2025-12-19,29,PREORDER,11,996.70
2025-12-19,29,ADD_TO_CART,82,0.00
2025-12-19,29,VIEW,339,0.00
2025-12-19,29,WISHLIST,93,0.00
2025-12-19,29,PURCHASE,33,896.57
2025-12-20,2,PREORDER,7,1048.96
2025-12-20,2,ADD_TO_CART,234,0.00
2025-12-20,2,VIEW,822,0.00
2025-12-20,2,WISHLIST,187,0.00
2025-12-20,2,PURCHASE,103,2391.56
2025-12-20,4,PREORDER,7,635.54
2025-12-20,4,ADD_TO_CART,232,0.00
2025-12-20,4,VIEW,383,0.00
2025-12-20,4,WISHLIST,171,0.00
2025-12-20,4,PURCHASE,122,2507.04
2025-12-20,6,PREORDER,12,687.80
2025-12-20,6,ADD_TO_CART,138,0.00
2025-12-20,6,VIEW,503,0.00
2025-12-20,6,WISHLIST,132,0.00
2025-12-20,6,PURCHASE,68,1043.55
2025-12-20,8,PREORDER,18,537.55
2025-12-20,8,ADD_TO_CART,244,0.00
2025-12-20,8,VIEW,342,0.00
2025-12-20,8,WISHLIST,116,0.00
2025-12-20,8,PURCHASE,93,2017.81
2025-12-20,10,PREORDER,11,1102.16
2025-12-20,10,ADD_TO_CART,152,0.00
2025-12-20,10,VIEW,305,0.00
2025-12-20,10,WISHLIST,64,0.00
2025-12-20,10,PURCHASE,109,1125.44
2025-12-20,12,PREORDER,12,694.33
2025-12-20,12,ADD_TO_CART,123,0.00
2025-12-20,12,VIEW,374,0.00
2025-12-20,12,WISHLIST,137,0.00
2025-12-20,12,PURCHASE,65,1102.34
2025-12-20,14,PREORDER,10,1016.30
2025-12-20,14,ADD_TO_CART,147,0.00
2025-12-20,14,VIEW,647,0.00
2025-12-20,14,WISHLIST,133,0.00
2025-12-20,14,PURCHASE,117,1411.00
2025-12-20,16,PREORDER,4,798.85
2025-12-20,16,ADD_TO_CART,193,0.00
2025-12-20,16,VIEW,344,0.00
2025-12-20,16,WISHLIST,106,0.00
2025-12-20,16,PURCHASE,63,1356.41
2025-12-20,18,PREORDER,12,868.85
2025-12-20,18,ADD_TO_CART,136,0.00
2025-12-20,18,VIEW,281,0.00
2025-12-20,18,WISHLIST,129,0.00
2025-12-20,18,PURCHASE,91,2112.30
2025-12-20,20,PREORDER,15,780.19
2025-12-20,20,ADD_TO_CART,117,0.00
2025-12-20,20,VIEW,543,0.00
2025-12-20,20,WISHLIST,195,0.00
2025-12-20,20,PURCHASE,122,1499.19
2025-12-20,22,PREORDER,12,345.30
2025-12-20,22,ADD_TO_CART,173,0.00
2025-12-20,22,VIEW,528,0.00
2025-12-20,22,WISHLIST,78,0.00
2025-12-20,22,PURCHASE,90,1967.42
2025-12-20,24,PREORDER,9,531.01
2025-12-20,24,ADD_TO_CART,249,0.00
2025-12-20,24,VIEW,965,0.00
2025-12-20,24,WISHLIST,184,0.00
2025-12-20,24,PURCHASE,137,674.00
2025-12-20,26,PREORDER,7,459.15
2025-12-20,26,ADD_TO_CART,54,0.00
2025-12-20,26,VIEW,539,0.00
2025-12-20,26,WISHLIST,66,0.00
2025-12-20,26,PURCHASE,54,2194.19
2025-12-20,28,PREORDER,4,355.56
2025-12-20,28,ADD_TO_CART,49,0.00
2025-12-20,28,VIEW,269,0.00
2025-12-20,28,WISHLIST,86,0.00
2025-12-20,28,PURCHASE,77,1406.80
2025-12-20,30,PREORDER,4,546.88
2025-12-20,30,ADD_TO_CART,141,0.00
2025-12-20,30,VIEW,503,0.00
2025-12-20,30,WISHLIST,118,0.00
2025-12-20,30,PURCHASE,44,873.48
2025-12-21,1,PREORDER,16,910.84
2025-12-21,1,ADD_TO_CART,124,0.00
2025-12-21,1,VIEW,775,0.00
2025-12-21,1,WISHLIST,144,0.00
2025-12-21,1,PURCHASE,151,2376.86
2025-12-21,3,PREORDER,9,810.05
2025-12-21,3,ADD_TO_CART,190,0.00
2025-12-21,3,VIEW,1057,0.00
2025-12-21,3,WISHLIST,159,0.00
2025-12-21,3,PURCHASE,148,1797.34
2025-12-21,5,PREORDER,17,581.41
2025-12-21,5,ADD_TO_CART,201,0.00
2025-12-21,5,VIEW,1260,0.00
2025-12-21,5,WISHLIST,128,0.00
2025-12-21,5,PURCHASE,120,2420.95
2025-12-21,7,PREORDER,9,650.47
2025-12-21,7,ADD_TO_CART,166,0.00
2025-12-21,7,VIEW,924,0.00
2025-12-21,7,WISHLIST,135,0.00
2025-12-21,7,PURCHASE,164,2040.91
2025-12-21,9,PREORDER,15,665.40
2025-12-21,9,ADD_TO_CART,88,0.00
2025-12-21,9,VIEW,488,0.00
2025-12-21,9,WISHLIST,100,0.00
2025-12-21,9,PURCHASE,131,1534.88
2025-12-21,11,PREORDER,6,360.23
2025-12-21,11,ADD_TO_CART,69,0.00
2025-12-21,11,VIEW,277,0.00
2025-12-21,11,WISHLIST,67,0.00
2025-12-21,11,PURCHASE,34,1312.31
2025-12-21,13,PREORDER,9,1059.23
2025-12-21,13,ADD_TO_CART,113,0.00
2025-12-21,13,VIEW,452,0.00
2025-12-21,13,WISHLIST,96,0.00
2025-12-21,13,PURCHASE,48,1469.79
2025-12-21,15,PREORDER,11,1064.83
2025-12-21,15,ADD_TO_CART,51,0.00
2025-12-21,15,VIEW,878,0.00
2025-12-21,15,WISHLIST,103,0.00
2025-12-21,15,PURCHASE,70,2074.50
2025-12-21,17,PREORDER,8,961.24
2025-12-21,17,ADD_TO_CART,70,0.00
2025-12-21,17,VIEW,683,0.00
2025-12-21,17,WISHLIST,58,0.00
2025-12-21,17,PURCHASE,122,1085.54
2025-12-21,19,PREORDER,6,725.13
2025-12-21,19,ADD_TO_CART,264,0.00
2025-12-21,19,VIEW,1146,0.00
2025-12-21,19,WISHLIST,58,0.00
2025-12-21,19,PURCHASE,109,2334.87
2025-12-21,21,PREORDER,6,438.62
2025-12-21,21,ADD_TO_CART,169,0.00
2025-12-21,21,VIEW,949,0.00
2025-12-21,21,WISHLIST,167,0.00
2025-12-21,21,PURCHASE,125,1843.54
2025-12-21,23,PREORDER,5,342.50
2025-12-21,23,ADD_TO_CART,155,0.00
2025-12-21,23,VIEW,876,0.00
2025-12-21,23,WISHLIST,94,0.00
2025-12-21,23,PURCHASE,123,1608.37
2025-12-21,25,PREORDER,13,907.11
2025-12-21,25,ADD_TO_CART,82,0.00
2025-12-21,25,VIEW,865,0.00
2025-12-21,25,WISHLIST,107,0.00
2025-12-21,25,PURCHASE,105,1774.25
2025-12-21,27,PREORDER,8,573.01
2025-12-21,27,ADD_TO_CART,166,0.00
2025-12-21,27,VIEW,500,0.00
2025-12-21,27,WISHLIST,70,0.00
2025-12-21,27,PURCHASE,56,785.29
2025-12-21,29,PREORDER,14,576.74
2025-12-21,29,ADD_TO_CART,133,0.00
2025-12-21,29,VIEW,783,0.00
2025-12-21,29,WISHLIST,94,0.00
2025-12-21,29,PURCHASE,71,1935.92
2025-12-22,2,PREORDER,6,451.69
2025-12-22,2,ADD_TO_CART,55,0.00
2025-12-22,2,VIEW,763,0.00
2025-12-22,2,WISHLIST,144,0.00
2025-12-22,2,PURCHASE,115,1190.53
2025-12-22,4,PREORDER,6,567.41
2025-12-22,4,ADD_TO_CART,57,0.00
2025-12-22,4,VIEW,908,0.00
2025-12-22,4,WISHLIST,152,0.00
2025-12-22,4,PURCHASE,53,1545.38
2025-12-22,6,PREORDER,7,653.27
2025-12-22,6,ADD_TO_CART,94,0.00
2025-12-22,6,VIEW,397,0.00
2025-12-22,6,WISHLIST,77,0.00
2025-12-22,6,PURCHASE,106,1843.54
2025-12-22,8,PREORDER,11,660.73
2025-12-22,8,ADD_TO_CART,109,0.00
2025-12-22,8,VIEW,765,0.00
2025-12-22,8,WISHLIST,130,0.00
2025-12-22,8,PURCHASE,103,1322.81
2025-12-22,10,PREORDER,6,335.03
2025-12-22,10,ADD_TO_CART,77,0.00
2025-12-22,10,VIEW,274,0.00
2025-12-22,10,WISHLIST,71,0.00
2025-12-22,10,PURCHASE,74,1719.65
2025-12-22,12,PREORDER,6,439.56
2025-12-22,12,ADD_TO_CART,153,0.00
2025-12-22,12,VIEW,368,0.00
2025-12-22,12,WISHLIST,97,0.00
2025-12-22,12,PURCHASE,79,1312.31
2025-12-22,14,PREORDER,4,704.60
2025-12-22,14,ADD_TO_CART,143,0.00
2025-12-22,14,VIEW,448,0.00
2025-12-22,14,WISHLIST,95,0.00
2025-12-22,14,PURCHASE,80,2406.26
2025-12-22,16,PREORDER,9,574.88
2025-12-22,16,ADD_TO_CART,45,0.00
2025-12-22,16,VIEW,364,0.00
2025-12-22,16,WISHLIST,71,0.00
2025-12-22,16,PURCHASE,96,2118.60
2025-12-22,18,PREORDER,4,376.10
2025-12-22,18,ADD_TO_CART,143,0.00
2025-12-22,18,VIEW,653,0.00
2025-12-22,18,WISHLIST,69,0.00
2025-12-22,18,PURCHASE,32,2244.58
2025-12-22,20,PREORDER,6,810.99
2025-12-22,20,ADD_TO_CART,209,0.00
2025-12-22,20,VIEW,645,0.00
2025-12-22,20,WISHLIST,58,0.00
2025-12-22,20,PURCHASE,135,923.87
2025-12-22,22,PREORDER,9,503.02
2025-12-22,22,ADD_TO_CART,71,0.00
2025-12-22,22,VIEW,580,0.00
2025-12-22,22,WISHLIST,41,0.00
2025-12-22,22,PURCHASE,125,747.49
2025-12-22,24,PREORDER,8,423.69
2025-12-22,24,ADD_TO_CART,162,0.00
2025-12-22,24,VIEW,845,0.00
2025-12-22,24,WISHLIST,145,0.00
2025-12-22,24,PURCHASE,105,1219.93
2025-12-22,26,PREORDER,7,785.79
2025-12-22,26,ADD_TO_CART,149,0.00
2025-12-22,26,VIEW,239,0.00
2025-12-22,26,WISHLIST,81,0.00
2025-12-22,26,PURCHASE,54,2265.58
2025-12-22,28,PREORDER,11,389.16
2025-12-22,28,ADD_TO_CART,92,0.00
2025-12-22,28,VIEW,619,0.00
2025-12-22,28,WISHLIST,55,0.00
2025-12-22,28,PURCHASE,83,835.68
2025-12-22,30,PREORDER,8,564.61
2025-12-22,30,ADD_TO_CART,124,0.00
2025-12-22,30,VIEW,399,0.00
2025-12-22,30,WISHLIST,56,0.00
2025-12-22,30,PURCHASE,65,1566.38
2025-12-23,1,PREORDER,11,627.14
2025-12-23,1,ADD_TO_CART,122,0.00
2025-12-23,1,VIEW,657,0.00
2025-12-23,1,WISHLIST,87,0.00
2025-12-23,1,PURCHASE,130,2145.89
2025-12-23,3,PREORDER,14,567.41
2025-12-23,3,ADD_TO_CART,58,0.00
2025-12-23,3,VIEW,444,0.00
2025-12-23,3,WISHLIST,94,0.00
2025-12-23,3,PURCHASE,41,965.86
2025-12-23,5,PREORDER,8,1104.96
2025-12-23,5,ADD_TO_CART,163,0.00
2025-12-23,5,VIEW,639,0.00
2025-12-23,5,WISHLIST,86,0.00
2025-12-23,5,PURCHASE,89,1308.11
2025-12-23,7,PREORDER,13,658.87
2025-12-23,7,ADD_TO_CART,152,0.00
2025-12-23,7,VIEW,746,0.00
2025-12-23,7,WISHLIST,80,0.00
2025-12-23,7,PURCHASE,82,1923.33
2025-12-23,9,PREORDER,12,693.40
2025-12-23,9,ADD_TO_CART,167,0.00
2025-12-23,9,VIEW,921,0.00
2025-12-23,9,WISHLIST,52,0.00
2025-12-23,9,PURCHASE,86,2313.87
2025-12-23,11,PREORDER,9,602.87
2025-12-23,11,ADD_TO_CART,42,0.00
2025-12-23,11,VIEW,566,0.00
2025-12-23,11,WISHLIST,76,0.00
2025-12-23,11,PURCHASE,56,2412.56
2025-12-23,13,PREORDER,3,780.19
2025-12-23,13,ADD_TO_CART,52,0.00
2025-12-23,13,VIEW,520,0.00
2025-12-23,13,WISHLIST,51,0.00
2025-12-23,13,PURCHASE,30,730.70
2025-12-23,15,PREORDER,9,924.84
2025-12-23,15,ADD_TO_CART,123,0.00
2025-12-23,15,VIEW,190,0.00
2025-12-23,15,WISHLIST,32,0.00
2025-12-23,15,PURCHASE,33,2213.08
2025-12-23,17,PREORDER,3,786.72
2025-12-23,17,ADD_TO_CART,111,0.00
2025-12-23,17,VIEW,287,0.00
2025-12-23,17,WISHLIST,42,0.00
2025-12-23,17,PURCHASE,33,2240.38
2025-12-23,19,PREORDER,14,1107.76
2025-12-23,19,ADD_TO_CART,155,0.00
2025-12-23,19,VIEW,350,0.00
2025-12-23,19,WISHLIST,141,0.00
2025-12-23,19,PURCHASE,60,2294.97
2025-12-23,21,PREORDER,11,760.59
2025-12-23,21,ADD_TO_CART,113,0.00
2025-12-23,21,VIEW,528,0.00
2025-12-23,21,WISHLIST,52,0.00
2025-12-23,21,PURCHASE,115,2255.08
2025-12-23,23,PREORDER,11,720.46
2025-12-23,23,ADD_TO_CART,152,0.00
2025-12-23,23,VIEW,836,0.00
2025-12-23,23,WISHLIST,105,0.00
2025-12-23,23,PURCHASE,78,837.78
2025-12-23,25,PREORDER,4,381.70
2025-12-23,25,ADD_TO_CART,122,0.00
2025-12-23,25,VIEW,282,0.00
2025-12-23,25,WISHLIST,40,0.00
2025-12-23,25,PURCHASE,94,2166.89
2025-12-23,27,PREORDER,6,1018.16
2025-12-23,27,ADD_TO_CART,139,0.00
2025-12-23,27,VIEW,467,0.00
2025-12-23,27,WISHLIST,101,0.00
2025-12-23,27,PURCHASE,66,2250.88
2025-12-23,29,PREORDER,10,321.97
2025-12-23,29,ADD_TO_CART,152,0.00
2025-12-23,29,VIEW,190,0.00
2025-12-23,29,WISHLIST,67,0.00
2025-12-23,29,PURCHASE,83,1150.64
2025-12-24,2,PREORDER,12,509.55
2025-12-24,2,ADD_TO_CART,168,0.00
2025-12-24,2,VIEW,570,0.00
2025-12-24,2,WISHLIST,118,0.00
2025-12-24,2,PURCHASE,38,1240.92
2025-12-24,4,PREORDER,5,336.90
2025-12-24,4,ADD_TO_CART,207,0.00
2025-12-24,4,VIEW,767,0.00
2025-12-24,4,WISHLIST,49,0.00
2025-12-24,4,PURCHASE,102,659.31
2025-12-24,6,PREORDER,13,939.77
2025-12-24,6,ADD_TO_CART,154,0.00
2025-12-24,6,VIEW,571,0.00
2025-12-24,6,WISHLIST,131,0.00
2025-12-24,6,PURCHASE,126,1461.39
2025-12-24,8,PREORDER,5,339.70
2025-12-24,8,ADD_TO_CART,184,0.00
2025-12-24,8,VIEW,593,0.00
2025-12-24,8,WISHLIST,96,0.00
2025-12-24,8,PURCHASE,138,2255.08
2025-12-24,10,PREORDER,10,387.29
2025-12-24,10,ADD_TO_CART,108,0.00
2025-12-24,10,VIEW,596,0.00
2025-12-24,10,WISHLIST,103,0.00
2025-12-24,10,PURCHASE,59,1786.84
2025-12-24,12,PREORDER,8,565.54
2025-12-24,12,ADD_TO_CART,140,0.00
2025-12-24,12,VIEW,655,0.00
2025-12-24,12,WISHLIST,109,0.00
2025-12-24,12,PURCHASE,37,2488.14
2025-12-24,14,PREORDER,6,741.93
2025-12-24,14,ADD_TO_CART,48,0.00
2025-12-24,14,VIEW,536,0.00
2025-12-24,14,WISHLIST,70,0.00
2025-12-24,14,PURCHASE,95,1566.38
2025-12-24,16,PREORDER,4,609.41
2025-12-24,16,ADD_TO_CART,128,0.00
2025-12-24,16,VIEW,607,0.00
2025-12-24,16,WISHLIST,64,0.00
2025-12-24,16,PURCHASE,54,1415.20
2025-12-24,18,PREORDER,10,560.88
2025-12-24,18,ADD_TO_CART,115,0.00
2025-12-24,18,VIEW,415,0.00
2025-12-24,18,WISHLIST,50,0.00
2025-12-24,18,PURCHASE,28,2032.51
2025-12-24,20,PREORDER,6,1030.30
2025-12-24,20,ADD_TO_CART,62,0.00
2025-12-24,20,VIEW,686,0.00
2025-12-24,20,WISHLIST,43,0.00
2025-12-24,20,PURCHASE,109,1778.45
2025-12-24,22,PREORDER,15,799.79
2025-12-24,22,ADD_TO_CART,142,0.00
2025-12-24,22,VIEW,467,0.00
2025-12-24,22,WISHLIST,78,0.00
2025-12-24,22,PURCHASE,127,2202.59
2025-12-24,24,PREORDER,13,1072.29
2025-12-24,24,ADD_TO_CART,152,0.00
2025-12-24,24,VIEW,690,0.00
2025-12-24,24,WISHLIST,128,0.00
2025-12-24,24,PURCHASE,139,904.97
2025-12-24,26,PREORDER,5,607.54
2025-12-24,26,ADD_TO_CART,58,0.00
2025-12-24,26,VIEW,217,0.00
2025-12-24,26,WISHLIST,31,0.00
2025-12-24,26,PURCHASE,27,890.27
2025-12-24,28,PREORDER,10,1088.16
2025-12-24,28,ADD_TO_CART,140,0.00
2025-12-24,28,VIEW,538,0.00
2025-12-24,28,WISHLIST,93,0.00
2025-12-24,28,PURCHASE,50,1560.08
2025-12-24,30,PREORDER,3,1015.37
2025-12-24,30,ADD_TO_CART,135,0.00
2025-12-24,30,VIEW,700,0.00
2025-12-24,30,WISHLIST,75,0.00
2025-12-24,30,PURCHASE,97,1797.34
2025-12-25,1,PREORDER,13,851.11
2025-12-25,1,ADD_TO_CART,55,0.00
2025-12-25,1,VIEW,613,0.00
2025-12-25,1,WISHLIST,147,0.00
2025-12-25,1,PURCHASE,115,2397.86
2025-12-25,3,PREORDER,10,985.50
2025-12-25,3,ADD_TO_CART,123,0.00
2025-12-25,3,VIEW,714,0.00
2025-12-25,3,WISHLIST,56,0.00
2025-12-25,3,PURCHASE,109,799.99
2025-12-25,5,PREORDER,13,797.92
2025-12-25,5,ADD_TO_CART,184,0.00
2025-12-25,5,VIEW,724,0.00
2025-12-25,5,WISHLIST,80,0.00
2025-12-25,5,PURCHASE,63,1448.79
2025-12-25,7,PREORDER,9,1063.89
2025-12-25,7,ADD_TO_CART,69,0.00
2025-12-25,7,VIEW,786,0.00
2025-12-25,7,WISHLIST,88,0.00
2025-12-25,7,PURCHASE,105,1860.33
2025-12-25,9,PREORDER,13,964.04
2025-12-25,9,ADD_TO_CART,208,0.00
2025-12-25,9,VIEW,888,0.00
2025-12-25,9,WISHLIST,109,0.00
2025-12-25,9,PURCHASE,128,1112.84
2025-12-25,11,PREORDER,9,494.62
2025-12-25,11,ADD_TO_CART,95,0.00
2025-12-25,11,VIEW,307,0.00
2025-12-25,11,WISHLIST,73,0.00
2025-12-25,11,PURCHASE,78,1721.75
2025-12-25,13,PREORDER,3,840.85
2025-12-25,13,ADD_TO_CART,49,0.00
2025-12-25,13,VIEW,707,0.00
2025-12-25,13,WISHLIST,38,0.00
2025-12-25,13,PURCHASE,61,898.67
2025-12-25,15,PREORDER,6,817.52
2025-12-25,15,ADD_TO_CART,150,0.00
2025-12-25,15,VIEW,239,0.00
2025-12-25,15,WISHLIST,93,0.00
2025-12-25,15,PURCHASE,43,980.56
2025-12-25,17,PREORDER,4,538.48
2025-12-25,17,ADD_TO_CART,59,0.00
2025-12-25,17,VIEW,719,0.00
2025-12-25,17,WISHLIST,36,0.00
2025-12-25,17,PURCHASE,82,932.27
2025-12-25,19,PREORDER,7,868.85
2025-12-25,19,ADD_TO_CART,173,0.00
2025-12-25,19,VIEW,548,0.00
2025-12-25,19,WISHLIST,43,0.00
2025-12-25,19,PURCHASE,42,2471.35
2025-12-25,21,PREORDER,7,882.85
2025-12-25,21,ADD_TO_CART,198,0.00
2025-12-25,21,VIEW,290,0.00
2025-12-25,21,WISHLIST,124,0.00
2025-12-25,21,PURCHASE,129,799.99
2025-12-25,23,PREORDER,8,326.63
2025-12-25,23,ADD_TO_CART,89,0.00
2025-12-25,23,VIEW,775,0.00
2025-12-25,23,WISHLIST,91,0.00
2025-12-25,23,PURCHASE,91,2427.25
2025-12-25,25,PREORDER,7,1004.17
2025-12-25,25,ADD_TO_CART,130,0.00
2025-12-25,25,VIEW,313,0.00
2025-12-25,25,WISHLIST,37,0.00
2025-12-25,25,PURCHASE,28,2261.38
2025-12-25,27,PREORDER,6,465.69
2025-12-25,27,ADD_TO_CART,45,0.00
2025-12-25,27,VIEW,181,0.00
2025-12-25,27,WISHLIST,67,0.00
2025-12-25,27,PURCHASE,44,2425.15
2025-12-25,29,PREORDER,7,786.72
2025-12-25,29,ADD_TO_CART,58,0.00
2025-12-25,29,VIEW,309,0.00
2025-12-25,29,WISHLIST,66,0.00
2025-12-25,29,PURCHASE,51,2315.97
2025-12-26,2,PREORDER,9,1080.69
2025-12-26,2,ADD_TO_CART,82,0.00
2025-12-26,2,VIEW,835,0.00
2025-12-26,2,WISHLIST,114,0.00
2025-12-26,2,PURCHASE,40,640.41
2025-12-26,4,PREORDER,5,1048.03
2025-12-26,4,ADD_TO_CART,130,0.00
2025-12-26,4,VIEW,393,0.00
2025-12-26,4,WISHLIST,75,0.00
2025-12-26,4,PURCHASE,70,745.39
2025-12-26,6,PREORDER,13,288.37
2025-12-26,6,ADD_TO_CART,90,0.00
2025-12-26,6,VIEW,740,0.00
2025-12-26,6,WISHLIST,81,0.00
2025-12-26,6,PURCHASE,46,1509.68
2025-12-26,8,PREORDER,7,305.17
2025-12-26,8,ADD_TO_CART,128,0.00
2025-12-26,8,VIEW,342,0.00
2025-12-26,8,WISHLIST,129,0.00
2025-12-26,8,PURCHASE,90,1593.67
2025-12-26,10,PREORDER,5,387.29
2025-12-26,10,ADD_TO_CART,127,0.00
2025-12-26,10,VIEW,503,0.00
2025-12-26,10,WISHLIST,43,0.00
2025-12-26,10,PURCHASE,68,1728.05
2025-12-26,12,PREORDER,8,740.06
2025-12-26,12,ADD_TO_CART,139,0.00
2025-12-26,12,VIEW,674,0.00
2025-12-26,12,WISHLIST,44,0.00
2025-12-26,12,PURCHASE,93,1793.14
2025-12-26,14,PREORDER,8,617.80
2025-12-26,14,ADD_TO_CART,155,0.00
2025-12-26,14,VIEW,323,0.00
2025-12-26,14,WISHLIST,63,0.00
2025-12-26,14,PURCHASE,49,2150.09
2025-12-26,16,PREORDER,11,695.26
2025-12-26,16,ADD_TO_CART,92,0.00
2025-12-26,16,VIEW,222,0.00
2025-12-26,16,WISHLIST,69,0.00
2025-12-26,16,PURCHASE,49,1944.32
2025-12-26,18,PREORDER,7,754.99
2025-12-26,18,ADD_TO_CART,59,0.00
2025-12-26,18,VIEW,251,0.00
2025-12-26,18,WISHLIST,52,0.00
2025-12-26,18,PURCHASE,49,2143.79
2025-12-26,20,PREORDER,15,1055.49
2025-12-26,20,ADD_TO_CART,207,0.00
2025-12-26,20,VIEW,461,0.00
2025-12-26,20,WISHLIST,63,0.00
2025-12-26,20,PURCHASE,103,1576.87
2025-12-26,22,PREORDER,10,292.10
2025-12-26,22,ADD_TO_CART,80,0.00
2025-12-26,22,VIEW,264,0.00
2025-12-26,22,WISHLIST,82,0.00
2025-12-26,22,PURCHASE,85,925.97
2025-12-26,24,PREORDER,12,538.48
2025-12-26,24,ADD_TO_CART,172,0.00
2025-12-26,24,VIEW,743,0.00
2025-12-26,24,WISHLIST,59,0.00
2025-12-26,24,PURCHASE,115,2045.11
2025-12-26,26,PREORDER,8,419.96
2025-12-26,26,ADD_TO_CART,142,0.00
2025-12-26,26,VIEW,266,0.00
2025-12-26,26,WISHLIST,94,0.00
2025-12-26,26,PURCHASE,43,1872.93
2025-12-26,28,PREORDER,9,877.25
2025-12-26,28,ADD_TO_CART,102,0.00
2025-12-26,28,VIEW,614,0.00
2025-12-26,28,WISHLIST,43,0.00
2025-12-26,28,PURCHASE,74,1849.84
2025-12-26,30,PREORDER,4,852.98
2025-12-26,30,ADD_TO_CART,153,0.00
2025-12-26,30,VIEW,655,0.00
2025-12-26,30,WISHLIST,40,0.00
2025-12-26,30,PURCHASE,51,1024.65
2025-12-27,1,PREORDER,19,925.77
2025-12-27,1,ADD_TO_CART,204,0.00
2025-12-27,1,VIEW,834,0.00
2025-12-27,1,WISHLIST,61,0.00
2025-12-27,1,PURCHASE,156,1310.21
2025-12-27,3,PREORDER,18,377.96
2025-12-27,3,ADD_TO_CART,206,0.00
2025-12-27,3,VIEW,498,0.00
2025-12-27,3,WISHLIST,154,0.00
2025-12-27,3,PURCHASE,146,1398.40
2025-12-27,5,PREORDER,5,598.21
2025-12-27,5,ADD_TO_CART,268,0.00
2025-12-27,5,VIEW,550,0.00
2025-12-27,5,WISHLIST,63,0.00
2025-12-27,5,PURCHASE,63,871.38
2025-12-27,7,PREORDER,11,605.67
2025-12-27,7,ADD_TO_CART,220,0.00
2025-12-27,7,VIEW,1204,0.00
2025-12-27,7,WISHLIST,132,0.00
2025-12-27,7,PURCHASE,127,1490.79
2025-12-27,9,PREORDER,12,453.55
2025-12-27,9,ADD_TO_CART,108,0.00
2025-12-27,9,VIEW,1020,0.00
2025-12-27,9,WISHLIST,196,0.00
2025-12-27,9,PURCHASE,172,1226.22
2025-12-27,11,PREORDER,13,354.63
2025-12-27,11,ADD_TO_CART,192,0.00
2025-12-27,11,VIEW,316,0.00
2025-12-27,11,WISHLIST,63,0.00
2025-12-27,11,PURCHASE,105,1446.69
2025-12-27,13,PREORDER,8,360.23
2025-12-27,13,ADD_TO_CART,57,0.00
2025-12-27,13,VIEW,501,0.00
2025-12-27,13,WISHLIST,133,0.00
2025-12-27,13,PURCHASE,95,1608.37
2025-12-27,15,PREORDER,11,460.09
2025-12-27,15,ADD_TO_CART,69,0.00
2025-12-27,15,VIEW,648,0.00
2025-12-27,15,WISHLIST,120,0.00
2025-12-27,15,PURCHASE,45,2454.55
2025-12-27,17,PREORDER,14,950.04
2025-12-27,17,ADD_TO_CART,193,0.00
2025-12-27,17,VIEW,516,0.00
2025-12-27,17,WISHLIST,42,0.00
2025-12-27,17,PURCHASE,68,873.48
2025-12-27,19,PREORDER,9,337.83
2025-12-27,19,ADD_TO_CART,101,0.00
2025-12-27,19,VIEW,1090,0.00
2025-12-27,19,WISHLIST,129,0.00
2025-12-27,19,PURCHASE,57,1833.04
2025-12-27,21,PREORDER,7,436.76
2025-12-27,21,ADD_TO_CART,151,0.00
2025-12-27,21,VIEW,883,0.00
2025-12-27,21,WISHLIST,105,0.00
2025-12-27,21,PURCHASE,162,2208.88
2025-12-27,23,PREORDER,12,649.54
2025-12-27,23,ADD_TO_CART,70,0.00
2025-12-27,23,VIEW,814,0.00
2025-12-27,23,WISHLIST,125,0.00
2025-12-27,23,PURCHASE,89,917.57
2025-12-27,25,PREORDER,10,392.89
2025-12-27,25,ADD_TO_CART,153,0.00
2025-12-27,25,VIEW,547,0.00
2025-12-27,25,WISHLIST,118,0.00
2025-12-27,25,PURCHASE,64,1843.54
2025-12-27,27,PREORDER,13,1085.36
2025-12-27,27,ADD_TO_CART,55,0.00
2025-12-27,27,VIEW,253,0.00
2025-12-27,27,WISHLIST,114,0.00
2025-12-27,27,PURCHASE,63,1060.35
2025-12-27,29,PREORDER,8,695.26
2025-12-27,29,ADD_TO_CART,130,0.00
2025-12-27,29,VIEW,725,0.00
2025-12-27,29,WISHLIST,103,0.00
2025-12-27,29,PURCHASE,83,1089.74
2025-12-28,2,PREORDER,12,403.16
2025-12-28,2,ADD_TO_CART,111,0.00
2025-12-28,2,VIEW,582,0.00
2025-12-28,2,WISHLIST,76,0.00
2025-12-28,2,PURCHASE,62,1238.82
2025-12-28,4,PREORDER,5,594.47
2025-12-28,4,ADD_TO_CART,94,0.00
2025-12-28,4,VIEW,616,0.00
2025-12-28,4,WISHLIST,133,0.00
2025-12-28,4,PURCHASE,148,1215.73
2025-12-28,6,PREORDER,15,714.86
2025-12-28,6,ADD_TO_CART,83,0.00
2025-12-28,6,VIEW,350,0.00
2025-12-28,6,WISHLIST,113,0.00
2025-12-28,6,PURCHASE,79,1184.23
2025-12-28,8,PREORDER,19,370.50
2025-12-28,8,ADD_TO_CART,112,0.00
2025-12-28,8,VIEW,1238,0.00
2025-12-28,8,WISHLIST,155,0.00
2025-12-28,8,PURCHASE,164,1549.58
2025-12-28,10,PREORDER,6,920.17
2025-12-28,10,ADD_TO_CART,170,0.00
2025-12-28,10,VIEW,421,0.00
2025-12-28,10,WISHLIST,87,0.00
2025-12-28,10,PURCHASE,79,1704.96
2025-12-28,12,PREORDER,9,393.83
2025-12-28,12,ADD_TO_CART,126,0.00
2025-12-28,12,VIEW,638,0.00
2025-12-28,12,WISHLIST,63,0.00
2025-12-28,12,PURCHASE,52,2410.46
2025-12-28,14,PREORDER,4,475.02
2025-12-28,14,ADD_TO_CART,194,0.00
2025-12-28,14,VIEW,654,0.00
2025-12-28,14,WISHLIST,104,0.00
2025-12-28,14,PURCHASE,126,1879.23
2025-12-28,16,PREORDER,13,409.69
2025-12-28,16,ADD_TO_CART,171,0.00
2025-12-28,16,VIEW,446,0.00
2025-12-28,16,WISHLIST,120,0.00
2025-12-28,16,PURCHASE,90,684.50
2025-12-28,18,PREORDER,13,311.70
2025-12-28,18,ADD_TO_CART,59,0.00
2025-12-28,18,VIEW,400,0.00
2025-12-28,18,WISHLIST,38,0.00
2025-12-28,18,PURCHASE,112,2462.95
2025-12-28,20,PREORDER,16,734.46
2025-12-28,20,ADD_TO_CART,114,0.00
2025-12-28,20,VIEW,474,0.00
2025-12-28,20,WISHLIST,83,0.00
2025-12-28,20,PURCHASE,128,1631.47
2025-12-28,22,PREORDER,6,783.92
2025-12-28,22,ADD_TO_CART,103,0.00
2025-12-28,22,VIEW,687,0.00
2025-12-28,22,WISHLIST,110,0.00
2025-12-28,22,PURCHASE,112,751.69
2025-12-28,24,PREORDER,14,844.58
2025-12-28,24,ADD_TO_CART,70,0.00
2025-12-28,24,VIEW,857,0.00
2025-12-28,24,WISHLIST,188,0.00
2025-12-28,24,PURCHASE,65,898.67
2025-12-28,26,PREORDER,8,696.20
2025-12-28,26,ADD_TO_CART,191,0.00
2025-12-28,26,VIEW,707,0.00
2025-12-28,26,WISHLIST,67,0.00
2025-12-28,26,PURCHASE,66,1463.49
2025-12-28,28,PREORDER,10,485.28
2025-12-28,28,ADD_TO_CART,52,0.00
2025-12-28,28,VIEW,845,0.00
2025-12-28,28,WISHLIST,83,0.00
2025-12-28,28,PURCHASE,48,1039.35
2025-12-28,30,PREORDER,6,328.50
2025-12-28,30,ADD_TO_CART,138,0.00
2025-12-28,30,VIEW,872,0.00
2025-12-28,30,WISHLIST,83,0.00
2025-12-28,30,PURCHASE,99,1551.68
2025-12-29,1,PREORDER,24,1056.43
2025-12-29,1,ADD_TO_CART,79,0.00
2025-12-29,1,VIEW,716,0.00
2025-12-29,1,WISHLIST,200,0.00
2025-12-29,1,PURCHASE,86,1457.19
2025-12-29,3,PREORDER,14,893.11
2025-12-29,3,ADD_TO_CART,44,0.00
2025-12-29,3,VIEW,548,0.00
2025-12-29,3,WISHLIST,99,0.00
2025-12-29,3,PURCHASE,32,1335.41
2025-12-29,5,PREORDER,5,803.52
2025-12-29,5,ADD_TO_CART,56,0.00
2025-12-29,5,VIEW,990,0.00
2025-12-29,5,WISHLIST,119,0.00
2025-12-29,5,PURCHASE,39,1180.03
2025-12-29,7,PREORDER,14,992.03
2025-12-29,7,ADD_TO_CART,28,0.00
2025-12-29,7,VIEW,325,0.00
2025-12-29,7,WISHLIST,135,0.00
2025-12-29,7,PURCHASE,32,2349.56
2025-12-29,9,PREORDER,7,646.74
2025-12-29,9,ADD_TO_CART,54,0.00
2025-12-29,9,VIEW,261,0.00
2025-12-29,9,WISHLIST,121,0.00
2025-12-29,9,PURCHASE,35,1564.28
2025-12-29,11,PREORDER,3,463.82
2025-12-29,11,ADD_TO_CART,22,0.00
2025-12-29,11,VIEW,318,0.00
2025-12-29,11,WISHLIST,38,0.00
2025-12-29,11,PURCHASE,28,2385.26
2025-12-29,13,PREORDER,6,454.49
2025-12-29,13,ADD_TO_CART,35,0.00
2025-12-29,13,VIEW,437,0.00
2025-12-29,13,WISHLIST,105,0.00
2025-12-29,13,PURCHASE,34,762.19
2025-12-29,15,PREORDER,10,923.91
2025-12-29,15,ADD_TO_CART,18,0.00
2025-12-29,15,VIEW,634,0.00
2025-12-29,15,WISHLIST,106,0.00
2025-12-29,15,PURCHASE,14,1146.44
2025-12-29,17,PREORDER,4,545.01
2025-12-29,17,ADD_TO_CART,54,0.00
2025-12-29,17,VIEW,442,0.00
2025-12-29,17,WISHLIST,47,0.00
2025-12-29,17,PURCHASE,20,1366.90
2025-12-29,19,PREORDER,14,807.25
2025-12-29,19,ADD_TO_CART,30,0.00
2025-12-29,19,VIEW,268,0.00
2025-12-29,19,WISHLIST,129,0.00
2025-12-29,19,PURCHASE,19,2225.68
2025-12-29,21,PREORDER,12,968.70
2025-12-29,21,ADD_TO_CART,70,0.00
2025-12-29,21,VIEW,450,0.00
2025-12-29,21,WISHLIST,126,0.00
2025-12-29,21,PURCHASE,28,1104.44
2025-12-29,23,PREORDER,7,609.41
2025-12-29,23,ADD_TO_CART,45,0.00
2025-12-29,23,VIEW,654,0.00
2025-12-29,23,WISHLIST,93,0.00
2025-12-29,23,PURCHASE,20,1165.33
2025-12-29,25,PREORDER,10,503.02
2025-12-29,25,ADD_TO_CART,25,0.00
2025-12-29,25,VIEW,445,0.00
2025-12-29,25,WISHLIST,99,0.00
2025-12-29,25,PURCHASE,10,1541.18
2025-12-29,27,PREORDER,8,427.42
2025-12-29,27,ADD_TO_CART,55,0.00
2025-12-29,27,VIEW,700,0.00
2025-12-29,27,WISHLIST,48,0.00
2025-12-29,27,PURCHASE,18,1154.84
2025-12-29,29,PREORDER,10,750.32
2025-12-29,29,ADD_TO_CART,36,0.00
2025-12-29,29,VIEW,690,0.00
2025-12-29,29,WISHLIST,54,0.00
2025-12-29,29,PURCHASE,20,1950.62
2025-12-30,2,PREORDER,19,404.09
2025-12-30,2,ADD_TO_CART,82,0.00
2025-12-30,2,VIEW,704,0.00
2025-12-30,2,WISHLIST,165,0.00
2025-12-30,2,PURCHASE,79,1192.63
2025-12-30,4,PREORDER,7,601.94
2025-12-30,4,ADD_TO_CART,69,0.00
2025-12-30,4,VIEW,767,0.00
2025-12-30,4,WISHLIST,109,0.00
2025-12-30,4,PURCHASE,44,841.98
2025-12-30,6,PREORDER,10,825.92
2025-12-30,6,ADD_TO_CART,41,0.00
2025-12-30,6,VIEW,984,0.00
2025-12-30,6,WISHLIST,43,0.00
2025-12-30,6,PURCHASE,45,2003.11
2025-12-30,8,PREORDER,7,740.06
2025-12-30,8,ADD_TO_CART,65,0.00
2025-12-30,8,VIEW,882,0.00
2025-12-30,8,WISHLIST,77,0.00
2025-12-30,8,PURCHASE,13,2391.56
2025-12-30,10,PREORDER,8,299.57
2025-12-30,10,ADD_TO_CART,36,0.00
2025-12-30,10,VIEW,310,0.00
2025-12-30,10,WISHLIST,102,0.00
2025-12-30,10,PURCHASE,12,873.48
2025-12-30,12,PREORDER,9,366.76
2025-12-30,12,ADD_TO_CART,51,0.00
2025-12-30,12,VIEW,674,0.00
2025-12-30,12,WISHLIST,81,0.00
2025-12-30,12,PURCHASE,33,1184.23
2025-12-30,14,PREORDER,7,933.24
2025-12-30,14,ADD_TO_CART,45,0.00
2025-12-30,14,VIEW,370,0.00
2025-12-30,14,WISHLIST,104,0.00
2025-12-30,14,PURCHASE,17,1770.05
2025-12-30,16,PREORDER,9,916.44
2025-12-30,16,ADD_TO_CART,38,0.00
2025-12-30,16,VIEW,246,0.00
2025-12-30,16,WISHLIST,33,0.00
2025-12-30,16,PURCHASE,30,1667.16
2025-12-30,18,PREORDER,7,550.61
2025-12-30,18,ADD_TO_CART,22,0.00
2025-12-30,18,VIEW,662,0.00
2025-12-30,18,WISHLIST,45,0.00
2025-12-30,18,PURCHASE,35,854.58
2025-12-30,20,PREORDER,4,321.03
2025-12-30,20,ADD_TO_CART,40,0.00
2025-12-30,20,VIEW,678,0.00
2025-12-30,20,WISHLIST,59,0.00
2025-12-30,20,PURCHASE,17,1396.30
2025-12-30,22,PREORDER,7,754.99
2025-12-30,22,ADD_TO_CART,66,0.00
2025-12-30,22,VIEW,931,0.00
2025-12-30,22,WISHLIST,125,0.00
2025-12-30,22,PURCHASE,32,2099.70
2025-12-30,24,PREORDER,11,485.28
2025-12-30,24,ADD_TO_CART,59,0.00
2025-12-30,24,VIEW,667,0.00
2025-12-30,24,WISHLIST,67,0.00
2025-12-30,24,PURCHASE,41,2124.90
2025-12-30,26,PREORDER,10,360.23
2025-12-30,26,ADD_TO_CART,39,0.00
2025-12-30,26,VIEW,500,0.00
2025-12-30,26,WISHLIST,78,0.00
2025-12-30,26,PURCHASE,25,2152.19
2025-12-30,28,PREORDER,11,676.60
2025-12-30,28,ADD_TO_CART,16,0.00
2025-12-30,28,VIEW,350,0.00
2025-12-30,28,WISHLIST,29,0.00
2025-12-30,28,PURCHASE,33,1448.79
2025-12-30,30,PREORDER,11,750.32
2025-12-30,30,ADD_TO_CART,41,0.00
2025-12-30,30,VIEW,711,0.00
2025-12-30,30,WISHLIST,95,0.00
2025-12-30,30,PURCHASE,30,1925.42
2025-12-31,1,PREORDER,13,745.66
2025-12-31,1,ADD_TO_CART,114,0.00
2025-12-31,1,VIEW,2009,0.00
2025-12-31,1,WISHLIST,298,0.00
2025-12-31,1,PURCHASE,80,846.18
2025-12-31,3,PREORDER,7,713.93
2025-12-31,3,ADD_TO_CART,41,0.00
2025-12-31,3,VIEW,555,0.00
2025-12-31,3,WISHLIST,144,0.00
2025-12-31,3,PURCHASE,41,2013.61
2025-12-31,5,PREORDER,15,1066.69
2025-12-31,5,ADD_TO_CART,33,0.00
2025-12-31,5,VIEW,559,0.00
2025-12-31,5,WISHLIST,129,0.00
2025-12-31,5,PURCHASE,45,1518.08
2025-12-31,7,PREORDER,6,398.49
2025-12-31,7,ADD_TO_CART,51,0.00
2025-12-31,7,VIEW,698,0.00
2025-12-31,7,WISHLIST,41,0.00
2025-12-31,7,PURCHASE,34,806.28
2025-12-31,9,PREORDER,6,339.70
2025-12-31,9,ADD_TO_CART,66,0.00
2025-12-31,9,VIEW,806,0.00
2025-12-31,9,WISHLIST,140,0.00
2025-12-31,9,PURCHASE,41,1677.66
2025-12-31,11,PREORDER,7,532.88
2025-12-31,11,ADD_TO_CART,34,0.00
2025-12-31,11,VIEW,593,0.00
2025-12-31,11,WISHLIST,84,0.00
2025-12-31,11,PURCHASE,32,1746.95
2025-12-31,13,PREORDER,5,848.32
2025-12-31,13,ADD_TO_CART,50,0.00
2025-12-31,13,VIEW,237,0.00
2025-12-31,13,WISHLIST,46,0.00
2025-12-31,13,PURCHASE,25,2238.28
2025-12-31,15,PREORDER,10,999.50
2025-12-31,15,ADD_TO_CART,21,0.00
2025-12-31,15,VIEW,457,0.00
2025-12-31,15,WISHLIST,96,0.00
2025-12-31,15,PURCHASE,28,1933.82
2025-12-31,17,PREORDER,9,892.18
2025-12-31,17,ADD_TO_CART,19,0.00
2025-12-31,17,VIEW,203,0.00
2025-12-31,17,WISHLIST,87,0.00
2025-12-31,17,PURCHASE,12,1282.92
2025-12-31,19,PREORDER,6,875.38
2025-12-31,19,ADD_TO_CART,37,0.00
2025-12-31,19,VIEW,734,0.00
2025-12-31,19,WISHLIST,87,0.00
2025-12-31,19,PURCHASE,14,2269.78
2025-12-31,21,PREORDER,12,358.36
2025-12-31,21,ADD_TO_CART,61,0.00
2025-12-31,21,VIEW,684,0.00
2025-12-31,21,WISHLIST,80,0.00
2025-12-31,21,PURCHASE,42,713.90
2025-12-31,23,PREORDER,6,493.68
2025-12-31,23,ADD_TO_CART,59,0.00
2025-12-31,23,VIEW,733,0.00
2025-12-31,23,WISHLIST,92,0.00
2025-12-31,23,PURCHASE,17,1677.66
2025-12-31,25,PREORDER,8,517.01
2025-12-31,25,ADD_TO_CART,48,0.00
2025-12-31,25,VIEW,568,0.00
2025-12-31,25,WISHLIST,41,0.00
2025-12-31,25,PURCHASE,12,671.90
2025-12-31,27,PREORDER,3,992.97
2025-12-31,27,ADD_TO_CART,41,0.00
2025-12-31,27,VIEW,217,0.00
2025-12-31,27,WISHLIST,105,0.00
2025-12-31,27,PURCHASE,15,1885.53
2025-12-31,29,PREORDER,4,388.23
2025-12-31,29,ADD_TO_CART,40,0.00
2025-12-31,29,VIEW,474,0.00
2025-12-31,29,WISHLIST,46,0.00
2025-12-31,29,PURCHASE,27,2299.17
2026-01-01,1,PREORDER,10,550.61
2026-01-01,1,ADD_TO_CART,149,0.00
2026-01-01,1,VIEW,1964,0.00
2026-01-01,1,WISHLIST,131,0.00
2026-01-01,1,PURCHASE,58,1593.67
2026-01-01,3,PREORDER,4,802.59
2026-01-01,3,ADD_TO_CART,45,0.00
2026-01-01,3,VIEW,953,0.00
2026-01-01,3,WISHLIST,121,0.00
2026-01-01,3,PURCHASE,35,770.59
2026-01-01,5,PREORDER,6,551.54
2026-01-01,5,ADD_TO_CART,34,0.00
2026-01-01,5,VIEW,711,0.00
2026-01-01,5,WISHLIST,79,0.00
2026-01-01,5,PURCHASE,29,1555.88
2026-01-01,7,PREORDER,15,713.93
2026-01-01,7,ADD_TO_CART,48,0.00
2026-01-01,7,VIEW,426,0.00
2026-01-01,7,WISHLIST,123,0.00
2026-01-01,7,PURCHASE,16,2454.55
2026-01-01,9,PREORDER,10,553.41
2026-01-01,9,ADD_TO_CART,35,0.00
2026-01-01,9,VIEW,300,0.00
2026-01-01,9,WISHLIST,128,0.00
2026-01-01,9,PURCHASE,13,795.79
2026-01-01,11,PREORDER,9,837.12
2026-01-01,11,ADD_TO_CART,43,0.00
2026-01-01,11,VIEW,452,0.00
2026-01-01,11,WISHLIST,104,0.00
2026-01-01,11,PURCHASE,21,2181.59
2026-01-01,13,PREORDER,6,1060.16
2026-01-01,13,ADD_TO_CART,36,0.00
2026-01-01,13,VIEW,458,0.00
2026-01-01,13,WISHLIST,110,0.00
2026-01-01,13,PURCHASE,34,1560.08
2026-01-01,15,PREORDER,11,630.87
2026-01-01,15,ADD_TO_CART,53,0.00
2026-01-01,15,VIEW,224,0.00
2026-01-01,15,WISHLIST,101,0.00
2026-01-01,15,PURCHASE,13,1990.52
2026-01-01,17,PREORDER,8,607.54
2026-01-01,17,ADD_TO_CART,32,0.00
2026-01-01,17,VIEW,332,0.00
2026-01-01,17,WISHLIST,62,0.00
2026-01-01,17,PURCHASE,31,722.30
2026-01-01,19,PREORDER,10,845.52
2026-01-01,19,ADD_TO_CART,24,0.00
2026-01-01,19,VIEW,562,0.00
2026-01-01,19,WISHLIST,109,0.00
2026-01-01,19,PURCHASE,36,1429.90
2026-01-01,21,PREORDER,14,568.34
2026-01-01,21,ADD_TO_CART,41,0.00
2026-01-01,21,VIEW,343,0.00
2026-01-01,21,WISHLIST,57,0.00
2026-01-01,21,PURCHASE,16,932.27
2026-01-01,23,PREORDER,13,530.08
2026-01-01,23,ADD_TO_CART,61,0.00
2026-01-01,23,VIEW,737,0.00
2026-01-01,23,WISHLIST,52,0.00
2026-01-01,23,PURCHASE,27,833.58
2026-01-01,25,PREORDER,6,388.23
2026-01-01,25,ADD_TO_CART,55,0.00
2026-01-01,25,VIEW,213,0.00
2026-01-01,25,WISHLIST,98,0.00
2026-01-01,25,PURCHASE,16,1696.56
2026-01-01,27,PREORDER,6,667.27
2026-01-01,27,ADD_TO_CART,38,0.00
2026-01-01,27,VIEW,689,0.00
2026-01-01,27,WISHLIST,90,0.00
2026-01-01,27,PURCHASE,13,1786.84
2026-01-01,29,PREORDER,9,725.13
2026-01-01,29,ADD_TO_CART,40,0.00
2026-01-01,29,VIEW,553,0.00
2026-01-01,29,WISHLIST,107,0.00
2026-01-01,29,PURCHASE,24,1398.40
2026-01-02,2,PREORDER,26,678.47
2026-01-02,2,ADD_TO_CART,49,0.00
2026-01-02,2,VIEW,1233,0.00
2026-01-02,2,WISHLIST,339,0.00
2026-01-02,2,PURCHASE,54,707.60
2026-01-02,4,PREORDER,6,333.17
2026-01-02,4,ADD_TO_CART,70,0.00
2026-01-02,4,VIEW,683,0.00
2026-01-02,4,WISHLIST,133,0.00
2026-01-02,4,PURCHASE,46,1251.42
2026-01-02,6,PREORDER,15,981.77
2026-01-02,6,ADD_TO_CART,54,0.00
2026-01-02,6,VIEW,423,0.00
2026-01-02,6,WISHLIST,75,0.00
2026-01-02,6,PURCHASE,47,1730.15
2026-01-02,8,PREORDER,8,394.76
2026-01-02,8,ADD_TO_CART,59,0.00
2026-01-02,8,VIEW,608,0.00
2026-01-02,8,WISHLIST,113,0.00
2026-01-02,8,PURCHASE,19,1879.23
2026-01-02,10,PREORDER,4,1012.57
2026-01-02,10,ADD_TO_CART,28,0.00
2026-01-02,10,VIEW,700,0.00
2026-01-02,10,WISHLIST,46,0.00
2026-01-02,10,PURCHASE,18,1639.87
2026-01-02,12,PREORDER,11,1082.56
2026-01-02,12,ADD_TO_CART,52,0.00
2026-01-02,12,VIEW,334,0.00
2026-01-02,12,WISHLIST,67,0.00
2026-01-02,12,PURCHASE,34,2072.40
2026-01-02,14,PREORDER,10,445.16
2026-01-02,14,ADD_TO_CART,21,0.00
2026-01-02,14,VIEW,494,0.00
2026-01-02,14,WISHLIST,62,0.00
2026-01-02,14,PURCHASE,11,1623.07
2026-01-02,16,PREORDER,9,963.10
2026-01-02,16,ADD_TO_CART,23,0.00
2026-01-02,16,VIEW,601,0.00
2026-01-02,16,WISHLIST,73,0.00
2026-01-02,16,PURCHASE,35,1698.66
2026-01-02,18,PREORDER,5,289.30
2026-01-02,18,ADD_TO_CART,38,0.00
2026-01-02,18,VIEW,640,0.00
2026-01-02,18,WISHLIST,94,0.00
2026-01-02,18,PURCHASE,9,1814.14
2026-01-02,20,PREORDER,13,557.14
2026-01-02,20,ADD_TO_CART,61,0.00
2026-01-02,20,VIEW,289,0.00
2026-01-02,20,WISHLIST,64,0.00
2026-01-02,20,PURCHASE,41,1671.36
2026-01-02,22,PREORDER,6,913.64
2026-01-02,22,ADD_TO_CART,65,0.00
2026-01-02,22,VIEW,774,0.00
2026-01-02,22,WISHLIST,122,0.00
2026-01-02,22,PURCHASE,13,1707.06
2026-01-02,24,PREORDER,6,1088.16
2026-01-02,24,ADD_TO_CART,27,0.00
2026-01-02,24,VIEW,622,0.00
2026-01-02,24,WISHLIST,100,0.00
2026-01-02,24,PURCHASE,49,2431.45
2026-01-02,26,PREORDER,8,642.07
2026-01-02,26,ADD_TO_CART,22,0.00
2026-01-02,26,VIEW,660,0.00
2026-01-02,26,WISHLIST,37,0.00
2026-01-02,26,PURCHASE,35,2030.41
2026-01-02,28,PREORDER,3,451.69
2026-01-02,28,ADD_TO_CART,31,0.00
2026-01-02,28,VIEW,524,0.00
2026-01-02,28,WISHLIST,33,0.00
2026-01-02,28,PURCHASE,23,1736.45
2026-01-02,30,PREORDER,5,1066.69
2026-01-02,30,ADD_TO_CART,30,0.00
2026-01-02,30,VIEW,548,0.00
2026-01-02,30,WISHLIST,29,0.00
2026-01-02,30,PURCHASE,21,1459.29
2026-01-03,1,PREORDER,38,571.14
2026-01-03,1,ADD_TO_CART,157,0.00
2026-01-03,1,VIEW,1252,0.00
2026-01-03,1,WISHLIST,243,0.00
2026-01-03,1,PURCHASE,79,1992.62
2026-01-03,3,PREORDER,12,775.52
2026-01-03,3,ADD_TO_CART,80,0.00
2026-01-03,3,VIEW,880,0.00
2026-01-03,3,WISHLIST,114,0.00
2026-01-03,3,PURCHASE,28,2271.88
2026-01-03,5,PREORDER,15,474.09
2026-01-03,5,ADD_TO_CART,93,0.00
2026-01-03,5,VIEW,895,0.00
2026-01-03,5,WISHLIST,79,0.00
2026-01-03,5,PURCHASE,17,1539.08
2026-01-03,7,PREORDER,9,1088.16
2026-01-03,7,ADD_TO_CART,71,0.00
2026-01-03,7,VIEW,735,0.00
2026-01-03,7,WISHLIST,163,0.00
2026-01-03,7,PURCHASE,42,2318.07
2026-01-03,9,PREORDER,13,340.63
2026-01-03,9,ADD_TO_CART,37,0.00
2026-01-03,9,VIEW,468,0.00
2026-01-03,9,WISHLIST,194,0.00
2026-01-03,9,PURCHASE,36,1675.56
2026-01-03,11,PREORDER,8,447.96
2026-01-03,11,ADD_TO_CART,63,0.00
2026-01-03,11,VIEW,479,0.00
2026-01-03,11,WISHLIST,73,0.00
2026-01-03,11,PURCHASE,22,1108.64
2026-01-03,13,PREORDER,8,488.08
2026-01-03,13,ADD_TO_CART,59,0.00
2026-01-03,13,VIEW,350,0.00
2026-01-03,13,WISHLIST,62,0.00
2026-01-03,13,PURCHASE,44,1327.01
2026-01-03,15,PREORDER,13,1063.89
2026-01-03,15,ADD_TO_CART,33,0.00
2026-01-03,15,VIEW,296,0.00
2026-01-03,15,WISHLIST,126,0.00
2026-01-03,15,PURCHASE,30,1463.49
2026-01-03,17,PREORDER,7,800.72
2026-01-03,17,ADD_TO_CART,49,0.00
2026-01-03,17,VIEW,851,0.00
2026-01-03,17,WISHLIST,53,0.00
2026-01-03,17,PURCHASE,17,1066.65
2026-01-03,19,PREORDER,16,769.92
2026-01-03,19,ADD_TO_CART,97,0.00
2026-01-03,19,VIEW,532,0.00
2026-01-03,19,WISHLIST,128,0.00
2026-01-03,19,PURCHASE,32,2444.05
2026-01-03,21,PREORDER,11,1054.56
2026-01-03,21,ADD_TO_CART,59,0.00
2026-01-03,21,VIEW,1135,0.00
2026-01-03,21,WISHLIST,149,0.00
2026-01-03,21,PURCHASE,25,2305.47
2026-01-03,23,PREORDER,11,763.39
2026-01-03,23,ADD_TO_CART,82,0.00
2026-01-03,23,VIEW,489,0.00
2026-01-03,23,WISHLIST,141,0.00
2026-01-03,23,PURCHASE,54,1375.30
2026-01-03,25,PREORDER,8,804.45
2026-01-03,25,ADD_TO_CART,58,0.00
2026-01-03,25,VIEW,881,0.00
2026-01-03,25,WISHLIST,37,0.00
2026-01-03,25,PURCHASE,17,743.29
2026-01-03,27,PREORDER,11,988.30
2026-01-03,27,ADD_TO_CART,39,0.00
2026-01-03,27,VIEW,371,0.00
2026-01-03,27,WISHLIST,37,0.00
2026-01-03,27,PURCHASE,34,1841.44
2026-01-03,29,PREORDER,10,781.12
2026-01-03,29,ADD_TO_CART,34,0.00
2026-01-03,29,VIEW,898,0.00
2026-01-03,29,WISHLIST,130,0.00
2026-01-03,29,PURCHASE,41,1106.54
2026-01-04,2,PREORDER,15,446.09
2026-01-04,2,ADD_TO_CART,230,0.00
2026-01-04,2,VIEW,1777,0.00
2026-01-04,2,WISHLIST,452,0.00
2026-01-04,2,PURCHASE,51,2444.05
2026-01-04,4,PREORDER,18,704.60
2026-01-04,4,ADD_TO_CART,34,0.00
2026-01-04,4,VIEW,782,0.00
2026-01-04,4,WISHLIST,72,0.00
2026-01-04,4,PURCHASE,23,2164.79
2026-01-04,6,PREORDER,15,314.50
2026-01-04,6,ADD_TO_CART,81,0.00
2026-01-04,6,VIEW,986,0.00
2026-01-04,6,WISHLIST,127,0.00
2026-01-04,6,PURCHASE,24,2309.67
2026-01-04,8,PREORDER,13,658.87
2026-01-04,8,ADD_TO_CART,66,0.00
2026-01-04,8,VIEW,448,0.00
2026-01-04,8,WISHLIST,65,0.00
2026-01-04,8,PURCHASE,16,2238.28
2026-01-04,10,PREORDER,13,466.62
2026-01-04,10,ADD_TO_CART,28,0.00
2026-01-04,10,VIEW,856,0.00
2026-01-04,10,WISHLIST,51,0.00
2026-01-04,10,PURCHASE,30,1047.75
2026-01-04,12,PREORDER,7,465.69
2026-01-04,12,ADD_TO_CART,51,0.00
2026-01-04,12,VIEW,551,0.00
2026-01-04,12,WISHLIST,92,0.00
2026-01-04,12,PURCHASE,29,1975.82
2026-01-04,14,PREORDER,11,446.09
2026-01-04,14,ADD_TO_CART,19,0.00
2026-01-04,14,VIEW,620,0.00
2026-01-04,14,WISHLIST,89,0.00
2026-01-04,14,PURCHASE,15,2467.15
2026-01-04,16,PREORDER,12,414.36
2026-01-04,16,ADD_TO_CART,51,0.00
2026-01-04,16,VIEW,813,0.00
2026-01-04,16,WISHLIST,73,0.00
2026-01-04,16,PURCHASE,14,1148.54
2026-01-04,18,PREORDER,11,368.63
2026-01-04,18,ADD_TO_CART,67,0.00
2026-01-04,18,VIEW,280,0.00
2026-01-04,18,WISHLIST,105,0.00
2026-01-04,18,PURCHASE,37,1696.56
2026-01-04,20,PREORDER,13,801.65
2026-01-04,20,ADD_TO_CART,38,0.00
2026-01-04,20,VIEW,1055,0.00
2026-01-04,20,WISHLIST,146,0.00
2026-01-04,20,PURCHASE,38,871.38
2026-01-04,22,PREORDER,7,324.77
2026-01-04,22,ADD_TO_CART,89,0.00
2026-01-04,22,VIEW,1152,0.00
2026-01-04,22,WISHLIST,118,0.00
2026-01-04,22,PURCHASE,28,676.10
2026-01-04,24,PREORDER,17,762.46
2026-01-04,24,ADD_TO_CART,85,0.00
2026-01-04,24,VIEW,851,0.00
2026-01-04,24,WISHLIST,175,0.00
2026-01-04,24,PURCHASE,56,2057.71
2026-01-04,26,PREORDER,4,695.26
2026-01-04,26,ADD_TO_CART,54,0.00
2026-01-04,26,VIEW,851,0.00
2026-01-04,26,WISHLIST,93,0.00
2026-01-04,26,PURCHASE,17,886.07
2026-01-04,28,PREORDER,7,440.49
2026-01-04,28,ADD_TO_CART,27,0.00
2026-01-04,28,VIEW,827,0.00
2026-01-04,28,WISHLIST,90,0.00
2026-01-04,28,PURCHASE,28,2047.21
2026-01-04,30,PREORDER,5,493.68
2026-01-04,30,ADD_TO_CART,52,0.00
2026-01-04,30,VIEW,721,0.00
2026-01-04,30,WISHLIST,134,0.00
2026-01-04,30,PURCHASE,31,1131.74
2026-01-05,1,PREORDER,18,643.94
2026-01-05,1,ADD_TO_CART,59,0.00
2026-01-05,1,VIEW,1977,0.00
2026-01-05,1,WISHLIST,182,0.00
2026-01-05,1,PURCHASE,61,1343.81
2026-01-05,3,PREORDER,12,352.76
2026-01-05,3,ADD_TO_CART,42,0.00
2026-01-05,3,VIEW,364,0.00
2026-01-05,3,WISHLIST,71,0.00
2026-01-05,3,PURCHASE,29,1123.34
2026-01-05,5,PREORDER,4,856.71
2026-01-05,5,ADD_TO_CART,56,0.00
2026-01-05,5,VIEW,580,0.00
2026-01-05,5,WISHLIST,101,0.00
2026-01-05,5,PURCHASE,21,1446.69
2026-01-05,7,PREORDER,9,801.65
2026-01-05,7,ADD_TO_CART,69,0.00
2026-01-05,7,VIEW,377,0.00
2026-01-05,7,WISHLIST,85,0.00
2026-01-05,7,PURCHASE,17,1858.23
2026-01-05,9,PREORDER,15,658.87
2026-01-05,9,ADD_TO_CART,31,0.00
2026-01-05,9,VIEW,628,0.00
2026-01-05,9,WISHLIST,135,0.00
2026-01-05,9,PURCHASE,46,1133.84
2026-01-05,11,PREORDER,7,582.34
2026-01-05,11,ADD_TO_CART,21,0.00
2026-01-05,11,VIEW,354,0.00
2026-01-05,11,WISHLIST,96,0.00
2026-01-05,11,PURCHASE,18,2349.56
2026-01-05,13,PREORDER,8,756.86
2026-01-05,13,ADD_TO_CART,20,0.00
2026-01-05,13,VIEW,538,0.00
2026-01-05,13,WISHLIST,44,0.00
2026-01-05,13,PURCHASE,19,1551.68
2026-01-05,15,PREORDER,11,911.78
2026-01-05,15,ADD_TO_CART,26,0.00
2026-01-05,15,VIEW,218,0.00
2026-01-05,15,WISHLIST,42,0.00
2026-01-05,15,PURCHASE,26,659.31
2026-01-05,17,PREORDER,4,818.45
2026-01-05,17,ADD_TO_CART,27,0.00
2026-01-05,17,VIEW,523,0.00
2026-01-05,17,WISHLIST,94,0.00
2026-01-05,17,PURCHASE,20,1159.03
2026-01-05,19,PREORDER,15,469.42
2026-01-05,19,ADD_TO_CART,67,0.00
2026-01-05,19,VIEW,325,0.00
2026-01-05,19,WISHLIST,74,0.00
2026-01-05,19,PURCHASE,25,1455.09
2026-01-05,21,PREORDER,15,615.94
2026-01-05,21,ADD_TO_CART,47,0.00
2026-01-05,21,VIEW,560,0.00
2026-01-05,21,WISHLIST,104,0.00
2026-01-05,21,PURCHASE,25,1591.57
2026-01-05,23,PREORDER,9,1024.70
2026-01-05,23,ADD_TO_CART,39,0.00
2026-01-05,23,VIEW,783,0.00
2026-01-05,23,WISHLIST,125,0.00
2026-01-05,23,PURCHASE,36,749.59
2026-01-05,25,PREORDER,8,383.56
2026-01-05,25,ADD_TO_CART,17,0.00
2026-01-05,25,VIEW,703,0.00
2026-01-05,25,WISHLIST,67,0.00
2026-01-05,25,PURCHASE,25,753.79
2026-01-05,27,PREORDER,9,741.93
2026-01-05,27,ADD_TO_CART,46,0.00
2026-01-05,27,VIEW,616,0.00
2026-01-05,27,WISHLIST,56,0.00
2026-01-05,27,PURCHASE,30,1568.48
2026-01-05,29,PREORDER,4,1032.16
2026-01-05,29,ADD_TO_CART,32,0.00
2026-01-05,29,VIEW,480,0.00
2026-01-05,29,WISHLIST,95,0.00
2026-01-05,29,PURCHASE,31,2395.76
2026-01-06,2,PREORDER,20,417.16
2026-01-06,2,ADD_TO_CART,187,0.00
2026-01-06,2,VIEW,2379,0.00
2026-01-06,2,WISHLIST,230,0.00
2026-01-06,2,PURCHASE,114,2315.97
2026-01-06,4,PREORDER,10,419.02
2026-01-06,4,ADD_TO_CART,25,0.00
2026-01-06,4,VIEW,955,0.00
2026-01-06,4,WISHLIST,108,0.00
2026-01-06,4,PURCHASE,43,640.41
2026-01-06,6,PREORDER,15,349.97
2026-01-06,6,ADD_TO_CART,64,0.00
2026-01-06,6,VIEW,700,0.00
2026-01-06,6,WISHLIST,120,0.00
2026-01-06,6,PURCHASE,26,2481.85
2026-01-06,8,PREORDER,11,877.25
2026-01-06,8,ADD_TO_CART,63,0.00
2026-01-06,8,VIEW,821,0.00
2026-01-06,8,WISHLIST,50,0.00
2026-01-06,8,PURCHASE,25,1620.97
2026-01-06,10,PREORDER,8,611.27
2026-01-06,10,ADD_TO_CART,44,0.00
2026-01-06,10,VIEW,478,0.00
2026-01-06,10,WISHLIST,39,0.00
2026-01-06,10,PURCHASE,10,1138.04
2026-01-06,12,PREORDER,8,1041.50
2026-01-06,12,ADD_TO_CART,14,0.00
2026-01-06,12,VIEW,477,0.00
2026-01-06,12,WISHLIST,109,0.00
2026-01-06,12,PURCHASE,15,2305.47
2026-01-06,14,PREORDER,8,461.95
2026-01-06,14,ADD_TO_CART,22,0.00
2026-01-06,14,VIEW,457,0.00
2026-01-06,14,WISHLIST,38,0.00
2026-01-06,14,PURCHASE,26,1150.64
2026-01-06,16,PREORDER,9,951.90
2026-01-06,16,ADD_TO_CART,38,0.00
2026-01-06,16,VIEW,535,0.00
2026-01-06,16,WISHLIST,109,0.00
2026-01-06,16,PURCHASE,36,2118.60
2026-01-06,18,PREORDER,4,693.40
2026-01-06,18,ADD_TO_CART,17,0.00
2026-01-06,18,VIEW,287,0.00
2026-01-06,18,WISHLIST,98,0.00
2026-01-06,18,PURCHASE,14,2040.91
2026-01-06,20,PREORDER,4,709.26
2026-01-06,20,ADD_TO_CART,65,0.00
2026-01-06,20,VIEW,346,0.00
2026-01-06,20,WISHLIST,80,0.00
2026-01-06,20,PURCHASE,28,1232.52
2026-01-06,22,PREORDER,6,735.39
2026-01-06,22,ADD_TO_CART,45,0.00
2026-01-06,22,VIEW,828,0.00
2026-01-06,22,WISHLIST,130,0.00
2026-01-06,22,PURCHASE,42,1083.45
2026-01-06,24,PREORDER,13,1001.37
2026-01-06,24,ADD_TO_CART,65,0.00
2026-01-06,24,VIEW,892,0.00
2026-01-06,24,WISHLIST,78,0.00
2026-01-06,24,PURCHASE,16,646.71
2026-01-06,26,PREORDER,5,505.82
2026-01-06,26,ADD_TO_CART,20,0.00
2026-01-06,26,VIEW,541,0.00
2026-01-06,26,WISHLIST,57,0.00
2026-01-06,26,PURCHASE,23,1652.46
2026-01-06,28,PREORDER,4,999.50
2026-01-06,28,ADD_TO_CART,23,0.00
2026-01-06,28,VIEW,689,0.00
2026-01-06,28,WISHLIST,60,0.00
2026-01-06,28,PURCHASE,11,1524.38
2026-01-06,30,PREORDER,8,1083.49
2026-01-06,30,ADD_TO_CART,19,0.00
2026-01-06,30,VIEW,533,0.00
2026-01-06,30,WISHLIST,66,0.00
2026-01-06,30,PURCHASE,11,982.66
2026-01-07,1,PREORDER,26,548.75
2026-01-07,1,ADD_TO_CART,70,0.00
2026-01-07,1,VIEW,1462,0.00
2026-01-07,1,WISHLIST,130,0.00
2026-01-07,1,PURCHASE,81,2177.39
2026-01-07,3,PREORDER,9,451.69
2026-01-07,3,ADD_TO_CART,56,0.00
2026-01-07,3,VIEW,487,0.00
2026-01-07,3,WISHLIST,145,0.00
2026-01-07,3,PURCHASE,13,1900.23
2026-01-07,5,PREORDER,5,698.06
2026-01-07,5,ADD_TO_CART,59,0.00
2026-01-07,5,VIEW,470,0.00
2026-01-07,5,WISHLIST,51,0.00
2026-01-07,5,PURCHASE,37,2173.19
2026-01-07,7,PREORDER,16,686.86
2026-01-07,7,ADD_TO_CART,60,0.00
2026-01-07,7,VIEW,549,0.00
2026-01-07,7,WISHLIST,44,0.00
2026-01-07,7,PURCHASE,15,1156.93
2026-01-07,9,PREORDER,16,697.13
2026-01-07,9,ADD_TO_CART,36,0.00
2026-01-07,9,VIEW,456,0.00
2026-01-07,9,WISHLIST,132,0.00
2026-01-07,9,PURCHASE,38,650.91
2026-01-07,11,PREORDER,11,807.25
2026-01-07,11,ADD_TO_CART,39,0.00
2026-01-07,11,VIEW,250,0.00
2026-01-07,11,WISHLIST,60,0.00
2026-01-07,11,PURCHASE,22,730.70
2026-01-07,13,PREORDER,10,866.05
2026-01-07,13,ADD_TO_CART,36,0.00
2026-01-07,13,VIEW,633,0.00
2026-01-07,13,WISHLIST,67,0.00
2026-01-07,13,PURCHASE,26,1448.79
2026-01-07,15,PREORDER,3,726.99
2026-01-07,15,ADD_TO_CART,23,0.00
2026-01-07,15,VIEW,548,0.00
2026-01-07,15,WISHLIST,37,0.00
2026-01-07,15,PURCHASE,35,1870.83
2026-01-07,17,PREORDER,7,939.77
2026-01-07,17,ADD_TO_CART,27,0.00
2026-01-07,17,VIEW,680,0.00
2026-01-07,17,WISHLIST,96,0.00
2026-01-07,17,PURCHASE,28,1948.52
2026-01-07,19,PREORDER,10,940.71
2026-01-07,19,ADD_TO_CART,36,0.00
2026-01-07,19,VIEW,495,0.00
2026-01-07,19,WISHLIST,156,0.00
2026-01-07,19,PURCHASE,37,2259.28
2026-01-07,21,PREORDER,13,819.38
2026-01-07,21,ADD_TO_CART,43,0.00
2026-01-07,21,VIEW,1000,0.00
2026-01-07,21,WISHLIST,91,0.00
2026-01-07,21,PURCHASE,28,760.09
2026-01-07,23,PREORDER,11,716.73
2026-01-07,23,ADD_TO_CART,26,0.00
2026-01-07,23,VIEW,675,0.00
2026-01-07,23,WISHLIST,103,0.00
2026-01-07,23,PURCHASE,36,1681.86
2026-01-07,25,PREORDER,8,321.97
2026-01-07,25,ADD_TO_CART,48,0.00
2026-01-07,25,VIEW,710,0.00
2026-01-07,25,WISHLIST,35,0.00
2026-01-07,25,PURCHASE,29,1940.12
2026-01-07,27,PREORDER,10,819.38
2026-01-07,27,ADD_TO_CART,21,0.00
2026-01-07,27,VIEW,518,0.00
2026-01-07,27,WISHLIST,69,0.00
2026-01-07,27,PURCHASE,15,1942.22
2026-01-07,29,PREORDER,3,498.35
2026-01-07,29,ADD_TO_CART,51,0.00
2026-01-07,29,VIEW,275,0.00
2026-01-07,29,WISHLIST,30,0.00
2026-01-07,29,PURCHASE,10,1801.54
2026-01-08,2,PREORDER,38,726.99
2026-01-08,2,ADD_TO_CART,103,0.00
2026-01-08,2,VIEW,1541,0.00
2026-01-08,2,WISHLIST,317,0.00
2026-01-08,2,PURCHASE,114,862.98
2026-01-08,4,PREORDER,15,1071.36
2026-01-08,4,ADD_TO_CART,32,0.00
2026-01-08,4,VIEW,822,0.00
2026-01-08,4,WISHLIST,143,0.00
2026-01-08,4,PURCHASE,31,1257.72
2026-01-08,6,PREORDER,9,309.84
2026-01-08,6,ADD_TO_CART,35,0.00
2026-01-08,6,VIEW,848,0.00
2026-01-08,6,WISHLIST,138,0.00
2026-01-08,6,PURCHASE,44,2124.90
2026-01-08,8,PREORDER,7,639.27
2026-01-08,8,ADD_TO_CART,33,0.00
2026-01-08,8,VIEW,524,0.00
2026-01-08,8,WISHLIST,60,0.00
2026-01-08,8,PURCHASE,43,2106.00
2026-01-08,10,PREORDER,4,362.10
2026-01-08,10,ADD_TO_CART,35,0.00
2026-01-08,10,VIEW,286,0.00
2026-01-08,10,WISHLIST,107,0.00
2026-01-08,10,PURCHASE,11,1001.56
2026-01-08,12,PREORDER,11,499.28
2026-01-08,12,ADD_TO_CART,36,0.00
2026-01-08,12,VIEW,356,0.00
2026-01-08,12,WISHLIST,73,0.00
2026-01-08,12,PURCHASE,15,1501.29
2026-01-08,14,PREORDER,6,1068.56
2026-01-08,14,ADD_TO_CART,44,0.00
2026-01-08,14,VIEW,310,0.00
2026-01-08,14,WISHLIST,73,0.00
2026-01-08,14,PURCHASE,34,938.57
2026-01-08,16,PREORDER,10,591.67
2026-01-08,16,ADD_TO_CART,37,0.00
2026-01-08,16,VIEW,303,0.00
2026-01-08,16,WISHLIST,92,0.00
2026-01-08,16,PURCHASE,19,1408.90
2026-01-08,18,PREORDER,4,309.84
2026-01-08,18,ADD_TO_CART,54,0.00
2026-01-08,18,VIEW,713,0.00
2026-01-08,18,WISHLIST,78,0.00
2026-01-08,18,PURCHASE,20,1925.42
2026-01-08,20,PREORDER,6,455.42
2026-01-08,20,ADD_TO_CART,47,0.00
2026-01-08,20,VIEW,722,0.00
2026-01-08,20,WISHLIST,82,0.00
2026-01-08,20,PURCHASE,37,2091.30
2026-01-08,22,PREORDER,7,789.52
2026-01-08,22,ADD_TO_CART,36,0.00
2026-01-08,22,VIEW,399,0.00
2026-01-08,22,WISHLIST,42,0.00
2026-01-08,22,PURCHASE,44,2066.10
2026-01-08,24,PREORDER,12,805.39
2026-01-08,24,ADD_TO_CART,47,0.00
2026-01-08,24,VIEW,862,0.00
2026-01-08,24,WISHLIST,149,0.00
2026-01-08,24,PURCHASE,30,1450.89
2026-01-08,26,PREORDER,4,822.18
2026-01-08,26,ADD_TO_CART,26,0.00
2026-01-08,26,VIEW,635,0.00
2026-01-08,26,WISHLIST,55,0.00
2026-01-08,26,PURCHASE,15,896.57
2026-01-08,28,PREORDER,5,701.80
2026-01-08,28,ADD_TO_CART,53,0.00
2026-01-08,28,VIEW,305,0.00
2026-01-08,28,WISHLIST,79,0.00
2026-01-08,28,PURCHASE,17,718.10
2026-01-08,30,PREORDER,11,651.40
2026-01-08,30,ADD_TO_CART,36,0.00
2026-01-08,30,VIEW,531,0.00
2026-01-08,30,WISHLIST,29,0.00
2026-01-08,30,PURCHASE,17,1452.99
2026-01-09,1,PREORDER,11,318.23
2026-01-09,1,ADD_TO_CART,136,0.00
2026-01-09,1,VIEW,815,0.00
2026-01-09,1,WISHLIST,313,0.00
2026-01-09,1,PURCHASE,58,1343.81
2026-01-09,3,PREORDER,15,796.05
2026-01-09,3,ADD_TO_CART,67,0.00
2026-01-09,3,VIEW,586,0.00
2026-01-09,3,WISHLIST,68,0.00
2026-01-09,3,PURCHASE,30,1207.33
2026-01-09,5,PREORDER,8,623.40
2026-01-09,5,ADD_TO_CART,69,0.00
2026-01-09,5,VIEW,721,0.00
2026-01-09,5,WISHLIST,95,0.00
2026-01-09,5,PURCHASE,14,1383.70
2026-01-09,7,PREORDER,4,778.32
2026-01-09,7,ADD_TO_CART,46,0.00
2026-01-09,7,VIEW,782,0.00
2026-01-09,7,WISHLIST,67,0.00
2026-01-09,7,PURCHASE,17,894.47
2026-01-09,9,PREORDER,14,1010.70
2026-01-09,9,ADD_TO_CART,50,0.00
2026-01-09,9,VIEW,641,0.00
2026-01-09,9,WISHLIST,45,0.00
2026-01-09,9,PURCHASE,34,1165.33
2026-01-09,11,PREORDER,10,541.28
2026-01-09,11,ADD_TO_CART,33,0.00
2026-01-09,11,VIEW,671,0.00
2026-01-09,11,WISHLIST,55,0.00
2026-01-09,11,PURCHASE,29,2498.64
2026-01-09,13,PREORDER,9,599.14
2026-01-09,13,ADD_TO_CART,23,0.00
2026-01-09,13,VIEW,588,0.00
2026-01-09,13,WISHLIST,61,0.00
2026-01-09,13,PURCHASE,35,1287.12
2026-01-09,15,PREORDER,5,487.15
2026-01-09,15,ADD_TO_CART,44,0.00
2026-01-09,15,VIEW,571,0.00
2026-01-09,15,WISHLIST,53,0.00
2026-01-09,15,PURCHASE,29,2517.54
2026-01-09,17,PREORDER,3,514.22
2026-01-09,17,ADD_TO_CART,41,0.00
2026-01-09,17,VIEW,420,0.00
2026-01-09,17,WISHLIST,34,0.00
2026-01-09,17,PURCHASE,9,1602.07
2026-01-09,19,PREORDER,7,499.28
2026-01-09,19,ADD_TO_CART,24,0.00
2026-01-09,19,VIEW,986,0.00
2026-01-09,19,WISHLIST,154,0.00
2026-01-09,19,PURCHASE,24,2034.61
2026-01-09,21,PREORDER,9,646.74
2026-01-09,21,ADD_TO_CART,55,0.00
2026-01-09,21,VIEW,958,0.00
2026-01-09,21,WISHLIST,115,0.00
2026-01-09,21,PURCHASE,44,2114.40
2026-01-09,23,PREORDER,6,607.54
2026-01-09,23,ADD_TO_CART,60,0.00
2026-01-09,23,VIEW,477,0.00
2026-01-09,23,WISHLIST,153,0.00
2026-01-09,23,PURCHASE,42,1942.22
2026-01-09,25,PREORDER,4,304.24
2026-01-09,25,ADD_TO_CART,38,0.00
2026-01-09,25,VIEW,212,0.00
2026-01-09,25,WISHLIST,110,0.00
2026-01-09,25,PURCHASE,17,2469.25
2026-01-09,27,PREORDER,7,588.87
2026-01-09,27,ADD_TO_CART,41,0.00
2026-01-09,27,VIEW,449,0.00
2026-01-09,27,WISHLIST,35,0.00
2026-01-09,27,PURCHASE,26,787.39
2026-01-09,29,PREORDER,10,381.70
2026-01-09,29,ADD_TO_CART,33,0.00
2026-01-09,29,VIEW,350,0.00
2026-01-09,29,WISHLIST,59,0.00
2026-01-09,29,PURCHASE,23,816.78
2026-01-10,2,PREORDER,31,530.08
2026-01-10,2,ADD_TO_CART,222,0.00
2026-01-10,2,VIEW,1444,0.00
2026-01-10,2,WISHLIST,154,0.00
2026-01-10,2,PURCHASE,152,2150.09
2026-01-10,4,PREORDER,19,1078.83
2026-01-10,4,ADD_TO_CART,94,0.00
2026-01-10,4,VIEW,539,0.00
2026-01-10,4,WISHLIST,142,0.00
2026-01-10,4,PURCHASE,31,2324.37
2026-01-10,6,PREORDER,9,363.03
2026-01-10,6,ADD_TO_CART,27,0.00
2026-01-10,6,VIEW,791,0.00
2026-01-10,6,WISHLIST,150,0.00
2026-01-10,6,PURCHASE,36,888.17
2026-01-10,8,PREORDER,9,1103.09
2026-01-10,8,ADD_TO_CART,90,0.00
2026-01-10,8,VIEW,999,0.00
2026-01-10,8,WISHLIST,183,0.00
2026-01-10,8,PURCHASE,52,1688.16
2026-01-10,10,PREORDER,7,1103.09
2026-01-10,10,ADD_TO_CART,50,0.00
2026-01-10,10,VIEW,225,0.00
2026-01-10,10,WISHLIST,139,0.00
2026-01-10,10,PURCHASE,23,2406.26
2026-01-10,12,PREORDER,7,1032.16
2026-01-10,12,ADD_TO_CART,44,0.00
2026-01-10,12,VIEW,627,0.00
2026-01-10,12,WISHLIST,57,0.00
2026-01-10,12,PURCHASE,28,1919.13
2026-01-10,14,PREORDER,14,408.76
2026-01-10,14,ADD_TO_CART,43,0.00
2026-01-10,14,VIEW,686,0.00
2026-01-10,14,WISHLIST,85,0.00
2026-01-10,14,PURCHASE,42,2286.57
2026-01-10,16,PREORDER,13,692.46
2026-01-10,16,ADD_TO_CART,32,0.00
2026-01-10,16,VIEW,428,0.00
2026-01-10,16,WISHLIST,98,0.00
2026-01-10,16,PURCHASE,36,2423.05
2026-01-10,18,PREORDER,11,1052.69
2026-01-10,18,ADD_TO_CART,68,0.00
2026-01-10,18,VIEW,468,0.00
2026-01-10,18,WISHLIST,38,0.00
2026-01-10,18,PURCHASE,14,1201.03
2026-01-10,20,PREORDER,19,535.68
2026-01-10,20,ADD_TO_CART,96,0.00
2026-01-10,20,VIEW,1001,0.00
2026-01-10,20,WISHLIST,123,0.00
2026-01-10,20,PURCHASE,17,1791.04
2026-01-10,22,PREORDER,19,711.13
2026-01-10,22,ADD_TO_CART,86,0.00
2026-01-10,22,VIEW,1129,0.00
2026-01-10,22,WISHLIST,110,0.00
2026-01-10,22,PURCHASE,50,783.19
2026-01-10,24,PREORDER,11,304.24
2026-01-10,24,ADD_TO_CART,32,0.00
2026-01-10,24,VIEW,918,0.00
2026-01-10,24,WISHLIST,77,0.00
2026-01-10,24,PURCHASE,38,1914.93
2026-01-10,26,PREORDER,6,574.88
2026-01-10,26,ADD_TO_CART,28,0.00
2026-01-10,26,VIEW,774,0.00
2026-01-10,26,WISHLIST,118,0.00
2026-01-10,26,PURCHASE,20,1860.33
2026-01-10,28,PREORDER,13,479.69
2026-01-10,28,ADD_TO_CART,26,0.00
2026-01-10,28,VIEW,593,0.00
2026-01-10,28,WISHLIST,72,0.00
2026-01-10,28,PURCHASE,36,2080.80
2026-01-10,30,PREORDER,6,507.68
2026-01-10,30,ADD_TO_CART,55,0.00
2026-01-10,30,VIEW,773,0.00
2026-01-10,30,WISHLIST,93,0.00
2026-01-10,30,PURCHASE,23,1547.48
2026-01-11,1,PREORDER,11,585.14
2026-01-11,1,ADD_TO_CART,170,0.00
2026-01-11,1,VIEW,1420,0.00
2026-01-11,1,WISHLIST,245,0.00
2026-01-11,1,PURCHASE,71,978.46
2026-01-11,3,PREORDER,19,911.78
2026-01-11,3,ADD_TO_CART,27,0.00
2026-01-11,3,VIEW,1033,0.00
2026-01-11,3,WISHLIST,178,0.00
2026-01-11,3,PURCHASE,36,1140.14
2026-01-11,5,PREORDER,7,590.74
2026-01-11,5,ADD_TO_CART,84,0.00
2026-01-11,5,VIEW,846,0.00
2026-01-11,5,WISHLIST,92,0.00
2026-01-11,5,PURCHASE,60,1581.07
2026-01-11,7,PREORDER,13,832.45
2026-01-11,7,ADD_TO_CART,30,0.00
2026-01-11,7,VIEW,696,0.00
2026-01-11,7,WISHLIST,63,0.00
2026-01-11,7,PURCHASE,29,1222.03
2026-01-11,9,PREORDER,11,767.12
2026-01-11,9,ADD_TO_CART,50,0.00
2026-01-11,9,VIEW,793,0.00
2026-01-11,9,WISHLIST,134,0.00
2026-01-11,9,PURCHASE,27,1719.65
2026-01-11,11,PREORDER,4,681.27
2026-01-11,11,ADD_TO_CART,26,0.00
2026-01-11,11,VIEW,726,0.00
2026-01-11,11,WISHLIST,82,0.00
2026-01-11,11,PURCHASE,35,1471.89
2026-01-11,13,PREORDER,11,308.90
2026-01-11,13,ADD_TO_CART,56,0.00
2026-01-11,13,VIEW,293,0.00
2026-01-11,13,WISHLIST,129,0.00
2026-01-11,13,PURCHASE,36,2147.99
2026-01-11,15,PREORDER,7,378.90
2026-01-11,15,ADD_TO_CART,60,0.00
2026-01-11,15,VIEW,293,0.00
2026-01-11,15,WISHLIST,87,0.00
2026-01-11,15,PURCHASE,44,1694.46
2026-01-11,17,PREORDER,11,637.40
2026-01-11,17,ADD_TO_CART,31,0.00
2026-01-11,17,VIEW,405,0.00
2026-01-11,17,WISHLIST,104,0.00
2026-01-11,17,PURCHASE,16,2408.36
2026-01-11,19,PREORDER,14,830.58
2026-01-11,19,ADD_TO_CART,36,0.00
2026-01-11,19,VIEW,510,0.00
2026-01-11,19,WISHLIST,53,0.00
2026-01-11,19,PURCHASE,50,1627.27
2026-01-11,21,PREORDER,10,634.60
2026-01-11,21,ADD_TO_CART,72,0.00
2026-01-11,21,VIEW,943,0.00
2026-01-11,21,WISHLIST,75,0.00
2026-01-11,21,PURCHASE,38,1366.90
2026-01-11,23,PREORDER,16,281.84
2026-01-11,23,ADD_TO_CART,57,0.00
2026-01-11,23,VIEW,1238,0.00
2026-01-11,23,WISHLIST,195,0.00
2026-01-11,23,PURCHASE,44,2362.16
2026-01-11,25,PREORDER,9,638.34
2026-01-11,25,ADD_TO_CART,65,0.00
2026-01-11,25,VIEW,709,0.00
2026-01-11,25,WISHLIST,82,0.00
2026-01-11,25,PURCHASE,35,653.01
2026-01-11,27,PREORDER,13,291.17
2026-01-11,27,ADD_TO_CART,57,0.00
2026-01-11,27,VIEW,733,0.00
2026-01-11,27,WISHLIST,102,0.00
2026-01-11,27,PURCHASE,37,1854.04
2026-01-11,29,PREORDER,11,830.58
2026-01-11,29,ADD_TO_CART,67,0.00
2026-01-11,29,VIEW,308,0.00
2026-01-11,29,WISHLIST,69,0.00
2026-01-11,29,PURCHASE,42,1662.96
2026-01-12,2,PREORDER,11,969.64
2026-01-12,2,ADD_TO_CART,137,0.00
2026-01-12,2,VIEW,2247,0.00
2026-01-12,2,WISHLIST,317,0.00
2026-01-12,2,PURCHASE,42,867.18
2026-01-12,4,PREORDER,8,728.86
2026-01-12,4,ADD_TO_CART,22,0.00
2026-01-12,4,VIEW,714,0.00
2026-01-12,4,WISHLIST,147,0.00
2026-01-12,4,PURCHASE,23,934.37
2026-01-12,6,PREORDER,11,323.83
2026-01-12,6,ADD_TO_CART,24,0.00
2026-01-12,6,VIEW,832,0.00
2026-01-12,6,WISHLIST,152,0.00
2026-01-12,6,PURCHASE,42,1444.59
2026-01-12,8,PREORDER,8,548.75
2026-01-12,8,ADD_TO_CART,24,0.00
2026-01-12,8,VIEW,619,0.00
2026-01-12,8,WISHLIST,119,0.00
2026-01-12,8,PURCHASE,42,2171.09
2026-01-12,10,PREORDER,3,777.39
2026-01-12,10,ADD_TO_CART,38,0.00
2026-01-12,10,VIEW,531,0.00
2026-01-12,10,WISHLIST,46,0.00
2026-01-12,10,PURCHASE,17,741.19
2026-01-12,12,PREORDER,6,1094.69
2026-01-12,12,ADD_TO_CART,43,0.00
2026-01-12,12,VIEW,564,0.00
2026-01-12,12,WISHLIST,39,0.00
2026-01-12,12,PURCHASE,31,2273.98
2026-01-12,14,PREORDER,5,855.78
2026-01-12,14,ADD_TO_CART,33,0.00
2026-01-12,14,VIEW,569,0.00
2026-01-12,14,WISHLIST,100,0.00
2026-01-12,14,PURCHASE,14,1791.04
2026-01-12,16,PREORDER,8,978.04
2026-01-12,16,ADD_TO_CART,55,0.00
2026-01-12,16,VIEW,284,0.00
2026-01-12,16,WISHLIST,89,0.00
2026-01-12,16,PURCHASE,27,1946.42
2026-01-12,18,PREORDER,9,379.83
2026-01-12,18,ADD_TO_CART,49,0.00
2026-01-12,18,VIEW,400,0.00
2026-01-12,18,WISHLIST,88,0.00
2026-01-12,18,PURCHASE,23,1774.25
2026-01-12,20,PREORDER,11,556.21
2026-01-12,20,ADD_TO_CART,52,0.00
2026-01-12,20,VIEW,654,0.00
2026-01-12,20,WISHLIST,112,0.00
2026-01-12,20,PURCHASE,20,1574.78
2026-01-12,22,PREORDER,11,702.73
2026-01-12,22,ADD_TO_CART,73,0.00
2026-01-12,22,VIEW,846,0.00
2026-01-12,22,WISHLIST,79,0.00
2026-01-12,22,PURCHASE,26,1398.40
2026-01-12,24,PREORDER,15,938.84
2026-01-12,24,ADD_TO_CART,41,0.00
2026-01-12,24,VIEW,883,0.00
2026-01-12,24,WISHLIST,63,0.00
2026-01-12,24,PURCHASE,47,2326.47
2026-01-12,26,PREORDER,7,879.11
2026-01-12,26,ADD_TO_CART,48,0.00
2026-01-12,26,VIEW,632,0.00
2026-01-12,26,WISHLIST,57,0.00
2026-01-12,26,PURCHASE,21,1432.00
2026-01-12,28,PREORDER,3,681.27
2026-01-12,28,ADD_TO_CART,51,0.00
2026-01-12,28,VIEW,215,0.00
2026-01-12,28,WISHLIST,60,0.00
2026-01-12,28,PURCHASE,16,1354.31
2026-01-12,30,PREORDER,6,680.33
2026-01-12,30,ADD_TO_CART,50,0.00
2026-01-12,30,VIEW,602,0.00
2026-01-12,30,WISHLIST,87,0.00
2026-01-12,30,PURCHASE,24,1587.37
2026-01-13,1,PREORDER,27,785.79
2026-01-13,1,ADD_TO_CART,54,0.00
2026-01-13,1,VIEW,1277,0.00
2026-01-13,1,WISHLIST,143,0.00
2026-01-13,1,PURCHASE,67,1018.35
2026-01-13,3,PREORDER,9,888.44
2026-01-13,3,ADD_TO_CART,63,0.00
2026-01-13,3,VIEW,765,0.00
2026-01-13,3,WISHLIST,45,0.00
2026-01-13,3,PURCHASE,15,2292.87
2026-01-13,5,PREORDER,8,431.16
2026-01-13,5,ADD_TO_CART,39,0.00
2026-01-13,5,VIEW,858,0.00
2026-01-13,5,WISHLIST,63,0.00
2026-01-13,5,PURCHASE,28,2444.05
2026-01-13,7,PREORDER,10,536.61
2026-01-13,7,ADD_TO_CART,77,0.00
2026-01-13,7,VIEW,985,0.00
2026-01-13,7,WISHLIST,141,0.00
2026-01-13,7,PURCHASE,20,1299.71
2026-01-13,9,PREORDER,15,645.80
2026-01-13,9,ADD_TO_CART,44,0.00
2026-01-13,9,VIEW,860,0.00
2026-01-13,9,WISHLIST,143,0.00
2026-01-13,9,PURCHASE,42,2013.61
2026-01-13,11,PREORDER,6,1052.69
2026-01-13,11,ADD_TO_CART,18,0.00
2026-01-13,11,VIEW,465,0.00
2026-01-13,11,WISHLIST,82,0.00
2026-01-13,11,PURCHASE,33,2059.81
2026-01-13,13,PREORDER,3,402.23
2026-01-13,13,ADD_TO_CART,49,0.00
2026-01-13,13,VIEW,686,0.00
2026-01-13,13,WISHLIST,60,0.00
2026-01-13,13,PURCHASE,11,1436.19
2026-01-13,15,PREORDER,10,293.04
2026-01-13,15,ADD_TO_CART,44,0.00
2026-01-13,15,VIEW,404,0.00
2026-01-13,15,WISHLIST,52,0.00
2026-01-13,15,PURCHASE,34,2003.11
2026-01-13,17,PREORDER,6,542.21
2026-01-13,17,ADD_TO_CART,18,0.00
2026-01-13,17,VIEW,466,0.00
2026-01-13,17,WISHLIST,41,0.00
2026-01-13,17,PURCHASE,23,2479.75
2026-01-13,19,PREORDER,7,854.85
2026-01-13,19,ADD_TO_CART,66,0.00
2026-01-13,19,VIEW,360,0.00
2026-01-13,19,WISHLIST,136,0.00
2026-01-13,19,PURCHASE,33,848.28
2026-01-13,21,PREORDER,10,1019.10
2026-01-13,21,ADD_TO_CART,61,0.00
2026-01-13,21,VIEW,983,0.00
2026-01-13,21,WISHLIST,117,0.00
2026-01-13,21,PURCHASE,47,1285.02
2026-01-13,23,PREORDER,7,635.54
2026-01-13,23,ADD_TO_CART,41,0.00
2026-01-13,23,VIEW,572,0.00
2026-01-13,23,WISHLIST,125,0.00
2026-01-13,23,PURCHASE,22,904.97
2026-01-13,25,PREORDER,9,749.39
2026-01-13,25,ADD_TO_CART,34,0.00
2026-01-13,25,VIEW,508,0.00
2026-01-13,25,WISHLIST,88,0.00
2026-01-13,25,PURCHASE,30,1698.66
2026-01-13,27,PREORDER,7,654.20
2026-01-13,27,ADD_TO_CART,39,0.00
2026-01-13,27,VIEW,647,0.00
2026-01-13,27,WISHLIST,67,0.00
2026-01-13,27,PURCHASE,14,1184.23
2026-01-13,29,PREORDER,5,804.45
2026-01-13,29,ADD_TO_CART,28,0.00
2026-01-13,29,VIEW,380,0.00
2026-01-13,29,WISHLIST,45,0.00
2026-01-13,29,PURCHASE,10,2129.10
2026-01-14,2,PREORDER,39,742.86
2026-01-14,2,ADD_TO_CART,120,0.00
2026-01-14,2,VIEW,1997,0.00
2026-01-14,2,WISHLIST,228,0.00
2026-01-14,2,PURCHASE,77,1083.45
2026-01-14,4,PREORDER,4,292.10
2026-01-14,4,ADD_TO_CART,34,0.00
2026-01-14,4,VIEW,793,0.00
2026-01-14,4,WISHLIST,134,0.00
2026-01-14,4,PURCHASE,21,2467.15
2026-01-14,6,PREORDER,7,1036.83
2026-01-14,6,ADD_TO_CART,73,0.00
2026-01-14,6,VIEW,301,0.00
2026-01-14,6,WISHLIST,145,0.00
2026-01-14,6,PURCHASE,27,1975.82
2026-01-14,8,PREORDER,14,329.43
2026-01-14,8,ADD_TO_CART,48,0.00
2026-01-14,8,VIEW,639,0.00
2026-01-14,8,WISHLIST,113,0.00
2026-01-14,8,PURCHASE,20,2175.29
2026-01-14,10,PREORDER,10,410.63
2026-01-14,10,ADD_TO_CART,43,0.00
2026-01-14,10,VIEW,515,0.00
2026-01-14,10,WISHLIST,110,0.00
2026-01-14,10,PURCHASE,30,1442.49
2026-01-14,12,PREORDER,8,321.97
2026-01-14,12,ADD_TO_CART,37,0.00
2026-01-14,12,VIEW,602,0.00
2026-01-14,12,WISHLIST,29,0.00
2026-01-14,12,PURCHASE,29,852.48
2026-01-14,14,PREORDER,4,1053.63
2026-01-14,14,ADD_TO_CART,33,0.00
2026-01-14,14,VIEW,277,0.00
2026-01-14,14,WISHLIST,31,0.00
2026-01-14,14,PURCHASE,35,1635.67
2026-01-14,16,PREORDER,7,987.37
2026-01-14,16,ADD_TO_CART,49,0.00
2026-01-14,16,VIEW,287,0.00
2026-01-14,16,WISHLIST,79,0.00
2026-01-14,16,PURCHASE,34,2395.76
2026-01-14,18,PREORDER,5,964.97
2026-01-14,18,ADD_TO_CART,17,0.00
2026-01-14,18,VIEW,524,0.00
2026-01-14,18,WISHLIST,32,0.00
2026-01-14,18,PURCHASE,26,2135.39
2026-01-14,20,PREORDER,12,972.44
2026-01-14,20,ADD_TO_CART,50,0.00
2026-01-14,20,VIEW,266,0.00
2026-01-14,20,WISHLIST,82,0.00
2026-01-14,20,PURCHASE,35,1982.12
2026-01-14,22,PREORDER,11,675.67
2026-01-14,22,ADD_TO_CART,21,0.00
2026-01-14,22,VIEW,832,0.00
2026-01-14,22,WISHLIST,56,0.00
2026-01-14,22,PURCHASE,15,1906.53
2026-01-14,24,PREORDER,13,469.42
2026-01-14,24,ADD_TO_CART,20,0.00
2026-01-14,24,VIEW,514,0.00
2026-01-14,24,WISHLIST,78,0.00
2026-01-14,24,PURCHASE,48,1306.01
2026-01-14,26,PREORDER,11,687.80
2026-01-14,26,ADD_TO_CART,35,0.00
2026-01-14,26,VIEW,515,0.00
2026-01-14,26,WISHLIST,41,0.00
2026-01-14,26,PURCHASE,11,1148.54
2026-01-14,28,PREORDER,8,364.90
2026-01-14,28,ADD_TO_CART,35,0.00
2026-01-14,28,VIEW,389,0.00
2026-01-14,28,WISHLIST,66,0.00
2026-01-14,28,PURCHASE,25,1406.80
2026-01-14,30,PREORDER,5,1003.23
2026-01-14,30,ADD_TO_CART,29,0.00
2026-01-14,30,VIEW,314,0.00
2026-01-14,30,WISHLIST,38,0.00
2026-01-14,30,PURCHASE,34,1444.59
2026-01-15,1,PREORDER,20,539.41
2026-01-15,1,ADD_TO_CART,103,0.00
2026-01-15,1,VIEW,946,0.00
2026-01-15,1,WISHLIST,139,0.00
2026-01-15,1,PURCHASE,99,1570.58
2026-01-15,3,PREORDER,14,1028.43
2026-01-15,3,ADD_TO_CART,54,0.00
2026-01-15,3,VIEW,588,0.00
2026-01-15,3,WISHLIST,97,0.00
2026-01-15,3,PURCHASE,28,2007.31
2026-01-15,5,PREORDER,15,1048.96
2026-01-15,5,ADD_TO_CART,56,0.00
2026-01-15,5,VIEW,1005,0.00
2026-01-15,5,WISHLIST,151,0.00
2026-01-15,5,PURCHASE,23,1385.80
2026-01-15,7,PREORDER,8,720.46
2026-01-15,7,ADD_TO_CART,54,0.00
2026-01-15,7,VIEW,424,0.00
2026-01-15,7,WISHLIST,103,0.00
2026-01-15,7,PURCHASE,40,1746.95
2026-01-15,9,PREORDER,14,854.85
2026-01-15,9,ADD_TO_CART,74,0.00
2026-01-15,9,VIEW,393,0.00
2026-01-15,9,WISHLIST,100,0.00
2026-01-15,9,PURCHASE,49,1494.99
2026-01-15,11,PREORDER,7,1058.29
2026-01-15,11,ADD_TO_CART,49,0.00
2026-01-15,11,VIEW,253,0.00
2026-01-15,11,WISHLIST,99,0.00
2026-01-15,11,PURCHASE,33,1992.62
2026-01-15,13,PREORDER,8,289.30
2026-01-15,13,ADD_TO_CART,19,0.00
2026-01-15,13,VIEW,264,0.00
2026-01-15,13,WISHLIST,38,0.00
2026-01-15,13,PURCHASE,35,795.79
2026-01-15,15,PREORDER,10,716.73
2026-01-15,15,ADD_TO_CART,28,0.00
2026-01-15,15,VIEW,481,0.00
2026-01-15,15,WISHLIST,81,0.00
2026-01-15,15,PURCHASE,23,2255.08
2026-01-15,17,PREORDER,9,298.64
2026-01-15,17,ADD_TO_CART,23,0.00
2026-01-15,17,VIEW,217,0.00
2026-01-15,17,WISHLIST,109,0.00
2026-01-15,17,PURCHASE,26,1075.05
2026-01-15,19,PREORDER,14,826.85
2026-01-15,19,ADD_TO_CART,63,0.00
2026-01-15,19,VIEW,1006,0.00
2026-01-15,19,WISHLIST,148,0.00
2026-01-15,19,PURCHASE,20,1780.55
2026-01-15,21,PREORDER,14,631.80
2026-01-15,21,ADD_TO_CART,24,0.00
2026-01-15,21,VIEW,961,0.00
2026-01-15,21,WISHLIST,79,0.00
2026-01-15,21,PURCHASE,30,886.07
2026-01-15,23,PREORDER,11,966.84
2026-01-15,23,ADD_TO_CART,24,0.00
2026-01-15,23,VIEW,717,0.00
2026-01-15,23,WISHLIST,72,0.00
2026-01-15,23,PURCHASE,34,2269.78
2026-01-15,25,PREORDER,3,292.10
2026-01-15,25,ADD_TO_CART,34,0.00
2026-01-15,25,VIEW,350,0.00
2026-01-15,25,WISHLIST,45,0.00
2026-01-15,25,PURCHASE,23,1753.25
2026-01-15,27,PREORDER,6,914.58
2026-01-15,27,ADD_TO_CART,38,0.00
2026-01-15,27,VIEW,277,0.00
2026-01-15,27,WISHLIST,62,0.00
2026-01-15,27,PURCHASE,23,1285.02
2026-01-15,29,PREORDER,9,539.41
2026-01-15,29,ADD_TO_CART,46,0.00
2026-01-15,29,VIEW,329,0.00
2026-01-15,29,WISHLIST,110,0.00
2026-01-15,29,PURCHASE,11,1421.50
2026-01-16,2,PREORDER,20,316.37
2026-01-16,2,ADD_TO_CART,152,0.00
2026-01-16,2,VIEW,1218,0.00
2026-01-16,2,WISHLIST,162,0.00
2026-01-16,2,PURCHASE,74,1102.34
2026-01-16,4,PREORDER,6,857.65
2026-01-16,4,ADD_TO_CART,66,0.00
2026-01-16,4,VIEW,751,0.00
2026-01-16,4,WISHLIST,54,0.00
2026-01-16,4,PURCHASE,41,1177.93
2026-01-16,6,PREORDER,10,972.44
2026-01-16,6,ADD_TO_CART,69,0.00
2026-01-16,6,VIEW,557,0.00
2026-01-16,6,WISHLIST,111,0.00
2026-01-16,6,PURCHASE,24,970.06
2026-01-16,8,PREORDER,13,775.52
2026-01-16,8,ADD_TO_CART,26,0.00
2026-01-16,8,VIEW,977,0.00
2026-01-16,8,WISHLIST,68,0.00
2026-01-16,8,PURCHASE,47,1931.72
2026-01-16,10,PREORDER,5,610.34
2026-01-16,10,ADD_TO_CART,36,0.00
2026-01-16,10,VIEW,561,0.00
2026-01-16,10,WISHLIST,94,0.00
2026-01-16,10,PURCHASE,20,1564.28
2026-01-16,12,PREORDER,3,768.06
2026-01-16,12,ADD_TO_CART,30,0.00
2026-01-16,12,VIEW,530,0.00
2026-01-16,12,WISHLIST,94,0.00
2026-01-16,12,PURCHASE,18,1028.85
2026-01-16,14,PREORDER,9,695.26
2026-01-16,14,ADD_TO_CART,55,0.00
2026-01-16,14,VIEW,264,0.00
2026-01-16,14,WISHLIST,74,0.00
2026-01-16,14,PURCHASE,33,1219.93
2026-01-16,16,PREORDER,8,643.00
2026-01-16,16,ADD_TO_CART,34,0.00
2026-01-16,16,VIEW,368,0.00
2026-01-16,16,WISHLIST,37,0.00
2026-01-16,16,PURCHASE,22,795.79
2026-01-16,18,PREORDER,3,451.69
2026-01-16,18,ADD_TO_CART,25,0.00
2026-01-16,18,VIEW,356,0.00
2026-01-16,18,WISHLIST,92,0.00
2026-01-16,18,PURCHASE,20,1261.92
2026-01-16,20,PREORDER,8,449.82
2026-01-16,20,ADD_TO_CART,42,0.00
2026-01-16,20,VIEW,846,0.00
2026-01-16,20,WISHLIST,140,0.00
2026-01-16,20,PURCHASE,17,955.36
2026-01-16,22,PREORDER,15,820.32
2026-01-16,22,ADD_TO_CART,40,0.00
2026-01-16,22,VIEW,881,0.00
2026-01-16,22,WISHLIST,129,0.00
2026-01-16,22,PURCHASE,37,657.21
2026-01-16,24,PREORDER,7,439.56
2026-01-16,24,ADD_TO_CART,57,0.00
2026-01-16,24,VIEW,408,0.00
2026-01-16,24,WISHLIST,81,0.00
2026-01-16,24,PURCHASE,40,2288.67
2026-01-16,26,PREORDER,10,852.05
2026-01-16,26,ADD_TO_CART,47,0.00
2026-01-16,26,VIEW,664,0.00
2026-01-16,26,WISHLIST,89,0.00
2026-01-16,26,PURCHASE,24,2460.85
2026-01-16,28,PREORDER,9,424.62
2026-01-16,28,ADD_TO_CART,40,0.00
2026-01-16,28,VIEW,343,0.00
2026-01-16,28,WISHLIST,48,0.00
2026-01-16,28,PURCHASE,26,789.49
2026-01-16,30,PREORDER,4,710.20
2026-01-16,30,ADD_TO_CART,49,0.00
2026-01-16,30,VIEW,225,0.00
2026-01-16,30,WISHLIST,38,0.00
2026-01-16,30,PURCHASE,11,1900.23
2026-01-17,1,PREORDER,30,464.75
2026-01-17,1,ADD_TO_CART,179,0.00
2026-01-17,1,VIEW,1651,0.00
2026-01-17,1,WISHLIST,381,0.00
2026-01-17,1,PURCHASE,64,1902.33
2026-01-17,3,PREORDER,9,997.63
2026-01-17,3,ADD_TO_CART,44,0.00
2026-01-17,3,VIEW,1152,0.00
2026-01-17,3,WISHLIST,87,0.00
2026-01-17,3,PURCHASE,31,2162.69
2026-01-17,5,PREORDER,7,370.50
2026-01-17,5,ADD_TO_CART,57,0.00
2026-01-17,5,VIEW,441,0.00
2026-01-17,5,WISHLIST,55,0.00
2026-01-17,5,PURCHASE,16,883.97
2026-01-17,7,PREORDER,19,520.75
2026-01-17,7,ADD_TO_CART,38,0.00
2026-01-17,7,VIEW,1223,0.00
2026-01-17,7,WISHLIST,135,0.00
2026-01-17,7,PURCHASE,34,2450.35
2026-01-17,9,PREORDER,14,391.96
2026-01-17,9,ADD_TO_CART,30,0.00
2026-01-17,9,VIEW,1064,0.00
2026-01-17,9,WISHLIST,116,0.00
2026-01-17,9,PURCHASE,44,772.69
2026-01-17,11,PREORDER,6,727.93
2026-01-17,11,ADD_TO_CART,37,0.00
2026-01-17,11,VIEW,477,0.00
2026-01-17,11,WISHLIST,56,0.00
2026-01-17,11,PURCHASE,23,2444.05
2026-01-17,13,PREORDER,5,1119.89
2026-01-17,13,ADD_TO_CART,20,0.00
2026-01-17,13,VIEW,581,0.00
2026-01-17,13,WISHLIST,65,0.00
2026-01-17,13,PURCHASE,35,1156.93
2026-01-17,15,PREORDER,6,354.63
2026-01-17,15,ADD_TO_CART,35,0.00
2026-01-17,15,VIEW,454,0.00
2026-01-17,15,WISHLIST,98,0.00
2026-01-17,15,PURCHASE,18,1711.26
2026-01-17,17,PREORDER,10,434.89
2026-01-17,17,ADD_TO_CART,50,0.00
2026-01-17,17,VIEW,785,0.00
2026-01-17,17,WISHLIST,69,0.00
2026-01-17,17,PURCHASE,15,1146.44
2026-01-17,19,PREORDER,17,537.55
2026-01-17,19,ADD_TO_CART,38,0.00
2026-01-17,19,VIEW,460,0.00
2026-01-17,19,WISHLIST,137,0.00
2026-01-17,19,PURCHASE,18,823.08
2026-01-17,21,PREORDER,10,289.30
2026-01-17,21,ADD_TO_CART,53,0.00
2026-01-17,21,VIEW,666,0.00
2026-01-17,21,WISHLIST,165,0.00
2026-01-17,21,PURCHASE,60,1952.72
2026-01-17,23,PREORDER,7,894.04
2026-01-17,23,ADD_TO_CART,92,0.00
2026-01-17,23,VIEW,549,0.00
2026-01-17,23,WISHLIST,82,0.00
2026-01-17,23,PURCHASE,27,2210.98
2026-01-17,25,PREORDER,11,1087.22
2026-01-17,25,ADD_TO_CART,22,0.00
2026-01-17,25,VIEW,271,0.00
2026-01-17,25,WISHLIST,90,0.00
2026-01-17,25,PURCHASE,41,2345.36
2026-01-17,27,PREORDER,10,520.75
2026-01-17,27,ADD_TO_CART,22,0.00
2026-01-17,27,VIEW,638,0.00
2026-01-17,27,WISHLIST,121,0.00
2026-01-17,27,PURCHASE,29,636.21
2026-01-17,29,PREORDER,10,914.58
2026-01-17,29,ADD_TO_CART,29,0.00
2026-01-17,29,VIEW,372,0.00
2026-01-17,29,WISHLIST,121,0.00
2026-01-17,29,PURCHASE,34,888.17
2026-01-18,2,PREORDER,38,694.33
2026-01-18,2,ADD_TO_CART,241,0.00
2026-01-18,2,VIEW,2769,0.00
2026-01-18,2,WISHLIST,463,0.00
2026-01-18,2,PURCHASE,112,2429.35
2026-01-18,4,PREORDER,14,574.88
2026-01-18,4,ADD_TO_CART,61,0.00
2026-01-18,4,VIEW,657,0.00
2026-01-18,4,WISHLIST,154,0.00
2026-01-18,4,PURCHASE,24,772.69
2026-01-18,6,PREORDER,11,809.12
2026-01-18,6,ADD_TO_CART,87,0.00
2026-01-18,6,VIEW,1141,0.00
2026-01-18,6,WISHLIST,94,0.00
2026-01-18,6,PURCHASE,16,1700.76
2026-01-18,8,PREORDER,12,850.18
2026-01-18,8,ADD_TO_CART,26,0.00
2026-01-18,8,VIEW,343,0.00
2026-01-18,8,WISHLIST,87,0.00
2026-01-18,8,PURCHASE,35,2198.39
2026-01-18,10,PREORDER,11,383.56
2026-01-18,10,ADD_TO_CART,57,0.00
2026-01-18,10,VIEW,269,0.00
2026-01-18,10,WISHLIST,92,0.00
2026-01-18,10,PURCHASE,32,2341.17
2026-01-18,12,PREORDER,11,784.85
2026-01-18,12,ADD_TO_CART,38,0.00
2026-01-18,12,VIEW,751,0.00
2026-01-18,12,WISHLIST,46,0.00
2026-01-18,12,PURCHASE,35,1599.97
2026-01-18,14,PREORDER,13,909.91
2026-01-18,14,ADD_TO_CART,51,0.00
2026-01-18,14,VIEW,628,0.00
2026-01-18,14,WISHLIST,83,0.00
2026-01-18,14,PURCHASE,17,2471.35
2026-01-18,16,PREORDER,7,297.70
2026-01-18,16,ADD_TO_CART,19,0.00
2026-01-18,16,VIEW,374,0.00
2026-01-18,16,WISHLIST,56,0.00
2026-01-18,16,PURCHASE,14,1184.23
2026-01-18,18,PREORDER,5,1020.96
2026-01-18,18,ADD_TO_CART,26,0.00
2026-01-18,18,VIEW,711,0.00
2026-01-18,18,WISHLIST,112,0.00
2026-01-18,18,PURCHASE,18,2114.40
2026-01-18,20,PREORDER,10,754.06
2026-01-18,20,ADD_TO_CART,40,0.00
2026-01-18,20,VIEW,455,0.00
2026-01-18,20,WISHLIST,78,0.00
2026-01-18,20,PURCHASE,26,1350.11
2026-01-18,22,PREORDER,9,977.10
2026-01-18,22,ADD_TO_CART,35,0.00
2026-01-18,22,VIEW,893,0.00
2026-01-18,22,WISHLIST,117,0.00
2026-01-18,22,PURCHASE,57,1238.82
2026-01-18,24,PREORDER,6,310.77
2026-01-18,24,ADD_TO_CART,77,0.00
2026-01-18,24,VIEW,750,0.00
2026-01-18,24,WISHLIST,79,0.00
2026-01-18,24,PURCHASE,25,1287.12
2026-01-18,26,PREORDER,13,611.27
2026-01-18,26,ADD_TO_CART,38,0.00
2026-01-18,26,VIEW,452,0.00
2026-01-18,26,WISHLIST,100,0.00
2026-01-18,26,PURCHASE,23,1681.86
2026-01-18,28,PREORDER,4,1048.03
2026-01-18,28,ADD_TO_CART,20,0.00
2026-01-18,28,VIEW,457,0.00
2026-01-18,28,WISHLIST,110,0.00
2026-01-18,28,PURCHASE,12,1366.90
2026-01-18,30,PREORDER,11,1077.89
2026-01-18,30,ADD_TO_CART,66,0.00
2026-01-18,30,VIEW,521,0.00
2026-01-18,30,WISHLIST,68,0.00
2026-01-18,30,PURCHASE,35,2114.40
2026-01-19,1,PREORDER,27,644.87
2026-01-19,1,ADD_TO_CART,141,0.00
2026-01-19,1,VIEW,870,0.00
2026-01-19,1,WISHLIST,301,0.00
2026-01-19,1,PURCHASE,66,2465.05
2026-01-19,3,PREORDER,5,668.20
2026-01-19,3,ADD_TO_CART,76,0.00
2026-01-19,3,VIEW,961,0.00
2026-01-19,3,WISHLIST,113,0.00
2026-01-19,3,PURCHASE,34,1602.07
2026-01-19,5,PREORDER,9,711.13
2026-01-19,5,ADD_TO_CART,46,0.00
2026-01-19,5,VIEW,253,0.00
2026-01-19,5,WISHLIST,117,0.00
2026-01-19,5,PURCHASE,46,877.67
2026-01-19,7,PREORDER,10,500.22
2026-01-19,7,ADD_TO_CART,22,0.00
2026-01-19,7,VIEW,597,0.00
2026-01-19,7,WISHLIST,106,0.00
2026-01-19,7,PURCHASE,31,1665.06
2026-01-19,9,PREORDER,13,594.47
2026-01-19,9,ADD_TO_CART,46,0.00
2026-01-19,9,VIEW,987,0.00
2026-01-19,9,WISHLIST,139,0.00
2026-01-19,9,PURCHASE,28,1299.71
2026-01-19,11,PREORDER,5,837.12
2026-01-19,11,ADD_TO_CART,22,0.00
2026-01-19,11,VIEW,631,0.00
2026-01-19,11,WISHLIST,95,0.00
2026-01-19,11,PURCHASE,14,1986.32
2026-01-19,13,PREORDER,4,1019.10
2026-01-19,13,ADD_TO_CART,22,0.00
2026-01-19,13,VIEW,232,0.00
2026-01-19,13,WISHLIST,51,0.00
2026-01-19,13,PURCHASE,32,839.88
2026-01-19,15,PREORDER,7,872.58
2026-01-19,15,ADD_TO_CART,51,0.00
2026-01-19,15,VIEW,341,0.00
2026-01-19,15,WISHLIST,102,0.00
2026-01-19,15,PURCHASE,10,741.19
2026-01-19,17,PREORDER,5,591.67
2026-01-19,17,ADD_TO_CART,45,0.00
2026-01-19,17,VIEW,422,0.00
2026-01-19,17,WISHLIST,88,0.00
2026-01-19,17,PURCHASE,12,986.86
2026-01-19,19,PREORDER,12,492.75
2026-01-19,19,ADD_TO_CART,25,0.00
2026-01-19,19,VIEW,517,0.00
2026-01-19,19,WISHLIST,145,0.00
2026-01-19,19,PURCHASE,23,629.91
2026-01-19,21,PREORDER,13,935.11
2026-01-19,21,ADD_TO_CART,51,0.00
2026-01-19,21,VIEW,919,0.00
2026-01-19,21,WISHLIST,108,0.00
2026-01-19,21,PURCHASE,40,2311.77
2026-01-19,23,PREORDER,11,1045.23
2026-01-19,23,ADD_TO_CART,44,0.00
2026-01-19,23,VIEW,979,0.00
2026-01-19,23,WISHLIST,145,0.00
2026-01-19,23,PURCHASE,48,2278.17
2026-01-19,25,PREORDER,11,382.63
2026-01-19,25,ADD_TO_CART,36,0.00
2026-01-19,25,VIEW,275,0.00
2026-01-19,25,WISHLIST,54,0.00
2026-01-19,25,PURCHASE,29,2376.86
2026-01-19,27,PREORDER,5,488.08
2026-01-19,27,ADD_TO_CART,40,0.00
2026-01-19,27,VIEW,633,0.00
2026-01-19,27,WISHLIST,73,0.00
2026-01-19,27,PURCHASE,31,904.97
2026-01-19,29,PREORDER,3,726.06
2026-01-19,29,ADD_TO_CART,22,0.00
2026-01-19,29,VIEW,195,0.00
2026-01-19,29,WISHLIST,60,0.00
2026-01-19,29,PURCHASE,26,1352.21
2026-01-20,2,PREORDER,28,696.20
2026-01-20,2,ADD_TO_CART,57,0.00
2026-01-20,2,VIEW,1191,0.00
2026-01-20,2,WISHLIST,176,0.00
2026-01-20,2,PURCHASE,39,1839.34
2026-01-20,4,PREORDER,10,732.59
2026-01-20,4,ADD_TO_CART,41,0.00
2026-01-20,4,VIEW,977,0.00
2026-01-20,4,WISHLIST,83,0.00
2026-01-20,4,PURCHASE,18,1243.02
2026-01-20,6,PREORDER,6,652.33
2026-01-20,6,ADD_TO_CART,77,0.00
2026-01-20,6,VIEW,552,0.00
2026-01-20,6,WISHLIST,65,0.00
2026-01-20,6,PURCHASE,27,2378.96
2026-01-20,8,PREORDER,14,423.69
2026-01-20,8,ADD_TO_CART,29,0.00
2026-01-20,8,VIEW,398,0.00
2026-01-20,8,WISHLIST,75,0.00
2026-01-20,8,PURCHASE,24,1721.75
2026-01-20,10,PREORDER,4,654.20
2026-01-20,10,ADD_TO_CART,46,0.00
2026-01-20,10,VIEW,283,0.00
2026-01-20,10,WISHLIST,37,0.00
2026-01-20,10,PURCHASE,33,1870.83
2026-01-20,12,PREORDER,3,441.42
2026-01-20,12,ADD_TO_CART,35,0.00
2026-01-20,12,VIEW,256,0.00
2026-01-20,12,WISHLIST,42,0.00
2026-01-20,12,PURCHASE,31,852.48
2026-01-20,14,PREORDER,11,754.06
2026-01-20,14,ADD_TO_CART,51,0.00
2026-01-20,14,VIEW,622,0.00
2026-01-20,14,WISHLIST,79,0.00
2026-01-20,14,PURCHASE,15,1534.88
2026-01-20,16,PREORDER,7,900.58
2026-01-20,16,ADD_TO_CART,30,0.00
2026-01-20,16,VIEW,469,0.00
2026-01-20,16,WISHLIST,83,0.00
2026-01-20,16,PURCHASE,22,2072.40
2026-01-20,18,PREORDER,7,1109.62
2026-01-20,18,ADD_TO_CART,33,0.00
2026-01-20,18,VIEW,228,0.00
2026-01-20,18,WISHLIST,83,0.00
2026-01-20,18,PURCHASE,36,1459.29
2026-01-20,20,PREORDER,9,475.95
2026-01-20,20,ADD_TO_CART,64,0.00
2026-01-20,20,VIEW,900,0.00
2026-01-20,20,WISHLIST,81,0.00
2026-01-20,20,PURCHASE,30,1990.52
2026-01-20,22,PREORDER,7,939.77
2026-01-20,22,ADD_TO_CART,40,0.00
2026-01-20,22,VIEW,754,0.00
2026-01-20,22,WISHLIST,60,0.00
2026-01-20,22,PURCHASE,17,1809.94
2026-01-20,24,PREORDER,4,317.30
2026-01-20,24,ADD_TO_CART,59,0.00
2026-01-20,24,VIEW,741,0.00
2026-01-20,24,WISHLIST,118,0.00
2026-01-20,24,PURCHASE,45,986.86
2026-01-20,26,PREORDER,6,840.85
2026-01-20,26,ADD_TO_CART,42,0.00
2026-01-20,26,VIEW,644,0.00
2026-01-20,26,WISHLIST,100,0.00
2026-01-20,26,PURCHASE,17,2402.06
2026-01-20,28,PREORDER,5,1049.90
2026-01-20,28,ADD_TO_CART,31,0.00
2026-01-20,28,VIEW,325,0.00
2026-01-20,28,WISHLIST,53,0.00
2026-01-20,28,PURCHASE,30,705.50
2026-01-20,30,PREORDER,4,957.50
2026-01-20,30,ADD_TO_CART,16,0.00
2026-01-20,30,VIEW,182,0.00
2026-01-20,30,WISHLIST,72,0.00
2026-01-20,30,PURCHASE,22,1377.40
2026-01-21,1,PREORDER,12,1104.96
2026-01-21,1,ADD_TO_CART,113,0.00
2026-01-21,1,VIEW,1037,0.00
2026-01-21,1,WISHLIST,277,0.00
2026-01-21,1,PURCHASE,53,1845.64
2026-01-21,3,PREORDER,11,949.11
2026-01-21,3,ADD_TO_CART,22,0.00
2026-01-21,3,VIEW,630,0.00
2026-01-21,3,WISHLIST,135,0.00
2026-01-21,3,PURCHASE,28,1135.94
2026-01-21,5,PREORDER,15,377.03
2026-01-21,5,ADD_TO_CART,24,0.00
2026-01-21,5,VIEW,259,0.00
2026-01-21,5,WISHLIST,90,0.00
2026-01-21,5,PURCHASE,29,1274.52
2026-01-21,7,PREORDER,14,685.00
2026-01-21,7,ADD_TO_CART,27,0.00
2026-01-21,7,VIEW,510,0.00
2026-01-21,7,WISHLIST,136,0.00
2026-01-21,7,PURCHASE,39,2049.31
2026-01-21,9,PREORDER,10,1020.03
2026-01-21,9,ADD_TO_CART,78,0.00
2026-01-21,9,VIEW,962,0.00
2026-01-21,9,WISHLIST,153,0.00
2026-01-21,9,PURCHASE,28,1173.73
2026-01-21,11,PREORDER,7,833.38
2026-01-21,11,ADD_TO_CART,42,0.00
2026-01-21,11,VIEW,411,0.00
2026-01-21,11,WISHLIST,60,0.00
2026-01-21,11,PURCHASE,35,860.88
2026-01-21,13,PREORDER,5,465.69
2026-01-21,13,ADD_TO_CART,21,0.00
2026-01-21,13,VIEW,396,0.00
2026-01-21,13,WISHLIST,99,0.00
2026-01-21,13,PURCHASE,27,2120.70
2026-01-21,15,PREORDER,11,993.90
2026-01-21,15,ADD_TO_CART,29,0.00
2026-01-21,15,VIEW,289,0.00
2026-01-21,15,WISHLIST,50,0.00
2026-01-21,15,PURCHASE,35,2507.04
2026-01-21,17,PREORDER,11,502.08
2026-01-21,17,ADD_TO_CART,38,0.00
2026-01-21,17,VIEW,544,0.00
2026-01-21,17,WISHLIST,82,0.00
2026-01-21,17,PURCHASE,35,1975.82
2026-01-21,19,PREORDER,14,1102.16
2026-01-21,19,ADD_TO_CART,53,0.00
2026-01-21,19,VIEW,360,0.00
2026-01-21,19,WISHLIST,102,0.00
2026-01-21,19,PURCHASE,34,883.97
2026-01-21,21,PREORDER,7,634.60
2026-01-21,21,ADD_TO_CART,75,0.00
2026-01-21,21,VIEW,1003,0.00
2026-01-21,21,WISHLIST,129,0.00
2026-01-21,21,PURCHASE,15,1940.12
2026-01-21,23,PREORDER,10,756.86
2026-01-21,23,ADD_TO_CART,72,0.00
2026-01-21,23,VIEW,447,0.00
2026-01-21,23,WISHLIST,143,0.00
2026-01-21,23,PURCHASE,13,1358.51
2026-01-21,25,PREORDER,11,675.67
2026-01-21,25,ADD_TO_CART,39,0.00
2026-01-21,25,VIEW,656,0.00
2026-01-21,25,WISHLIST,40,0.00
2026-01-21,25,PURCHASE,27,1238.82
2026-01-21,27,PREORDER,8,921.11
2026-01-21,27,ADD_TO_CART,14,0.00
2026-01-21,27,VIEW,532,0.00
2026-01-21,27,WISHLIST,69,0.00
2026-01-21,27,PURCHASE,28,1711.26
2026-01-21,29,PREORDER,9,304.24
2026-01-21,29,ADD_TO_CART,14,0.00
2026-01-21,29,VIEW,257,0.00
2026-01-21,29,WISHLIST,38,0.00
2026-01-21,29,PURCHASE,27,2330.67
2026-01-22,2,PREORDER,32,824.98
2026-01-22,2,ADD_TO_CART,156,0.00
2026-01-22,2,VIEW,769,0.00
2026-01-22,2,WISHLIST,146,0.00
2026-01-22,2,PURCHASE,34,778.99
2026-01-22,4,PREORDER,11,760.59
2026-01-22,4,ADD_TO_CART,39,0.00
2026-01-22,4,VIEW,827,0.00
2026-01-22,4,WISHLIST,100,0.00
2026-01-22,4,PURCHASE,37,1337.51
2026-01-22,6,PREORDER,5,490.88
2026-01-22,6,ADD_TO_CART,44,0.00
2026-01-22,6,VIEW,476,0.00
2026-01-22,6,WISHLIST,150,0.00
2026-01-22,6,PURCHASE,40,1228.32
2026-01-22,8,PREORDER,8,605.67
2026-01-22,8,ADD_TO_CART,49,0.00
2026-01-22,8,VIEW,331,0.00
2026-01-22,8,WISHLIST,139,0.00
2026-01-22,8,PURCHASE,13,1104.44
2026-01-22,10,PREORDER,3,411.56
2026-01-22,10,ADD_TO_CART,44,0.00
2026-01-22,10,VIEW,391,0.00
2026-01-22,10,WISHLIST,59,0.00
2026-01-22,10,PURCHASE,17,1224.13
2026-01-22,12,PREORDER,4,1083.49
2026-01-22,12,ADD_TO_CART,54,0.00
2026-01-22,12,VIEW,262,0.00
2026-01-22,12,WISHLIST,66,0.00
2026-01-22,12,PURCHASE,21,2383.16
2026-01-22,14,PREORDER,5,629.00
2026-01-22,14,ADD_TO_CART,47,0.00
2026-01-22,14,VIEW,693,0.00
2026-01-22,14,WISHLIST,41,0.00
2026-01-22,14,PURCHASE,23,2353.76
2026-01-22,16,PREORDER,11,1119.89
2026-01-22,16,ADD_TO_CART,30,0.00
2026-01-22,16,VIEW,402,0.00
2026-01-22,16,WISHLIST,95,0.00
2026-01-22,16,PURCHASE,12,1593.67
2026-01-22,18,PREORDER,3,397.56
2026-01-22,18,ADD_TO_CART,16,0.00
2026-01-22,18,VIEW,305,0.00
2026-01-22,18,WISHLIST,92,0.00
2026-01-22,18,PURCHASE,33,2244.58
2026-01-22,20,PREORDER,6,423.69
2026-01-22,20,ADD_TO_CART,75,0.00
2026-01-22,20,VIEW,693,0.00
2026-01-22,20,WISHLIST,62,0.00
2026-01-22,20,PURCHASE,46,1927.52
2026-01-22,22,PREORDER,4,772.72
2026-01-22,22,ADD_TO_CART,75,0.00
2026-01-22,22,VIEW,346,0.00
2026-01-22,22,WISHLIST,87,0.00
2026-01-22,22,PURCHASE,50,1505.48
2026-01-22,24,PREORDER,9,601.01
2026-01-22,24,ADD_TO_CART,47,0.00
2026-01-22,24,VIEW,376,0.00
2026-01-22,24,WISHLIST,152,0.00
2026-01-22,24,PURCHASE,48,1009.96
2026-01-22,26,PREORDER,9,916.44
2026-01-22,26,ADD_TO_CART,17,0.00
2026-01-22,26,VIEW,190,0.00
2026-01-22,26,WISHLIST,108,0.00
2026-01-22,26,PURCHASE,22,1503.39
2026-01-22,28,PREORDER,4,405.96
2026-01-22,28,ADD_TO_CART,56,0.00
2026-01-22,28,VIEW,410,0.00
2026-01-22,28,WISHLIST,90,0.00
2026-01-22,28,PURCHASE,28,1977.92
2026-01-22,30,PREORDER,6,445.16
2026-01-22,30,ADD_TO_CART,36,0.00
2026-01-22,30,VIEW,448,0.00
2026-01-22,30,WISHLIST,42,0.00
2026-01-22,30,PURCHASE,13,1896.03
2026-01-23,1,PREORDER,18,824.98
2026-01-23,1,ADD_TO_CART,107,0.00
2026-01-23,1,VIEW,578,0.00
2026-01-23,1,WISHLIST,111,0.00
2026-01-23,1,PURCHASE,93,2391.56
2026-01-23,3,PREORDER,10,590.74
2026-01-23,3,ADD_TO_CART,33,0.00
2026-01-23,3,VIEW,712,0.00
2026-01-23,3,WISHLIST,115,0.00
2026-01-23,3,PURCHASE,28,827.28
2026-01-23,5,PREORDER,5,702.73
2026-01-23,5,ADD_TO_CART,50,0.00
2026-01-23,5,VIEW,688,0.00
2026-01-23,5,WISHLIST,105,0.00
2026-01-23,5,PURCHASE,43,2452.45
2026-01-23,7,PREORDER,6,975.24
2026-01-23,7,ADD_TO_CART,48,0.00
2026-01-23,7,VIEW,361,0.00
2026-01-23,7,WISHLIST,81,0.00
2026-01-23,7,PURCHASE,16,1686.06
2026-01-23,9,PREORDER,5,1036.83
2026-01-23,9,ADD_TO_CART,37,0.00
2026-01-23,9,VIEW,930,0.00
2026-01-23,9,WISHLIST,67,0.00
2026-01-23,9,PURCHASE,32,949.06
2026-01-23,11,PREORDER,7,696.20
2026-01-23,11,ADD_TO_CART,36,0.00
2026-01-23,11,VIEW,714,0.00
2026-01-23,11,WISHLIST,86,0.00
2026-01-23,11,PURCHASE,35,1704.96
2026-01-23,13,PREORDER,7,760.59
2026-01-23,13,ADD_TO_CART,42,0.00
2026-01-23,13,VIEW,355,0.00
2026-01-23,13,WISHLIST,89,0.00
2026-01-23,13,PURCHASE,23,2452.45
2026-01-23,15,PREORDER,11,449.82
2026-01-23,15,ADD_TO_CART,51,0.00
2026-01-23,15,VIEW,253,0.00
2026-01-23,15,WISHLIST,97,0.00
2026-01-23,15,PURCHASE,17,1371.10
2026-01-23,17,PREORDER,7,694.33
2026-01-23,17,ADD_TO_CART,32,0.00
2026-01-23,17,VIEW,329,0.00
2026-01-23,17,WISHLIST,84,0.00
2026-01-23,17,PURCHASE,12,2026.21
2026-01-23,19,PREORDER,15,310.77
2026-01-23,19,ADD_TO_CART,45,0.00
2026-01-23,19,VIEW,700,0.00
2026-01-23,19,WISHLIST,152,0.00
2026-01-23,19,PURCHASE,47,823.08
2026-01-23,21,PREORDER,9,364.90
2026-01-23,21,ADD_TO_CART,39,0.00
2026-01-23,21,VIEW,336,0.00
2026-01-23,21,WISHLIST,68,0.00
2026-01-23,21,PURCHASE,14,1694.46
2026-01-23,23,PREORDER,5,1011.63
2026-01-23,23,ADD_TO_CART,71,0.00
2026-01-23,23,VIEW,463,0.00
2026-01-23,23,WISHLIST,137,0.00
2026-01-23,23,PURCHASE,22,2231.98
2026-01-23,25,PREORDER,5,314.50
2026-01-23,25,ADD_TO_CART,41,0.00
2026-01-23,25,VIEW,521,0.00
2026-01-23,25,WISHLIST,73,0.00
2026-01-23,25,PURCHASE,13,642.51
2026-01-23,27,PREORDER,5,464.75
2026-01-23,27,ADD_TO_CART,26,0.00
2026-01-23,27,VIEW,310,0.00
2026-01-23,27,WISHLIST,99,0.00
2026-01-23,27,PURCHASE,10,1860.33
2026-01-23,29,PREORDER,5,889.38
2026-01-23,29,ADD_TO_CART,38,0.00
2026-01-23,29,VIEW,545,0.00
2026-01-23,29,WISHLIST,75,0.00
2026-01-23,29,PURCHASE,25,2435.65
2026-01-24,2,PREORDER,40,789.52
2026-01-24,2,ADD_TO_CART,133,0.00
2026-01-24,2,VIEW,2777,0.00
2026-01-24,2,WISHLIST,179,0.00
2026-01-24,2,PURCHASE,143,1106.54
2026-01-24,4,PREORDER,10,365.83
2026-01-24,4,ADD_TO_CART,37,0.00
2026-01-24,4,VIEW,614,0.00
2026-01-24,4,WISHLIST,55,0.00
2026-01-24,4,PURCHASE,38,703.40
2026-01-24,6,PREORDER,13,279.97
2026-01-24,6,ADD_TO_CART,29,0.00
2026-01-24,6,VIEW,1182,0.00
2026-01-24,6,WISHLIST,170,0.00
2026-01-24,6,PURCHASE,36,1614.67
2026-01-24,8,PREORDER,12,310.77
2026-01-24,8,ADD_TO_CART,42,0.00
2026-01-24,8,VIEW,990,0.00
2026-01-24,8,WISHLIST,95,0.00
2026-01-24,8,PURCHASE,56,898.67
2026-01-24,10,PREORDER,12,867.91
2026-01-24,10,ADD_TO_CART,48,0.00
2026-01-24,10,VIEW,611,0.00
2026-01-24,10,WISHLIST,95,0.00
2026-01-24,10,PURCHASE,43,1788.94
2026-01-24,12,PREORDER,7,638.34
2026-01-24,12,ADD_TO_CART,29,0.00
2026-01-24,12,VIEW,614,0.00
2026-01-24,12,WISHLIST,68,0.00
2026-01-24,12,PURCHASE,41,1574.78
2026-01-24,14,PREORDER,5,487.15
2026-01-24,14,ADD_TO_CART,24,0.00
2026-01-24,14,VIEW,274,0.00
2026-01-24,14,WISHLIST,128,0.00
2026-01-24,14,PURCHASE,25,1574.78
2026-01-24,16,PREORDER,5,831.52
2026-01-24,16,ADD_TO_CART,23,0.00
2026-01-24,16,VIEW,281,0.00
2026-01-24,16,WISHLIST,78,0.00
2026-01-24,16,PURCHASE,31,1222.03
2026-01-24,18,PREORDER,12,1061.09
2026-01-24,18,ADD_TO_CART,33,0.00
2026-01-24,18,VIEW,437,0.00
2026-01-24,18,WISHLIST,98,0.00
2026-01-24,18,PURCHASE,43,1387.90
2026-01-24,20,PREORDER,18,574.88
2026-01-24,20,ADD_TO_CART,26,0.00
2026-01-24,20,VIEW,373,0.00
2026-01-24,20,WISHLIST,54,0.00
2026-01-24,20,PURCHASE,58,1056.15
2026-01-24,22,PREORDER,8,692.46
2026-01-24,22,ADD_TO_CART,76,0.00
2026-01-24,22,VIEW,1024,0.00
2026-01-24,22,WISHLIST,171,0.00
2026-01-24,22,PURCHASE,20,1091.84
2026-01-24,24,PREORDER,17,648.60
2026-01-24,24,ADD_TO_CART,91,0.00
2026-01-24,24,VIEW,990,0.00
2026-01-24,24,WISHLIST,141,0.00
2026-01-24,24,PURCHASE,27,1648.26
2026-01-24,26,PREORDER,4,1071.36
2026-01-24,26,ADD_TO_CART,29,0.00
2026-01-24,26,VIEW,300,0.00
2026-01-24,26,WISHLIST,53,0.00
2026-01-24,26,PURCHASE,25,1003.66
2026-01-24,28,PREORDER,7,619.67
2026-01-24,28,ADD_TO_CART,66,0.00
2026-01-24,28,VIEW,510,0.00
2026-01-24,28,WISHLIST,91,0.00
2026-01-24,28,PURCHASE,22,682.40
2026-01-24,30,PREORDER,12,433.96
2026-01-24,30,ADD_TO_CART,52,0.00
2026-01-24,30,VIEW,887,0.00
2026-01-24,30,WISHLIST,79,0.00
2026-01-24,30,PURCHASE,27,917.57
2026-01-25,1,PREORDER,19,974.30
2026-01-25,1,ADD_TO_CART,121,0.00
2026-01-25,1,VIEW,1331,0.00
2026-01-25,1,WISHLIST,289,0.00
2026-01-25,1,PURCHASE,83,873.48
2026-01-25,3,PREORDER,15,1002.30
2026-01-25,3,ADD_TO_CART,87,0.00
2026-01-25,3,VIEW,657,0.00
2026-01-25,3,WISHLIST,88,0.00
2026-01-25,3,PURCHASE,41,1917.03
2026-01-25,5,PREORDER,12,1017.23
2026-01-25,5,ADD_TO_CART,30,0.00
2026-01-25,5,VIEW,554,0.00
2026-01-25,5,WISHLIST,117,0.00
2026-01-25,5,PURCHASE,25,1037.25
2026-01-25,7,PREORDER,13,1053.63
2026-01-25,7,ADD_TO_CART,65,0.00
2026-01-25,7,VIEW,970,0.00
2026-01-25,7,WISHLIST,76,0.00
2026-01-25,7,PURCHASE,34,1734.35
2026-01-25,9,PREORDER,16,796.05
2026-01-25,9,ADD_TO_CART,83,0.00
2026-01-25,9,VIEW,438,0.00
2026-01-25,9,WISHLIST,92,0.00
2026-01-25,9,PURCHASE,25,1161.13
2026-01-25,11,PREORDER,7,531.01
2026-01-25,11,ADD_TO_CART,32,0.00
2026-01-25,11,VIEW,852,0.00
2026-01-25,11,WISHLIST,96,0.00
2026-01-25,11,PURCHASE,36,1583.17
2026-01-25,13,PREORDER,7,311.70
2026-01-25,13,ADD_TO_CART,24,0.00
2026-01-25,13,VIEW,565,0.00
2026-01-25,13,WISHLIST,108,0.00
2026-01-25,13,PURCHASE,45,1694.46
2026-01-25,15,PREORDER,13,348.10
2026-01-25,15,ADD_TO_CART,19,0.00
2026-01-25,15,VIEW,566,0.00
2026-01-25,15,WISHLIST,101,0.00
2026-01-25,15,PURCHASE,45,1133.84
2026-01-25,17,PREORDER,6,700.86
2026-01-25,17,ADD_TO_CART,32,0.00
2026-01-25,17,VIEW,752,0.00
2026-01-25,17,WISHLIST,44,0.00
2026-01-25,17,PURCHASE,27,2374.76
2026-01-25,19,PREORDER,20,420.89
2026-01-25,19,ADD_TO_CART,39,0.00
2026-01-25,19,VIEW,719,0.00
2026-01-25,19,WISHLIST,77,0.00
2026-01-25,19,PURCHASE,61,2301.27
2026-01-25,21,PREORDER,5,600.07
2026-01-25,21,ADD_TO_CART,94,0.00
2026-01-25,21,VIEW,666,0.00
2026-01-25,21,WISHLIST,52,0.00
2026-01-25,21,PURCHASE,44,1990.52
2026-01-25,23,PREORDER,13,1069.49
2026-01-25,23,ADD_TO_CART,84,0.00
2026-01-25,23,VIEW,1103,0.00
2026-01-25,23,WISHLIST,123,0.00
2026-01-25,23,PURCHASE,62,1717.55
2026-01-25,25,PREORDER,12,691.53
2026-01-25,25,ADD_TO_CART,52,0.00
2026-01-25,25,VIEW,580,0.00
2026-01-25,25,WISHLIST,90,0.00
2026-01-25,25,PURCHASE,27,1963.22
2026-01-25,27,PREORDER,6,353.70
2026-01-25,27,ADD_TO_CART,27,0.00
2026-01-25,27,VIEW,641,0.00
2026-01-25,27,WISHLIST,53,0.00
2026-01-25,27,PURCHASE,14,1635.67
2026-01-25,29,PREORDER,11,887.51
2026-01-25,29,ADD_TO_CART,47,0.00
2026-01-25,29,VIEW,372,0.00
2026-01-25,29,WISHLIST,51,0.00
2026-01-25,29,PURCHASE,35,1236.72
2026-01-26,2,PREORDER,17,1015.37
2026-01-26,2,ADD_TO_CART,156,0.00
2026-01-26,2,VIEW,1025,0.00
2026-01-26,2,WISHLIST,171,0.00
2026-01-26,2,PURCHASE,116,2301.27
2026-01-26,4,PREORDER,5,800.72
2026-01-26,4,ADD_TO_CART,22,0.00
2026-01-26,4,VIEW,576,0.00
2026-01-26,4,WISHLIST,94,0.00
2026-01-26,4,PURCHASE,46,2024.11
2026-01-26,6,PREORDER,11,1026.56
2026-01-26,6,ADD_TO_CART,73,0.00
2026-01-26,6,VIEW,390,0.00
2026-01-26,6,WISHLIST,137,0.00
2026-01-26,6,PURCHASE,49,2507.04
2026-01-26,8,PREORDER,14,467.55
2026-01-26,8,ADD_TO_CART,56,0.00
2026-01-26,8,VIEW,946,0.00
2026-01-26,8,WISHLIST,75,0.00
2026-01-26,8,PURCHASE,22,2043.01
2026-01-26,10,PREORDER,4,502.08
2026-01-26,10,ADD_TO_CART,29,0.00
2026-01-26,10,VIEW,193,0.00
2026-01-26,10,WISHLIST,104,0.00
2026-01-26,10,PURCHASE,34,1287.12
2026-01-26,12,PREORDER,9,1052.69
2026-01-26,12,ADD_TO_CART,15,0.00
2026-01-26,12,VIEW,529,0.00
2026-01-26,12,WISHLIST,43,0.00
2026-01-26,12,PURCHASE,17,2412.56
2026-01-26,14,PREORDER,7,960.30
2026-01-26,14,ADD_TO_CART,52,0.00
2026-01-26,14,VIEW,523,0.00
2026-01-26,14,WISHLIST,67,0.00
2026-01-26,14,PURCHASE,23,1585.27
2026-01-26,16,PREORDER,6,826.85
2026-01-26,16,ADD_TO_CART,22,0.00
2026-01-26,16,VIEW,337,0.00
2026-01-26,16,WISHLIST,55,0.00
2026-01-26,16,PURCHASE,19,2238.28
2026-01-26,18,PREORDER,7,1041.50
2026-01-26,18,ADD_TO_CART,20,0.00
2026-01-26,18,VIEW,250,0.00
2026-01-26,18,WISHLIST,88,0.00
2026-01-26,18,PURCHASE,25,812.58
2026-01-26,20,PREORDER,14,438.62
2026-01-26,20,ADD_TO_CART,26,0.00
2026-01-26,20,VIEW,360,0.00
2026-01-26,20,WISHLIST,142,0.00
2026-01-26,20,PURCHASE,20,2255.08
2026-01-26,22,PREORDER,14,1012.57
2026-01-26,22,ADD_TO_CART,69,0.00
2026-01-26,22,VIEW,834,0.00
2026-01-26,22,WISHLIST,128,0.00
2026-01-26,22,PURCHASE,29,1795.24
2026-01-26,24,PREORDER,7,1068.56
2026-01-26,24,ADD_TO_CART,25,0.00
2026-01-26,24,VIEW,545,0.00
2026-01-26,24,WISHLIST,120,0.00
2026-01-26,24,PURCHASE,17,1707.06
2026-01-26,26,PREORDER,8,355.56
2026-01-26,26,ADD_TO_CART,22,0.00
2026-01-26,26,VIEW,280,0.00
2026-01-26,26,WISHLIST,45,0.00
2026-01-26,26,PURCHASE,11,1259.82
2026-01-26,28,PREORDER,9,466.62
2026-01-26,28,ADD_TO_CART,32,0.00
2026-01-26,28,VIEW,383,0.00
2026-01-26,28,WISHLIST,108,0.00
2026-01-26,28,PURCHASE,13,2028.31
2026-01-26,30,PREORDER,8,290.24
2026-01-26,30,ADD_TO_CART,29,0.00
2026-01-26,30,VIEW,404,0.00
2026-01-26,30,WISHLIST,81,0.00
2026-01-26,30,PURCHASE,17,743.29
2026-01-27,1,PREORDER,28,751.26
2026-01-27,1,ADD_TO_CART,94,0.00
2026-01-27,1,VIEW,1665,0.00
2026-01-27,1,WISHLIST,296,0.00
2026-01-27,1,PURCHASE,86,2068.20
2026-01-27,3,PREORDER,14,735.39
2026-01-27,3,ADD_TO_CART,62,0.00
2026-01-27,3,VIEW,710,0.00
2026-01-27,3,WISHLIST,96,0.00
2026-01-27,3,PURCHASE,16,1156.93
2026-01-27,5,PREORDER,14,656.07
2026-01-27,5,ADD_TO_CART,63,0.00
2026-01-27,5,VIEW,480,0.00
2026-01-27,5,WISHLIST,70,0.00
2026-01-27,5,PURCHASE,16,2072.40
2026-01-27,7,PREORDER,15,284.64
2026-01-27,7,ADD_TO_CART,62,0.00
2026-01-27,7,VIEW,833,0.00
2026-01-27,7,WISHLIST,108,0.00
2026-01-27,7,PURCHASE,30,663.51
2026-01-27,9,PREORDER,7,545.95
2026-01-27,9,ADD_TO_CART,71,0.00
2026-01-27,9,VIEW,877,0.00
2026-01-27,9,WISHLIST,121,0.00
2026-01-27,9,PURCHASE,26,1098.14
2026-01-27,11,PREORDER,7,659.80
2026-01-27,11,ADD_TO_CART,44,0.00
2026-01-27,11,VIEW,611,0.00
2026-01-27,11,WISHLIST,34,0.00
2026-01-27,11,PURCHASE,15,1104.44
2026-01-27,13,PREORDER,6,1089.09
2026-01-27,13,ADD_TO_CART,46,0.00
2026-01-27,13,VIEW,185,0.00
2026-01-27,13,WISHLIST,87,0.00
2026-01-27,13,PURCHASE,34,2339.07
2026-01-27,15,PREORDER,10,858.58
2026-01-27,15,ADD_TO_CART,18,0.00
2026-01-27,15,VIEW,220,0.00
2026-01-27,15,WISHLIST,92,0.00
2026-01-27,15,PURCHASE,9,965.86
2026-01-27,17,PREORDER,5,687.80
2026-01-27,17,ADD_TO_CART,50,0.00
2026-01-27,17,VIEW,426,0.00
2026-01-27,17,WISHLIST,55,0.00
2026-01-27,17,PURCHASE,12,930.17
2026-01-27,19,PREORDER,10,579.54
2026-01-27,19,ADD_TO_CART,69,0.00
2026-01-27,19,VIEW,904,0.00
2026-01-27,19,WISHLIST,66,0.00
2026-01-27,19,PURCHASE,42,2150.09
2026-01-27,21,PREORDER,8,515.15
2026-01-27,21,ADD_TO_CART,55,0.00
2026-01-27,21,VIEW,286,0.00
2026-01-27,21,WISHLIST,78,0.00
2026-01-27,21,PURCHASE,48,1005.76
2026-01-27,23,PREORDER,8,715.80
2026-01-27,23,ADD_TO_CART,64,0.00
2026-01-27,23,VIEW,522,0.00
2026-01-27,23,WISHLIST,117,0.00
2026-01-27,23,PURCHASE,42,2292.87
2026-01-27,25,PREORDER,7,572.08
2026-01-27,25,ADD_TO_CART,15,0.00
2026-01-27,25,VIEW,545,0.00
2026-01-27,25,WISHLIST,53,0.00
2026-01-27,25,PURCHASE,30,2177.39
2026-01-27,27,PREORDER,10,834.32
2026-01-27,27,ADD_TO_CART,51,0.00
2026-01-27,27,VIEW,659,0.00
2026-01-27,27,WISHLIST,81,0.00
2026-01-27,27,PURCHASE,14,879.77
2026-01-27,29,PREORDER,10,1029.36
2026-01-27,29,ADD_TO_CART,14,0.00
2026-01-27,29,VIEW,503,0.00
2026-01-27,29,WISHLIST,67,0.00
2026-01-27,29,PURCHASE,29,1635.67
2026-01-28,2,PREORDER,10,720.46
2026-01-28,2,ADD_TO_CART,134,0.00
2026-01-28,2,VIEW,1579,0.00
2026-01-28,2,WISHLIST,371,0.00
2026-01-28,2,PURCHASE,109,2028.31
2026-01-28,4,PREORDER,10,744.73
2026-01-28,4,ADD_TO_CART,52,0.00
2026-01-28,4,VIEW,446,0.00
2026-01-28,4,WISHLIST,157,0.00
2026-01-28,4,PURCHASE,39,2225.68
2026-01-28,6,PREORDER,15,987.37
2026-01-28,6,ADD_TO_CART,33,0.00
2026-01-28,6,VIEW,768,0.00
2026-01-28,6,WISHLIST,93,0.00
2026-01-28,6,PURCHASE,24,1925.42
2026-01-28,8,PREORDER,9,628.07
2026-01-28,8,ADD_TO_CART,37,0.00
2026-01-28,8,VIEW,347,0.00
2026-01-28,8,WISHLIST,107,0.00
2026-01-28,8,PURCHASE,42,1728.05
2026-01-28,10,PREORDER,9,724.19
2026-01-28,10,ADD_TO_CART,52,0.00
2026-01-28,10,VIEW,397,0.00
2026-01-28,10,WISHLIST,51,0.00
2026-01-28,10,PURCHASE,10,1545.38
2026-01-28,12,PREORDER,10,648.60
2026-01-28,12,ADD_TO_CART,50,0.00
2026-01-28,12,VIEW,434,0.00
2026-01-28,12,WISHLIST,111,0.00
2026-01-28,12,PURCHASE,20,2494.44
2026-01-28,14,PREORDER,5,659.80
2026-01-28,14,ADD_TO_CART,28,0.00
2026-01-28,14,VIEW,575,0.00
2026-01-28,14,WISHLIST,105,0.00
2026-01-28,14,PURCHASE,18,1532.78
2026-01-28,16,PREORDER,9,941.64
2026-01-28,16,ADD_TO_CART,18,0.00
2026-01-28,16,VIEW,253,0.00
2026-01-28,16,WISHLIST,32,0.00
2026-01-28,16,PURCHASE,26,1690.26
2026-01-28,18,PREORDER,7,359.30
2026-01-28,18,ADD_TO_CART,38,0.00
2026-01-28,18,VIEW,693,0.00
2026-01-28,18,WISHLIST,88,0.00
2026-01-28,18,PURCHASE,19,1694.46
2026-01-28,20,PREORDER,4,559.01
2026-01-28,20,ADD_TO_CART,52,0.00
2026-01-28,20,VIEW,524,0.00
2026-01-28,20,WISHLIST,143,0.00
2026-01-28,20,PURCHASE,19,2452.45
2026-01-28,22,PREORDER,9,915.51
2026-01-28,22,ADD_TO_CART,40,0.00
2026-01-28,22,VIEW,309,0.00
2026-01-28,22,WISHLIST,47,0.00
2026-01-28,22,PURCHASE,49,1688.16
2026-01-28,24,PREORDER,7,886.58
2026-01-28,24,ADD_TO_CART,58,0.00
2026-01-28,24,VIEW,788,0.00
2026-01-28,24,WISHLIST,104,0.00
2026-01-28,24,PURCHASE,14,1862.43
2026-01-28,26,PREORDER,7,1048.96
2026-01-28,26,ADD_TO_CART,20,0.00
2026-01-28,26,VIEW,712,0.00
2026-01-28,26,WISHLIST,90,0.00
2026-01-28,26,PURCHASE,24,1988.42
2026-01-28,28,PREORDER,8,911.78
2026-01-28,28,ADD_TO_CART,17,0.00
2026-01-28,28,VIEW,233,0.00
2026-01-28,28,WISHLIST,66,0.00
2026-01-28,28,PURCHASE,10,2166.89
2026-01-28,30,PREORDER,3,1112.42
2026-01-28,30,ADD_TO_CART,55,0.00
2026-01-28,30,VIEW,425,0.00
2026-01-28,30,WISHLIST,67,0.00
2026-01-28,30,PURCHASE,22,854.58
2026-01-29,1,PREORDER,9,1011.63
2026-01-29,1,ADD_TO_CART,99,0.00
2026-01-29,1,VIEW,694,0.00
2026-01-29,1,WISHLIST,140,0.00
2026-01-29,1,PURCHASE,54,2017.81
2026-01-29,3,PREORDER,6,751.26
2026-01-29,3,ADD_TO_CART,29,0.00
2026-01-29,3,VIEW,995,0.00
2026-01-29,3,WISHLIST,141,0.00
2026-01-29,3,PURCHASE,29,1868.73
2026-01-29,5,PREORDER,11,651.40
2026-01-29,5,ADD_TO_CART,23,0.00
2026-01-29,5,VIEW,832,0.00
2026-01-29,5,WISHLIST,76,0.00
2026-01-29,5,PURCHASE,32,1322.81
2026-01-29,7,PREORDER,4,586.07
2026-01-29,7,ADD_TO_CART,22,0.00
2026-01-29,7,VIEW,370,0.00
2026-01-29,7,WISHLIST,82,0.00
2026-01-29,7,PURCHASE,50,896.57
2026-01-29,9,PREORDER,8,795.12
2026-01-29,9,ADD_TO_CART,61,0.00
2026-01-29,9,VIEW,638,0.00
2026-01-29,9,WISHLIST,41,0.00
2026-01-29,9,PURCHASE,48,1963.22
2026-01-29,11,PREORDER,5,559.94
2026-01-29,11,ADD_TO_CART,19,0.00
2026-01-29,11,VIEW,490,0.00
2026-01-29,11,WISHLIST,109,0.00
2026-01-29,11,PURCHASE,21,1150.64
2026-01-29,13,PREORDER,8,1049.90
2026-01-29,13,ADD_TO_CART,18,0.00
2026-01-29,13,VIEW,562,0.00
2026-01-29,13,WISHLIST,50,0.00
2026-01-29,13,PURCHASE,18,1797.34
2026-01-29,15,PREORDER,6,346.23
2026-01-29,15,ADD_TO_CART,21,0.00
2026-01-29,15,VIEW,358,0.00
2026-01-29,15,WISHLIST,58,0.00
2026-01-29,15,PURCHASE,35,1186.33
2026-01-29,17,PREORDER,10,775.52
2026-01-29,17,ADD_TO_CART,34,0.00
2026-01-29,17,VIEW,339,0.00
2026-01-29,17,WISHLIST,68,0.00
2026-01-29,17,PURCHASE,32,988.96
2026-01-29,19,PREORDER,9,985.50
2026-01-29,19,ADD_TO_CART,35,0.00
2026-01-29,19,VIEW,419,0.00
2026-01-29,19,WISHLIST,118,0.00
2026-01-29,19,PURCHASE,34,1791.04
2026-01-29,21,PREORDER,12,864.18
2026-01-29,21,ADD_TO_CART,25,0.00
2026-01-29,21,VIEW,412,0.00
2026-01-29,21,WISHLIST,127,0.00
2026-01-29,21,PURCHASE,26,2204.69
2026-01-29,23,PREORDER,7,1019.10
2026-01-29,23,ADD_TO_CART,27,0.00
2026-01-29,23,VIEW,965,0.00
2026-01-29,23,WISHLIST,104,0.00
2026-01-29,23,PURCHASE,47,1667.16
2026-01-29,25,PREORDER,5,1012.57
2026-01-29,25,ADD_TO_CART,29,0.00
2026-01-29,25,VIEW,610,0.00
2026-01-29,25,WISHLIST,106,0.00
2026-01-29,25,PURCHASE,24,2234.08
2026-01-29,27,PREORDER,4,638.34
2026-01-29,27,ADD_TO_CART,42,0.00
2026-01-29,27,VIEW,188,0.00
2026-01-29,27,WISHLIST,59,0.00
2026-01-29,27,PURCHASE,29,1400.50
2026-01-29,29,PREORDER,4,1100.29
2026-01-29,29,ADD_TO_CART,20,0.00
2026-01-29,29,VIEW,269,0.00
2026-01-29,29,WISHLIST,52,0.00
2026-01-29,29,PURCHASE,35,1452.99
2026-01-30,2,PREORDER,28,377.03
2026-01-30,2,ADD_TO_CART,162,0.00
2026-01-30,2,VIEW,2260,0.00
2026-01-30,2,WISHLIST,312,0.00
2026-01-30,2,PURCHASE,102,1534.88
2026-01-30,4,PREORDER,8,720.46
2026-01-30,4,ADD_TO_CART,55,0.00
2026-01-30,4,VIEW,332,0.00
2026-01-30,4,WISHLIST,96,0.00
2026-01-30,4,PURCHASE,50,1444.59
2026-01-30,6,PREORDER,11,949.11
2026-01-30,6,ADD_TO_CART,33,0.00
2026-01-30,6,VIEW,984,0.00
2026-01-30,6,WISHLIST,105,0.00
2026-01-30,6,PURCHASE,19,2118.60
2026-01-30,8,PREORDER,13,433.96
2026-01-30,8,ADD_TO_CART,28,0.00
2026-01-30,8,VIEW,345,0.00
2026-01-30,8,WISHLIST,103,0.00
2026-01-30,8,PURCHASE,30,898.67
2026-01-30,10,PREORDER,9,467.55
2026-01-30,10,ADD_TO_CART,18,0.00
2026-01-30,10,VIEW,502,0.00
2026-01-30,10,WISHLIST,54,0.00
2026-01-30,10,PURCHASE,20,2250.88
2026-01-30,12,PREORDER,10,825.92
2026-01-30,12,ADD_TO_CART,55,0.00
2026-01-30,12,VIEW,523,0.00
2026-01-30,12,WISHLIST,61,0.00
2026-01-30,12,PURCHASE,21,1967.42
2026-01-30,14,PREORDER,7,806.32
2026-01-30,14,ADD_TO_CART,53,0.00
2026-01-30,14,VIEW,276,0.00
2026-01-30,14,WISHLIST,98,0.00
2026-01-30,14,PURCHASE,19,1988.42
2026-01-30,16,PREORDER,11,356.50
2026-01-30,16,ADD_TO_CART,29,0.00
2026-01-30,16,VIEW,713,0.00
2026-01-30,16,WISHLIST,106,0.00
2026-01-30,16,PURCHASE,10,1425.70
2026-01-30,18,PREORDER,3,579.54
2026-01-30,18,ADD_TO_CART,29,0.00
2026-01-30,18,VIEW,388,0.00
2026-01-30,18,WISHLIST,41,0.00
2026-01-30,18,PURCHASE,10,1289.22
2026-01-30,20,PREORDER,12,859.51
2026-01-30,20,ADD_TO_CART,50,0.00
2026-01-30,20,VIEW,530,0.00
2026-01-30,20,WISHLIST,112,0.00
2026-01-30,20,PURCHASE,24,1452.99
2026-01-30,22,PREORDER,5,847.38
2026-01-30,22,ADD_TO_CART,78,0.00
2026-01-30,22,VIEW,339,0.00
2026-01-30,22,WISHLIST,137,0.00
2026-01-30,22,PURCHASE,44,1969.52
2026-01-30,24,PREORDER,9,1046.16
2026-01-30,24,ADD_TO_CART,63,0.00
2026-01-30,24,VIEW,514,0.00
2026-01-30,24,WISHLIST,70,0.00
2026-01-30,24,PURCHASE,19,1721.75
2026-01-30,26,PREORDER,9,500.22
2026-01-30,26,ADD_TO_CART,53,0.00
2026-01-30,26,VIEW,383,0.00
2026-01-30,26,WISHLIST,31,0.00
2026-01-30,26,PURCHASE,11,1201.03
2026-01-30,28,PREORDER,5,819.38
2026-01-30,28,ADD_TO_CART,23,0.00
2026-01-30,28,VIEW,438,0.00
2026-01-30,28,WISHLIST,90,0.00
2026-01-30,28,PURCHASE,18,1301.81
2026-01-30,30,PREORDER,6,838.05
2026-01-30,30,ADD_TO_CART,46,0.00
2026-01-30,30,VIEW,384,0.00
2026-01-30,30,WISHLIST,81,0.00
2026-01-30,30,PURCHASE,27,1056.15
2026-01-31,1,PREORDER,28,555.28
2026-01-31,1,ADD_TO_CART,134,0.00
2026-01-31,1,VIEW,1499,0.00
2026-01-31,1,WISHLIST,286,0.00
2026-01-31,1,PURCHASE,52,2227.78
2026-01-31,3,PREORDER,7,348.10
2026-01-31,3,ADD_TO_CART,91,0.00
2026-01-31,3,VIEW,435,0.00
2026-01-31,3,WISHLIST,194,0.00
2026-01-31,3,PURCHASE,35,1690.26
2026-01-31,5,PREORDER,16,1043.36
2026-01-31,5,ADD_TO_CART,31,0.00
2026-01-31,5,VIEW,353,0.00
2026-01-31,5,WISHLIST,131,0.00
2026-01-31,5,PURCHASE,48,1161.13
2026-01-31,7,PREORDER,16,559.94
2026-01-31,7,ADD_TO_CART,47,0.00
2026-01-31,7,VIEW,823,0.00
2026-01-31,7,WISHLIST,58,0.00
2026-01-31,7,PURCHASE,38,2085.00
2026-01-31,9,PREORDER,11,617.80
2026-01-31,9,ADD_TO_CART,87,0.00
2026-01-31,9,VIEW,769,0.00
2026-01-31,9,WISHLIST,141,0.00
2026-01-31,9,PURCHASE,22,1711.26
2026-01-31,11,PREORDER,6,504.88
2026-01-31,11,ADD_TO_CART,50,0.00
2026-01-31,11,VIEW,537,0.00
2026-01-31,11,WISHLIST,78,0.00
2026-01-31,11,PURCHASE,16,1469.79
2026-01-31,13,PREORDER,6,526.35
2026-01-31,13,ADD_TO_CART,18,0.00
2026-01-31,13,VIEW,253,0.00
2026-01-31,13,WISHLIST,98,0.00
2026-01-31,13,PURCHASE,13,1213.63
2026-01-31,15,PREORDER,8,759.66
2026-01-31,15,ADD_TO_CART,54,0.00
2026-01-31,15,VIEW,273,0.00
2026-01-31,15,WISHLIST,77,0.00
2026-01-31,15,PURCHASE,38,1278.72
2026-01-31,17,PREORDER,4,770.86
2026-01-31,17,ADD_TO_CART,24,0.00
2026-01-31,17,VIEW,801,0.00
2026-01-31,17,WISHLIST,37,0.00
2026-01-31,17,PURCHASE,16,2255.08
2026-01-31,19,PREORDER,19,335.97
2026-01-31,19,ADD_TO_CART,83,0.00
2026-01-31,19,VIEW,1074,0.00
2026-01-31,19,WISHLIST,176,0.00
2026-01-31,19,PURCHASE,46,755.89
2026-01-31,21,PREORDER,18,943.51
2026-01-31,21,ADD_TO_CART,76,0.00
2026-01-31,21,VIEW,949,0.00
2026-01-31,21,WISHLIST,116,0.00
2026-01-31,21,PURCHASE,53,938.57
2026-01-31,23,PREORDER,12,587.94
2026-01-31,23,ADD_TO_CART,93,0.00
2026-01-31,23,VIEW,459,0.00
2026-01-31,23,WISHLIST,177,0.00
2026-01-31,23,PURCHASE,47,1188.43
2026-01-31,25,PREORDER,14,1086.29
2026-01-31,25,ADD_TO_CART,39,0.00
2026-01-31,25,VIEW,500,0.00
2026-01-31,25,WISHLIST,103,0.00
2026-01-31,25,PURCHASE,43,2282.37
2026-01-31,27,PREORDER,14,324.77
2026-01-31,27,ADD_TO_CART,48,0.00
2026-01-31,27,VIEW,626,0.00
2026-01-31,27,WISHLIST,70,0.00
2026-01-31,27,PURCHASE,25,1222.03
2026-01-31,29,PREORDER,12,1112.42
2026-01-31,29,ADD_TO_CART,38,0.00
2026-01-31,29,VIEW,794,0.00
2026-01-31,29,WISHLIST,53,0.00
2026-01-31,29,PURCHASE,37,1728.05
2026-02-01,2,PREORDER,44,705.53
2026-02-01,2,ADD_TO_CART,128,0.00
2026-02-01,2,VIEW,2139,0.00
2026-02-01,2,WISHLIST,457,0.00
2026-02-01,2,PURCHASE,151,1035.15
2026-02-01,4,PREORDER,8,1056.43
2026-02-01,4,ADD_TO_CART,59,0.00
2026-02-01,4,VIEW,863,0.00
2026-02-01,4,WISHLIST,91,0.00
2026-02-01,4,PURCHASE,34,703.40
2026-02-01,6,PREORDER,19,330.37
2026-02-01,6,ADD_TO_CART,45,0.00
2026-02-01,6,VIEW,822,0.00
2026-02-01,6,WISHLIST,108,0.00
2026-02-01,6,PURCHASE,23,1646.16
2026-02-01,8,PREORDER,8,492.75
2026-02-01,8,ADD_TO_CART,94,0.00
2026-02-01,8,VIEW,1075,0.00
2026-02-01,8,WISHLIST,177,0.00
2026-02-01,8,PURCHASE,59,1253.52
2026-02-01,10,PREORDER,10,651.40
2026-02-01,10,ADD_TO_CART,64,0.00
2026-02-01,10,VIEW,662,0.00
2026-02-01,10,WISHLIST,134,0.00
2026-02-01,10,PURCHASE,27,2454.55
2026-02-01,12,PREORDER,10,425.56
2026-02-01,12,ADD_TO_CART,39,0.00
2026-02-01,12,VIEW,225,0.00
2026-02-01,12,WISHLIST,100,0.00
2026-02-01,12,PURCHASE,26,1362.71
2026-02-01,14,PREORDER,7,766.19
2026-02-01,14,ADD_TO_CART,25,0.00
2026-02-01,14,VIEW,616,0.00
2026-02-01,14,WISHLIST,62,0.00
2026-02-01,14,PURCHASE,33,2024.11
2026-02-01,16,PREORDER,8,1054.56
2026-02-01,16,ADD_TO_CART,22,0.00
2026-02-01,16,VIEW,547,0.00
2026-02-01,16,WISHLIST,42,0.00
2026-02-01,16,PURCHASE,12,2248.78
2026-02-01,18,PREORDER,7,671.00
2026-02-01,18,ADD_TO_CART,40,0.00
2026-02-01,18,VIEW,604,0.00
2026-02-01,18,WISHLIST,132,0.00
2026-02-01,18,PURCHASE,30,684.50
2026-02-01,20,PREORDER,16,307.97
2026-02-01,20,ADD_TO_CART,48,0.00
2026-02-01,20,VIEW,888,0.00
2026-02-01,20,WISHLIST,174,0.00
2026-02-01,20,PURCHASE,31,1360.61
2026-02-01,22,PREORDER,5,304.24
2026-02-01,22,ADD_TO_CART,87,0.00
2026-02-01,22,VIEW,426,0.00
2026-02-01,22,WISHLIST,188,0.00
2026-02-01,22,PURCHASE,52,1988.42
2026-02-01,24,PREORDER,10,1034.96
2026-02-01,24,ADD_TO_CART,39,0.00
2026-02-01,24,VIEW,852,0.00
2026-02-01,24,WISHLIST,155,0.00
2026-02-01,24,PURCHASE,37,2187.89
2026-02-01,26,PREORDER,14,814.72
2026-02-01,26,ADD_TO_CART,47,0.00
2026-02-01,26,VIEW,507,0.00
2026-02-01,26,WISHLIST,107,0.00
2026-02-01,26,PURCHASE,36,2517.54
2026-02-01,28,PREORDER,11,831.52
2026-02-01,28,ADD_TO_CART,69,0.00
2026-02-01,28,VIEW,439,0.00
2026-02-01,28,WISHLIST,93,0.00
2026-02-01,28,PURCHASE,19,1171.63
2026-02-01,30,PREORDER,4,1048.96
2026-02-01,30,ADD_TO_CART,45,0.00
2026-02-01,30,VIEW,892,0.00
2026-02-01,30,WISHLIST,124,0.00
2026-02-01,30,PURCHASE,45,659.31
2026-02-02,1,PREORDER,19,897.78
2026-02-02,1,ADD_TO_CART,94,0.00
2026-02-02,1,VIEW,1025,0.00
2026-02-02,1,WISHLIST,90,0.00
2026-02-02,1,PURCHASE,48,2061.91
2026-02-02,3,PREORDER,7,757.79
2026-02-02,3,ADD_TO_CART,78,0.00
2026-02-02,3,VIEW,916,0.00
2026-02-02,3,WISHLIST,51,0.00
2026-02-02,3,PURCHASE,35,1075.05
2026-02-02,5,PREORDER,6,714.86
2026-02-02,5,ADD_TO_CART,45,0.00
2026-02-02,5,VIEW,411,0.00
2026-02-02,5,WISHLIST,62,0.00
2026-02-02,5,PURCHASE,44,778.99
2026-02-02,7,PREORDER,12,409.69
2026-02-02,7,ADD_TO_CART,78,0.00
2026-02-02,7,VIEW,272,0.00
2026-02-02,7,WISHLIST,58,0.00
2026-02-02,7,PURCHASE,28,730.70
2026-02-02,9,PREORDER,8,447.02
2026-02-02,9,ADD_TO_CART,59,0.00
2026-02-02,9,VIEW,395,0.00
2026-02-02,9,WISHLIST,147,0.00
2026-02-02,9,PURCHASE,49,1188.43
2026-02-02,11,PREORDER,9,715.80
2026-02-02,11,ADD_TO_CART,29,0.00
2026-02-02,11,VIEW,185,0.00
2026-02-02,11,WISHLIST,68,0.00
2026-02-02,11,PURCHASE,14,1138.04
2026-02-02,13,PREORDER,10,1094.69
2026-02-02,13,ADD_TO_CART,36,0.00
2026-02-02,13,VIEW,529,0.00
2026-02-02,13,WISHLIST,51,0.00
2026-02-02,13,PURCHASE,29,1469.79
2026-02-02,15,PREORDER,10,719.53
2026-02-02,15,ADD_TO_CART,42,0.00
2026-02-02,15,VIEW,716,0.00
2026-02-02,15,WISHLIST,45,0.00
2026-02-02,15,PURCHASE,30,1282.92
2026-02-02,17,PREORDER,10,995.77
2026-02-02,17,ADD_TO_CART,19,0.00
2026-02-02,17,VIEW,628,0.00
2026-02-02,17,WISHLIST,106,0.00
2026-02-02,17,PURCHASE,9,928.07
2026-02-02,19,PREORDER,14,299.57
2026-02-02,19,ADD_TO_CART,41,0.00
2026-02-02,19,VIEW,853,0.00
2026-02-02,19,WISHLIST,102,0.00
2026-02-02,19,PURCHASE,47,2511.24
2026-02-02,21,PREORDER,7,863.25
2026-02-02,21,ADD_TO_CART,64,0.00
2026-02-02,21,VIEW,654,0.00
2026-02-02,21,WISHLIST,68,0.00
2026-02-02,21,PURCHASE,24,1530.68
2026-02-02,23,PREORDER,16,1021.90
2026-02-02,23,ADD_TO_CART,24,0.00
2026-02-02,23,VIEW,977,0.00
2026-02-02,23,WISHLIST,48,0.00
2026-02-02,23,PURCHASE,14,827.28
2026-02-02,25,PREORDER,5,412.49
2026-02-02,25,ADD_TO_CART,37,0.00
2026-02-02,25,VIEW,376,0.00
2026-02-02,25,WISHLIST,80,0.00
2026-02-02,25,PURCHASE,19,785.29
2026-02-02,27,PREORDER,5,608.47
2026-02-02,27,ADD_TO_CART,55,0.00
2026-02-02,27,VIEW,551,0.00
2026-02-02,27,WISHLIST,67,0.00
2026-02-02,27,PURCHASE,33,1280.82
2026-02-02,29,PREORDER,9,310.77
2026-02-02,29,ADD_TO_CART,28,0.00
2026-02-02,29,VIEW,344,0.00
2026-02-02,29,WISHLIST,59,0.00
2026-02-02,29,PURCHASE,20,820.98
2026-02-03,2,PREORDER,38,780.19
2026-02-03,2,ADD_TO_CART,56,0.00
2026-02-03,2,VIEW,886,0.00
2026-02-03,2,WISHLIST,156,0.00
2026-02-03,2,PURCHASE,77,1599.97
2026-02-03,4,PREORDER,15,450.75
2026-02-03,4,ADD_TO_CART,51,0.00
2026-02-03,4,VIEW,635,0.00
2026-02-03,4,WISHLIST,151,0.00
2026-02-03,4,PURCHASE,45,1742.75
2026-02-03,6,PREORDER,12,373.30
2026-02-03,6,ADD_TO_CART,75,0.00
2026-02-03,6,VIEW,399,0.00
2026-02-03,6,WISHLIST,123,0.00
2026-02-03,6,PURCHASE,32,1814.14
2026-02-03,8,PREORDER,12,1025.63
2026-02-03,8,ADD_TO_CART,76,0.00
2026-02-03,8,VIEW,942,0.00
2026-02-03,8,WISHLIST,125,0.00
2026-02-03,8,PURCHASE,44,1446.69
2026-02-03,10,PREORDER,4,865.11
2026-02-03,10,ADD_TO_CART,53,0.00
2026-02-03,10,VIEW,440,0.00
2026-02-03,10,WISHLIST,101,0.00
2026-02-03,10,PURCHASE,27,642.51
2026-02-03,12,PREORDER,11,801.65
2026-02-03,12,ADD_TO_CART,51,0.00
2026-02-03,12,VIEW,406,0.00
2026-02-03,12,WISHLIST,50,0.00
2026-02-03,12,PURCHASE,21,1826.74
2026-02-03,14,PREORDER,4,1025.63
2026-02-03,14,ADD_TO_CART,48,0.00
2026-02-03,14,VIEW,197,0.00
2026-02-03,14,WISHLIST,101,0.00
2026-02-03,14,PURCHASE,35,692.90
2026-02-03,16,PREORDER,6,1031.23
2026-02-03,16,ADD_TO_CART,37,0.00
2026-02-03,16,VIEW,455,0.00
2026-02-03,16,WISHLIST,84,0.00
2026-02-03,16,PURCHASE,10,982.66
2026-02-03,18,PREORDER,6,466.62
2026-02-03,18,ADD_TO_CART,33,0.00
2026-02-03,18,VIEW,418,0.00
2026-02-03,18,WISHLIST,80,0.00
2026-02-03,18,PURCHASE,24,1633.57
2026-02-03,20,PREORDER,8,551.54
2026-02-03,20,ADD_TO_CART,44,0.00
2026-02-03,20,VIEW,537,0.00
2026-02-03,20,WISHLIST,146,0.00
2026-02-03,20,PURCHASE,38,2496.54
2026-02-03,22,PREORDER,13,1032.16
2026-02-03,22,ADD_TO_CART,61,0.00
2026-02-03,22,VIEW,763,0.00
2026-02-03,22,WISHLIST,155,0.00
2026-02-03,22,PURCHASE,13,877.67
2026-02-03,24,PREORDER,15,336.90
2026-02-03,24,ADD_TO_CART,40,0.00
2026-02-03,24,VIEW,980,0.00
2026-02-03,24,WISHLIST,73,0.00
2026-02-03,24,PURCHASE,50,883.97
2026-02-03,26,PREORDER,7,1115.22
2026-02-03,26,ADD_TO_CART,55,0.00
2026-02-03,26,VIEW,277,0.00
2026-02-03,26,WISHLIST,87,0.00
2026-02-03,26,PURCHASE,11,2385.26
2026-02-03,28,PREORDER,7,319.17
2026-02-03,28,ADD_TO_CART,42,0.00
2026-02-03,28,VIEW,368,0.00
2026-02-03,28,WISHLIST,95,0.00
2026-02-03,28,PURCHASE,24,1005.76
2026-02-03,30,PREORDER,5,449.82
2026-02-03,30,ADD_TO_CART,19,0.00
2026-02-03,30,VIEW,367,0.00
2026-02-03,30,WISHLIST,37,0.00
2026-02-03,30,PURCHASE,25,2404.16
2026-02-04,1,PREORDER,14,1104.96
2026-02-04,1,ADD_TO_CART,154,0.00
2026-02-04,1,VIEW,1109,0.00
2026-02-04,1,WISHLIST,237,0.00
2026-02-04,1,PURCHASE,44,1117.04
2026-02-04,3,PREORDER,6,516.08
2026-02-04,3,ADD_TO_CART,21,0.00
2026-02-04,3,VIEW,567,0.00
2026-02-04,3,WISHLIST,80,0.00
2026-02-04,3,PURCHASE,32,2064.01
2026-02-04,5,PREORDER,5,726.06
2026-02-04,5,ADD_TO_CART,22,0.00
2026-02-04,5,VIEW,330,0.00
2026-02-04,5,WISHLIST,98,0.00
2026-02-04,5,PURCHASE,28,2066.10
2026-02-04,7,PREORDER,6,1112.42
2026-02-04,7,ADD_TO_CART,43,0.00
2026-02-04,7,VIEW,926,0.00
2026-02-04,7,WISHLIST,56,0.00
2026-02-04,7,PURCHASE,24,1077.15
2026-02-04,9,PREORDER,8,476.89
2026-02-04,9,ADD_TO_CART,45,0.00
2026-02-04,9,VIEW,561,0.00
2026-02-04,9,WISHLIST,59,0.00
2026-02-04,9,PURCHASE,32,1864.53
2026-02-04,11,PREORDER,7,555.28
2026-02-04,11,ADD_TO_CART,32,0.00
2026-02-04,11,VIEW,229,0.00
2026-02-04,11,WISHLIST,106,0.00
2026-02-04,11,PURCHASE,16,1744.85
2026-02-04,13,PREORDER,7,795.12
2026-02-04,13,ADD_TO_CART,55,0.00
2026-02-04,13,VIEW,338,0.00
2026-02-04,13,WISHLIST,77,0.00
2026-02-04,13,PURCHASE,17,1946.42
2026-02-04,15,PREORDER,5,391.03
2026-02-04,15,ADD_TO_CART,30,0.00
2026-02-04,15,VIEW,630,0.00
2026-02-04,15,WISHLIST,108,0.00
2026-02-04,15,PURCHASE,26,1767.95
2026-02-04,17,PREORDER,3,917.37
2026-02-04,17,ADD_TO_CART,52,0.00
2026-02-04,17,VIEW,431,0.00
2026-02-04,17,WISHLIST,100,0.00
2026-02-04,17,PURCHASE,30,1606.27
2026-02-04,19,PREORDER,5,1075.09
2026-02-04,19,ADD_TO_CART,72,0.00
2026-02-04,19,VIEW,955,0.00
2026-02-04,19,WISHLIST,99,0.00
2026-02-04,19,PURCHASE,20,2240.38
2026-02-04,21,PREORDER,15,947.24
2026-02-04,21,ADD_TO_CART,55,0.00
2026-02-04,21,VIEW,497,0.00
2026-02-04,21,WISHLIST,144,0.00
2026-02-04,21,PURCHASE,18,2252.98
2026-02-04,23,PREORDER,4,692.46
2026-02-04,23,ADD_TO_CART,72,0.00
2026-02-04,23,VIEW,391,0.00
2026-02-04,23,WISHLIST,124,0.00
2026-02-04,23,PURCHASE,24,772.69
2026-02-04,25,PREORDER,8,583.28
2026-02-04,25,ADD_TO_CART,48,0.00
2026-02-04,25,VIEW,521,0.00
2026-02-04,25,WISHLIST,77,0.00
2026-02-04,25,PURCHASE,17,1614.67
2026-02-04,27,PREORDER,4,489.02
2026-02-04,27,ADD_TO_CART,17,0.00
2026-02-04,27,VIEW,229,0.00
2026-02-04,27,WISHLIST,75,0.00
2026-02-04,27,PURCHASE,32,1331.21
2026-02-04,29,PREORDER,5,791.39
2026-02-04,29,ADD_TO_CART,15,0.00
2026-02-04,29,VIEW,425,0.00
2026-02-04,29,WISHLIST,42,0.00
2026-02-04,29,PURCHASE,10,2160.59
2026-02-05,2,PREORDER,26,559.01
2026-02-05,2,ADD_TO_CART,72,0.00
2026-02-05,2,VIEW,2255,0.00
2026-02-05,2,WISHLIST,206,0.00
2026-02-05,2,PURCHASE,84,2122.80
2026-02-05,4,PREORDER,7,1015.37
2026-02-05,4,ADD_TO_CART,26,0.00
2026-02-05,4,VIEW,297,0.00
2026-02-05,4,WISHLIST,71,0.00
2026-02-05,4,PURCHASE,26,2299.17
2026-02-05,6,PREORDER,15,836.18
2026-02-05,6,ADD_TO_CART,75,0.00
2026-02-05,6,VIEW,523,0.00
2026-02-05,6,WISHLIST,128,0.00
2026-02-05,6,PURCHASE,29,2355.86
2026-02-05,8,PREORDER,10,878.18
2026-02-05,8,ADD_TO_CART,54,0.00
2026-02-05,8,VIEW,858,0.00
2026-02-05,8,WISHLIST,140,0.00
2026-02-05,8,PURCHASE,24,1912.83
2026-02-05,10,PREORDER,11,759.66
2026-02-05,10,ADD_TO_CART,34,0.00
2026-02-05,10,VIEW,623,0.00
2026-02-05,10,WISHLIST,76,0.00
2026-02-05,10,PURCHASE,15,1875.03
2026-02-05,12,PREORDER,7,894.04
2026-02-05,12,ADD_TO_CART,32,0.00
2026-02-05,12,VIEW,667,0.00
2026-02-05,12,WISHLIST,66,0.00
2026-02-05,12,PURCHASE,31,1902.33
2026-02-05,14,PREORDER,9,1067.63
2026-02-05,14,ADD_TO_CART,47,0.00
2026-02-05,14,VIEW,496,0.00
2026-02-05,14,WISHLIST,45,0.00
2026-02-05,14,PURCHASE,14,1690.26
2026-02-05,16,PREORDER,7,533.81
2026-02-05,16,ADD_TO_CART,17,0.00
2026-02-05,16,VIEW,602,0.00
2026-02-05,16,WISHLIST,33,0.00
2026-02-05,16,PURCHASE,35,1314.41
2026-02-05,18,PREORDER,4,1030.30
2026-02-05,18,ADD_TO_CART,30,0.00
2026-02-05,18,VIEW,672,0.00
2026-02-05,18,WISHLIST,45,0.00
2026-02-05,18,PURCHASE,14,1297.61
2026-02-05,20,PREORDER,5,1014.43
2026-02-05,20,ADD_TO_CART,58,0.00
2026-02-05,20,VIEW,763,0.00
2026-02-05,20,WISHLIST,70,0.00
2026-02-05,20,PURCHASE,38,1440.39
2026-02-05,22,PREORDER,8,482.49
2026-02-05,22,ADD_TO_CART,58,0.00
2026-02-05,22,VIEW,296,0.00
2026-02-05,22,WISHLIST,61,0.00
2026-02-05,22,PURCHASE,33,1007.86
2026-02-05,24,PREORDER,6,426.49
2026-02-05,24,ADD_TO_CART,65,0.00
2026-02-05,24,VIEW,765,0.00
2026-02-05,24,WISHLIST,113,0.00
2026-02-05,24,PURCHASE,31,1009.96
2026-02-05,26,PREORDER,7,781.12
2026-02-05,26,ADD_TO_CART,23,0.00
2026-02-05,26,VIEW,524,0.00
2026-02-05,26,WISHLIST,85,0.00
2026-02-05,26,PURCHASE,21,1560.08
2026-02-05,28,PREORDER,6,678.47
2026-02-05,28,ADD_TO_CART,54,0.00
2026-02-05,28,VIEW,403,0.00
2026-02-05,28,WISHLIST,96,0.00
2026-02-05,28,PURCHASE,24,1543.28
2026-02-05,30,PREORDER,9,774.59
2026-02-05,30,ADD_TO_CART,27,0.00
2026-02-05,30,VIEW,241,0.00
2026-02-05,30,WISHLIST,60,0.00
2026-02-05,30,PURCHASE,23,2208.88
2026-02-06,1,PREORDER,24,601.01
2026-02-06,1,ADD_TO_CART,139,0.00
2026-02-06,1,VIEW,759,0.00
2026-02-06,1,WISHLIST,298,0.00
2026-02-06,1,PURCHASE,39,1005.76
2026-02-06,3,PREORDER,5,525.41
2026-02-06,3,ADD_TO_CART,60,0.00
2026-02-06,3,VIEW,392,0.00
2026-02-06,3,WISHLIST,89,0.00
2026-02-06,3,PURCHASE,20,2330.67
2026-02-06,5,PREORDER,5,900.58
2026-02-06,5,ADD_TO_CART,41,0.00
2026-02-06,5,VIEW,887,0.00
2026-02-06,5,WISHLIST,73,0.00
2026-02-06,5,PURCHASE,18,2330.67
2026-02-06,7,PREORDER,12,1030.30
2026-02-06,7,ADD_TO_CART,70,0.00
2026-02-06,7,VIEW,529,0.00
2026-02-06,7,WISHLIST,144,0.00
2026-02-06,7,PURCHASE,19,2114.40
2026-02-06,9,PREORDER,11,314.50
2026-02-06,9,ADD_TO_CART,53,0.00
2026-02-06,9,VIEW,627,0.00
2026-02-06,9,WISHLIST,45,0.00
2026-02-06,9,PURCHASE,43,757.99
2026-02-06,11,PREORDER,7,1066.69
2026-02-06,11,ADD_TO_CART,28,0.00
2026-02-06,11,VIEW,712,0.00
2026-02-06,11,WISHLIST,71,0.00
2026-02-06,11,PURCHASE,20,1549.58
2026-02-06,13,PREORDER,5,1097.49
2026-02-06,13,ADD_TO_CART,48,0.00
2026-02-06,13,VIEW,583,0.00
2026-02-06,13,WISHLIST,104,0.00
2026-02-06,13,PURCHASE,33,1755.35
2026-02-06,15,PREORDER,11,689.66
2026-02-06,15,ADD_TO_CART,32,0.00
2026-02-06,15,VIEW,599,0.00
2026-02-06,15,WISHLIST,71,0.00
2026-02-06,15,PURCHASE,18,1606.27
2026-02-06,17,PREORDER,4,789.52
2026-02-06,17,ADD_TO_CART,33,0.00
2026-02-06,17,VIEW,425,0.00
2026-02-06,17,WISHLIST,82,0.00
2026-02-06,17,PURCHASE,19,674.00
2026-02-06,19,PREORDER,14,321.97
2026-02-06,19,ADD_TO_CART,37,0.00
2026-02-06,19,VIEW,505,0.00
2026-02-06,19,WISHLIST,95,0.00
2026-02-06,19,PURCHASE,34,1923.33
2026-02-06,21,PREORDER,4,967.77
2026-02-06,21,ADD_TO_CART,70,0.00
2026-02-06,21,VIEW,774,0.00
2026-02-06,21,WISHLIST,128,0.00
2026-02-06,21,PURCHASE,41,984.76
2026-02-06,23,PREORDER,12,845.52
2026-02-06,23,ADD_TO_CART,21,0.00
2026-02-06,23,VIEW,334,0.00
2026-02-06,23,WISHLIST,117,0.00
2026-02-06,23,PURCHASE,47,1975.82
2026-02-06,25,PREORDER,8,683.13
2026-02-06,25,ADD_TO_CART,20,0.00
2026-02-06,25,VIEW,377,0.00
2026-02-06,25,WISHLIST,76,0.00
2026-02-06,25,PURCHASE,13,2045.11
2026-02-06,27,PREORDER,5,815.65
2026-02-06,27,ADD_TO_CART,21,0.00
2026-02-06,27,VIEW,638,0.00
2026-02-06,27,WISHLIST,68,0.00
2026-02-06,27,PURCHASE,26,1173.73
2026-02-06,29,PREORDER,6,1022.83
2026-02-06,29,ADD_TO_CART,54,0.00
2026-02-06,29,VIEW,353,0.00
2026-02-06,29,WISHLIST,48,0.00
2026-02-06,29,PURCHASE,36,2475.55
2026-02-07,2,PREORDER,23,1105.89
2026-02-07,2,ADD_TO_CART,201,0.00
2026-02-07,2,VIEW,1824,0.00
2026-02-07,2,WISHLIST,318,0.00
2026-02-07,2,PURCHASE,108,1144.34
2026-02-07,4,PREORDER,9,1052.69
2026-02-07,4,ADD_TO_CART,44,0.00
2026-02-07,4,VIEW,554,0.00
2026-02-07,4,WISHLIST,125,0.00
2026-02-07,4,PURCHASE,49,2328.57
2026-02-07,6,PREORDER,16,517.95
2026-02-07,6,ADD_TO_CART,53,0.00
2026-02-07,6,VIEW,1006,0.00
2026-02-07,6,WISHLIST,189,0.00
2026-02-07,6,PURCHASE,48,814.68
2026-02-07,8,PREORDER,12,455.42
2026-02-07,8,ADD_TO_CART,82,0.00
2026-02-07,8,VIEW,1084,0.00
2026-02-07,8,WISHLIST,167,0.00
2026-02-07,8,PURCHASE,27,663.51
2026-02-07,10,PREORDER,4,422.76
2026-02-07,10,ADD_TO_CART,32,0.00
2026-02-07,10,VIEW,791,0.00
2026-02-07,10,WISHLIST,102,0.00
2026-02-07,10,PURCHASE,17,2221.48
2026-02-07,12,PREORDER,8,963.10
2026-02-07,12,ADD_TO_CART,40,0.00
2026-02-07,12,VIEW,878,0.00
2026-02-07,12,WISHLIST,77,0.00
2026-02-07,12,PURCHASE,19,2202.59
2026-02-07,14,PREORDER,14,1034.96
2026-02-07,14,ADD_TO_CART,27,0.00
2026-02-07,14,VIEW,759,0.00
2026-02-07,14,WISHLIST,62,0.00
2026-02-07,14,PURCHASE,33,1291.32
2026-02-07,16,PREORDER,7,315.44
2026-02-07,16,ADD_TO_CART,28,0.00
2026-02-07,16,VIEW,353,0.00
2026-02-07,16,WISHLIST,90,0.00
2026-02-07,16,PURCHASE,24,1194.73
2026-02-07,18,PREORDER,10,507.68
2026-02-07,18,ADD_TO_CART,67,0.00
2026-02-07,18,VIEW,712,0.00
2026-02-07,18,WISHLIST,79,0.00
2026-02-07,18,PURCHASE,34,1268.22
2026-02-07,20,PREORDER,6,359.30
2026-02-07,20,ADD_TO_CART,92,0.00
2026-02-07,20,VIEW,862,0.00
2026-02-07,20,WISHLIST,167,0.00
2026-02-07,20,PURCHASE,28,1854.04
2026-02-07,22,PREORDER,8,534.75
2026-02-07,22,ADD_TO_CART,32,0.00
2026-02-07,22,VIEW,731,0.00
2026-02-07,22,WISHLIST,102,0.00
2026-02-07,22,PURCHASE,36,2286.57
2026-02-07,24,PREORDER,5,1076.03
2026-02-07,24,ADD_TO_CART,57,0.00
2026-02-07,24,VIEW,546,0.00
2026-02-07,24,WISHLIST,130,0.00
2026-02-07,24,PURCHASE,18,2259.28
2026-02-07,26,PREORDER,6,553.41
2026-02-07,26,ADD_TO_CART,46,0.00
2026-02-07,26,VIEW,513,0.00
2026-02-07,26,WISHLIST,128,0.00
2026-02-07,26,PURCHASE,25,1280.82
2026-02-07,28,PREORDER,6,306.10
2026-02-07,28,ADD_TO_CART,41,0.00
2026-02-07,28,VIEW,653,0.00
2026-02-07,28,WISHLIST,83,0.00
2026-02-07,28,PURCHASE,13,795.79
2026-02-07,30,PREORDER,13,338.77
2026-02-07,30,ADD_TO_CART,53,0.00
2026-02-07,30,VIEW,245,0.00
2026-02-07,30,WISHLIST,118,0.00
2026-02-07,30,PURCHASE,39,2320.17
2026-02-08,1,PREORDER,16,425.56
2026-02-08,1,ADD_TO_CART,96,0.00
2026-02-08,1,VIEW,1812,0.00
2026-02-08,1,WISHLIST,245,0.00
2026-02-08,1,PURCHASE,46,1765.85
2026-02-08,3,PREORDER,17,730.73
2026-02-08,3,ADD_TO_CART,68,0.00
2026-02-08,3,VIEW,1172,0.00
2026-02-08,3,WISHLIST,94,0.00
2026-02-08,3,PURCHASE,43,980.56
2026-02-08,5,PREORDER,12,450.75
2026-02-08,5,ADD_TO_CART,79,0.00
2026-02-08,5,VIEW,1006,0.00
2026-02-08,5,WISHLIST,85,0.00
2026-02-08,5,PURCHASE,49,944.87
2026-02-08,7,PREORDER,15,1068.56
2026-02-08,7,ADD_TO_CART,49,0.00
2026-02-08,7,VIEW,1153,0.00
2026-02-08,7,WISHLIST,104,0.00
2026-02-08,7,PURCHASE,24,1526.48
2026-02-08,9,PREORDER,13,787.65
2026-02-08,9,ADD_TO_CART,46,0.00
2026-02-08,9,VIEW,1248,0.00
2026-02-08,9,WISHLIST,174,0.00
2026-02-08,9,PURCHASE,51,1589.47
2026-02-08,11,PREORDER,5,1090.02
2026-02-08,11,ADD_TO_CART,33,0.00
2026-02-08,11,VIEW,411,0.00
2026-02-08,11,WISHLIST,81,0.00
2026-02-08,11,PURCHASE,25,1912.83
2026-02-08,13,PREORDER,13,566.48
2026-02-08,13,ADD_TO_CART,19,0.00
2026-02-08,13,VIEW,788,0.00
2026-02-08,13,WISHLIST,38,0.00
2026-02-08,13,PURCHASE,32,1518.08
2026-02-08,15,PREORDER,8,953.77
2026-02-08,15,ADD_TO_CART,69,0.00
2026-02-08,15,VIEW,450,0.00
2026-02-08,15,WISHLIST,35,0.00
2026-02-08,15,PURCHASE,37,2286.57
2026-02-08,17,PREORDER,8,1019.10
2026-02-08,17,ADD_TO_CART,45,0.00
2026-02-08,17,VIEW,630,0.00
2026-02-08,17,WISHLIST,127,0.00
2026-02-08,17,PURCHASE,11,787.39
2026-02-08,19,PREORDER,7,1055.49
2026-02-08,19,ADD_TO_CART,58,0.00
2026-02-08,19,VIEW,651,0.00
2026-02-08,19,WISHLIST,189,0.00
2026-02-08,19,PURCHASE,44,1591.57
2026-02-08,21,PREORDER,17,714.86
2026-02-08,21,ADD_TO_CART,87,0.00
2026-02-08,21,VIEW,711,0.00
2026-02-08,21,WISHLIST,180,0.00
2026-02-08,21,PURCHASE,42,1274.52
2026-02-08,23,PREORDER,15,926.71
2026-02-08,23,ADD_TO_CART,64,0.00
2026-02-08,23,VIEW,527,0.00
2026-02-08,23,WISHLIST,140,0.00
2026-02-08,23,PURCHASE,21,2003.11
2026-02-08,25,PREORDER,5,830.58
2026-02-08,25,ADD_TO_CART,54,0.00
2026-02-08,25,VIEW,493,0.00
2026-02-08,25,WISHLIST,137,0.00
2026-02-08,25,PURCHASE,12,1824.64
2026-02-08,27,PREORDER,11,1038.70
2026-02-08,27,ADD_TO_CART,37,0.00
2026-02-08,27,VIEW,541,0.00
2026-02-08,27,WISHLIST,60,0.00
2026-02-08,27,PURCHASE,30,1929.62
2026-02-08,29,PREORDER,4,560.88
2026-02-08,29,ADD_TO_CART,43,0.00
2026-02-08,29,VIEW,545,0.00
2026-02-08,29,WISHLIST,90,0.00
2026-02-08,29,PURCHASE,26,2227.78
2026-02-09,2,PREORDER,20,419.02
2026-02-09,2,ADD_TO_CART,167,0.00
2026-02-09,2,VIEW,1970,0.00
2026-02-09,2,WISHLIST,270,0.00
2026-02-09,2,PURCHASE,102,774.79
2026-02-09,4,PREORDER,13,410.63
2026-02-09,4,ADD_TO_CART,21,0.00
2026-02-09,4,VIEW,764,0.00
2026-02-09,4,WISHLIST,79,0.00
2026-02-09,4,PURCHASE,15,1988.42
2026-02-09,6,PREORDER,5,580.48
2026-02-09,6,ADD_TO_CART,47,0.00
2026-02-09,6,VIEW,736,0.00
2026-02-09,6,WISHLIST,107,0.00
2026-02-09,6,PURCHASE,33,713.90
2026-02-09,8,PREORDER,6,312.64
2026-02-09,8,ADD_TO_CART,61,0.00
2026-02-09,8,VIEW,878,0.00
2026-02-09,8,WISHLIST,69,0.00
2026-02-09,8,PURCHASE,17,1602.07
2026-02-09,10,PREORDER,6,1116.16
2026-02-09,10,ADD_TO_CART,47,0.00
2026-02-09,10,VIEW,671,0.00
2026-02-09,10,WISHLIST,34,0.00
2026-02-09,10,PURCHASE,16,1037.25
2026-02-09,12,PREORDER,10,476.89
2026-02-09,12,ADD_TO_CART,36,0.00
2026-02-09,12,VIEW,282,0.00
2026-02-09,12,WISHLIST,55,0.00
2026-02-09,12,PURCHASE,15,814.68
2026-02-09,14,PREORDER,11,927.64
2026-02-09,14,ADD_TO_CART,30,0.00
2026-02-09,14,VIEW,607,0.00
2026-02-09,14,WISHLIST,29,0.00
2026-02-09,14,PURCHASE,34,1618.87
2026-02-09,16,PREORDER,8,846.45
2026-02-09,16,ADD_TO_CART,42,0.00
2026-02-09,16,VIEW,232,0.00
2026-02-09,16,WISHLIST,49,0.00
2026-02-09,16,PURCHASE,15,827.28
2026-02-09,18,PREORDER,6,946.31
2026-02-09,18,ADD_TO_CART,30,0.00
2026-02-09,18,VIEW,407,0.00
2026-02-09,18,WISHLIST,95,0.00
2026-02-09,18,PURCHASE,18,2026.21
2026-02-09,20,PREORDER,5,1043.36
2026-02-09,20,ADD_TO_CART,60,0.00
2026-02-09,20,VIEW,508,0.00
2026-02-09,20,WISHLIST,95,0.00
2026-02-09,20,PURCHASE,28,1198.93
2026-02-09,22,PREORDER,11,554.34
2026-02-09,22,ADD_TO_CART,56,0.00
2026-02-09,22,VIEW,305,0.00
2026-02-09,22,WISHLIST,44,0.00
2026-02-09,22,PURCHASE,21,2154.29
2026-02-09,24,PREORDER,4,604.74
2026-02-09,24,ADD_TO_CART,24,0.00
2026-02-09,24,VIEW,1004,0.00
2026-02-09,24,WISHLIST,91,0.00
2026-02-09,24,PURCHASE,28,961.66
2026-02-09,26,PREORDER,7,290.24
2026-02-09,26,ADD_TO_CART,33,0.00
2026-02-09,26,VIEW,694,0.00
2026-02-09,26,WISHLIST,44,0.00
2026-02-09,26,PURCHASE,28,1438.29
2026-02-09,28,PREORDER,4,349.97
2026-02-09,28,ADD_TO_CART,17,0.00
2026-02-09,28,VIEW,575,0.00
2026-02-09,28,WISHLIST,100,0.00
2026-02-09,28,PURCHASE,18,1616.77
2026-02-09,30,PREORDER,10,741.93
2026-02-09,30,ADD_TO_CART,55,0.00
2026-02-09,30,VIEW,666,0.00
2026-02-09,30,WISHLIST,53,0.00
2026-02-09,30,PURCHASE,35,743.29
2026-02-10,1,PREORDER,9,446.09
2026-02-10,1,ADD_TO_CART,93,0.00
2026-02-10,1,VIEW,1566,0.00
2026-02-10,1,WISHLIST,251,0.00
2026-02-10,1,PURCHASE,72,2299.17
2026-02-10,3,PREORDER,6,1110.56
2026-02-10,3,ADD_TO_CART,61,0.00
2026-02-10,3,VIEW,834,0.00
2026-02-10,3,WISHLIST,156,0.00
2026-02-10,3,PURCHASE,48,2519.64
2026-02-10,5,PREORDER,13,915.51
2026-02-10,5,ADD_TO_CART,27,0.00
2026-02-10,5,VIEW,429,0.00
2026-02-10,5,WISHLIST,157,0.00
2026-02-10,5,PURCHASE,19,1005.76
2026-02-10,7,PREORDER,13,825.92
2026-02-10,7,ADD_TO_CART,71,0.00
2026-02-10,7,VIEW,319,0.00
2026-02-10,7,WISHLIST,128,0.00
2026-02-10,7,PURCHASE,18,1923.33
2026-02-10,9,PREORDER,5,909.91
2026-02-10,9,ADD_TO_CART,53,0.00
2026-02-10,9,VIEW,494,0.00
2026-02-10,9,WISHLIST,125,0.00
2026-02-10,9,PURCHASE,26,1171.63
2026-02-10,11,PREORDER,3,973.37
2026-02-10,11,ADD_TO_CART,37,0.00
2026-02-10,11,VIEW,324,0.00
2026-02-10,11,WISHLIST,87,0.00
2026-02-10,11,PURCHASE,32,1320.71
2026-02-10,13,PREORDER,9,703.66
2026-02-10,13,ADD_TO_CART,43,0.00
2026-02-10,13,VIEW,405,0.00
2026-02-10,13,WISHLIST,61,0.00
2026-02-10,13,PURCHASE,20,2465.05
2026-02-10,15,PREORDER,8,937.91
2026-02-10,15,ADD_TO_CART,36,0.00
2026-02-10,15,VIEW,621,0.00
2026-02-10,15,WISHLIST,36,0.00
2026-02-10,15,PURCHASE,15,2097.60
2026-02-10,17,PREORDER,5,299.57
2026-02-10,17,ADD_TO_CART,52,0.00
2026-02-10,17,VIEW,580,0.00
2026-02-10,17,WISHLIST,31,0.00
2026-02-10,17,PURCHASE,21,2047.21
2026-02-10,19,PREORDER,8,307.04
2026-02-10,19,ADD_TO_CART,78,0.00
2026-02-10,19,VIEW,321,0.00
2026-02-10,19,WISHLIST,41,0.00
2026-02-10,19,PURCHASE,33,2255.08
2026-02-10,21,PREORDER,10,1081.63
2026-02-10,21,ADD_TO_CART,50,0.00
2026-02-10,21,VIEW,449,0.00
2026-02-10,21,WISHLIST,128,0.00
2026-02-10,21,PURCHASE,26,1056.15
2026-02-10,23,PREORDER,13,758.72
2026-02-10,23,ADD_TO_CART,35,0.00
2026-02-10,23,VIEW,466,0.00
2026-02-10,23,WISHLIST,53,0.00
2026-02-10,23,PURCHASE,16,2127.00
2026-02-10,25,PREORDER,10,863.25
2026-02-10,25,ADD_TO_CART,15,0.00
2026-02-10,25,VIEW,373,0.00
2026-02-10,25,WISHLIST,53,0.00
2026-02-10,25,PURCHASE,24,1990.52
2026-02-10,27,PREORDER,5,949.11
2026-02-10,27,ADD_TO_CART,23,0.00
2026-02-10,27,VIEW,583,0.00
2026-02-10,27,WISHLIST,66,0.00
2026-02-10,27,PURCHASE,16,2227.78
2026-02-10,29,PREORDER,3,850.18
2026-02-10,29,ADD_TO_CART,26,0.00
2026-02-10,29,VIEW,248,0.00
2026-02-10,29,WISHLIST,41,0.00
2026-02-10,29,PURCHASE,30,2234.08
2026-02-11,2,PREORDER,28,308.90
2026-02-11,2,ADD_TO_CART,195,0.00
2026-02-11,2,VIEW,1768,0.00
2026-02-11,2,WISHLIST,347,0.00
2026-02-11,2,PURCHASE,87,1087.64
2026-02-11,4,PREORDER,8,1041.50
2026-02-11,4,ADD_TO_CART,60,0.00
2026-02-11,4,VIEW,267,0.00
2026-02-11,4,WISHLIST,120,0.00
2026-02-11,4,PURCHASE,50,1683.96
2026-02-11,6,PREORDER,7,511.42
2026-02-11,6,ADD_TO_CART,27,0.00
2026-02-11,6,VIEW,272,0.00
2026-02-11,6,WISHLIST,128,0.00
2026-02-11,6,PURCHASE,33,2179.49
2026-02-11,8,PREORDER,12,335.97
2026-02-11,8,ADD_TO_CART,62,0.00
2026-02-11,8,VIEW,675,0.00
2026-02-11,8,WISHLIST,132,0.00
2026-02-11,8,PURCHASE,46,2431.45
2026-02-11,10,PREORDER,7,393.83
2026-02-11,10,ADD_TO_CART,36,0.00
2026-02-11,10,VIEW,399,0.00
2026-02-11,10,WISHLIST,45,0.00
2026-02-11,10,PURCHASE,34,1156.93
2026-02-11,12,PREORDER,9,369.56
2026-02-11,12,ADD_TO_CART,33,0.00
2026-02-11,12,VIEW,637,0.00
2026-02-11,12,WISHLIST,96,0.00
2026-02-11,12,PURCHASE,23,722.30
2026-02-11,14,PREORDER,4,299.57
2026-02-11,14,ADD_TO_CART,33,0.00
2026-02-11,14,VIEW,229,0.00
2026-02-11,14,WISHLIST,51,0.00
2026-02-11,14,PURCHASE,17,1014.16
2026-02-11,16,PREORDER,4,828.72
2026-02-11,16,ADD_TO_CART,45,0.00
2026-02-11,16,VIEW,222,0.00
2026-02-11,16,WISHLIST,80,0.00
2026-02-11,16,PURCHASE,28,1925.42
2026-02-11,18,PREORDER,4,669.13
2026-02-11,18,ADD_TO_CART,38,0.00
2026-02-11,18,VIEW,429,0.00
2026-02-11,18,WISHLIST,39,0.00
2026-02-11,18,PURCHASE,28,2164.79
2026-02-11,20,PREORDER,11,694.33
2026-02-11,20,ADD_TO_CART,35,0.00
2026-02-11,20,VIEW,271,0.00
2026-02-11,20,WISHLIST,150,0.00
2026-02-11,20,PURCHASE,49,1333.31
2026-02-11,22,PREORDER,7,899.64
2026-02-11,22,ADD_TO_CART,44,0.00
2026-02-11,22,VIEW,585,0.00
2026-02-11,22,WISHLIST,144,0.00
2026-02-11,22,PURCHASE,22,1075.05
2026-02-11,24,PREORDER,14,668.20
2026-02-11,24,ADD_TO_CART,39,0.00
2026-02-11,24,VIEW,664,0.00
2026-02-11,24,WISHLIST,45,0.00
2026-02-11,24,PURCHASE,27,2255.08
2026-02-11,26,PREORDER,11,491.82
2026-02-11,26,ADD_TO_CART,22,0.00
2026-02-11,26,VIEW,712,0.00
2026-02-11,26,WISHLIST,62,0.00
2026-02-11,26,PURCHASE,30,2431.45
2026-02-11,28,PREORDER,8,978.04
2026-02-11,28,ADD_TO_CART,49,0.00
2026-02-11,28,VIEW,389,0.00
2026-02-11,28,WISHLIST,36,0.00
2026-02-11,28,PURCHASE,23,632.01
2026-02-11,30,PREORDER,5,1052.69
2026-02-11,30,ADD_TO_CART,31,0.00
2026-02-11,30,VIEW,433,0.00
2026-02-11,30,WISHLIST,44,0.00
2026-02-11,30,PURCHASE,22,1026.75
2026-02-12,1,PREORDER,10,1046.16
2026-02-12,1,ADD_TO_CART,142,0.00
2026-02-12,1,VIEW,1035,0.00
2026-02-12,1,WISHLIST,270,0.00
2026-02-12,1,PURCHASE,59,1041.45
2026-02-12,3,PREORDER,13,751.26
2026-02-12,3,ADD_TO_CART,64,0.00
2026-02-12,3,VIEW,533,0.00
2026-02-12,3,WISHLIST,118,0.00
2026-02-12,3,PURCHASE,25,1075.05
2026-02-12,5,PREORDER,15,1070.43
2026-02-12,5,ADD_TO_CART,23,0.00
2026-02-12,5,VIEW,799,0.00
2026-02-12,5,WISHLIST,43,0.00
2026-02-12,5,PURCHASE,42,896.57
2026-02-12,7,PREORDER,12,430.22
2026-02-12,7,ADD_TO_CART,52,0.00
2026-02-12,7,VIEW,528,0.00
2026-02-12,7,WISHLIST,60,0.00
2026-02-12,7,PURCHASE,38,959.56
2026-02-12,9,PREORDER,6,707.40
2026-02-12,9,ADD_TO_CART,38,0.00
2026-02-12,9,VIEW,762,0.00
2026-02-12,9,WISHLIST,108,0.00
2026-02-12,9,PURCHASE,48,1492.89
2026-02-12,11,PREORDER,6,431.16
2026-02-12,11,ADD_TO_CART,43,0.00
2026-02-12,11,VIEW,521,0.00
2026-02-12,11,WISHLIST,40,0.00
2026-02-12,11,PURCHASE,28,1774.25
2026-02-12,13,PREORDER,9,358.36
2026-02-12,13,ADD_TO_CART,26,0.00
2026-02-12,13,VIEW,685,0.00
2026-02-12,13,WISHLIST,63,0.00
2026-02-12,13,PURCHASE,36,961.66
2026-02-12,15,PREORDER,4,1058.29
2026-02-12,15,ADD_TO_CART,17,0.00
2026-02-12,15,VIEW,522,0.00
2026-02-12,15,WISHLIST,98,0.00
2026-02-12,15,PURCHASE,33,846.18
2026-02-12,17,PREORDER,6,755.92
2026-02-12,17,ADD_TO_CART,17,0.00
2026-02-12,17,VIEW,575,0.00
2026-02-12,17,WISHLIST,110,0.00
2026-02-12,17,PURCHASE,9,732.80
2026-02-12,19,PREORDER,8,818.45
2026-02-12,19,ADD_TO_CART,53,0.00
2026-02-12,19,VIEW,745,0.00
2026-02-12,19,WISHLIST,105,0.00
2026-02-12,19,PURCHASE,23,1012.06
2026-02-12,21,PREORDER,5,836.18
2026-02-12,21,ADD_TO_CART,57,0.00
2026-02-12,21,VIEW,550,0.00
2026-02-12,21,WISHLIST,131,0.00
2026-02-12,21,PURCHASE,34,1923.33
2026-02-12,23,PREORDER,8,1059.23
2026-02-12,23,ADD_TO_CART,50,0.00
2026-02-12,23,VIEW,559,0.00
2026-02-12,23,WISHLIST,153,0.00
2026-02-12,23,PURCHASE,24,741.19
2026-02-12,25,PREORDER,7,705.53
2026-02-12,25,ADD_TO_CART,31,0.00
2026-02-12,25,VIEW,237,0.00
2026-02-12,25,WISHLIST,98,0.00
2026-02-12,25,PURCHASE,27,1429.90
2026-02-12,27,PREORDER,5,930.44
2026-02-12,27,ADD_TO_CART,36,0.00
2026-02-12,27,VIEW,257,0.00
2026-02-12,27,WISHLIST,54,0.00
2026-02-12,27,PURCHASE,35,2091.30
2026-02-12,29,PREORDER,10,638.34
2026-02-12,29,ADD_TO_CART,39,0.00
2026-02-12,29,VIEW,365,0.00
2026-02-12,29,WISHLIST,76,0.00
2026-02-12,29,PURCHASE,19,2412.56
2026-02-13,2,PREORDER,12,1091.89
2026-02-13,2,ADD_TO_CART,172,0.00
2026-02-13,2,VIEW,762,0.00
2026-02-13,2,WISHLIST,347,0.00
2026-02-13,2,PURCHASE,102,1177.93
2026-02-13,4,PREORDER,13,501.15
2026-02-13,4,ADD_TO_CART,51,0.00
2026-02-13,4,VIEW,965,0.00
2026-02-13,4,WISHLIST,150,0.00
2026-02-13,4,PURCHASE,15,2303.37
2026-02-13,6,PREORDER,6,990.17
2026-02-13,6,ADD_TO_CART,22,0.00
2026-02-13,6,VIEW,499,0.00
2026-02-13,6,WISHLIST,96,0.00
2026-02-13,6,PURCHASE,26,1297.61
2026-02-13,8,PREORDER,10,749.39
2026-02-13,8,ADD_TO_CART,45,0.00
2026-02-13,8,VIEW,261,0.00
2026-02-13,8,WISHLIST,103,0.00
2026-02-13,8,PURCHASE,47,1896.03
2026-02-13,10,PREORDER,11,692.46
2026-02-13,10,ADD_TO_CART,52,0.00
2026-02-13,10,VIEW,589,0.00
2026-02-13,10,WISHLIST,72,0.00
2026-02-13,10,PURCHASE,16,2374.76
2026-02-13,12,PREORDER,5,338.77
2026-02-13,12,ADD_TO_CART,27,0.00
2026-02-13,12,VIEW,489,0.00
2026-02-13,12,WISHLIST,46,0.00
2026-02-13,12,PURCHASE,23,2013.61
2026-02-13,14,PREORDER,7,1077.89
2026-02-13,14,ADD_TO_CART,35,0.00
2026-02-13,14,VIEW,590,0.00
2026-02-13,14,WISHLIST,44,0.00
2026-02-13,14,PURCHASE,35,1669.26
2026-02-13,16,PREORDER,4,929.51
2026-02-13,16,ADD_TO_CART,35,0.00
2026-02-13,16,VIEW,263,0.00
2026-02-13,16,WISHLIST,31,0.00
2026-02-13,16,PURCHASE,25,688.70
2026-02-13,18,PREORDER,5,811.92
2026-02-13,18,ADD_TO_CART,26,0.00
2026-02-13,18,VIEW,562,0.00
2026-02-13,18,WISHLIST,72,0.00
2026-02-13,18,PURCHASE,28,2357.96
2026-02-13,20,PREORDER,6,740.99
2026-02-13,20,ADD_TO_CART,31,0.00
2026-02-13,20,VIEW,946,0.00
2026-02-13,20,WISHLIST,103,0.00
2026-02-13,20,PURCHASE,24,1442.49
2026-02-13,22,PREORDER,14,336.90
2026-02-13,22,ADD_TO_CART,24,0.00
2026-02-13,22,VIEW,342,0.00
2026-02-13,22,WISHLIST,62,0.00
2026-02-13,22,PURCHASE,44,2500.74
2026-02-13,24,PREORDER,6,442.36
2026-02-13,24,ADD_TO_CART,76,0.00
2026-02-13,24,VIEW,843,0.00
2026-02-13,24,WISHLIST,53,0.00
2026-02-13,24,PURCHASE,45,804.19
2026-02-13,26,PREORDER,7,913.64
2026-02-13,26,ADD_TO_CART,40,0.00
2026-02-13,26,VIEW,257,0.00
2026-02-13,26,WISHLIST,112,0.00
2026-02-13,26,PURCHASE,18,1343.81
2026-02-13,28,PREORDER,8,475.02
2026-02-13,28,ADD_TO_CART,36,0.00
2026-02-13,28,VIEW,514,0.00
2026-02-13,28,WISHLIST,48,0.00
2026-02-13,28,PURCHASE,21,1423.60
2026-02-13,30,PREORDER,4,1110.56
2026-02-13,30,ADD_TO_CART,29,0.00
2026-02-13,30,VIEW,613,0.00
2026-02-13,30,WISHLIST,102,0.00
2026-02-13,30,PURCHASE,35,1864.53
2026-02-14,1,PREORDER,24,506.75
2026-02-14,1,ADD_TO_CART,163,0.00
2026-02-14,1,VIEW,1985,0.00
2026-02-14,1,WISHLIST,346,0.00
2026-02-14,1,PURCHASE,42,2242.48
2026-02-14,3,PREORDER,11,593.54
2026-02-14,3,ADD_TO_CART,97,0.00
2026-02-14,3,VIEW,412,0.00
2026-02-14,3,WISHLIST,105,0.00
2026-02-14,3,PURCHASE,16,1782.65
2026-02-14,5,PREORDER,8,899.64
2026-02-14,5,ADD_TO_CART,50,0.00
2026-02-14,5,VIEW,1172,0.00
2026-02-14,5,WISHLIST,133,0.00
2026-02-14,5,PURCHASE,39,2452.45
2026-02-14,7,PREORDER,11,771.79
2026-02-14,7,ADD_TO_CART,65,0.00
2026-02-14,7,VIEW,580,0.00
2026-02-14,7,WISHLIST,69,0.00
2026-02-14,7,PURCHASE,54,2116.50
2026-02-14,9,PREORDER,15,1004.17
2026-02-14,9,ADD_TO_CART,54,0.00
2026-02-14,9,VIEW,631,0.00
2026-02-14,9,WISHLIST,162,0.00
2026-02-14,9,PURCHASE,61,659.31
2026-02-14,11,PREORDER,12,847.38
2026-02-14,11,ADD_TO_CART,50,0.00
2026-02-14,11,VIEW,359,0.00
2026-02-14,11,WISHLIST,132,0.00
2026-02-14,11,PURCHASE,42,711.80
2026-02-14,13,PREORDER,7,523.55
2026-02-14,13,ADD_TO_CART,55,0.00
2026-02-14,13,VIEW,648,0.00
2026-02-14,13,WISHLIST,130,0.00
2026-02-14,13,PURCHASE,45,2152.19
2026-02-14,15,PREORDER,7,766.19
2026-02-14,15,ADD_TO_CART,22,0.00
2026-02-14,15,VIEW,619,0.00
2026-02-14,15,WISHLIST,65,0.00
2026-02-14,15,PURCHASE,23,2122.80
2026-02-14,17,PREORDER,11,1015.37
2026-02-14,17,ADD_TO_CART,41,0.00
2026-02-14,17,VIEW,331,0.00
2026-02-14,17,WISHLIST,126,0.00
2026-02-14,17,PURCHASE,23,1625.17
2026-02-14,19,PREORDER,19,944.44
2026-02-14,19,ADD_TO_CART,41,0.00
2026-02-14,19,VIEW,1096,0.00
2026-02-14,19,WISHLIST,105,0.00
2026-02-14,19,PURCHASE,22,776.89
2026-02-14,21,PREORDER,10,1092.82
2026-02-14,21,ADD_TO_CART,73,0.00
2026-02-14,21,VIEW,925,0.00
2026-02-14,21,WISHLIST,101,0.00
2026-02-14,21,PURCHASE,55,634.11
2026-02-14,23,PREORDER,11,342.50
2026-02-14,23,ADD_TO_CART,52,0.00
2026-02-14,23,VIEW,453,0.00
2026-02-14,23,WISHLIST,194,0.00
2026-02-14,23,PURCHASE,46,2124.90
2026-02-14,25,PREORDER,10,308.90
2026-02-14,25,ADD_TO_CART,35,0.00
2026-02-14,25,VIEW,664,0.00
2026-02-14,25,WISHLIST,133,0.00
2026-02-14,25,PURCHASE,38,1849.84
2026-02-14,27,PREORDER,7,826.85
2026-02-14,27,ADD_TO_CART,60,0.00
2026-02-14,27,VIEW,878,0.00
2026-02-14,27,WISHLIST,86,0.00
2026-02-14,27,PURCHASE,25,1079.25
2026-02-14,29,PREORDER,4,388.23
2026-02-14,29,ADD_TO_CART,20,0.00
2026-02-14,29,VIEW,760,0.00
2026-02-14,29,WISHLIST,36,0.00
2026-02-14,29,PURCHASE,30,1864.53
2026-02-15,2,PREORDER,37,799.79
2026-02-15,2,ADD_TO_CART,102,0.00
2026-02-15,2,VIEW,1932,0.00
2026-02-15,2,WISHLIST,125,0.00
2026-02-15,2,PURCHASE,154,1287.12
2026-02-15,4,PREORDER,11,649.54
2026-02-15,4,ADD_TO_CART,81,0.00
2026-02-15,4,VIEW,965,0.00
2026-02-15,4,WISHLIST,95,0.00
2026-02-15,4,PURCHASE,16,1919.13
2026-02-15,6,PREORDER,12,959.37
2026-02-15,6,ADD_TO_CART,41,0.00
2026-02-15,6,VIEW,775,0.00
2026-02-15,6,WISHLIST,140,0.00
2026-02-15,6,PURCHASE,60,1673.46
2026-02-15,8,PREORDER,12,853.91
2026-02-15,8,ADD_TO_CART,61,0.00
2026-02-15,8,VIEW,1113,0.00
2026-02-15,8,WISHLIST,148,0.00
2026-02-15,8,PURCHASE,44,1872.93
2026-02-15,10,PREORDER,6,967.77
2026-02-15,10,ADD_TO_CART,23,0.00
2026-02-15,10,VIEW,493,0.00
2026-02-15,10,WISHLIST,101,0.00
2026-02-15,10,PURCHASE,15,1127.54
2026-02-15,12,PREORDER,11,1029.36
2026-02-15,12,ADD_TO_CART,56,0.00
2026-02-15,12,VIEW,356,0.00
2026-02-15,12,WISHLIST,86,0.00
2026-02-15,12,PURCHASE,32,2339.07
2026-02-15,14,PREORDER,9,1118.95
2026-02-15,14,ADD_TO_CART,35,0.00
2026-02-15,14,VIEW,584,0.00
2026-02-15,14,WISHLIST,59,0.00
2026-02-15,14,PURCHASE,26,2345.36
2026-02-15,16,PREORDER,8,918.31
2026-02-15,16,ADD_TO_CART,58,0.00
2026-02-15,16,VIEW,430,0.00
2026-02-15,16,WISHLIST,48,0.00
2026-02-15,16,PURCHASE,44,1282.92
2026-02-15,18,PREORDER,4,362.10
2026-02-15,18,ADD_TO_CART,46,0.00
2026-02-15,18,VIEW,655,0.00
2026-02-15,18,WISHLIST,64,0.00
2026-02-15,18,PURCHASE,21,646.71
2026-02-15,20,PREORDER,16,654.20
2026-02-15,20,ADD_TO_CART,28,0.00
2026-02-15,20,VIEW,958,0.00
2026-02-15,20,WISHLIST,53,0.00
2026-02-15,20,PURCHASE,50,1381.60
2026-02-15,22,PREORDER,18,482.49
2026-02-15,22,ADD_TO_CART,70,0.00
2026-02-15,22,VIEW,337,0.00
2026-02-15,22,WISHLIST,116,0.00
2026-02-15,22,PURCHASE,51,768.49
2026-02-15,24,PREORDER,16,957.50
2026-02-15,24,ADD_TO_CART,72,0.00
2026-02-15,24,VIEW,460,0.00
2026-02-15,24,WISHLIST,163,0.00
2026-02-15,24,PURCHASE,22,2469.25
2026-02-15,26,PREORDER,12,706.46
2026-02-15,26,ADD_TO_CART,18,0.00
2026-02-15,26,VIEW,735,0.00
2026-02-15,26,WISHLIST,49,0.00
2026-02-15,26,PURCHASE,40,1499.19
2026-02-15,28,PREORDER,14,426.49
2026-02-15,28,ADD_TO_CART,42,0.00
2026-02-15,28,VIEW,596,0.00
2026-02-15,28,WISHLIST,46,0.00
2026-02-15,28,PURCHASE,16,1931.72
2026-02-15,30,PREORDER,5,559.94
2026-02-15,30,ADD_TO_CART,59,0.00
2026-02-15,30,VIEW,545,0.00
2026-02-15,30,WISHLIST,65,0.00
2026-02-15,30,PURCHASE,28,1644.07
2026-02-16,1,PREORDER,20,754.06
2026-02-16,1,ADD_TO_CART,83,0.00
2026-02-16,1,VIEW,1536,0.00
2026-02-16,1,WISHLIST,304,0.00
2026-02-16,1,PURCHASE,99,1515.98
2026-02-16,3,PREORDER,14,797.92
2026-02-16,3,ADD_TO_CART,27,0.00
2026-02-16,3,VIEW,785,0.00
2026-02-16,3,WISHLIST,134,0.00
2026-02-16,3,PURCHASE,30,2328.57
2026-02-16,5,PREORDER,5,1044.30
2026-02-16,5,ADD_TO_CART,29,0.00
2026-02-16,5,VIEW,570,0.00
2026-02-16,5,WISHLIST,64,0.00
2026-02-16,5,PURCHASE,33,2458.75
2026-02-16,7,PREORDER,7,883.78
2026-02-16,7,ADD_TO_CART,69,0.00
2026-02-16,7,VIEW,285,0.00
2026-02-16,7,WISHLIST,98,0.00
2026-02-16,7,PURCHASE,48,2036.71
2026-02-16,9,PREORDER,13,458.22
2026-02-16,9,ADD_TO_CART,43,0.00
2026-02-16,9,VIEW,282,0.00
2026-02-16,9,WISHLIST,111,0.00
2026-02-16,9,PURCHASE,20,1471.89
2026-02-16,11,PREORDER,7,984.57
2026-02-16,11,ADD_TO_CART,35,0.00
2026-02-16,11,VIEW,497,0.00
2026-02-16,11,WISHLIST,43,0.00
2026-02-16,11,PURCHASE,26,980.56
2026-02-16,13,PREORDER,8,288.37
2026-02-16,13,ADD_TO_CART,54,0.00
2026-02-16,13,VIEW,317,0.00
2026-02-16,13,WISHLIST,99,0.00
2026-02-16,13,PURCHASE,21,1650.36
2026-02-16,15,PREORDER,7,663.53
2026-02-16,15,ADD_TO_CART,42,0.00
2026-02-16,15,VIEW,346,0.00
2026-02-16,15,WISHLIST,88,0.00
2026-02-16,15,PURCHASE,21,1648.26
2026-02-16,17,PREORDER,10,392.89
2026-02-16,17,ADD_TO_CART,40,0.00
2026-02-16,17,VIEW,323,0.00
2026-02-16,17,WISHLIST,81,0.00
2026-02-16,17,PURCHASE,23,1589.47
2026-02-16,19,PREORDER,6,863.25
2026-02-16,19,ADD_TO_CART,54,0.00
2026-02-16,19,VIEW,821,0.00
2026-02-16,19,WISHLIST,63,0.00
2026-02-16,19,PURCHASE,32,837.78
2026-02-16,21,PREORDER,4,351.83
2026-02-16,21,ADD_TO_CART,38,0.00
2026-02-16,21,VIEW,405,0.00
2026-02-16,21,WISHLIST,155,0.00
2026-02-16,21,PURCHASE,34,2074.50
2026-02-16,23,PREORDER,13,355.56
2026-02-16,23,ADD_TO_CART,32,0.00
2026-02-16,23,VIEW,823,0.00
2026-02-16,23,WISHLIST,148,0.00
2026-02-16,23,PURCHASE,33,1085.54
2026-02-16,25,PREORDER,4,365.83
2026-02-16,25,ADD_TO_CART,41,0.00
2026-02-16,25,VIEW,491,0.00
2026-02-16,25,WISHLIST,91,0.00
2026-02-16,25,PURCHASE,21,1690.26
2026-02-16,27,PREORDER,3,659.80
2026-02-16,27,ADD_TO_CART,17,0.00
2026-02-16,27,VIEW,464,0.00
2026-02-16,27,WISHLIST,87,0.00
2026-02-16,27,PURCHASE,23,789.49
2026-02-16,29,PREORDER,3,703.66
2026-02-16,29,ADD_TO_CART,49,0.00
2026-02-16,29,VIEW,714,0.00
2026-02-16,29,WISHLIST,102,0.00
2026-02-16,29,PURCHASE,26,2483.95
2026-02-17,2,PREORDER,30,456.35
2026-02-17,2,ADD_TO_CART,60,0.00
2026-02-17,2,VIEW,1476,0.00
2026-02-17,2,WISHLIST,256,0.00
2026-02-17,2,PURCHASE,41,1902.33
2026-02-17,4,PREORDER,8,293.04
2026-02-17,4,ADD_TO_CART,40,0.00
2026-02-17,4,VIEW,358,0.00
2026-02-17,4,WISHLIST,120,0.00
2026-02-17,4,PURCHASE,39,1012.06
2026-02-17,6,PREORDER,11,856.71
2026-02-17,6,ADD_TO_CART,28,0.00
2026-02-17,6,VIEW,488,0.00
2026-02-17,6,WISHLIST,87,0.00
2026-02-17,6,PURCHASE,48,1868.73
2026-02-17,8,PREORDER,10,873.51
2026-02-17,8,ADD_TO_CART,39,0.00
2026-02-17,8,VIEW,978,0.00
2026-02-17,8,WISHLIST,75,0.00
2026-02-17,8,PURCHASE,47,1291.32
2026-02-17,10,PREORDER,7,550.61
2026-02-17,10,ADD_TO_CART,51,0.00
2026-02-17,10,VIEW,212,0.00
2026-02-17,10,WISHLIST,50,0.00
2026-02-17,10,PURCHASE,33,1696.56
2026-02-17,12,PREORDER,6,824.05
2026-02-17,12,ADD_TO_CART,20,0.00
2026-02-17,12,VIEW,410,0.00
2026-02-17,12,WISHLIST,31,0.00
2026-02-17,12,PURCHASE,36,1799.44
2026-02-17,14,PREORDER,5,839.92
2026-02-17,14,ADD_TO_CART,39,0.00
2026-02-17,14,VIEW,697,0.00
2026-02-17,14,WISHLIST,76,0.00
2026-02-17,14,PURCHASE,26,774.79
2026-02-17,16,PREORDER,8,780.19
2026-02-17,16,ADD_TO_CART,36,0.00
2026-02-17,16,VIEW,262,0.00
2026-02-17,16,WISHLIST,101,0.00
2026-02-17,16,PURCHASE,17,718.10
2026-02-17,18,PREORDER,11,729.79
2026-02-17,18,ADD_TO_CART,34,0.00
2026-02-17,18,VIEW,188,0.00
2026-02-17,18,WISHLIST,91,0.00
2026-02-17,18,PURCHASE,31,1572.68
2026-02-17,20,PREORDER,5,846.45
2026-02-17,20,ADD_TO_CART,22,0.00
2026-02-17,20,VIEW,831,0.00
2026-02-17,20,WISHLIST,121,0.00
2026-02-17,20,PURCHASE,30,850.38
2026-02-17,22,PREORDER,7,1041.50
2026-02-17,22,ADD_TO_CART,30,0.00
2026-02-17,22,VIEW,439,0.00
2026-02-17,22,WISHLIST,84,0.00
2026-02-17,22,PURCHASE,48,1520.18
2026-02-17,24,PREORDER,13,534.75
2026-02-17,24,ADD_TO_CART,68,0.00
2026-02-17,24,VIEW,712,0.00
2026-02-17,24,WISHLIST,52,0.00
2026-02-17,24,PURCHASE,18,1952.72
2026-02-17,26,PREORDER,10,769.92
2026-02-17,26,ADD_TO_CART,15,0.00
2026-02-17,26,VIEW,271,0.00
2026-02-17,26,WISHLIST,73,0.00
2026-02-17,26,PURCHASE,35,753.79
2026-02-17,28,PREORDER,3,814.72
2026-02-17,28,ADD_TO_CART,41,0.00
2026-02-17,28,VIEW,712,0.00
2026-02-17,28,WISHLIST,101,0.00
2026-02-17,28,PURCHASE,11,2330.67
2026-02-17,30,PREORDER,6,949.11
2026-02-17,30,ADD_TO_CART,14,0.00
2026-02-17,30,VIEW,484,0.00
2026-02-17,30,WISHLIST,59,0.00
2026-02-17,30,PURCHASE,27,1253.52
2026-02-18,1,PREORDER,14,907.11
2026-02-18,1,ADD_TO_CART,140,0.00
2026-02-18,1,VIEW,1230,0.00
2026-02-18,1,WISHLIST,313,0.00
2026-02-18,1,PURCHASE,30,955.36
2026-02-18,3,PREORDER,13,738.19
2026-02-18,3,ADD_TO_CART,28,0.00
2026-02-18,3,VIEW,995,0.00
2026-02-18,3,WISHLIST,85,0.00
2026-02-18,3,PURCHASE,24,697.10
2026-02-18,5,PREORDER,6,579.54
2026-02-18,5,ADD_TO_CART,28,0.00
2026-02-18,5,VIEW,880,0.00
2026-02-18,5,WISHLIST,150,0.00
2026-02-18,5,PURCHASE,21,1159.03
2026-02-18,7,PREORDER,7,969.64
2026-02-18,7,ADD_TO_CART,64,0.00
2026-02-18,7,VIEW,451,0.00
2026-02-18,7,WISHLIST,75,0.00
2026-02-18,7,PURCHASE,31,1998.91
2026-02-18,9,PREORDER,8,529.15
2026-02-18,9,ADD_TO_CART,48,0.00
2026-02-18,9,VIEW,538,0.00
2026-02-18,9,WISHLIST,116,0.00
2026-02-18,9,PURCHASE,27,1484.49
2026-02-18,11,PREORDER,6,1003.23
2026-02-18,11,ADD_TO_CART,19,0.00
2026-02-18,11,VIEW,655,0.00
2026-02-18,11,WISHLIST,80,0.00
2026-02-18,11,PURCHASE,25,892.37
2026-02-18,13,PREORDER,9,852.98
2026-02-18,13,ADD_TO_CART,32,0.00
2026-02-18,13,VIEW,566,0.00
2026-02-18,13,WISHLIST,78,0.00
2026-02-18,13,PURCHASE,29,791.59
2026-02-18,15,PREORDER,5,1070.43
2026-02-18,15,ADD_TO_CART,50,0.00
2026-02-18,15,VIEW,334,0.00
2026-02-18,15,WISHLIST,74,0.00
2026-02-18,15,PURCHASE,25,2481.85
2026-02-18,17,PREORDER,8,836.18
2026-02-18,17,ADD_TO_CART,43,0.00
2026-02-18,17,VIEW,703,0.00
2026-02-18,17,WISHLIST,30,0.00
2026-02-18,17,PURCHASE,34,730.70
2026-02-18,19,PREORDER,8,1066.69
2026-02-18,19,ADD_TO_CART,53,0.00
2026-02-18,19,VIEW,535,0.00
2026-02-18,19,WISHLIST,121,0.00
2026-02-18,19,PURCHASE,34,2103.90
2026-02-18,21,PREORDER,6,871.65
2026-02-18,21,ADD_TO_CART,69,0.00
2026-02-18,21,VIEW,371,0.00
2026-02-18,21,WISHLIST,155,0.00
2026-02-18,21,PURCHASE,44,2250.88
2026-02-18,23,PREORDER,5,312.64
2026-02-18,23,ADD_TO_CART,66,0.00
2026-02-18,23,VIEW,268,0.00
2026-02-18,23,WISHLIST,112,0.00
2026-02-18,23,PURCHASE,36,2477.65
2026-02-18,25,PREORDER,7,812.85
2026-02-18,25,ADD_TO_CART,25,0.00
2026-02-18,25,VIEW,263,0.00
2026-02-18,25,WISHLIST,34,0.00
2026-02-18,25,PURCHASE,29,1190.53
2026-02-18,27,PREORDER,7,910.84
2026-02-18,27,ADD_TO_CART,27,0.00
2026-02-18,27,VIEW,422,0.00
2026-02-18,27,WISHLIST,68,0.00
2026-02-18,27,PURCHASE,25,1809.94
2026-02-18,29,PREORDER,11,856.71
2026-02-18,29,ADD_TO_CART,42,0.00
2026-02-18,29,VIEW,359,0.00
2026-02-18,29,WISHLIST,36,0.00
2026-02-18,29,PURCHASE,9,1887.63
2026-02-19,2,PREORDER,22,911.78
2026-02-19,2,ADD_TO_CART,148,0.00
2026-02-19,2,VIEW,1823,0.00
2026-02-19,2,WISHLIST,272,0.00
2026-02-19,2,PURCHASE,115,1728.05
2026-02-19,4,PREORDER,11,418.09
2026-02-19,4,ADD_TO_CART,25,0.00
2026-02-19,4,VIEW,911,0.00
2026-02-19,4,WISHLIST,92,0.00
2026-02-19,4,PURCHASE,48,2414.66
2026-02-19,6,PREORDER,7,556.21
2026-02-19,6,ADD_TO_CART,23,0.00
2026-02-19,6,VIEW,260,0.00
2026-02-19,6,WISHLIST,122,0.00
2026-02-19,6,PURCHASE,26,2087.10
2026-02-19,8,PREORDER,5,558.08
2026-02-19,8,ADD_TO_CART,67,0.00
2026-02-19,8,VIEW,629,0.00
2026-02-19,8,WISHLIST,148,0.00
2026-02-19,8,PURCHASE,46,1581.07
2026-02-19,10,PREORDER,9,300.50
2026-02-19,10,ADD_TO_CART,30,0.00
2026-02-19,10,VIEW,320,0.00
2026-02-19,10,WISHLIST,74,0.00
2026-02-19,10,PURCHASE,16,1148.54
2026-02-19,12,PREORDER,3,295.84
2026-02-19,12,ADD_TO_CART,43,0.00
2026-02-19,12,VIEW,319,0.00
2026-02-19,12,WISHLIST,111,0.00
2026-02-19,12,PURCHASE,9,1465.59
2026-02-19,14,PREORDER,3,909.91
2026-02-19,14,ADD_TO_CART,27,0.00
2026-02-19,14,VIEW,591,0.00
2026-02-19,14,WISHLIST,84,0.00
2026-02-19,14,PURCHASE,10,965.86
2026-02-19,16,PREORDER,5,903.38
2026-02-19,16,ADD_TO_CART,50,0.00
2026-02-19,16,VIEW,375,0.00
2026-02-19,16,WISHLIST,29,0.00
2026-02-19,16,PURCHASE,33,1402.60
2026-02-19,18,PREORDER,10,1057.36
2026-02-19,18,ADD_TO_CART,33,0.00
2026-02-19,18,VIEW,559,0.00
2026-02-19,18,WISHLIST,35,0.00
2026-02-19,18,PURCHASE,18,2439.85
2026-02-19,20,PREORDER,5,727.93
2026-02-19,20,ADD_TO_CART,31,0.00
2026-02-19,20,VIEW,1005,0.00
2026-02-19,20,WISHLIST,60,0.00
2026-02-19,20,PURCHASE,18,728.60
2026-02-19,22,PREORDER,8,1090.02
2026-02-19,22,ADD_TO_CART,41,0.00
2026-02-19,22,VIEW,412,0.00
2026-02-19,22,WISHLIST,144,0.00
2026-02-19,22,PURCHASE,43,799.99
2026-02-19,24,PREORDER,16,1054.56
2026-02-19,24,ADD_TO_CART,31,0.00
2026-02-19,24,VIEW,348,0.00
2026-02-19,24,WISHLIST,123,0.00
2026-02-19,24,PURCHASE,40,2324.37
2026-02-19,26,PREORDER,8,996.70
2026-02-19,26,ADD_TO_CART,37,0.00
2026-02-19,26,VIEW,636,0.00
2026-02-19,26,WISHLIST,82,0.00
2026-02-19,26,PURCHASE,17,816.78
2026-02-19,28,PREORDER,7,1065.76
2026-02-19,28,ADD_TO_CART,47,0.00
2026-02-19,28,VIEW,226,0.00
2026-02-19,28,WISHLIST,38,0.00
2026-02-19,28,PURCHASE,31,2066.10
2026-02-19,30,PREORDER,5,880.05
2026-02-19,30,ADD_TO_CART,23,0.00
2026-02-19,30,VIEW,646,0.00
2026-02-19,30,WISHLIST,107,0.00
2026-02-19,30,PURCHASE,34,2282.37
2026-02-20,1,PREORDER,10,871.65
2026-02-20,1,ADD_TO_CART,146,0.00
2026-02-20,1,VIEW,1877,0.00
2026-02-20,1,WISHLIST,239,0.00
2026-02-20,1,PURCHASE,88,2049.31
2026-02-20,3,PREORDER,9,898.71
2026-02-20,3,ADD_TO_CART,77,0.00
2026-02-20,3,VIEW,901,0.00
2026-02-20,3,WISHLIST,110,0.00
2026-02-20,3,PURCHASE,15,1148.54
2026-02-20,5,PREORDER,16,947.24
2026-02-20,5,ADD_TO_CART,40,0.00
2026-02-20,5,VIEW,641,0.00
2026-02-20,5,WISHLIST,138,0.00
2026-02-20,5,PURCHASE,42,831.48
2026-02-20,7,PREORDER,9,435.82
2026-02-20,7,ADD_TO_CART,57,0.00
2026-02-20,7,VIEW,759,0.00
2026-02-20,7,WISHLIST,152,0.00
2026-02-20,7,PURCHASE,48,944.87
2026-02-20,9,PREORDER,10,932.31
2026-02-20,9,ADD_TO_CART,48,0.00
2026-02-20,9,VIEW,818,0.00
2026-02-20,9,WISHLIST,117,0.00
2026-02-20,9,PURCHASE,38,2416.75
2026-02-20,11,PREORDER,6,1009.77
2026-02-20,11,ADD_TO_CART,18,0.00
2026-02-20,11,VIEW,664,0.00
2026-02-20,11,WISHLIST,33,0.00
2026-02-20,11,PURCHASE,35,2341.17
2026-02-20,13,PREORDER,3,937.91
2026-02-20,13,ADD_TO_CART,24,0.00
2026-02-20,13,VIEW,610,0.00
2026-02-20,13,WISHLIST,63,0.00
2026-02-20,13,PURCHASE,19,1833.04
2026-02-20,15,PREORDER,10,1098.42
2026-02-20,15,ADD_TO_CART,23,0.00
2026-02-20,15,VIEW,661,0.00
2026-02-20,15,WISHLIST,57,0.00
2026-02-20,15,PURCHASE,28,986.86
2026-02-20,17,PREORDER,9,923.91
2026-02-20,17,ADD_TO_CART,17,0.00
2026-02-20,17,VIEW,595,0.00
2026-02-20,17,WISHLIST,69,0.00
2026-02-20,17,PURCHASE,21,1135.94
2026-02-20,19,PREORDER,6,726.06
2026-02-20,19,ADD_TO_CART,46,0.00
2026-02-20,19,VIEW,906,0.00
2026-02-20,19,WISHLIST,89,0.00
2026-02-20,19,PURCHASE,13,768.49
2026-02-20,21,PREORDER,13,1053.63
2026-02-20,21,ADD_TO_CART,72,0.00
2026-02-20,21,VIEW,799,0.00
2026-02-20,21,WISHLIST,63,0.00
2026-02-20,21,PURCHASE,39,942.77
2026-02-20,23,PREORDER,15,614.07
2026-02-20,23,ADD_TO_CART,60,0.00
2026-02-20,23,VIEW,325,0.00
2026-02-20,23,WISHLIST,51,0.00
2026-02-20,23,PURCHASE,38,2001.01
2026-02-20,25,PREORDER,6,831.52
2026-02-20,25,ADD_TO_CART,39,0.00
2026-02-20,25,VIEW,519,0.00
2026-02-20,25,WISHLIST,106,0.00
2026-02-20,25,PURCHASE,17,1377.40
2026-02-20,27,PREORDER,6,427.42
2026-02-20,27,ADD_TO_CART,41,0.00
2026-02-20,27,VIEW,260,0.00
2026-02-20,27,WISHLIST,106,0.00
2026-02-20,27,PURCHASE,10,1161.13
2026-02-20,29,PREORDER,6,947.24
2026-02-20,29,ADD_TO_CART,55,0.00
2026-02-20,29,VIEW,250,0.00
2026-02-20,29,WISHLIST,97,0.00
2026-02-20,29,PURCHASE,26,1408.90
2026-02-21,2,PREORDER,40,548.75
2026-02-21,2,ADD_TO_CART,180,0.00
2026-02-21,2,VIEW,961,0.00
2026-02-21,2,WISHLIST,370,0.00
2026-02-21,2,PURCHASE,119,1599.97
2026-02-21,4,PREORDER,16,944.44
2026-02-21,4,ADD_TO_CART,72,0.00
2026-02-21,4,VIEW,339,0.00
2026-02-21,4,WISHLIST,187,0.00
2026-02-21,4,PURCHASE,63,1001.56
2026-02-21,6,PREORDER,17,489.02
2026-02-21,6,ADD_TO_CART,87,0.00
2026-02-21,6,VIEW,845,0.00
2026-02-21,6,WISHLIST,189,0.00
2026-02-21,6,PURCHASE,40,2231.98
2026-02-21,8,PREORDER,14,719.53
2026-02-21,8,ADD_TO_CART,82,0.00
2026-02-21,8,VIEW,1041,0.00
2026-02-21,8,WISHLIST,92,0.00
2026-02-21,8,PURCHASE,54,2448.25
2026-02-21,10,PREORDER,13,846.45
2026-02-21,10,ADD_TO_CART,32,0.00
2026-02-21,10,VIEW,755,0.00
2026-02-21,10,WISHLIST,83,0.00
2026-02-21,10,PURCHASE,27,1192.63
2026-02-21,12,PREORDER,7,908.98
2026-02-21,12,ADD_TO_CART,52,0.00
2026-02-21,12,VIEW,359,0.00
2026-02-21,12,WISHLIST,97,0.00
2026-02-21,12,PURCHASE,45,2351.66
2026-02-21,14,PREORDER,14,1029.36
2026-02-21,14,ADD_TO_CART,29,0.00
2026-02-21,14,VIEW,306,0.00
2026-02-21,14,WISHLIST,74,0.00
2026-02-21,14,PURCHASE,25,2301.27
2026-02-21,16,PREORDER,5,999.50
2026-02-21,16,ADD_TO_CART,56,0.00
2026-02-21,16,VIEW,504,0.00
2026-02-21,16,WISHLIST,97,0.00
2026-02-21,16,PURCHASE,20,2185.79
2026-02-21,18,PREORDER,4,1047.10
2026-02-21,18,ADD_TO_CART,42,0.00
2026-02-21,18,VIEW,724,0.00
2026-02-21,18,WISHLIST,106,0.00
2026-02-21,18,PURCHASE,15,2072.40
2026-02-21,20,PREORDER,13,291.17
2026-02-21,20,ADD_TO_CART,55,0.00
2026-02-21,20,VIEW,477,0.00
2026-02-21,20,WISHLIST,114,0.00
2026-02-21,20,PURCHASE,34,2036.71
2026-02-21,22,PREORDER,18,760.59
2026-02-21,22,ADD_TO_CART,83,0.00
2026-02-21,22,VIEW,1159,0.00
2026-02-21,22,WISHLIST,183,0.00
2026-02-21,22,PURCHASE,55,865.08
2026-02-21,24,PREORDER,8,801.65
2026-02-21,24,ADD_TO_CART,54,0.00
2026-02-21,24,VIEW,786,0.00
2026-02-21,24,WISHLIST,180,0.00
2026-02-21,24,PURCHASE,60,1194.73
2026-02-21,26,PREORDER,6,696.20
2026-02-21,26,ADD_TO_CART,36,0.00
2026-02-21,26,VIEW,723,0.00
2026-02-21,26,WISHLIST,80,0.00
2026-02-21,26,PURCHASE,22,1314.41
2026-02-21,28,PREORDER,5,585.14
2026-02-21,28,ADD_TO_CART,24,0.00
2026-02-21,28,VIEW,546,0.00
2026-02-21,28,WISHLIST,113,0.00
2026-02-21,28,PURCHASE,42,760.09
2026-02-21,30,PREORDER,12,302.37
2026-02-21,30,ADD_TO_CART,54,0.00
2026-02-21,30,VIEW,624,0.00
2026-02-21,30,WISHLIST,81,0.00
2026-02-21,30,PURCHASE,28,1001.56
2026-02-22,1,PREORDER,28,955.64
2026-02-22,1,ADD_TO_CART,75,0.00
2026-02-22,1,VIEW,930,0.00
2026-02-22,1,WISHLIST,199,0.00
2026-02-22,1,PURCHASE,114,1469.79
2026-02-22,3,PREORDER,15,444.22
2026-02-22,3,ADD_TO_CART,26,0.00
2026-02-22,3,VIEW,421,0.00
2026-02-22,3,WISHLIST,105,0.00
2026-02-22,3,PURCHASE,51,856.68
2026-02-22,5,PREORDER,8,1101.22
2026-02-22,5,ADD_TO_CART,60,0.00
2026-02-22,5,VIEW,870,0.00
2026-02-22,5,WISHLIST,162,0.00
2026-02-22,5,PURCHASE,32,1499.19
2026-02-22,7,PREORDER,12,442.36
2026-02-22,7,ADD_TO_CART,90,0.00
2026-02-22,7,VIEW,505,0.00
2026-02-22,7,WISHLIST,79,0.00
2026-02-22,7,PURCHASE,31,1912.83
2026-02-22,9,PREORDER,17,760.59
2026-02-22,9,ADD_TO_CART,72,0.00
2026-02-22,9,VIEW,807,0.00
2026-02-22,9,WISHLIST,133,0.00
2026-02-22,9,PURCHASE,34,1007.86
2026-02-22,11,PREORDER,9,1065.76
2026-02-22,11,ADD_TO_CART,61,0.00
2026-02-22,11,VIEW,452,0.00
2026-02-22,11,WISHLIST,63,0.00
2026-02-22,11,PURCHASE,32,1545.38
2026-02-22,13,PREORDER,9,1077.89
2026-02-22,13,ADD_TO_CART,64,0.00
2026-02-22,13,VIEW,710,0.00
2026-02-22,13,WISHLIST,69,0.00
2026-02-22,13,PURCHASE,36,632.01
2026-02-22,15,PREORDER,5,331.30
2026-02-22,15,ADD_TO_CART,68,0.00
2026-02-22,15,VIEW,455,0.00
2026-02-22,15,WISHLIST,59,0.00
2026-02-22,15,PURCHASE,44,2248.78
2026-02-22,17,PREORDER,4,635.54
2026-02-22,17,ADD_TO_CART,29,0.00
2026-02-22,17,VIEW,516,0.00
2026-02-22,17,WISHLIST,86,0.00
2026-02-22,17,PURCHASE,38,1404.70
2026-02-22,19,PREORDER,11,364.90
2026-02-22,19,ADD_TO_CART,71,0.00
2026-02-22,19,VIEW,622,0.00
2026-02-22,19,WISHLIST,121,0.00
2026-02-22,19,PURCHASE,18,1591.57
2026-02-22,21,PREORDER,5,1018.16
2026-02-22,21,ADD_TO_CART,55,0.00
2026-02-22,21,VIEW,340,0.00
2026-02-22,21,WISHLIST,95,0.00
2026-02-22,21,PURCHASE,57,1662.96
2026-02-22,23,PREORDER,18,903.38
2026-02-22,23,ADD_TO_CART,29,0.00
2026-02-22,23,VIEW,806,0.00
2026-02-22,23,WISHLIST,161,0.00
2026-02-22,23,PURCHASE,46,745.39
2026-02-22,25,PREORDER,12,681.27
2026-02-22,25,ADD_TO_CART,39,0.00
2026-02-22,25,VIEW,250,0.00
2026-02-22,25,WISHLIST,99,0.00
2026-02-22,25,PURCHASE,18,791.59
2026-02-22,27,PREORDER,7,743.79
2026-02-22,27,ADD_TO_CART,65,0.00
2026-02-22,27,VIEW,400,0.00
2026-02-22,27,WISHLIST,48,0.00
2026-02-22,27,PURCHASE,19,741.19
2026-02-22,29,PREORDER,13,831.52
2026-02-22,29,ADD_TO_CART,42,0.00
2026-02-22,29,VIEW,235,0.00
2026-02-22,29,WISHLIST,128,0.00
2026-02-22,29,PURCHASE,20,970.06
2026-02-23,2,PREORDER,14,985.50
2026-02-23,2,ADD_TO_CART,80,0.00
2026-02-23,2,VIEW,1147,0.00
2026-02-23,2,WISHLIST,272,0.00
2026-02-23,2,PURCHASE,43,1570.58
2026-02-23,4,PREORDER,7,355.56
2026-02-23,4,ADD_TO_CART,25,0.00
2026-02-23,4,VIEW,664,0.00
2026-02-23,4,WISHLIST,60,0.00
2026-02-23,4,PURCHASE,47,1398.40
2026-02-23,6,PREORDER,9,437.69
2026-02-23,6,ADD_TO_CART,29,0.00
2026-02-23,6,VIEW,772,0.00
2026-02-23,6,WISHLIST,136,0.00
2026-02-23,6,PURCHASE,48,1948.52
2026-02-23,8,PREORDER,15,284.64
2026-02-23,8,ADD_TO_CART,49,0.00
2026-02-23,8,VIEW,748,0.00
2026-02-23,8,WISHLIST,129,0.00
2026-02-23,8,PURCHASE,31,2511.24
2026-02-23,10,PREORDER,5,597.27
2026-02-23,10,ADD_TO_CART,50,0.00
2026-02-23,10,VIEW,717,0.00
2026-02-23,10,WISHLIST,49,0.00
2026-02-23,10,PURCHASE,19,808.38
2026-02-23,12,PREORDER,9,863.25
2026-02-23,12,ADD_TO_CART,52,0.00
2026-02-23,12,VIEW,463,0.00
2026-02-23,12,WISHLIST,83,0.00
2026-02-23,12,PURCHASE,34,2066.10
2026-02-23,14,PREORDER,8,793.25
2026-02-23,14,ADD_TO_CART,48,0.00
2026-02-23,14,VIEW,470,0.00
2026-02-23,14,WISHLIST,100,0.00
2026-02-23,14,PURCHASE,25,1921.23
2026-02-23,16,PREORDER,7,1027.50
2026-02-23,16,ADD_TO_CART,28,0.00
2026-02-23,16,VIEW,539,0.00
2026-02-23,16,WISHLIST,98,0.00
2026-02-23,16,PURCHASE,16,904.97
2026-02-23,18,PREORDER,9,442.36
2026-02-23,18,ADD_TO_CART,45,0.00
2026-02-23,18,VIEW,453,0.00
2026-02-23,18,WISHLIST,64,0.00
2026-02-23,18,PURCHASE,36,2515.44
2026-02-23,20,PREORDER,13,510.48
2026-02-23,20,ADD_TO_CART,37,0.00
2026-02-23,20,VIEW,930,0.00
2026-02-23,20,WISHLIST,132,0.00
2026-02-23,20,PURCHASE,34,2515.44
2026-02-23,22,PREORDER,9,626.20
2026-02-23,22,ADD_TO_CART,70,0.00
2026-02-23,22,VIEW,895,0.00
2026-02-23,22,WISHLIST,55,0.00
2026-02-23,22,PURCHASE,41,1975.82
2026-02-23,24,PREORDER,9,678.47
2026-02-23,24,ADD_TO_CART,27,0.00
2026-02-23,24,VIEW,423,0.00
2026-02-23,24,WISHLIST,75,0.00
2026-02-23,24,PURCHASE,49,2475.55
2026-02-23,26,PREORDER,9,765.26
2026-02-23,26,ADD_TO_CART,26,0.00
2026-02-23,26,VIEW,444,0.00
2026-02-23,26,WISHLIST,106,0.00
2026-02-23,26,PURCHASE,31,963.76
2026-02-23,28,PREORDER,9,363.03
2026-02-23,28,ADD_TO_CART,50,0.00
2026-02-23,28,VIEW,708,0.00
2026-02-23,28,WISHLIST,66,0.00
2026-02-23,28,PURCHASE,17,978.46
2026-02-23,30,PREORDER,6,593.54
2026-02-23,30,ADD_TO_CART,45,0.00
2026-02-23,30,VIEW,629,0.00
2026-02-23,30,WISHLIST,71,0.00
2026-02-23,30,PURCHASE,18,1457.19
2026-02-24,1,PREORDER,30,1039.63
2026-02-24,1,ADD_TO_CART,142,0.00
2026-02-24,1,VIEW,707,0.00
2026-02-24,1,WISHLIST,122,0.00
2026-02-24,1,PURCHASE,88,2053.51
2026-02-24,3,PREORDER,6,324.77
2026-02-24,3,ADD_TO_CART,21,0.00
2026-02-24,3,VIEW,842,0.00
2026-02-24,3,WISHLIST,57,0.00
2026-02-24,3,PURCHASE,49,2082.90
2026-02-24,5,PREORDER,11,465.69
2026-02-24,5,ADD_TO_CART,38,0.00
2026-02-24,5,VIEW,507,0.00
2026-02-24,5,WISHLIST,142,0.00
2026-02-24,5,PURCHASE,46,858.78
2026-02-24,7,PREORDER,6,327.57
2026-02-24,7,ADD_TO_CART,35,0.00
2026-02-24,7,VIEW,655,0.00
2026-02-24,7,WISHLIST,52,0.00
2026-02-24,7,PURCHASE,37,1228.32
2026-02-24,9,PREORDER,15,338.77
2026-02-24,9,ADD_TO_CART,70,0.00
2026-02-24,9,VIEW,765,0.00
2026-02-24,9,WISHLIST,157,0.00
2026-02-24,9,PURCHASE,50,711.80
2026-02-24,11,PREORDER,6,916.44
2026-02-24,11,ADD_TO_CART,44,0.00
2026-02-24,11,VIEW,580,0.00
2026-02-24,11,WISHLIST,41,0.00
2026-02-24,11,PURCHASE,25,1165.33
2026-02-24,13,PREORDER,11,299.57
2026-02-24,13,ADD_TO_CART,47,0.00
2026-02-24,13,VIEW,382,0.00
2026-02-24,13,WISHLIST,83,0.00
2026-02-24,13,PURCHASE,35,2168.99
2026-02-24,15,PREORDER,7,1055.49
2026-02-24,15,ADD_TO_CART,44,0.00
2026-02-24,15,VIEW,706,0.00
2026-02-24,15,WISHLIST,29,0.00
2026-02-24,15,PURCHASE,10,1770.05
2026-02-24,17,PREORDER,3,922.04
2026-02-24,17,ADD_TO_CART,24,0.00
2026-02-24,17,VIEW,302,0.00
2026-02-24,17,WISHLIST,29,0.00
2026-02-24,17,PURCHASE,31,1375.30
2026-02-24,19,PREORDER,8,689.66
2026-02-24,19,ADD_TO_CART,65,0.00
2026-02-24,19,VIEW,832,0.00
2026-02-24,19,WISHLIST,86,0.00
2026-02-24,19,PURCHASE,24,2261.38
2026-02-24,21,PREORDER,5,905.24
2026-02-24,21,ADD_TO_CART,46,0.00
2026-02-24,21,VIEW,378,0.00
2026-02-24,21,WISHLIST,59,0.00
2026-02-24,21,PURCHASE,20,2213.08
2026-02-24,23,PREORDER,16,440.49
2026-02-24,23,ADD_TO_CART,67,0.00
2026-02-24,23,VIEW,362,0.00
2026-02-24,23,WISHLIST,66,0.00
2026-02-24,23,PURCHASE,37,919.67
2026-02-24,25,PREORDER,6,554.34
2026-02-24,25,ADD_TO_CART,27,0.00
2026-02-24,25,VIEW,700,0.00
2026-02-24,25,WISHLIST,58,0.00
2026-02-24,25,PURCHASE,13,2500.74
2026-02-24,27,PREORDER,11,682.20
2026-02-24,27,ADD_TO_CART,26,0.00
2026-02-24,27,VIEW,390,0.00
2026-02-24,27,WISHLIST,101,0.00
2026-02-24,27,PURCHASE,23,835.68
2026-02-24,29,PREORDER,11,1049.90
2026-02-24,29,ADD_TO_CART,35,0.00
2026-02-24,29,VIEW,494,0.00
2026-02-24,29,WISHLIST,88,0.00
2026-02-24,29,PURCHASE,18,1264.02
2026-02-25,2,PREORDER,13,930.44
2026-02-25,2,ADD_TO_CART,126,0.00
2026-02-25,2,VIEW,1913,0.00
2026-02-25,2,WISHLIST,270,0.00
2026-02-25,2,PURCHASE,62,1616.77
2026-02-25,4,PREORDER,8,608.47
2026-02-25,4,ADD_TO_CART,40,0.00
2026-02-25,4,VIEW,400,0.00
2026-02-25,4,WISHLIST,142,0.00
2026-02-25,4,PURCHASE,44,2341.17
2026-02-25,6,PREORDER,12,934.17
2026-02-25,6,ADD_TO_CART,20,0.00
2026-02-25,6,VIEW,703,0.00
2026-02-25,6,WISHLIST,137,0.00
2026-02-25,6,PURCHASE,32,1463.49
2026-02-25,8,PREORDER,15,837.12
2026-02-25,8,ADD_TO_CART,67,0.00
2026-02-25,8,VIEW,916,0.00
2026-02-25,8,WISHLIST,62,0.00
2026-02-25,8,PURCHASE,19,2399.96
2026-02-25,10,PREORDER,8,462.89
2026-02-25,10,ADD_TO_CART,14,0.00
2026-02-25,10,VIEW,357,0.00
2026-02-25,10,WISHLIST,81,0.00
2026-02-25,10,PURCHASE,27,2494.44
2026-02-25,12,PREORDER,4,389.16
2026-02-25,12,ADD_TO_CART,50,0.00
2026-02-25,12,VIEW,673,0.00
2026-02-25,12,WISHLIST,102,0.00
2026-02-25,12,PURCHASE,26,799.99
2026-02-25,14,PREORDER,9,1096.56
2026-02-25,14,ADD_TO_CART,33,0.00
2026-02-25,14,VIEW,215,0.00
2026-02-25,14,WISHLIST,57,0.00
2026-02-25,14,PURCHASE,28,2360.06
2026-02-25,16,PREORDER,8,1117.09
2026-02-25,16,ADD_TO_CART,28,0.00
2026-02-25,16,VIEW,238,0.00
2026-02-25,16,WISHLIST,80,0.00
2026-02-25,16,PURCHASE,35,997.36
2026-02-25,18,PREORDER,4,709.26
2026-02-25,18,ADD_TO_CART,16,0.00
2026-02-25,18,VIEW,524,0.00
2026-02-25,18,WISHLIST,92,0.00
2026-02-25,18,PURCHASE,21,684.50
2026-02-25,20,PREORDER,13,1031.23
2026-02-25,20,ADD_TO_CART,33,0.00
2026-02-25,20,VIEW,346,0.00
2026-02-25,20,WISHLIST,149,0.00
2026-02-25,20,PURCHASE,47,2040.91
2026-02-25,22,PREORDER,13,657.93
2026-02-25,22,ADD_TO_CART,35,0.00
2026-02-25,22,VIEW,570,0.00
2026-02-25,22,WISHLIST,50,0.00
2026-02-25,22,PURCHASE,32,1522.28
2026-02-25,24,PREORDER,6,500.22
2026-02-25,24,ADD_TO_CART,24,0.00
2026-02-25,24,VIEW,333,0.00
2026-02-25,24,WISHLIST,52,0.00
2026-02-25,24,PURCHASE,49,1114.94
2026-02-25,26,PREORDER,10,293.97
2026-02-25,26,ADD_TO_CART,18,0.00
2026-02-25,26,VIEW,403,0.00
2026-02-25,26,WISHLIST,75,0.00
2026-02-25,26,PURCHASE,19,2064.01
2026-02-25,28,PREORDER,3,1069.49
2026-02-25,28,ADD_TO_CART,27,0.00
2026-02-25,28,VIEW,334,0.00
2026-02-25,28,WISHLIST,58,0.00
2026-02-25,28,PURCHASE,21,1795.24
2026-02-25,30,PREORDER,7,581.41
2026-02-25,30,ADD_TO_CART,42,0.00
2026-02-25,30,VIEW,431,0.00
2026-02-25,30,WISHLIST,81,0.00
2026-02-25,30,PURCHASE,17,1360.61
2026-02-26,1,PREORDER,19,956.57
2026-02-26,1,ADD_TO_CART,120,0.00
2026-02-26,1,VIEW,1058,0.00
2026-02-26,1,WISHLIST,210,0.00
2026-02-26,1,PURCHASE,49,1102.34
2026-02-26,3,PREORDER,9,964.97
2026-02-26,3,ADD_TO_CART,35,0.00
2026-02-26,3,VIEW,611,0.00
2026-02-26,3,WISHLIST,110,0.00
2026-02-26,3,PURCHASE,21,1931.72
2026-02-26,5,PREORDER,7,291.17
2026-02-26,5,ADD_TO_CART,28,0.00
2026-02-26,5,VIEW,861,0.00
2026-02-26,5,WISHLIST,51,0.00
2026-02-26,5,PURCHASE,28,1956.92
2026-02-26,7,PREORDER,7,878.18
2026-02-26,7,ADD_TO_CART,26,0.00
2026-02-26,7,VIEW,965,0.00
2026-02-26,7,WISHLIST,65,0.00
2026-02-26,7,PURCHASE,21,1295.51
2026-02-26,9,PREORDER,5,734.46
2026-02-26,9,ADD_TO_CART,46,0.00
2026-02-26,9,VIEW,968,0.00
2026-02-26,9,WISHLIST,120,0.00
2026-02-26,9,PURCHASE,40,1809.94
2026-02-26,11,PREORDER,9,380.76
2026-02-26,11,ADD_TO_CART,52,0.00
2026-02-26,11,VIEW,710,0.00
2026-02-26,11,WISHLIST,79,0.00
2026-02-26,11,PURCHASE,10,1914.93
2026-02-26,13,PREORDER,9,936.04
2026-02-26,13,ADD_TO_CART,42,0.00
2026-02-26,13,VIEW,278,0.00
2026-02-26,13,WISHLIST,93,0.00
2026-02-26,13,PURCHASE,22,1879.23
2026-02-26,15,PREORDER,9,347.17
2026-02-26,15,ADD_TO_CART,29,0.00
2026-02-26,15,VIEW,454,0.00
2026-02-26,15,WISHLIST,64,0.00
2026-02-26,15,PURCHASE,29,892.37
2026-02-26,17,PREORDER,5,623.40
2026-02-26,17,ADD_TO_CART,46,0.00
2026-02-26,17,VIEW,318,0.00
2026-02-26,17,WISHLIST,51,0.00
2026-02-26,17,PURCHASE,23,2234.08
2026-02-26,19,PREORDER,9,1090.96
2026-02-26,19,ADD_TO_CART,44,0.00
2026-02-26,19,VIEW,806,0.00
2026-02-26,19,WISHLIST,77,0.00
2026-02-26,19,PURCHASE,20,760.09
2026-02-26,21,PREORDER,11,768.06
2026-02-26,21,ADD_TO_CART,36,0.00
2026-02-26,21,VIEW,438,0.00
2026-02-26,21,WISHLIST,84,0.00
2026-02-26,21,PURCHASE,19,1656.66
2026-02-26,23,PREORDER,15,836.18
2026-02-26,23,ADD_TO_CART,47,0.00
2026-02-26,23,VIEW,827,0.00
2026-02-26,23,WISHLIST,125,0.00
2026-02-26,23,PURCHASE,49,789.49
2026-02-26,25,PREORDER,7,285.57
2026-02-26,25,ADD_TO_CART,18,0.00
2026-02-26,25,VIEW,326,0.00
2026-02-26,25,WISHLIST,111,0.00
2026-02-26,25,PURCHASE,27,1429.90
2026-02-26,27,PREORDER,4,894.04
2026-02-26,27,ADD_TO_CART,30,0.00
2026-02-26,27,VIEW,555,0.00
2026-02-26,27,WISHLIST,36,0.00
2026-02-26,27,PURCHASE,34,2103.90
2026-02-26,29,PREORDER,9,1002.30
2026-02-26,29,ADD_TO_CART,42,0.00
2026-02-26,29,VIEW,666,0.00
2026-02-26,29,WISHLIST,94,0.00
2026-02-26,29,PURCHASE,14,959.56
2026-02-27,2,PREORDER,37,950.97
2026-02-27,2,ADD_TO_CART,80,0.00
2026-02-27,2,VIEW,1938,0.00
2026-02-27,2,WISHLIST,218,0.00
2026-02-27,2,PURCHASE,49,1805.74
2026-02-27,4,PREORDER,7,323.83
2026-02-27,4,ADD_TO_CART,44,0.00
2026-02-27,4,VIEW,691,0.00
2026-02-27,4,WISHLIST,142,0.00
2026-02-27,4,PURCHASE,27,1394.20
2026-02-27,6,PREORDER,8,681.27
2026-02-27,6,ADD_TO_CART,72,0.00
2026-02-27,6,VIEW,874,0.00
2026-02-27,6,WISHLIST,58,0.00
2026-02-27,6,PURCHASE,22,1990.52
2026-02-27,8,PREORDER,7,503.02
2026-02-27,8,ADD_TO_CART,35,0.00
2026-02-27,8,VIEW,801,0.00
2026-02-27,8,WISHLIST,74,0.00
2026-02-27,8,PURCHASE,22,2078.70
2026-02-27,10,PREORDER,10,346.23
2026-02-27,10,ADD_TO_CART,45,0.00
2026-02-27,10,VIEW,338,0.00
2026-02-27,10,WISHLIST,72,0.00
2026-02-27,10,PURCHASE,33,858.78
2026-02-27,12,PREORDER,7,417.16
2026-02-27,12,ADD_TO_CART,33,0.00
2026-02-27,12,VIEW,316,0.00
2026-02-27,12,WISHLIST,104,0.00
2026-02-27,12,PURCHASE,26,632.01
2026-02-27,14,PREORDER,10,819.38
2026-02-27,14,ADD_TO_CART,22,0.00
2026-02-27,14,VIEW,464,0.00
2026-02-27,14,WISHLIST,57,0.00
2026-02-27,14,PURCHASE,18,2177.39
2026-02-27,16,PREORDER,3,538.48
2026-02-27,16,ADD_TO_CART,46,0.00
2026-02-27,16,VIEW,661,0.00
2026-02-27,16,WISHLIST,86,0.00
2026-02-27,16,PURCHASE,17,2250.88
2026-02-27,18,PREORDER,8,1077.89
2026-02-27,18,ADD_TO_CART,45,0.00
2026-02-27,18,VIEW,713,0.00
2026-02-27,18,WISHLIST,102,0.00
2026-02-27,18,PURCHASE,22,2299.17
2026-02-27,20,PREORDER,10,830.58
2026-02-27,20,ADD_TO_CART,52,0.00
2026-02-27,20,VIEW,891,0.00
2026-02-27,20,WISHLIST,148,0.00
2026-02-27,20,PURCHASE,42,781.09
2026-02-27,22,PREORDER,15,745.66
2026-02-27,22,ADD_TO_CART,25,0.00
2026-02-27,22,VIEW,930,0.00
2026-02-27,22,WISHLIST,140,0.00
2026-02-27,22,PURCHASE,31,1822.54
2026-02-27,24,PREORDER,4,516.08
2026-02-27,24,ADD_TO_CART,33,0.00
2026-02-27,24,VIEW,256,0.00
2026-02-27,24,WISHLIST,68,0.00
2026-02-27,24,PURCHASE,46,1574.78
2026-02-27,26,PREORDER,4,819.38
2026-02-27,26,ADD_TO_CART,30,0.00
2026-02-27,26,VIEW,220,0.00
2026-02-27,26,WISHLIST,80,0.00
2026-02-27,26,PURCHASE,33,1024.65
2026-02-27,28,PREORDER,7,494.62
2026-02-27,28,ADD_TO_CART,24,0.00
2026-02-27,28,VIEW,553,0.00
2026-02-27,28,WISHLIST,33,0.00
2026-02-27,28,PURCHASE,12,1310.21
2026-02-27,30,PREORDER,8,589.81
2026-02-27,30,ADD_TO_CART,17,0.00
2026-02-27,30,VIEW,703,0.00
2026-02-27,30,WISHLIST,43,0.00
2026-02-27,30,PURCHASE,16,1058.25
2026-02-28,1,PREORDER,29,689.66
2026-02-28,1,ADD_TO_CART,120,0.00
2026-02-28,1,VIEW,678,0.00
2026-02-28,1,WISHLIST,324,0.00
2026-02-28,1,PURCHASE,117,1270.32
2026-02-28,3,PREORDER,10,620.60
2026-02-28,3,ADD_TO_CART,38,0.00
2026-02-28,3,VIEW,848,0.00
2026-02-28,3,WISHLIST,75,0.00
2026-02-28,3,PURCHASE,18,1469.79
2026-02-28,5,PREORDER,14,300.50
2026-02-28,5,ADD_TO_CART,70,0.00
2026-02-28,5,VIEW,813,0.00
2026-02-28,5,WISHLIST,135,0.00
2026-02-28,5,PURCHASE,48,1293.42
2026-02-28,7,PREORDER,7,484.35
2026-02-28,7,ADD_TO_CART,31,0.00
2026-02-28,7,VIEW,840,0.00
2026-02-28,7,WISHLIST,83,0.00
2026-02-28,7,PURCHASE,34,1280.82
2026-02-28,9,PREORDER,11,374.23
2026-02-28,9,ADD_TO_CART,67,0.00
2026-02-28,9,VIEW,1088,0.00
2026-02-28,9,WISHLIST,140,0.00
2026-02-28,9,PURCHASE,59,1946.42
2026-02-28,11,PREORDER,14,419.96
2026-02-28,11,ADD_TO_CART,51,0.00
2026-02-28,11,VIEW,752,0.00
2026-02-28,11,WISHLIST,43,0.00
2026-02-28,11,PURCHASE,14,757.99
2026-02-28,13,PREORDER,6,854.85
2026-02-28,13,ADD_TO_CART,47,0.00
2026-02-28,13,VIEW,416,0.00
2026-02-28,13,WISHLIST,133,0.00
2026-02-28,13,PURCHASE,27,2292.87
2026-02-28,15,PREORDER,9,539.41
2026-02-28,15,ADD_TO_CART,34,0.00
2026-02-28,15,VIEW,288,0.00
2026-02-28,15,WISHLIST,100,0.00
2026-02-28,15,PURCHASE,16,808.38
2026-02-28,17,PREORDER,7,842.72
2026-02-28,17,ADD_TO_CART,30,0.00
2026-02-28,17,VIEW,743,0.00
2026-02-28,17,WISHLIST,43,0.00
2026-02-28,17,PURCHASE,16,2471.35
2026-02-28,19,PREORDER,11,404.09
2026-02-28,19,ADD_TO_CART,91,0.00
2026-02-28,19,VIEW,321,0.00
2026-02-28,19,WISHLIST,130,0.00
2026-02-28,19,PURCHASE,17,810.48
2026-02-28,21,PREORDER,13,283.70
2026-02-28,21,ADD_TO_CART,70,0.00
2026-02-28,21,VIEW,648,0.00
2026-02-28,21,WISHLIST,114,0.00
2026-02-28,21,PURCHASE,38,848.28
2026-02-28,23,PREORDER,18,884.71
2026-02-28,23,ADD_TO_CART,80,0.00
2026-02-28,23,VIEW,1140,0.00
2026-02-28,23,WISHLIST,157,0.00
2026-02-28,23,PURCHASE,44,881.87
2026-02-28,25,PREORDER,11,370.50
2026-02-28,25,ADD_TO_CART,54,0.00
2026-02-28,25,VIEW,770,0.00
2026-02-28,25,WISHLIST,67,0.00
2026-02-28,25,PURCHASE,18,852.48
2026-02-28,27,PREORDER,8,411.56
2026-02-28,27,ADD_TO_CART,58,0.00
2026-02-28,27,VIEW,714,0.00
2026-02-28,27,WISHLIST,54,0.00
2026-02-28,27,PURCHASE,14,1683.96
2026-02-28,29,PREORDER,11,538.48
2026-02-28,29,ADD_TO_CART,27,0.00
2026-02-28,29,VIEW,677,0.00
2026-02-28,29,WISHLIST,123,0.00
2026-02-28,29,PURCHASE,16,1312.31
2026-03-01,2,PREORDER,47,330.37
2026-03-01,2,ADD_TO_CART,64,0.00
2026-03-01,2,VIEW,1604,0.00
2026-03-01,2,WISHLIST,411,0.00
2026-03-01,2,PURCHASE,99,1522.28
2026-03-01,4,PREORDER,8,810.05
2026-03-01,4,ADD_TO_CART,41,0.00
2026-03-01,4,VIEW,473,0.00
2026-03-01,4,WISHLIST,147,0.00
2026-03-01,4,PURCHASE,22,2118.60
2026-03-01,6,PREORDER,8,1084.42
2026-03-01,6,ADD_TO_CART,56,0.00
2026-03-01,6,VIEW,684,0.00
2026-03-01,6,WISHLIST,82,0.00
2026-03-01,6,PURCHASE,58,2423.05
2026-03-01,8,PREORDER,6,330.37
2026-03-01,8,ADD_TO_CART,53,0.00
2026-03-01,8,VIEW,609,0.00
2026-03-01,8,WISHLIST,130,0.00
2026-03-01,8,PURCHASE,37,1446.69
2026-03-01,10,PREORDER,5,988.30
2026-03-01,10,ADD_TO_CART,48,0.00
2026-03-01,10,VIEW,809,0.00
2026-03-01,10,WISHLIST,78,0.00
2026-03-01,10,PURCHASE,20,2404.16
2026-03-01,12,PREORDER,12,536.61
2026-03-01,12,ADD_TO_CART,34,0.00
2026-03-01,12,VIEW,370,0.00
2026-03-01,12,WISHLIST,93,0.00
2026-03-01,12,PURCHASE,30,1148.54
2026-03-01,14,PREORDER,9,791.39
2026-03-01,14,ADD_TO_CART,29,0.00
2026-03-01,14,VIEW,849,0.00
2026-03-01,14,WISHLIST,71,0.00
2026-03-01,14,PURCHASE,35,1396.30
2026-03-01,16,PREORDER,9,359.30
2026-03-01,16,ADD_TO_CART,49,0.00
2026-03-01,16,VIEW,890,0.00
2026-03-01,16,WISHLIST,86,0.00
2026-03-01,16,PURCHASE,33,2360.06
2026-03-01,18,PREORDER,11,872.58
2026-03-01,18,ADD_TO_CART,49,0.00
2026-03-01,18,VIEW,823,0.00
2026-03-01,18,WISHLIST,116,0.00
2026-03-01,18,PURCHASE,28,2381.06
2026-03-01,20,PREORDER,18,434.89
2026-03-01,20,ADD_TO_CART,51,0.00
2026-03-01,20,VIEW,1145,0.00
2026-03-01,20,WISHLIST,51,0.00
2026-03-01,20,PURCHASE,56,2290.77
2026-03-01,22,PREORDER,9,459.15
2026-03-01,22,ADD_TO_CART,94,0.00
2026-03-01,22,VIEW,1050,0.00
2026-03-01,22,WISHLIST,120,0.00
2026-03-01,22,PURCHASE,57,1251.42
2026-03-01,24,PREORDER,6,488.08
2026-03-01,24,ADD_TO_CART,35,0.00
2026-03-01,24,VIEW,1041,0.00
2026-03-01,24,WISHLIST,75,0.00
2026-03-01,24,PURCHASE,40,1289.22
2026-03-01,26,PREORDER,7,467.55
2026-03-01,26,ADD_TO_CART,24,0.00
2026-03-01,26,VIEW,769,0.00
2026-03-01,26,WISHLIST,109,0.00
2026-03-01,26,PURCHASE,27,695.00
2026-03-01,28,PREORDER,7,1096.56
2026-03-01,28,ADD_TO_CART,61,0.00
2026-03-01,28,VIEW,460,0.00
2026-03-01,28,WISHLIST,47,0.00
2026-03-01,28,PURCHASE,21,1971.62
2026-03-01,30,PREORDER,14,697.13
2026-03-01,30,ADD_TO_CART,48,0.00
2026-03-01,30,VIEW,508,0.00
2026-03-01,30,WISHLIST,83,0.00
2026-03-01,30,PURCHASE,29,2038.81
2026-03-02,1,PREORDER,8,1050.83
2026-03-02,1,ADD_TO_CART,34,0.00
2026-03-02,1,VIEW,723,0.00
2026-03-02,1,WISHLIST,77,0.00
2026-03-02,1,PURCHASE,24,2114.40
2026-03-02,3,PREORDER,12,480.62
2026-03-02,3,ADD_TO_CART,41,0.00
2026-03-02,3,VIEW,462,0.00
2026-03-02,3,WISHLIST,65,0.00
2026-03-02,3,PURCHASE,20,791.59
2026-03-02,5,PREORDER,15,784.85
2026-03-02,5,ADD_TO_CART,67,0.00
2026-03-02,5,VIEW,865,0.00
2026-03-02,5,WISHLIST,90,0.00
2026-03-02,5,PURCHASE,48,1444.59
2026-03-02,7,PREORDER,6,674.73
2026-03-02,7,ADD_TO_CART,41,0.00
2026-03-02,7,VIEW,438,0.00
2026-03-02,7,WISHLIST,138,0.00
2026-03-02,7,PURCHASE,27,1927.52
2026-03-02,9,PREORDER,12,326.63
2026-03-02,9,ADD_TO_CART,28,0.00
2026-03-02,9,VIEW,678,0.00
2026-03-02,9,WISHLIST,129,0.00
2026-03-02,9,PURCHASE,46,1163.23
2026-03-02,11,PREORDER,7,281.84
2026-03-02,11,ADD_TO_CART,41,0.00
2026-03-02,11,VIEW,461,0.00
2026-03-02,11,WISHLIST,83,0.00
2026-03-02,11,PURCHASE,29,1900.23
2026-03-02,13,PREORDER,6,391.03
2026-03-02,13,ADD_TO_CART,19,0.00
2026-03-02,13,VIEW,546,0.00
2026-03-02,13,WISHLIST,43,0.00
2026-03-02,13,PURCHASE,15,2026.21
2026-03-02,15,PREORDER,7,419.96
2026-03-02,15,ADD_TO_CART,20,0.00
2026-03-02,15,VIEW,614,0.00
2026-03-02,15,WISHLIST,28,0.00
2026-03-02,15,PURCHASE,15,1562.18
2026-03-02,17,PREORDER,4,924.84
2026-03-02,17,ADD_TO_CART,39,0.00
2026-03-02,17,VIEW,261,0.00
2026-03-02,17,WISHLIST,97,0.00
2026-03-02,17,PURCHASE,14,669.80
2026-03-02,19,PREORDER,12,1107.76
2026-03-02,19,ADD_TO_CART,44,0.00
2026-03-02,19,VIEW,795,0.00
2026-03-02,19,WISHLIST,90,0.00
2026-03-02,19,PURCHASE,23,2406.26
2026-03-02,21,PREORDER,6,646.74
2026-03-02,21,ADD_TO_CART,40,0.00
2026-03-02,21,VIEW,787,0.00
2026-03-02,21,WISHLIST,73,0.00
2026-03-02,21,PURCHASE,28,1173.73
2026-03-02,23,PREORDER,7,518.88
2026-03-02,23,ADD_TO_CART,69,0.00
2026-03-02,23,VIEW,329,0.00
2026-03-02,23,WISHLIST,76,0.00
2026-03-02,23,PURCHASE,25,957.46
2026-03-02,25,PREORDER,7,412.49
2026-03-02,25,ADD_TO_CART,27,0.00
2026-03-02,25,VIEW,682,0.00
2026-03-02,25,WISHLIST,110,0.00
2026-03-02,25,PURCHASE,15,1501.29
2026-03-02,27,PREORDER,8,798.85
2026-03-02,27,ADD_TO_CART,50,0.00
2026-03-02,27,VIEW,499,0.00
2026-03-02,27,WISHLIST,83,0.00
2026-03-02,27,PURCHASE,17,839.88
2026-03-02,29,PREORDER,6,1070.43
2026-03-02,29,ADD_TO_CART,28,0.00
2026-03-02,29,VIEW,259,0.00
2026-03-02,29,WISHLIST,109,0.00
2026-03-02,29,PURCHASE,20,1526.48
2026-03-03,2,PREORDER,13,1103.09
2026-03-03,2,ADD_TO_CART,35,0.00
2026-03-03,2,VIEW,901,0.00
2026-03-03,2,WISHLIST,105,0.00
2026-03-03,2,PURCHASE,21,655.11
2026-03-03,4,PREORDER,13,1010.70
2026-03-03,4,ADD_TO_CART,44,0.00
2026-03-03,4,VIEW,497,0.00
2026-03-03,4,WISHLIST,139,0.00
2026-03-03,4,PURCHASE,46,2355.86
2026-03-03,6,PREORDER,14,864.18
2026-03-03,6,ADD_TO_CART,68,0.00
2026-03-03,6,VIEW,641,0.00
2026-03-03,6,WISHLIST,85,0.00
2026-03-03,6,PURCHASE,43,707.60
2026-03-03,8,PREORDER,8,893.11
2026-03-03,8,ADD_TO_CART,30,0.00
2026-03-03,8,VIEW,998,0.00
2026-03-03,8,WISHLIST,133,0.00
2026-03-03,8,PURCHASE,47,699.20
2026-03-03,10,PREORDER,8,556.21
2026-03-03,10,ADD_TO_CART,25,0.00
2026-03-03,10,VIEW,566,0.00
2026-03-03,10,WISHLIST,46,0.00
2026-03-03,10,PURCHASE,28,904.97
2026-03-03,12,PREORDER,3,874.45
2026-03-03,12,ADD_TO_CART,47,0.00
2026-03-03,12,VIEW,340,0.00
2026-03-03,12,WISHLIST,56,0.00
2026-03-03,12,PURCHASE,23,2001.01
2026-03-03,14,PREORDER,6,1041.50
2026-03-03,14,ADD_TO_CART,49,0.00
2026-03-03,14,VIEW,272,0.00
2026-03-03,14,WISHLIST,84,0.00
2026-03-03,14,PURCHASE,13,2158.49
2026-03-03,16,PREORDER,10,796.05
2026-03-03,16,ADD_TO_CART,41,0.00
2026-03-03,16,VIEW,191,0.00
2026-03-03,16,WISHLIST,93,0.00
2026-03-03,16,PURCHASE,16,1379.50
2026-03-03,18,PREORDER,9,907.11
2026-03-03,18,ADD_TO_CART,51,0.00
2026-03-03,18,VIEW,484,0.00
2026-03-03,18,WISHLIST,72,0.00
2026-03-03,18,PURCHASE,17,1173.73
2026-03-03,20,PREORDER,5,1097.49
2026-03-03,20,ADD_TO_CART,32,0.00
2026-03-03,20,VIEW,768,0.00
2026-03-03,20,WISHLIST,92,0.00
2026-03-03,20,PURCHASE,42,1488.69
2026-03-03,22,PREORDER,5,763.39
2026-03-03,22,ADD_TO_CART,42,0.00
2026-03-03,22,VIEW,441,0.00
2026-03-03,22,WISHLIST,60,0.00
2026-03-03,22,PURCHASE,32,1898.13
2026-03-03,24,PREORDER,12,643.00
2026-03-03,24,ADD_TO_CART,56,0.00
2026-03-03,24,VIEW,288,0.00
2026-03-03,24,WISHLIST,116,0.00
2026-03-03,24,PURCHASE,31,2250.88
2026-03-03,26,PREORDER,6,1049.90
2026-03-03,26,ADD_TO_CART,55,0.00
2026-03-03,26,VIEW,606,0.00
2026-03-03,26,WISHLIST,40,0.00
2026-03-03,26,PURCHASE,13,2362.16
2026-03-03,28,PREORDER,5,462.89
2026-03-03,28,ADD_TO_CART,35,0.00
2026-03-03,28,VIEW,611,0.00
2026-03-03,28,WISHLIST,92,0.00
2026-03-03,28,PURCHASE,11,1885.53
2026-03-03,30,PREORDER,4,819.38
2026-03-03,30,ADD_TO_CART,30,0.00
2026-03-03,30,VIEW,303,0.00
2026-03-03,30,WISHLIST,96,0.00
2026-03-03,30,PURCHASE,11,1434.10
2026-03-04,1,PREORDER,14,587.94
2026-03-04,1,ADD_TO_CART,56,0.00
2026-03-04,1,VIEW,568,0.00
2026-03-04,1,WISHLIST,44,0.00
2026-03-04,1,PURCHASE,18,1043.55
2026-03-04,3,PREORDER,15,922.97
2026-03-04,3,ADD_TO_CART,32,0.00
2026-03-04,3,VIEW,428,0.00
2026-03-04,3,WISHLIST,74,0.00
2026-03-04,3,PURCHASE,18,2336.97
2026-03-04,5,PREORDER,7,1007.90
2026-03-04,5,ADD_TO_CART,77,0.00
2026-03-04,5,VIEW,528,0.00
2026-03-04,5,WISHLIST,110,0.00
2026-03-04,5,PURCHASE,25,1574.78
2026-03-04,7,PREORDER,15,760.59
2026-03-04,7,ADD_TO_CART,52,0.00
2026-03-04,7,VIEW,956,0.00
2026-03-04,7,WISHLIST,75,0.00
2026-03-04,7,PURCHASE,46,2412.56
2026-03-04,9,PREORDER,13,942.57
2026-03-04,9,ADD_TO_CART,78,0.00
2026-03-04,9,VIEW,494,0.00
2026-03-04,9,WISHLIST,140,0.00
2026-03-04,9,PURCHASE,26,2366.36
2026-03-04,11,PREORDER,6,948.17
2026-03-04,11,ADD_TO_CART,36,0.00
2026-03-04,11,VIEW,348,0.00
2026-03-04,11,WISHLIST,40,0.00
2026-03-04,11,PURCHASE,23,1417.30
2026-03-04,13,PREORDER,4,476.89
2026-03-04,13,ADD_TO_CART,40,0.00
2026-03-04,13,VIEW,482,0.00
2026-03-04,13,WISHLIST,48,0.00
2026-03-04,13,PURCHASE,30,663.51
2026-03-04,15,PREORDER,3,621.54
2026-03-04,15,ADD_TO_CART,46,0.00
2026-03-04,15,VIEW,397,0.00
2026-03-04,15,WISHLIST,108,0.00
2026-03-04,15,PURCHASE,27,770.59
2026-03-04,17,PREORDER,4,891.24
2026-03-04,17,ADD_TO_CART,34,0.00
2026-03-04,17,VIEW,417,0.00
2026-03-04,17,WISHLIST,70,0.00
2026-03-04,17,PURCHASE,31,1234.62
2026-03-04,19,PREORDER,6,923.91
2026-03-04,19,ADD_TO_CART,25,0.00
2026-03-04,19,VIEW,453,0.00
2026-03-04,19,WISHLIST,55,0.00
2026-03-04,19,PURCHASE,42,2343.27
2026-03-04,21,PREORDER,11,820.32
2026-03-04,21,ADD_TO_CART,59,0.00
2026-03-04,21,VIEW,320,0.00
2026-03-04,21,WISHLIST,42,0.00
2026-03-04,21,PURCHASE,43,1156.93
2026-03-04,23,PREORDER,6,351.83
2026-03-04,23,ADD_TO_CART,63,0.00
2026-03-04,23,VIEW,795,0.00
2026-03-04,23,WISHLIST,118,0.00
2026-03-04,23,PURCHASE,49,2305.47
2026-03-04,25,PREORDER,7,548.75
2026-03-04,25,ADD_TO_CART,28,0.00
2026-03-04,25,VIEW,253,0.00
2026-03-04,25,WISHLIST,36,0.00
2026-03-04,25,PURCHASE,12,770.59
2026-03-04,27,PREORDER,10,920.17
2026-03-04,27,ADD_TO_CART,47,0.00
2026-03-04,27,VIEW,235,0.00
2026-03-04,27,WISHLIST,58,0.00
2026-03-04,27,PURCHASE,19,1595.77
2026-03-04,29,PREORDER,9,1034.96
2026-03-04,29,ADD_TO_CART,19,0.00
2026-03-04,29,VIEW,278,0.00
2026-03-04,29,WISHLIST,86,0.00
2026-03-04,29,PURCHASE,16,1812.04
2026-03-05,2,PREORDER,11,493.68
2026-03-05,2,ADD_TO_CART,60,0.00
2026-03-05,2,VIEW,930,0.00
2026-03-05,2,WISHLIST,48,0.00
2026-03-05,2,PURCHASE,24,1683.96
2026-03-05,4,PREORDER,8,424.62
2026-03-05,4,ADD_TO_CART,45,0.00
2026-03-05,4,VIEW,428,0.00
2026-03-05,4,WISHLIST,137,0.00
2026-03-05,4,PURCHASE,18,1820.44
2026-03-05,6,PREORDER,7,818.45
2026-03-05,6,ADD_TO_CART,61,0.00
2026-03-05,6,VIEW,642,0.00
2026-03-05,6,WISHLIST,101,0.00
2026-03-05,6,PURCHASE,17,1165.33
2026-03-05,8,PREORDER,6,944.44
2026-03-05,8,ADD_TO_CART,49,0.00
2026-03-05,8,VIEW,615,0.00
2026-03-05,8,WISHLIST,140,0.00
2026-03-05,8,PURCHASE,29,1730.15
2026-03-05,10,PREORDER,8,844.58
2026-03-05,10,ADD_TO_CART,20,0.00
2026-03-05,10,VIEW,392,0.00
2026-03-05,10,WISHLIST,35,0.00
2026-03-05,10,PURCHASE,34,1938.02
2026-03-05,12,PREORDER,9,558.08
2026-03-05,12,ADD_TO_CART,22,0.00
2026-03-05,12,VIEW,315,0.00
2026-03-05,12,WISHLIST,62,0.00
2026-03-05,12,PURCHASE,23,663.51
2026-03-05,14,PREORDER,3,989.23
2026-03-05,14,ADD_TO_CART,35,0.00
2026-03-05,14,VIEW,413,0.00
2026-03-05,14,WISHLIST,79,0.00
2026-03-05,14,PURCHASE,12,1020.45
2026-03-05,16,PREORDER,5,1096.56
2026-03-05,16,ADD_TO_CART,31,0.00
2026-03-05,16,VIEW,659,0.00
2026-03-05,16,WISHLIST,74,0.00
2026-03-05,16,PURCHASE,13,1434.10
2026-03-05,18,PREORDER,7,675.67
2026-03-05,18,ADD_TO_CART,39,0.00
2026-03-05,18,VIEW,368,0.00
2026-03-05,18,WISHLIST,59,0.00
2026-03-05,18,PURCHASE,36,2168.99
2026-03-05,20,PREORDER,13,549.68
2026-03-05,20,ADD_TO_CART,60,0.00
2026-03-05,20,VIEW,780,0.00
2026-03-05,20,WISHLIST,86,0.00
2026-03-05,20,PURCHASE,14,2231.98
2026-03-05,22,PREORDER,7,756.86
2026-03-05,22,ADD_TO_CART,47,0.00
2026-03-05,22,VIEW,676,0.00
2026-03-05,22,WISHLIST,62,0.00
2026-03-05,22,PURCHASE,16,1297.61
2026-03-05,24,PREORDER,10,679.40
2026-03-05,24,ADD_TO_CART,77,0.00
2026-03-05,24,VIEW,792,0.00
2026-03-05,24,WISHLIST,42,0.00
2026-03-05,24,PURCHASE,23,736.99
2026-03-05,26,PREORDER,10,548.75
2026-03-05,26,ADD_TO_CART,45,0.00
2026-03-05,26,VIEW,623,0.00
2026-03-05,26,WISHLIST,31,0.00
2026-03-05,26,PURCHASE,32,1904.43
2026-03-05,28,PREORDER,6,452.62
2026-03-05,28,ADD_TO_CART,45,0.00
2026-03-05,28,VIEW,619,0.00
2026-03-05,28,WISHLIST,69,0.00
2026-03-05,28,PURCHASE,20,2471.35
2026-03-05,30,PREORDER,9,958.44
2026-03-05,30,ADD_TO_CART,22,0.00
2026-03-05,30,VIEW,364,0.00
2026-03-05,30,WISHLIST,102,0.00
2026-03-05,30,PURCHASE,36,1900.23
2026-03-06,1,PREORDER,15,1083.49
2026-03-06,1,ADD_TO_CART,60,0.00
2026-03-06,1,VIEW,344,0.00
2026-03-06,1,WISHLIST,132,0.00
2026-03-06,1,PURCHASE,18,1830.94
2026-03-06,3,PREORDER,13,668.20
2026-03-06,3,ADD_TO_CART,56,0.00
2026-03-06,3,VIEW,873,0.00
2026-03-06,3,WISHLIST,139,0.00
2026-03-06,3,PURCHASE,18,699.20
2026-03-06,5,PREORDER,15,828.72
2026-03-06,5,ADD_TO_CART,38,0.00
2026-03-06,5,VIEW,324,0.00
2026-03-06,5,WISHLIST,94,0.00
2026-03-06,5,PURCHASE,43,676.10
2026-03-06,7,PREORDER,12,711.13
2026-03-06,7,ADD_TO_CART,66,0.00
2026-03-06,7,VIEW,969,0.00
2026-03-06,7,WISHLIST,121,0.00
2026-03-06,7,PURCHASE,43,1320.71
2026-03-06,9,PREORDER,12,444.22
2026-03-06,9,ADD_TO_CART,32,0.00
2026-03-06,9,VIEW,862,0.00
2026-03-06,9,WISHLIST,146,0.00
2026-03-06,9,PURCHASE,49,1320.71
2026-03-06,11,PREORDER,10,958.44
2026-03-06,11,ADD_TO_CART,31,0.00
2026-03-06,11,VIEW,529,0.00
2026-03-06,11,WISHLIST,33,0.00
2026-03-06,11,PURCHASE,15,1138.04
2026-03-06,13,PREORDER,7,1045.23
2026-03-06,13,ADD_TO_CART,22,0.00
2026-03-06,13,VIEW,360,0.00
2026-03-06,13,WISHLIST,89,0.00
2026-03-06,13,PURCHASE,17,976.36
2026-03-06,15,PREORDER,4,712.06
2026-03-06,15,ADD_TO_CART,47,0.00
2026-03-06,15,VIEW,274,0.00
2026-03-06,15,WISHLIST,103,0.00
2026-03-06,15,PURCHASE,16,2456.65
2026-03-06,17,PREORDER,4,779.26
2026-03-06,17,ADD_TO_CART,30,0.00
2026-03-06,17,VIEW,674,0.00
2026-03-06,17,WISHLIST,102,0.00
2026-03-06,17,PURCHASE,9,1952.72
2026-03-06,19,PREORDER,9,846.45
2026-03-06,19,ADD_TO_CART,37,0.00
2026-03-06,19,VIEW,970,0.00
2026-03-06,19,WISHLIST,104,0.00
2026-03-06,19,PURCHASE,30,2345.36
2026-03-06,21,PREORDER,11,701.80
2026-03-06,21,ADD_TO_CART,68,0.00
2026-03-06,21,VIEW,701,0.00
2026-03-06,21,WISHLIST,50,0.00
2026-03-06,21,PURCHASE,15,2269.78
2026-03-06,23,PREORDER,5,1106.82
2026-03-06,23,ADD_TO_CART,65,0.00
2026-03-06,23,VIEW,421,0.00
2026-03-06,23,WISHLIST,136,0.00
2026-03-06,23,PURCHASE,27,1547.48
2026-03-06,25,PREORDER,7,892.18
2026-03-06,25,ADD_TO_CART,38,0.00
2026-03-06,25,VIEW,469,0.00
2026-03-06,25,WISHLIST,81,0.00
2026-03-06,25,PURCHASE,18,823.08
2026-03-06,27,PREORDER,5,1009.77
2026-03-06,27,ADD_TO_CART,39,0.00
2026-03-06,27,VIEW,461,0.00
2026-03-06,27,WISHLIST,88,0.00
2026-03-06,27,PURCHASE,30,684.50
2026-03-06,29,PREORDER,6,1093.76
2026-03-06,29,ADD_TO_CART,52,0.00
2026-03-06,29,VIEW,416,0.00
2026-03-06,29,WISHLIST,28,0.00
2026-03-06,29,PURCHASE,22,1146.44
2026-03-07,2,PREORDER,14,461.02
2026-03-07,2,ADD_TO_CART,56,0.00
2026-03-07,2,VIEW,1159,0.00
2026-03-07,2,WISHLIST,93,0.00
2026-03-07,2,PURCHASE,59,1003.66
2026-03-07,4,PREORDER,9,462.89
2026-03-07,4,ADD_TO_CART,51,0.00
2026-03-07,4,VIEW,517,0.00
2026-03-07,4,WISHLIST,167,0.00
2026-03-07,4,PURCHASE,17,674.00
2026-03-07,6,PREORDER,14,817.52
2026-03-07,6,ADD_TO_CART,80,0.00
2026-03-07,6,VIEW,731,0.00
2026-03-07,6,WISHLIST,161,0.00
2026-03-07,6,PURCHASE,25,2500.74
2026-03-07,8,PREORDER,9,847.38
2026-03-07,8,ADD_TO_CART,77,0.00
2026-03-07,8,VIEW,793,0.00
2026-03-07,8,WISHLIST,122,0.00
2026-03-07,8,PURCHASE,27,2246.68
2026-03-07,10,PREORDER,13,372.36
2026-03-07,10,ADD_TO_CART,25,0.00
2026-03-07,10,VIEW,836,0.00
2026-03-07,10,WISHLIST,85,0.00
2026-03-07,10,PURCHASE,44,2370.56
2026-03-07,12,PREORDER,5,931.37
2026-03-07,12,ADD_TO_CART,38,0.00
2026-03-07,12,VIEW,692,0.00
2026-03-07,12,WISHLIST,72,0.00
2026-03-07,12,PURCHASE,26,678.20
2026-03-07,14,PREORDER,6,654.20
2026-03-07,14,ADD_TO_CART,59,0.00
2026-03-07,14,VIEW,237,0.00
2026-03-07,14,WISHLIST,116,0.00
2026-03-07,14,PURCHASE,38,1868.73
2026-03-07,16,PREORDER,13,336.90
2026-03-07,16,ADD_TO_CART,18,0.00
2026-03-07,16,VIEW,684,0.00
2026-03-07,16,WISHLIST,74,0.00
2026-03-07,16,PURCHASE,21,659.31
2026-03-07,18,PREORDER,4,672.87
2026-03-07,18,ADD_TO_CART,18,0.00
2026-03-07,18,VIEW,425,0.00
2026-03-07,18,WISHLIST,50,0.00
2026-03-07,18,PURCHASE,19,1604.17
2026-03-07,20,PREORDER,8,979.90
2026-03-07,20,ADD_TO_CART,25,0.00
2026-03-07,20,VIEW,392,0.00
2026-03-07,20,WISHLIST,89,0.00
2026-03-07,20,PURCHASE,20,1875.03
2026-03-07,22,PREORDER,17,581.41
2026-03-07,22,ADD_TO_CART,91,0.00
2026-03-07,22,VIEW,898,0.00
2026-03-07,22,WISHLIST,157,0.00
2026-03-07,22,PURCHASE,51,1551.68
2026-03-07,24,PREORDER,16,945.37
2026-03-07,24,ADD_TO_CART,41,0.00
2026-03-07,24,VIEW,469,0.00
2026-03-07,24,WISHLIST,134,0.00
2026-03-07,24,PURCHASE,47,818.88
2026-03-07,26,PREORDER,4,924.84
2026-03-07,26,ADD_TO_CART,57,0.00
2026-03-07,26,VIEW,685,0.00
2026-03-07,26,WISHLIST,101,0.00
2026-03-07,26,PURCHASE,18,1083.45
2026-03-07,28,PREORDER,12,419.02
2026-03-07,28,ADD_TO_CART,31,0.00
2026-03-07,28,VIEW,613,0.00
2026-03-07,28,WISHLIST,75,0.00
2026-03-07,28,PURCHASE,38,2477.65
2026-03-07,30,PREORDER,9,520.75
2026-03-07,30,ADD_TO_CART,47,0.00
2026-03-07,30,VIEW,506,0.00
2026-03-07,30,WISHLIST,88,0.00
2026-03-07,30,PURCHASE,39,659.31
2026-03-08,1,PREORDER,18,544.08
2026-03-08,1,ADD_TO_CART,62,0.00
2026-03-08,1,VIEW,1065,0.00
2026-03-08,1,WISHLIST,70,0.00
2026-03-08,1,PURCHASE,51,1977.92
2026-03-08,3,PREORDER,5,1040.56
2026-03-08,3,ADD_TO_CART,37,0.00
2026-03-08,3,VIEW,668,0.00
2026-03-08,3,WISHLIST,98,0.00
2026-03-08,3,PURCHASE,20,1150.64
2026-03-08,5,PREORDER,16,976.17
2026-03-08,5,ADD_TO_CART,94,0.00
2026-03-08,5,VIEW,382,0.00
2026-03-08,5,WISHLIST,164,0.00
2026-03-08,5,PURCHASE,41,1812.04
2026-03-08,7,PREORDER,7,887.51
2026-03-08,7,ADD_TO_CART,36,0.00
2026-03-08,7,VIEW,798,0.00
2026-03-08,7,WISHLIST,163,0.00
2026-03-08,7,PURCHASE,52,2336.97
2026-03-08,9,PREORDER,7,1081.63
2026-03-08,9,ADD_TO_CART,53,0.00
2026-03-08,9,VIEW,1163,0.00
2026-03-08,9,WISHLIST,74,0.00
2026-03-08,9,PURCHASE,44,2145.89
2026-03-08,11,PREORDER,8,511.42
2026-03-08,11,ADD_TO_CART,53,0.00
2026-03-08,11,VIEW,589,0.00
2026-03-08,11,WISHLIST,55,0.00
2026-03-08,11,PURCHASE,36,789.49
2026-03-08,13,PREORDER,13,784.85
2026-03-08,13,ADD_TO_CART,60,0.00
2026-03-08,13,VIEW,284,0.00
2026-03-08,13,WISHLIST,125,0.00
2026-03-08,13,PURCHASE,15,1683.96
2026-03-08,15,PREORDER,7,532.88
2026-03-08,15,ADD_TO_CART,37,0.00
2026-03-08,15,VIEW,449,0.00
2026-03-08,15,WISHLIST,85,0.00
2026-03-08,15,PURCHASE,21,892.37
2026-03-08,17,PREORDER,9,982.70
2026-03-08,17,ADD_TO_CART,66,0.00
2026-03-08,17,VIEW,365,0.00
2026-03-08,17,WISHLIST,81,0.00
2026-03-08,17,PURCHASE,26,1917.03
2026-03-08,19,PREORDER,7,531.01
2026-03-08,19,ADD_TO_CART,65,0.00
2026-03-08,19,VIEW,520,0.00
2026-03-08,19,WISHLIST,132,0.00
2026-03-08,19,PURCHASE,50,2200.49
2026-03-08,21,PREORDER,12,917.37
2026-03-08,21,ADD_TO_CART,93,0.00
2026-03-08,21,VIEW,583,0.00
2026-03-08,21,WISHLIST,172,0.00
2026-03-08,21,PURCHASE,33,1606.27
2026-03-08,23,PREORDER,16,309.84
2026-03-08,23,ADD_TO_CART,94,0.00
2026-03-08,23,VIEW,351,0.00
2026-03-08,23,WISHLIST,111,0.00
2026-03-08,23,PURCHASE,53,2133.30
2026-03-08,25,PREORDER,12,838.05
2026-03-08,25,ADD_TO_CART,68,0.00
2026-03-08,25,VIEW,356,0.00
2026-03-08,25,WISHLIST,76,0.00
2026-03-08,25,PURCHASE,19,2131.20
2026-03-08,27,PREORDER,9,713.93
2026-03-08,27,ADD_TO_CART,38,0.00
2026-03-08,27,VIEW,802,0.00
2026-03-08,27,WISHLIST,90,0.00
2026-03-08,27,PURCHASE,14,1534.88
2026-03-08,29,PREORDER,9,713.93
2026-03-08,29,ADD_TO_CART,53,0.00
2026-03-08,29,VIEW,674,0.00
2026-03-08,29,WISHLIST,72,0.00
2026-03-08,29,PURCHASE,29,2420.95
2026-03-09,2,PREORDER,10,576.74
2026-03-09,2,ADD_TO_CART,70,0.00
2026-03-09,2,VIEW,782,0.00
2026-03-09,2,WISHLIST,119,0.00
2026-03-09,2,PURCHASE,50,2019.91
2026-03-09,4,PREORDER,7,851.11
2026-03-09,4,ADD_TO_CART,41,0.00
2026-03-09,4,VIEW,921,0.00
2026-03-09,4,WISHLIST,125,0.00
2026-03-09,4,PURCHASE,14,1379.50
2026-03-09,6,PREORDER,4,404.09
2026-03-09,6,ADD_TO_CART,66,0.00
2026-03-09,6,VIEW,451,0.00
2026-03-09,6,WISHLIST,141,0.00
2026-03-09,6,PURCHASE,14,682.40
2026-03-09,8,PREORDER,10,328.50
2026-03-09,8,ADD_TO_CART,25,0.00
2026-03-09,8,VIEW,847,0.00
2026-03-09,8,WISHLIST,56,0.00
2026-03-09,8,PURCHASE,17,984.76
2026-03-09,10,PREORDER,11,967.77
2026-03-09,10,ADD_TO_CART,49,0.00
2026-03-09,10,VIEW,398,0.00
2026-03-09,10,WISHLIST,78,0.00
2026-03-09,10,PURCHASE,13,1201.03
2026-03-09,12,PREORDER,4,633.67
2026-03-09,12,ADD_TO_CART,24,0.00
2026-03-09,12,VIEW,680,0.00
2026-03-09,12,WISHLIST,106,0.00
2026-03-09,12,PURCHASE,24,1635.67
2026-03-09,14,PREORDER,9,967.77
2026-03-09,14,ADD_TO_CART,23,0.00
2026-03-09,14,VIEW,482,0.00
2026-03-09,14,WISHLIST,50,0.00
2026-03-09,14,PURCHASE,19,900.77
2026-03-09,16,PREORDER,5,732.59
2026-03-09,16,ADD_TO_CART,45,0.00
2026-03-09,16,VIEW,510,0.00
2026-03-09,16,WISHLIST,83,0.00
2026-03-09,16,PURCHASE,9,1591.57
2026-03-09,18,PREORDER,4,690.60
2026-03-09,18,ADD_TO_CART,20,0.00
2026-03-09,18,VIEW,588,0.00
2026-03-09,18,WISHLIST,72,0.00
2026-03-09,18,PURCHASE,34,1822.54
2026-03-09,20,PREORDER,9,959.37
2026-03-09,20,ADD_TO_CART,70,0.00
2026-03-09,20,VIEW,759,0.00
2026-03-09,20,WISHLIST,98,0.00
2026-03-09,20,PURCHASE,16,940.67
2026-03-09,22,PREORDER,7,655.13
2026-03-09,22,ADD_TO_CART,78,0.00
2026-03-09,22,VIEW,853,0.00
2026-03-09,22,WISHLIST,128,0.00
2026-03-09,22,PURCHASE,14,1570.58
2026-03-09,24,PREORDER,4,1048.03
2026-03-09,24,ADD_TO_CART,69,0.00
2026-03-09,24,VIEW,885,0.00
2026-03-09,24,WISHLIST,54,0.00
2026-03-09,24,PURCHASE,29,709.70
2026-03-09,26,PREORDER,5,506.75
2026-03-09,26,ADD_TO_CART,39,0.00
2026-03-09,26,VIEW,356,0.00
2026-03-09,26,WISHLIST,102,0.00
2026-03-09,26,PURCHASE,13,760.09
2026-03-09,28,PREORDER,9,446.09
2026-03-09,28,ADD_TO_CART,40,0.00
2026-03-09,28,VIEW,546,0.00
2026-03-09,28,WISHLIST,35,0.00
2026-03-09,28,PURCHASE,11,1889.73
2026-03-09,30,PREORDER,10,416.23
2026-03-09,30,ADD_TO_CART,49,0.00
2026-03-09,30,VIEW,208,0.00
2026-03-09,30,WISHLIST,30,0.00
2026-03-09,30,PURCHASE,32,1734.35
2026-03-10,1,PREORDER,7,589.81
2026-03-10,1,ADD_TO_CART,31,0.00
2026-03-10,1,VIEW,587,0.00
2026-03-10,1,WISHLIST,77,0.00
2026-03-10,1,PURCHASE,22,1639.87
2026-03-10,3,PREORDER,4,335.03
2026-03-10,3,ADD_TO_CART,26,0.00
2026-03-10,3,VIEW,753,0.00
2026-03-10,3,WISHLIST,118,0.00
2026-03-10,3,PURCHASE,30,2057.71
2026-03-10,5,PREORDER,5,536.61
2026-03-10,5,ADD_TO_CART,60,0.00
2026-03-10,5,VIEW,680,0.00
2026-03-10,5,WISHLIST,128,0.00
2026-03-10,5,PURCHASE,26,1045.65
2026-03-10,7,PREORDER,10,422.76
2026-03-10,7,ADD_TO_CART,20,0.00
2026-03-10,7,VIEW,837,0.00
2026-03-10,7,WISHLIST,55,0.00
2026-03-10,7,PURCHASE,13,1492.89
2026-03-10,9,PREORDER,15,313.57
2026-03-10,9,ADD_TO_CART,39,0.00
2026-03-10,9,VIEW,969,0.00
2026-03-10,9,WISHLIST,136,0.00
2026-03-10,9,PURCHASE,29,923.87
2026-03-10,11,PREORDER,4,1104.02
2026-03-10,11,ADD_TO_CART,47,0.00
2026-03-10,11,VIEW,448,0.00
2026-03-10,11,WISHLIST,42,0.00
2026-03-10,11,PURCHASE,16,1438.29
2026-03-10,13,PREORDER,9,602.87
2026-03-10,13,ADD_TO_CART,36,0.00
2026-03-10,13,VIEW,318,0.00
2026-03-10,13,WISHLIST,96,0.00
2026-03-10,13,PURCHASE,12,2353.76
2026-03-10,15,PREORDER,9,902.44
2026-03-10,15,ADD_TO_CART,47,0.00
2026-03-10,15,VIEW,665,0.00
2026-03-10,15,WISHLIST,68,0.00
2026-03-10,15,PURCHASE,35,642.51
2026-03-10,17,PREORDER,6,643.00
2026-03-10,17,ADD_TO_CART,34,0.00
2026-03-10,17,VIEW,339,0.00
2026-03-10,17,WISHLIST,112,0.00
2026-03-10,17,PURCHASE,10,1681.86
2026-03-10,19,PREORDER,12,1073.23
2026-03-10,19,ADD_TO_CART,37,0.00
2026-03-10,19,VIEW,592,0.00
2026-03-10,19,WISHLIST,120,0.00
2026-03-10,19,PURCHASE,26,865.08
2026-03-10,21,PREORDER,13,647.67
2026-03-10,21,ADD_TO_CART,33,0.00
2026-03-10,21,VIEW,1005,0.00
2026-03-10,21,WISHLIST,39,0.00
2026-03-10,21,PURCHASE,29,1068.75
2026-03-10,23,PREORDER,7,618.74
2026-03-10,23,ADD_TO_CART,70,0.00
2026-03-10,23,VIEW,984,0.00
2026-03-10,23,WISHLIST,67,0.00
2026-03-10,23,PURCHASE,28,993.16
2026-03-10,25,PREORDER,8,755.92
2026-03-10,25,ADD_TO_CART,47,0.00
2026-03-10,25,VIEW,547,0.00
2026-03-10,25,WISHLIST,89,0.00
2026-03-10,25,PURCHASE,23,1982.12
2026-03-10,27,PREORDER,10,917.37
2026-03-10,27,ADD_TO_CART,23,0.00
2026-03-10,27,VIEW,389,0.00
2026-03-10,27,WISHLIST,72,0.00
2026-03-10,27,PURCHASE,18,1543.28
2026-03-10,29,PREORDER,6,818.45
2026-03-10,29,ADD_TO_CART,42,0.00
2026-03-10,29,VIEW,482,0.00
2026-03-10,29,WISHLIST,102,0.00
2026-03-10,29,PURCHASE,29,2303.37
2026-03-11,2,PREORDER,13,815.65
2026-03-11,2,ADD_TO_CART,51,0.00
2026-03-11,2,VIEW,752,0.00
2026-03-11,2,WISHLIST,126,0.00
2026-03-11,2,PURCHASE,18,1184.23
2026-03-11,4,PREORDER,6,688.73
2026-03-11,4,ADD_TO_CART,75,0.00
2026-03-11,4,VIEW,654,0.00
2026-03-11,4,WISHLIST,86,0.00
2026-03-11,4,PURCHASE,15,1138.04
2026-03-11,6,PREORDER,13,1003.23
2026-03-11,6,ADD_TO_CART,75,0.00
2026-03-11,6,VIEW,396,0.00
2026-03-11,6,WISHLIST,133,0.00
2026-03-11,6,PURCHASE,32,1524.38
2026-03-11,8,PREORDER,13,857.65
2026-03-11,8,ADD_TO_CART,56,0.00
2026-03-11,8,VIEW,286,0.00
2026-03-11,8,WISHLIST,98,0.00
2026-03-11,8,PURCHASE,29,1707.06
2026-03-11,10,PREORDER,10,1104.02
2026-03-11,10,ADD_TO_CART,35,0.00
2026-03-11,10,VIEW,331,0.00
2026-03-11,10,WISHLIST,37,0.00
2026-03-11,10,PURCHASE,15,2066.10
2026-03-11,12,PREORDER,10,944.44
2026-03-11,12,ADD_TO_CART,50,0.00
2026-03-11,12,VIEW,565,0.00
2026-03-11,12,WISHLIST,92,0.00
2026-03-11,12,PURCHASE,11,2114.40
2026-03-11,14,PREORDER,8,663.53
2026-03-11,14,ADD_TO_CART,35,0.00
2026-03-11,14,VIEW,695,0.00
2026-03-11,14,WISHLIST,72,0.00
2026-03-11,14,PURCHASE,12,732.80
2026-03-11,16,PREORDER,9,1035.90
2026-03-11,16,ADD_TO_CART,26,0.00
2026-03-11,16,VIEW,341,0.00
2026-03-11,16,WISHLIST,69,0.00
2026-03-11,16,PURCHASE,22,2129.10
2026-03-11,18,PREORDER,3,413.43
2026-03-11,18,ADD_TO_CART,35,0.00
2026-03-11,18,VIEW,484,0.00
2026-03-11,18,WISHLIST,104,0.00
2026-03-11,18,PURCHASE,31,1996.81
2026-03-11,20,PREORDER,12,982.70
2026-03-11,20,ADD_TO_CART,49,0.00
2026-03-11,20,VIEW,988,0.00
2026-03-11,20,WISHLIST,138,0.00
2026-03-11,20,PURCHASE,31,1595.77
2026-03-11,22,PREORDER,5,811.92
2026-03-11,22,ADD_TO_CART,56,0.00
2026-03-11,22,VIEW,328,0.00
2026-03-11,22,WISHLIST,110,0.00
2026-03-11,22,PURCHASE,29,1576.87
2026-03-11,24,PREORDER,6,718.59
2026-03-11,24,ADD_TO_CART,77,0.00
2026-03-11,24,VIEW,402,0.00
2026-03-11,24,WISHLIST,73,0.00
2026-03-11,24,PURCHASE,37,2290.77
2026-03-11,26,PREORDER,8,850.18
2026-03-11,26,ADD_TO_CART,37,0.00
2026-03-11,26,VIEW,214,0.00
2026-03-11,26,WISHLIST,73,0.00
2026-03-11,26,PURCHASE,13,1948.52
2026-03-11,28,PREORDER,6,529.15
2026-03-11,28,ADD_TO_CART,21,0.00
2026-03-11,28,VIEW,525,0.00
2026-03-11,28,WISHLIST,91,0.00
2026-03-11,28,PURCHASE,17,2055.61
2026-03-11,30,PREORDER,7,671.00
2026-03-11,30,ADD_TO_CART,56,0.00
2026-03-11,30,VIEW,296,0.00
2026-03-11,30,WISHLIST,75,0.00
2026-03-11,30,PURCHASE,34,1373.20
2026-03-12,1,PREORDER,10,752.19
2026-03-12,1,ADD_TO_CART,36,0.00
2026-03-12,1,VIEW,981,0.00
2026-03-12,1,WISHLIST,114,0.00
2026-03-12,1,PURCHASE,28,669.80
2026-03-12,3,PREORDER,13,1040.56
2026-03-12,3,ADD_TO_CART,61,0.00
2026-03-12,3,VIEW,297,0.00
2026-03-12,3,WISHLIST,118,0.00
2026-03-12,3,PURCHASE,38,1688.16
2026-03-12,5,PREORDER,4,601.01
2026-03-12,5,ADD_TO_CART,33,0.00
2026-03-12,5,VIEW,818,0.00
2026-03-12,5,WISHLIST,154,0.00
2026-03-12,5,PURCHASE,19,2101.80
2026-03-12,7,PREORDER,15,326.63
2026-03-12,7,ADD_TO_CART,72,0.00
2026-03-12,7,VIEW,470,0.00
2026-03-12,7,WISHLIST,148,0.00
2026-03-12,7,PURCHASE,16,1404.70
2026-03-12,9,PREORDER,16,289.30
2026-03-12,9,ADD_TO_CART,42,0.00
2026-03-12,9,VIEW,832,0.00
2026-03-12,9,WISHLIST,140,0.00
2026-03-12,9,PURCHASE,50,2215.18
2026-03-12,11,PREORDER,4,673.80
2026-03-12,11,ADD_TO_CART,51,0.00
2026-03-12,11,VIEW,644,0.00
2026-03-12,11,WISHLIST,77,0.00
2026-03-12,11,PURCHASE,22,1715.45
2026-03-12,13,PREORDER,5,702.73
2026-03-12,13,ADD_TO_CART,15,0.00
2026-03-12,13,VIEW,322,0.00
2026-03-12,13,WISHLIST,34,0.00
2026-03-12,13,PURCHASE,27,1077.15
2026-03-12,15,PREORDER,6,562.74
2026-03-12,15,ADD_TO_CART,48,0.00
2026-03-12,15,VIEW,488,0.00
2026-03-12,15,WISHLIST,46,0.00
2026-03-12,15,PURCHASE,19,997.36
2026-03-12,17,PREORDER,11,377.96
2026-03-12,17,ADD_TO_CART,23,0.00
2026-03-12,17,VIEW,542,0.00
2026-03-12,17,WISHLIST,30,0.00
2026-03-12,17,PURCHASE,27,1484.49
2026-03-12,19,PREORDER,14,512.35
2026-03-12,19,ADD_TO_CART,61,0.00
2026-03-12,19,VIEW,410,0.00
2026-03-12,19,WISHLIST,143,0.00
2026-03-12,19,PURCHASE,45,1402.60
2026-03-12,21,PREORDER,12,692.46
2026-03-12,21,ADD_TO_CART,46,0.00
2026-03-12,21,VIEW,572,0.00
2026-03-12,21,WISHLIST,88,0.00
2026-03-12,21,PURCHASE,23,1188.43
2026-03-12,23,PREORDER,10,893.11
2026-03-12,23,ADD_TO_CART,36,0.00
2026-03-12,23,VIEW,465,0.00
2026-03-12,23,WISHLIST,63,0.00
2026-03-12,23,PURCHASE,38,1190.53
2026-03-12,25,PREORDER,4,595.41
2026-03-12,25,ADD_TO_CART,45,0.00
2026-03-12,25,VIEW,672,0.00
2026-03-12,25,WISHLIST,76,0.00
2026-03-12,25,PURCHASE,22,921.77
2026-03-12,27,PREORDER,5,975.24
2026-03-12,27,ADD_TO_CART,18,0.00
2026-03-12,27,VIEW,289,0.00
2026-03-12,27,WISHLIST,82,0.00
2026-03-12,27,PURCHASE,31,1335.41
2026-03-12,29,PREORDER,9,398.49
2026-03-12,29,ADD_TO_CART,44,0.00
2026-03-12,29,VIEW,525,0.00
2026-03-12,29,WISHLIST,47,0.00
2026-03-12,29,PURCHASE,25,1683.96
2026-03-13,2,PREORDER,13,681.27
2026-03-13,2,ADD_TO_CART,27,0.00
2026-03-13,2,VIEW,371,0.00
2026-03-13,2,WISHLIST,76,0.00
2026-03-13,2,PURCHASE,15,923.87
2026-03-13,4,PREORDER,8,778.32
2026-03-13,4,ADD_TO_CART,35,0.00
2026-03-13,4,VIEW,615,0.00
2026-03-13,4,WISHLIST,120,0.00
2026-03-13,4,PURCHASE,18,1509.68
2026-03-13,6,PREORDER,12,1021.90
2026-03-13,6,ADD_TO_CART,27,0.00
2026-03-13,6,VIEW,897,0.00
2026-03-13,6,WISHLIST,68,0.00
2026-03-13,6,PURCHASE,22,741.19
2026-03-13,8,PREORDER,10,977.10
2026-03-13,8,ADD_TO_CART,75,0.00
2026-03-13,8,VIEW,927,0.00
2026-03-13,8,WISHLIST,53,0.00
2026-03-13,8,PURCHASE,22,1121.24
2026-03-13,10,PREORDER,7,339.70
2026-03-13,10,ADD_TO_CART,15,0.00
2026-03-13,10,VIEW,216,0.00
2026-03-13,10,WISHLIST,75,0.00
2026-03-13,10,PURCHASE,28,1299.71
2026-03-13,12,PREORDER,7,703.66
2026-03-13,12,ADD_TO_CART,26,0.00
2026-03-13,12,VIEW,187,0.00
2026-03-13,12,WISHLIST,105,0.00
2026-03-13,12,PURCHASE,22,640.41
2026-03-13,14,PREORDER,5,933.24
2026-03-13,14,ADD_TO_CART,54,0.00
2026-03-13,14,VIEW,343,0.00
2026-03-13,14,WISHLIST,36,0.00
2026-03-13,14,PURCHASE,33,1564.28
2026-03-13,16,PREORDER,6,447.02
2026-03-13,16,ADD_TO_CART,15,0.00
2026-03-13,16,VIEW,675,0.00
2026-03-13,16,WISHLIST,64,0.00
2026-03-13,16,PURCHASE,21,2259.28
2026-03-13,18,PREORDER,8,874.45
2026-03-13,18,ADD_TO_CART,23,0.00
2026-03-13,18,VIEW,566,0.00
2026-03-13,18,WISHLIST,112,0.00
2026-03-13,18,PURCHASE,15,862.98
2026-03-13,20,PREORDER,5,280.91
2026-03-13,20,ADD_TO_CART,78,0.00
2026-03-13,20,VIEW,362,0.00
2026-03-13,20,WISHLIST,109,0.00
2026-03-13,20,PURCHASE,34,791.59
2026-03-13,22,PREORDER,4,372.36
2026-03-13,22,ADD_TO_CART,26,0.00
2026-03-13,22,VIEW,898,0.00
2026-03-13,22,WISHLIST,52,0.00
2026-03-13,22,PURCHASE,48,682.40
2026-03-13,24,PREORDER,15,1059.23
2026-03-13,24,ADD_TO_CART,45,0.00
2026-03-13,24,VIEW,893,0.00
2026-03-13,24,WISHLIST,116,0.00
2026-03-13,24,PURCHASE,27,1243.02
2026-03-13,26,PREORDER,7,561.81
2026-03-13,26,ADD_TO_CART,28,0.00
2026-03-13,26,VIEW,439,0.00
2026-03-13,26,WISHLIST,48,0.00
2026-03-13,26,PURCHASE,32,890.27
2026-03-13,28,PREORDER,8,726.06
2026-03-13,28,ADD_TO_CART,38,0.00
2026-03-13,28,VIEW,648,0.00
2026-03-13,28,WISHLIST,62,0.00
2026-03-13,28,PURCHASE,16,2019.91
2026-03-13,30,PREORDER,6,570.21
2026-03-13,30,ADD_TO_CART,23,0.00
2026-03-13,30,VIEW,248,0.00
2026-03-13,30,WISHLIST,108,0.00
2026-03-13,30,PURCHASE,15,1946.42
2026-03-14,1,PREORDER,13,1049.90
2026-03-14,1,ADD_TO_CART,87,0.00
2026-03-14,1,VIEW,767,0.00
2026-03-14,1,WISHLIST,72,0.00
2026-03-14,1,PURCHASE,35,787.39
2026-03-14,3,PREORDER,12,1006.97
2026-03-14,3,ADD_TO_CART,78,0.00
2026-03-14,3,VIEW,545,0.00
2026-03-14,3,WISHLIST,166,0.00
2026-03-14,3,PURCHASE,42,1933.82
2026-03-14,5,PREORDER,16,377.03
2026-03-14,5,ADD_TO_CART,80,0.00
2026-03-14,5,VIEW,836,0.00
2026-03-14,5,WISHLIST,111,0.00
2026-03-14,5,PURCHASE,30,2112.30
2026-03-14,7,PREORDER,6,461.02
2026-03-14,7,ADD_TO_CART,92,0.00
2026-03-14,7,VIEW,1107,0.00
2026-03-14,7,WISHLIST,151,0.00
2026-03-14,7,PURCHASE,44,1914.93
2026-03-14,9,PREORDER,11,627.14
2026-03-14,9,ADD_TO_CART,76,0.00
2026-03-14,9,VIEW,1247,0.00
2026-03-14,9,WISHLIST,114,0.00
2026-03-14,9,PURCHASE,32,1024.65
2026-03-14,11,PREORDER,13,325.70
2026-03-14,11,ADD_TO_CART,62,0.00
2026-03-14,11,VIEW,771,0.00
2026-03-14,11,WISHLIST,84,0.00
2026-03-14,11,PURCHASE,20,1599.97
2026-03-14,13,PREORDER,12,339.70
2026-03-14,13,ADD_TO_CART,64,0.00
2026-03-14,13,VIEW,670,0.00
2026-03-14,13,WISHLIST,107,0.00
2026-03-14,13,PURCHASE,31,1207.33
2026-03-14,15,PREORDER,13,429.29
2026-03-14,15,ADD_TO_CART,30,0.00
2026-03-14,15,VIEW,455,0.00
2026-03-14,15,WISHLIST,96,0.00
2026-03-14,15,PURCHASE,23,640.41
2026-03-14,17,PREORDER,6,790.45
2026-03-14,17,ADD_TO_CART,18,0.00
2026-03-14,17,VIEW,686,0.00
2026-03-14,17,WISHLIST,57,0.00
2026-03-14,17,PURCHASE,31,1513.88
2026-03-14,19,PREORDER,18,501.15
2026-03-14,19,ADD_TO_CART,42,0.00
2026-03-14,19,VIEW,914,0.00
2026-03-14,19,WISHLIST,122,0.00
2026-03-14,19,PURCHASE,60,1310.21
2026-03-14,21,PREORDER,7,430.22
2026-03-14,21,ADD_TO_CART,91,0.00
2026-03-14,21,VIEW,1242,0.00
2026-03-14,21,WISHLIST,106,0.00
2026-03-14,21,PURCHASE,31,1287.12
2026-03-14,23,PREORDER,8,861.38
2026-03-14,23,ADD_TO_CART,62,0.00
2026-03-14,23,VIEW,550,0.00
2026-03-14,23,WISHLIST,74,0.00
2026-03-14,23,PURCHASE,23,2080.80
2026-03-14,25,PREORDER,9,475.95
2026-03-14,25,ADD_TO_CART,47,0.00
2026-03-14,25,VIEW,455,0.00
2026-03-14,25,WISHLIST,83,0.00
2026-03-14,25,PURCHASE,33,1465.59
2026-03-14,27,PREORDER,11,779.26
2026-03-14,27,ADD_TO_CART,41,0.00
2026-03-14,27,VIEW,301,0.00
2026-03-14,27,WISHLIST,118,0.00
2026-03-14,27,PURCHASE,12,2208.88
2026-03-14,29,PREORDER,9,306.10
2026-03-14,29,ADD_TO_CART,37,0.00
2026-03-14,29,VIEW,264,0.00
2026-03-14,29,WISHLIST,77,0.00
2026-03-14,29,PURCHASE,14,1072.95
2026-03-15,2,PREORDER,14,922.04
2026-03-15,2,ADD_TO_CART,60,0.00
2026-03-15,2,VIEW,1075,0.00
2026-03-15,2,WISHLIST,153,0.00
2026-03-15,2,PURCHASE,40,1091.84
2026-03-15,4,PREORDER,12,405.96
2026-03-15,4,ADD_TO_CART,95,0.00
2026-03-15,4,VIEW,487,0.00
2026-03-15,4,WISHLIST,106,0.00
2026-03-15,4,PURCHASE,44,2265.58
2026-03-15,6,PREORDER,9,978.97
2026-03-15,6,ADD_TO_CART,77,0.00
2026-03-15,6,VIEW,764,0.00
2026-03-15,6,WISHLIST,94,0.00
2026-03-15,6,PURCHASE,49,680.30
2026-03-15,8,PREORDER,18,745.66
2026-03-15,8,ADD_TO_CART,98,0.00
2026-03-15,8,VIEW,610,0.00
2026-03-15,8,WISHLIST,125,0.00
2026-03-15,8,PURCHASE,52,2423.05
2026-03-15,10,PREORDER,122,5308.27
2026-03-15,10,ADD_TO_CART,45,0.00
2026-03-15,10,VIEW,456,0.00
2026-03-15,10,WISHLIST,122,0.00
2026-03-15,10,PURCHASE,40,14235.97
2026-03-15,12,PREORDER,13,849.25
2026-03-15,12,ADD_TO_CART,65,0.00
2026-03-15,12,VIEW,650,0.00
2026-03-15,12,WISHLIST,58,0.00
2026-03-15,12,PURCHASE,24,1148.54
2026-03-15,14,PREORDER,14,521.68
2026-03-15,14,ADD_TO_CART,70,0.00
2026-03-15,14,VIEW,780,0.00
2026-03-15,14,WISHLIST,116,0.00
2026-03-15,14,PURCHASE,45,1459.29
2026-03-15,16,PREORDER,4,547.81
2026-03-15,16,ADD_TO_CART,24,0.00
2026-03-15,16,VIEW,899,0.00
2026-03-15,16,WISHLIST,86,0.00
2026-03-15,16,PURCHASE,16,804.19
2026-03-15,18,PREORDER,6,735.39
2026-03-15,18,ADD_TO_CART,23,0.00
2026-03-15,18,VIEW,887,0.00
2026-03-15,18,WISHLIST,108,0.00
2026-03-15,18,PURCHASE,41,2330.67
2026-03-15,20,PREORDER,6,688.73
2026-03-15,20,ADD_TO_CART,96,0.00
2026-03-15,20,VIEW,1026,0.00
2026-03-15,20,WISHLIST,111,0.00
2026-03-15,20,PURCHASE,25,2320.17
2026-03-15,22,PREORDER,16,440.49
2026-03-15,22,ADD_TO_CART,97,0.00
2026-03-15,22,VIEW,522,0.00
2026-03-15,22,WISHLIST,131,0.00
2026-03-15,22,PURCHASE,38,1138.04
2026-03-15,24,PREORDER,19,503.02
2026-03-15,24,ADD_TO_CART,88,0.00
2026-03-15,24,VIEW,575,0.00
2026-03-15,24,WISHLIST,162,0.00
2026-03-15,24,PURCHASE,32,1585.27
2026-03-15,26,PREORDER,11,444.22
2026-03-15,26,ADD_TO_CART,55,0.00
2026-03-15,26,VIEW,344,0.00
2026-03-15,26,WISHLIST,110,0.00
2026-03-15,26,PURCHASE,38,1318.61
2026-03-15,28,PREORDER,7,433.02
2026-03-15,28,ADD_TO_CART,41,0.00
2026-03-15,28,VIEW,794,0.00
2026-03-15,28,WISHLIST,137,0.00
2026-03-15,28,PURCHASE,19,1387.90
2026-03-15,30,PREORDER,6,289.30
2026-03-15,30,ADD_TO_CART,66,0.00
2026-03-15,30,VIEW,529,0.00
2026-03-15,30,WISHLIST,45,0.00
2026-03-15,30,PURCHASE,35,1547.48
2026-03-16,1,PREORDER,7,726.06
2026-03-16,1,ADD_TO_CART,63,0.00
2026-03-16,1,VIEW,813,0.00
2026-03-16,1,WISHLIST,98,0.00
2026-03-16,1,PURCHASE,33,1839.34
2026-03-16,3,PREORDER,13,890.31
2026-03-16,3,ADD_TO_CART,50,0.00
2026-03-16,3,VIEW,458,0.00
2026-03-16,3,WISHLIST,49,0.00
2026-03-16,3,PURCHASE,22,1980.02
2026-03-16,5,PREORDER,8,923.91
2026-03-16,5,ADD_TO_CART,39,0.00
2026-03-16,5,VIEW,360,0.00
2026-03-16,5,WISHLIST,133,0.00
2026-03-16,5,PURCHASE,42,636.21
2026-03-16,7,PREORDER,13,1042.43
2026-03-16,7,ADD_TO_CART,28,0.00
2026-03-16,7,VIEW,397,0.00
2026-03-16,7,WISHLIST,133,0.00
2026-03-16,7,PURCHASE,47,2385.26
2026-03-16,9,PREORDER,14,475.02
2026-03-16,9,ADD_TO_CART,65,0.00
2026-03-16,9,VIEW,791,0.00
2026-03-16,9,WISHLIST,50,0.00
2026-03-16,9,PURCHASE,25,1243.02
2026-03-16,11,PREORDER,10,365.83
2026-03-16,11,ADD_TO_CART,21,0.00
2026-03-16,11,VIEW,640,0.00
2026-03-16,11,WISHLIST,90,0.00
2026-03-16,11,PURCHASE,30,2353.76
2026-03-16,13,PREORDER,10,359.30
2026-03-16,13,ADD_TO_CART,49,0.00
2026-03-16,13,VIEW,589,0.00
2026-03-16,13,WISHLIST,91,0.00
2026-03-16,13,PURCHASE,16,1285.02
2026-03-16,15,PREORDER,11,838.05
2026-03-16,15,ADD_TO_CART,52,0.00
2026-03-16,15,VIEW,252,0.00
2026-03-16,15,WISHLIST,41,0.00
2026-03-16,15,PURCHASE,14,2064.01
2026-03-16,17,PREORDER,5,901.51
2026-03-16,17,ADD_TO_CART,54,0.00
2026-03-16,17,VIEW,635,0.00
2026-03-16,17,WISHLIST,65,0.00
2026-03-16,17,PURCHASE,29,2431.45
2026-03-16,19,PREORDER,15,665.40
2026-03-16,19,ADD_TO_CART,73,0.00
2026-03-16,19,VIEW,353,0.00
2026-03-16,19,WISHLIST,105,0.00
2026-03-16,19,PURCHASE,45,1209.43
2026-03-16,21,PREORDER,12,550.61
2026-03-16,21,ADD_TO_CART,24,0.00
2026-03-16,21,VIEW,779,0.00
2026-03-16,21,WISHLIST,75,0.00
2026-03-16,21,PURCHASE,18,1129.64
2026-03-16,23,PREORDER,14,415.29
2026-03-16,23,ADD_TO_CART,50,0.00
2026-03-16,23,VIEW,423,0.00
2026-03-16,23,WISHLIST,73,0.00
2026-03-16,23,PURCHASE,32,1746.95
2026-03-16,25,PREORDER,7,915.51
2026-03-16,25,ADD_TO_CART,26,0.00
2026-03-16,25,VIEW,514,0.00
2026-03-16,25,WISHLIST,94,0.00
2026-03-16,25,PURCHASE,22,1732.25
2026-03-16,27,PREORDER,4,631.80
2026-03-16,27,ADD_TO_CART,41,0.00
2026-03-16,27,VIEW,563,0.00
2026-03-16,27,WISHLIST,29,0.00
2026-03-16,27,PURCHASE,17,632.01
2026-03-16,29,PREORDER,10,657.93
2026-03-16,29,ADD_TO_CART,46,0.00
2026-03-16,29,VIEW,670,0.00
2026-03-16,29,WISHLIST,76,0.00
2026-03-16,29,PURCHASE,22,2408.36
2026-03-17,2,PREORDER,12,883.78
2026-03-17,2,ADD_TO_CART,70,0.00
2026-03-17,2,VIEW,848,0.00
2026-03-17,2,WISHLIST,114,0.00
2026-03-17,2,PURCHASE,50,873.48
2026-03-17,4,PREORDER,5,926.71
2026-03-17,4,ADD_TO_CART,29,0.00
2026-03-17,4,VIEW,962,0.00
2026-03-17,4,WISHLIST,135,0.00
2026-03-17,4,PURCHASE,17,2339.07
2026-03-17,6,PREORDER,15,559.94
2026-03-17,6,ADD_TO_CART,25,0.00
2026-03-17,6,VIEW,903,0.00
2026-03-17,6,WISHLIST,152,0.00
2026-03-17,6,PURCHASE,28,661.41
2026-03-17,8,PREORDER,11,375.16
2026-03-17,8,ADD_TO_CART,44,0.00
2026-03-17,8,VIEW,378,0.00
2026-03-17,8,WISHLIST,128,0.00
2026-03-17,8,PURCHASE,38,1942.22
2026-03-17,10,PREORDER,109,6304.97
2026-03-17,10,ADD_TO_CART,20,0.00
2026-03-17,10,VIEW,718,0.00
2026-03-17,10,WISHLIST,76,0.00
2026-03-17,10,PURCHASE,10,18720.93
2026-03-17,12,PREORDER,9,632.74
2026-03-17,12,ADD_TO_CART,38,0.00
2026-03-17,12,VIEW,533,0.00
2026-03-17,12,WISHLIST,94,0.00
2026-03-17,12,PURCHASE,13,1581.07
2026-03-17,14,PREORDER,8,877.25
2026-03-17,14,ADD_TO_CART,49,0.00
2026-03-17,14,VIEW,341,0.00
2026-03-17,14,WISHLIST,74,0.00
2026-03-17,14,PURCHASE,21,1066.65
2026-03-17,16,PREORDER,6,682.20
2026-03-17,16,ADD_TO_CART,17,0.00
2026-03-17,16,VIEW,606,0.00
2026-03-17,16,WISHLIST,59,0.00
2026-03-17,16,PURCHASE,10,2118.60
2026-03-17,18,PREORDER,10,815.65
2026-03-17,18,ADD_TO_CART,53,0.00
2026-03-17,18,VIEW,338,0.00
2026-03-17,18,WISHLIST,88,0.00
2026-03-17,18,PURCHASE,31,1826.74
2026-03-17,20,PREORDER,13,834.32
2026-03-17,20,ADD_TO_CART,78,0.00
2026-03-17,20,VIEW,961,0.00
2026-03-17,20,WISHLIST,108,0.00
2026-03-17,20,PURCHASE,36,1350.11
2026-03-17,22,PREORDER,9,637.40
2026-03-17,22,ADD_TO_CART,24,0.00
2026-03-17,22,VIEW,664,0.00
2026-03-17,22,WISHLIST,51,0.00
2026-03-17,22,PURCHASE,46,2112.30
2026-03-17,24,PREORDER,7,627.14
2026-03-17,24,ADD_TO_CART,51,0.00
2026-03-17,24,VIEW,389,0.00
2026-03-17,24,WISHLIST,151,0.00
2026-03-17,24,PURCHASE,26,2389.46
2026-03-17,26,PREORDER,4,343.43
2026-03-17,26,ADD_TO_CART,23,0.00
2026-03-17,26,VIEW,690,0.00
2026-03-17,26,WISHLIST,83,0.00
2026-03-17,26,PURCHASE,15,1774.25
2026-03-17,28,PREORDER,10,444.22
2026-03-17,28,ADD_TO_CART,24,0.00
2026-03-17,28,VIEW,350,0.00
2026-03-17,28,WISHLIST,73,0.00
2026-03-17,28,PURCHASE,24,2433.55
2026-03-17,30,PREORDER,5,628.07
2026-03-17,30,ADD_TO_CART,24,0.00
2026-03-17,30,VIEW,530,0.00
2026-03-17,30,WISHLIST,75,0.00
2026-03-17,30,PURCHASE,12,1442.49
2026-03-18,1,PREORDER,14,492.75
2026-03-18,1,ADD_TO_CART,73,0.00
2026-03-18,1,VIEW,900,0.00
2026-03-18,1,WISHLIST,41,0.00
2026-03-18,1,PURCHASE,18,1144.34
2026-03-18,3,PREORDER,9,903.38
2026-03-18,3,ADD_TO_CART,23,0.00
2026-03-18,3,VIEW,732,0.00
2026-03-18,3,WISHLIST,54,0.00
2026-03-18,3,PURCHASE,16,1463.49
2026-03-18,5,PREORDER,15,593.54
2026-03-18,5,ADD_TO_CART,53,0.00
2026-03-18,5,VIEW,681,0.00
2026-03-18,5,WISHLIST,63,0.00
2026-03-18,5,PURCHASE,27,2248.78
2026-03-18,7,PREORDER,6,1086.29
2026-03-18,7,ADD_TO_CART,58,0.00
2026-03-18,7,VIEW,803,0.00
2026-03-18,7,WISHLIST,125,0.00
2026-03-18,7,PURCHASE,36,701.30
2026-03-18,9,PREORDER,9,936.97
2026-03-18,9,ADD_TO_CART,30,0.00
2026-03-18,9,VIEW,780,0.00
2026-03-18,9,WISHLIST,74,0.00
2026-03-18,9,PURCHASE,32,692.90
2026-03-18,11,PREORDER,11,1056.43
2026-03-18,11,ADD_TO_CART,48,0.00
2026-03-18,11,VIEW,416,0.00
2026-03-18,11,WISHLIST,48,0.00
2026-03-18,11,PURCHASE,21,1293.42
2026-03-18,13,PREORDER,4,440.49
2026-03-18,13,ADD_TO_CART,45,0.00
2026-03-18,13,VIEW,345,0.00
2026-03-18,13,WISHLIST,76,0.00
2026-03-18,13,PURCHASE,11,1440.39
2026-03-18,15,PREORDER,7,684.06
2026-03-18,15,ADD_TO_CART,15,0.00
2026-03-18,15,VIEW,539,0.00
2026-03-18,15,WISHLIST,92,0.00
2026-03-18,15,PURCHASE,32,1184.23
2026-03-18,17,PREORDER,4,495.55
2026-03-18,17,ADD_TO_CART,44,0.00
2026-03-18,17,VIEW,553,0.00
2026-03-18,17,WISHLIST,100,0.00
2026-03-18,17,PURCHASE,34,1591.57
2026-03-18,19,PREORDER,12,779.26
2026-03-18,19,ADD_TO_CART,55,0.00
2026-03-18,19,VIEW,346,0.00
2026-03-18,19,WISHLIST,116,0.00
2026-03-18,19,PURCHASE,16,1369.00
2026-03-18,21,PREORDER,10,922.97
2026-03-18,21,ADD_TO_CART,39,0.00
2026-03-18,21,VIEW,576,0.00
2026-03-18,21,WISHLIST,91,0.00
2026-03-18,21,PURCHASE,35,1217.83
2026-03-18,23,PREORDER,15,382.63
2026-03-18,23,ADD_TO_CART,36,0.00
2026-03-18,23,VIEW,663,0.00
2026-03-18,23,WISHLIST,89,0.00
2026-03-18,23,PURCHASE,24,886.07
2026-03-18,25,PREORDER,8,1097.49
2026-03-18,25,ADD_TO_CART,44,0.00
2026-03-18,25,VIEW,572,0.00
2026-03-18,25,WISHLIST,47,0.00
2026-03-18,25,PURCHASE,35,2099.70
2026-03-18,27,PREORDER,4,1099.36
2026-03-18,27,ADD_TO_CART,22,0.00
2026-03-18,27,VIEW,678,0.00
2026-03-18,27,WISHLIST,74,0.00
2026-03-18,27,PURCHASE,12,808.38
2026-03-18,29,PREORDER,3,640.20
2026-03-18,29,ADD_TO_CART,34,0.00
2026-03-18,29,VIEW,517,0.00
2026-03-18,29,WISHLIST,89,0.00
2026-03-18,29,PURCHASE,23,1620.97
2026-03-19,2,PREORDER,6,412.49
2026-03-19,2,ADD_TO_CART,28,0.00
2026-03-19,2,VIEW,659,0.00
2026-03-19,2,WISHLIST,114,0.00
2026-03-19,2,PURCHASE,18,1814.14
2026-03-19,4,PREORDER,12,926.71
2026-03-19,4,ADD_TO_CART,39,0.00
2026-03-19,4,VIEW,921,0.00
2026-03-19,4,WISHLIST,129,0.00
2026-03-19,4,PURCHASE,17,741.19
2026-03-19,6,PREORDER,14,768.06
2026-03-19,6,ADD_TO_CART,44,0.00
2026-03-19,6,VIEW,560,0.00
2026-03-19,6,WISHLIST,65,0.00
2026-03-19,6,PURCHASE,20,1856.13
2026-03-19,8,PREORDER,8,571.14
2026-03-19,8,ADD_TO_CART,28,0.00
2026-03-19,8,VIEW,331,0.00
2026-03-19,8,WISHLIST,116,0.00
2026-03-19,8,PURCHASE,22,1690.26
2026-03-19,10,PREORDER,113,8107.99
2026-03-19,10,ADD_TO_CART,24,0.00
2026-03-19,10,VIEW,622,0.00
2026-03-19,10,WISHLIST,48,0.00
2026-03-19,10,PURCHASE,15,9952.58
2026-03-19,12,PREORDER,9,993.90
2026-03-19,12,ADD_TO_CART,54,0.00
2026-03-19,12,VIEW,370,0.00
2026-03-19,12,WISHLIST,102,0.00
2026-03-19,12,PURCHASE,21,1553.78
2026-03-19,14,PREORDER,7,726.99
2026-03-19,14,ADD_TO_CART,32,0.00
2026-03-19,14,VIEW,656,0.00
2026-03-19,14,WISHLIST,71,0.00
2026-03-19,14,PURCHASE,32,1163.23
2026-03-19,16,PREORDER,7,1058.29
2026-03-19,16,ADD_TO_CART,54,0.00
2026-03-19,16,VIEW,203,0.00
2026-03-19,16,WISHLIST,88,0.00
2026-03-19,16,PURCHASE,30,1138.04
2026-03-19,18,PREORDER,6,407.83
2026-03-19,18,ADD_TO_CART,35,0.00
2026-03-19,18,VIEW,405,0.00
2026-03-19,18,WISHLIST,74,0.00
2026-03-19,18,PURCHASE,32,1677.66
2026-03-19,20,PREORDER,4,446.09
2026-03-19,20,ADD_TO_CART,54,0.00
2026-03-19,20,VIEW,807,0.00
2026-03-19,20,WISHLIST,119,0.00
2026-03-19,20,PURCHASE,30,1438.29
2026-03-19,22,PREORDER,12,914.58
2026-03-19,22,ADD_TO_CART,23,0.00
2026-03-19,22,VIEW,318,0.00
2026-03-19,22,WISHLIST,98,0.00
2026-03-19,22,PURCHASE,43,2087.10
2026-03-19,24,PREORDER,8,770.86
2026-03-19,24,ADD_TO_CART,36,0.00
2026-03-19,24,VIEW,702,0.00
2026-03-19,24,WISHLIST,43,0.00
2026-03-19,24,PURCHASE,39,1933.82
2026-03-19,26,PREORDER,11,966.84
2026-03-19,26,ADD_TO_CART,46,0.00
2026-03-19,26,VIEW,443,0.00
2026-03-19,26,WISHLIST,69,0.00
2026-03-19,26,PURCHASE,23,2307.57
2026-03-19,28,PREORDER,8,314.50
2026-03-19,28,ADD_TO_CART,24,0.00
2026-03-19,28,VIEW,583,0.00
2026-03-19,28,WISHLIST,31,0.00
2026-03-19,28,PURCHASE,26,1938.02
2026-03-19,30,PREORDER,7,321.03
2026-03-19,30,ADD_TO_CART,53,0.00
2026-03-19,30,VIEW,471,0.00
2026-03-19,30,WISHLIST,42,0.00
2026-03-19,30,PURCHASE,35,1110.74
2026-03-20,1,PREORDER,4,757.79
2026-03-20,1,ADD_TO_CART,40,0.00
2026-03-20,1,VIEW,637,0.00
2026-03-20,1,WISHLIST,108,0.00
2026-03-20,1,PURCHASE,43,1354.31
2026-03-20,3,PREORDER,15,355.56
2026-03-20,3,ADD_TO_CART,73,0.00
2026-03-20,3,VIEW,800,0.00
2026-03-20,3,WISHLIST,129,0.00
2026-03-20,3,PURCHASE,15,1459.29
2026-03-20,5,PREORDER,10,854.85
2026-03-20,5,ADD_TO_CART,71,0.00
2026-03-20,5,VIEW,323,0.00
2026-03-20,5,WISHLIST,39,0.00
2026-03-20,5,PURCHASE,35,1285.02
2026-03-20,7,PREORDER,14,533.81
2026-03-20,7,ADD_TO_CART,57,0.00
2026-03-20,7,VIEW,843,0.00
2026-03-20,7,WISHLIST,40,0.00
2026-03-20,7,PURCHASE,30,2418.85
2026-03-20,9,PREORDER,15,736.33
2026-03-20,9,ADD_TO_CART,74,0.00
2026-03-20,9,VIEW,361,0.00
2026-03-20,9,WISHLIST,130,0.00
2026-03-20,9,PURCHASE,49,2496.54
2026-03-20,11,PREORDER,9,984.57
2026-03-20,11,ADD_TO_CART,45,0.00
2026-03-20,11,VIEW,190,0.00
2026-03-20,11,WISHLIST,31,0.00
2026-03-20,11,PURCHASE,19,1272.42
2026-03-20,13,PREORDER,11,652.33
2026-03-20,13,ADD_TO_CART,40,0.00
2026-03-20,13,VIEW,634,0.00
2026-03-20,13,WISHLIST,60,0.00
2026-03-20,13,PURCHASE,11,923.87
2026-03-20,15,PREORDER,9,444.22
2026-03-20,15,ADD_TO_CART,22,0.00
2026-03-20,15,VIEW,230,0.00
2026-03-20,15,WISHLIST,99,0.00
2026-03-20,15,PURCHASE,16,2196.29
2026-03-20,17,PREORDER,7,854.85
2026-03-20,17,ADD_TO_CART,55,0.00
2026-03-20,17,VIEW,446,0.00
2026-03-20,17,WISHLIST,96,0.00
2026-03-20,17,PURCHASE,15,2469.25
2026-03-20,19,PREORDER,16,1047.10
2026-03-20,19,ADD_TO_CART,32,0.00
2026-03-20,19,VIEW,786,0.00
2026-03-20,19,WISHLIST,93,0.00
2026-03-20,19,PURCHASE,42,1837.24
2026-03-20,21,PREORDER,15,774.59
2026-03-20,21,ADD_TO_CART,56,0.00
2026-03-20,21,VIEW,815,0.00
2026-03-20,21,WISHLIST,48,0.00
2026-03-20,21,PURCHASE,20,1358.51
2026-03-20,23,PREORDER,4,903.38
2026-03-20,23,ADD_TO_CART,41,0.00
2026-03-20,23,VIEW,570,0.00
2026-03-20,23,WISHLIST,79,0.00
2026-03-20,23,PURCHASE,35,869.28
2026-03-20,25,PREORDER,7,970.57
2026-03-20,25,ADD_TO_CART,54,0.00
2026-03-20,25,VIEW,644,0.00
2026-03-20,25,WISHLIST,89,0.00
2026-03-20,25,PURCHASE,15,837.78
2026-03-20,27,PREORDER,9,841.78
2026-03-20,27,ADD_TO_CART,15,0.00
2026-03-20,27,VIEW,631,0.00
2026-03-20,27,WISHLIST,66,0.00
2026-03-20,27,PURCHASE,11,1068.75
2026-03-20,29,PREORDER,6,994.83
2026-03-20,29,ADD_TO_CART,49,0.00
2026-03-20,29,VIEW,679,0.00
2026-03-20,29,WISHLIST,46,0.00
2026-03-20,29,PURCHASE,29,1257.72
2026-03-21,2,PREORDER,13,679.40
2026-03-21,2,ADD_TO_CART,88,0.00
2026-03-21,2,VIEW,765,0.00
2026-03-21,2,WISHLIST,158,0.00
2026-03-21,2,PURCHASE,60,2483.95
2026-03-21,4,PREORDER,18,1045.23
2026-03-21,4,ADD_TO_CART,81,0.00
2026-03-21,4,VIEW,433,0.00
2026-03-21,4,WISHLIST,135,0.00
2026-03-21,4,PURCHASE,41,2370.56
2026-03-21,6,PREORDER,13,424.62
2026-03-21,6,ADD_TO_CART,34,0.00
2026-03-21,6,VIEW,1195,0.00
2026-03-21,6,WISHLIST,77,0.00
2026-03-21,6,PURCHASE,54,988.96
2026-03-21,8,PREORDER,7,741.93
2026-03-21,8,ADD_TO_CART,88,0.00
2026-03-21,8,VIEW,972,0.00
2026-03-21,8,WISHLIST,192,0.00
2026-03-21,8,PURCHASE,54,657.21
2026-03-21,10,PREORDER,108,9104.69
2026-03-21,10,ADD_TO_CART,40,0.00
2026-03-21,10,VIEW,827,0.00
2026-03-21,10,WISHLIST,88,0.00
2026-03-21,10,PURCHASE,41,20711.44
2026-03-21,12,PREORDER,7,482.49
2026-03-21,12,ADD_TO_CART,57,0.00
2026-03-21,12,VIEW,585,0.00
2026-03-21,12,WISHLIST,51,0.00
2026-03-21,12,PURCHASE,35,1755.35
2026-03-21,14,PREORDER,13,910.84
2026-03-21,14,ADD_TO_CART,65,0.00
2026-03-21,14,VIEW,804,0.00
2026-03-21,14,WISHLIST,109,0.00
2026-03-21,14,PURCHASE,40,1954.82
2026-03-21,16,PREORDER,10,1104.96
2026-03-21,16,ADD_TO_CART,47,0.00
2026-03-21,16,VIEW,854,0.00
2026-03-21,16,WISHLIST,140,0.00
2026-03-21,16,PURCHASE,24,2219.38
2026-03-21,18,PREORDER,4,678.47
2026-03-21,18,ADD_TO_CART,33,0.00
2026-03-21,18,VIEW,445,0.00
2026-03-21,18,WISHLIST,88,0.00
2026-03-21,18,PURCHASE,19,1171.63
2026-03-21,20,PREORDER,17,656.07
2026-03-21,20,ADD_TO_CART,39,0.00
2026-03-21,20,VIEW,1229,0.00
2026-03-21,20,WISHLIST,189,0.00
2026-03-21,20,PURCHASE,55,1843.54
2026-03-21,22,PREORDER,18,1041.50
2026-03-21,22,ADD_TO_CART,71,0.00
2026-03-21,22,VIEW,543,0.00
2026-03-21,22,WISHLIST,196,0.00
2026-03-21,22,PURCHASE,63,1914.93
2026-03-21,24,PREORDER,6,605.67
2026-03-21,24,ADD_TO_CART,41,0.00
2026-03-21,24,VIEW,1157,0.00
2026-03-21,24,WISHLIST,147,0.00
2026-03-21,24,PURCHASE,50,2189.99
2026-03-21,26,PREORDER,13,629.94
2026-03-21,26,ADD_TO_CART,27,0.00
2026-03-21,26,VIEW,353,0.00
2026-03-21,26,WISHLIST,109,0.00
2026-03-21,26,PURCHASE,40,1597.87
2026-03-21,28,PREORDER,13,372.36
2026-03-21,28,ADD_TO_CART,59,0.00
2026-03-21,28,VIEW,263,0.00
2026-03-21,28,WISHLIST,89,0.00
2026-03-21,28,PURCHASE,45,1631.47
2026-03-21,30,PREORDER,6,963.10
2026-03-21,30,ADD_TO_CART,32,0.00
2026-03-21,30,VIEW,637,0.00
2026-03-21,30,WISHLIST,123,0.00
2026-03-21,30,PURCHASE,12,2519.64
2026-03-22,1,PREORDER,17,404.09
2026-03-22,1,ADD_TO_CART,27,0.00
2026-03-22,1,VIEW,1176,0.00
2026-03-22,1,WISHLIST,186,0.00
2026-03-22,1,PURCHASE,20,1482.39
2026-03-22,3,PREORDER,9,373.30
2026-03-22,3,ADD_TO_CART,72,0.00
2026-03-22,3,VIEW,1001,0.00
2026-03-22,3,WISHLIST,51,0.00
2026-03-22,3,PURCHASE,32,2261.38
2026-03-22,5,PREORDER,19,693.40
2026-03-22,5,ADD_TO_CART,47,0.00
2026-03-22,5,VIEW,1218,0.00
2026-03-22,5,WISHLIST,162,0.00
2026-03-22,5,PURCHASE,57,1599.97
2026-03-22,7,PREORDER,15,486.22
2026-03-22,7,ADD_TO_CART,32,0.00
2026-03-22,7,VIEW,1101,0.00
2026-03-22,7,WISHLIST,129,0.00
2026-03-22,7,PURCHASE,39,2118.60
2026-03-22,9,PREORDER,12,445.16
2026-03-22,9,ADD_TO_CART,91,0.00
2026-03-22,9,VIEW,1164,0.00
2026-03-22,9,WISHLIST,66,0.00
2026-03-22,9,PURCHASE,38,1366.90
2026-03-22,11,PREORDER,9,658.87
2026-03-22,11,ADD_TO_CART,66,0.00
2026-03-22,11,VIEW,554,0.00
2026-03-22,11,WISHLIST,44,0.00
2026-03-22,11,PURCHASE,28,2003.11
2026-03-22,13,PREORDER,13,964.97
2026-03-22,13,ADD_TO_CART,55,0.00
2026-03-22,13,VIEW,327,0.00
2026-03-22,13,WISHLIST,44,0.00
2026-03-22,13,PURCHASE,28,1058.25
2026-03-22,15,PREORDER,5,289.30
2026-03-22,15,ADD_TO_CART,67,0.00
2026-03-22,15,VIEW,739,0.00
2026-03-22,15,WISHLIST,135,0.00
2026-03-22,15,PURCHASE,13,1683.96
2026-03-22,17,PREORDER,6,803.52
2026-03-22,17,ADD_TO_CART,50,0.00
2026-03-22,17,VIEW,249,0.00
2026-03-22,17,WISHLIST,43,0.00
2026-03-22,17,PURCHASE,39,682.40
2026-03-22,19,PREORDER,5,1062.96
2026-03-22,19,ADD_TO_CART,37,0.00
2026-03-22,19,VIEW,849,0.00
2026-03-22,19,WISHLIST,75,0.00
2026-03-22,19,PURCHASE,37,1856.13
2026-03-22,21,PREORDER,18,606.61
2026-03-22,21,ADD_TO_CART,38,0.00
2026-03-22,21,VIEW,1128,0.00
2026-03-22,21,WISHLIST,173,0.00
2026-03-22,21,PURCHASE,61,1480.29
2026-03-22,23,PREORDER,19,559.94
2026-03-22,23,ADD_TO_CART,76,0.00
2026-03-22,23,VIEW,655,0.00
2026-03-22,23,WISHLIST,137,0.00
2026-03-22,23,PURCHASE,54,1033.05
2026-03-22,25,PREORDER,6,465.69
2026-03-22,25,ADD_TO_CART,60,0.00
2026-03-22,25,VIEW,287,0.00
2026-03-22,25,WISHLIST,103,0.00
2026-03-22,25,PURCHASE,25,980.56
2026-03-22,27,PREORDER,8,692.46
2026-03-22,27,ADD_TO_CART,58,0.00
2026-03-22,27,VIEW,274,0.00
2026-03-22,27,WISHLIST,117,0.00
2026-03-22,27,PURCHASE,39,1348.01
2026-03-22,29,PREORDER,10,921.11
2026-03-22,29,ADD_TO_CART,42,0.00
2026-03-22,29,VIEW,257,0.00
2026-03-22,29,WISHLIST,46,0.00
2026-03-22,29,PURCHASE,30,2339.07
2026-03-23,2,PREORDER,16,1078.83
2026-03-23,2,ADD_TO_CART,28,0.00
2026-03-23,2,VIEW,420,0.00
2026-03-23,2,WISHLIST,42,0.00
2026-03-23,2,PURCHASE,30,1371.10
2026-03-23,4,PREORDER,16,349.97
2026-03-23,4,ADD_TO_CART,64,0.00
2026-03-23,4,VIEW,373,0.00
2026-03-23,4,WISHLIST,136,0.00
2026-03-23,4,PURCHASE,23,2483.95
2026-03-23,6,PREORDER,5,577.68
2026-03-23,6,ADD_TO_CART,51,0.00
2026-03-23,6,VIEW,884,0.00
2026-03-23,6,WISHLIST,70,0.00
2026-03-23,6,PURCHASE,21,1809.94
2026-03-23,8,PREORDER,5,740.06
2026-03-23,8,ADD_TO_CART,22,0.00
2026-03-23,8,VIEW,734,0.00
2026-03-23,8,WISHLIST,131,0.00
2026-03-23,8,PURCHASE,39,671.90
2026-03-23,10,PREORDER,89,8443.96
2026-03-23,10,ADD_TO_CART,22,0.00
2026-03-23,10,VIEW,695,0.00
2026-03-23,10,WISHLIST,76,0.00
2026-03-23,10,PURCHASE,35,20409.08
2026-03-23,12,PREORDER,6,323.83
2026-03-23,12,ADD_TO_CART,14,0.00
2026-03-23,12,VIEW,297,0.00
2026-03-23,12,WISHLIST,69,0.00
2026-03-23,12,PURCHASE,33,1499.19
2026-03-23,14,PREORDER,5,908.98
2026-03-23,14,ADD_TO_CART,24,0.00
2026-03-23,14,VIEW,327,0.00
2026-03-23,14,WISHLIST,99,0.00
2026-03-23,14,PURCHASE,27,1623.07
2026-03-23,16,PREORDER,9,350.90
2026-03-23,16,ADD_TO_CART,52,0.00
2026-03-23,16,VIEW,281,0.00
2026-03-23,16,WISHLIST,82,0.00
2026-03-23,16,PURCHASE,15,1770.05
2026-03-23,18,PREORDER,9,395.69
2026-03-23,18,ADD_TO_CART,48,0.00
2026-03-23,18,VIEW,689,0.00
2026-03-23,18,WISHLIST,111,0.00
2026-03-23,18,PURCHASE,27,1085.54
2026-03-23,20,PREORDER,16,394.76
2026-03-23,20,ADD_TO_CART,78,0.00
2026-03-23,20,VIEW,932,0.00
2026-03-23,20,WISHLIST,111,0.00
2026-03-23,20,PURCHASE,39,1056.15
2026-03-23,22,PREORDER,11,1021.90
2026-03-23,22,ADD_TO_CART,61,0.00
2026-03-23,22,VIEW,601,0.00
2026-03-23,22,WISHLIST,95,0.00
2026-03-23,22,PURCHASE,47,1217.83
2026-03-23,24,PREORDER,8,908.98
2026-03-23,24,ADD_TO_CART,36,0.00
2026-03-23,24,VIEW,930,0.00
2026-03-23,24,WISHLIST,110,0.00
2026-03-23,24,PURCHASE,34,1606.27
2026-03-23,26,PREORDER,9,554.34
2026-03-23,26,ADD_TO_CART,23,0.00
2026-03-23,26,VIEW,704,0.00
2026-03-23,26,WISHLIST,61,0.00
2026-03-23,26,PURCHASE,10,1471.89
2026-03-23,28,PREORDER,9,901.51
2026-03-23,28,ADD_TO_CART,54,0.00
2026-03-23,28,VIEW,401,0.00
2026-03-23,28,WISHLIST,46,0.00
2026-03-23,28,PURCHASE,10,1106.54
2026-03-23,30,PREORDER,5,718.59
2026-03-23,30,ADD_TO_CART,52,0.00
2026-03-23,30,VIEW,315,0.00
2026-03-23,30,WISHLIST,109,0.00
2026-03-23,30,PURCHASE,23,1274.52
2026-03-24,1,PREORDER,6,1034.96
2026-03-24,1,ADD_TO_CART,41,0.00
2026-03-24,1,VIEW,550,0.00
2026-03-24,1,WISHLIST,112,0.00
2026-03-24,1,PURCHASE,50,1560.08
2026-03-24,3,PREORDER,15,440.49
2026-03-24,3,ADD_TO_CART,38,0.00
2026-03-24,3,VIEW,764,0.00
2026-03-24,3,WISHLIST,68,0.00
2026-03-24,3,PURCHASE,41,1589.47
2026-03-24,5,PREORDER,14,311.70
2026-03-24,5,ADD_TO_CART,63,0.00
2026-03-24,5,VIEW,776,0.00
2026-03-24,5,WISHLIST,151,0.00
2026-03-24,5,PURCHASE,43,1975.82
2026-03-24,7,PREORDER,11,302.37
2026-03-24,7,ADD_TO_CART,71,0.00
2026-03-24,7,VIEW,296,0.00
2026-03-24,7,WISHLIST,92,0.00
2026-03-24,7,PURCHASE,17,1291.32
2026-03-24,9,PREORDER,11,440.49
2026-03-24,9,ADD_TO_CART,46,0.00
2026-03-24,9,VIEW,893,0.00
2026-03-24,9,WISHLIST,70,0.00
2026-03-24,9,PURCHASE,32,2110.20
2026-03-24,11,PREORDER,3,312.64
2026-03-24,11,ADD_TO_CART,14,0.00
2026-03-24,11,VIEW,692,0.00
2026-03-24,11,WISHLIST,108,0.00
2026-03-24,11,PURCHASE,11,1121.24
2026-03-24,13,PREORDER,8,911.78
2026-03-24,13,ADD_TO_CART,26,0.00
2026-03-24,13,VIEW,269,0.00
2026-03-24,13,WISHLIST,60,0.00
2026-03-24,13,PURCHASE,18,1203.13
2026-03-24,15,PREORDER,4,713.93
2026-03-24,15,ADD_TO_CART,40,0.00
2026-03-24,15,VIEW,484,0.00
2026-03-24,15,WISHLIST,95,0.00
2026-03-24,15,PURCHASE,19,2185.79
2026-03-24,17,PREORDER,9,666.33
2026-03-24,17,ADD_TO_CART,18,0.00
2026-03-24,17,VIEW,436,0.00
2026-03-24,17,WISHLIST,71,0.00
2026-03-24,17,PURCHASE,13,1234.62
2026-03-24,19,PREORDER,8,388.23
2026-03-24,19,ADD_TO_CART,39,0.00
2026-03-24,19,VIEW,341,0.00
2026-03-24,19,WISHLIST,108,0.00
2026-03-24,19,PURCHASE,42,1696.56
2026-03-24,21,PREORDER,15,338.77
2026-03-24,21,ADD_TO_CART,22,0.00
2026-03-24,21,VIEW,846,0.00
2026-03-24,21,WISHLIST,155,0.00
2026-03-24,21,PURCHASE,39,1959.02
2026-03-24,23,PREORDER,5,978.97
2026-03-24,23,ADD_TO_CART,30,0.00
2026-03-24,23,VIEW,407,0.00
2026-03-24,23,WISHLIST,42,0.00
2026-03-24,23,PURCHASE,26,1152.74
2026-03-24,25,PREORDER,10,670.07
2026-03-24,25,ADD_TO_CART,33,0.00
2026-03-24,25,VIEW,625,0.00
2026-03-24,25,WISHLIST,60,0.00
2026-03-24,25,PURCHASE,21,1938.02
2026-03-24,27,PREORDER,10,847.38
2026-03-24,27,ADD_TO_CART,50,0.00
2026-03-24,27,VIEW,286,0.00
2026-03-24,27,WISHLIST,52,0.00
2026-03-24,27,PURCHASE,18,1633.57
2026-03-24,29,PREORDER,4,507.68
2026-03-24,29,ADD_TO_CART,19,0.00
2026-03-24,29,VIEW,278,0.00
2026-03-24,29,WISHLIST,97,0.00
2026-03-24,29,PURCHASE,31,1064.55
2026-03-25,2,PREORDER,13,731.66
2026-03-25,2,ADD_TO_CART,34,0.00
2026-03-25,2,VIEW,771,0.00
2026-03-25,2,WISHLIST,155,0.00
2026-03-25,2,PURCHASE,22,2471.35
2026-03-25,4,PREORDER,7,619.67
2026-03-25,4,ADD_TO_CART,54,0.00
2026-03-25,4,VIEW,365,0.00
2026-03-25,4,WISHLIST,92,0.00
2026-03-25,4,PURCHASE,49,1444.59
2026-03-25,6,PREORDER,15,617.80
2026-03-25,6,ADD_TO_CART,32,0.00
2026-03-25,6,VIEW,531,0.00
2026-03-25,6,WISHLIST,124,0.00
2026-03-25,6,PURCHASE,49,781.09
2026-03-25,8,PREORDER,9,541.28
2026-03-25,8,ADD_TO_CART,26,0.00
2026-03-25,8,VIEW,839,0.00
2026-03-25,8,WISHLIST,67,0.00
2026-03-25,8,PURCHASE,17,699.20
2026-03-25,10,PREORDER,122,13102.69
2026-03-25,10,ADD_TO_CART,20,0.00
2026-03-25,10,VIEW,676,0.00
2026-03-25,10,WISHLIST,60,0.00
2026-03-25,10,PURCHASE,20,29782.14
2026-03-25,12,PREORDER,5,311.70
2026-03-25,12,ADD_TO_CART,39,0.00
2026-03-25,12,VIEW,478,0.00
2026-03-25,12,WISHLIST,111,0.00
2026-03-25,12,PURCHASE,22,1264.02
2026-03-25,14,PREORDER,3,527.28
2026-03-25,14,ADD_TO_CART,33,0.00
2026-03-25,14,VIEW,607,0.00
2026-03-25,14,WISHLIST,69,0.00
2026-03-25,14,PURCHASE,25,2439.85
2026-03-25,16,PREORDER,9,881.91
2026-03-25,16,ADD_TO_CART,42,0.00
2026-03-25,16,VIEW,623,0.00
2026-03-25,16,WISHLIST,79,0.00
2026-03-25,16,PURCHASE,20,1350.11
2026-03-25,18,PREORDER,9,903.38
2026-03-25,18,ADD_TO_CART,22,0.00
2026-03-25,18,VIEW,659,0.00
2026-03-25,18,WISHLIST,35,0.00
2026-03-25,18,PURCHASE,28,789.49
2026-03-25,20,PREORDER,7,851.11
2026-03-25,20,ADD_TO_CART,49,0.00
2026-03-25,20,VIEW,543,0.00
2026-03-25,20,WISHLIST,98,0.00
2026-03-25,20,PURCHASE,20,1946.42
2026-03-25,22,PREORDER,12,1001.37
2026-03-25,22,ADD_TO_CART,52,0.00
2026-03-25,22,VIEW,329,0.00
2026-03-25,22,WISHLIST,90,0.00
2026-03-25,22,PURCHASE,48,970.06
2026-03-25,24,PREORDER,13,806.32
2026-03-25,24,ADD_TO_CART,37,0.00
2026-03-25,24,VIEW,963,0.00
2026-03-25,24,WISHLIST,108,0.00
2026-03-25,24,PURCHASE,40,1574.78
2026-03-25,26,PREORDER,6,324.77
2026-03-25,26,ADD_TO_CART,14,0.00
2026-03-25,26,VIEW,220,0.00
2026-03-25,26,WISHLIST,31,0.00
2026-03-25,26,PURCHASE,18,1177.93
2026-03-25,28,PREORDER,6,392.89
2026-03-25,28,ADD_TO_CART,35,0.00
2026-03-25,28,VIEW,661,0.00
2026-03-25,28,WISHLIST,36,0.00
2026-03-25,28,PURCHASE,32,2299.17
2026-03-25,30,PREORDER,3,481.55
2026-03-25,30,ADD_TO_CART,16,0.00
2026-03-25,30,VIEW,703,0.00
2026-03-25,30,WISHLIST,29,0.00
2026-03-25,30,PURCHASE,22,2160.59
2026-03-26,1,PREORDER,5,968.70
2026-03-26,1,ADD_TO_CART,71,0.00
2026-03-26,1,VIEW,706,0.00
2026-03-26,1,WISHLIST,92,0.00
2026-03-26,1,PURCHASE,39,1532.78
2026-03-26,3,PREORDER,5,987.37
2026-03-26,3,ADD_TO_CART,54,0.00
2026-03-26,3,VIEW,750,0.00
2026-03-26,3,WISHLIST,42,0.00
2026-03-26,3,PURCHASE,30,1194.73
2026-03-26,5,PREORDER,13,530.08
2026-03-26,5,ADD_TO_CART,36,0.00
2026-03-26,5,VIEW,768,0.00
2026-03-26,5,WISHLIST,86,0.00
2026-03-26,5,PURCHASE,26,2391.56
2026-03-26,7,PREORDER,13,828.72
2026-03-26,7,ADD_TO_CART,33,0.00
2026-03-26,7,VIEW,915,0.00
2026-03-26,7,WISHLIST,98,0.00
2026-03-26,7,PURCHASE,35,1627.27
2026-03-26,9,PREORDER,5,1100.29
2026-03-26,9,ADD_TO_CART,20,0.00
2026-03-26,9,VIEW,824,0.00
2026-03-26,9,WISHLIST,71,0.00
2026-03-26,9,PURCHASE,35,900.77
2026-03-26,11,PREORDER,3,747.53
2026-03-26,11,ADD_TO_CART,15,0.00
2026-03-26,11,VIEW,428,0.00
2026-03-26,11,WISHLIST,97,0.00
2026-03-26,11,PURCHASE,36,1877.13
2026-03-26,13,PREORDER,6,433.96
2026-03-26,13,ADD_TO_CART,33,0.00
2026-03-26,13,VIEW,679,0.00
2026-03-26,13,WISHLIST,61,0.00
2026-03-26,13,PURCHASE,14,1117.04
2026-03-26,15,PREORDER,10,657.00
2026-03-26,15,ADD_TO_CART,17,0.00
2026-03-26,15,VIEW,316,0.00
2026-03-26,15,WISHLIST,84,0.00
2026-03-26,15,PURCHASE,35,1812.04
2026-03-26,17,PREORDER,9,662.60
2026-03-26,17,ADD_TO_CART,30,0.00
2026-03-26,17,VIEW,196,0.00
2026-03-26,17,WISHLIST,52,0.00
2026-03-26,17,PURCHASE,13,1083.45
2026-03-26,19,PREORDER,10,585.14
2026-03-26,19,ADD_TO_CART,40,0.00
2026-03-26,19,VIEW,349,0.00
2026-03-26,19,WISHLIST,112,0.00
2026-03-26,19,PURCHASE,44,1925.42
2026-03-26,21,PREORDER,7,562.74
2026-03-26,21,ADD_TO_CART,73,0.00
2026-03-26,21,VIEW,801,0.00
2026-03-26,21,WISHLIST,146,0.00
2026-03-26,21,PURCHASE,15,2278.17
2026-03-26,23,PREORDER,6,330.37
2026-03-26,23,ADD_TO_CART,22,0.00
2026-03-26,23,VIEW,805,0.00
2026-03-26,23,WISHLIST,51,0.00
2026-03-26,23,PURCHASE,38,1648.26
2026-03-26,25,PREORDER,10,349.03
2026-03-26,25,ADD_TO_CART,53,0.00
2026-03-26,25,VIEW,354,0.00
2026-03-26,25,WISHLIST,63,0.00
2026-03-26,25,PURCHASE,9,2269.78
2026-03-26,27,PREORDER,5,437.69
2026-03-26,27,ADD_TO_CART,26,0.00
2026-03-26,27,VIEW,515,0.00
2026-03-26,27,WISHLIST,36,0.00
2026-03-26,27,PURCHASE,24,2500.74
2026-03-26,29,PREORDER,4,1013.50
2026-03-26,29,ADD_TO_CART,36,0.00
2026-03-26,29,VIEW,430,0.00
2026-03-26,29,WISHLIST,65,0.00
2026-03-26,29,PURCHASE,14,1396.30
2026-03-27,2,PREORDER,15,916.44
2026-03-27,2,ADD_TO_CART,32,0.00
2026-03-27,2,VIEW,590,0.00
2026-03-27,2,WISHLIST,123,0.00
2026-03-27,2,PURCHASE,24,1049.85
2026-03-27,4,PREORDER,6,1052.69
2026-03-27,4,ADD_TO_CART,31,0.00
2026-03-27,4,VIEW,349,0.00
2026-03-27,4,WISHLIST,48,0.00
2026-03-27,4,PURCHASE,46,663.51
2026-03-27,6,PREORDER,6,579.54
2026-03-27,6,ADD_TO_CART,53,0.00
2026-03-27,6,VIEW,498,0.00
2026-03-27,6,WISHLIST,109,0.00
2026-03-27,6,PURCHASE,27,2129.10
2026-03-27,8,PREORDER,6,592.61
2026-03-27,8,ADD_TO_CART,70,0.00
2026-03-27,8,VIEW,771,0.00
2026-03-27,8,WISHLIST,73,0.00
2026-03-27,8,PURCHASE,14,827.28
2026-03-27,10,PREORDER,112,13214.68
2026-03-27,10,ADD_TO_CART,17,0.00
2026-03-27,10,VIEW,559,0.00
2026-03-27,10,WISHLIST,57,0.00
2026-03-27,10,PURCHASE,25,16503.64
2026-03-27,12,PREORDER,7,1034.03
2026-03-27,12,ADD_TO_CART,28,0.00
2026-03-27,12,VIEW,290,0.00
2026-03-27,12,WISHLIST,89,0.00
2026-03-27,12,PURCHASE,18,795.79
2026-03-27,14,PREORDER,10,670.07
2026-03-27,14,ADD_TO_CART,48,0.00
2026-03-27,14,VIEW,701,0.00
2026-03-27,14,WISHLIST,109,0.00
2026-03-27,14,PURCHASE,27,1287.12
2026-03-27,16,PREORDER,5,321.97
2026-03-27,16,ADD_TO_CART,24,0.00
2026-03-27,16,VIEW,659,0.00
2026-03-27,16,WISHLIST,37,0.00
2026-03-27,16,PURCHASE,17,1755.35
2026-03-27,18,PREORDER,4,824.98
2026-03-27,18,ADD_TO_CART,17,0.00
2026-03-27,18,VIEW,536,0.00
2026-03-27,18,WISHLIST,53,0.00
2026-03-27,18,PURCHASE,36,1646.16
2026-03-27,20,PREORDER,14,802.59
2026-03-27,20,ADD_TO_CART,46,0.00
2026-03-27,20,VIEW,422,0.00
2026-03-27,20,WISHLIST,77,0.00
2026-03-27,20,PURCHASE,42,1923.33
2026-03-27,22,PREORDER,15,615.01
2026-03-27,22,ADD_TO_CART,41,0.00
2026-03-27,22,VIEW,411,0.00
2026-03-27,22,WISHLIST,83,0.00
2026-03-27,22,PURCHASE,45,2473.45
2026-03-27,24,PREORDER,8,992.03
2026-03-27,24,ADD_TO_CART,50,0.00
2026-03-27,24,VIEW,810,0.00
2026-03-27,24,WISHLIST,78,0.00
2026-03-27,24,PURCHASE,13,2286.57
2026-03-27,26,PREORDER,6,1068.56
2026-03-27,26,ADD_TO_CART,47,0.00
2026-03-27,26,VIEW,530,0.00
2026-03-27,26,WISHLIST,94,0.00
2026-03-27,26,PURCHASE,17,1364.81
2026-03-27,28,PREORDER,6,730.73
2026-03-27,28,ADD_TO_CART,16,0.00
2026-03-27,28,VIEW,419,0.00
2026-03-27,28,WISHLIST,102,0.00
2026-03-27,28,PURCHASE,13,1035.15
2026-03-27,30,PREORDER,6,767.12
2026-03-27,30,ADD_TO_CART,51,0.00
2026-03-27,30,VIEW,323,0.00
2026-03-27,30,WISHLIST,76,0.00
2026-03-27,30,PURCHASE,35,2320.17
2026-03-28,1,PREORDER,7,773.66
2026-03-28,1,ADD_TO_CART,95,0.00
2026-03-28,1,VIEW,551,0.00
2026-03-28,1,WISHLIST,164,0.00
2026-03-28,1,PURCHASE,37,850.38
2026-03-28,3,PREORDER,11,645.80
2026-03-28,3,ADD_TO_CART,65,0.00
2026-03-28,3,VIEW,485,0.00
2026-03-28,3,WISHLIST,100,0.00
2026-03-28,3,PURCHASE,17,1560.08
2026-03-28,5,PREORDER,19,549.68
2026-03-28,5,ADD_TO_CART,71,0.00
2026-03-28,5,VIEW,735,0.00
2026-03-28,5,WISHLIST,169,0.00
2026-03-28,5,PURCHASE,41,1131.74
2026-03-28,7,PREORDER,9,546.88
2026-03-28,7,ADD_TO_CART,44,0.00
2026-03-28,7,VIEW,1090,0.00
2026-03-28,7,WISHLIST,188,0.00
2026-03-28,7,PURCHASE,24,2101.80
2026-03-28,9,PREORDER,11,1115.22
2026-03-28,9,ADD_TO_CART,36,0.00
2026-03-28,9,VIEW,1114,0.00
2026-03-28,9,WISHLIST,182,0.00
2026-03-28,9,PURCHASE,55,1824.64
2026-03-28,11,PREORDER,8,1117.09
2026-03-28,11,ADD_TO_CART,31,0.00
2026-03-28,11,VIEW,750,0.00
2026-03-28,11,WISHLIST,104,0.00
2026-03-28,11,PURCHASE,26,2486.04
2026-03-28,13,PREORDER,7,1115.22
2026-03-28,13,ADD_TO_CART,19,0.00
2026-03-28,13,VIEW,608,0.00
2026-03-28,13,WISHLIST,105,0.00
2026-03-28,13,PURCHASE,33,1320.71
2026-03-28,15,PREORDER,10,625.27
2026-03-28,15,ADD_TO_CART,29,0.00
2026-03-28,15,VIEW,641,0.00
2026-03-28,15,WISHLIST,125,0.00
2026-03-28,15,PURCHASE,25,1870.83
2026-03-28,17,PREORDER,13,756.86
2026-03-28,17,ADD_TO_CART,22,0.00
2026-03-28,17,VIEW,569,0.00
2026-03-28,17,WISHLIST,52,0.00
2026-03-28,17,PURCHASE,36,804.19
2026-03-28,19,PREORDER,16,284.64
2026-03-28,19,ADD_TO_CART,66,0.00
2026-03-28,19,VIEW,1058,0.00
2026-03-28,19,WISHLIST,135,0.00
2026-03-28,19,PURCHASE,52,923.87
2026-03-28,21,PREORDER,5,502.08
2026-03-28,21,ADD_TO_CART,76,0.00
2026-03-28,21,VIEW,866,0.00
2026-03-28,21,WISHLIST,87,0.00
2026-03-28,21,PURCHASE,23,2005.21
2026-03-28,23,PREORDER,19,1051.76
2026-03-28,23,ADD_TO_CART,45,0.00
2026-03-28,23,VIEW,651,0.00
2026-03-28,23,WISHLIST,62,0.00
2026-03-28,23,PURCHASE,43,1398.40
2026-03-28,25,PREORDER,7,767.12
2026-03-28,25,ADD_TO_CART,55,0.00
2026-03-28,25,VIEW,418,0.00
2026-03-28,25,WISHLIST,62,0.00
2026-03-28,25,PURCHASE,32,1732.25
2026-03-28,27,PREORDER,14,1032.16
2026-03-28,27,ADD_TO_CART,48,0.00
2026-03-28,27,VIEW,775,0.00
2026-03-28,27,WISHLIST,65,0.00
2026-03-28,27,PURCHASE,32,2387.36
2026-03-28,29,PREORDER,13,418.09
2026-03-28,29,ADD_TO_CART,62,0.00
2026-03-28,29,VIEW,234,0.00
2026-03-28,29,WISHLIST,96,0.00
2026-03-28,29,PURCHASE,30,1564.28
2026-03-29,2,PREORDER,18,882.85
2026-03-29,2,ADD_TO_CART,78,0.00
2026-03-29,2,VIEW,755,0.00
2026-03-29,2,WISHLIST,82,0.00
2026-03-29,2,PURCHASE,23,1717.55
2026-03-29,4,PREORDER,12,1026.56
2026-03-29,4,ADD_TO_CART,36,0.00
2026-03-29,4,VIEW,901,0.00
2026-03-29,4,WISHLIST,145,0.00
2026-03-29,4,PURCHASE,49,2500.74
2026-03-29,6,PREORDER,16,431.16
2026-03-29,6,ADD_TO_CART,62,0.00
2026-03-29,6,VIEW,1059,0.00
2026-03-29,6,WISHLIST,172,0.00
2026-03-29,6,PURCHASE,61,949.06
2026-03-29,8,PREORDER,7,661.67
2026-03-29,8,ADD_TO_CART,73,0.00
2026-03-29,8,VIEW,632,0.00
2026-03-29,8,WISHLIST,139,0.00
2026-03-29,8,PURCHASE,54,638.31
2026-03-29,10,PREORDER,113,6405.76
2026-03-29,10,ADD_TO_CART,49,0.00
2026-03-29,10,VIEW,737,0.00
2026-03-29,10,WISHLIST,103,0.00
2026-03-29,10,PURCHASE,20,22853.13
2026-03-29,12,PREORDER,4,643.00
2026-03-29,12,ADD_TO_CART,23,0.00
2026-03-29,12,VIEW,548,0.00
2026-03-29,12,WISHLIST,112,0.00
2026-03-29,12,PURCHASE,13,757.99
2026-03-29,14,PREORDER,11,543.15
2026-03-29,14,ADD_TO_CART,25,0.00
2026-03-29,14,VIEW,703,0.00
2026-03-29,14,WISHLIST,138,0.00
2026-03-29,14,PURCHASE,12,1316.51
2026-03-29,16,PREORDER,12,657.93
2026-03-29,16,ADD_TO_CART,21,0.00
2026-03-29,16,VIEW,614,0.00
2026-03-29,16,WISHLIST,89,0.00
2026-03-29,16,PURCHASE,25,1992.62
2026-03-29,18,PREORDER,12,300.50
2026-03-29,18,ADD_TO_CART,43,0.00
2026-03-29,18,VIEW,843,0.00
2026-03-29,18,WISHLIST,57,0.00
2026-03-29,18,PURCHASE,20,2381.06
2026-03-29,20,PREORDER,15,460.09
2026-03-29,20,ADD_TO_CART,86,0.00
2026-03-29,20,VIEW,927,0.00
2026-03-29,20,WISHLIST,129,0.00
2026-03-29,20,PURCHASE,59,991.06
2026-03-29,22,PREORDER,6,1018.16
2026-03-29,22,ADD_TO_CART,62,0.00
2026-03-29,22,VIEW,1122,0.00
2026-03-29,22,WISHLIST,129,0.00
2026-03-29,22,PURCHASE,26,1658.76
2026-03-29,24,PREORDER,9,332.23
2026-03-29,24,ADD_TO_CART,70,0.00
2026-03-29,24,VIEW,960,0.00
2026-03-29,24,WISHLIST,63,0.00
2026-03-29,24,PURCHASE,48,680.30
2026-03-29,26,PREORDER,7,570.21
2026-03-29,26,ADD_TO_CART,25,0.00
2026-03-29,26,VIEW,371,0.00
2026-03-29,26,WISHLIST,114,0.00
2026-03-29,26,PURCHASE,13,1295.51
2026-03-29,28,PREORDER,11,1118.95
2026-03-29,28,ADD_TO_CART,68,0.00
2026-03-29,28,VIEW,537,0.00
2026-03-29,28,WISHLIST,39,0.00
2026-03-29,28,PURCHASE,24,1860.33
2026-03-29,30,PREORDER,13,769.92
2026-03-29,30,ADD_TO_CART,65,0.00
2026-03-29,30,VIEW,642,0.00
2026-03-29,30,WISHLIST,138,0.00
2026-03-29,30,PURCHASE,12,1646.16
2026-03-30,1,PREORDER,4,1038.70
2026-03-30,1,ADD_TO_CART,63,0.00
2026-03-30,1,VIEW,410,0.00
2026-03-30,1,WISHLIST,59,0.00
2026-03-30,1,PURCHASE,27,982.66
2026-03-30,3,PREORDER,9,1078.83
2026-03-30,3,ADD_TO_CART,42,0.00
2026-03-30,3,VIEW,760,0.00
2026-03-30,3,WISHLIST,135,0.00
2026-03-30,3,PURCHASE,33,2423.05
2026-03-30,5,PREORDER,5,918.31
2026-03-30,5,ADD_TO_CART,43,0.00
2026-03-30,5,VIEW,925,0.00
2026-03-30,5,WISHLIST,109,0.00
2026-03-30,5,PURCHASE,18,1507.58
2026-03-30,7,PREORDER,13,818.45
2026-03-30,7,ADD_TO_CART,28,0.00
2026-03-30,7,VIEW,272,0.00
2026-03-30,7,WISHLIST,118,0.00
2026-03-30,7,PURCHASE,38,1623.07
2026-03-30,9,PREORDER,15,719.53
2026-03-30,9,ADD_TO_CART,56,0.00
2026-03-30,9,VIEW,949,0.00
2026-03-30,9,WISHLIST,92,0.00
2026-03-30,9,PURCHASE,38,804.19
2026-03-30,11,PREORDER,5,1083.49
2026-03-30,11,ADD_TO_CART,31,0.00
2026-03-30,11,VIEW,629,0.00
2026-03-30,11,WISHLIST,108,0.00
2026-03-30,11,PURCHASE,34,2175.29
2026-03-30,13,PREORDER,7,644.87
2026-03-30,13,ADD_TO_CART,53,0.00
2026-03-30,13,VIEW,557,0.00
2026-03-30,13,WISHLIST,106,0.00
2026-03-30,13,PURCHASE,26,839.88
2026-03-30,15,PREORDER,6,328.50
2026-03-30,15,ADD_TO_CART,54,0.00
2026-03-30,15,VIEW,610,0.00
2026-03-30,15,WISHLIST,80,0.00
2026-03-30,15,PURCHASE,19,2471.35
2026-03-30,17,PREORDER,3,323.83
2026-03-30,17,ADD_TO_CART,29,0.00
2026-03-30,17,VIEW,341,0.00
2026-03-30,17,WISHLIST,105,0.00
2026-03-30,17,PURCHASE,31,2244.58
2026-03-30,19,PREORDER,6,672.87
2026-03-30,19,ADD_TO_CART,25,0.00
2026-03-30,19,VIEW,1008,0.00
2026-03-30,19,WISHLIST,85,0.00
2026-03-30,19,PURCHASE,28,2133.30
2026-03-30,21,PREORDER,7,655.13
2026-03-30,21,ADD_TO_CART,67,0.00
2026-03-30,21,VIEW,568,0.00
2026-03-30,21,WISHLIST,134,0.00
2026-03-30,21,PURCHASE,33,1547.48
2026-03-30,23,PREORDER,11,553.41
2026-03-30,23,ADD_TO_CART,66,0.00
2026-03-30,23,VIEW,363,0.00
2026-03-30,23,WISHLIST,80,0.00
2026-03-30,23,PURCHASE,37,1921.23
2026-03-30,25,PREORDER,6,472.22
2026-03-30,25,ADD_TO_CART,18,0.00
2026-03-30,25,VIEW,566,0.00
2026-03-30,25,WISHLIST,54,0.00
2026-03-30,25,PURCHASE,17,1070.85
2026-03-30,27,PREORDER,10,426.49
2026-03-30,27,ADD_TO_CART,23,0.00
2026-03-30,27,VIEW,682,0.00
2026-03-30,27,WISHLIST,60,0.00
2026-03-30,27,PURCHASE,17,2368.46
2026-03-30,29,PREORDER,5,1031.23
2026-03-30,29,ADD_TO_CART,20,0.00
2026-03-30,29,VIEW,195,0.00
2026-03-30,29,WISHLIST,36,0.00
2026-03-30,29,PURCHASE,11,1942.22
2026-03-31,2,PREORDER,15,510.48
2026-03-31,2,ADD_TO_CART,59,0.00
2026-03-31,2,VIEW,593,0.00
2026-03-31,2,WISHLIST,89,0.00
2026-03-31,2,PURCHASE,31,2250.88
2026-03-31,4,PREORDER,10,539.41
2026-03-31,4,ADD_TO_CART,57,0.00
2026-03-31,4,VIEW,934,0.00
2026-03-31,4,WISHLIST,97,0.00
2026-03-31,4,PURCHASE,28,1536.98
2026-03-31,6,PREORDER,15,902.44
2026-03-31,6,ADD_TO_CART,77,0.00
2026-03-31,6,VIEW,289,0.00
2026-03-31,6,WISHLIST,103,0.00
2026-03-31,6,PURCHASE,20,1177.93
2026-03-31,8,PREORDER,11,409.69
2026-03-31,8,ADD_TO_CART,44,0.00
2026-03-31,8,VIEW,364,0.00
2026-03-31,8,WISHLIST,133,0.00
2026-03-31,8,PURCHASE,21,1392.10
2026-03-31,10,PREORDER,55,3684.43
2026-03-31,10,ADD_TO_CART,22,0.00
2026-03-31,10,VIEW,326,0.00
2026-03-31,10,WISHLIST,61,0.00
2026-03-31,10,PURCHASE,35,26481.42
2026-03-31,12,PREORDER,4,663.53
2026-03-31,12,ADD_TO_CART,55,0.00
2026-03-31,12,VIEW,575,0.00
2026-03-31,12,WISHLIST,65,0.00
2026-03-31,12,PURCHASE,21,1623.07
2026-03-31,14,PREORDER,4,293.04
2026-03-31,14,ADD_TO_CART,40,0.00
2026-03-31,14,VIEW,218,0.00
2026-03-31,14,WISHLIST,108,0.00
2026-03-31,14,PURCHASE,30,1906.53
2026-03-31,16,PREORDER,8,1024.70
2026-03-31,16,ADD_TO_CART,36,0.00
2026-03-31,16,VIEW,665,0.00
2026-03-31,16,WISHLIST,106,0.00
2026-03-31,16,PURCHASE,26,1746.95
2026-03-31,18,PREORDER,7,383.56
2026-03-31,18,ADD_TO_CART,22,0.00
2026-03-31,18,VIEW,626,0.00
2026-03-31,18,WISHLIST,70,0.00
2026-03-31,18,PURCHASE,32,638.31
2026-03-31,20,PREORDER,13,813.79
2026-03-31,20,ADD_TO_CART,67,0.00
2026-03-31,20,VIEW,632,0.00
2026-03-31,20,WISHLIST,98,0.00
2026-03-31,20,PURCHASE,39,930.17
2026-03-31,22,PREORDER,12,878.18
2026-03-31,22,ADD_TO_CART,20,0.00
2026-03-31,22,VIEW,924,0.00
2026-03-31,22,WISHLIST,124,0.00
2026-03-31,22,PURCHASE,33,892.37
2026-03-31,24,PREORDER,5,1101.22
2026-03-31,24,ADD_TO_CART,64,0.00
2026-03-31,24,VIEW,774,0.00
2026-03-31,24,WISHLIST,155,0.00
2026-03-31,24,PURCHASE,50,1203.13
2026-03-31,26,PREORDER,5,800.72
2026-03-31,26,ADD_TO_CART,40,0.00
2026-03-31,26,VIEW,618,0.00
2026-03-31,26,WISHLIST,53,0.00
2026-03-31,26,PURCHASE,32,2450.35
2026-03-31,28,PREORDER,7,1006.97
2026-03-31,28,ADD_TO_CART,14,0.00
2026-03-31,28,VIEW,596,0.00
2026-03-31,28,WISHLIST,45,0.00
2026-03-31,28,PURCHASE,23,699.20
2026-03-31,30,PREORDER,9,591.67
2026-03-31,30,ADD_TO_CART,51,0.00
2026-03-31,30,VIEW,582,0.00
2026-03-31,30,WISHLIST,101,0.00
2026-03-31,30,PURCHASE,17,1893.93
2026-04-01,1,PREORDER,8,1052.69
2026-04-01,1,ADD_TO_CART,31,0.00
2026-04-01,1,VIEW,659,0.00
2026-04-01,1,WISHLIST,156,0.00
2026-04-01,1,PURCHASE,15,659.31
2026-04-01,3,PREORDER,15,1118.02
2026-04-01,3,ADD_TO_CART,67,0.00
2026-04-01,3,VIEW,664,0.00
2026-04-01,3,WISHLIST,68,0.00
2026-04-01,3,PURCHASE,43,755.89
2026-04-01,5,PREORDER,15,979.90
2026-04-01,5,ADD_TO_CART,48,0.00
2026-04-01,5,VIEW,1008,0.00
2026-04-01,5,WISHLIST,54,0.00
2026-04-01,5,PURCHASE,19,2108.10
2026-04-01,7,PREORDER,9,1041.50
2026-04-01,7,ADD_TO_CART,28,0.00
2026-04-01,7,VIEW,948,0.00
2026-04-01,7,WISHLIST,48,0.00
2026-04-01,7,PURCHASE,18,2517.54
2026-04-01,9,PREORDER,5,493.68
2026-04-01,9,ADD_TO_CART,73,0.00
2026-04-01,9,VIEW,333,0.00
2026-04-01,9,WISHLIST,157,0.00
2026-04-01,9,PURCHASE,49,1780.55
2026-04-01,11,PREORDER,5,821.25
2026-04-01,11,ADD_TO_CART,25,0.00
2026-04-01,11,VIEW,571,0.00
2026-04-01,11,WISHLIST,91,0.00
2026-04-01,11,PURCHASE,16,2154.29
2026-04-01,13,PREORDER,8,348.10
2026-04-01,13,ADD_TO_CART,54,0.00
2026-04-01,13,VIEW,580,0.00
2026-04-01,13,WISHLIST,86,0.00
2026-04-01,13,PURCHASE,28,1620.97
2026-04-01,15,PREORDER,3,291.17
2026-04-01,15,ADD_TO_CART,15,0.00
2026-04-01,15,VIEW,690,0.00
2026-04-01,15,WISHLIST,46,0.00
2026-04-01,15,PURCHASE,14,1112.84
2026-04-01,17,PREORDER,7,1052.69
2026-04-01,17,ADD_TO_CART,17,0.00
2026-04-01,17,VIEW,428,0.00
2026-04-01,17,WISHLIST,110,0.00
2026-04-01,17,PURCHASE,19,1394.20
2026-04-01,19,PREORDER,4,881.91
2026-04-01,19,ADD_TO_CART,24,0.00
2026-04-01,19,VIEW,654,0.00
2026-04-01,19,WISHLIST,144,0.00
2026-04-01,19,PURCHASE,44,1816.24
2026-04-01,21,PREORDER,5,835.25
2026-04-01,21,ADD_TO_CART,29,0.00
2026-04-01,21,VIEW,728,0.00
2026-04-01,21,WISHLIST,99,0.00
2026-04-01,21,PURCHASE,24,1830.94
2026-04-01,23,PREORDER,15,1089.09
2026-04-01,23,ADD_TO_CART,33,0.00
2026-04-01,23,VIEW,291,0.00
2026-04-01,23,WISHLIST,145,0.00
2026-04-01,23,PURCHASE,20,2404.16
2026-04-01,25,PREORDER,4,670.07
2026-04-01,25,ADD_TO_CART,31,0.00
2026-04-01,25,VIEW,284,0.00
2026-04-01,25,WISHLIST,111,0.00
2026-04-01,25,PURCHASE,27,1587.37
2026-04-01,27,PREORDER,11,745.66
2026-04-01,27,ADD_TO_CART,32,0.00
2026-04-01,27,VIEW,557,0.00
2026-04-01,27,WISHLIST,55,0.00
2026-04-01,27,PURCHASE,30,1982.12
2026-04-01,29,PREORDER,9,1035.90
2026-04-01,29,ADD_TO_CART,36,0.00
2026-04-01,29,VIEW,479,0.00
2026-04-01,29,WISHLIST,44,0.00
2026-04-01,29,PURCHASE,15,1656.66
2026-04-02,2,PREORDER,15,765.26
2026-04-02,2,ADD_TO_CART,65,0.00
2026-04-02,2,VIEW,417,0.00
2026-04-02,2,WISHLIST,93,0.00
2026-04-02,2,PURCHASE,33,2160.59
2026-04-02,4,PREORDER,14,1112.42
2026-04-02,4,ADD_TO_CART,52,0.00
2026-04-02,4,VIEW,608,0.00
2026-04-02,4,WISHLIST,94,0.00
2026-04-02,4,PURCHASE,29,1891.83
2026-04-02,6,PREORDER,15,918.31
2026-04-02,6,ADD_TO_CART,41,0.00
2026-04-02,6,VIEW,315,0.00
2026-04-02,6,WISHLIST,126,0.00
2026-04-02,6,PURCHASE,28,1612.57
2026-04-02,8,PREORDER,9,1055.49
2026-04-02,8,ADD_TO_CART,34,0.00
2026-04-02,8,VIEW,879,0.00
2026-04-02,8,WISHLIST,154,0.00
2026-04-02,8,PURCHASE,37,2099.70
2026-04-02,10,PREORDER,125,7559.24
2026-04-02,10,ADD_TO_CART,26,0.00
2026-04-02,10,VIEW,614,0.00
2026-04-02,10,WISHLIST,43,0.00
2026-04-02,10,PURCHASE,22,24364.92
2026-04-02,12,PREORDER,3,718.59
2026-04-02,12,ADD_TO_CART,24,0.00
2026-04-02,12,VIEW,263,0.00
2026-04-02,12,WISHLIST,74,0.00
2026-04-02,12,PURCHASE,18,839.88
2026-04-02,14,PREORDER,11,941.64
2026-04-02,14,ADD_TO_CART,46,0.00
2026-04-02,14,VIEW,698,0.00
2026-04-02,14,WISHLIST,104,0.00
2026-04-02,14,PURCHASE,13,1583.17
2026-04-02,16,PREORDER,4,1087.22
2026-04-02,16,ADD_TO_CART,24,0.00
2026-04-02,16,VIEW,494,0.00
2026-04-02,16,WISHLIST,103,0.00
2026-04-02,16,PURCHASE,16,976.36
2026-04-02,18,PREORDER,3,341.57
2026-04-02,18,ADD_TO_CART,42,0.00
2026-04-02,18,VIEW,451,0.00
2026-04-02,18,WISHLIST,89,0.00
2026-04-02,18,PURCHASE,10,865.08
2026-04-02,20,PREORDER,15,965.90
2026-04-02,20,ADD_TO_CART,50,0.00
2026-04-02,20,VIEW,491,0.00
2026-04-02,20,WISHLIST,153,0.00
2026-04-02,20,PURCHASE,24,1360.61
2026-04-02,22,PREORDER,5,837.12
2026-04-02,22,ADD_TO_CART,69,0.00
2026-04-02,22,VIEW,936,0.00
2026-04-02,22,WISHLIST,94,0.00
2026-04-02,22,PURCHASE,31,1201.03
2026-04-02,24,PREORDER,10,894.04
2026-04-02,24,ADD_TO_CART,29,0.00
2026-04-02,24,VIEW,910,0.00
2026-04-02,24,WISHLIST,153,0.00
2026-04-02,24,PURCHASE,21,1085.54
2026-04-02,26,PREORDER,5,575.81
2026-04-02,26,ADD_TO_CART,48,0.00
2026-04-02,26,VIEW,387,0.00
2026-04-02,26,WISHLIST,85,0.00
2026-04-02,26,PURCHASE,34,953.26
2026-04-02,28,PREORDER,4,623.40
2026-04-02,28,ADD_TO_CART,14,0.00
2026-04-02,28,VIEW,509,0.00
2026-04-02,28,WISHLIST,68,0.00
2026-04-02,28,PURCHASE,32,976.36
2026-04-02,30,PREORDER,11,1007.90
2026-04-02,30,ADD_TO_CART,35,0.00
2026-04-02,30,VIEW,623,0.00
2026-04-02,30,WISHLIST,91,0.00
2026-04-02,30,PURCHASE,23,1005.76
2026-04-03,1,PREORDER,8,561.81
2026-04-03,1,ADD_TO_CART,36,0.00
2026-04-03,1,VIEW,845,0.00
2026-04-03,1,WISHLIST,157,0.00
2026-04-03,1,PURCHASE,44,2049.31
2026-04-03,3,PREORDER,11,372.36
2026-04-03,3,ADD_TO_CART,43,0.00
2026-04-03,3,VIEW,318,0.00
2026-04-03,3,WISHLIST,117,0.00
2026-04-03,3,PURCHASE,32,1297.61
2026-04-03,5,PREORDER,11,758.72
2026-04-03,5,ADD_TO_CART,66,0.00
2026-04-03,5,VIEW,470,0.00
2026-04-03,5,WISHLIST,44,0.00
2026-04-03,5,PURCHASE,23,921.77
2026-04-03,7,PREORDER,13,653.27
2026-04-03,7,ADD_TO_CART,32,0.00
2026-04-03,7,VIEW,850,0.00
2026-04-03,7,WISHLIST,65,0.00
2026-04-03,7,PURCHASE,17,1935.92
2026-04-03,9,PREORDER,9,533.81
2026-04-03,9,ADD_TO_CART,38,0.00
2026-04-03,9,VIEW,300,0.00
2026-04-03,9,WISHLIST,153,0.00
2026-04-03,9,PURCHASE,43,2481.85
2026-04-03,11,PREORDER,10,289.30
2026-04-03,11,ADD_TO_CART,30,0.00
2026-04-03,11,VIEW,538,0.00
2026-04-03,11,WISHLIST,81,0.00
2026-04-03,11,PURCHASE,26,1749.05
2026-04-03,13,PREORDER,10,908.04
2026-04-03,13,ADD_TO_CART,39,0.00
2026-04-03,13,VIEW,220,0.00
2026-04-03,13,WISHLIST,111,0.00
2026-04-03,13,PURCHASE,11,2360.06
2026-04-03,15,PREORDER,6,735.39
2026-04-03,15,ADD_TO_CART,26,0.00
2026-04-03,15,VIEW,367,0.00
2026-04-03,15,WISHLIST,41,0.00
2026-04-03,15,PURCHASE,17,829.38
2026-04-03,17,PREORDER,4,816.59
2026-04-03,17,ADD_TO_CART,18,0.00
2026-04-03,17,VIEW,409,0.00
2026-04-03,17,WISHLIST,94,0.00
2026-04-03,17,PURCHASE,26,1282.92
2026-04-03,19,PREORDER,6,397.56
2026-04-03,19,ADD_TO_CART,66,0.00
2026-04-03,19,VIEW,595,0.00
2026-04-03,19,WISHLIST,135,0.00
2026-04-03,19,PURCHASE,47,690.80
2026-04-03,21,PREORDER,8,576.74
2026-04-03,21,ADD_TO_CART,28,0.00
2026-04-03,21,VIEW,675,0.00
2026-04-03,21,WISHLIST,127,0.00
2026-04-03,21,PURCHASE,45,1452.99
2026-04-03,23,PREORDER,8,318.23
2026-04-03,23,ADD_TO_CART,65,0.00
2026-04-03,23,VIEW,596,0.00
2026-04-03,23,WISHLIST,42,0.00
2026-04-03,23,PURCHASE,23,1119.14
2026-04-03,25,PREORDER,4,985.50
2026-04-03,25,ADD_TO_CART,27,0.00
2026-04-03,25,VIEW,238,0.00
2026-04-03,25,WISHLIST,80,0.00
2026-04-03,25,PURCHASE,34,1488.69
2026-04-03,27,PREORDER,7,1084.42
2026-04-03,27,ADD_TO_CART,30,0.00
2026-04-03,27,VIEW,359,0.00
2026-04-03,27,WISHLIST,48,0.00
2026-04-03,27,PURCHASE,28,1356.41
2026-04-03,29,PREORDER,10,445.16
2026-04-03,29,ADD_TO_CART,39,0.00
2026-04-03,29,VIEW,348,0.00
2026-04-03,29,WISHLIST,92,0.00
2026-04-03,29,PURCHASE,35,961.66
2026-04-04,2,PREORDER,17,1090.02
2026-04-04,2,ADD_TO_CART,63,0.00
2026-04-04,2,VIEW,1043,0.00
2026-04-04,2,WISHLIST,190,0.00
2026-04-04,2,PURCHASE,24,1014.16
2026-04-04,4,PREORDER,17,794.19
2026-04-04,4,ADD_TO_CART,35,0.00
2026-04-04,4,VIEW,478,0.00
2026-04-04,4,WISHLIST,125,0.00
2026-04-04,4,PURCHASE,21,2022.01
2026-04-04,6,PREORDER,18,292.10
2026-04-04,6,ADD_TO_CART,71,0.00
2026-04-04,6,VIEW,968,0.00
2026-04-04,6,WISHLIST,96,0.00
2026-04-04,6,PURCHASE,51,2183.69
2026-04-04,8,PREORDER,18,896.84
2026-04-04,8,ADD_TO_CART,88,0.00
2026-04-04,8,VIEW,860,0.00
2026-04-04,8,WISHLIST,152,0.00
2026-04-04,8,PURCHASE,28,2322.27
2026-04-04,10,PREORDER,72,6136.99
2026-04-04,10,ADD_TO_CART,46,0.00
2026-04-04,10,VIEW,810,0.00
2026-04-04,10,WISHLIST,80,0.00
2026-04-04,10,PURCHASE,35,18897.30
2026-04-04,12,PREORDER,9,547.81
2026-04-04,12,ADD_TO_CART,42,0.00
2026-04-04,12,VIEW,605,0.00
2026-04-04,12,WISHLIST,125,0.00
2026-04-04,12,PURCHASE,30,2339.07
2026-04-04,14,PREORDER,8,743.79
2026-04-04,14,ADD_TO_CART,53,0.00
2026-04-04,14,VIEW,404,0.00
2026-04-04,14,WISHLIST,116,0.00
2026-04-04,14,PURCHASE,21,2173.19
2026-04-04,16,PREORDER,4,992.03
2026-04-04,16,ADD_TO_CART,33,0.00
2026-04-04,16,VIEW,226,0.00
2026-04-04,16,WISHLIST,136,0.00
2026-04-04,16,PURCHASE,31,789.49
2026-04-04,18,PREORDER,6,304.24
2026-04-04,18,ADD_TO_CART,56,0.00
2026-04-04,18,VIEW,503,0.00
2026-04-04,18,WISHLIST,40,0.00
2026-04-04,18,PURCHASE,15,2341.17
2026-04-04,20,PREORDER,9,962.17
2026-04-04,20,ADD_TO_CART,66,0.00
2026-04-04,20,VIEW,923,0.00
2026-04-04,20,WISHLIST,67,0.00
2026-04-04,20,PURCHASE,40,1602.07
2026-04-04,22,PREORDER,7,484.35
2026-04-04,22,ADD_TO_CART,40,0.00
2026-04-04,22,VIEW,1134,0.00
2026-04-04,22,WISHLIST,174,0.00
2026-04-04,22,PURCHASE,62,844.08
2026-04-04,24,PREORDER,14,907.11
2026-04-04,24,ADD_TO_CART,95,0.00
2026-04-04,24,VIEW,749,0.00
2026-04-04,24,WISHLIST,90,0.00
2026-04-04,24,PURCHASE,21,1589.47
2026-04-04,26,PREORDER,10,921.11
2026-04-04,26,ADD_TO_CART,60,0.00
2026-04-04,26,VIEW,319,0.00
2026-04-04,26,WISHLIST,49,0.00
2026-04-04,26,PURCHASE,31,913.37
2026-04-04,28,PREORDER,8,1003.23
2026-04-04,28,ADD_TO_CART,30,0.00
2026-04-04,28,VIEW,608,0.00
2026-04-04,28,WISHLIST,60,0.00
2026-04-04,28,PURCHASE,38,1795.24
2026-04-04,30,PREORDER,13,1029.36
2026-04-04,30,ADD_TO_CART,31,0.00
2026-04-04,30,VIEW,302,0.00
2026-04-04,30,WISHLIST,82,0.00
2026-04-04,30,PURCHASE,20,2284.47
2026-04-05,1,PREORDER,7,481.55
2026-04-05,1,ADD_TO_CART,88,0.00
2026-04-05,1,VIEW,713,0.00
2026-04-05,1,WISHLIST,129,0.00
2026-04-05,1,PURCHASE,47,2288.67
2026-04-05,3,PREORDER,8,360.23
2026-04-05,3,ADD_TO_CART,69,0.00
2026-04-05,3,VIEW,979,0.00
2026-04-05,3,WISHLIST,158,0.00
2026-04-05,3,PURCHASE,49,2238.28
2026-04-05,5,PREORDER,12,527.28
2026-04-05,5,ADD_TO_CART,55,0.00
2026-04-05,5,VIEW,412,0.00
2026-04-05,5,WISHLIST,118,0.00
2026-04-05,5,PURCHASE,18,1392.10
2026-04-05,7,PREORDER,6,370.50
2026-04-05,7,ADD_TO_CART,70,0.00
2026-04-05,7,VIEW,525,0.00
2026-04-05,7,WISHLIST,149,0.00
2026-04-05,7,PURCHASE,62,1215.73
2026-04-05,9,PREORDER,11,740.99
2026-04-05,9,ADD_TO_CART,71,0.00
2026-04-05,9,VIEW,481,0.00
2026-04-05,9,WISHLIST,155,0.00
2026-04-05,9,PURCHASE,45,2441.95
2026-04-05,11,PREORDER,7,457.29
2026-04-05,11,ADD_TO_CART,54,0.00
2026-04-05,11,VIEW,888,0.00
2026-04-05,11,WISHLIST,119,0.00
2026-04-05,11,PURCHASE,22,1824.64
2026-04-05,13,PREORDER,13,1114.29
2026-04-05,13,ADD_TO_CART,21,0.00
2026-04-05,13,VIEW,641,0.00
2026-04-05,13,WISHLIST,50,0.00
2026-04-05,13,PURCHASE,19,2406.26
2026-04-05,15,PREORDER,4,580.48
2026-04-05,15,ADD_TO_CART,38,0.00
2026-04-05,15,VIEW,446,0.00
2026-04-05,15,WISHLIST,90,0.00
2026-04-05,15,PURCHASE,32,2366.36
2026-04-05,17,PREORDER,10,782.06
2026-04-05,17,ADD_TO_CART,54,0.00
2026-04-05,17,VIEW,325,0.00
2026-04-05,17,WISHLIST,74,0.00
2026-04-05,17,PURCHASE,43,2244.58
2026-04-05,19,PREORDER,16,849.25
2026-04-05,19,ADD_TO_CART,90,0.00
2026-04-05,19,VIEW,572,0.00
2026-04-05,19,WISHLIST,169,0.00
2026-04-05,19,PURCHASE,28,886.07
2026-04-05,21,PREORDER,7,1029.36
2026-04-05,21,ADD_TO_CART,58,0.00
2026-04-05,21,VIEW,910,0.00
2026-04-05,21,WISHLIST,147,0.00
2026-04-05,21,PURCHASE,53,661.41
2026-04-05,23,PREORDER,5,846.45
2026-04-05,23,ADD_TO_CART,37,0.00
2026-04-05,23,VIEW,1073,0.00
2026-04-05,23,WISHLIST,55,0.00
2026-04-05,23,PURCHASE,56,1251.42
2026-04-05,25,PREORDER,6,1019.10
2026-04-05,25,ADD_TO_CART,37,0.00
2026-04-05,25,VIEW,336,0.00
2026-04-05,25,WISHLIST,53,0.00
2026-04-05,25,PURCHASE,45,1117.04
2026-04-05,27,PREORDER,13,324.77
2026-04-05,27,ADD_TO_CART,60,0.00
2026-04-05,27,VIEW,876,0.00
2026-04-05,27,WISHLIST,37,0.00
2026-04-05,27,PURCHASE,15,1975.82
2026-04-05,29,PREORDER,9,1048.96
2026-04-05,29,ADD_TO_CART,69,0.00
2026-04-05,29,VIEW,259,0.00
2026-04-05,29,WISHLIST,89,0.00
2026-04-05,29,PURCHASE,22,1169.53
2026-04-06,2,PREORDER,12,984.57
2026-04-06,2,ADD_TO_CART,57,0.00
2026-04-06,2,VIEW,597,0.00
2026-04-06,2,WISHLIST,127,0.00
2026-04-06,2,PURCHASE,28,965.86
2026-04-06,4,PREORDER,4,293.04
2026-04-06,4,ADD_TO_CART,21,0.00
2026-04-06,4,VIEW,497,0.00
2026-04-06,4,WISHLIST,134,0.00
2026-04-06,4,PURCHASE,24,1982.12
2026-04-06,6,PREORDER,12,950.04
2026-04-06,6,ADD_TO_CART,46,0.00
2026-04-06,6,VIEW,581,0.00
2026-04-06,6,WISHLIST,126,0.00
2026-04-06,6,PURCHASE,14,1312.31
2026-04-06,8,PREORDER,11,411.56
2026-04-06,8,ADD_TO_CART,77,0.00
2026-04-06,8,VIEW,458,0.00
2026-04-06,8,WISHLIST,130,0.00
2026-04-06,8,PURCHASE,35,1812.04
2026-04-06,10,PREORDER,83,7100.09
2026-04-06,10,ADD_TO_CART,17,0.00
2026-04-06,10,VIEW,426,0.00
2026-04-06,10,WISHLIST,64,0.00
2026-04-06,10,PURCHASE,23,18141.41
2026-04-06,12,PREORDER,5,629.94
2026-04-06,12,ADD_TO_CART,15,0.00
2026-04-06,12,VIEW,308,0.00
2026-04-06,12,WISHLIST,81,0.00
2026-04-06,12,PURCHASE,33,2099.70
2026-04-06,14,PREORDER,10,869.78
2026-04-06,14,ADD_TO_CART,56,0.00
2026-04-06,14,VIEW,509,0.00
2026-04-06,14,WISHLIST,84,0.00
2026-04-06,14,PURCHASE,12,1646.16
2026-04-06,16,PREORDER,4,665.40
2026-04-06,16,ADD_TO_CART,20,0.00
2026-04-06,16,VIEW,575,0.00
2026-04-06,16,WISHLIST,36,0.00
2026-04-06,16,PURCHASE,22,2158.49
2026-04-06,18,PREORDER,6,808.19
2026-04-06,18,ADD_TO_CART,30,0.00
2026-04-06,18,VIEW,427,0.00
2026-04-06,18,WISHLIST,101,0.00
2026-04-06,18,PURCHASE,16,816.78
2026-04-06,20,PREORDER,4,299.57
2026-04-06,20,ADD_TO_CART,76,0.00
2026-04-06,20,VIEW,443,0.00
2026-04-06,20,WISHLIST,76,0.00
2026-04-06,20,PURCHASE,35,1266.12
2026-04-06,22,PREORDER,7,1037.76
2026-04-06,22,ADD_TO_CART,54,0.00
2026-04-06,22,VIEW,725,0.00
2026-04-06,22,WISHLIST,59,0.00
2026-04-06,22,PURCHASE,19,1075.05
2026-04-06,24,PREORDER,10,414.36
2026-04-06,24,ADD_TO_CART,46,0.00
2026-04-06,24,VIEW,633,0.00
2026-04-06,24,WISHLIST,71,0.00
2026-04-06,24,PURCHASE,33,657.21
2026-04-06,26,PREORDER,7,525.41
2026-04-06,26,ADD_TO_CART,49,0.00
2026-04-06,26,VIEW,220,0.00
2026-04-06,26,WISHLIST,105,0.00
2026-04-06,26,PURCHASE,11,806.28
2026-04-06,28,PREORDER,4,666.33
2026-04-06,28,ADD_TO_CART,41,0.00
2026-04-06,28,VIEW,359,0.00
2026-04-06,28,WISHLIST,65,0.00
2026-04-06,28,PURCHASE,11,2198.39
2026-04-06,30,PREORDER,8,319.17
2026-04-06,30,ADD_TO_CART,51,0.00
2026-04-06,30,VIEW,345,0.00
2026-04-06,30,WISHLIST,74,0.00
2026-04-06,30,PURCHASE,27,1671.36
2026-04-07,1,PREORDER,13,863.25
2026-04-07,1,ADD_TO_CART,74,0.00
2026-04-07,1,VIEW,328,0.00
2026-04-07,1,WISHLIST,128,0.00
2026-04-07,1,PURCHASE,42,2242.48
2026-04-07,3,PREORDER,15,675.67
2026-04-07,3,ADD_TO_CART,26,0.00
2026-04-07,3,VIEW,996,0.00
2026-04-07,3,WISHLIST,129,0.00
2026-04-07,3,PURCHASE,40,711.80
2026-04-07,5,PREORDER,15,745.66
2026-04-07,5,ADD_TO_CART,22,0.00
2026-04-07,5,VIEW,697,0.00
2026-04-07,5,WISHLIST,55,0.00
2026-04-07,5,PURCHASE,48,783.19
2026-04-07,7,PREORDER,10,777.39
2026-04-07,7,ADD_TO_CART,44,0.00
2026-04-07,7,VIEW,800,0.00
2026-04-07,7,WISHLIST,120,0.00
2026-04-07,7,PURCHASE,49,806.28
2026-04-07,9,PREORDER,8,968.70
2026-04-07,9,ADD_TO_CART,34,0.00
2026-04-07,9,VIEW,909,0.00
2026-04-07,9,WISHLIST,112,0.00
2026-04-07,9,PURCHASE,48,848.28
2026-04-07,11,PREORDER,5,930.44
2026-04-07,11,ADD_TO_CART,47,0.00
2026-04-07,11,VIEW,520,0.00
2026-04-07,11,WISHLIST,75,0.00
2026-04-07,11,PURCHASE,33,949.06
2026-04-07,13,PREORDER,3,507.68
2026-04-07,13,ADD_TO_CART,25,0.00
2026-04-07,13,VIEW,317,0.00
2026-04-07,13,WISHLIST,47,0.00
2026-04-07,13,PURCHASE,21,1180.03
2026-04-07,15,PREORDER,4,496.48
2026-04-07,15,ADD_TO_CART,53,0.00
2026-04-07,15,VIEW,718,0.00
2026-04-07,15,WISHLIST,98,0.00
2026-04-07,15,PURCHASE,18,1931.72
2026-04-07,17,PREORDER,5,346.23
2026-04-07,17,ADD_TO_CART,31,0.00
2026-04-07,17,VIEW,677,0.00
2026-04-07,17,WISHLIST,70,0.00
2026-04-07,17,PURCHASE,11,2465.05
2026-04-07,19,PREORDER,13,654.20
2026-04-07,19,ADD_TO_CART,60,0.00
2026-04-07,19,VIEW,386,0.00
2026-04-07,19,WISHLIST,119,0.00
2026-04-07,19,PURCHASE,33,1276.62
2026-04-07,21,PREORDER,11,490.88
2026-04-07,21,ADD_TO_CART,64,0.00
2026-04-07,21,VIEW,853,0.00
2026-04-07,21,WISHLIST,142,0.00
2026-04-07,21,PURCHASE,35,653.01
2026-04-07,23,PREORDER,7,697.13
2026-04-07,23,ADD_TO_CART,45,0.00
2026-04-07,23,VIEW,556,0.00
2026-04-07,23,WISHLIST,70,0.00
2026-04-07,23,PURCHASE,42,1154.84
2026-04-07,25,PREORDER,8,632.74
2026-04-07,25,ADD_TO_CART,25,0.00
2026-04-07,25,VIEW,330,0.00
2026-04-07,25,WISHLIST,97,0.00
2026-04-07,25,PURCHASE,32,1379.50
2026-04-07,27,PREORDER,8,641.14
2026-04-07,27,ADD_TO_CART,29,0.00
2026-04-07,27,VIEW,312,0.00
2026-04-07,27,WISHLIST,106,0.00
2026-04-07,27,PURCHASE,26,940.67
2026-04-07,29,PREORDER,9,1114.29
2026-04-07,29,ADD_TO_CART,47,0.00
2026-04-07,29,VIEW,560,0.00
2026-04-07,29,WISHLIST,87,0.00
2026-04-07,29,PURCHASE,13,2515.44
2026-04-08,2,PREORDER,13,1078.83
2026-04-08,2,ADD_TO_CART,31,0.00
2026-04-08,2,VIEW,864,0.00
2026-04-08,2,WISHLIST,95,0.00
2026-04-08,2,PURCHASE,40,1007.86
2026-04-08,4,PREORDER,10,1095.62
2026-04-08,4,ADD_TO_CART,37,0.00
2026-04-08,4,VIEW,686,0.00
2026-04-08,4,WISHLIST,150,0.00
2026-04-08,4,PURCHASE,32,896.57
2026-04-08,6,PREORDER,5,1094.69
2026-04-08,6,ADD_TO_CART,58,0.00
2026-04-08,6,VIEW,602,0.00
2026-04-08,6,WISHLIST,62,0.00
2026-04-08,6,PURCHASE,17,2385.26
2026-04-08,8,PREORDER,7,407.83
2026-04-08,8,ADD_TO_CART,46,0.00
2026-04-08,8,VIEW,511,0.00
2026-04-08,8,WISHLIST,147,0.00
2026-04-08,8,PURCHASE,21,1883.43
2026-04-08,10,PREORDER,87,7189.68
2026-04-08,10,ADD_TO_CART,22,0.00
2026-04-08,10,VIEW,321,0.00
2026-04-08,10,WISHLIST,89,0.00
2026-04-08,10,PURCHASE,28,20005.94
2026-04-08,12,PREORDER,7,927.64
2026-04-08,12,ADD_TO_CART,27,0.00
2026-04-08,12,VIEW,573,0.00
2026-04-08,12,WISHLIST,44,0.00
2026-04-08,12,PURCHASE,29,2498.64
2026-04-08,14,PREORDER,4,476.89
2026-04-08,14,ADD_TO_CART,17,0.00
2026-04-08,14,VIEW,656,0.00
2026-04-08,14,WISHLIST,69,0.00
2026-04-08,14,PURCHASE,12,799.99
2026-04-08,16,PREORDER,6,530.08
2026-04-08,16,ADD_TO_CART,29,0.00
2026-04-08,16,VIEW,188,0.00
2026-04-08,16,WISHLIST,109,0.00
2026-04-08,16,PURCHASE,26,1541.18
2026-04-08,18,PREORDER,6,1084.42
2026-04-08,18,ADD_TO_CART,27,0.00
2026-04-08,18,VIEW,265,0.00
2026-04-08,18,WISHLIST,65,0.00
2026-04-08,18,PURCHASE,20,1280.82
2026-04-08,20,PREORDER,9,530.08
2026-04-08,20,ADD_TO_CART,73,0.00
2026-04-08,20,VIEW,861,0.00
2026-04-08,20,WISHLIST,53,0.00
2026-04-08,20,PURCHASE,22,644.61
2026-04-08,22,PREORDER,15,840.85
2026-04-08,22,ADD_TO_CART,29,0.00
2026-04-08,22,VIEW,720,0.00
2026-04-08,22,WISHLIST,124,0.00
2026-04-08,22,PURCHASE,17,2244.58
2026-04-08,24,PREORDER,9,331.30
2026-04-08,24,ADD_TO_CART,59,0.00
2026-04-08,24,VIEW,375,0.00
2026-04-08,24,WISHLIST,61,0.00
2026-04-08,24,PURCHASE,24,1450.89
2026-04-08,26,PREORDER,10,1066.69
2026-04-08,26,ADD_TO_CART,27,0.00
2026-04-08,26,VIEW,223,0.00
2026-04-08,26,WISHLIST,46,0.00
2026-04-08,26,PURCHASE,33,1213.63
2026-04-08,28,PREORDER,11,366.76
2026-04-08,28,ADD_TO_CART,16,0.00
2026-04-08,28,VIEW,316,0.00
2026-04-08,28,WISHLIST,90,0.00
2026-04-08,28,PURCHASE,22,1984.22
2026-04-08,30,PREORDER,3,680.33
2026-04-08,30,ADD_TO_CART,38,0.00
2026-04-08,30,VIEW,336,0.00
2026-04-08,30,WISHLIST,33,0.00
2026-04-08,30,PURCHASE,21,1144.34
2026-04-09,1,PREORDER,5,474.09
2026-04-09,1,ADD_TO_CART,68,0.00
2026-04-09,1,VIEW,572,0.00
2026-04-09,1,WISHLIST,76,0.00
2026-04-09,1,PURCHASE,21,1723.85
2026-04-09,3,PREORDER,15,1061.09
2026-04-09,3,ADD_TO_CART,40,0.00
2026-04-09,3,VIEW,859,0.00
2026-04-09,3,WISHLIST,44,0.00
2026-04-09,3,PURCHASE,34,1511.78
2026-04-09,5,PREORDER,7,1056.43
2026-04-09,5,ADD_TO_CART,50,0.00
2026-04-09,5,VIEW,946,0.00
2026-04-09,5,WISHLIST,73,0.00
2026-04-09,5,PURCHASE,14,2028.31
2026-04-09,7,PREORDER,10,865.11
2026-04-09,7,ADD_TO_CART,28,0.00
2026-04-09,7,VIEW,322,0.00
2026-04-09,7,WISHLIST,136,0.00
2026-04-09,7,PURCHASE,21,2263.48
2026-04-09,9,PREORDER,8,332.23
2026-04-09,9,ADD_TO_CART,54,0.00
2026-04-09,9,VIEW,482,0.00
2026-04-09,9,WISHLIST,96,0.00
2026-04-09,9,PURCHASE,46,1207.33
2026-04-09,11,PREORDER,4,660.73
2026-04-09,11,ADD_TO_CART,53,0.00
2026-04-09,11,VIEW,488,0.00
2026-04-09,11,WISHLIST,48,0.00
2026-04-09,11,PURCHASE,31,1513.88
2026-04-09,13,PREORDER,8,1110.56
2026-04-09,13,ADD_TO_CART,30,0.00
2026-04-09,13,VIEW,354,0.00
2026-04-09,13,WISHLIST,38,0.00
2026-04-09,13,PURCHASE,15,2080.80
2026-04-09,15,PREORDER,11,803.52
2026-04-09,15,ADD_TO_CART,33,0.00
2026-04-09,15,VIEW,507,0.00
2026-04-09,15,WISHLIST,93,0.00
2026-04-09,15,PURCHASE,35,1597.87
2026-04-09,17,PREORDER,8,776.46
2026-04-09,17,ADD_TO_CART,49,0.00
2026-04-09,17,VIEW,475,0.00
2026-04-09,17,WISHLIST,59,0.00
2026-04-09,17,PURCHASE,9,978.46
2026-04-09,19,PREORDER,7,1009.77
2026-04-09,19,ADD_TO_CART,69,0.00
2026-04-09,19,VIEW,496,0.00
2026-04-09,19,WISHLIST,97,0.00
2026-04-09,19,PURCHASE,42,1784.75
2026-04-09,21,PREORDER,14,1005.10
2026-04-09,21,ADD_TO_CART,54,0.00
2026-04-09,21,VIEW,963,0.00
2026-04-09,21,WISHLIST,131,0.00
2026-04-09,21,PURCHASE,18,831.48
2026-04-09,23,PREORDER,14,693.40
2026-04-09,23,ADD_TO_CART,54,0.00
2026-04-09,23,VIEW,365,0.00
2026-04-09,23,WISHLIST,108,0.00
2026-04-09,23,PURCHASE,24,972.16
2026-04-09,25,PREORDER,3,507.68
2026-04-09,25,ADD_TO_CART,29,0.00
2026-04-09,25,VIEW,674,0.00
2026-04-09,25,WISHLIST,51,0.00
2026-04-09,25,PURCHASE,11,749.59
2026-04-09,27,PREORDER,4,1036.83
2026-04-09,27,ADD_TO_CART,32,0.00
2026-04-09,27,VIEW,502,0.00
2026-04-09,27,WISHLIST,51,0.00
2026-04-09,27,PURCHASE,16,829.38
2026-04-09,29,PREORDER,10,428.36
2026-04-09,29,ADD_TO_CART,24,0.00
2026-04-09,29,VIEW,558,0.00
2026-04-09,29,WISHLIST,84,0.00
2026-04-09,29,PURCHASE,35,1434.10
2026-04-10,2,PREORDER,7,877.25
2026-04-10,2,ADD_TO_CART,56,0.00
2026-04-10,2,VIEW,606,0.00
2026-04-10,2,WISHLIST,155,0.00
2026-04-10,2,PURCHASE,29,1749.05
2026-04-10,4,PREORDER,15,1055.49
2026-04-10,4,ADD_TO_CART,33,0.00
2026-04-10,4,VIEW,541,0.00
2026-04-10,4,WISHLIST,44,0.00
2026-04-10,4,PURCHASE,45,2156.39
2026-04-10,6,PREORDER,11,427.42
2026-04-10,6,ADD_TO_CART,24,0.00
2026-04-10,6,VIEW,260,0.00
2026-04-10,6,WISHLIST,127,0.00
2026-04-10,6,PURCHASE,13,629.91
2026-04-10,8,PREORDER,11,685.00
2026-04-10,8,ADD_TO_CART,35,0.00
2026-04-10,8,VIEW,549,0.00
2026-04-10,8,WISHLIST,39,0.00
2026-04-10,8,PURCHASE,43,2460.85
2026-04-10,10,PREORDER,52,8208.78
2026-04-10,10,ADD_TO_CART,26,0.00
2026-04-10,10,VIEW,677,0.00
2026-04-10,10,WISHLIST,75,0.00
2026-04-10,10,PURCHASE,18,14588.72
2026-04-10,12,PREORDER,11,638.34
2026-04-10,12,ADD_TO_CART,54,0.00
2026-04-10,12,VIEW,518,0.00
2026-04-10,12,WISHLIST,67,0.00
2026-04-10,12,PURCHASE,28,1965.32
2026-04-10,14,PREORDER,3,729.79
2026-04-10,14,ADD_TO_CART,30,0.00
2026-04-10,14,VIEW,365,0.00
2026-04-10,14,WISHLIST,58,0.00
2026-04-10,14,PURCHASE,10,2213.08
2026-04-10,16,PREORDER,9,668.20
2026-04-10,16,ADD_TO_CART,26,0.00
2026-04-10,16,VIEW,472,0.00
2026-04-10,16,WISHLIST,62,0.00
2026-04-10,16,PURCHASE,11,2152.19
2026-04-10,18,PREORDER,5,697.13
2026-04-10,18,ADD_TO_CART,17,0.00
2026-04-10,18,VIEW,305,0.00
2026-04-10,18,WISHLIST,54,0.00
2026-04-10,18,PURCHASE,29,2011.51
2026-04-10,20,PREORDER,11,366.76
2026-04-10,20,ADD_TO_CART,34,0.00
2026-04-10,20,VIEW,325,0.00
2026-04-10,20,WISHLIST,93,0.00
2026-04-10,20,PURCHASE,23,1142.24
2026-04-10,22,PREORDER,9,898.71
2026-04-10,22,ADD_TO_CART,77,0.00
2026-04-10,22,VIEW,418,0.00
2026-04-10,22,WISHLIST,116,0.00
2026-04-10,22,PURCHASE,48,1343.81
2026-04-10,24,PREORDER,7,610.34
2026-04-10,24,ADD_TO_CART,66,0.00
2026-04-10,24,VIEW,520,0.00
2026-04-10,24,WISHLIST,85,0.00
2026-04-10,24,PURCHASE,43,1473.99
2026-04-10,26,PREORDER,5,752.19
2026-04-10,26,ADD_TO_CART,19,0.00
2026-04-10,26,VIEW,698,0.00
2026-04-10,26,WISHLIST,87,0.00
2026-04-10,26,PURCHASE,13,1835.14
2026-04-10,28,PREORDER,4,791.39
2026-04-10,28,ADD_TO_CART,53,0.00
2026-04-10,28,VIEW,299,0.00
2026-04-10,28,WISHLIST,55,0.00
2026-04-10,28,PURCHASE,34,2425.15
2026-04-10,30,PREORDER,8,653.27
2026-04-10,30,ADD_TO_CART,22,0.00
2026-04-10,30,VIEW,566,0.00
2026-04-10,30,WISHLIST,52,0.00
2026-04-10,30,PURCHASE,33,1022.55
2026-04-11,1,PREORDER,12,733.53
2026-04-11,1,ADD_TO_CART,66,0.00
2026-04-11,1,VIEW,1135,0.00
2026-04-11,1,WISHLIST,129,0.00
2026-04-11,1,PURCHASE,23,1749.05
2026-04-11,3,PREORDER,7,562.74
2026-04-11,3,ADD_TO_CART,32,0.00
2026-04-11,3,VIEW,1106,0.00
2026-04-11,3,WISHLIST,111,0.00
2026-04-11,3,PURCHASE,30,2439.85
2026-04-11,5,PREORDER,7,803.52
2026-04-11,5,ADD_TO_CART,61,0.00
2026-04-11,5,VIEW,692,0.00
2026-04-11,5,WISHLIST,63,0.00
2026-04-11,5,PURCHASE,32,1969.52
2026-04-11,7,PREORDER,16,1045.23
2026-04-11,7,ADD_TO_CART,54,0.00
2026-04-11,7,VIEW,505,0.00
2026-04-11,7,WISHLIST,170,0.00
2026-04-11,7,PURCHASE,18,1152.74
2026-04-11,9,PREORDER,10,426.49
2026-04-11,9,ADD_TO_CART,65,0.00
2026-04-11,9,VIEW,1093,0.00
2026-04-11,9,WISHLIST,180,0.00
2026-04-11,9,PURCHASE,24,1028.85
2026-04-11,11,PREORDER,10,1011.63
2026-04-11,11,ADD_TO_CART,36,0.00
2026-04-11,11,VIEW,289,0.00
2026-04-11,11,WISHLIST,69,0.00
2026-04-11,11,PURCHASE,25,2347.46
2026-04-11,13,PREORDER,5,737.26
2026-04-11,13,ADD_TO_CART,32,0.00
2026-04-11,13,VIEW,794,0.00
2026-04-11,13,WISHLIST,86,0.00
2026-04-11,13,PURCHASE,26,739.09
2026-04-11,15,PREORDER,6,465.69
2026-04-11,15,ADD_TO_CART,53,0.00
2026-04-11,15,VIEW,452,0.00
2026-04-11,15,WISHLIST,80,0.00
2026-04-11,15,PURCHASE,27,1616.77
2026-04-11,17,PREORDER,9,293.97
2026-04-11,17,ADD_TO_CART,18,0.00
2026-04-11,17,VIEW,857,0.00
2026-04-11,17,WISHLIST,69,0.00
2026-04-11,17,PURCHASE,12,1778.45
2026-04-11,19,PREORDER,14,760.59
2026-04-11,19,ADD_TO_CART,58,0.00
2026-04-11,19,VIEW,919,0.00
2026-04-11,19,WISHLIST,147,0.00
2026-04-11,19,PURCHASE,24,1992.62
2026-04-11,21,PREORDER,19,361.16
2026-04-11,21,ADD_TO_CART,32,0.00
2026-04-11,21,VIEW,441,0.00
2026-04-11,21,WISHLIST,196,0.00
2026-04-11,21,PURCHASE,40,2320.17
2026-04-11,23,PREORDER,18,712.06
2026-04-11,23,ADD_TO_CART,84,0.00
2026-04-11,23,VIEW,1181,0.00
2026-04-11,23,WISHLIST,148,0.00
2026-04-11,23,PURCHASE,46,2263.48
2026-04-11,25,PREORDER,6,522.61
2026-04-11,25,ADD_TO_CART,18,0.00
2026-04-11,25,VIEW,409,0.00
2026-04-11,25,WISHLIST,128,0.00
2026-04-11,25,PURCHASE,29,2194.19
2026-04-11,27,PREORDER,4,840.85
2026-04-11,27,ADD_TO_CART,19,0.00
2026-04-11,27,VIEW,427,0.00
2026-04-11,27,WISHLIST,119,0.00
2026-04-11,27,PURCHASE,28,2007.31
2026-04-11,29,PREORDER,6,894.98
2026-04-11,29,ADD_TO_CART,67,0.00
2026-04-11,29,VIEW,350,0.00
2026-04-11,29,WISHLIST,46,0.00
2026-04-11,29,PURCHASE,38,722.30
2026-04-12,2,PREORDER,14,1036.83
2026-04-12,2,ADD_TO_CART,44,0.00
2026-04-12,2,VIEW,625,0.00
2026-04-12,2,WISHLIST,159,0.00
2026-04-12,2,PURCHASE,25,1635.67
2026-04-12,4,PREORDER,8,707.40
2026-04-12,4,ADD_TO_CART,41,0.00
2026-04-12,4,VIEW,981,0.00
2026-04-12,4,WISHLIST,113,0.00
2026-04-12,4,PURCHASE,47,1986.32
2026-04-12,6,PREORDER,7,290.24
2026-04-12,6,ADD_TO_CART,39,0.00
2026-04-12,6,VIEW,624,0.00
2026-04-12,6,WISHLIST,93,0.00
2026-04-12,6,PURCHASE,37,1138.04
2026-04-12,8,PREORDER,7,1103.09
2026-04-12,8,ADD_TO_CART,35,0.00
2026-04-12,8,VIEW,433,0.00
2026-04-12,8,WISHLIST,76,0.00
2026-04-12,8,PURCHASE,30,1471.89
2026-04-12,10,PREORDER,116,6013.80
2026-04-12,10,ADD_TO_CART,26,0.00
2026-04-12,10,VIEW,635,0.00
2026-04-12,10,WISHLIST,122,0.00
2026-04-12,10,PURCHASE,33,8969.92
2026-04-12,12,PREORDER,10,597.27
2026-04-12,12,ADD_TO_CART,21,0.00
2026-04-12,12,VIEW,296,0.00
2026-04-12,12,WISHLIST,126,0.00
2026-04-12,12,PURCHASE,20,2198.39
2026-04-12,14,PREORDER,9,827.78
2026-04-12,14,ADD_TO_CART,29,0.00
2026-04-12,14,VIEW,447,0.00
2026-04-12,14,WISHLIST,91,0.00
2026-04-12,14,PURCHASE,41,1415.20
2026-04-12,16,PREORDER,10,916.44
2026-04-12,16,ADD_TO_CART,51,0.00
2026-04-12,16,VIEW,295,0.00
2026-04-12,16,WISHLIST,134,0.00
2026-04-12,16,PURCHASE,26,970.06
2026-04-12,18,PREORDER,5,875.38
2026-04-12,18,ADD_TO_CART,70,0.00
2026-04-12,18,VIEW,489,0.00
2026-04-12,18,WISHLIST,45,0.00
2026-04-12,18,PURCHASE,34,1837.24
2026-04-12,20,PREORDER,6,399.43
2026-04-12,20,ADD_TO_CART,96,0.00
2026-04-12,20,VIEW,1140,0.00
2026-04-12,20,WISHLIST,170,0.00
2026-04-12,20,PURCHASE,46,2024.11
2026-04-12,22,PREORDER,11,860.45
2026-04-12,22,ADD_TO_CART,26,0.00
2026-04-12,22,VIEW,885,0.00
2026-04-12,22,WISHLIST,177,0.00
2026-04-12,22,PURCHASE,26,669.80
2026-04-12,24,PREORDER,10,752.19
2026-04-12,24,ADD_TO_CART,84,0.00
2026-04-12,24,VIEW,536,0.00
2026-04-12,24,WISHLIST,155,0.00
2026-04-12,24,PURCHASE,21,1083.45
2026-04-12,26,PREORDER,5,394.76
2026-04-12,26,ADD_TO_CART,19,0.00
2026-04-12,26,VIEW,817,0.00
2026-04-12,26,WISHLIST,59,0.00
2026-04-12,26,PURCHASE,35,2276.07
2026-04-12,28,PREORDER,12,867.91
2026-04-12,28,ADD_TO_CART,27,0.00
2026-04-12,28,VIEW,312,0.00
2026-04-12,28,WISHLIST,97,0.00
2026-04-12,28,PURCHASE,41,2032.51
2026-04-12,30,PREORDER,7,731.66
2026-04-12,30,ADD_TO_CART,54,0.00
2026-04-12,30,VIEW,548,0.00
2026-04-12,30,WISHLIST,127,0.00
2026-04-12,30,PURCHASE,32,1387.90
2026-04-13,1,PREORDER,7,465.69
2026-04-13,1,ADD_TO_CART,65,0.00
2026-04-13,1,VIEW,1000,0.00
2026-04-13,1,WISHLIST,58,0.00
2026-04-13,1,PURCHASE,48,1998.91
2026-04-13,3,PREORDER,8,584.21
2026-04-13,3,ADD_TO_CART,42,0.00
2026-04-13,3,VIEW,281,0.00
2026-04-13,3,WISHLIST,153,0.00
2026-04-13,3,PURCHASE,30,2420.95
2026-04-13,5,PREORDER,10,879.11
2026-04-13,5,ADD_TO_CART,26,0.00
2026-04-13,5,VIEW,812,0.00
2026-04-13,5,WISHLIST,98,0.00
2026-04-13,5,PURCHASE,47,1881.33
2026-04-13,7,PREORDER,10,453.55
2026-04-13,7,ADD_TO_CART,57,0.00
2026-04-13,7,VIEW,478,0.00
2026-04-13,7,WISHLIST,54,0.00
2026-04-13,7,PURCHASE,25,1822.54
2026-04-13,9,PREORDER,6,456.35
2026-04-13,9,ADD_TO_CART,56,0.00
2026-04-13,9,VIEW,438,0.00
2026-04-13,9,WISHLIST,47,0.00
2026-04-13,9,PURCHASE,45,881.87
2026-04-13,11,PREORDER,11,545.01
2026-04-13,11,ADD_TO_CART,29,0.00
2026-04-13,11,VIEW,323,0.00
2026-04-13,11,WISHLIST,51,0.00
2026-04-13,11,PURCHASE,24,1314.41
2026-04-13,13,PREORDER,4,386.36
2026-04-13,13,ADD_TO_CART,46,0.00
2026-04-13,13,VIEW,364,0.00
2026-04-13,13,WISHLIST,80,0.00
2026-04-13,13,PURCHASE,35,1255.62
2026-04-13,15,PREORDER,11,704.60
2026-04-13,15,ADD_TO_CART,53,0.00
2026-04-13,15,VIEW,420,0.00
2026-04-13,15,WISHLIST,31,0.00
2026-04-13,15,PURCHASE,28,965.86
2026-04-13,17,PREORDER,8,1081.63
2026-04-13,17,ADD_TO_CART,17,0.00
2026-04-13,17,VIEW,464,0.00
2026-04-13,17,WISHLIST,76,0.00
2026-04-13,17,PURCHASE,30,674.00
2026-04-13,19,PREORDER,11,805.39
2026-04-13,19,ADD_TO_CART,22,0.00
2026-04-13,19,VIEW,649,0.00
2026-04-13,19,WISHLIST,149,0.00
2026-04-13,19,PURCHASE,38,1272.42
2026-04-13,21,PREORDER,14,320.10
2026-04-13,21,ADD_TO_CART,27,0.00
2026-04-13,21,VIEW,305,0.00
2026-04-13,21,WISHLIST,83,0.00
2026-04-13,21,PURCHASE,18,2127.00
2026-04-13,23,PREORDER,5,405.96
2026-04-13,23,ADD_TO_CART,45,0.00
2026-04-13,23,VIEW,944,0.00
2026-04-13,23,WISHLIST,88,0.00
2026-04-13,23,PURCHASE,35,1020.45
2026-04-13,25,PREORDER,6,616.87
2026-04-13,25,ADD_TO_CART,41,0.00
2026-04-13,25,VIEW,577,0.00
2026-04-13,25,WISHLIST,93,0.00
2026-04-13,25,PURCHASE,19,2227.78
2026-04-13,27,PREORDER,8,508.62
2026-04-13,27,ADD_TO_CART,38,0.00
2026-04-13,27,VIEW,539,0.00
2026-04-13,27,WISHLIST,89,0.00
2026-04-13,27,PURCHASE,13,2326.47
2026-04-13,29,PREORDER,7,712.06
2026-04-13,29,ADD_TO_CART,25,0.00
2026-04-13,29,VIEW,304,0.00
2026-04-13,29,WISHLIST,37,0.00
2026-04-13,29,PURCHASE,18,1413.10
2026-04-14,2,PREORDER,11,282.77
2026-04-14,2,ADD_TO_CART,38,0.00
2026-04-14,2,VIEW,658,0.00
2026-04-14,2,WISHLIST,41,0.00
2026-04-14,2,PURCHASE,25,2135.39
2026-04-14,4,PREORDER,9,782.99
2026-04-14,4,ADD_TO_CART,73,0.00
2026-04-14,4,VIEW,908,0.00
2026-04-14,4,WISHLIST,144,0.00
2026-04-14,4,PURCHASE,47,2473.45
2026-04-14,6,PREORDER,11,682.20
2026-04-14,6,ADD_TO_CART,25,0.00
2026-04-14,6,VIEW,469,0.00
2026-04-14,6,WISHLIST,126,0.00
2026-04-14,6,PURCHASE,15,888.17
2026-04-14,8,PREORDER,12,722.33
2026-04-14,8,ADD_TO_CART,32,0.00
2026-04-14,8,VIEW,623,0.00
2026-04-14,8,WISHLIST,93,0.00
2026-04-14,8,PURCHASE,44,860.88
2026-04-14,10,PREORDER,75,10840.52
2026-04-14,10,ADD_TO_CART,17,0.00
2026-04-14,10,VIEW,520,0.00
2026-04-14,10,WISHLIST,68,0.00
2026-04-14,10,PURCHASE,35,15319.41
2026-04-14,12,PREORDER,4,706.46
2026-04-14,12,ADD_TO_CART,46,0.00
2026-04-14,12,VIEW,478,0.00
2026-04-14,12,WISHLIST,95,0.00
2026-04-14,12,PURCHASE,13,917.57
2026-04-14,14,PREORDER,9,560.88
2026-04-14,14,ADD_TO_CART,39,0.00
2026-04-14,14,VIEW,206,0.00
2026-04-14,14,WISHLIST,68,0.00
2026-04-14,14,PURCHASE,34,2402.06
2026-04-14,16,PREORDER,7,904.31
2026-04-14,16,ADD_TO_CART,33,0.00
2026-04-14,16,VIEW,218,0.00
2026-04-14,16,WISHLIST,42,0.00
2026-04-14,16,PURCHASE,14,2479.75
2026-04-14,18,PREORDER,4,639.27
2026-04-14,18,ADD_TO_CART,35,0.00
2026-04-14,18,VIEW,409,0.00
2026-04-14,18,WISHLIST,51,0.00
2026-04-14,18,PURCHASE,36,632.01
2026-04-14,20,PREORDER,14,473.15
2026-04-14,20,ADD_TO_CART,68,0.00
2026-04-14,20,VIEW,925,0.00
2026-04-14,20,WISHLIST,146,0.00
2026-04-14,20,PURCHASE,44,747.49
2026-04-14,22,PREORDER,9,816.59
2026-04-14,22,ADD_TO_CART,72,0.00
2026-04-14,22,VIEW,637,0.00
2026-04-14,22,WISHLIST,91,0.00
2026-04-14,22,PURCHASE,16,2097.60
2026-04-14,24,PREORDER,11,342.50
2026-04-14,24,ADD_TO_CART,75,0.00
2026-04-14,24,VIEW,679,0.00
2026-04-14,24,WISHLIST,72,0.00
2026-04-14,24,PURCHASE,16,799.99
2026-04-14,26,PREORDER,7,497.42
2026-04-14,26,ADD_TO_CART,23,0.00
2026-04-14,26,VIEW,394,0.00
2026-04-14,26,WISHLIST,101,0.00
2026-04-14,26,PURCHASE,28,2393.66
2026-04-14,28,PREORDER,4,1075.09
2026-04-14,28,ADD_TO_CART,52,0.00
2026-04-14,28,VIEW,368,0.00
2026-04-14,28,WISHLIST,78,0.00
2026-04-14,28,PURCHASE,13,1597.87
2026-04-14,30,PREORDER,7,750.32
2026-04-14,30,ADD_TO_CART,17,0.00
2026-04-14,30,VIEW,199,0.00
2026-04-14,30,WISHLIST,71,0.00
2026-04-14,30,PURCHASE,14,2011.51
2026-04-15,1,PREORDER,15,783.92
2026-04-15,1,ADD_TO_CART,61,0.00
2026-04-15,1,VIEW,454,0.00
2026-04-15,1,WISHLIST,95,0.00
2026-04-15,1,PURCHASE,42,1690.26
2026-04-15,3,PREORDER,7,375.16
2026-04-15,3,ADD_TO_CART,57,0.00
2026-04-15,3,VIEW,283,0.00
2026-04-15,3,WISHLIST,128,0.00
2026-04-15,3,PURCHASE,35,751.69
2026-04-15,5,PREORDER,10,869.78
2026-04-15,5,ADD_TO_CART,22,0.00
2026-04-15,5,VIEW,353,0.00
2026-04-15,5,WISHLIST,58,0.00
2026-04-15,5,PURCHASE,23,669.80
2026-04-15,7,PREORDER,14,937.91
2026-04-15,7,ADD_TO_CART,59,0.00
2026-04-15,7,VIEW,589,0.00
2026-04-15,7,WISHLIST,136,0.00
2026-04-15,7,PURCHASE,28,1776.35
2026-04-15,9,PREORDER,8,831.52
2026-04-15,9,ADD_TO_CART,71,0.00
2026-04-15,9,VIEW,655,0.00
2026-04-15,9,WISHLIST,48,0.00
2026-04-15,9,PURCHASE,45,2320.17
2026-04-15,11,PREORDER,9,537.55
2026-04-15,11,ADD_TO_CART,41,0.00
2026-04-15,11,VIEW,274,0.00
2026-04-15,11,WISHLIST,53,0.00
2026-04-15,11,PURCHASE,27,1650.36
2026-04-15,13,PREORDER,7,462.89
2026-04-15,13,ADD_TO_CART,18,0.00
2026-04-15,13,VIEW,412,0.00
2026-04-15,13,WISHLIST,77,0.00
2026-04-15,13,PURCHASE,15,1066.65
2026-04-15,15,PREORDER,10,307.04
2026-04-15,15,ADD_TO_CART,36,0.00
2026-04-15,15,VIEW,409,0.00
2026-04-15,15,WISHLIST,56,0.00
2026-04-15,15,PURCHASE,10,772.69
2026-04-15,17,PREORDER,7,437.69
2026-04-15,17,ADD_TO_CART,35,0.00
2026-04-15,17,VIEW,686,0.00
2026-04-15,17,WISHLIST,34,0.00
2026-04-15,17,PURCHASE,27,1297.61
2026-04-15,19,PREORDER,12,1065.76
2026-04-15,19,ADD_TO_CART,60,0.00
2026-04-15,19,VIEW,510,0.00
2026-04-15,19,WISHLIST,103,0.00
2026-04-15,19,PURCHASE,31,1644.07
2026-04-15,21,PREORDER,14,1038.70
2026-04-15,21,ADD_TO_CART,34,0.00
2026-04-15,21,VIEW,464,0.00
2026-04-15,21,WISHLIST,95,0.00
2026-04-15,21,PURCHASE,13,2185.79
2026-04-15,23,PREORDER,12,393.83
2026-04-15,23,ADD_TO_CART,44,0.00
2026-04-15,23,VIEW,780,0.00
2026-04-15,23,WISHLIST,118,0.00
2026-04-15,23,PURCHASE,45,1543.28
2026-04-15,25,PREORDER,4,1042.43
2026-04-15,25,ADD_TO_CART,52,0.00
2026-04-15,25,VIEW,568,0.00
2026-04-15,25,WISHLIST,95,0.00
2026-04-15,25,PURCHASE,14,1148.54
2026-04-15,27,PREORDER,10,376.10
2026-04-15,27,ADD_TO_CART,47,0.00
2026-04-15,27,VIEW,385,0.00
2026-04-15,27,WISHLIST,61,0.00
2026-04-15,27,PURCHASE,22,2095.50
2026-04-15,29,PREORDER,9,400.36
2026-04-15,29,ADD_TO_CART,36,0.00
2026-04-15,29,VIEW,514,0.00
2026-04-15,29,WISHLIST,86,0.00
2026-04-15,29,PURCHASE,31,1452.99
2026-04-16,2,PREORDER,13,653.27
2026-04-16,2,ADD_TO_CART,26,0.00
2026-04-16,2,VIEW,869,0.00
2026-04-16,2,WISHLIST,147,0.00
2026-04-16,2,PURCHASE,29,1793.14
2026-04-16,4,PREORDER,7,373.30
2026-04-16,4,ADD_TO_CART,26,0.00
2026-04-16,4,VIEW,638,0.00
2026-04-16,4,WISHLIST,152,0.00
2026-04-16,4,PURCHASE,49,2055.61
2026-04-16,6,PREORDER,4,612.21
2026-04-16,6,ADD_TO_CART,24,0.00
2026-04-16,6,VIEW,774,0.00
2026-04-16,6,WISHLIST,153,0.00
2026-04-16,6,PURCHASE,14,1455.09
2026-04-16,8,PREORDER,13,333.17
2026-04-16,8,ADD_TO_CART,51,0.00
2026-04-16,8,VIEW,514,0.00
2026-04-16,8,WISHLIST,121,0.00
2026-04-16,8,PURCHASE,27,942.77
2026-04-16,10,PREORDER,64,7111.29
2026-04-16,10,ADD_TO_CART,40,0.00
2026-04-16,10,VIEW,340,0.00
2026-04-16,10,WISHLIST,36,0.00
2026-04-16,10,PURCHASE,26,15520.98
2026-04-16,12,PREORDER,5,523.55
2026-04-16,12,ADD_TO_CART,35,0.00
2026-04-16,12,VIEW,535,0.00
2026-04-16,12,WISHLIST,102,0.00
2026-04-16,12,PURCHASE,23,1805.74
2026-04-16,14,PREORDER,7,562.74
2026-04-16,14,ADD_TO_CART,44,0.00
2026-04-16,14,VIEW,445,0.00
2026-04-16,14,WISHLIST,62,0.00
2026-04-16,14,PURCHASE,22,1299.71
2026-04-16,16,PREORDER,3,1115.22
2026-04-16,16,ADD_TO_CART,47,0.00
2026-04-16,16,VIEW,715,0.00
2026-04-16,16,WISHLIST,50,0.00
2026-04-16,16,PURCHASE,13,1675.56
2026-04-16,18,PREORDER,8,306.10
2026-04-16,18,ADD_TO_CART,45,0.00
2026-04-16,18,VIEW,566,0.00
2026-04-16,18,WISHLIST,65,0.00
2026-04-16,18,PURCHASE,34,2234.08
2026-04-16,20,PREORDER,15,981.77
2026-04-16,20,ADD_TO_CART,48,0.00
2026-04-16,20,VIEW,592,0.00
2026-04-16,20,WISHLIST,90,0.00
2026-04-16,20,PURCHASE,17,2057.71
2026-04-16,22,PREORDER,4,653.27
2026-04-16,22,ADD_TO_CART,64,0.00
2026-04-16,22,VIEW,268,0.00
2026-04-16,22,WISHLIST,101,0.00
2026-04-16,22,PURCHASE,35,1320.71
2026-04-16,24,PREORDER,4,293.97
2026-04-16,24,ADD_TO_CART,67,0.00
2026-04-16,24,VIEW,329,0.00
2026-04-16,24,WISHLIST,55,0.00
2026-04-16,24,PURCHASE,42,1186.33
2026-04-16,26,PREORDER,6,989.23
2026-04-16,26,ADD_TO_CART,24,0.00
2026-04-16,26,VIEW,488,0.00
2026-04-16,26,WISHLIST,56,0.00
2026-04-16,26,PURCHASE,33,2500.74
2026-04-16,28,PREORDER,5,850.18
2026-04-16,28,ADD_TO_CART,48,0.00
2026-04-16,28,VIEW,369,0.00
2026-04-16,28,WISHLIST,59,0.00
2026-04-16,28,PURCHASE,31,1944.32
2026-04-16,30,PREORDER,9,744.73
2026-04-16,30,ADD_TO_CART,34,0.00
2026-04-16,30,VIEW,218,0.00
2026-04-16,30,WISHLIST,61,0.00
2026-04-16,30,PURCHASE,19,653.01
2026-04-17,1,PREORDER,11,999.50
2026-04-17,1,ADD_TO_CART,76,0.00
2026-04-17,1,VIEW,350,0.00
2026-04-17,1,WISHLIST,152,0.00
2026-04-17,1,PURCHASE,37,1018.35
2026-04-17,3,PREORDER,5,1114.29
2026-04-17,3,ADD_TO_CART,40,0.00
2026-04-17,3,VIEW,785,0.00
2026-04-17,3,WISHLIST,41,0.00
2026-04-17,3,PURCHASE,15,1230.42
2026-04-17,5,PREORDER,9,1119.89
2026-04-17,5,ADD_TO_CART,69,0.00
2026-04-17,5,VIEW,741,0.00
2026-04-17,5,WISHLIST,78,0.00
2026-04-17,5,PURCHASE,41,1387.90
2026-04-17,7,PREORDER,5,356.50
2026-04-17,7,ADD_TO_CART,24,0.00
2026-04-17,7,VIEW,278,0.00
2026-04-17,7,WISHLIST,152,0.00
2026-04-17,7,PURCHASE,24,2257.18
2026-04-17,9,PREORDER,12,577.68
2026-04-17,9,ADD_TO_CART,43,0.00
2026-04-17,9,VIEW,937,0.00
2026-04-17,9,WISHLIST,87,0.00
2026-04-17,9,PURCHASE,14,835.68
2026-04-17,11,PREORDER,9,856.71
2026-04-17,11,ADD_TO_CART,19,0.00
2026-04-17,11,VIEW,278,0.00
2026-04-17,11,WISHLIST,107,0.00
2026-04-17,11,PURCHASE,31,1910.73
2026-04-17,13,PREORDER,7,866.05
2026-04-17,13,ADD_TO_CART,43,0.00
2026-04-17,13,VIEW,206,0.00
2026-04-17,13,WISHLIST,65,0.00
2026-04-17,13,PURCHASE,12,1578.97
2026-04-17,15,PREORDER,9,537.55
2026-04-17,15,ADD_TO_CART,20,0.00
2026-04-17,15,VIEW,566,0.00
2026-04-17,15,WISHLIST,76,0.00
2026-04-17,15,PURCHASE,35,1961.12
2026-04-17,17,PREORDER,4,1025.63
2026-04-17,17,ADD_TO_CART,50,0.00
2026-04-17,17,VIEW,391,0.00
2026-04-17,17,WISHLIST,53,0.00
2026-04-17,17,PURCHASE,32,797.89
2026-04-17,19,PREORDER,12,576.74
2026-04-17,19,ADD_TO_CART,20,0.00
2026-04-17,19,VIEW,328,0.00
2026-04-17,19,WISHLIST,67,0.00
2026-04-17,19,PURCHASE,35,2244.58
2026-04-17,21,PREORDER,4,1020.03
2026-04-17,21,ADD_TO_CART,60,0.00
2026-04-17,21,VIEW,337,0.00
2026-04-17,21,WISHLIST,57,0.00
2026-04-17,21,PURCHASE,41,1696.56
2026-04-17,23,PREORDER,6,931.37
2026-04-17,23,ADD_TO_CART,61,0.00
2026-04-17,23,VIEW,425,0.00
2026-04-17,23,WISHLIST,129,0.00
2026-04-17,23,PURCHASE,49,2391.56
2026-04-17,25,PREORDER,4,964.97
2026-04-17,25,ADD_TO_CART,51,0.00
2026-04-17,25,VIEW,680,0.00
2026-04-17,25,WISHLIST,67,0.00
2026-04-17,25,PURCHASE,27,1644.07
2026-04-17,27,PREORDER,9,1067.63
2026-04-17,27,ADD_TO_CART,45,0.00
2026-04-17,27,VIEW,530,0.00
2026-04-17,27,WISHLIST,88,0.00
2026-04-17,27,PURCHASE,15,1782.65
2026-04-17,29,PREORDER,8,806.32
2026-04-17,29,ADD_TO_CART,51,0.00
2026-04-17,29,VIEW,352,0.00
2026-04-17,29,WISHLIST,62,0.00
2026-04-17,29,PURCHASE,33,1352.21
2026-04-18,2,PREORDER,6,542.21
2026-04-18,2,ADD_TO_CART,50,0.00
2026-04-18,2,VIEW,979,0.00
2026-04-18,2,WISHLIST,77,0.00
2026-04-18,2,PURCHASE,49,1394.20
2026-04-18,4,PREORDER,14,685.00
2026-04-18,4,ADD_TO_CART,73,0.00
2026-04-18,4,VIEW,1138,0.00
2026-04-18,4,WISHLIST,153,0.00
2026-04-18,4,PURCHASE,24,2355.86
2026-04-18,6,PREORDER,15,526.35
2026-04-18,6,ADD_TO_CART,82,0.00
2026-04-18,6,VIEW,446,0.00
2026-04-18,6,WISHLIST,142,0.00
2026-04-18,6,PURCHASE,22,1169.53
2026-04-18,8,PREORDER,18,904.31
2026-04-18,8,ADD_TO_CART,64,0.00
2026-04-18,8,VIEW,1157,0.00
2026-04-18,8,WISHLIST,109,0.00
2026-04-18,8,PURCHASE,50,1306.01
2026-04-18,10,PREORDER,157,10034.20
2026-04-18,10,ADD_TO_CART,41,0.00
2026-04-18,10,VIEW,243,0.00
2026-04-18,10,WISHLIST,36,0.00
2026-04-18,10,PURCHASE,40,26002.68
2026-04-18,12,PREORDER,12,351.83
2026-04-18,12,ADD_TO_CART,30,0.00
2026-04-18,12,VIEW,491,0.00
2026-04-18,12,WISHLIST,75,0.00
2026-04-18,12,PURCHASE,29,1146.44
2026-04-18,14,PREORDER,5,488.08
2026-04-18,14,ADD_TO_CART,61,0.00
2026-04-18,14,VIEW,419,0.00
2026-04-18,14,WISHLIST,138,0.00
2026-04-18,14,PURCHASE,30,1383.70
2026-04-18,16,PREORDER,9,623.40
2026-04-18,16,ADD_TO_CART,31,0.00
2026-04-18,16,VIEW,786,0.00
2026-04-18,16,WISHLIST,138,0.00
2026-04-18,16,PURCHASE,24,2332.77
2026-04-18,18,PREORDER,11,321.03
2026-04-18,18,ADD_TO_CART,38,0.00
2026-04-18,18,VIEW,692,0.00
2026-04-18,18,WISHLIST,118,0.00
2026-04-18,18,PURCHASE,25,2108.10
2026-04-18,20,PREORDER,7,979.90
2026-04-18,20,ADD_TO_CART,38,0.00
2026-04-18,20,VIEW,874,0.00
2026-04-18,20,WISHLIST,77,0.00
2026-04-18,20,PURCHASE,52,1933.82
2026-04-18,22,PREORDER,17,828.72
2026-04-18,22,ADD_TO_CART,47,0.00
2026-04-18,22,VIEW,427,0.00
2026-04-18,22,WISHLIST,134,0.00
2026-04-18,22,PURCHASE,49,879.77
2026-04-18,24,PREORDER,13,1091.89
2026-04-18,24,ADD_TO_CART,38,0.00
2026-04-18,24,VIEW,587,0.00
2026-04-18,24,WISHLIST,76,0.00
2026-04-18,24,PURCHASE,27,829.38
2026-04-18,26,PREORDER,9,1089.09
2026-04-18,26,ADD_TO_CART,60,0.00
2026-04-18,26,VIEW,264,0.00
2026-04-18,26,WISHLIST,62,0.00
2026-04-18,26,PURCHASE,33,963.76
2026-04-18,28,PREORDER,8,592.61
2026-04-18,28,ADD_TO_CART,55,0.00
2026-04-18,28,VIEW,400,0.00
2026-04-18,28,WISHLIST,54,0.00
2026-04-18,28,PURCHASE,31,1793.14
2026-04-18,30,PREORDER,11,815.65
2026-04-18,30,ADD_TO_CART,23,0.00
2026-04-18,30,VIEW,431,0.00
2026-04-18,30,WISHLIST,91,0.00
2026-04-18,30,PURCHASE,41,1515.98
2026-04-19,1,PREORDER,15,591.67
2026-04-19,1,ADD_TO_CART,35,0.00
2026-04-19,1,VIEW,895,0.00
2026-04-19,1,WISHLIST,147,0.00
2026-04-19,1,PURCHASE,32,1014.16
2026-04-19,3,PREORDER,18,560.88
2026-04-19,3,ADD_TO_CART,59,0.00
2026-04-19,3,VIEW,338,0.00
2026-04-19,3,WISHLIST,93,0.00
2026-04-19,3,PURCHASE,37,2276.07
2026-04-19,5,PREORDER,11,321.03
2026-04-19,5,ADD_TO_CART,66,0.00
2026-04-19,5,VIEW,914,0.00
2026-04-19,5,WISHLIST,87,0.00
2026-04-19,5,PURCHASE,32,1255.62
2026-04-19,7,PREORDER,14,605.67
2026-04-19,7,ADD_TO_CART,84,0.00
2026-04-19,7,VIEW,485,0.00
2026-04-19,7,WISHLIST,91,0.00
2026-04-19,7,PURCHASE,28,1536.98
2026-04-19,9,PREORDER,10,1001.37
2026-04-19,9,ADD_TO_CART,45,0.00
2026-04-19,9,VIEW,1193,0.00
2026-04-19,9,WISHLIST,153,0.00
2026-04-19,9,PURCHASE,21,2452.45
2026-04-19,11,PREORDER,9,1058.29
2026-04-19,11,ADD_TO_CART,49,0.00
2026-04-19,11,VIEW,798,0.00
2026-04-19,11,WISHLIST,140,0.00
2026-04-19,11,PURCHASE,40,2150.09
2026-04-19,13,PREORDER,12,364.90
2026-04-19,13,ADD_TO_CART,64,0.00
2026-04-19,13,VIEW,777,0.00
2026-04-19,13,WISHLIST,94,0.00
2026-04-19,13,PURCHASE,44,988.96
2026-04-19,15,PREORDER,10,1114.29
2026-04-19,15,ADD_TO_CART,64,0.00
2026-04-19,15,VIEW,689,0.00
2026-04-19,15,WISHLIST,101,0.00
2026-04-19,15,PURCHASE,16,684.50
2026-04-19,17,PREORDER,5,969.64
2026-04-19,17,ADD_TO_CART,36,0.00
2026-04-19,17,VIEW,715,0.00
2026-04-19,17,WISHLIST,134,0.00
2026-04-19,17,PURCHASE,37,2452.45
2026-04-19,19,PREORDER,19,740.06
2026-04-19,19,ADD_TO_CART,75,0.00
2026-04-19,19,VIEW,1026,0.00
2026-04-19,19,WISHLIST,50,0.00
2026-04-19,19,PURCHASE,50,2473.45
2026-04-19,21,PREORDER,16,341.57
2026-04-19,21,ADD_TO_CART,81,0.00
2026-04-19,21,VIEW,591,0.00
2026-04-19,21,WISHLIST,99,0.00
2026-04-19,21,PURCHASE,59,814.68
2026-04-19,23,PREORDER,18,288.37
2026-04-19,23,ADD_TO_CART,74,0.00
2026-04-19,23,VIEW,960,0.00
2026-04-19,23,WISHLIST,67,0.00
2026-04-19,23,PURCHASE,35,1677.66
2026-04-19,25,PREORDER,6,482.49
2026-04-19,25,ADD_TO_CART,45,0.00
2026-04-19,25,VIEW,530,0.00
2026-04-19,25,WISHLIST,140,0.00
2026-04-19,25,PURCHASE,19,655.11
2026-04-19,27,PREORDER,10,882.85
2026-04-19,27,ADD_TO_CART,19,0.00
2026-04-19,27,VIEW,388,0.00
2026-04-19,27,WISHLIST,37,0.00
2026-04-19,27,PURCHASE,35,2049.31
2026-04-19,29,PREORDER,8,1006.03
2026-04-19,29,ADD_TO_CART,25,0.00
2026-04-19,29,VIEW,530,0.00
2026-04-19,29,WISHLIST,138,0.00
2026-04-19,29,PURCHASE,27,1877.13
2026-04-20,2,PREORDER,13,502.08
2026-04-20,2,ADD_TO_CART,69,0.00
2026-04-20,2,VIEW,286,0.00
2026-04-20,2,WISHLIST,118,0.00
2026-04-20,2,PURCHASE,41,1677.66
2026-04-20,4,PREORDER,7,461.95
2026-04-20,4,ADD_TO_CART,55,0.00
2026-04-20,4,VIEW,285,0.00
2026-04-20,4,WISHLIST,133,0.00
2026-04-20,4,PURCHASE,45,1854.04
2026-04-20,6,PREORDER,11,948.17
2026-04-20,6,ADD_TO_CART,28,0.00
2026-04-20,6,VIEW,663,0.00
2026-04-20,6,WISHLIST,102,0.00
2026-04-20,6,PURCHASE,30,791.59
2026-04-20,8,PREORDER,10,282.77
2026-04-20,8,ADD_TO_CART,46,0.00
2026-04-20,8,VIEW,594,0.00
2026-04-20,8,WISHLIST,146,0.00
2026-04-20,8,PURCHASE,40,1152.74
2026-04-20,10,PREORDER,119,7279.27
2026-04-20,10,ADD_TO_CART,15,0.00
2026-04-20,10,VIEW,587,0.00
2026-04-20,10,WISHLIST,50,0.00
2026-04-20,10,PURCHASE,24,15646.96
2026-04-20,12,PREORDER,10,875.38
2026-04-20,12,ADD_TO_CART,56,0.00
2026-04-20,12,VIEW,695,0.00
2026-04-20,12,WISHLIST,80,0.00
2026-04-20,12,PURCHASE,26,753.79
2026-04-20,14,PREORDER,3,615.01
2026-04-20,14,ADD_TO_CART,27,0.00
2026-04-20,14,VIEW,497,0.00
2026-04-20,14,WISHLIST,58,0.00
2026-04-20,14,PURCHASE,26,1436.19
2026-04-20,16,PREORDER,8,495.55
2026-04-20,16,ADD_TO_CART,54,0.00
2026-04-20,16,VIEW,340,0.00
2026-04-20,16,WISHLIST,40,0.00
2026-04-20,16,PURCHASE,16,1287.12
2026-04-20,18,PREORDER,3,749.39
2026-04-20,18,ADD_TO_CART,34,0.00
2026-04-20,18,VIEW,367,0.00
2026-04-20,18,WISHLIST,44,0.00
2026-04-20,18,PURCHASE,12,1692.36
2026-04-20,20,PREORDER,14,1016.30
2026-04-20,20,ADD_TO_CART,41,0.00
2026-04-20,20,VIEW,661,0.00
2026-04-20,20,WISHLIST,67,0.00
2026-04-20,20,PURCHASE,36,911.27
2026-04-20,22,PREORDER,13,701.80
2026-04-20,22,ADD_TO_CART,56,0.00
2026-04-20,22,VIEW,648,0.00
2026-04-20,22,WISHLIST,70,0.00
2026-04-20,22,PURCHASE,40,646.71
2026-04-20,24,PREORDER,14,809.12
2026-04-20,24,ADD_TO_CART,70,0.00
2026-04-20,24,VIEW,680,0.00
2026-04-20,24,WISHLIST,133,0.00
2026-04-20,24,PURCHASE,28,1047.75
2026-04-20,26,PREORDER,8,298.64
2026-04-20,26,ADD_TO_CART,56,0.00
2026-04-20,26,VIEW,275,0.00
2026-04-20,26,WISHLIST,68,0.00
2026-04-20,26,PURCHASE,20,1085.54
2026-04-20,28,PREORDER,6,823.12
2026-04-20,28,ADD_TO_CART,17,0.00
2026-04-20,28,VIEW,449,0.00
2026-04-20,28,WISHLIST,78,0.00
2026-04-20,28,PURCHASE,33,2078.70
2026-04-20,30,PREORDER,4,354.63
2026-04-20,30,ADD_TO_CART,39,0.00
2026-04-20,30,VIEW,482,0.00
2026-04-20,30,WISHLIST,61,0.00
2026-04-20,30,PURCHASE,24,818.88
2026-04-21,1,PREORDER,14,792.32
2026-04-21,1,ADD_TO_CART,37,0.00
2026-04-21,1,VIEW,438,0.00
2026-04-21,1,WISHLIST,58,0.00
2026-04-21,1,PURCHASE,43,2099.70
2026-04-21,3,PREORDER,13,643.00
2026-04-21,3,ADD_TO_CART,69,0.00
2026-04-21,3,VIEW,583,0.00
2026-04-21,3,WISHLIST,78,0.00
2026-04-21,3,PURCHASE,44,1969.52
2026-04-21,5,PREORDER,11,332.23
2026-04-21,5,ADD_TO_CART,35,0.00
2026-04-21,5,VIEW,732,0.00
2026-04-21,5,WISHLIST,85,0.00
2026-04-21,5,PURCHASE,15,2309.67
2026-04-21,7,PREORDER,11,1026.56
2026-04-21,7,ADD_TO_CART,28,0.00
2026-04-21,7,VIEW,446,0.00
2026-04-21,7,WISHLIST,114,0.00
2026-04-21,7,PURCHASE,33,1287.12
2026-04-21,9,PREORDER,9,334.10
2026-04-21,9,ADD_TO_CART,54,0.00
2026-04-21,9,VIEW,327,0.00
2026-04-21,9,WISHLIST,56,0.00
2026-04-21,9,PURCHASE,18,917.57
2026-04-21,11,PREORDER,7,359.30
2026-04-21,11,ADD_TO_CART,15,0.00
2026-04-21,11,VIEW,532,0.00
2026-04-21,11,WISHLIST,59,0.00
2026-04-21,11,PURCHASE,11,1889.73
2026-04-21,13,PREORDER,6,411.56
2026-04-21,13,ADD_TO_CART,37,0.00
2026-04-21,13,VIEW,320,0.00
2026-04-21,13,WISHLIST,52,0.00
2026-04-21,13,PURCHASE,25,2131.20
2026-04-21,15,PREORDER,7,489.95
2026-04-21,15,ADD_TO_CART,34,0.00
2026-04-21,15,VIEW,515,0.00
2026-04-21,15,WISHLIST,47,0.00
2026-04-21,15,PURCHASE,15,1402.60
2026-04-21,17,PREORDER,10,861.38
2026-04-21,17,ADD_TO_CART,39,0.00
2026-04-21,17,VIEW,226,0.00
2026-04-21,17,WISHLIST,88,0.00
2026-04-21,17,PURCHASE,27,1539.08
2026-04-21,19,PREORDER,10,557.14
2026-04-21,19,ADD_TO_CART,51,0.00
2026-04-21,19,VIEW,668,0.00
2026-04-21,19,WISHLIST,128,0.00
2026-04-21,19,PURCHASE,38,2131.20
2026-04-21,21,PREORDER,9,407.83
2026-04-21,21,ADD_TO_CART,66,0.00
2026-04-21,21,VIEW,340,0.00
2026-04-21,21,WISHLIST,66,0.00
2026-04-21,21,PURCHASE,14,705.50
2026-04-21,23,PREORDER,10,1019.10
2026-04-21,23,ADD_TO_CART,68,0.00
2026-04-21,23,VIEW,858,0.00
2026-04-21,23,WISHLIST,95,0.00
2026-04-21,23,PURCHASE,42,1667.16
2026-04-21,25,PREORDER,4,821.25
2026-04-21,25,ADD_TO_CART,55,0.00
2026-04-21,25,VIEW,459,0.00
2026-04-21,25,WISHLIST,91,0.00
2026-04-21,25,PURCHASE,21,1803.64
2026-04-21,27,PREORDER,8,899.64
2026-04-21,27,ADD_TO_CART,54,0.00
2026-04-21,27,VIEW,703,0.00
2026-04-21,27,WISHLIST,81,0.00
2026-04-21,27,PURCHASE,28,2162.69
2026-04-21,29,PREORDER,6,1005.10
2026-04-21,29,ADD_TO_CART,36,0.00
2026-04-21,29,VIEW,372,0.00
2026-04-21,29,WISHLIST,34,0.00
2026-04-21,29,PURCHASE,15,1085.54
2026-04-22,2,PREORDER,7,339.70
2026-04-22,2,ADD_TO_CART,61,0.00
2026-04-22,2,VIEW,428,0.00
2026-04-22,2,WISHLIST,126,0.00
2026-04-22,2,PURCHASE,48,900.77
2026-04-22,4,PREORDER,6,914.58
2026-04-22,4,ADD_TO_CART,78,0.00
2026-04-22,4,VIEW,669,0.00
2026-04-22,4,WISHLIST,56,0.00
2026-04-22,4,PURCHASE,24,904.97
2026-04-22,6,PREORDER,10,761.52
2026-04-22,6,ADD_TO_CART,70,0.00
2026-04-22,6,VIEW,985,0.00
2026-04-22,6,WISHLIST,85,0.00
2026-04-22,6,PURCHASE,22,1786.84
2026-04-22,8,PREORDER,7,298.64
2026-04-22,8,ADD_TO_CART,29,0.00
2026-04-22,8,VIEW,724,0.00
2026-04-22,8,WISHLIST,137,0.00
2026-04-22,8,PURCHASE,42,856.68
2026-04-22,10,PREORDER,86,10706.13
2026-04-22,10,ADD_TO_CART,17,0.00
2026-04-22,10,VIEW,569,0.00
2026-04-22,10,WISHLIST,53,0.00
2026-04-22,10,PURCHASE,19,11262.79
2026-04-22,12,PREORDER,4,937.91
2026-04-22,12,ADD_TO_CART,49,0.00
2026-04-22,12,VIEW,613,0.00
2026-04-22,12,WISHLIST,75,0.00
2026-04-22,12,PURCHASE,34,2066.10
2026-04-22,14,PREORDER,9,1049.90
2026-04-22,14,ADD_TO_CART,40,0.00
2026-04-22,14,VIEW,668,0.00
2026-04-22,14,WISHLIST,48,0.00
2026-04-22,14,PURCHASE,10,2261.38
2026-04-22,16,PREORDER,4,418.09
2026-04-22,16,ADD_TO_CART,44,0.00
2026-04-22,16,VIEW,460,0.00
2026-04-22,16,WISHLIST,31,0.00
2026-04-22,16,PURCHASE,35,2051.41
2026-04-22,18,PREORDER,11,864.18
2026-04-22,18,ADD_TO_CART,27,0.00
2026-04-22,18,VIEW,331,0.00
2026-04-22,18,WISHLIST,104,0.00
2026-04-22,18,PURCHASE,17,1539.08
2026-04-22,20,PREORDER,5,342.50
2026-04-22,20,ADD_TO_CART,47,0.00
2026-04-22,20,VIEW,575,0.00
2026-04-22,20,WISHLIST,106,0.00
2026-04-22,20,PURCHASE,19,837.78
2026-04-22,22,PREORDER,5,338.77
2026-04-22,22,ADD_TO_CART,51,0.00
2026-04-22,22,VIEW,545,0.00
2026-04-22,22,WISHLIST,122,0.00
2026-04-22,22,PURCHASE,15,1108.64
2026-04-22,24,PREORDER,11,711.13
2026-04-22,24,ADD_TO_CART,54,0.00
2026-04-22,24,VIEW,276,0.00
2026-04-22,24,WISHLIST,79,0.00
2026-04-22,24,PURCHASE,37,1627.27
2026-04-22,26,PREORDER,7,484.35
2026-04-22,26,ADD_TO_CART,18,0.00
2026-04-22,26,VIEW,427,0.00
2026-04-22,26,WISHLIST,102,0.00
2026-04-22,26,PURCHASE,13,1459.29
2026-04-22,28,PREORDER,8,589.81
2026-04-22,28,ADD_TO_CART,33,0.00
2026-04-22,28,VIEW,425,0.00
2026-04-22,28,WISHLIST,88,0.00
2026-04-22,28,PURCHASE,23,1022.55
2026-04-22,30,PREORDER,7,637.40
2026-04-22,30,ADD_TO_CART,18,0.00
2026-04-22,30,VIEW,314,0.00
2026-04-22,30,WISHLIST,90,0.00
2026-04-22,30,PURCHASE,15,1041.45
2026-04-23,1,PREORDER,9,949.11
2026-04-23,1,ADD_TO_CART,55,0.00
2026-04-23,1,VIEW,689,0.00
2026-04-23,1,WISHLIST,67,0.00
2026-04-23,1,PURCHASE,27,1051.95
2026-04-23,3,PREORDER,8,922.97
2026-04-23,3,ADD_TO_CART,78,0.00
2026-04-23,3,VIEW,370,0.00
2026-04-23,3,WISHLIST,98,0.00
2026-04-23,3,PURCHASE,13,997.36
2026-04-23,5,PREORDER,10,430.22
2026-04-23,5,ADD_TO_CART,56,0.00
2026-04-23,5,VIEW,992,0.00
2026-04-23,5,WISHLIST,59,0.00
2026-04-23,5,PURCHASE,33,1014.16
2026-04-23,7,PREORDER,15,1065.76
2026-04-23,7,ADD_TO_CART,41,0.00
2026-04-23,7,VIEW,413,0.00
2026-04-23,7,WISHLIST,99,0.00
2026-04-23,7,PURCHASE,47,806.28
2026-04-23,9,PREORDER,10,511.42
2026-04-23,9,ADD_TO_CART,30,0.00
2026-04-23,9,VIEW,337,0.00
2026-04-23,9,WISHLIST,128,0.00
2026-04-23,9,PURCHASE,20,1845.64
2026-04-23,11,PREORDER,9,350.90
2026-04-23,11,ADD_TO_CART,45,0.00
2026-04-23,11,VIEW,294,0.00
2026-04-23,11,WISHLIST,91,0.00
2026-04-23,11,PURCHASE,14,2061.91
2026-04-23,13,PREORDER,6,403.16
2026-04-23,13,ADD_TO_CART,51,0.00
2026-04-23,13,VIEW,358,0.00
2026-04-23,13,WISHLIST,73,0.00
2026-04-23,13,PURCHASE,34,921.77
2026-04-23,15,PREORDER,8,439.56
2026-04-23,15,ADD_TO_CART,32,0.00
2026-04-23,15,VIEW,536,0.00
2026-04-23,15,WISHLIST,34,0.00
2026-04-23,15,PURCHASE,20,854.58
2026-04-23,17,PREORDER,8,505.82
2026-04-23,17,ADD_TO_CART,23,0.00
2026-04-23,17,VIEW,358,0.00
2026-04-23,17,WISHLIST,42,0.00
2026-04-23,17,PURCHASE,10,734.90
2026-04-23,19,PREORDER,11,431.16
2026-04-23,19,ADD_TO_CART,64,0.00
2026-04-23,19,VIEW,990,0.00
2026-04-23,19,WISHLIST,132,0.00
2026-04-23,19,PURCHASE,37,972.16
2026-04-23,21,PREORDER,16,675.67
2026-04-23,21,ADD_TO_CART,53,0.00
2026-04-23,21,VIEW,449,0.00
2026-04-23,21,WISHLIST,42,0.00
2026-04-23,21,PURCHASE,20,678.20
2026-04-23,23,PREORDER,10,1051.76
2026-04-23,23,ADD_TO_CART,65,0.00
2026-04-23,23,VIEW,647,0.00
2026-04-23,23,WISHLIST,112,0.00
2026-04-23,23,PURCHASE,15,1509.68
2026-04-23,25,PREORDER,3,593.54
2026-04-23,25,ADD_TO_CART,25,0.00
2026-04-23,25,VIEW,500,0.00
2026-04-23,25,WISHLIST,96,0.00
2026-04-23,25,PURCHASE,9,1350.11
2026-04-23,27,PREORDER,9,752.19
2026-04-23,27,ADD_TO_CART,50,0.00
2026-04-23,27,VIEW,209,0.00
2026-04-23,27,WISHLIST,92,0.00
2026-04-23,27,PURCHASE,10,1306.01
2026-04-23,29,PREORDER,3,730.73
2026-04-23,29,ADD_TO_CART,39,0.00
2026-04-23,29,VIEW,180,0.00
2026-04-23,29,WISHLIST,32,0.00
2026-04-23,29,PURCHASE,29,2318.07
2026-04-24,2,PREORDER,14,910.84
2026-04-24,2,ADD_TO_CART,52,0.00
2026-04-24,2,VIEW,366,0.00
2026-04-24,2,WISHLIST,100,0.00
2026-04-24,2,PURCHASE,34,2507.04
2026-04-24,4,PREORDER,9,924.84
2026-04-24,4,ADD_TO_CART,35,0.00
2026-04-24,4,VIEW,932,0.00
2026-04-24,4,WISHLIST,54,0.00
2026-04-24,4,PURCHASE,13,1152.74
2026-04-24,6,PREORDER,9,321.03
2026-04-24,6,ADD_TO_CART,65,0.00
2026-04-24,6,VIEW,404,0.00
2026-04-24,6,WISHLIST,62,0.00
2026-04-24,6,PURCHASE,49,2364.26
2026-04-24,8,PREORDER,10,1078.83
2026-04-24,8,ADD_TO_CART,72,0.00
2026-04-24,8,VIEW,487,0.00
2026-04-24,8,WISHLIST,96,0.00
2026-04-24,8,PURCHASE,49,2005.21
2026-04-24,10,PREORDER,94,9440.66
2026-04-24,10,ADD_TO_CART,16,0.00
2026-04-24,10,VIEW,576,0.00
2026-04-24,10,WISHLIST,51,0.00
2026-04-24,10,PURCHASE,32,9776.20
2026-04-24,12,PREORDER,5,974.30
2026-04-24,12,ADD_TO_CART,22,0.00
2026-04-24,12,VIEW,205,0.00
2026-04-24,12,WISHLIST,104,0.00
2026-04-24,12,PURCHASE,13,984.76
2026-04-24,14,PREORDER,8,683.13
2026-04-24,14,ADD_TO_CART,29,0.00
2026-04-24,14,VIEW,377,0.00
2026-04-24,14,WISHLIST,57,0.00
2026-04-24,14,PURCHASE,27,879.77
2026-04-24,16,PREORDER,10,390.09
2026-04-24,16,ADD_TO_CART,23,0.00
2026-04-24,16,VIEW,248,0.00
2026-04-24,16,WISHLIST,60,0.00
2026-04-24,16,PURCHASE,29,2486.04
2026-04-24,18,PREORDER,9,378.90
2026-04-24,18,ADD_TO_CART,28,0.00
2026-04-24,18,VIEW,500,0.00
2026-04-24,18,WISHLIST,62,0.00
2026-04-24,18,PURCHASE,23,1757.45
2026-04-24,20,PREORDER,15,964.04
2026-04-24,20,ADD_TO_CART,39,0.00
2026-04-24,20,VIEW,352,0.00
2026-04-24,20,WISHLIST,146,0.00
2026-04-24,20,PURCHASE,48,1161.13
2026-04-24,22,PREORDER,6,577.68
2026-04-24,22,ADD_TO_CART,20,0.00
2026-04-24,22,VIEW,523,0.00
2026-04-24,22,WISHLIST,89,0.00
2026-04-24,22,PURCHASE,17,1028.85
2026-04-24,24,PREORDER,11,311.70
2026-04-24,24,ADD_TO_CART,40,0.00
2026-04-24,24,VIEW,890,0.00
2026-04-24,24,WISHLIST,130,0.00
2026-04-24,24,PURCHASE,13,1152.74
2026-04-24,26,PREORDER,10,698.06
2026-04-24,26,ADD_TO_CART,37,0.00
2026-04-24,26,VIEW,416,0.00
2026-04-24,26,WISHLIST,83,0.00
2026-04-24,26,PURCHASE,11,1455.09
2026-04-24,28,PREORDER,10,547.81
2026-04-24,28,ADD_TO_CART,48,0.00
2026-04-24,28,VIEW,246,0.00
2026-04-24,28,WISHLIST,32,0.00
2026-04-24,28,PURCHASE,28,1001.56
2026-04-24,30,PREORDER,9,303.30
2026-04-24,30,ADD_TO_CART,26,0.00
2026-04-24,30,VIEW,202,0.00
2026-04-24,30,WISHLIST,88,0.00
2026-04-24,30,PURCHASE,33,690.80
2026-04-25,1,PREORDER,5,921.11
2026-04-25,1,ADD_TO_CART,25,0.00
2026-04-25,1,VIEW,993,0.00
2026-04-25,1,WISHLIST,178,0.00
2026-04-25,1,PURCHASE,47,1333.31
2026-04-25,3,PREORDER,8,423.69
2026-04-25,3,ADD_TO_CART,69,0.00
2026-04-25,3,VIEW,1211,0.00
2026-04-25,3,WISHLIST,50,0.00
2026-04-25,3,PURCHASE,60,1249.32
2026-04-25,5,PREORDER,13,497.42
2026-04-25,5,ADD_TO_CART,76,0.00
2026-04-25,5,VIEW,1070,0.00
2026-04-25,5,WISHLIST,178,0.00
2026-04-25,5,PURCHASE,26,1587.37
2026-04-25,7,PREORDER,13,492.75
2026-04-25,7,ADD_TO_CART,82,0.00
2026-04-25,7,VIEW,937,0.00
2026-04-25,7,WISHLIST,183,0.00
2026-04-25,7,PURCHASE,21,1539.08
2026-04-25,9,PREORDER,10,765.26
2026-04-25,9,ADD_TO_CART,42,0.00
2026-04-25,9,VIEW,1205,0.00
2026-04-25,9,WISHLIST,122,0.00
2026-04-25,9,PURCHASE,54,745.39
2026-04-25,11,PREORDER,13,781.12
2026-04-25,11,ADD_TO_CART,23,0.00
2026-04-25,11,VIEW,602,0.00
2026-04-25,11,WISHLIST,38,0.00
2026-04-25,11,PURCHASE,28,2080.80
2026-04-25,13,PREORDER,13,941.64
2026-04-25,13,ADD_TO_CART,23,0.00
2026-04-25,13,VIEW,380,0.00
2026-04-25,13,WISHLIST,85,0.00
2026-04-25,13,PURCHASE,33,886.07
2026-04-25,15,PREORDER,10,1066.69
2026-04-25,15,ADD_TO_CART,54,0.00
2026-04-25,15,VIEW,378,0.00
2026-04-25,15,WISHLIST,85,0.00
2026-04-25,15,PURCHASE,25,1952.72
2026-04-25,17,PREORDER,5,597.27
2026-04-25,17,ADD_TO_CART,69,0.00
2026-04-25,17,VIEW,386,0.00
2026-04-25,17,WISHLIST,119,0.00
2026-04-25,17,PURCHASE,29,2072.40
2026-04-25,19,PREORDER,16,1033.10
2026-04-25,19,ADD_TO_CART,38,0.00
2026-04-25,19,VIEW,857,0.00
2026-04-25,19,WISHLIST,178,0.00
2026-04-25,19,PURCHASE,52,1929.62
2026-04-25,21,PREORDER,13,666.33
2026-04-25,21,ADD_TO_CART,26,0.00
2026-04-25,21,VIEW,1159,0.00
2026-04-25,21,WISHLIST,166,0.00
2026-04-25,21,PURCHASE,16,1912.83
2026-04-25,23,PREORDER,7,714.86
2026-04-25,23,ADD_TO_CART,93,0.00
2026-04-25,23,VIEW,806,0.00
2026-04-25,23,WISHLIST,107,0.00
2026-04-25,23,PURCHASE,59,1683.96
2026-04-25,25,PREORDER,5,1090.96
2026-04-25,25,ADD_TO_CART,35,0.00
2026-04-25,25,VIEW,836,0.00
2026-04-25,25,WISHLIST,60,0.00
2026-04-25,25,PURCHASE,35,2166.89
2026-04-25,27,PREORDER,5,788.59
2026-04-25,27,ADD_TO_CART,45,0.00
2026-04-25,27,VIEW,835,0.00
2026-04-25,27,WISHLIST,71,0.00
2026-04-25,27,PURCHASE,31,2402.06
2026-04-25,29,PREORDER,13,349.03
2026-04-25,29,ADD_TO_CART,20,0.00
2026-04-25,29,VIEW,484,0.00
2026-04-25,29,WISHLIST,77,0.00
2026-04-25,29,PURCHASE,31,2066.10
2026-04-26,2,PREORDER,7,606.61
2026-04-26,2,ADD_TO_CART,87,0.00
2026-04-26,2,VIEW,959,0.00
2026-04-26,2,WISHLIST,123,0.00
2026-04-26,2,PURCHASE,54,1969.52
2026-04-26,4,PREORDER,15,1048.03
2026-04-26,4,ADD_TO_CART,60,0.00
2026-04-26,4,VIEW,751,0.00
2026-04-26,4,WISHLIST,121,0.00
2026-04-26,4,PURCHASE,40,1337.51
2026-04-26,6,PREORDER,11,694.33
2026-04-26,6,ADD_TO_CART,28,0.00
2026-04-26,6,VIEW,1098,0.00
2026-04-26,6,WISHLIST,112,0.00
2026-04-26,6,PURCHASE,36,640.41
2026-04-26,8,PREORDER,12,441.42
2026-04-26,8,ADD_TO_CART,56,0.00
2026-04-26,8,VIEW,921,0.00
2026-04-26,8,WISHLIST,125,0.00
2026-04-26,8,PURCHASE,18,904.97
2026-04-26,10,PREORDER,81,4423.56
2026-04-26,10,ADD_TO_CART,49,0.00
2026-04-26,10,VIEW,791,0.00
2026-04-26,10,WISHLIST,37,0.00
2026-04-26,10,PURCHASE,38,19149.26
2026-04-26,12,PREORDER,9,597.27
2026-04-26,12,ADD_TO_CART,62,0.00
2026-04-26,12,VIEW,419,0.00
2026-04-26,12,WISHLIST,140,0.00
2026-04-26,12,PURCHASE,38,2122.80
2026-04-26,14,PREORDER,4,945.37
2026-04-26,14,ADD_TO_CART,19,0.00
2026-04-26,14,VIEW,588,0.00
2026-04-26,14,WISHLIST,42,0.00
2026-04-26,14,PURCHASE,18,1866.63
2026-04-26,16,PREORDER,9,847.38
2026-04-26,16,ADD_TO_CART,37,0.00
2026-04-26,16,VIEW,605,0.00
2026-04-26,16,WISHLIST,118,0.00
2026-04-26,16,PURCHASE,26,1988.42
2026-04-26,18,PREORDER,4,346.23
2026-04-26,18,ADD_TO_CART,36,0.00
2026-04-26,18,VIEW,530,0.00
2026-04-26,18,WISHLIST,138,0.00
2026-04-26,18,PURCHASE,22,1602.07
2026-04-26,20,PREORDER,13,668.20
2026-04-26,20,ADD_TO_CART,30,0.00
2026-04-26,20,VIEW,996,0.00
2026-04-26,20,WISHLIST,105,0.00
2026-04-26,20,PURCHASE,26,1522.28
2026-04-26,22,PREORDER,11,1052.69
2026-04-26,22,ADD_TO_CART,79,0.00
2026-04-26,22,VIEW,1229,0.00
2026-04-26,22,WISHLIST,75,0.00
2026-04-26,22,PURCHASE,42,2070.30
2026-04-26,24,PREORDER,9,751.26
2026-04-26,24,ADD_TO_CART,45,0.00
2026-04-26,24,VIEW,666,0.00
2026-04-26,24,WISHLIST,161,0.00
2026-04-26,24,PURCHASE,58,930.17
2026-04-26,26,PREORDER,4,998.57
2026-04-26,26,ADD_TO_CART,58,0.00
2026-04-26,26,VIEW,695,0.00
2026-04-26,26,WISHLIST,58,0.00
2026-04-26,26,PURCHASE,44,1366.90
2026-04-26,28,PREORDER,12,667.27
2026-04-26,28,ADD_TO_CART,44,0.00
2026-04-26,28,VIEW,875,0.00
2026-04-26,28,WISHLIST,124,0.00
2026-04-26,28,PURCHASE,33,2385.26
2026-04-26,30,PREORDER,12,591.67
2026-04-26,30,ADD_TO_CART,36,0.00
2026-04-26,30,VIEW,657,0.00
2026-04-26,30,WISHLIST,109,0.00
2026-04-26,30,PURCHASE,41,734.90
2026-04-27,1,PREORDER,14,750.32
2026-04-27,1,ADD_TO_CART,49,0.00
2026-04-27,1,VIEW,478,0.00
2026-04-27,1,WISHLIST,144,0.00
2026-04-27,1,PURCHASE,24,1534.88
2026-04-27,3,PREORDER,14,450.75
2026-04-27,3,ADD_TO_CART,69,0.00
2026-04-27,3,VIEW,265,0.00
2026-04-27,3,WISHLIST,154,0.00
2026-04-27,3,PURCHASE,29,795.79
2026-04-27,5,PREORDER,14,306.10
2026-04-27,5,ADD_TO_CART,59,0.00
2026-04-27,5,VIEW,654,0.00
2026-04-27,5,WISHLIST,105,0.00
2026-04-27,5,PURCHASE,44,1612.57
2026-04-27,7,PREORDER,14,828.72
2026-04-27,7,ADD_TO_CART,60,0.00
2026-04-27,7,VIEW,818,0.00
2026-04-27,7,WISHLIST,82,0.00
2026-04-27,7,PURCHASE,45,2177.39
2026-04-27,9,PREORDER,5,345.30
2026-04-27,9,ADD_TO_CART,75,0.00
2026-04-27,9,VIEW,922,0.00
2026-04-27,9,WISHLIST,101,0.00
2026-04-27,9,PURCHASE,45,1791.04
2026-04-27,11,PREORDER,7,895.91
2026-04-27,11,ADD_TO_CART,50,0.00
2026-04-27,11,VIEW,277,0.00
2026-04-27,11,WISHLIST,109,0.00
2026-04-27,11,PURCHASE,31,2297.07
2026-04-27,13,PREORDER,11,797.92
2026-04-27,13,ADD_TO_CART,23,0.00
2026-04-27,13,VIEW,350,0.00
2026-04-27,13,WISHLIST,45,0.00
2026-04-27,13,PURCHASE,28,850.38
2026-04-27,15,PREORDER,4,406.89
2026-04-27,15,ADD_TO_CART,38,0.00
2026-04-27,15,VIEW,720,0.00
2026-04-27,15,WISHLIST,55,0.00
2026-04-27,15,PURCHASE,21,1757.45
2026-04-27,17,PREORDER,4,570.21
2026-04-27,17,ADD_TO_CART,14,0.00
2026-04-27,17,VIEW,505,0.00
2026-04-27,17,WISHLIST,76,0.00
2026-04-27,17,PURCHASE,36,1140.14
2026-04-27,19,PREORDER,6,1075.09
2026-04-27,19,ADD_TO_CART,51,0.00
2026-04-27,19,VIEW,424,0.00
2026-04-27,19,WISHLIST,62,0.00
2026-04-27,19,PURCHASE,27,1385.80
2026-04-27,21,PREORDER,15,753.12
2026-04-27,21,ADD_TO_CART,34,0.00
2026-04-27,21,VIEW,1000,0.00
2026-04-27,21,WISHLIST,79,0.00
2026-04-27,21,PURCHASE,47,2231.98
2026-04-27,23,PREORDER,6,561.81
2026-04-27,23,ADD_TO_CART,51,0.00
2026-04-27,23,VIEW,315,0.00
2026-04-27,23,WISHLIST,120,0.00
2026-04-27,23,PURCHASE,24,795.79
2026-04-27,25,PREORDER,11,439.56
2026-04-27,25,ADD_TO_CART,27,0.00
2026-04-27,25,VIEW,531,0.00
2026-04-27,25,WISHLIST,80,0.00
2026-04-27,25,PURCHASE,23,833.58
2026-04-27,27,PREORDER,9,823.12
2026-04-27,27,ADD_TO_CART,43,0.00
2026-04-27,27,VIEW,529,0.00
2026-04-27,27,WISHLIST,55,0.00
2026-04-27,27,PURCHASE,32,2412.56
2026-04-27,29,PREORDER,9,1005.10
2026-04-27,29,ADD_TO_CART,42,0.00
2026-04-27,29,VIEW,361,0.00
2026-04-27,29,WISHLIST,57,0.00
2026-04-27,29,PURCHASE,35,2250.88
2026-04-28,2,PREORDER,6,770.86
2026-04-28,2,ADD_TO_CART,55,0.00
2026-04-28,2,VIEW,375,0.00
2026-04-28,2,WISHLIST,54,0.00
2026-04-28,2,PURCHASE,38,1917.03
2026-04-28,4,PREORDER,10,844.58
2026-04-28,4,ADD_TO_CART,73,0.00
2026-04-28,4,VIEW,479,0.00
2026-04-28,4,WISHLIST,49,0.00
2026-04-28,4,PURCHASE,41,741.19
2026-04-28,6,PREORDER,5,676.60
2026-04-28,6,ADD_TO_CART,46,0.00
2026-04-28,6,VIEW,621,0.00
2026-04-28,6,WISHLIST,63,0.00
2026-04-28,6,PURCHASE,38,1541.18
2026-04-28,8,PREORDER,7,348.10
2026-04-28,8,ADD_TO_CART,44,0.00
2026-04-28,8,VIEW,611,0.00
2026-04-28,8,WISHLIST,155,0.00
2026-04-28,8,PURCHASE,49,1442.49
2026-04-28,10,PREORDER,46,10549.34
2026-04-28,10,ADD_TO_CART,25,0.00
2026-04-28,10,VIEW,629,0.00
2026-04-28,10,WISHLIST,59,0.00
2026-04-28,10,PURCHASE,29,12447.02
2026-04-28,12,PREORDER,7,835.25
2026-04-28,12,ADD_TO_CART,36,0.00
2026-04-28,12,VIEW,271,0.00
2026-04-28,12,WISHLIST,55,0.00
2026-04-28,12,PURCHASE,34,699.20
2026-04-28,14,PREORDER,11,787.65
2026-04-28,14,ADD_TO_CART,38,0.00
2026-04-28,14,VIEW,361,0.00
2026-04-28,14,WISHLIST,87,0.00
2026-04-28,14,PURCHASE,11,1455.09
2026-04-28,16,PREORDER,8,1020.96
2026-04-28,16,ADD_TO_CART,38,0.00
2026-04-28,16,VIEW,597,0.00
2026-04-28,16,WISHLIST,96,0.00
2026-04-28,16,PURCHASE,19,2001.01
2026-04-28,18,PREORDER,4,474.09
2026-04-28,18,ADD_TO_CART,27,0.00
2026-04-28,18,VIEW,430,0.00
2026-04-28,18,WISHLIST,96,0.00
2026-04-28,18,PURCHASE,31,1112.84
2026-04-28,20,PREORDER,6,824.05
2026-04-28,20,ADD_TO_CART,75,0.00
2026-04-28,20,VIEW,349,0.00
2026-04-28,20,WISHLIST,126,0.00
2026-04-28,20,PURCHASE,47,2198.39
2026-04-28,22,PREORDER,6,729.79
2026-04-28,22,ADD_TO_CART,38,0.00
2026-04-28,22,VIEW,774,0.00
2026-04-28,22,WISHLIST,43,0.00
2026-04-28,22,PURCHASE,16,1704.96
2026-04-28,24,PREORDER,15,335.03
2026-04-28,24,ADD_TO_CART,26,0.00
2026-04-28,24,VIEW,715,0.00
2026-04-28,24,WISHLIST,142,0.00
2026-04-28,24,PURCHASE,17,1820.44
2026-04-28,26,PREORDER,3,506.75
2026-04-28,26,ADD_TO_CART,26,0.00
2026-04-28,26,VIEW,250,0.00
2026-04-28,26,WISHLIST,90,0.00
2026-04-28,26,PURCHASE,22,894.47
2026-04-28,28,PREORDER,8,365.83
2026-04-28,28,ADD_TO_CART,30,0.00
2026-04-28,28,VIEW,196,0.00
2026-04-28,28,WISHLIST,96,0.00
2026-04-28,28,PURCHASE,27,2458.75
2026-04-28,30,PREORDER,3,863.25
2026-04-28,30,ADD_TO_CART,33,0.00
2026-04-28,30,VIEW,305,0.00
2026-04-28,30,WISHLIST,74,0.00
2026-04-28,30,PURCHASE,23,648.81
2026-04-29,1,PREORDER,15,386.36
2026-04-29,1,ADD_TO_CART,45,0.00
2026-04-29,1,VIEW,278,0.00
2026-04-29,1,WISHLIST,155,0.00
2026-04-29,1,PURCHASE,45,2085.00
2026-04-29,3,PREORDER,4,810.05
2026-04-29,3,ADD_TO_CART,50,0.00
2026-04-29,3,VIEW,680,0.00
2026-04-29,3,WISHLIST,91,0.00
2026-04-29,3,PURCHASE,45,2469.25
2026-04-29,5,PREORDER,6,900.58
2026-04-29,5,ADD_TO_CART,34,0.00
2026-04-29,5,VIEW,1000,0.00
2026-04-29,5,WISHLIST,146,0.00
2026-04-29,5,PURCHASE,18,659.31
2026-04-29,7,PREORDER,15,299.57
2026-04-29,7,ADD_TO_CART,66,0.00
2026-04-29,7,VIEW,351,0.00
2026-04-29,7,WISHLIST,118,0.00
2026-04-29,7,PURCHASE,49,892.37
2026-04-29,9,PREORDER,8,414.36
2026-04-29,9,ADD_TO_CART,32,0.00
2026-04-29,9,VIEW,619,0.00
2026-04-29,9,WISHLIST,62,0.00
2026-04-29,9,PURCHASE,16,1820.44
2026-04-29,11,PREORDER,4,653.27
2026-04-29,11,ADD_TO_CART,14,0.00
2026-04-29,11,VIEW,532,0.00
2026-04-29,11,WISHLIST,39,0.00
2026-04-29,11,PURCHASE,23,1201.03
2026-04-29,13,PREORDER,4,866.05
2026-04-29,13,ADD_TO_CART,40,0.00
2026-04-29,13,VIEW,715,0.00
2026-04-29,13,WISHLIST,93,0.00
2026-04-29,13,PURCHASE,36,766.39
2026-04-29,15,PREORDER,3,1042.43
2026-04-29,15,ADD_TO_CART,53,0.00
2026-04-29,15,VIEW,710,0.00
2026-04-29,15,WISHLIST,54,0.00
2026-04-29,15,PURCHASE,23,1358.51
2026-04-29,17,PREORDER,4,677.53
2026-04-29,17,ADD_TO_CART,46,0.00
2026-04-29,17,VIEW,433,0.00
2026-04-29,17,WISHLIST,39,0.00
2026-04-29,17,PURCHASE,18,1249.32
2026-04-29,19,PREORDER,4,1013.50
2026-04-29,19,ADD_TO_CART,22,0.00
2026-04-29,19,VIEW,852,0.00
2026-04-29,19,WISHLIST,125,0.00
2026-04-29,19,PURCHASE,37,934.37
2026-04-29,21,PREORDER,12,697.13
2026-04-29,21,ADD_TO_CART,37,0.00
2026-04-29,21,VIEW,592,0.00
2026-04-29,21,WISHLIST,132,0.00
2026-04-29,21,PURCHASE,29,1450.89
2026-04-29,23,PREORDER,8,815.65
2026-04-29,23,ADD_TO_CART,74,0.00
2026-04-29,23,VIEW,553,0.00
2026-04-29,23,WISHLIST,147,0.00
2026-04-29,23,PURCHASE,29,1102.34
2026-04-29,25,PREORDER,8,420.89
2026-04-29,25,ADD_TO_CART,47,0.00
2026-04-29,25,VIEW,455,0.00
2026-04-29,25,WISHLIST,110,0.00
2026-04-29,25,PURCHASE,14,1589.47
2026-04-29,27,PREORDER,11,578.61
2026-04-29,27,ADD_TO_CART,27,0.00
2026-04-29,27,VIEW,428,0.00
2026-04-29,27,WISHLIST,93,0.00
2026-04-29,27,PURCHASE,12,1904.43
2026-04-29,29,PREORDER,10,584.21
2026-04-29,29,ADD_TO_CART,22,0.00
2026-04-29,29,VIEW,379,0.00
2026-04-29,29,WISHLIST,90,0.00
2026-04-29,29,PURCHASE,36,1209.43
2026-04-30,2,PREORDER,6,590.74
2026-04-30,2,ADD_TO_CART,32,0.00
2026-04-30,2,VIEW,998,0.00
2026-04-30,2,WISHLIST,63,0.00
2026-04-30,2,PURCHASE,41,999.46
2026-04-30,4,PREORDER,6,1101.22
2026-04-30,4,ADD_TO_CART,27,0.00
2026-04-30,4,VIEW,737,0.00
2026-04-30,4,WISHLIST,104,0.00
2026-04-30,4,PURCHASE,14,1219.93
2026-04-30,6,PREORDER,13,622.47
2026-04-30,6,ADD_TO_CART,50,0.00
2026-04-30,6,VIEW,492,0.00
2026-04-30,6,WISHLIST,104,0.00
2026-04-30,6,PURCHASE,24,1033.05
2026-04-30,8,PREORDER,8,896.84
2026-04-30,8,ADD_TO_CART,57,0.00
2026-04-30,8,VIEW,500,0.00
2026-04-30,8,WISHLIST,117,0.00
2026-04-30,8,PURCHASE,29,1673.46
2026-04-30,10,PREORDER,113,9787.82
2026-04-30,10,ADD_TO_CART,27,0.00
2026-04-30,10,VIEW,663,0.00
2026-04-30,10,WISHLIST,110,0.00
2026-04-30,10,PURCHASE,24,10632.88
2026-04-30,12,PREORDER,9,857.65
2026-04-30,12,ADD_TO_CART,30,0.00
2026-04-30,12,VIEW,497,0.00
2026-04-30,12,WISHLIST,65,0.00
2026-04-30,12,PURCHASE,35,1669.26
2026-04-30,14,PREORDER,9,849.25
2026-04-30,14,ADD_TO_CART,14,0.00
2026-04-30,14,VIEW,224,0.00
2026-04-30,14,WISHLIST,93,0.00
2026-04-30,14,PURCHASE,18,2179.49
2026-04-30,16,PREORDER,9,973.37
2026-04-30,16,ADD_TO_CART,15,0.00
2026-04-30,16,VIEW,474,0.00
2026-04-30,16,WISHLIST,39,0.00
2026-04-30,16,PURCHASE,33,1138.04
2026-04-30,18,PREORDER,8,388.23
2026-04-30,18,ADD_TO_CART,33,0.00
2026-04-30,18,VIEW,576,0.00
2026-04-30,18,WISHLIST,88,0.00
2026-04-30,18,PURCHASE,28,1469.79
2026-04-30,20,PREORDER,15,826.85
2026-04-30,20,ADD_TO_CART,27,0.00
2026-04-30,20,VIEW,358,0.00
2026-04-30,20,WISHLIST,58,0.00
2026-04-30,20,PURCHASE,22,1310.21
2026-04-30,22,PREORDER,15,293.97
2026-04-30,22,ADD_TO_CART,58,0.00
2026-04-30,22,VIEW,953,0.00
2026-04-30,22,WISHLIST,80,0.00
2026-04-30,22,PURCHASE,22,1102.34
2026-04-30,24,PREORDER,13,704.60
2026-04-30,24,ADD_TO_CART,65,0.00
2026-04-30,24,VIEW,858,0.00
2026-04-30,24,WISHLIST,82,0.00
2026-04-30,24,PURCHASE,26,1014.16
2026-04-30,26,PREORDER,6,727.93
2026-04-30,26,ADD_TO_CART,24,0.00
2026-04-30,26,VIEW,670,0.00
2026-04-30,26,WISHLIST,74,0.00
2026-04-30,26,PURCHASE,14,684.50
2026-04-30,28,PREORDER,7,921.11
2026-04-30,28,ADD_TO_CART,23,0.00
2026-04-30,28,VIEW,686,0.00
2026-04-30,28,WISHLIST,79,0.00
2026-04-30,28,PURCHASE,14,2355.86
2026-04-30,30,PREORDER,6,395.69
2026-04-30,30,ADD_TO_CART,31,0.00
2026-04-30,30,VIEW,433,0.00
2026-04-30,30,WISHLIST,59,0.00
2026-04-30,30,PURCHASE,23,1788.94
