DATE,PLATFORM,CAMPAIGN_ID,TITLE_ID,MENTION_COUNT,POS_PCT,NEU_PCT,NEG_PCT,NET_SENTIMENT,SHARE_OF_VOICE
2026-03-17,YOUTUBE,106,10,40,0.25,0.45,0.3,0.000,1.0000
2026-03-05,REDDIT,106,10,2,0.0,1.0,0.0,0.020,0.2000
2026-03-11,REDDIT,110,,2,0.0,0.0,1.0,-0.745,0.2000
2026-03-22,REDDIT,110,,6,0.167,0.167,0.667,-0.305,0.2000
2026-02-13,YOUTUBE,104,2,40,0.325,0.425,0.25,0.103,0.2000
2025-11-10,REDDIT,101,,2,0.0,0.0,1.0,-0.710,0.1429
2025-11-16,REDDIT,109,8,2,0.0,0.0,1.0,-0.620,0.1250
2025-11-21,REDDIT,105,1,2,0.5,0.0,0.5,0.080,0.1250
2026-01-06,YOUTUBE,105,1,40,0.325,0.125,0.55,-0.100,0.2500
2026-02-04,REDDIT,114,30,4,0.25,0.5,0.25,-0.038,0.1111
2026-02-06,REDDIT,106,10,4,0.25,0.5,0.25,0.008,0.1111
2025-12-30,REDDIT,113,19,4,0.0,0.5,0.5,-0.435,0.1250
2026-01-04,REDDIT,109,8,4,0.25,0.0,0.75,-0.203,0.1429
2026-02-01,YOUTUBE,109,8,40,0.425,0.325,0.25,0.154,0.2000
2026-02-06,YOUTUBE,109,8,40,0.4,0.3,0.3,0.124,0.2000
2026-02-08,YOUTUBE,109,8,40,0.2,0.35,0.45,-0.131,0.2000
2025-11-02,YOUTUBE,105,1,18,0.5,0.167,0.333,0.166,0.3333
2025-11-19,YOUTUBE,109,8,18,0.278,0.389,0.333,-0.011,0.3333
2025-11-20,YOUTUBE,105,1,18,0.278,0.389,0.333,0.043,0.3333
2025-11-17,YOUTUBE,104,2,18,0.333,0.278,0.389,0.005,0.3333
2025-12-18,REDDIT,113,19,6,0.5,0.333,0.167,0.270,0.1250
2025-12-21,REDDIT,105,1,6,0.167,0.667,0.167,-0.018,0.1250
2025-12-22,REDDIT,109,8,6,0.0,0.667,0.333,-0.262,0.1250
2025-12-27,REDDIT,107,,6,0.667,0.333,0.0,0.512,0.1250
2025-12-12,YOUTUBE,104,2,40,0.325,0.225,0.45,-0.064,0.2500
2026-03-29,REDDIT,108,,6,0.167,0.167,0.667,-0.290,0.2000
2026-03-31,REDDIT,110,,6,0.333,0.5,0.167,0.160,0.2000
2026-04-17,REDDIT,106,10,6,0.833,0.167,0.0,0.610,0.3333
2026-04-25,REDDIT,112,,6,0.167,0.667,0.167,0.008,0.3333
2025-12-03,REDDIT,108,,6,0.333,0.333,0.333,-0.033,0.1111
2025-12-06,REDDIT,109,8,6,0.333,0.333,0.333,0.008,0.1111
2025-12-04,REDDIT,113,19,6,0.5,0.333,0.167,0.260,0.1111
2025-12-11,REDDIT,102,,6,0.333,0.167,0.5,-0.162,0.1111
2025-12-14,REDDIT,103,,6,0.0,0.5,0.5,-0.365,0.1111
2025-12-22,YOUTUBE,109,8,40,0.325,0.375,0.3,0.047,0.2500
2026-01-17,REDDIT,114,30,4,0.25,0.25,0.5,-0.083,0.1000
2026-03-08,YOUTUBE,106,10,18,0.389,0.278,0.333,0.082,1.0000
2026-04-04,YOUTUBE,106,10,40,0.375,0.325,0.3,0.092,1.0000
2026-03-05,REDDIT,108,,2,0.0,1.0,0.0,0.010,0.2000
2026-03-08,REDDIT,107,,2,0.0,0.5,0.5,-0.395,0.2000
2026-03-13,REDDIT,106,10,2,0.5,0.5,0.0,0.365,0.2000
2026-03-24,REDDIT,106,10,6,0.333,0.167,0.5,-0.133,0.2000
2026-03-25,REDDIT,106,10,6,0.0,0.5,0.5,-0.312,0.2000
2026-02-25,YOUTUBE,106,10,40,0.325,0.475,0.2,0.102,0.2500
2025-11-17,REDDIT,108,,2,0.0,0.0,1.0,-0.810,0.1250
2025-11-25,REDDIT,104,2,2,0.5,0.0,0.5,0.025,0.1250
2025-11-30,REDDIT,105,1,6,0.667,0.167,0.167,0.398,0.1250
2025-11-25,REDDIT,109,8,2,1.0,0.0,0.0,0.745,0.1250
2026-02-11,REDDIT,114,30,4,0.0,0.5,0.5,-0.370,0.1111
2026-02-16,REDDIT,106,10,4,0.5,0.25,0.25,0.205,0.1250
2026-02-17,REDDIT,106,10,4,0.5,0.25,0.25,0.268,0.1429
2026-02-22,REDDIT,106,10,4,0.5,0.0,0.5,0.060,0.1429
2026-02-22,REDDIT,108,,4,0.25,0.5,0.25,0.080,0.1429
2026-01-03,REDDIT,105,1,4,0.75,0.0,0.25,0.353,0.1429
2026-01-04,REDDIT,107,,4,0.5,0.25,0.25,0.175,0.1429
2026-01-14,REDDIT,108,,4,0.25,0.25,0.5,-0.120,0.1111
2025-11-16,YOUTUBE,104,2,18,0.111,0.556,0.333,-0.152,0.3333
2025-11-27,YOUTUBE,104,2,18,0.333,0.5,0.167,0.133,0.3333
2025-12-26,REDDIT,113,19,6,0.5,0.333,0.167,0.265,0.1250
2025-12-23,REDDIT,104,2,6,0.5,0.5,0.0,0.363,0.1250
2025-12-27,REDDIT,102,,6,0.667,0.167,0.167,0.323,0.1250
2025-12-13,YOUTUBE,105,1,40,0.4,0.3,0.3,0.141,0.2500
2025-12-15,YOUTUBE,109,8,40,0.3,0.375,0.325,0.020,0.2500
2026-03-28,REDDIT,110,,6,0.167,0.333,0.5,-0.140,0.2000
2025-12-09,REDDIT,109,8,6,0.167,0.5,0.333,-0.117,0.1111
2025-12-11,REDDIT,109,8,6,0.333,0.167,0.5,-0.018,0.1111
2025-12-10,REDDIT,102,,6,0.333,0.5,0.167,0.125,0.1111
2026-01-21,REDDIT,105,1,4,0.75,0.25,0.0,0.533,0.1000
2026-01-22,REDDIT,107,,4,0.25,0.5,0.25,0.043,0.1000
2026-01-29,REDDIT,107,,4,0.0,0.5,0.5,-0.335,0.1000
2026-02-02,REDDIT,109,8,4,0.0,0.25,0.75,-0.518,0.1111
2026-01-23,YOUTUBE,113,19,40,0.175,0.4,0.425,-0.139,0.1667
2026-02-25,REDDIT,113,19,4,0.5,0.25,0.25,0.168,0.1429
2025-11-11,REDDIT,104,2,2,0.5,0.0,0.5,0.120,0.1429
2026-01-18,YOUTUBE,105,1,40,0.2,0.4,0.4,-0.111,0.1667
2026-02-17,REDDIT,114,30,4,0.0,0.75,0.25,-0.055,0.1429
2025-12-29,REDDIT,104,2,4,0.25,0.5,0.25,0.095,0.1250
2026-01-05,REDDIT,103,,4,0.25,0.25,0.5,-0.205,0.1250
2025-12-01,YOUTUBE,104,2,40,0.3,0.5,0.2,0.111,0.2500
2025-12-17,REDDIT,105,1,6,0.167,0.667,0.167,0.028,0.1250
2025-12-10,REDDIT,103,,6,0.5,0.5,0.0,0.338,0.1111
2025-12-14,REDDIT,105,1,6,0.667,0.167,0.167,0.403,0.1111
2026-01-27,REDDIT,103,,4,0.25,0.25,0.5,-0.075,0.1000
2026-01-30,REDDIT,114,30,4,0.25,0.5,0.25,0.075,0.1000
2026-02-01,REDDIT,108,,4,0.25,0.5,0.25,-0.003,0.1111
2026-01-28,REDDIT,108,,4,0.5,0.5,0.0,0.368,0.1000
2026-04-22,YOUTUBE,106,10,40,0.325,0.275,0.4,-0.041,1.0000
2026-01-27,YOUTUBE,105,1,40,0.2,0.35,0.45,-0.127,0.1667
2026-03-07,REDDIT,108,,2,0.5,0.5,0.0,0.295,0.2000
2026-02-21,YOUTUBE,106,10,40,0.325,0.425,0.25,0.097,0.2500
2025-11-04,REDDIT,108,,2,0.5,0.5,0.0,0.355,0.1667
2025-11-15,REDDIT,109,8,2,0.0,1.0,0.0,0.015,0.1250
2025-11-21,REDDIT,107,,2,0.5,0.0,0.5,0.150,0.1250
2025-11-21,REDDIT,109,8,2,1.0,0.0,0.0,0.800,0.1250
2025-11-23,REDDIT,109,8,2,0.0,0.5,0.5,-0.330,0.1250
2026-01-14,YOUTUBE,104,2,40,0.25,0.375,0.375,-0.084,0.2000
2026-01-18,YOUTUBE,109,8,40,0.4,0.275,0.325,0.091,0.1667
2026-02-04,REDDIT,104,2,4,0.0,0.5,0.5,-0.335,0.1111
2026-02-05,REDDIT,108,,4,0.0,0.75,0.25,-0.108,0.1111
2026-02-12,REDDIT,108,,4,0.5,0.5,0.0,0.400,0.1111
2026-02-15,REDDIT,104,2,4,0.25,0.5,0.25,0.073,0.1250
2026-01-03,REDDIT,109,8,4,0.0,0.25,0.75,-0.420,0.1429
2026-01-02,REDDIT,107,,4,0.25,0.75,0.0,0.128,0.1250
2026-01-12,REDDIT,103,,4,0.25,0.5,0.25,0.073,0.1111
2026-02-06,YOUTUBE,113,19,40,0.3,0.275,0.425,-0.078,0.2000
2025-11-20,YOUTUBE,104,2,18,0.222,0.389,0.389,-0.128,0.3333
2025-12-20,REDDIT,107,,6,0.5,0.5,0.0,0.423,0.1250
2025-12-06,YOUTUBE,105,1,40,0.225,0.375,0.4,-0.081,0.2500
2026-04-11,REDDIT,107,,6,0.5,0.167,0.333,0.115,0.3333
2026-04-13,REDDIT,106,10,6,0.167,0.667,0.167,0.065,0.3333
2025-12-14,REDDIT,113,19,6,0.167,0.667,0.167,-0.015,0.1111
2025-12-25,YOUTUBE,105,1,40,0.2,0.45,0.35,-0.082,0.2500
2026-01-19,REDDIT,105,1,4,0.25,0.5,0.25,0.060,0.1000
2026-02-01,REDDIT,110,,4,0.0,0.75,0.25,-0.215,0.1111
2026-02-03,REDDIT,107,,4,0.0,0.5,0.5,-0.268,0.1111
2026-03-01,REDDIT,106,10,4,0.0,0.75,0.25,-0.115,0.2000
2026-03-08,REDDIT,110,,2,0.0,1.0,0.0,-0.035,0.2000
2026-03-22,REDDIT,107,,6,0.333,0.333,0.333,0.072,0.2000
2026-02-11,YOUTUBE,106,10,40,0.25,0.625,0.125,0.096,0.2000
2026-02-22,YOUTUBE,104,2,40,0.45,0.3,0.25,0.166,0.2500
2025-11-02,REDDIT,109,8,2,0.5,0.0,0.5,0.105,0.1667
2025-11-22,REDDIT,109,8,2,1.0,0.0,0.0,0.880,0.1250
2025-11-27,REDDIT,108,,2,0.0,0.5,0.5,-0.450,0.1250
2025-12-02,REDDIT,109,8,6,0.333,0.5,0.167,0.190,0.1111
2026-01-14,YOUTUBE,113,19,40,0.375,0.45,0.175,0.145,0.2000
2026-02-08,REDDIT,110,,4,0.5,0.5,0.0,0.395,0.1111
2026-02-15,REDDIT,107,,4,0.25,0.25,0.5,-0.110,0.1250
2026-01-06,REDDIT,105,1,4,0.5,0.0,0.5,0.015,0.1250
2026-02-01,YOUTUBE,104,2,40,0.35,0.4,0.25,0.108,0.2000
2025-11-19,YOUTUBE,105,1,18,0.333,0.389,0.278,0.070,0.3333
2025-11-28,YOUTUBE,105,1,40,0.2,0.375,0.425,-0.124,0.3333
2025-12-15,REDDIT,105,1,6,0.167,0.667,0.167,0.025,0.1111
2025-12-16,REDDIT,102,,6,0.5,0.333,0.167,0.265,0.1250
2026-03-28,REDDIT,106,10,6,0.5,0.167,0.333,0.160,0.2000
2025-12-09,REDDIT,103,,6,0.167,0.833,0.0,0.067,0.1111
2025-12-10,REDDIT,113,19,6,0.333,0.5,0.167,0.088,0.1111
2025-12-29,YOUTUBE,113,19,40,0.225,0.475,0.3,-0.026,0.2500
2026-01-01,YOUTUBE,109,8,40,0.4,0.325,0.275,0.144,0.2500
2026-01-22,REDDIT,113,19,4,0.25,0.5,0.25,0.045,0.1000
2026-01-28,YOUTUBE,113,19,40,0.25,0.325,0.425,-0.121,0.1667
2026-02-27,REDDIT,108,,4,0.5,0.25,0.25,0.268,0.1667
2026-03-08,REDDIT,108,,2,0.0,0.0,1.0,-0.660,0.2000
2026-03-23,REDDIT,108,,6,0.167,0.5,0.333,-0.108,0.2000
2026-02-13,YOUTUBE,114,30,40,0.35,0.375,0.275,0.094,0.2000
2026-02-20,YOUTUBE,113,19,40,0.3,0.3,0.4,-0.024,0.2500
2025-11-15,REDDIT,102,,2,0.0,0.0,1.0,-0.795,0.1250
2025-11-12,REDDIT,109,8,2,0.0,1.0,0.0,0.100,0.1429
2025-11-15,REDDIT,103,,2,0.5,0.0,0.5,-0.100,0.1250
2025-11-22,REDDIT,108,,2,0.0,0.5,0.5,-0.390,0.1250
2025-11-30,REDDIT,107,,6,0.5,0.5,0.0,0.342,0.1250
2026-02-04,REDDIT,110,,4,0.5,0.25,0.25,0.278,0.1111
2026-02-09,REDDIT,110,,4,0.75,0.25,0.0,0.533,0.1111
2026-02-18,REDDIT,110,,4,0.25,0.5,0.25,0.088,0.1429
2026-02-21,REDDIT,106,10,4,0.25,0.25,0.5,-0.058,0.1429
2026-01-06,REDDIT,108,,4,0.5,0.5,0.0,0.363,0.1250
2026-01-06,REDDIT,109,8,4,0.5,0.0,0.5,0.078,0.1250
2026-01-10,REDDIT,105,1,4,0.25,0.5,0.25,-0.010,0.1111
2025-11-04,YOUTUBE,105,1,18,0.389,0.278,0.333,0.094,0.3333
2025-11-16,YOUTUBE,105,1,18,0.333,0.333,0.333,0.012,0.3333
2025-12-24,REDDIT,104,2,6,0.333,0.333,0.333,-0.013,0.1250
2025-12-08,YOUTUBE,105,1,40,0.275,0.275,0.45,-0.088,0.2500
2026-04-17,REDDIT,112,,6,0.333,0.667,0.0,0.253,0.3333
2025-12-04,REDDIT,104,2,6,0.167,0.167,0.667,-0.377,0.1111
2025-12-06,REDDIT,107,,6,0.333,0.5,0.167,0.118,0.1111
2025-12-09,REDDIT,105,1,6,0.5,0.167,0.333,0.120,0.1111
2025-12-24,YOUTUBE,104,2,40,0.3,0.5,0.2,0.102,0.2500
2026-01-21,REDDIT,108,,4,0.25,0.25,0.5,-0.065,0.1000
2026-01-21,YOUTUBE,113,19,40,0.2,0.425,0.375,-0.082,0.1667
2026-03-12,REDDIT,107,,2,0.0,0.5,0.5,-0.210,0.2000
2026-02-12,YOUTUBE,114,30,40,0.2,0.325,0.475,-0.158,0.2000
2026-02-15,YOUTUBE,114,30,40,0.25,0.225,0.525,-0.152,0.2500
2026-02-24,YOUTUBE,113,19,40,0.225,0.325,0.45,-0.107,0.2500
2025-11-02,REDDIT,107,,2,0.5,0.0,0.5,0.180,0.1667
2025-11-15,REDDIT,105,1,2,0.0,0.0,1.0,-0.590,0.1250
2025-11-18,REDDIT,109,8,2,1.0,0.0,0.0,0.750,0.1250
2025-11-25,REDDIT,107,,2,0.5,0.5,0.0,0.455,0.1250
2026-01-13,YOUTUBE,105,1,40,0.15,0.425,0.425,-0.148,0.2000
2026-02-17,REDDIT,107,,4,0.0,0.5,0.5,-0.303,0.1429
2026-02-20,REDDIT,107,,4,0.5,0.25,0.25,0.238,0.1429
2025-12-29,REDDIT,105,1,4,0.5,0.25,0.25,0.168,0.1250
2026-01-05,REDDIT,113,19,4,0.25,0.5,0.25,0.063,0.1250
2026-01-07,REDDIT,113,19,4,0.5,0.5,0.0,0.300,0.1250
2026-01-10,REDDIT,109,8,4,0.25,0.25,0.5,-0.153,0.1111
2025-11-05,YOUTUBE,104,2,18,0.167,0.333,0.5,-0.196,0.3333
2025-12-02,YOUTUBE,109,8,40,0.3,0.4,0.3,0.052,0.2500
2025-12-04,YOUTUBE,109,8,40,0.25,0.4,0.35,-0.075,0.2500
2025-12-16,REDDIT,103,,6,0.333,0.333,0.333,0.022,0.1250
2025-12-22,REDDIT,113,19,6,0.333,0.333,0.333,0.038,0.1250
2025-12-27,REDDIT,109,8,6,0.333,0.333,0.333,-0.097,0.1250
2025-12-28,REDDIT,109,8,6,0.333,0.5,0.167,0.058,0.1250
2025-12-11,YOUTUBE,109,8,40,0.175,0.35,0.475,-0.206,0.2500
2025-12-04,REDDIT,107,,6,0.167,0.667,0.167,0.010,0.1111
2025-12-07,REDDIT,102,,6,0.167,0.167,0.667,-0.342,0.1111
2025-12-25,YOUTUBE,104,2,40,0.275,0.275,0.45,-0.087,0.2500
2025-12-30,YOUTUBE,109,8,40,0.325,0.35,0.325,0.048,0.2500
2026-01-18,REDDIT,110,,4,0.25,0.75,0.0,0.163,0.1000
2026-01-19,REDDIT,110,,4,0.25,0.5,0.25,0.058,0.1000
2026-01-29,REDDIT,114,30,4,0.25,0.75,0.0,0.230,0.1000
2026-01-30,REDDIT,103,,4,0.25,0.25,0.5,-0.238,0.1000
2026-01-31,REDDIT,114,30,4,0.25,0.5,0.25,-0.045,0.1000
2026-01-24,YOUTUBE,105,1,40,0.275,0.4,0.325,-0.014,0.1667
2026-01-25,YOUTUBE,114,30,40,0.375,0.4,0.225,0.162,0.1667
2026-03-01,REDDIT,108,,4,0.0,0.25,0.75,-0.448,0.2000
2026-03-03,REDDIT,107,,2,0.0,0.0,1.0,-0.700,0.2000
2026-03-13,REDDIT,108,,2,0.0,0.0,1.0,-0.565,0.2000
2026-03-14,REDDIT,106,10,2,0.5,0.0,0.5,0.175,0.2000
2026-03-24,REDDIT,110,,6,0.167,0.333,0.5,-0.193,0.2000
2025-11-19,REDDIT,109,8,2,0.5,0.5,0.0,0.485,0.1250
2025-12-02,REDDIT,108,,6,0.5,0.333,0.167,0.227,0.1111
2026-01-07,YOUTUBE,105,1,40,0.325,0.325,0.35,0.005,0.2500
2026-01-11,YOUTUBE,104,2,40,0.3,0.35,0.35,0.006,0.2000
2026-01-13,YOUTUBE,113,19,40,0.375,0.175,0.45,-0.004,0.2000
2026-01-14,YOUTUBE,105,1,40,0.425,0.3,0.275,0.136,0.2000
2026-02-06,REDDIT,109,8,4,0.25,0.75,0.0,0.165,0.1111
2026-02-06,REDDIT,107,,4,0.0,0.5,0.5,-0.395,0.1111
2025-12-30,REDDIT,102,,4,0.5,0.5,0.0,0.300,0.1250
2026-01-09,REDDIT,105,1,4,0.0,0.75,0.25,-0.170,0.1250
2026-01-16,REDDIT,109,8,4,0.25,0.25,0.5,-0.078,0.1000
2026-01-30,YOUTUBE,113,19,40,0.35,0.3,0.35,0.048,0.1667
2026-02-02,YOUTUBE,114,30,40,0.225,0.3,0.475,-0.129,0.2000
2025-11-08,YOUTUBE,109,8,18,0.389,0.167,0.444,0.027,0.3333
2025-12-06,YOUTUBE,109,8,40,0.35,0.3,0.35,0.048,0.2500
2025-12-08,YOUTUBE,113,19,40,0.375,0.35,0.275,0.083,0.2500
2026-04-04,REDDIT,106,10,6,0.333,0.667,0.0,0.290,0.3333
2026-04-08,REDDIT,107,,6,0.333,0.167,0.5,-0.055,0.3333
2026-04-26,REDDIT,112,,6,0.5,0.167,0.333,0.192,0.3333
2026-02-03,REDDIT,113,19,4,0.25,0.25,0.5,-0.083,0.1111
2025-12-05,YOUTUBE,104,2,40,0.375,0.25,0.375,0.039,0.2500
2026-01-05,YOUTUBE,105,1,40,0.225,0.5,0.275,-0.016,0.2500
2026-01-29,REDDIT,109,8,4,0.5,0.25,0.25,0.143,0.1000
2026-03-02,YOUTUBE,106,10,18,0.278,0.333,0.389,-0.061,1.0000
2026-04-20,YOUTUBE,106,10,40,0.2,0.325,0.475,-0.167,1.0000
2026-03-13,REDDIT,107,,2,0.0,1.0,0.0,0.120,0.2000
2026-02-21,YOUTUBE,113,19,40,0.225,0.35,0.425,-0.117,0.2500
2025-11-12,REDDIT,107,,2,0.5,0.0,0.5,0.005,0.1429
2025-11-29,REDDIT,101,,6,0.5,0.167,0.333,0.165,0.1250
2026-01-07,YOUTUBE,104,2,40,0.35,0.25,0.4,0.033,0.2500
2026-01-08,YOUTUBE,113,19,40,0.3,0.275,0.425,-0.043,0.2500
2026-01-18,YOUTUBE,106,10,40,0.25,0.325,0.425,-0.087,0.1667
2026-02-10,REDDIT,107,,4,0.25,0.0,0.75,-0.475,0.1111
2026-02-13,REDDIT,110,,4,0.25,0.25,0.5,-0.143,0.1111
2026-02-13,REDDIT,113,19,4,0.25,0.5,0.25,0.015,0.1111
2026-02-21,REDDIT,110,,4,0.0,0.75,0.25,-0.138,0.1429
2026-02-22,REDDIT,113,19,4,0.0,1.0,0.0,0.018,0.1429
2026-01-02,REDDIT,103,,4,0.5,0.5,0.0,0.388,0.1250
2026-01-08,REDDIT,107,,4,0.5,0.5,0.0,0.383,0.1250
2026-01-15,REDDIT,105,1,4,0.5,0.25,0.25,0.238,0.1000
2025-12-16,REDDIT,109,8,6,0.667,0.167,0.167,0.412,0.1250
2025-12-20,REDDIT,108,,6,0.167,0.5,0.333,-0.133,0.1250
2025-12-28,REDDIT,102,,6,0.333,0.5,0.167,0.130,0.1250
2025-12-28,REDDIT,108,,6,0.167,0.667,0.167,-0.020,0.1250
2026-04-02,REDDIT,107,,6,0.333,0.167,0.5,0.007,0.3333
2026-03-29,REDDIT,112,,6,0.5,0.333,0.167,0.277,0.2000
2025-12-07,REDDIT,105,1,6,0.0,0.667,0.333,-0.215,0.1111
2025-12-07,REDDIT,104,2,6,0.333,0.333,0.333,0.080,0.1111
2025-12-11,REDDIT,113,19,6,0.333,0.5,0.167,0.138,0.1111
2026-01-25,REDDIT,103,,4,0.25,0.25,0.5,-0.238,0.1000
2026-02-26,YOUTUBE,114,30,40,0.325,0.225,0.45,-0.037,0.2500
2026-04-12,YOUTUBE,106,10,40,0.25,0.375,0.375,-0.072,1.0000
2026-01-21,YOUTUBE,105,1,40,0.125,0.475,0.4,-0.168,0.1667
2026-03-15,REDDIT,106,10,6,0.667,0.167,0.167,0.393,0.2000
2025-11-02,REDDIT,104,2,2,0.5,0.5,0.0,0.455,0.1667
2025-11-07,REDDIT,108,,6,0.5,0.333,0.167,0.247,0.1667
2025-11-09,REDDIT,104,2,2,0.0,0.0,1.0,-0.750,0.1667
2025-11-19,REDDIT,104,2,2,1.0,0.0,0.0,0.750,0.1250
2025-11-25,REDDIT,101,,2,0.5,0.5,0.0,0.515,0.1250
2026-02-17,REDDIT,108,,4,0.25,0.25,0.5,-0.098,0.1429
2026-02-19,REDDIT,107,,4,0.5,0.25,0.25,0.198,0.1429
2026-02-20,REDDIT,113,19,4,0.25,0.0,0.75,-0.293,0.1429
2026-01-01,REDDIT,103,,4,0.5,0.25,0.25,0.153,0.1250
2026-01-03,REDDIT,108,,4,0.0,0.75,0.25,-0.200,0.1429
2026-01-11,REDDIT,103,,4,0.0,0.75,0.25,-0.173,0.1111
2025-11-15,YOUTUBE,109,8,18,0.222,0.167,0.611,-0.279,0.3333
2025-12-29,REDDIT,102,,4,0.25,0.0,0.75,-0.275,0.1250
2025-12-28,REDDIT,104,2,6,0.167,0.5,0.333,-0.028,0.1250
2025-12-12,YOUTUBE,105,1,40,0.35,0.3,0.35,0.061,0.2500
2026-04-04,REDDIT,112,,6,0.5,0.5,0.0,0.325,0.3333
2025-12-07,REDDIT,113,19,6,0.333,0.667,0.0,0.235,0.1111
2025-12-08,REDDIT,104,2,6,0.333,0.333,0.333,0.068,0.1111
2025-12-10,REDDIT,101,,6,0.333,0.667,0.0,0.320,0.1111
2025-12-13,REDDIT,103,,6,0.333,0.5,0.167,0.142,0.1111
2026-01-21,REDDIT,114,30,4,0.25,0.25,0.5,-0.033,0.1000
2026-01-25,REDDIT,114,30,4,0.5,0.25,0.25,0.185,0.1000
2026-01-28,REDDIT,110,,4,0.25,0.5,0.25,0.023,0.1000
2026-02-02,REDDIT,113,19,4,0.5,0.5,0.0,0.343,0.1111
2026-01-26,REDDIT,104,2,4,0.25,0.25,0.5,-0.040,0.1000
2026-01-29,REDDIT,104,2,4,0.25,0.25,0.5,-0.038,0.1000
2026-04-01,YOUTUBE,106,10,40,0.275,0.275,0.45,-0.109,1.0000
2026-04-10,YOUTUBE,106,10,40,0.25,0.4,0.35,-0.042,1.0000
2026-01-23,YOUTUBE,106,10,40,0.225,0.375,0.4,-0.085,0.1667
2026-02-27,REDDIT,107,,4,0.5,0.0,0.5,0.015,0.1667
2026-03-04,REDDIT,110,,2,0.0,1.0,0.0,0.090,0.2000
2026-02-15,YOUTUBE,104,2,40,0.3,0.325,0.375,-0.028,0.2500
2025-11-07,REDDIT,109,8,6,0.333,0.333,0.333,0.032,0.1667
2025-11-14,REDDIT,103,,2,0.5,0.0,0.5,-0.025,0.1429
2025-11-25,REDDIT,108,,2,0.0,0.5,0.5,-0.350,0.1250
2025-12-01,REDDIT,104,2,6,0.333,0.333,0.333,0.010,0.1111
2025-12-01,REDDIT,105,1,6,0.167,0.167,0.667,-0.258,0.1111
2026-01-17,YOUTUBE,109,8,40,0.325,0.35,0.325,0.042,0.1667
2026-01-18,YOUTUBE,104,2,40,0.275,0.325,0.4,-0.041,0.1667
2026-02-06,REDDIT,110,,4,0.5,0.0,0.5,-0.095,0.1111
2026-02-16,REDDIT,104,2,4,0.0,0.75,0.25,-0.170,0.1250
2026-01-04,REDDIT,103,,4,0.75,0.0,0.25,0.483,0.1429
2026-01-07,REDDIT,107,,4,0.25,0.5,0.25,0.043,0.1250
2026-01-10,REDDIT,104,2,4,0.5,0.25,0.25,0.205,0.1111
2026-01-10,REDDIT,107,,4,0.5,0.25,0.25,0.278,0.1111
2026-01-08,REDDIT,108,,4,0.25,0.25,0.5,-0.150,0.1250
2026-01-17,REDDIT,110,,4,0.0,0.75,0.25,-0.135,0.1000
2026-02-03,YOUTUBE,113,19,40,0.325,0.45,0.225,0.088,0.2000
2025-11-13,YOUTUBE,105,1,18,0.278,0.389,0.333,-0.007,0.3333
2025-12-17,REDDIT,113,19,6,0.333,0.5,0.167,0.078,0.1250
2025-12-19,REDDIT,108,,6,0.5,0.167,0.333,0.143,0.1250
2025-12-14,YOUTUBE,104,2,40,0.15,0.6,0.25,-0.046,0.2500
2026-04-01,REDDIT,106,10,6,0.167,0.5,0.333,-0.122,0.3333
2026-04-11,REDDIT,106,10,6,0.0,0.5,0.5,-0.378,0.3333
2026-04-22,REDDIT,107,,6,0.333,0.5,0.167,0.125,0.3333
2026-04-30,REDDIT,106,10,6,0.167,0.5,0.333,-0.053,0.3333
2025-12-03,REDDIT,107,,6,0.333,0.167,0.5,-0.148,0.1111
2025-12-06,REDDIT,102,,6,0.333,0.333,0.333,0.095,0.1111
2025-12-14,REDDIT,108,,6,0.0,1.0,0.0,0.023,0.1111
2025-12-14,REDDIT,109,8,6,0.333,0.333,0.333,-0.018,0.1111
2026-01-26,REDDIT,110,,4,0.5,0.5,0.0,0.435,0.1000
2026-03-25,YOUTUBE,106,10,40,0.175,0.475,0.35,-0.105,1.0000
2026-02-28,REDDIT,106,10,4,0.0,0.25,0.75,-0.503,0.1667
2026-03-07,REDDIT,107,,2,0.0,0.5,0.5,-0.345,0.2000
2026-03-15,REDDIT,110,,6,0.167,0.333,0.5,-0.243,0.2000
2026-03-19,REDDIT,107,,6,0.5,0.5,0.0,0.393,0.2000
2026-02-12,YOUTUBE,104,2,40,0.275,0.4,0.325,-0.013,0.2000
2026-02-24,YOUTUBE,106,10,40,0.45,0.225,0.325,0.119,0.2500
2025-11-05,REDDIT,108,,2,0.0,0.5,0.5,-0.365,0.1667
2025-11-07,REDDIT,101,,6,0.167,0.5,0.333,-0.060,0.1667
2025-11-06,REDDIT,109,8,2,1.0,0.0,0.0,0.680,0.1667
2025-11-12,REDDIT,103,,2,1.0,0.0,0.0,0.570,0.1429
2025-11-28,REDDIT,101,,6,0.333,0.167,0.5,-0.077,0.1250
2026-01-10,YOUTUBE,114,30,40,0.325,0.375,0.3,0.049,0.2000
2026-01-12,YOUTUBE,114,30,40,0.3,0.425,0.275,0.044,0.2000
2026-02-08,REDDIT,104,2,4,0.5,0.5,0.0,0.343,0.1111
2026-02-10,REDDIT,104,2,4,0.5,0.25,0.25,0.108,0.1111
2026-02-13,REDDIT,107,,4,0.25,0.5,0.25,0.058,0.1111
2026-02-14,REDDIT,111,,4,0.0,0.75,0.25,-0.265,0.1111
2026-01-06,REDDIT,113,19,4,0.75,0.25,0.0,0.493,0.1250
2026-01-11,REDDIT,108,,4,0.5,0.25,0.25,0.290,0.1111
2026-01-30,YOUTUBE,106,10,40,0.3,0.35,0.35,0.011,0.1667
2026-02-09,YOUTUBE,109,8,40,0.4,0.25,0.35,0.054,0.2000
2025-12-27,REDDIT,108,,6,0.167,0.0,0.833,-0.410,0.1250
2026-04-03,REDDIT,107,,6,0.5,0.167,0.333,0.118,0.3333
2026-04-19,REDDIT,112,,6,0.167,0.667,0.167,0.057,0.3333
2026-04-28,REDDIT,112,,6,0.5,0.167,0.333,0.125,0.3333
2025-12-09,REDDIT,104,2,6,0.167,0.5,0.333,-0.163,0.1111
2025-12-11,REDDIT,104,2,6,0.667,0.167,0.167,0.448,0.1111
2025-12-11,REDDIT,105,1,6,0.333,0.167,0.5,-0.125,0.1111
2026-01-02,YOUTUBE,105,1,40,0.325,0.325,0.35,0.012,0.2500
2026-01-03,YOUTUBE,113,19,40,0.425,0.2,0.375,0.063,0.2500
2026-01-04,YOUTUBE,109,8,40,0.325,0.35,0.325,0.033,0.2500
2026-01-19,REDDIT,103,,4,0.0,0.75,0.25,-0.215,0.1000
2026-01-19,REDDIT,114,30,4,0.25,0.25,0.5,-0.170,0.1000
2026-02-03,REDDIT,111,,4,0.0,0.75,0.25,-0.163,0.1111
2026-02-24,REDDIT,106,10,4,0.75,0.0,0.25,0.428,0.1429
2026-02-26,REDDIT,104,2,4,0.25,0.0,0.75,-0.290,0.1429
2026-03-04,REDDIT,107,,2,0.0,0.0,1.0,-0.595,0.2000
2026-02-20,YOUTUBE,114,30,40,0.225,0.375,0.4,-0.086,0.2500
2025-11-01,REDDIT,104,2,2,0.5,0.5,0.0,0.525,0.1667
2026-02-04,REDDIT,109,8,4,0.25,0.5,0.25,0.080,0.1111
2026-02-12,REDDIT,113,19,4,0.25,0.0,0.75,-0.288,0.1111
2025-12-29,REDDIT,108,,4,0.5,0.25,0.25,0.238,0.1250
2026-01-09,REDDIT,107,,4,0.25,0.25,0.5,-0.068,0.1250
2026-01-12,REDDIT,109,8,4,0.25,0.5,0.25,0.135,0.1111
2026-01-13,REDDIT,107,,4,1.0,0.0,0.0,0.783,0.1111
2026-01-17,REDDIT,107,,4,0.5,0.0,0.5,0.018,0.1000
2025-12-12,YOUTUBE,113,19,40,0.375,0.425,0.2,0.163,0.2500
2025-12-10,REDDIT,107,,6,0.5,0.167,0.333,0.183,0.1111
2025-12-09,REDDIT,107,,6,0.167,0.667,0.167,-0.007,0.1111
2025-12-25,YOUTUBE,113,19,40,0.225,0.275,0.5,-0.147,0.2500
2026-01-21,REDDIT,113,19,4,0.25,0.5,0.25,0.068,0.1000
2026-01-24,REDDIT,109,8,4,0.5,0.5,0.0,0.410,0.1000
2026-01-25,REDDIT,107,,4,0.0,0.5,0.5,-0.268,0.1000
2026-02-01,REDDIT,109,8,4,0.5,0.25,0.25,0.238,0.1111
2026-03-22,YOUTUBE,106,10,40,0.35,0.325,0.325,0.093,1.0000
2026-01-25,YOUTUBE,109,8,40,0.35,0.325,0.325,0.068,0.1667
2026-01-26,YOUTUBE,109,8,40,0.325,0.325,0.35,0.005,0.1667
2026-03-03,REDDIT,106,10,2,1.0,0.0,0.0,0.725,0.2000
2026-02-17,YOUTUBE,113,19,40,0.4,0.275,0.325,0.060,0.2500
2026-02-20,YOUTUBE,106,10,40,0.225,0.3,0.475,-0.159,0.2500
2025-11-01,REDDIT,105,1,2,0.5,0.0,0.5,0.125,0.1667
2025-11-14,REDDIT,108,,2,0.5,0.0,0.5,-0.110,0.1429
2025-11-20,REDDIT,105,1,2,0.5,0.5,0.0,0.400,0.1250
2026-02-21,REDDIT,107,,4,0.25,0.5,0.25,-0.060,0.1429
2026-01-12,REDDIT,110,,4,0.25,0.25,0.5,-0.220,0.1111
2026-01-17,REDDIT,109,8,4,0.0,0.0,1.0,-0.630,0.1000
2026-02-10,YOUTUBE,104,2,40,0.4,0.275,0.325,0.096,0.2000
2025-11-30,YOUTUBE,105,1,40,0.425,0.375,0.2,0.166,0.3333
2025-12-25,YOUTUBE,109,8,40,0.275,0.325,0.4,-0.037,0.2500
2026-02-03,REDDIT,108,,4,0.75,0.0,0.25,0.400,0.1111
2026-01-22,YOUTUBE,113,19,40,0.325,0.35,0.325,0.053,0.1667
2026-01-28,YOUTUBE,105,1,40,0.3,0.3,0.4,-0.035,0.1667
2026-02-24,REDDIT,108,,4,0.0,0.75,0.25,-0.243,0.1429
2026-02-24,REDDIT,110,,4,0.0,0.5,0.5,-0.278,0.1429
2026-02-13,YOUTUBE,113,19,40,0.45,0.3,0.25,0.171,0.2000
2025-11-18,REDDIT,105,1,2,0.5,0.5,0.0,0.365,0.1250
2025-11-20,REDDIT,104,2,2,0.5,0.5,0.0,0.260,0.1250
2025-11-25,REDDIT,102,,2,0.0,0.5,0.5,-0.235,0.1250
2026-02-20,REDDIT,108,,4,0.25,0.25,0.5,-0.153,0.1429
2026-02-23,REDDIT,110,,4,0.25,0.25,0.5,-0.175,0.1429
2025-12-31,REDDIT,107,,4,0.5,0.25,0.25,0.175,0.1250
2026-01-02,REDDIT,109,8,4,0.0,0.75,0.25,-0.085,0.1250
2026-01-16,REDDIT,104,2,4,0.25,0.25,0.5,-0.168,0.1000
2026-01-16,REDDIT,110,,4,0.25,0.5,0.25,0.010,0.1000
2026-02-02,YOUTUBE,104,2,40,0.325,0.425,0.25,0.066,0.2000
2025-11-18,YOUTUBE,105,1,18,0.333,0.222,0.444,-0.027,0.3333
2025-11-25,YOUTUBE,109,8,18,0.389,0.389,0.222,0.147,0.3333
2025-12-22,REDDIT,107,,6,0.333,0.333,0.333,0.045,0.1250
2026-04-11,REDDIT,112,,6,0.5,0.167,0.333,0.087,0.3333
2025-12-05,REDDIT,105,1,6,0.167,0.5,0.333,-0.070,0.1111
2025-12-07,REDDIT,108,,6,0.333,0.5,0.167,0.118,0.1111
2025-12-23,YOUTUBE,104,2,40,0.225,0.375,0.4,-0.114,0.2500
2025-12-24,YOUTUBE,113,19,40,0.3,0.425,0.275,0.017,0.2500
2025-12-27,YOUTUBE,104,2,40,0.3,0.375,0.325,0.047,0.2500
2026-01-18,REDDIT,114,30,4,0.5,0.25,0.25,0.180,0.1000
2026-01-31,REDDIT,106,10,4,0.25,0.25,0.5,-0.175,0.1000
2026-03-01,YOUTUBE,106,10,40,0.375,0.275,0.35,0.061,1.0000
2026-01-23,YOUTUBE,105,1,40,0.325,0.375,0.3,0.051,0.1667
2026-01-24,YOUTUBE,114,30,40,0.325,0.325,0.35,-0.011,0.1667
2026-03-07,REDDIT,106,10,2,0.0,0.5,0.5,-0.195,0.2000
2026-03-14,REDDIT,108,,2,0.5,0.0,0.5,0.120,0.2000
2026-03-17,REDDIT,110,,6,0.333,0.167,0.5,-0.028,0.2000
2026-03-20,REDDIT,106,10,6,0.167,0.333,0.5,-0.158,0.2000
2026-03-23,REDDIT,110,,6,0.5,0.333,0.167,0.315,0.2000
2025-11-01,REDDIT,109,8,2,0.5,0.0,0.5,-0.080,0.1667
2025-11-08,REDDIT,108,,2,1.0,0.0,0.0,0.725,0.1667
2025-11-03,REDDIT,107,,2,0.0,1.0,0.0,0.035,0.1667
2025-11-13,REDDIT,105,1,2,0.0,0.5,0.5,-0.220,0.1429
2025-11-20,REDDIT,101,,2,0.0,0.5,0.5,-0.310,0.1250
2026-01-14,YOUTUBE,109,8,40,0.15,0.35,0.5,-0.219,0.2000
2026-02-08,REDDIT,113,19,4,0.5,0.25,0.25,0.280,0.1111
2026-01-01,REDDIT,102,,4,0.75,0.0,0.25,0.415,0.1250
2026-01-12,REDDIT,105,1,4,0.25,0.0,0.75,-0.215,0.1111
2026-02-04,YOUTUBE,106,10,40,0.325,0.4,0.275,0.068,0.2000
2026-02-05,YOUTUBE,113,19,40,0.25,0.35,0.4,-0.078,0.2000
2025-12-18,REDDIT,102,,6,0.5,0.333,0.167,0.238,0.1250
2025-12-28,REDDIT,105,1,6,0.0,0.5,0.5,-0.297,0.1250
2025-12-09,YOUTUBE,113,19,40,0.3,0.375,0.325,0.039,0.2500
2025-12-15,YOUTUBE,104,2,40,0.275,0.325,0.4,-0.036,0.2500
2026-02-24,REDDIT,104,2,4,0.5,0.5,0.0,0.358,0.1429
2025-12-06,REDDIT,105,1,6,0.667,0.333,0.0,0.470,0.1111
2025-12-10,REDDIT,105,1,6,0.667,0.333,0.0,0.500,0.1111
2025-12-12,REDDIT,107,,6,0.667,0.0,0.333,0.323,0.1111
2025-12-28,YOUTUBE,109,8,40,0.4,0.225,0.375,0.036,0.2500
2026-01-31,REDDIT,104,2,4,0.25,0.5,0.25,0.115,0.1000
2026-01-20,YOUTUBE,105,1,40,0.325,0.275,0.4,-0.010,0.1667
2026-01-26,YOUTUBE,105,1,40,0.225,0.325,0.45,-0.127,0.1667
2026-03-10,REDDIT,112,,2,0.0,1.0,0.0,0.120,0.2000
2025-11-05,REDDIT,109,8,2,0.0,0.0,1.0,-0.710,0.1667
2025-11-08,REDDIT,101,,2,0.5,0.0,0.5,0.205,0.1667
2025-11-08,REDDIT,104,2,2,0.0,1.0,0.0,-0.015,0.1667
2025-11-20,REDDIT,108,,2,0.5,0.5,0.0,0.450,0.1250
2026-01-15,YOUTUBE,105,1,40,0.35,0.3,0.35,0.039,0.1667
2026-02-09,REDDIT,109,8,4,0.0,0.25,0.75,-0.573,0.1111
2026-02-12,REDDIT,114,30,4,0.25,0.5,0.25,-0.008,0.1111
2026-02-16,REDDIT,114,30,4,0.25,0.5,0.25,-0.063,0.1250
2026-02-19,REDDIT,108,,4,0.0,0.25,0.75,-0.438,0.1429
2026-02-21,REDDIT,104,2,4,0.25,0.5,0.25,0.015,0.1429
2026-02-16,REDDIT,111,,4,0.5,0.25,0.25,0.155,0.1250
2025-12-31,REDDIT,105,1,4,0.25,0.5,0.25,-0.040,0.1250
2026-01-07,REDDIT,103,,4,0.0,0.25,0.75,-0.443,0.1250
2026-01-12,REDDIT,113,19,4,0.0,0.5,0.5,-0.288,0.1111
2025-12-27,REDDIT,104,2,6,0.167,0.333,0.5,-0.198,0.1250
2025-12-26,REDDIT,107,,6,0.167,0.5,0.333,-0.105,0.1250
2025-12-14,YOUTUBE,113,19,40,0.375,0.375,0.25,0.141,0.2500
2026-04-12,REDDIT,107,,6,0.0,0.667,0.333,-0.190,0.3333
2025-12-11,REDDIT,108,,6,0.5,0.167,0.333,0.152,0.1111
2026-01-23,REDDIT,110,,4,0.0,1.0,0.0,-0.035,0.1000
2026-01-27,REDDIT,108,,4,0.5,0.25,0.25,0.198,0.1000
2026-02-03,REDDIT,106,10,4,0.75,0.0,0.25,0.365,0.1111
2026-02-28,YOUTUBE,104,2,40,0.4,0.25,0.35,0.075,0.3333
2026-03-09,REDDIT,110,,2,0.5,0.5,0.0,0.465,0.2000
2026-03-11,REDDIT,108,,2,0.0,1.0,0.0,-0.015,0.2000
2026-03-14,REDDIT,107,,2,0.0,0.5,0.5,-0.245,0.2000
2026-03-19,REDDIT,112,,6,0.0,0.667,0.333,-0.265,0.2000
2026-03-23,REDDIT,107,,6,0.833,0.167,0.0,0.633,0.2000
2025-11-02,REDDIT,105,1,2,1.0,0.0,0.0,0.665,0.1667
2025-11-08,REDDIT,107,,2,0.0,0.0,1.0,-0.535,0.1667
2025-11-16,REDDIT,107,,2,0.5,0.5,0.0,0.465,0.1250
2025-11-28,REDDIT,103,,6,0.833,0.0,0.167,0.562,0.1250
2026-02-04,REDDIT,108,,4,0.25,0.0,0.75,-0.338,0.1111
2026-02-05,REDDIT,110,,4,0.5,0.5,0.0,0.350,0.1111
2026-02-10,REDDIT,113,19,4,0.0,1.0,0.0,0.033,0.1111
2026-02-07,REDDIT,106,10,4,0.25,0.25,0.5,-0.068,0.1111
2026-02-11,REDDIT,110,,4,0.0,0.5,0.5,-0.258,0.1111
2026-02-12,REDDIT,110,,4,0.0,0.75,0.25,-0.248,0.1111
2026-02-15,REDDIT,110,,4,0.25,0.25,0.5,-0.240,0.1250
2026-01-13,REDDIT,109,8,4,0.5,0.0,0.5,-0.008,0.1111
2025-12-14,YOUTUBE,105,1,40,0.275,0.225,0.5,-0.111,0.2500
2026-04-14,REDDIT,106,10,6,0.333,0.5,0.167,0.148,0.3333
2026-04-21,REDDIT,107,,6,0.333,0.167,0.5,-0.097,0.3333
2025-12-28,YOUTUBE,105,1,40,0.275,0.225,0.5,-0.125,0.2500
2026-01-02,YOUTUBE,104,2,40,0.25,0.375,0.375,-0.068,0.2500
2026-01-03,YOUTUBE,105,1,40,0.225,0.4,0.375,-0.101,0.2500
2026-01-21,REDDIT,103,,4,0.5,0.25,0.25,0.188,0.1000
2026-01-22,REDDIT,114,30,4,0.25,0.5,0.25,0.050,0.1000
2026-01-23,REDDIT,108,,4,0.75,0.0,0.25,0.338,0.1000
2026-01-25,REDDIT,105,1,4,0.25,0.5,0.25,-0.003,0.1000
2026-01-25,REDDIT,109,8,4,0.75,0.0,0.25,0.360,0.1000
2026-01-27,REDDIT,113,19,4,0.25,0.5,0.25,0.130,0.1000
2026-01-30,REDDIT,109,8,4,0.75,0.0,0.25,0.268,0.1000
2026-01-20,YOUTUBE,114,30,40,0.225,0.375,0.4,-0.090,0.1667
2026-02-26,REDDIT,106,10,4,0.25,0.75,0.0,0.183,0.1429
2026-02-28,REDDIT,113,19,4,0.5,0.25,0.25,0.168,0.1667
2026-03-02,REDDIT,110,,2,1.0,0.0,0.0,0.775,0.2000
2026-03-12,REDDIT,112,,2,0.0,0.5,0.5,-0.280,0.2000
2026-03-25,REDDIT,108,,6,0.5,0.333,0.167,0.273,0.2000
2026-02-21,YOUTUBE,114,30,40,0.325,0.375,0.3,0.082,0.2500
2025-11-05,REDDIT,107,,2,0.5,0.5,0.0,0.475,0.1667
2025-11-09,REDDIT,107,,2,0.5,0.0,0.5,-0.015,0.1667
2025-11-12,REDDIT,101,,2,0.0,0.5,0.5,-0.240,0.1429
2025-11-18,REDDIT,102,,2,0.5,0.0,0.5,0.145,0.1250
2025-11-14,REDDIT,105,1,2,0.5,0.5,0.0,0.450,0.1429
2025-11-20,REDDIT,102,,2,0.5,0.5,0.0,0.435,0.1250
2025-11-24,REDDIT,109,8,2,1.0,0.0,0.0,0.760,0.1250
2026-01-16,YOUTUBE,104,2,40,0.4,0.225,0.375,0.010,0.1667
2026-01-16,YOUTUBE,105,1,40,0.275,0.4,0.325,-0.001,0.1667
2026-01-17,YOUTUBE,105,1,40,0.35,0.3,0.35,0.043,0.1667
2026-02-19,REDDIT,106,10,4,0.0,0.5,0.5,-0.345,0.1429
2026-02-23,REDDIT,108,,4,0.0,0.5,0.5,-0.360,0.1429
2026-02-23,REDDIT,106,10,4,0.25,0.5,0.25,0.075,0.1429
2025-12-31,REDDIT,109,8,4,0.5,0.25,0.25,0.210,0.1250
2026-01-07,REDDIT,105,1,4,0.25,0.25,0.5,-0.260,0.1250
2026-02-03,YOUTUBE,109,8,40,0.25,0.525,0.225,0.056,0.2000
2026-02-09,YOUTUBE,106,10,40,0.175,0.475,0.35,-0.096,0.2000
2025-11-09,YOUTUBE,105,1,18,0.333,0.167,0.5,-0.086,0.3333
2025-11-16,YOUTUBE,109,8,18,0.278,0.111,0.611,-0.146,0.3333
2025-12-02,YOUTUBE,113,19,40,0.375,0.2,0.425,0.009,0.2500
2025-12-17,REDDIT,104,2,6,0.333,0.5,0.167,0.205,0.1250
2025-12-05,YOUTUBE,113,19,40,0.275,0.325,0.4,-0.057,0.2500
2026-04-02,REDDIT,112,,6,0.5,0.333,0.167,0.302,0.3333
2025-12-08,REDDIT,105,1,6,0.333,0.0,0.667,-0.177,0.1111
2025-12-12,REDDIT,104,2,6,0.5,0.5,0.0,0.422,0.1111
2025-12-13,REDDIT,108,,6,0.0,0.667,0.333,-0.247,0.1111
2025-12-14,REDDIT,107,,6,0.5,0.333,0.167,0.220,0.1111
2025-12-27,YOUTUBE,105,1,40,0.25,0.4,0.35,0.002,0.2500
2025-12-30,YOUTUBE,105,1,40,0.2,0.325,0.475,-0.132,0.2500
2026-01-01,YOUTUBE,113,19,40,0.325,0.225,0.45,-0.022,0.2500
2026-01-19,REDDIT,108,,4,0.75,0.25,0.0,0.493,0.1000
2026-02-24,REDDIT,113,19,4,0.25,0.5,0.25,-0.010,0.1429
2026-03-02,REDDIT,106,10,2,0.5,0.5,0.0,0.375,0.2000
2026-03-06,REDDIT,106,10,2,0.5,0.5,0.0,0.375,0.2000
2026-03-24,REDDIT,107,,6,0.167,0.167,0.667,-0.332,0.2000
2026-03-27,REDDIT,108,,6,0.167,0.5,0.333,-0.053,0.2000
2026-02-13,YOUTUBE,109,8,40,0.25,0.375,0.375,-0.033,0.2000
2025-11-01,REDDIT,107,,2,0.5,0.0,0.5,0.085,0.1667
2025-11-27,REDDIT,101,,2,0.5,0.5,0.0,0.305,0.1250
2025-11-26,REDDIT,109,8,2,0.5,0.5,0.0,0.325,0.1250
2025-12-01,REDDIT,103,,6,0.167,0.0,0.833,-0.375,0.1111
2026-02-14,REDDIT,107,,4,0.5,0.0,0.5,-0.008,0.1111
2026-02-17,REDDIT,113,19,4,0.5,0.0,0.5,0.083,0.1429
2026-01-05,REDDIT,105,1,4,0.5,0.5,0.0,0.403,0.1250
2026-01-14,REDDIT,103,,4,0.75,0.0,0.25,0.483,0.1111
2026-01-16,REDDIT,113,19,4,0.25,0.0,0.75,-0.330,0.1000
2026-01-17,REDDIT,104,2,4,0.5,0.5,0.0,0.385,0.1000
2026-01-31,YOUTUBE,106,10,40,0.3,0.4,0.3,0.025,0.1667
2026-01-31,YOUTUBE,109,8,40,0.425,0.325,0.25,0.170,0.1667
2025-11-01,YOUTUBE,109,8,18,0.111,0.222,0.667,-0.376,0.3333
2025-11-12,YOUTUBE,109,8,18,0.167,0.611,0.222,-0.021,0.3333
2025-12-20,REDDIT,109,8,6,0.167,0.5,0.333,-0.078,0.1250
2025-12-21,REDDIT,104,2,6,0.0,0.5,0.5,-0.328,0.1250
2025-12-15,YOUTUBE,105,1,40,0.375,0.325,0.3,0.092,0.2500
2026-04-20,REDDIT,112,,6,0.167,0.5,0.333,-0.073,0.3333
2026-04-27,REDDIT,112,,6,0.5,0.167,0.333,0.170,0.3333
2026-04-30,REDDIT,112,,6,0.167,0.5,0.333,-0.092,0.3333
2025-12-08,REDDIT,113,19,6,0.333,0.5,0.167,0.132,0.1111
2026-01-24,REDDIT,106,10,4,0.25,0.25,0.5,-0.250,0.1000
2026-02-02,REDDIT,104,2,4,0.75,0.25,0.0,0.545,0.1111
2026-02-02,REDDIT,107,,4,0.25,0.25,0.5,-0.268,0.1111
2026-04-29,YOUTUBE,106,10,40,0.175,0.325,0.5,-0.222,1.0000
2026-01-20,YOUTUBE,106,10,40,0.225,0.375,0.4,-0.073,0.1667
2026-03-02,REDDIT,112,,2,0.0,0.5,0.5,-0.365,0.2000
2026-03-15,REDDIT,107,,6,0.5,0.0,0.5,0.070,0.2000
2026-03-18,REDDIT,110,,6,0.167,0.333,0.5,-0.187,0.2000
2026-03-20,REDDIT,108,,6,0.5,0.333,0.167,0.353,0.2000
2025-11-30,REDDIT,109,8,6,0.167,0.333,0.5,-0.222,0.1250
2026-01-08,YOUTUBE,105,1,40,0.3,0.35,0.35,0.024,0.2500
2026-01-18,YOUTUBE,113,19,40,0.225,0.375,0.4,-0.099,0.1667
2026-02-10,REDDIT,109,8,4,0.5,0.25,0.25,0.088,0.1111
2026-02-04,REDDIT,107,,4,0.0,0.25,0.75,-0.455,0.1111
2026-02-22,REDDIT,114,30,4,0.75,0.25,0.0,0.535,0.1429
2025-12-30,REDDIT,103,,4,0.5,0.0,0.5,-0.008,0.1250
2026-01-13,REDDIT,110,,4,0.25,0.5,0.25,0.068,0.1111
2026-01-15,REDDIT,109,8,4,0.25,0.5,0.25,0.005,0.1000
2026-01-30,YOUTUBE,104,2,40,0.25,0.3,0.45,-0.090,0.1667
2025-11-14,YOUTUBE,105,1,18,0.333,0.5,0.167,0.150,0.3333
2026-04-07,REDDIT,112,,6,0.167,0.667,0.167,0.015,0.3333
2026-04-14,REDDIT,107,,6,0.167,0.5,0.333,-0.115,0.3333
2025-12-31,YOUTUBE,109,8,40,0.275,0.325,0.4,-0.057,0.2500
2026-01-05,YOUTUBE,104,2,40,0.35,0.2,0.45,-0.041,0.2500
2026-01-23,REDDIT,106,10,4,0.0,0.0,1.0,-0.650,0.1000
2026-02-01,REDDIT,104,2,4,0.25,0.5,0.25,-0.045,0.1111
2026-01-25,YOUTUBE,104,2,40,0.3,0.275,0.425,-0.075,0.1667
2026-03-09,REDDIT,106,10,2,0.0,1.0,0.0,-0.080,0.2000
2026-03-11,REDDIT,112,,2,1.0,0.0,0.0,0.585,0.2000
2026-03-05,REDDIT,107,,2,0.0,0.5,0.5,-0.255,0.2000
2026-03-09,REDDIT,108,,2,0.0,0.5,0.5,-0.330,0.2000
2025-12-02,REDDIT,102,,6,0.5,0.167,0.333,0.133,0.1111
2026-02-09,REDDIT,107,,4,0.5,0.0,0.5,0.148,0.1111
2026-02-14,REDDIT,110,,4,0.25,0.25,0.5,-0.130,0.1111
2026-01-02,REDDIT,104,2,4,0.25,0.75,0.0,0.208,0.1250
2026-01-15,REDDIT,114,30,4,0.75,0.25,0.0,0.495,0.1000
2026-02-10,YOUTUBE,113,19,40,0.35,0.375,0.275,0.066,0.2000
2025-12-18,REDDIT,105,1,6,0.333,0.5,0.167,0.192,0.1250
2025-12-10,YOUTUBE,105,1,40,0.45,0.25,0.3,0.114,0.2500
2025-12-12,YOUTUBE,109,8,40,0.375,0.35,0.275,0.086,0.2500
2025-12-16,YOUTUBE,113,19,40,0.35,0.275,0.375,0.016,0.2500
2025-12-19,YOUTUBE,104,2,40,0.275,0.275,0.45,-0.093,0.2500
2026-04-22,REDDIT,112,,6,0.333,0.167,0.5,-0.058,0.3333
2025-12-03,REDDIT,105,1,6,0.5,0.5,0.0,0.323,0.1111
2025-12-04,REDDIT,105,1,6,0.333,0.333,0.333,0.150,0.1111
2025-12-21,YOUTUBE,105,1,40,0.225,0.45,0.325,-0.040,0.2500
2026-01-18,REDDIT,105,1,4,0.0,0.75,0.25,-0.150,0.1000
2026-01-18,REDDIT,108,,4,0.25,0.25,0.5,-0.218,0.1000
2026-02-01,REDDIT,111,,4,0.25,0.25,0.5,-0.170,0.1111
2026-02-28,YOUTUBE,106,10,40,0.275,0.325,0.4,-0.081,0.3333
2026-03-19,YOUTUBE,106,10,40,0.3,0.475,0.225,0.083,1.0000
2026-01-19,YOUTUBE,109,8,40,0.375,0.35,0.275,0.093,0.1667
2026-02-25,REDDIT,108,,4,0.5,0.25,0.25,0.173,0.1429
2026-03-03,REDDIT,110,,2,0.5,0.5,0.0,0.490,0.2000
2026-03-09,REDDIT,107,,2,0.5,0.0,0.5,0.050,0.2000
2026-03-13,REDDIT,110,,2,0.0,0.5,0.5,-0.250,0.2000
2026-03-14,REDDIT,112,,2,0.5,0.5,0.0,0.485,0.2000
2026-03-21,REDDIT,106,10,6,0.833,0.167,0.0,0.625,0.2000
2025-11-12,REDDIT,105,1,2,1.0,0.0,0.0,0.895,0.1429
2025-11-17,REDDIT,107,,2,0.5,0.0,0.5,0.105,0.1250
2025-11-17,REDDIT,101,,2,1.0,0.0,0.0,0.855,0.1250
2025-11-19,REDDIT,101,,2,0.5,0.5,0.0,0.235,0.1250
2025-11-21,REDDIT,104,2,2,0.5,0.5,0.0,0.415,0.1250
2025-11-25,REDDIT,103,,2,0.5,0.0,0.5,0.055,0.1250
2025-11-27,REDDIT,102,,2,0.5,0.5,0.0,0.455,0.1250
2025-11-29,REDDIT,107,,6,0.333,0.333,0.333,0.090,0.1250
2026-02-07,REDDIT,113,19,4,0.75,0.0,0.25,0.355,0.1111
2026-02-13,REDDIT,109,8,4,0.5,0.25,0.25,0.288,0.1111
2026-02-15,REDDIT,111,,4,0.5,0.5,0.0,0.295,0.1250
2026-01-01,REDDIT,108,,4,1.0,0.0,0.0,0.683,0.1250
2026-01-15,REDDIT,113,19,4,0.25,0.5,0.25,0.065,0.1000
2026-01-16,REDDIT,105,1,4,0.0,0.25,0.75,-0.495,0.1000
2026-01-29,YOUTUBE,114,30,40,0.375,0.325,0.3,0.102,0.1667
2026-02-03,YOUTUBE,104,2,40,0.45,0.325,0.225,0.195,0.2000
2025-11-02,YOUTUBE,104,2,18,0.444,0.167,0.389,0.088,0.3333
2025-11-24,YOUTUBE,105,1,18,0.222,0.389,0.389,-0.124,0.3333
2025-12-22,REDDIT,102,,6,0.167,0.333,0.5,-0.213,0.1250
2025-12-09,YOUTUBE,105,1,40,0.3,0.325,0.375,-0.016,0.2500
2025-12-19,YOUTUBE,109,8,40,0.275,0.325,0.4,-0.075,0.2500
2026-03-30,REDDIT,106,10,6,0.167,0.167,0.667,-0.297,0.2000
2026-04-16,REDDIT,106,10,6,1.0,0.0,0.0,0.783,0.3333
2025-12-05,REDDIT,104,2,6,0.167,0.5,0.333,-0.033,0.1111
2025-12-12,REDDIT,101,,6,0.667,0.333,0.0,0.437,0.1111
2025-12-22,YOUTUBE,104,2,40,0.325,0.375,0.3,0.053,0.2500
2025-12-24,YOUTUBE,109,8,40,0.35,0.35,0.3,0.075,0.2500
2026-01-30,REDDIT,107,,4,0.5,0.5,0.0,0.303,0.1000
2026-03-16,YOUTUBE,106,10,40,0.3,0.3,0.4,-0.025,1.0000
2026-03-31,YOUTUBE,106,10,40,0.2,0.425,0.375,-0.075,1.0000
2026-04-21,YOUTUBE,106,10,40,0.275,0.35,0.375,-0.043,1.0000
2026-02-17,YOUTUBE,114,30,40,0.3,0.35,0.35,-0.021,0.2500
2025-11-04,REDDIT,105,1,2,0.0,1.0,0.0,0.030,0.1667
2025-11-17,REDDIT,109,8,2,0.5,0.0,0.5,0.015,0.1250
2025-11-18,REDDIT,101,,2,0.0,0.5,0.5,-0.330,0.1250
2025-12-01,REDDIT,113,19,6,0.667,0.167,0.167,0.278,0.1111
2025-11-30,REDDIT,101,,6,0.5,0.333,0.167,0.267,0.1250
2026-01-10,YOUTUBE,104,2,40,0.25,0.325,0.425,-0.090,0.2000
2026-01-12,YOUTUBE,105,1,40,0.175,0.475,0.35,-0.097,0.2000
2026-01-15,YOUTUBE,114,30,40,0.3,0.35,0.35,-0.004,0.1667
2026-02-12,REDDIT,111,,4,0.0,0.5,0.5,-0.265,0.1111
2025-12-29,REDDIT,109,8,4,0.0,0.25,0.75,-0.543,0.1250
2026-01-08,REDDIT,103,,4,0.5,0.0,0.5,0.125,0.1250
2026-01-15,REDDIT,103,,4,0.25,0.5,0.25,0.043,0.1000
2026-01-31,YOUTUBE,104,2,40,0.475,0.25,0.275,0.205,0.1667
2025-12-17,REDDIT,102,,6,0.333,0.5,0.167,0.200,0.1250
2025-12-18,REDDIT,109,8,6,0.333,0.167,0.5,-0.102,0.1250
2025-12-17,REDDIT,109,8,6,0.167,0.5,0.333,-0.067,0.1250
2025-12-10,YOUTUBE,113,19,40,0.35,0.3,0.35,0.033,0.2500
2026-03-29,REDDIT,107,,6,0.667,0.167,0.167,0.330,0.2000
2026-03-31,REDDIT,107,,6,0.167,0.667,0.167,0.088,0.2000
2026-04-09,REDDIT,107,,6,0.333,0.167,0.5,-0.047,0.3333
2026-04-27,REDDIT,107,,6,0.167,0.333,0.5,-0.182,0.3333
2025-12-03,REDDIT,101,,6,0.333,0.0,0.667,-0.163,0.1111
2025-12-21,YOUTUBE,104,2,40,0.35,0.35,0.3,0.095,0.2500
2025-12-14,REDDIT,102,,6,0.333,0.5,0.167,0.100,0.1111
2026-01-20,REDDIT,103,,4,0.25,0.25,0.5,-0.080,0.1000
2026-02-02,REDDIT,106,10,4,0.25,0.5,0.25,0.023,0.1111
2026-01-23,YOUTUBE,104,2,40,0.2,0.425,0.375,-0.109,0.1667
2026-01-28,YOUTUBE,106,10,40,0.175,0.45,0.375,-0.113,0.1667
2026-02-12,YOUTUBE,113,19,40,0.35,0.35,0.3,0.070,0.2000
2026-02-14,YOUTUBE,104,2,40,0.3,0.4,0.3,-0.006,0.2000
2025-11-11,REDDIT,109,8,2,0.5,0.5,0.0,0.255,0.1429
2025-11-17,REDDIT,103,,2,1.0,0.0,0.0,0.835,0.1250
2025-11-22,REDDIT,104,2,2,0.5,0.0,0.5,0.095,0.1250
2025-11-23,REDDIT,104,2,2,0.0,0.0,1.0,-0.615,0.1250
2025-11-30,REDDIT,104,2,6,0.167,0.667,0.167,0.035,0.1250
2025-11-28,REDDIT,102,,6,0.167,0.5,0.333,-0.085,0.1250
2026-01-06,REDDIT,103,,4,0.25,0.5,0.25,0.090,0.1250
2026-01-11,REDDIT,113,19,4,0.5,0.0,0.5,0.010,0.1111
2026-01-15,REDDIT,104,2,4,0.0,0.5,0.5,-0.308,0.1000
2026-02-04,YOUTUBE,114,30,40,0.25,0.4,0.35,-0.017,0.2000
2025-12-16,REDDIT,107,,6,0.5,0.333,0.167,0.222,0.1250
2025-12-20,REDDIT,104,2,6,0.0,0.333,0.667,-0.463,0.1250
2025-12-22,REDDIT,103,,6,0.333,0.333,0.333,0.088,0.1250
2025-12-23,REDDIT,105,1,6,0.167,0.5,0.333,-0.133,0.1250
2025-12-24,REDDIT,109,8,6,0.5,0.333,0.167,0.232,0.1250
2025-12-19,YOUTUBE,105,1,40,0.425,0.225,0.35,0.109,0.2500
2026-03-29,REDDIT,110,,6,0.333,0.5,0.167,0.125,0.2000
2026-04-27,REDDIT,106,10,6,0.5,0.167,0.333,0.130,0.3333
2025-12-28,YOUTUBE,113,19,40,0.225,0.35,0.425,-0.114,0.2500
2025-12-31,YOUTUBE,113,19,40,0.4,0.25,0.35,0.049,0.2500
2026-01-28,REDDIT,106,10,4,0.5,0.25,0.25,0.208,0.1000
2026-03-05,YOUTUBE,106,10,18,0.056,0.5,0.444,-0.232,1.0000
2026-03-06,YOUTUBE,106,10,18,0.389,0.389,0.222,0.162,1.0000
2026-02-27,REDDIT,104,2,4,0.0,0.75,0.25,-0.138,0.1667
2026-03-01,REDDIT,112,,4,0.5,0.5,0.0,0.355,0.2000
2026-03-27,REDDIT,110,,6,0.333,0.0,0.667,-0.153,0.2000
2026-03-16,REDDIT,110,,6,0.167,0.5,0.333,-0.097,0.2000
2025-11-14,REDDIT,104,2,2,0.5,0.5,0.0,0.400,0.1429
2025-11-01,REDDIT,108,,2,0.0,0.5,0.5,-0.290,0.1667
2025-11-10,REDDIT,109,8,2,0.5,0.0,0.5,0.200,0.1429
2025-11-24,REDDIT,102,,2,0.5,0.5,0.0,0.380,0.1250
2026-01-14,YOUTUBE,114,30,40,0.35,0.425,0.225,0.105,0.2000
2026-02-05,REDDIT,106,10,4,0.0,0.25,0.75,-0.528,0.1111
2026-02-06,REDDIT,108,,4,0.25,0.25,0.5,-0.088,0.1111
2026-02-18,REDDIT,114,30,4,0.25,0.75,0.0,0.225,0.1429
2025-11-28,YOUTUBE,109,8,40,0.375,0.275,0.35,0.064,0.3333
2025-12-03,YOUTUBE,105,1,40,0.3,0.325,0.375,-0.008,0.2500
2025-12-06,YOUTUBE,113,19,40,0.15,0.375,0.475,-0.220,0.2500
2026-04-05,REDDIT,112,,6,0.167,0.333,0.5,-0.180,0.3333
2026-04-18,REDDIT,107,,6,0.5,0.5,0.0,0.388,0.3333
2026-04-21,REDDIT,112,,6,0.0,0.333,0.667,-0.432,0.3333
2026-04-24,REDDIT,106,10,6,0.167,0.167,0.667,-0.337,0.3333
2025-12-05,REDDIT,102,,6,0.5,0.0,0.5,0.138,0.1111
2025-12-06,REDDIT,103,,6,0.5,0.333,0.167,0.257,0.1111
2025-12-06,REDDIT,113,19,6,0.333,0.5,0.167,0.180,0.1111
2025-12-22,YOUTUBE,105,1,40,0.45,0.25,0.3,0.136,0.2500
2026-01-27,REDDIT,105,1,4,0.0,0.25,0.75,-0.508,0.1000
2026-01-28,REDDIT,103,,4,0.25,0.25,0.5,-0.050,0.1000
2026-01-28,REDDIT,107,,4,0.25,0.25,0.5,-0.195,0.1000
2026-02-26,YOUTUBE,113,19,40,0.25,0.35,0.4,-0.065,0.2500
2026-02-28,YOUTUBE,113,19,40,0.35,0.4,0.25,0.072,0.3333
2026-04-08,YOUTUBE,106,10,40,0.25,0.325,0.425,-0.119,1.0000
2026-01-24,YOUTUBE,113,19,40,0.45,0.25,0.3,0.127,0.1667
2026-01-27,YOUTUBE,113,19,40,0.175,0.35,0.475,-0.196,0.1667
2026-02-27,REDDIT,110,,4,0.25,0.25,0.5,-0.165,0.1667
2026-03-05,REDDIT,112,,2,0.0,0.5,0.5,-0.300,0.2000
2026-03-17,REDDIT,108,,6,0.333,0.333,0.333,0.030,0.2000
2026-03-18,REDDIT,106,10,6,0.333,0.333,0.333,0.000,0.2000
2026-02-18,YOUTUBE,104,2,40,0.225,0.425,0.35,-0.059,0.2500
2026-02-19,YOUTUBE,104,2,40,0.325,0.35,0.325,-0.012,0.2500
2025-11-14,REDDIT,109,8,2,1.0,0.0,0.0,0.810,0.1429
2025-11-18,REDDIT,108,,2,0.5,0.5,0.0,0.325,0.1250
2025-11-24,REDDIT,107,,2,1.0,0.0,0.0,0.800,0.1250
2025-11-26,REDDIT,101,,2,1.0,0.0,0.0,0.910,0.1250
2026-02-07,REDDIT,114,30,4,0.0,1.0,0.0,-0.093,0.1111
2026-02-11,REDDIT,104,2,4,0.75,0.25,0.0,0.638,0.1111
2026-02-14,REDDIT,113,19,4,0.25,0.75,0.0,0.100,0.1111
2026-02-18,REDDIT,104,2,4,0.5,0.5,0.0,0.423,0.1429
2026-02-20,REDDIT,104,2,4,0.5,0.25,0.25,0.290,0.1429
2026-02-15,REDDIT,113,19,4,0.25,0.75,0.0,0.078,0.1250
2026-01-03,REDDIT,113,19,4,0.75,0.25,0.0,0.528,0.1429
2026-01-08,REDDIT,113,19,4,0.25,0.5,0.25,-0.010,0.1250
2026-01-14,REDDIT,113,19,4,0.25,0.5,0.25,-0.030,0.1111
2025-11-02,YOUTUBE,109,8,18,0.389,0.222,0.389,0.048,0.3333
2025-11-08,YOUTUBE,104,2,18,0.333,0.444,0.222,0.059,0.3333
2025-11-27,YOUTUBE,105,1,18,0.222,0.222,0.556,-0.238,0.3333
2025-11-30,YOUTUBE,109,8,40,0.3,0.425,0.275,0.047,0.3333
2025-11-22,YOUTUBE,104,2,18,0.389,0.222,0.389,0.006,0.3333
2025-11-23,YOUTUBE,105,1,18,0.333,0.444,0.222,0.047,0.3333
2026-04-01,REDDIT,107,,6,0.667,0.333,0.0,0.528,0.3333
2026-04-12,REDDIT,106,10,6,0.833,0.0,0.167,0.463,0.3333
2026-04-10,REDDIT,112,,6,0.833,0.167,0.0,0.665,0.3333
2025-12-07,REDDIT,101,,6,0.333,0.167,0.5,-0.077,0.1111
2025-12-31,YOUTUBE,104,2,40,0.35,0.225,0.425,-0.019,0.2500
2026-01-21,REDDIT,109,8,4,0.25,0.25,0.5,-0.118,0.1000
2026-01-27,REDDIT,109,8,4,0.0,1.0,0.0,0.020,0.1000
2026-03-13,YOUTUBE,106,10,18,0.278,0.5,0.222,0.046,1.0000
2026-01-20,YOUTUBE,109,8,40,0.275,0.425,0.3,0.020,0.1667
2026-01-21,YOUTUBE,106,10,40,0.275,0.35,0.375,-0.032,0.1667
2026-03-11,REDDIT,106,10,2,0.5,0.5,0.0,0.395,0.2000
2025-11-03,REDDIT,104,2,2,0.0,1.0,0.0,0.055,0.1667
2025-11-20,REDDIT,103,,2,0.5,0.5,0.0,0.255,0.1250
2026-01-12,YOUTUBE,109,8,40,0.2,0.45,0.35,-0.095,0.2000
2025-11-03,YOUTUBE,104,2,18,0.278,0.333,0.389,-0.022,0.3333
2025-11-10,YOUTUBE,109,8,18,0.333,0.222,0.444,-0.039,0.3333
2025-12-18,REDDIT,107,,6,0.333,0.5,0.167,0.170,0.1250
2025-12-21,REDDIT,103,,6,0.0,0.167,0.833,-0.542,0.1250
2025-12-20,YOUTUBE,105,1,40,0.3,0.275,0.425,-0.057,0.2500
2026-04-10,REDDIT,107,,6,0.5,0.333,0.167,0.220,0.3333
2026-04-15,REDDIT,107,,6,0.333,0.5,0.167,0.082,0.3333
2026-01-23,REDDIT,113,19,4,0.25,0.5,0.25,-0.078,0.1000
2026-02-01,REDDIT,106,10,4,0.25,0.25,0.5,-0.175,0.1111
2026-01-28,REDDIT,114,30,4,0.75,0.25,0.0,0.605,0.1000
2026-03-10,YOUTUBE,106,10,18,0.611,0.111,0.278,0.227,1.0000
2026-04-09,YOUTUBE,106,10,40,0.425,0.25,0.325,0.093,1.0000
2026-01-24,YOUTUBE,104,2,40,0.25,0.525,0.225,0.040,0.1667
2026-01-26,YOUTUBE,113,19,40,0.3,0.325,0.375,-0.024,0.1667
2026-02-25,REDDIT,114,30,4,0.25,0.5,0.25,0.025,0.1429
2026-03-26,REDDIT,108,,6,0.333,0.333,0.333,-0.013,0.2000
2026-02-22,YOUTUBE,114,30,40,0.35,0.375,0.275,0.076,0.2500
2025-11-06,REDDIT,105,1,2,0.5,0.0,0.5,-0.055,0.1667
2025-12-01,REDDIT,101,,6,0.667,0.333,0.0,0.517,0.1111
2026-02-08,REDDIT,107,,4,0.5,0.5,0.0,0.440,0.1111
2026-02-05,REDDIT,107,,4,0.25,0.0,0.75,-0.268,0.1111
2026-02-07,REDDIT,110,,4,0.5,0.25,0.25,0.263,0.1111
2026-02-08,REDDIT,109,8,4,0.5,0.25,0.25,0.180,0.1111
2026-02-19,REDDIT,113,19,4,0.25,0.5,0.25,0.090,0.1429
2026-02-23,REDDIT,113,19,4,0.5,0.25,0.25,0.345,0.1429
2025-12-30,REDDIT,109,8,4,1.0,0.0,0.0,0.813,0.1250
2026-01-02,REDDIT,102,,4,0.25,0.25,0.5,-0.273,0.1250
2026-01-02,REDDIT,113,19,4,0.25,0.5,0.25,0.028,0.1250
2026-01-04,REDDIT,104,2,4,0.25,0.25,0.5,-0.183,0.1429
2026-01-14,REDDIT,109,8,4,0.5,0.25,0.25,0.263,0.1111
2026-01-16,REDDIT,107,,4,0.25,0.5,0.25,0.030,0.1000
2026-02-10,YOUTUBE,109,8,40,0.325,0.4,0.275,0.041,0.2000
2025-11-06,YOUTUBE,109,8,18,0.5,0.333,0.167,0.338,0.3333
2025-11-09,YOUTUBE,104,2,18,0.222,0.389,0.389,-0.073,0.3333
2025-12-20,REDDIT,102,,6,0.333,0.333,0.333,0.107,0.1250
2025-12-23,REDDIT,107,,6,0.333,0.5,0.167,0.145,0.1250
2025-12-25,REDDIT,108,,6,0.167,0.333,0.5,-0.193,0.1250
2025-12-26,REDDIT,103,,6,0.5,0.167,0.333,0.190,0.1250
2026-04-07,REDDIT,107,,6,0.167,0.5,0.333,-0.103,0.3333
2026-04-05,REDDIT,107,,6,0.167,0.667,0.167,-0.008,0.3333
2026-04-09,REDDIT,106,10,6,0.333,0.333,0.333,0.092,0.3333
2026-04-22,REDDIT,106,10,6,0.667,0.0,0.333,0.357,0.3333
2026-01-23,REDDIT,109,8,4,0.5,0.25,0.25,0.220,0.1000
2026-02-03,REDDIT,109,8,4,0.5,0.25,0.25,0.200,0.1111
2026-03-07,YOUTUBE,106,10,18,0.333,0.222,0.444,-0.045,1.0000
2026-03-18,YOUTUBE,106,10,40,0.325,0.475,0.2,0.137,1.0000
2026-04-02,YOUTUBE,106,10,40,0.325,0.3,0.375,0.000,1.0000
2026-03-01,REDDIT,110,,4,0.0,0.75,0.25,-0.205,0.2000
2026-02-17,YOUTUBE,106,10,40,0.3,0.3,0.4,-0.040,0.2500
2026-02-22,YOUTUBE,106,10,40,0.325,0.45,0.225,0.124,0.2500
2026-02-23,YOUTUBE,114,30,40,0.275,0.35,0.375,-0.023,0.2500
2025-11-02,REDDIT,101,,2,0.0,1.0,0.0,-0.035,0.1667
2025-11-08,REDDIT,105,1,2,1.0,0.0,0.0,0.730,0.1667
2025-11-16,REDDIT,105,1,2,0.5,0.5,0.0,0.430,0.1250
2025-12-01,REDDIT,107,,6,0.333,0.5,0.167,0.187,0.1111
2025-11-22,REDDIT,101,,2,0.5,0.5,0.0,0.400,0.1250
2026-01-17,YOUTUBE,104,2,40,0.325,0.225,0.45,-0.053,0.1667
2026-02-10,REDDIT,114,30,4,0.25,0.75,0.0,0.103,0.1111
2026-01-15,REDDIT,107,,4,0.25,0.25,0.5,-0.075,0.1000
2026-01-09,REDDIT,108,,4,0.25,0.5,0.25,0.053,0.1250
2026-02-05,YOUTUBE,104,2,40,0.325,0.35,0.325,0.043,0.2000
2025-11-21,YOUTUBE,104,2,18,0.333,0.444,0.222,0.101,0.3333
2025-12-17,REDDIT,107,,6,0.167,0.5,0.333,-0.088,0.1250
2026-03-31,REDDIT,108,,6,0.5,0.333,0.167,0.275,0.2000
2025-12-03,REDDIT,113,19,6,0.167,0.5,0.333,-0.077,0.1111
2025-12-13,REDDIT,104,2,6,0.333,0.167,0.5,-0.077,0.1111
2026-01-19,REDDIT,106,10,4,0.75,0.25,0.0,0.620,0.1000
2026-03-09,YOUTUBE,106,10,18,0.278,0.333,0.389,-0.063,1.0000
2026-04-24,YOUTUBE,106,10,40,0.25,0.3,0.45,-0.101,1.0000
2026-01-26,YOUTUBE,114,30,40,0.3,0.4,0.3,0.061,0.1667
2026-01-28,YOUTUBE,104,2,40,0.3,0.35,0.35,0.001,0.1667
2026-02-11,YOUTUBE,114,30,40,0.25,0.3,0.45,-0.092,0.2000
2026-02-13,YOUTUBE,106,10,40,0.25,0.45,0.3,-0.014,0.2000
2025-11-07,REDDIT,107,,6,0.333,0.5,0.167,0.182,0.1667
2025-11-18,REDDIT,104,2,2,0.5,0.0,0.5,0.050,0.1250
2025-11-21,REDDIT,103,,2,0.5,0.0,0.5,-0.085,0.1250
2025-11-24,REDDIT,108,,2,1.0,0.0,0.0,0.655,0.1250
2025-11-30,REDDIT,102,,6,0.0,0.833,0.167,-0.170,0.1250
2026-01-11,YOUTUBE,113,19,40,0.275,0.3,0.425,-0.064,0.2000
2026-02-09,REDDIT,111,,4,0.0,0.25,0.75,-0.473,0.1111
2026-02-12,REDDIT,109,8,4,0.25,0.5,0.25,0.093,0.1111
2026-01-01,REDDIT,113,19,4,0.5,0.5,0.0,0.360,0.1250
2026-01-06,REDDIT,110,,4,0.25,0.0,0.75,-0.203,0.1250
2026-01-08,REDDIT,105,1,4,0.25,0.25,0.5,-0.230,0.1250
2026-01-10,REDDIT,103,,4,0.5,0.25,0.25,0.245,0.1111
2026-01-17,REDDIT,105,1,4,0.75,0.0,0.25,0.325,0.1000
2026-01-30,YOUTUBE,105,1,40,0.175,0.425,0.4,-0.140,0.1667
2026-02-05,YOUTUBE,106,10,40,0.3,0.4,0.3,0.042,0.2000
2025-11-06,YOUTUBE,105,1,18,0.167,0.556,0.278,-0.054,0.3333
2025-11-10,YOUTUBE,105,1,18,0.389,0.167,0.444,0.009,0.3333
2025-11-17,YOUTUBE,109,8,18,0.389,0.333,0.278,0.123,0.3333
2025-12-16,REDDIT,105,1,6,0.333,0.5,0.167,0.162,0.1250
2025-12-23,REDDIT,113,19,6,0.333,0.333,0.333,0.102,0.1250
2026-04-05,REDDIT,106,10,6,0.333,0.167,0.5,-0.113,0.3333
2026-04-06,REDDIT,107,,6,0.333,0.333,0.333,-0.042,0.3333
2026-04-06,REDDIT,112,,6,0.167,0.333,0.5,-0.095,0.3333
2026-03-31,REDDIT,106,10,6,0.333,0.5,0.167,0.082,0.2000
2026-01-24,REDDIT,103,,4,0.5,0.25,0.25,0.170,0.1000
2026-01-26,REDDIT,105,1,4,0.75,0.0,0.25,0.483,0.1000
2026-01-31,REDDIT,105,1,4,0.25,0.25,0.5,-0.188,0.1000
2026-03-04,YOUTUBE,106,10,18,0.278,0.333,0.389,-0.023,1.0000
2026-04-25,YOUTUBE,106,10,40,0.375,0.275,0.35,0.046,1.0000
2026-01-19,YOUTUBE,105,1,40,0.425,0.2,0.375,0.111,0.1667
2026-03-04,REDDIT,106,10,2,0.0,1.0,0.0,0.060,0.2000
2025-11-12,REDDIT,108,,2,0.0,0.0,1.0,-0.595,0.1429
2026-02-10,REDDIT,106,10,4,0.0,0.5,0.5,-0.368,0.1111
2026-02-10,REDDIT,110,,4,0.25,0.75,0.0,0.165,0.1111
2026-02-14,REDDIT,109,8,4,0.25,0.25,0.5,-0.060,0.1111
2026-02-16,REDDIT,108,,4,0.0,0.25,0.75,-0.445,0.1250
2026-01-07,REDDIT,109,8,4,0.0,0.75,0.25,-0.190,0.1250
2026-01-30,YOUTUBE,114,30,40,0.35,0.35,0.3,0.056,0.1667
2025-11-01,YOUTUBE,104,2,18,0.278,0.444,0.278,0.030,0.3333
2025-12-18,REDDIT,103,,6,0.167,0.667,0.167,0.043,0.1250
2025-12-18,REDDIT,104,2,6,0.333,0.167,0.5,-0.148,0.1250
2025-12-23,REDDIT,108,,6,0.5,0.0,0.5,0.102,0.1250
2025-12-23,REDDIT,109,8,6,0.5,0.167,0.333,0.163,0.1250
2025-12-14,YOUTUBE,109,8,40,0.275,0.4,0.325,-0.021,0.2500
2025-12-15,YOUTUBE,113,19,40,0.225,0.375,0.4,-0.087,0.2500
2026-04-03,REDDIT,106,10,6,0.5,0.0,0.5,0.085,0.3333
2026-01-18,YOUTUBE,114,30,40,0.225,0.425,0.35,-0.051,0.1667
2026-01-29,YOUTUBE,109,8,40,0.55,0.225,0.225,0.239,0.1667
2025-12-14,REDDIT,104,2,6,0.5,0.333,0.167,0.212,0.1111
2025-12-27,YOUTUBE,113,19,40,0.2,0.45,0.35,-0.073,0.2500
2026-01-04,YOUTUBE,105,1,40,0.25,0.35,0.4,-0.078,0.2500
2026-01-23,REDDIT,114,30,4,0.25,0.5,0.25,-0.018,0.1000
2026-01-24,REDDIT,110,,4,0.25,0.75,0.0,0.123,0.1000
2026-01-30,REDDIT,113,19,4,0.5,0.25,0.25,0.175,0.1000
2026-01-31,REDDIT,109,8,4,0.25,0.75,0.0,0.170,0.1000
2026-02-02,REDDIT,111,,4,0.5,0.25,0.25,0.238,0.1111
2026-03-29,YOUTUBE,106,10,40,0.275,0.4,0.325,0.024,1.0000
2026-02-26,REDDIT,108,,4,0.75,0.25,0.0,0.540,0.1429
2026-03-17,REDDIT,106,10,6,0.333,0.167,0.5,-0.045,0.2000
2026-03-17,REDDIT,112,,6,0.167,0.333,0.5,-0.215,0.2000
2026-03-25,REDDIT,112,,6,0.5,0.5,0.0,0.360,0.2000
2026-02-23,YOUTUBE,113,19,40,0.325,0.475,0.2,0.129,0.2500
2025-11-03,REDDIT,108,,2,0.0,0.5,0.5,-0.230,0.1667
2025-11-10,REDDIT,108,,2,0.5,0.5,0.0,0.315,0.1429
2026-01-09,REDDIT,113,19,4,0.5,0.5,0.0,0.370,0.1250
2026-02-02,YOUTUBE,109,8,40,0.4,0.3,0.3,0.095,0.2000
2026-02-05,YOUTUBE,109,8,40,0.325,0.325,0.35,0.027,0.2000
2025-11-23,YOUTUBE,104,2,18,0.333,0.389,0.278,0.034,0.3333
2025-12-21,REDDIT,108,,6,0.5,0.333,0.167,0.293,0.1250
2025-12-23,REDDIT,103,,6,0.333,0.333,0.333,-0.005,0.1250
2025-12-24,REDDIT,102,,6,0.333,0.333,0.333,0.093,0.1250
2025-12-18,YOUTUBE,105,1,40,0.25,0.375,0.375,-0.056,0.2500
2026-03-29,REDDIT,106,10,6,0.5,0.167,0.333,0.123,0.2000
2026-04-24,REDDIT,107,,6,0.333,0.333,0.333,0.025,0.3333
2025-12-13,REDDIT,109,8,6,0.5,0.333,0.167,0.288,0.1111
2025-12-12,REDDIT,102,,6,0.167,0.667,0.167,0.085,0.1111
2025-12-26,YOUTUBE,109,8,40,0.35,0.375,0.275,0.085,0.2500
2026-01-18,REDDIT,103,,4,0.0,0.5,0.5,-0.240,0.1000
2026-01-18,REDDIT,104,2,4,0.5,0.0,0.5,0.075,0.1000
2026-01-21,REDDIT,110,,4,0.25,0.75,0.0,0.160,0.1000
2026-01-25,REDDIT,106,10,4,0.5,0.5,0.0,0.358,0.1000
2026-01-27,REDDIT,107,,4,0.75,0.0,0.25,0.440,0.1000
2026-01-29,REDDIT,108,,4,0.75,0.25,0.0,0.653,0.1000
2026-01-19,YOUTUBE,106,10,40,0.425,0.3,0.275,0.131,0.1667
2026-02-27,REDDIT,106,10,4,0.5,0.25,0.25,0.108,0.1667
2026-03-02,REDDIT,107,,2,0.5,0.5,0.0,0.325,0.2000
2026-02-25,YOUTUBE,113,19,40,0.25,0.425,0.325,-0.036,0.2500
2025-11-10,REDDIT,104,2,2,0.0,0.5,0.5,-0.330,0.1429
2025-11-04,REDDIT,109,8,2,0.0,0.5,0.5,-0.350,0.1667
2025-12-02,REDDIT,104,2,6,0.333,0.333,0.333,0.055,0.1111
2025-11-24,REDDIT,101,,2,0.5,0.0,0.5,-0.060,0.1250
2025-11-28,REDDIT,105,1,6,0.5,0.167,0.333,0.247,0.1250
2026-01-17,YOUTUBE,106,10,40,0.3,0.45,0.25,0.071,0.1667
2026-02-04,REDDIT,111,,4,0.5,0.5,0.0,0.425,0.1111
2026-02-07,REDDIT,108,,4,0.5,0.25,0.25,0.263,0.1111
2026-02-16,REDDIT,113,19,4,0.25,0.5,0.25,-0.063,0.1250
2026-01-09,REDDIT,109,8,4,0.5,0.5,0.0,0.318,0.1250
2026-01-13,REDDIT,105,1,4,0.25,0.25,0.5,-0.153,0.1111
2026-01-31,YOUTUBE,114,30,40,0.4,0.25,0.35,0.088,0.1667
2025-11-25,YOUTUBE,105,1,18,0.333,0.333,0.333,0.058,0.3333
2025-12-02,YOUTUBE,104,2,40,0.35,0.325,0.325,0.062,0.2500
2025-12-07,REDDIT,103,,6,0.333,0.167,0.5,-0.072,0.1111
2025-12-11,REDDIT,101,,6,0.5,0.333,0.167,0.267,0.1111
2025-12-22,YOUTUBE,113,19,40,0.275,0.45,0.275,0.041,0.2500
2026-01-03,YOUTUBE,104,2,40,0.325,0.375,0.3,0.031,0.2500
2026-01-05,YOUTUBE,113,19,40,0.3,0.525,0.175,0.102,0.2500
2026-01-22,REDDIT,106,10,4,0.25,0.25,0.5,-0.175,0.1000
2026-01-28,REDDIT,104,2,4,0.0,0.5,0.5,-0.315,0.1000
2026-04-19,YOUTUBE,106,10,40,0.275,0.25,0.475,-0.105,1.0000
2026-01-26,YOUTUBE,106,10,40,0.35,0.3,0.35,0.036,0.1667
2026-03-13,REDDIT,112,,2,0.0,1.0,0.0,-0.070,0.2000
2026-03-26,REDDIT,106,10,6,0.333,0.667,0.0,0.230,0.2000
2025-11-12,REDDIT,104,2,2,1.0,0.0,0.0,0.660,0.1429
2025-11-13,REDDIT,108,,2,0.5,0.0,0.5,-0.030,0.1429
2025-11-16,REDDIT,108,,2,0.5,0.5,0.0,0.450,0.1250
2025-11-15,REDDIT,101,,2,0.0,0.5,0.5,-0.260,0.1250
2025-11-24,REDDIT,103,,2,0.5,0.0,0.5,0.145,0.1250
2025-11-26,REDDIT,105,1,2,1.0,0.0,0.0,0.615,0.1250
2026-02-05,REDDIT,111,,4,0.25,0.25,0.5,-0.143,0.1111
2026-02-18,REDDIT,108,,4,0.25,0.25,0.5,-0.038,0.1429
2026-01-10,REDDIT,113,19,4,0.25,0.5,0.25,0.008,0.1111
2026-01-14,REDDIT,110,,4,0.0,0.75,0.25,-0.195,0.1111
2026-01-14,REDDIT,114,30,4,0.25,0.5,0.25,-0.015,0.1111
2025-11-15,YOUTUBE,104,2,18,0.222,0.389,0.389,-0.069,0.3333
2025-11-19,YOUTUBE,104,2,18,0.333,0.333,0.333,0.042,0.3333
2025-11-25,YOUTUBE,104,2,18,0.444,0.167,0.389,0.067,0.3333
2025-11-27,YOUTUBE,109,8,18,0.278,0.333,0.389,-0.051,0.3333
2025-11-28,YOUTUBE,104,2,40,0.325,0.225,0.45,-0.028,0.3333
2025-12-03,YOUTUBE,109,8,40,0.275,0.375,0.35,-0.042,0.2500
2025-12-07,YOUTUBE,105,1,40,0.325,0.325,0.35,-0.019,0.2500
2026-01-18,REDDIT,107,,4,0.75,0.25,0.0,0.405,0.1000
2026-01-24,REDDIT,107,,4,0.5,0.0,0.5,0.133,0.1000
2026-02-01,REDDIT,114,30,4,0.25,0.5,0.25,-0.015,0.1111
2025-11-26,REDDIT,103,,2,0.0,1.0,0.0,-0.080,0.1250
2025-11-27,REDDIT,105,1,2,0.0,0.0,1.0,-0.600,0.1250
2026-01-10,YOUTUBE,105,1,40,0.225,0.4,0.375,-0.087,0.2000
2026-01-13,YOUTUBE,109,8,40,0.3,0.25,0.45,-0.068,0.2000
2026-01-17,YOUTUBE,114,30,40,0.3,0.375,0.325,-0.015,0.1667
2026-02-17,REDDIT,110,,4,0.25,0.5,0.25,0.018,0.1429
2026-01-01,REDDIT,109,8,4,0.5,0.5,0.0,0.443,0.1250
2025-11-18,YOUTUBE,109,8,18,0.333,0.444,0.222,0.085,0.3333
2025-11-26,YOUTUBE,109,8,18,0.167,0.444,0.389,-0.118,0.3333
2025-11-29,YOUTUBE,104,2,40,0.25,0.25,0.5,-0.133,0.3333
2025-12-19,REDDIT,103,,6,0.167,0.5,0.333,-0.157,0.1250
2026-03-28,REDDIT,112,,6,0.667,0.167,0.167,0.373,0.2000
2026-04-19,REDDIT,107,,6,0.667,0.333,0.0,0.522,0.3333
2025-12-13,REDDIT,101,,6,0.5,0.167,0.333,0.193,0.1111
2026-01-18,REDDIT,113,19,4,0.5,0.5,0.0,0.363,0.1000
2026-01-21,REDDIT,104,2,4,0.5,0.25,0.25,0.198,0.1000
2026-01-20,REDDIT,114,30,4,0.75,0.25,0.0,0.488,0.1000
2026-01-22,REDDIT,105,1,4,0.25,0.5,0.25,0.020,0.1000
2026-01-28,REDDIT,105,1,4,0.0,0.75,0.25,-0.160,0.1000
2026-01-29,REDDIT,113,19,4,0.25,0.25,0.5,-0.193,0.1000
2026-01-31,REDDIT,103,,4,0.25,0.5,0.25,-0.085,0.1000
2026-02-02,REDDIT,114,30,4,0.25,0.5,0.25,-0.058,0.1111
2026-03-20,YOUTUBE,106,10,40,0.25,0.275,0.475,-0.121,1.0000
2026-01-28,YOUTUBE,114,30,40,0.325,0.45,0.225,0.065,0.1667
2026-02-25,REDDIT,104,2,4,0.0,0.75,0.25,-0.140,0.1429
2026-03-04,REDDIT,108,,2,0.0,1.0,0.0,0.115,0.2000
2026-03-22,REDDIT,112,,6,0.333,0.167,0.5,-0.047,0.2000
2025-11-22,REDDIT,107,,2,0.0,1.0,0.0,-0.035,0.1250
2025-11-23,REDDIT,107,,2,0.5,0.0,0.5,0.015,0.1250
2025-11-25,REDDIT,105,1,2,0.5,0.5,0.0,0.215,0.1250
2025-11-27,REDDIT,104,2,2,0.5,0.5,0.0,0.405,0.1250
2026-01-08,YOUTUBE,104,2,40,0.425,0.325,0.25,0.166,0.2500
2026-01-09,YOUTUBE,109,8,40,0.4,0.225,0.375,0.037,0.2500
2026-01-16,YOUTUBE,106,10,40,0.35,0.25,0.4,-0.004,0.1667
2026-02-14,REDDIT,104,2,4,0.5,0.0,0.5,0.065,0.1111
2026-01-11,REDDIT,104,2,4,0.5,0.5,0.0,0.458,0.1111
2026-01-17,REDDIT,106,10,4,0.0,0.5,0.5,-0.250,0.1000
2026-02-07,YOUTUBE,104,2,40,0.325,0.375,0.3,0.063,0.2000
2026-02-09,YOUTUBE,104,2,40,0.2,0.525,0.275,-0.034,0.2000
2025-12-01,YOUTUBE,109,8,40,0.35,0.375,0.275,0.102,0.2500
2025-12-26,REDDIT,104,2,6,0.333,0.333,0.333,0.043,0.1250
2025-12-11,YOUTUBE,104,2,40,0.325,0.4,0.275,0.049,0.2500
2026-04-04,REDDIT,107,,6,0.0,0.5,0.5,-0.325,0.3333
2026-04-20,REDDIT,107,,6,0.333,0.5,0.167,0.118,0.3333
2026-04-26,REDDIT,107,,6,0.167,0.333,0.5,-0.227,0.3333
2026-04-18,REDDIT,112,,6,0.167,0.5,0.333,-0.107,0.3333
2025-12-09,REDDIT,108,,6,0.667,0.333,0.0,0.492,0.1111
2025-12-12,REDDIT,109,8,6,0.0,1.0,0.0,-0.007,0.1111
2026-01-19,REDDIT,107,,4,0.25,0.5,0.25,0.110,0.1000
2026-01-20,REDDIT,113,19,4,0.5,0.0,0.5,-0.068,0.1000
2026-04-03,YOUTUBE,106,10,40,0.4,0.2,0.4,0.026,1.0000
2026-01-19,YOUTUBE,113,19,40,0.3,0.3,0.4,-0.070,0.1667
2026-01-19,YOUTUBE,114,30,40,0.275,0.325,0.4,-0.101,0.1667
2026-03-16,REDDIT,112,,6,0.5,0.167,0.333,0.128,0.2000
2026-03-26,REDDIT,107,,6,0.333,0.167,0.5,-0.120,0.2000
2025-11-16,REDDIT,101,,2,0.5,0.5,0.0,0.455,0.1250
2025-11-11,REDDIT,105,1,2,1.0,0.0,0.0,0.935,0.1429
2025-11-23,REDDIT,105,1,2,0.0,0.0,1.0,-0.715,0.1250
2026-01-08,YOUTUBE,109,8,40,0.4,0.425,0.175,0.188,0.2500
2026-01-13,YOUTUBE,104,2,40,0.35,0.35,0.3,0.085,0.2000
2026-02-18,REDDIT,113,19,4,0.75,0.25,0.0,0.593,0.1429
2026-02-19,REDDIT,114,30,4,0.5,0.25,0.25,0.230,0.1429
2026-01-10,REDDIT,114,30,4,1.0,0.0,0.0,0.708,0.1111
2026-01-07,REDDIT,104,2,4,0.25,0.5,0.25,0.065,0.1250
2026-01-15,REDDIT,106,10,4,0.5,0.5,0.0,0.393,0.1000
2026-02-07,YOUTUBE,109,8,40,0.35,0.325,0.325,0.089,0.2000
2025-11-04,YOUTUBE,104,2,18,0.333,0.389,0.278,0.052,0.3333
2025-11-05,YOUTUBE,105,1,18,0.167,0.278,0.556,-0.242,0.3333
2025-11-05,YOUTUBE,109,8,18,0.278,0.389,0.333,0.011,0.3333
2025-11-13,YOUTUBE,104,2,18,0.5,0.333,0.167,0.253,0.3333
2025-12-03,YOUTUBE,113,19,40,0.325,0.3,0.375,-0.006,0.2500
2025-12-26,REDDIT,108,,6,0.333,0.5,0.167,0.133,0.1250
2025-12-05,YOUTUBE,105,1,40,0.375,0.4,0.225,0.146,0.2500
2025-12-07,YOUTUBE,104,2,40,0.3,0.275,0.425,-0.042,0.2500
2026-04-08,REDDIT,106,10,6,0.333,0.333,0.333,0.002,0.3333
2025-12-07,REDDIT,107,,6,0.333,0.167,0.5,-0.100,0.1111
2025-12-05,REDDIT,108,,6,0.167,0.5,0.333,-0.125,0.1111
2025-12-08,REDDIT,103,,6,0.5,0.5,0.0,0.373,0.1111
2025-12-26,YOUTUBE,104,2,40,0.275,0.4,0.325,-0.016,0.2500
2025-12-27,YOUTUBE,109,8,40,0.275,0.475,0.25,0.043,0.2500
2025-12-28,YOUTUBE,104,2,40,0.175,0.35,0.475,-0.177,0.2500
2026-03-11,YOUTUBE,106,10,18,0.167,0.389,0.444,-0.160,1.0000
2026-03-28,YOUTUBE,106,10,40,0.35,0.275,0.375,0.023,1.0000
2026-01-27,YOUTUBE,109,8,40,0.35,0.325,0.325,0.045,0.1667
2026-02-25,REDDIT,110,,4,0.25,0.25,0.5,-0.133,0.1429
2026-03-22,REDDIT,108,,6,0.5,0.167,0.333,0.248,0.2000
2026-02-22,YOUTUBE,113,19,40,0.25,0.35,0.4,-0.111,0.2500
2025-11-03,REDDIT,101,,2,0.0,1.0,0.0,0.020,0.1667
2025-11-17,REDDIT,102,,2,0.0,0.5,0.5,-0.340,0.1250
2025-11-09,REDDIT,101,,2,0.5,0.5,0.0,0.315,0.1667
2025-11-28,REDDIT,107,,6,0.5,0.333,0.167,0.262,0.1250
2025-12-02,REDDIT,105,1,6,0.5,0.333,0.167,0.280,0.1111
2026-01-06,YOUTUBE,109,8,40,0.3,0.35,0.35,-0.010,0.2500
2026-01-16,YOUTUBE,113,19,40,0.325,0.35,0.325,0.028,0.1667
2026-01-17,YOUTUBE,113,19,40,0.45,0.375,0.175,0.246,0.1667
2026-02-11,REDDIT,108,,4,0.25,0.0,0.75,-0.285,0.1111
2026-02-16,REDDIT,110,,4,0.5,0.25,0.25,0.218,0.1250
2026-02-22,REDDIT,104,2,4,0.25,0.25,0.5,-0.175,0.1429
2026-01-01,REDDIT,104,2,4,0.5,0.5,0.0,0.363,0.1250
2025-12-30,REDDIT,107,,4,0.0,0.75,0.25,-0.193,0.1250
2026-01-11,REDDIT,114,30,4,0.5,0.25,0.25,0.323,0.1111
2026-01-13,REDDIT,104,2,4,0.75,0.0,0.25,0.325,0.1111
2026-02-01,YOUTUBE,106,10,40,0.325,0.3,0.375,-0.038,0.2000
2026-02-02,YOUTUBE,106,10,40,0.45,0.3,0.25,0.177,0.2000
2026-02-08,YOUTUBE,106,10,40,0.25,0.35,0.4,-0.080,0.2000
2026-02-09,YOUTUBE,114,30,40,0.25,0.35,0.4,-0.035,0.2000
2025-11-29,YOUTUBE,109,8,40,0.175,0.5,0.325,-0.074,0.3333
2025-12-02,YOUTUBE,105,1,40,0.3,0.3,0.4,-0.049,0.2500
2025-12-20,REDDIT,113,19,6,0.167,0.833,0.0,0.185,0.1250
2025-12-24,REDDIT,103,,6,0.333,0.333,0.333,-0.008,0.1250
2025-12-19,YOUTUBE,113,19,40,0.4,0.225,0.375,0.076,0.2500
2026-04-19,REDDIT,106,10,6,0.333,0.5,0.167,0.220,0.3333
2025-12-12,REDDIT,105,1,6,0.167,0.333,0.5,-0.200,0.1111
2026-01-23,REDDIT,105,1,4,0.0,0.5,0.5,-0.408,0.1000
2026-01-25,REDDIT,113,19,4,0.75,0.25,0.0,0.578,0.1000
2026-01-27,REDDIT,106,10,4,0.25,0.5,0.25,-0.070,0.1000
2026-02-01,REDDIT,113,19,4,0.5,0.5,0.0,0.418,0.1111
2026-01-29,YOUTUBE,105,1,40,0.35,0.325,0.325,0.053,0.1667
2026-03-06,REDDIT,108,,2,0.5,0.5,0.0,0.380,0.2000
2026-03-07,REDDIT,110,,2,0.0,0.0,1.0,-0.620,0.2000
2026-03-14,REDDIT,110,,2,0.5,0.5,0.0,0.435,0.2000
2026-03-21,REDDIT,108,,6,0.167,0.5,0.333,-0.105,0.2000
2026-03-27,REDDIT,107,,6,0.167,0.167,0.667,-0.387,0.2000
2025-11-11,REDDIT,107,,2,0.5,0.0,0.5,-0.105,0.1429
2025-11-28,REDDIT,104,2,6,0.5,0.5,0.0,0.368,0.1250
2025-11-28,REDDIT,108,,6,0.5,0.5,0.0,0.360,0.1250
2025-11-29,REDDIT,109,8,6,0.333,0.333,0.333,0.052,0.1250
2026-02-09,REDDIT,108,,4,0.5,0.0,0.5,0.028,0.1111
2026-02-11,REDDIT,113,19,4,0.5,0.25,0.25,0.335,0.1111
2026-02-23,REDDIT,114,30,4,0.25,0.75,0.0,0.200,0.1429
2026-01-07,REDDIT,108,,4,0.25,0.5,0.25,-0.003,0.1250
2026-02-06,YOUTUBE,104,2,40,0.35,0.375,0.275,0.050,0.2000
2025-12-19,REDDIT,104,2,6,0.167,0.333,0.5,-0.202,0.1250
2025-12-18,YOUTUBE,109,8,40,0.325,0.3,0.375,0.020,0.2500
2026-03-30,REDDIT,107,,6,0.167,0.5,0.333,-0.047,0.2000
2025-12-11,REDDIT,107,,6,0.333,0.167,0.5,-0.090,0.1111
2026-01-18,REDDIT,109,8,4,0.75,0.25,0.0,0.525,0.1000
2026-01-21,REDDIT,107,,4,0.25,0.25,0.5,-0.143,0.1000
2026-01-24,REDDIT,105,1,4,0.5,0.25,0.25,0.143,0.1000
2026-01-24,REDDIT,108,,4,0.25,0.25,0.5,-0.088,0.1000
2026-01-26,REDDIT,108,,4,0.25,0.25,0.5,-0.085,0.1000
2026-01-21,YOUTUBE,114,30,40,0.35,0.25,0.4,0.016,0.1667
2026-01-22,YOUTUBE,105,1,40,0.25,0.45,0.3,-0.004,0.1667
2026-01-27,YOUTUBE,114,30,40,0.35,0.225,0.425,-0.033,0.1667
2026-01-28,YOUTUBE,109,8,40,0.2,0.35,0.45,-0.133,0.1667
2026-01-29,YOUTUBE,106,10,40,0.45,0.25,0.3,0.146,0.1667
2026-02-26,REDDIT,107,,4,0.5,0.0,0.5,0.000,0.1429
2026-03-19,REDDIT,110,,6,0.833,0.167,0.0,0.617,0.2000
2026-03-20,REDDIT,112,,6,0.167,0.333,0.5,-0.130,0.2000
2025-11-02,REDDIT,108,,2,0.0,0.5,0.5,-0.320,0.1667
2025-11-24,REDDIT,105,1,2,0.5,0.5,0.0,0.410,0.1250
2026-02-03,REDDIT,114,30,4,0.5,0.25,0.25,0.293,0.1111
2026-02-07,REDDIT,104,2,4,0.5,0.25,0.25,0.150,0.1111
2026-02-18,REDDIT,106,10,4,0.25,0.75,0.0,0.178,0.1429
2025-12-31,REDDIT,102,,4,0.0,0.75,0.25,-0.165,0.1250
2026-01-30,YOUTUBE,109,8,40,0.325,0.35,0.325,0.036,0.1667
2026-02-03,YOUTUBE,114,30,40,0.3,0.35,0.35,-0.023,0.2000
2026-02-04,YOUTUBE,104,2,40,0.3,0.325,0.375,-0.027,0.2000
2025-11-26,YOUTUBE,105,1,18,0.333,0.444,0.222,0.119,0.3333
2025-11-20,YOUTUBE,109,8,18,0.222,0.556,0.222,0.019,0.3333
2025-12-25,REDDIT,105,1,6,0.667,0.333,0.0,0.438,0.1250
2026-03-30,REDDIT,108,,6,0.667,0.167,0.167,0.452,0.2000
2026-04-08,REDDIT,112,,6,0.333,0.5,0.167,0.140,0.3333
2026-04-13,REDDIT,107,,6,0.5,0.5,0.0,0.305,0.3333
2025-12-06,REDDIT,101,,6,0.833,0.167,0.0,0.630,0.1111
2026-01-26,REDDIT,109,8,4,0.75,0.25,0.0,0.628,0.1000
2026-01-28,REDDIT,113,19,4,0.5,0.25,0.25,0.210,0.1000
2026-02-26,YOUTUBE,104,2,40,0.4,0.375,0.225,0.156,0.2500
2026-01-20,YOUTUBE,104,2,40,0.225,0.35,0.425,-0.105,0.1667
2026-01-22,YOUTUBE,109,8,40,0.375,0.35,0.275,0.094,0.1667
2026-02-25,REDDIT,107,,4,0.5,0.25,0.25,0.290,0.1429
2026-03-10,REDDIT,108,,2,0.5,0.5,0.0,0.305,0.2000
2026-03-12,REDDIT,110,,2,0.5,0.0,0.5,0.135,0.2000
2026-03-23,REDDIT,112,,6,0.333,0.333,0.333,0.020,0.2000
2025-11-09,REDDIT,108,,2,0.5,0.0,0.5,0.040,0.1667
2025-11-11,REDDIT,103,,2,0.0,0.5,0.5,-0.355,0.1429
2025-11-19,REDDIT,105,1,2,0.5,0.5,0.0,0.385,0.1250
2025-11-23,REDDIT,108,,2,1.0,0.0,0.0,0.945,0.1250
2025-11-28,REDDIT,109,8,6,0.5,0.5,0.0,0.473,0.1250
2025-11-29,REDDIT,103,,6,0.333,0.333,0.333,0.007,0.1250
2026-02-10,REDDIT,111,,4,0.0,0.5,0.5,-0.293,0.1111
2026-02-10,REDDIT,108,,4,0.5,0.25,0.25,0.258,0.1111
2026-02-13,REDDIT,106,10,4,0.25,0.5,0.25,0.065,0.1111
2025-12-29,REDDIT,107,,4,0.5,0.25,0.25,0.290,0.1250
2025-12-30,REDDIT,108,,4,0.25,0.25,0.5,-0.148,0.1250
2026-01-03,REDDIT,104,2,4,0.75,0.0,0.25,0.335,0.1429
2026-01-05,REDDIT,104,2,4,0.5,0.5,0.0,0.370,0.1250
2026-02-08,YOUTUBE,114,30,40,0.3,0.4,0.3,0.026,0.2000
2025-12-25,REDDIT,103,,6,0.333,0.167,0.5,-0.130,0.1250
2025-12-10,YOUTUBE,104,2,40,0.2,0.35,0.45,-0.146,0.2500
2026-04-15,REDDIT,112,,6,0.333,0.667,0.0,0.278,0.3333
2025-12-03,REDDIT,109,8,6,0.333,0.333,0.333,0.053,0.1111
2025-12-23,YOUTUBE,105,1,40,0.3,0.375,0.325,0.018,0.2500
2025-12-26,YOUTUBE,105,1,40,0.35,0.25,0.4,0.003,0.2500
2025-12-29,YOUTUBE,104,2,40,0.45,0.35,0.2,0.197,0.2500
2026-01-03,YOUTUBE,109,8,40,0.375,0.3,0.325,0.054,0.2500
2026-01-18,REDDIT,106,10,4,0.75,0.0,0.25,0.528,0.1000
2026-01-19,REDDIT,109,8,4,0.75,0.25,0.0,0.543,0.1000
2026-01-24,REDDIT,113,19,4,0.5,0.25,0.25,0.118,0.1000
2026-01-25,YOUTUBE,105,1,40,0.25,0.45,0.3,-0.034,0.1667
2026-02-24,REDDIT,114,30,4,0.5,0.5,0.0,0.370,0.1429
2026-02-15,YOUTUBE,113,19,40,0.325,0.3,0.375,-0.014,0.2500
2026-02-16,YOUTUBE,106,10,40,0.4,0.325,0.275,0.130,0.2500
2026-02-18,YOUTUBE,114,30,40,0.325,0.3,0.375,0.012,0.2500
2025-11-04,REDDIT,104,2,2,0.0,1.0,0.0,0.055,0.1667
2025-11-05,REDDIT,105,1,2,0.5,0.5,0.0,0.340,0.1667
2025-11-19,REDDIT,108,,2,0.5,0.5,0.0,0.420,0.1250
2025-11-21,REDDIT,101,,2,0.0,0.5,0.5,-0.365,0.1250
2026-01-09,YOUTUBE,104,2,40,0.325,0.3,0.375,0.008,0.2500
2026-02-19,REDDIT,104,2,4,0.5,0.0,0.5,0.113,0.1429
2026-01-06,REDDIT,104,2,4,0.75,0.25,0.0,0.480,0.1250
2026-02-07,YOUTUBE,106,10,40,0.3,0.375,0.325,0.021,0.2000
2025-11-06,YOUTUBE,104,2,18,0.389,0.389,0.222,0.151,0.3333
2025-11-12,YOUTUBE,104,2,18,0.444,0.444,0.111,0.252,0.3333
2025-12-25,REDDIT,104,2,6,0.5,0.167,0.333,0.115,0.1250
2025-12-27,REDDIT,113,19,6,0.333,0.333,0.333,0.048,0.1250
2025-12-27,REDDIT,105,1,6,0.167,0.5,0.333,-0.092,0.1250
2026-04-15,REDDIT,106,10,6,0.333,0.333,0.333,-0.032,0.3333
2026-04-18,REDDIT,106,10,6,0.167,0.5,0.333,-0.072,0.3333
2026-04-23,REDDIT,112,,6,0.333,0.5,0.167,0.078,0.3333
2026-04-29,REDDIT,112,,6,0.167,0.5,0.333,-0.058,0.3333
2025-12-05,REDDIT,101,,6,0.167,0.5,0.333,-0.127,0.1111
2026-01-24,REDDIT,114,30,4,0.25,0.5,0.25,-0.010,0.1000
2026-01-25,REDDIT,104,2,4,0.25,0.75,0.0,0.195,0.1000
2026-01-29,REDDIT,106,10,4,0.0,0.75,0.25,-0.200,0.1000
2026-02-02,REDDIT,110,,4,0.0,0.5,0.5,-0.225,0.1111
2026-03-21,YOUTUBE,106,10,40,0.4,0.4,0.2,0.169,1.0000
2026-04-27,YOUTUBE,106,10,40,0.45,0.15,0.4,0.069,1.0000
2026-04-28,YOUTUBE,106,10,40,0.425,0.25,0.325,0.080,1.0000
2026-03-22,REDDIT,106,10,6,0.167,0.333,0.5,-0.185,0.2000
2026-02-24,YOUTUBE,114,30,40,0.375,0.325,0.3,0.064,0.2500
2025-11-10,REDDIT,105,1,2,0.0,0.5,0.5,-0.210,0.1429
2025-11-13,REDDIT,101,,2,0.5,0.5,0.0,0.255,0.1429
2025-11-14,REDDIT,101,,2,0.5,0.5,0.0,0.425,0.1429
2025-11-18,REDDIT,103,,2,0.0,0.0,1.0,-0.655,0.1250
2025-11-20,REDDIT,107,,2,0.5,0.0,0.5,-0.050,0.1250
2026-02-04,REDDIT,113,19,4,1.0,0.0,0.0,0.708,0.1111
2026-02-08,REDDIT,114,30,4,0.25,0.5,0.25,-0.035,0.1111
2026-02-12,REDDIT,106,10,4,0.5,0.5,0.0,0.398,0.1111
2025-12-30,REDDIT,104,2,4,0.5,0.25,0.25,0.260,0.1250
2026-01-01,REDDIT,105,1,4,0.75,0.0,0.25,0.448,0.1250
2026-01-09,REDDIT,110,,4,0.0,0.25,0.75,-0.575,0.1250
2026-01-16,REDDIT,108,,4,0.5,0.0,0.5,0.003,0.1000
2025-11-08,YOUTUBE,105,1,18,0.167,0.556,0.278,-0.044,0.3333
2025-11-24,YOUTUBE,109,8,18,0.444,0.278,0.278,0.185,0.3333
2025-11-26,YOUTUBE,104,2,18,0.167,0.5,0.333,-0.116,0.3333
2025-11-30,YOUTUBE,104,2,40,0.325,0.25,0.425,-0.066,0.3333
2025-12-21,REDDIT,102,,6,0.167,0.333,0.5,-0.192,0.1250
2025-12-24,REDDIT,113,19,6,0.5,0.333,0.167,0.312,0.1250
2025-12-25,REDDIT,113,19,6,0.5,0.333,0.167,0.397,0.1250
2026-04-23,REDDIT,106,10,6,0.0,0.667,0.333,-0.247,0.3333
2026-04-28,REDDIT,106,10,6,0.333,0.5,0.167,0.162,0.3333
2026-04-29,REDDIT,107,,6,0.167,0.167,0.667,-0.343,0.3333
2025-12-09,REDDIT,102,,6,0.167,0.5,0.333,-0.130,0.1111
2026-01-02,YOUTUBE,113,19,40,0.325,0.325,0.35,0.029,0.2500
2026-01-22,REDDIT,103,,4,0.0,0.5,0.5,-0.303,0.1000
2026-01-27,REDDIT,110,,4,0.75,0.25,0.0,0.573,0.1000
2026-03-24,YOUTUBE,106,10,40,0.375,0.25,0.375,0.026,1.0000
2026-01-21,YOUTUBE,109,8,40,0.35,0.275,0.375,0.012,0.1667
2026-01-22,YOUTUBE,114,30,40,0.25,0.3,0.45,-0.087,0.1667
2026-03-06,REDDIT,112,,2,0.5,0.5,0.0,0.320,0.2000
2025-11-17,REDDIT,104,2,2,0.0,1.0,0.0,0.050,0.1250
2025-11-14,REDDIT,107,,2,0.5,0.5,0.0,0.315,0.1429
2025-12-01,REDDIT,102,,6,0.167,0.167,0.667,-0.262,0.1111
2026-02-07,REDDIT,111,,4,0.0,0.5,0.5,-0.265,0.1111
2026-01-03,REDDIT,107,,4,0.5,0.25,0.25,0.270,0.1429
2026-01-13,REDDIT,113,19,4,0.0,0.5,0.5,-0.253,0.1111
2025-11-29,YOUTUBE,105,1,40,0.2,0.35,0.45,-0.161,0.3333
2025-12-19,REDDIT,113,19,6,0.167,0.333,0.5,-0.263,0.1250
2025-12-26,REDDIT,109,8,6,0.333,0.333,0.333,0.103,0.1250
2025-12-05,YOUTUBE,109,8,40,0.225,0.325,0.45,-0.128,0.2500
2025-12-03,REDDIT,104,2,6,0.667,0.333,0.0,0.520,0.1111
2025-12-05,REDDIT,109,8,6,0.5,0.5,0.0,0.385,0.1111
2025-12-08,REDDIT,109,8,6,0.0,0.667,0.333,-0.210,0.1111
2025-12-09,REDDIT,101,,6,0.333,0.333,0.333,-0.058,0.1111
2025-12-13,REDDIT,102,,6,0.333,0.333,0.333,0.037,0.1111
2026-01-28,REDDIT,109,8,4,0.25,0.25,0.5,-0.230,0.1000
2026-02-03,REDDIT,104,2,4,0.5,0.0,0.5,0.100,0.1111
2026-03-18,REDDIT,107,,6,0.667,0.0,0.333,0.253,0.2000
2026-03-19,REDDIT,106,10,6,0.333,0.167,0.5,0.015,0.2000
2026-02-17,YOUTUBE,104,2,40,0.225,0.4,0.375,-0.098,0.2500
2025-11-20,REDDIT,109,8,2,1.0,0.0,0.0,0.685,0.1250
2025-11-27,REDDIT,107,,2,0.5,0.5,0.0,0.435,0.1250
2026-01-07,YOUTUBE,109,8,40,0.3,0.325,0.375,0.005,0.2500
2026-02-06,REDDIT,114,30,4,0.25,0.5,0.25,-0.028,0.1111
2026-01-11,REDDIT,109,8,4,1.0,0.0,0.0,0.743,0.1111
2026-01-16,REDDIT,114,30,4,0.25,0.0,0.75,-0.295,0.1000
2026-02-01,YOUTUBE,114,30,40,0.425,0.325,0.25,0.165,0.2000
2025-12-20,YOUTUBE,109,8,40,0.3,0.275,0.425,-0.052,0.2500
2026-04-07,REDDIT,106,10,6,0.667,0.167,0.167,0.413,0.3333
2026-04-20,REDDIT,106,10,6,0.333,0.333,0.333,0.068,0.3333
2025-12-10,REDDIT,104,2,6,0.0,0.667,0.333,-0.145,0.1111
2025-12-30,YOUTUBE,104,2,40,0.275,0.375,0.35,-0.037,0.2500
2026-01-20,REDDIT,107,,4,0.5,0.25,0.25,0.210,0.1000
2026-01-26,REDDIT,106,10,4,0.5,0.25,0.25,0.285,0.1000
2026-01-31,REDDIT,107,,4,0.0,0.75,0.25,-0.195,0.1000
2026-02-27,YOUTUBE,106,10,40,0.225,0.375,0.4,-0.079,0.3333
2026-01-27,YOUTUBE,106,10,40,0.225,0.425,0.35,-0.043,0.1667
2026-02-28,REDDIT,108,,4,0.0,0.25,0.75,-0.438,0.1667
2026-02-16,YOUTUBE,104,2,40,0.275,0.375,0.35,-0.017,0.2500
2026-02-23,YOUTUBE,104,2,40,0.3,0.325,0.375,-0.028,0.2500
2025-11-27,REDDIT,109,8,2,0.5,0.5,0.0,0.280,0.1250
2026-01-11,YOUTUBE,105,1,40,0.3,0.45,0.25,0.065,0.2000
2026-01-11,YOUTUBE,109,8,40,0.4,0.15,0.45,-0.029,0.2000
2026-02-05,REDDIT,104,2,4,0.5,0.25,0.25,0.293,0.1111
2026-02-08,REDDIT,106,10,4,0.5,0.25,0.25,0.190,0.1111
2025-11-22,YOUTUBE,105,1,18,0.111,0.444,0.444,-0.279,0.3333
2025-12-13,YOUTUBE,109,8,40,0.2,0.35,0.45,-0.135,0.2500
2025-12-13,YOUTUBE,113,19,40,0.225,0.5,0.275,-0.021,0.2500
2026-04-02,REDDIT,106,10,6,0.5,0.167,0.333,0.203,0.3333
2025-12-04,REDDIT,109,8,6,0.333,0.667,0.0,0.210,0.1111
2025-12-08,REDDIT,102,,6,0.5,0.167,0.333,0.097,0.1111
2025-12-08,REDDIT,108,,6,0.167,0.5,0.333,-0.165,0.1111
2026-01-22,REDDIT,108,,4,0.0,0.0,1.0,-0.698,0.1000
2026-01-22,REDDIT,109,8,4,0.25,0.5,0.25,-0.015,0.1000
2026-01-27,REDDIT,114,30,4,0.5,0.25,0.25,0.295,0.1000
2026-01-30,REDDIT,106,10,4,0.0,0.75,0.25,-0.158,0.1000
2026-01-31,REDDIT,110,,4,0.5,0.0,0.5,-0.013,0.1000
2026-01-29,REDDIT,110,,4,0.25,0.5,0.25,0.155,0.1000
2026-01-31,REDDIT,113,19,4,0.5,0.5,0.0,0.373,0.1000
2026-04-16,YOUTUBE,106,10,40,0.425,0.3,0.275,0.144,1.0000
2026-01-19,YOUTUBE,104,2,40,0.1,0.35,0.55,-0.275,0.1667
2026-02-26,REDDIT,114,30,4,0.75,0.25,0.0,0.535,0.1429
2026-03-10,REDDIT,106,10,2,0.0,0.5,0.5,-0.390,0.2000
2026-03-11,REDDIT,107,,2,0.5,0.5,0.0,0.455,0.2000
2026-03-26,REDDIT,112,,6,0.333,0.0,0.667,-0.215,0.2000
2026-02-14,YOUTUBE,114,30,40,0.375,0.275,0.35,0.056,0.2000
2025-11-16,REDDIT,102,,2,0.0,0.5,0.5,-0.195,0.1250
2025-11-23,REDDIT,103,,2,0.5,0.0,0.5,0.105,0.1250
2025-11-29,REDDIT,105,1,6,0.167,0.5,0.333,-0.048,0.1250
2026-01-15,YOUTUBE,113,19,40,0.4,0.225,0.375,0.088,0.1667
2026-02-04,REDDIT,106,10,4,0.25,0.5,0.25,0.025,0.1111
2026-01-15,REDDIT,110,,4,0.25,0.25,0.5,-0.160,0.1000
2025-11-21,YOUTUBE,109,8,18,0.389,0.278,0.333,0.084,0.3333
2025-11-23,YOUTUBE,109,8,18,0.333,0.222,0.444,-0.027,0.3333
2025-12-15,REDDIT,113,19,6,0.167,0.0,0.833,-0.368,0.1111
2025-12-16,REDDIT,108,,6,0.0,0.667,0.333,-0.233,0.1250
2025-12-22,REDDIT,108,,6,0.5,0.167,0.333,0.192,0.1250
2025-12-17,YOUTUBE,109,8,40,0.35,0.45,0.2,0.152,0.2500
2025-12-15,REDDIT,104,2,6,0.333,0.5,0.167,0.185,0.1111
2025-12-05,REDDIT,107,,6,0.667,0.333,0.0,0.397,0.1111
2025-12-09,REDDIT,113,19,6,0.5,0.167,0.333,0.208,0.1111
2025-12-21,YOUTUBE,113,19,40,0.325,0.275,0.4,-0.022,0.2500
2026-01-23,REDDIT,103,,4,0.25,0.75,0.0,0.200,0.1000
2026-02-01,REDDIT,107,,4,0.0,0.5,0.5,-0.420,0.1111
2026-04-17,YOUTUBE,106,10,40,0.35,0.325,0.325,0.048,1.0000
2026-01-20,YOUTUBE,113,19,40,0.55,0.075,0.375,0.165,0.1667
2026-02-27,REDDIT,113,19,4,0.5,0.5,0.0,0.370,0.1667
2026-03-26,REDDIT,110,,6,0.667,0.167,0.167,0.327,0.2000
2026-03-16,REDDIT,108,,6,0.5,0.333,0.167,0.288,0.2000
2026-03-21,REDDIT,107,,6,0.333,0.333,0.333,0.002,0.2000
2026-02-24,YOUTUBE,104,2,40,0.275,0.35,0.375,-0.058,0.2500
2025-11-06,REDDIT,101,,2,0.5,0.0,0.5,-0.005,0.1667
2025-11-23,REDDIT,102,,2,0.0,0.5,0.5,-0.330,0.1250
2025-11-26,REDDIT,107,,2,0.5,0.0,0.5,0.060,0.1250
2026-01-15,YOUTUBE,104,2,40,0.275,0.5,0.225,0.084,0.1667
2026-02-11,REDDIT,106,10,4,0.25,0.5,0.25,0.093,0.1111
2026-02-15,REDDIT,108,,4,0.0,0.0,1.0,-0.725,0.1250
2026-02-04,YOUTUBE,113,19,40,0.3,0.3,0.4,-0.003,0.2000
2025-11-14,YOUTUBE,104,2,18,0.333,0.167,0.5,-0.055,0.3333
2025-12-01,YOUTUBE,105,1,40,0.375,0.3,0.325,0.079,0.2500
2025-12-03,YOUTUBE,104,2,40,0.175,0.325,0.5,-0.189,0.2500
2025-12-15,REDDIT,109,8,6,0.333,0.333,0.333,0.132,0.1111
2025-12-18,REDDIT,108,,6,0.167,0.5,0.333,-0.108,0.1250
2025-12-26,REDDIT,102,,6,0.5,0.5,0.0,0.358,0.1250
2025-12-11,YOUTUBE,105,1,40,0.25,0.475,0.275,0.026,0.2500
2025-12-16,YOUTUBE,109,8,40,0.3,0.25,0.45,-0.060,0.2500
2026-04-03,REDDIT,112,,6,0.5,0.333,0.167,0.318,0.3333
2026-04-01,REDDIT,112,,6,0.5,0.167,0.333,0.157,0.3333
2026-04-13,REDDIT,112,,6,0.0,0.667,0.333,-0.127,0.3333
2026-04-14,REDDIT,112,,6,0.667,0.167,0.167,0.357,0.3333
2026-04-16,REDDIT,112,,6,0.667,0.167,0.167,0.322,0.3333
2025-12-03,REDDIT,103,,6,0.5,0.0,0.5,0.122,0.1111
2025-12-14,REDDIT,101,,6,0.333,0.5,0.167,0.118,0.1111
2025-12-31,YOUTUBE,105,1,40,0.25,0.425,0.325,-0.023,0.2500
2026-01-19,REDDIT,113,19,4,0.5,0.0,0.5,0.058,0.1000
2026-04-18,YOUTUBE,106,10,40,0.4,0.15,0.45,-0.020,1.0000
2026-01-21,YOUTUBE,104,2,40,0.225,0.425,0.35,-0.073,0.1667
2026-01-22,YOUTUBE,104,2,40,0.325,0.35,0.325,0.009,0.1667
2026-02-14,YOUTUBE,109,8,40,0.425,0.3,0.275,0.149,0.2000
2026-02-16,YOUTUBE,114,30,40,0.3,0.275,0.425,-0.068,0.2500
2025-11-11,REDDIT,101,,2,0.5,0.5,0.0,0.290,0.1429
2025-11-16,REDDIT,103,,2,0.0,0.5,0.5,-0.310,0.1250
2025-11-04,REDDIT,101,,2,0.0,0.5,0.5,-0.415,0.1667
2025-11-17,REDDIT,105,1,2,0.0,0.5,0.5,-0.270,0.1250
2025-12-02,REDDIT,103,,6,0.667,0.0,0.333,0.298,0.1111
2026-02-05,REDDIT,113,19,4,0.25,0.5,0.25,-0.070,0.1111
2026-02-06,REDDIT,113,19,4,0.25,0.75,0.0,0.198,0.1111
2026-02-09,REDDIT,106,10,4,0.75,0.0,0.25,0.360,0.1111
2026-02-14,REDDIT,106,10,4,0.25,0.0,0.75,-0.328,0.1111
2026-02-22,REDDIT,107,,4,0.5,0.25,0.25,0.163,0.1429
2026-01-05,REDDIT,109,8,4,0.0,0.5,0.5,-0.333,0.1250
2026-01-04,REDDIT,108,,4,0.0,0.75,0.25,-0.225,0.1429
2026-01-14,REDDIT,105,1,4,0.5,0.5,0.0,0.398,0.1111
2025-11-22,YOUTUBE,109,8,18,0.278,0.389,0.333,-0.004,0.3333
2025-11-24,YOUTUBE,104,2,18,0.167,0.611,0.222,-0.002,0.3333
2025-12-16,REDDIT,113,19,6,0.333,0.333,0.333,0.080,0.1250
2025-12-08,YOUTUBE,109,8,40,0.4,0.325,0.275,0.149,0.2500
2025-12-10,YOUTUBE,109,8,40,0.225,0.375,0.4,-0.075,0.2500
2025-12-13,YOUTUBE,104,2,40,0.175,0.425,0.4,-0.123,0.2500
2026-04-23,REDDIT,107,,6,0.167,0.667,0.167,0.053,0.3333
2026-04-30,REDDIT,107,,6,0.667,0.0,0.333,0.260,0.3333
2025-12-07,REDDIT,109,8,6,0.167,0.5,0.333,-0.117,0.1111
2025-12-08,REDDIT,107,,6,0.333,0.333,0.333,0.042,0.1111
2025-12-15,REDDIT,102,,6,0.333,0.667,0.0,0.218,0.1111
2026-01-01,YOUTUBE,104,2,40,0.4,0.3,0.3,0.094,0.2500
2026-01-20,REDDIT,109,8,4,0.0,1.0,0.0,0.018,0.1000
2026-01-30,REDDIT,108,,4,0.75,0.25,0.0,0.505,0.1000
2026-04-06,YOUTUBE,106,10,40,0.425,0.275,0.3,0.155,1.0000
2026-04-11,YOUTUBE,106,10,40,0.25,0.375,0.375,-0.083,1.0000
2026-04-15,YOUTUBE,106,10,40,0.325,0.325,0.35,0.028,1.0000
2026-04-26,YOUTUBE,106,10,40,0.35,0.35,0.3,0.042,1.0000
2026-02-25,REDDIT,106,10,4,0.25,0.5,0.25,0.035,0.1429
2026-03-07,REDDIT,112,,2,0.0,0.5,0.5,-0.335,0.2000
2026-03-03,REDDIT,112,,2,1.0,0.0,0.0,0.910,0.2000
2025-11-05,REDDIT,104,2,2,0.0,1.0,0.0,-0.045,0.1667
2025-11-10,REDDIT,107,,2,0.5,0.0,0.5,0.120,0.1429
2025-12-02,REDDIT,101,,6,0.333,0.333,0.333,0.032,0.1111
2026-01-07,YOUTUBE,113,19,40,0.35,0.325,0.325,0.070,0.2500
2026-02-13,REDDIT,104,2,4,0.25,0.25,0.5,-0.163,0.1111
2025-12-29,REDDIT,113,19,4,0.25,0.25,0.5,-0.183,0.1250
2026-01-13,REDDIT,114,30,4,0.5,0.25,0.25,0.265,0.1111
2026-01-12,REDDIT,108,,4,0.25,0.5,0.25,0.063,0.1111
2025-11-09,YOUTUBE,109,8,18,0.167,0.333,0.5,-0.213,0.3333
2025-12-17,REDDIT,103,,6,0.333,0.5,0.167,0.163,0.1250
2025-12-27,REDDIT,103,,6,0.5,0.333,0.167,0.293,0.1250
2025-12-28,REDDIT,103,,6,0.167,0.5,0.333,-0.080,0.1250
2025-12-16,YOUTUBE,105,1,40,0.275,0.35,0.375,-0.028,0.2500
2026-04-10,REDDIT,106,10,6,0.5,0.333,0.167,0.180,0.3333
2025-12-04,REDDIT,103,,6,0.667,0.0,0.333,0.242,0.1111
2025-12-04,REDDIT,108,,6,0.0,0.5,0.5,-0.382,0.1111
2026-01-26,REDDIT,113,19,4,0.25,0.5,0.25,0.033,0.1000
2026-04-05,YOUTUBE,106,10,40,0.125,0.375,0.5,-0.217,1.0000
2026-04-30,YOUTUBE,106,10,40,0.375,0.325,0.3,0.070,1.0000
2026-01-24,YOUTUBE,109,8,40,0.325,0.15,0.525,-0.058,0.1667
2026-03-06,REDDIT,107,,2,0.0,0.0,1.0,-0.640,0.2000
2026-03-09,REDDIT,112,,2,0.5,0.5,0.0,0.355,0.2000
2026-03-04,REDDIT,112,,2,0.5,0.0,0.5,-0.045,0.2000
2026-03-15,REDDIT,108,,6,0.333,0.167,0.5,-0.030,0.2000
2026-03-23,REDDIT,106,10,6,0.333,0.5,0.167,0.130,0.2000
2026-02-15,YOUTUBE,106,10,40,0.225,0.35,0.425,-0.095,0.2500
2025-11-15,REDDIT,107,,2,0.0,0.5,0.5,-0.390,0.1250
2025-11-07,REDDIT,105,1,6,0.5,0.5,0.0,0.327,0.1667
2026-01-09,YOUTUBE,105,1,40,0.275,0.375,0.35,-0.018,0.2500
2026-02-06,REDDIT,111,,4,0.25,0.75,0.0,0.220,0.1111
2026-02-14,REDDIT,108,,4,0.25,0.5,0.25,0.005,0.1111
2026-02-20,REDDIT,106,10,4,0.25,0.25,0.5,-0.098,0.1429
2026-02-21,REDDIT,113,19,4,0.75,0.25,0.0,0.600,0.1429
2026-02-20,REDDIT,110,,4,0.25,0.75,0.0,0.120,0.1429
2025-11-04,YOUTUBE,109,8,18,0.278,0.333,0.389,0.024,0.3333
2025-11-10,YOUTUBE,104,2,18,0.556,0.167,0.278,0.218,0.3333
2025-11-12,YOUTUBE,105,1,18,0.333,0.167,0.5,-0.065,0.3333
2025-11-17,YOUTUBE,105,1,18,0.389,0.278,0.333,0.109,0.3333
2025-11-21,YOUTUBE,105,1,18,0.278,0.444,0.278,0.075,0.3333
2025-12-15,REDDIT,108,,6,0.5,0.167,0.333,0.175,0.1111
2025-12-24,REDDIT,105,1,6,0.333,0.333,0.333,0.042,0.1250
2025-12-24,REDDIT,108,,6,0.333,0.5,0.167,0.133,0.1250
2026-03-31,REDDIT,112,,6,0.333,0.333,0.333,0.068,0.2000
2026-04-25,REDDIT,107,,6,0.5,0.167,0.333,0.165,0.3333
2025-12-04,REDDIT,102,,6,0.667,0.0,0.333,0.337,0.1111
2025-12-05,REDDIT,103,,6,0.667,0.0,0.333,0.263,0.1111
2025-12-15,REDDIT,103,,6,0.5,0.5,0.0,0.325,0.1111
2026-01-29,YOUTUBE,104,2,40,0.375,0.375,0.25,0.100,0.1667
2026-03-20,REDDIT,110,,6,0.333,0.5,0.167,0.117,0.2000
2026-03-21,REDDIT,110,,6,0.167,0.5,0.333,-0.088,0.2000
2026-03-21,REDDIT,112,,6,0.5,0.5,0.0,0.360,0.2000
2026-02-11,YOUTUBE,104,2,40,0.25,0.3,0.45,-0.091,0.2000
2026-02-25,YOUTUBE,104,2,40,0.175,0.6,0.225,0.008,0.2500
2025-11-08,REDDIT,109,8,2,0.5,0.0,0.5,0.040,0.1667
2025-11-11,REDDIT,108,,2,0.0,0.0,1.0,-0.510,0.1429
2026-01-09,YOUTUBE,113,19,40,0.35,0.25,0.4,0.016,0.2500
2026-01-15,YOUTUBE,106,10,40,0.45,0.35,0.2,0.198,0.1667
2026-02-09,REDDIT,114,30,4,0.25,0.0,0.75,-0.285,0.1111
2026-01-08,REDDIT,104,2,4,0.25,0.5,0.25,0.108,0.1250
2026-01-17,REDDIT,103,,4,0.25,0.5,0.25,0.088,0.1000
2026-02-09,YOUTUBE,113,19,40,0.2,0.375,0.425,-0.141,0.2000
2025-12-01,YOUTUBE,113,19,40,0.25,0.3,0.45,-0.120,0.2500
2025-12-21,REDDIT,107,,6,0.333,0.5,0.167,0.097,0.1250
2026-04-28,REDDIT,107,,6,0.333,0.333,0.333,0.032,0.3333
2025-12-10,REDDIT,109,8,6,0.167,0.667,0.167,0.002,0.1111
2025-12-30,YOUTUBE,113,19,40,0.475,0.225,0.3,0.184,0.2500
2026-01-20,REDDIT,106,10,4,0.0,0.5,0.5,-0.288,0.1000
2026-01-25,REDDIT,108,,4,0.5,0.25,0.25,0.193,0.1000
2026-03-12,YOUTUBE,106,10,18,0.222,0.5,0.278,-0.028,1.0000
2026-02-26,REDDIT,113,19,4,0.5,0.25,0.25,0.178,0.1429
2026-01-12,YOUTUBE,113,19,40,0.25,0.3,0.45,-0.150,0.2000
2026-01-13,YOUTUBE,114,30,40,0.2,0.375,0.425,-0.105,0.2000
2026-02-16,REDDIT,107,,4,0.5,0.25,0.25,0.273,0.1250
2026-02-23,REDDIT,107,,4,0.0,0.0,1.0,-0.760,0.1429
2025-12-31,REDDIT,108,,4,0.75,0.25,0.0,0.520,0.1250
2026-01-01,REDDIT,107,,4,0.5,0.25,0.25,0.215,0.1250
2026-01-04,REDDIT,105,1,4,0.25,0.25,0.5,-0.198,0.1429
2026-01-06,REDDIT,107,,4,0.25,0.25,0.5,-0.143,0.1250
2026-01-10,REDDIT,108,,4,0.5,0.5,0.0,0.298,0.1111
2026-02-06,YOUTUBE,114,30,40,0.35,0.3,0.35,0.047,0.2000
2025-11-03,YOUTUBE,105,1,18,0.278,0.333,0.389,-0.050,0.3333
2025-11-07,YOUTUBE,109,8,40,0.375,0.35,0.275,0.114,0.3333
2026-03-28,REDDIT,108,,6,0.333,0.167,0.5,-0.098,0.2000
2025-12-03,REDDIT,102,,6,0.167,0.5,0.333,-0.090,0.1111
2026-01-20,REDDIT,104,2,4,0.5,0.0,0.5,0.083,0.1000
2026-01-25,REDDIT,110,,4,0.5,0.0,0.5,0.143,0.1000
2026-01-29,REDDIT,103,,4,0.5,0.25,0.25,0.240,0.1000
2026-03-27,YOUTUBE,106,10,40,0.275,0.275,0.45,-0.108,1.0000
2026-01-23,YOUTUBE,114,30,40,0.325,0.55,0.125,0.179,0.1667
2026-02-28,REDDIT,107,,4,0.25,0.5,0.25,0.023,0.1667
2026-03-01,REDDIT,107,,4,0.75,0.25,0.0,0.485,0.2000
2026-02-11,YOUTUBE,113,19,40,0.35,0.45,0.2,0.155,0.2000
2026-02-14,YOUTUBE,106,10,40,0.325,0.225,0.45,-0.057,0.2000
2026-02-18,YOUTUBE,106,10,40,0.35,0.325,0.325,0.045,0.2500
2025-11-13,REDDIT,103,,2,0.0,1.0,0.0,0.100,0.1429
2025-11-10,REDDIT,103,,2,0.5,0.0,0.5,0.020,0.1429
2025-11-13,REDDIT,107,,2,0.0,0.5,0.5,-0.420,0.1429
2025-11-23,REDDIT,101,,2,0.0,1.0,0.0,0.060,0.1250
2025-11-26,REDDIT,108,,2,0.5,0.0,0.5,0.100,0.1250
2026-02-05,REDDIT,114,30,4,0.5,0.25,0.25,0.285,0.1111
2026-02-05,REDDIT,109,8,4,0.25,0.75,0.0,0.095,0.1111
2026-02-11,REDDIT,111,,4,0.25,0.0,0.75,-0.400,0.1111
2026-02-13,REDDIT,108,,4,0.25,0.25,0.5,-0.125,0.1111
2026-01-02,REDDIT,105,1,4,0.25,0.0,0.75,-0.243,0.1250
2026-01-11,REDDIT,110,,4,0.5,0.5,0.0,0.313,0.1111
2026-02-08,YOUTUBE,113,19,40,0.25,0.425,0.325,-0.049,0.2000
2025-11-11,YOUTUBE,104,2,18,0.389,0.333,0.278,0.078,0.3333
2025-12-04,YOUTUBE,113,19,40,0.15,0.45,0.4,-0.136,0.2500
2025-12-20,REDDIT,105,1,6,0.333,0.333,0.333,0.068,0.1250
2025-12-21,REDDIT,109,8,6,0.0,0.667,0.333,-0.223,0.1250
2025-12-07,YOUTUBE,113,19,40,0.15,0.425,0.425,-0.172,0.2500
2025-12-18,YOUTUBE,104,2,40,0.225,0.3,0.475,-0.134,0.2500
2026-04-17,REDDIT,107,,6,0.333,0.5,0.167,0.167,0.3333
2025-12-05,REDDIT,113,19,6,0.5,0.333,0.167,0.267,0.1111
2025-12-12,REDDIT,103,,6,0.667,0.0,0.333,0.205,0.1111
2025-12-24,YOUTUBE,105,1,40,0.225,0.3,0.475,-0.140,0.2500
2025-12-26,YOUTUBE,113,19,40,0.225,0.475,0.3,-0.028,0.2500
2026-01-23,REDDIT,104,2,4,0.5,0.25,0.25,0.180,0.1000
2026-01-26,REDDIT,103,,4,0.25,0.25,0.5,-0.150,0.1000
2026-01-27,REDDIT,104,2,4,0.5,0.25,0.25,0.200,0.1000
2026-02-27,YOUTUBE,113,19,40,0.425,0.3,0.275,0.130,0.3333
2026-03-26,YOUTUBE,106,10,40,0.3,0.225,0.475,-0.059,1.0000
2026-03-30,YOUTUBE,106,10,40,0.325,0.35,0.325,0.043,1.0000
2026-02-26,REDDIT,110,,4,0.5,0.25,0.25,0.213,0.1429
2026-03-06,REDDIT,110,,2,0.0,0.0,1.0,-0.565,0.2000
2026-03-16,REDDIT,107,,6,0.167,0.5,0.333,-0.063,0.2000
2025-11-22,REDDIT,102,,2,0.5,0.0,0.5,0.055,0.1250
2025-11-22,REDDIT,103,,2,0.5,0.0,0.5,-0.035,0.1250
2026-02-15,REDDIT,106,10,4,0.5,0.25,0.25,0.228,0.1250
2025-12-31,REDDIT,113,19,4,0.0,0.75,0.25,-0.188,0.1250
2026-01-04,REDDIT,113,19,4,0.25,0.75,0.0,0.088,0.1429
2026-01-08,REDDIT,109,8,4,0.75,0.0,0.25,0.453,0.1250
2026-01-09,REDDIT,104,2,4,0.5,0.25,0.25,0.235,0.1250
2026-01-10,REDDIT,110,,4,0.5,0.5,0.0,0.380,0.1111
2026-01-12,REDDIT,114,30,4,0.5,0.0,0.5,0.083,0.1111
2026-01-15,REDDIT,108,,4,0.5,0.5,0.0,0.295,0.1000
2026-02-04,YOUTUBE,109,8,40,0.25,0.5,0.25,0.019,0.2000
2025-12-06,YOUTUBE,104,2,40,0.175,0.35,0.475,-0.155,0.2500
2025-12-17,YOUTUBE,113,19,40,0.35,0.35,0.3,0.104,0.2500
2026-03-30,REDDIT,112,,6,0.5,0.5,0.0,0.382,0.2000
2026-04-24,REDDIT,112,,6,0.167,0.5,0.333,-0.093,0.3333
2026-02-10,YOUTUBE,114,30,40,0.275,0.3,0.425,-0.070,0.2000
2026-03-27,REDDIT,112,,6,0.0,0.5,0.5,-0.323,0.2000
2025-12-15,REDDIT,101,,6,0.333,0.167,0.5,-0.065,0.1111
2026-03-23,YOUTUBE,106,10,40,0.325,0.45,0.225,0.075,1.0000
2026-01-26,YOUTUBE,104,2,40,0.275,0.375,0.35,-0.007,0.1667
2026-03-05,REDDIT,110,,2,0.0,0.5,0.5,-0.430,0.2000
2026-03-18,REDDIT,108,,6,0.0,0.333,0.667,-0.402,0.2000
2026-03-18,REDDIT,112,,6,0.333,0.5,0.167,0.157,0.2000
2026-03-19,REDDIT,108,,6,0.333,0.667,0.0,0.267,0.2000
2026-03-25,REDDIT,110,,6,0.333,0.333,0.333,0.008,0.2000
2026-02-21,YOUTUBE,104,2,40,0.225,0.375,0.4,-0.094,0.2500
2025-11-03,REDDIT,105,1,2,0.0,1.0,0.0,0.075,0.1667
2025-11-09,REDDIT,105,1,2,0.5,0.0,0.5,0.060,0.1667
2025-11-06,REDDIT,104,2,2,0.5,0.5,0.0,0.450,0.1667
2025-11-24,REDDIT,104,2,2,0.5,0.0,0.5,0.055,0.1250
2025-12-01,REDDIT,109,8,6,0.5,0.333,0.167,0.238,0.1111
2026-01-06,YOUTUBE,113,19,40,0.375,0.25,0.375,0.026,0.2500
2026-01-11,YOUTUBE,114,30,40,0.175,0.475,0.35,-0.100,0.2000
2026-02-08,REDDIT,108,,4,0.25,0.25,0.5,-0.095,0.1111
2026-02-20,REDDIT,114,30,4,0.5,0.0,0.5,0.070,0.1429
2026-02-21,REDDIT,114,30,4,0.25,0.5,0.25,0.018,0.1429
2026-01-09,REDDIT,103,,4,0.0,0.75,0.25,-0.245,0.1250
2026-01-16,REDDIT,106,10,4,0.5,0.5,0.0,0.318,0.1000
2026-01-13,REDDIT,108,,4,0.0,0.25,0.75,-0.428,0.1111
2026-02-01,YOUTUBE,113,19,40,0.375,0.425,0.2,0.133,0.2000
2026-02-03,YOUTUBE,106,10,40,0.325,0.375,0.3,0.050,0.2000
2025-12-25,REDDIT,107,,6,0.833,0.0,0.167,0.462,0.1250
2025-12-07,YOUTUBE,109,8,40,0.25,0.45,0.3,-0.013,0.2500
2025-12-16,YOUTUBE,104,2,40,0.35,0.3,0.35,0.037,0.2500
2026-04-12,REDDIT,112,,6,0.333,0.333,0.333,0.060,0.3333
2025-12-21,YOUTUBE,109,8,40,0.25,0.3,0.45,-0.098,0.2500
2025-12-23,YOUTUBE,109,8,40,0.325,0.225,0.45,-0.040,0.2500
2025-12-23,YOUTUBE,113,19,40,0.25,0.4,0.35,-0.040,0.2500
2026-01-24,REDDIT,104,2,4,0.5,0.25,0.25,0.225,0.1000
2026-01-30,REDDIT,105,1,4,0.25,0.5,0.25,0.028,0.1000
2026-04-14,YOUTUBE,106,10,40,0.3,0.375,0.325,-0.002,1.0000
2026-03-02,REDDIT,108,,2,0.0,0.5,0.5,-0.360,0.2000
2026-02-14,YOUTUBE,113,19,40,0.425,0.35,0.225,0.205,0.2000
2026-02-16,YOUTUBE,113,19,40,0.4,0.3,0.3,0.103,0.2500
2026-02-19,YOUTUBE,106,10,40,0.3,0.275,0.425,-0.051,0.2500
2026-02-19,YOUTUBE,113,19,40,0.275,0.325,0.4,-0.083,0.2500
2025-11-29,REDDIT,108,,6,0.0,0.167,0.833,-0.610,0.1250
2025-11-27,REDDIT,103,,2,1.0,0.0,0.0,0.725,0.1250
2025-11-30,REDDIT,103,,6,0.5,0.0,0.5,0.008,0.1250
2026-01-15,YOUTUBE,109,8,40,0.4,0.275,0.325,0.090,0.1667
2026-01-16,YOUTUBE,109,8,40,0.225,0.5,0.275,-0.031,0.1667
2026-02-12,REDDIT,107,,4,0.5,0.5,0.0,0.368,0.1111
2026-02-14,REDDIT,114,30,4,0.25,0.0,0.75,-0.303,0.1111
2026-02-18,REDDIT,107,,4,0.25,0.75,0.0,0.118,0.1429
2026-01-05,REDDIT,110,,4,0.25,0.5,0.25,0.013,0.1250
2026-01-07,REDDIT,110,,4,0.25,0.5,0.25,0.023,0.1250
2026-01-11,REDDIT,105,1,4,0.25,0.5,0.25,0.013,0.1111
2026-01-12,REDDIT,107,,4,0.75,0.0,0.25,0.360,0.1111
2026-01-14,REDDIT,107,,4,0.5,0.0,0.5,-0.063,0.1111
2026-01-31,YOUTUBE,113,19,40,0.2,0.45,0.35,-0.065,0.1667
2026-02-02,YOUTUBE,113,19,40,0.225,0.45,0.325,-0.023,0.2000
2026-02-07,YOUTUBE,114,30,40,0.4,0.275,0.325,0.112,0.2000
2025-12-16,REDDIT,104,2,6,0.167,0.333,0.5,-0.230,0.1250
2025-12-20,REDDIT,103,,6,0.0,0.833,0.167,-0.098,0.1250
2025-12-22,REDDIT,105,1,6,0.0,0.167,0.833,-0.523,0.1250
2025-12-28,REDDIT,113,19,6,0.5,0.5,0.0,0.328,0.1250
2025-12-09,YOUTUBE,104,2,40,0.175,0.35,0.475,-0.158,0.2500
2026-04-21,REDDIT,106,10,6,0.5,0.333,0.167,0.228,0.3333
2025-12-13,REDDIT,107,,6,0.0,0.167,0.833,-0.587,0.1111
2025-12-29,YOUTUBE,105,1,40,0.3,0.3,0.4,-0.038,0.2500
2026-01-01,YOUTUBE,105,1,40,0.2,0.4,0.4,-0.073,0.2500
2026-01-22,REDDIT,104,2,4,0.25,0.25,0.5,-0.083,0.1000
2026-01-22,REDDIT,110,,4,0.0,0.5,0.5,-0.293,0.1000
2026-02-24,REDDIT,107,,4,0.25,0.5,0.25,-0.030,0.1429
2026-03-08,REDDIT,106,10,2,0.5,0.0,0.5,0.135,0.2000
2026-03-03,REDDIT,108,,2,0.0,1.0,0.0,0.015,0.2000
2026-03-20,REDDIT,107,,6,0.167,0.667,0.167,0.045,0.2000
2026-03-25,REDDIT,107,,6,0.167,0.667,0.167,-0.007,0.2000
2026-02-20,YOUTUBE,104,2,40,0.275,0.375,0.35,-0.007,0.2500
2025-11-13,REDDIT,109,8,2,0.5,0.5,0.0,0.425,0.1429
2025-11-15,REDDIT,108,,2,0.5,0.0,0.5,-0.020,0.1250
2025-11-19,REDDIT,107,,2,0.0,1.0,0.0,-0.010,0.1250
2025-11-21,REDDIT,108,,2,0.5,0.5,0.0,0.430,0.1250
2026-01-16,YOUTUBE,114,30,40,0.3,0.425,0.275,0.043,0.1667
2026-02-07,REDDIT,109,8,4,0.25,0.25,0.5,-0.080,0.1111
2026-02-11,REDDIT,107,,4,0.0,0.5,0.5,-0.378,0.1111
2026-02-11,REDDIT,109,8,4,0.5,0.25,0.25,0.138,0.1111
2026-02-19,REDDIT,110,,4,0.25,0.25,0.5,-0.188,0.1429
2025-12-31,REDDIT,104,2,4,0.5,0.25,0.25,0.168,0.1250
2026-01-08,REDDIT,110,,4,0.25,0.25,0.5,-0.038,0.1250
2026-01-29,YOUTUBE,113,19,40,0.35,0.35,0.3,0.047,0.1667
2025-11-03,YOUTUBE,109,8,18,0.222,0.278,0.5,-0.141,0.3333
2025-12-19,REDDIT,109,8,6,0.5,0.333,0.167,0.227,0.1250
2025-12-22,REDDIT,104,2,6,0.333,0.5,0.167,0.143,0.1250
2025-12-25,REDDIT,109,8,6,0.5,0.5,0.0,0.307,0.1250
2025-12-26,REDDIT,105,1,6,0.333,0.5,0.167,0.148,0.1250
2025-12-08,YOUTUBE,104,2,40,0.375,0.25,0.375,0.039,0.2500
2025-12-04,REDDIT,101,,6,0.5,0.167,0.333,0.145,0.1111
2025-12-11,REDDIT,103,,6,0.333,0.5,0.167,0.143,0.1111
2026-01-04,YOUTUBE,113,19,40,0.275,0.375,0.35,-0.020,0.2500
2026-01-20,REDDIT,105,1,4,0.0,0.25,0.75,-0.443,0.1000
2026-01-20,REDDIT,108,,4,0.25,0.25,0.5,-0.200,0.1000
2026-01-21,REDDIT,106,10,4,0.25,0.5,0.25,0.028,0.1000
2026-01-23,REDDIT,107,,4,0.0,0.5,0.5,-0.353,0.1000
2026-01-26,REDDIT,114,30,4,0.5,0.5,0.0,0.308,0.1000
2026-01-29,REDDIT,105,1,4,0.25,0.25,0.5,-0.075,0.1000
2026-04-23,YOUTUBE,106,10,40,0.3,0.375,0.325,0.009,1.0000
2026-01-23,YOUTUBE,109,8,40,0.3,0.375,0.325,0.016,0.1667
2026-01-25,YOUTUBE,106,10,40,0.25,0.425,0.325,-0.035,0.1667
2026-02-19,YOUTUBE,114,30,40,0.325,0.35,0.325,0.056,0.2500
2025-11-03,REDDIT,109,8,2,0.0,1.0,0.0,-0.020,0.1667
2025-11-06,REDDIT,108,,2,0.0,0.5,0.5,-0.320,0.1667
2025-11-19,REDDIT,102,,2,0.5,0.0,0.5,-0.040,0.1250
2025-12-01,REDDIT,108,,6,0.0,0.5,0.5,-0.357,0.1111
2026-01-10,YOUTUBE,113,19,40,0.425,0.3,0.275,0.139,0.2000
2026-01-02,REDDIT,108,,4,0.75,0.25,0.0,0.583,0.1250
2026-01-31,YOUTUBE,105,1,40,0.35,0.325,0.325,0.053,0.1667
2026-02-08,YOUTUBE,104,2,40,0.375,0.4,0.225,0.102,0.2000
2025-11-01,YOUTUBE,105,1,18,0.222,0.333,0.444,-0.151,0.3333
2025-11-07,YOUTUBE,105,1,40,0.425,0.35,0.225,0.157,0.3333
2025-11-11,YOUTUBE,105,1,18,0.389,0.389,0.222,0.165,0.3333
2025-12-19,REDDIT,102,,6,0.167,0.333,0.5,-0.233,0.1250
2025-12-19,REDDIT,105,1,6,0.333,0.0,0.667,-0.155,0.1250
2025-12-23,REDDIT,102,,6,0.167,0.5,0.333,-0.062,0.1250
2025-12-20,YOUTUBE,104,2,40,0.425,0.275,0.3,0.120,0.2500
2025-12-06,REDDIT,104,2,6,0.167,0.167,0.667,-0.315,0.1111
2025-12-10,REDDIT,108,,6,0.5,0.167,0.333,0.125,0.1111
2026-01-02,YOUTUBE,109,8,40,0.2,0.4,0.4,-0.086,0.2500
2026-01-19,REDDIT,104,2,4,0.5,0.25,0.25,0.253,0.1000
2026-01-31,REDDIT,108,,4,0.25,0.25,0.5,-0.140,0.1000
2026-03-15,YOUTUBE,106,10,40,0.275,0.4,0.325,-0.014,1.0000
2026-04-13,YOUTUBE,106,10,40,0.375,0.475,0.15,0.169,1.0000
2026-02-28,REDDIT,104,2,4,0.5,0.25,0.25,0.290,0.1667
2026-03-24,REDDIT,112,,6,0.167,0.5,0.333,-0.047,0.2000
2026-02-11,YOUTUBE,109,8,40,0.25,0.325,0.425,-0.118,0.2000
2025-11-05,REDDIT,101,,2,1.0,0.0,0.0,0.725,0.1667
2025-11-06,REDDIT,107,,2,0.0,0.5,0.5,-0.305,0.1667
2025-11-09,REDDIT,109,8,2,0.5,0.0,0.5,0.175,0.1667
2025-11-16,REDDIT,104,2,2,0.0,0.5,0.5,-0.325,0.1250
2025-11-18,REDDIT,107,,2,1.0,0.0,0.0,0.850,0.1250
2025-11-26,REDDIT,102,,2,0.0,0.5,0.5,-0.390,0.1250
2025-11-30,REDDIT,108,,6,0.0,0.167,0.833,-0.582,0.1250
2025-12-02,REDDIT,107,,6,0.333,0.667,0.0,0.237,0.1111
2025-12-02,REDDIT,113,19,6,0.167,0.5,0.333,-0.043,0.1111
2026-02-07,REDDIT,107,,4,0.25,0.5,0.25,0.098,0.1111
2026-02-21,REDDIT,108,,4,0.0,0.75,0.25,-0.165,0.1429
2026-01-05,REDDIT,107,,4,0.5,0.5,0.0,0.288,0.1250
2026-01-05,REDDIT,108,,4,0.5,0.25,0.25,0.268,0.1250
2026-01-12,REDDIT,104,2,4,0.5,0.25,0.25,0.218,0.1111
2026-01-17,REDDIT,113,19,4,0.25,0.75,0.0,0.133,0.1000
2026-02-06,YOUTUBE,106,10,40,0.25,0.325,0.425,-0.092,0.2000
2026-02-07,YOUTUBE,113,19,40,0.45,0.275,0.275,0.165,0.2000
2025-12-04,YOUTUBE,105,1,40,0.325,0.375,0.3,0.026,0.2500
2025-12-19,REDDIT,107,,6,0.333,0.333,0.333,0.017,0.1250
2025-12-24,REDDIT,107,,6,0.167,0.667,0.167,-0.013,0.1250
2025-12-28,REDDIT,107,,6,0.333,0.667,0.0,0.263,0.1250
2025-12-17,YOUTUBE,104,2,40,0.375,0.275,0.35,0.055,0.2500
2025-12-18,YOUTUBE,113,19,40,0.325,0.35,0.325,0.035,0.2500
2026-04-26,REDDIT,106,10,6,0.167,0.5,0.333,-0.093,0.3333
2026-04-29,REDDIT,106,10,6,0.333,0.0,0.667,-0.147,0.3333
2025-12-13,REDDIT,105,1,6,0.667,0.167,0.167,0.345,0.1111
2025-12-13,REDDIT,113,19,6,0.167,0.5,0.333,-0.067,0.1111
2026-01-05,YOUTUBE,109,8,40,0.3,0.25,0.45,-0.075,0.2500
2026-02-26,YOUTUBE,106,10,40,0.3,0.425,0.275,0.034,0.2500
2026-01-22,YOUTUBE,106,10,40,0.3,0.325,0.375,-0.024,0.1667
2026-01-27,YOUTUBE,104,2,40,0.35,0.375,0.275,0.051,0.1667
2026-02-28,REDDIT,110,,4,0.75,0.25,0.0,0.640,0.1667
2026-02-18,YOUTUBE,113,19,40,0.35,0.4,0.25,0.107,0.2500
2025-11-01,REDDIT,101,,2,0.0,1.0,0.0,0.040,0.1667
2025-11-22,REDDIT,105,1,2,1.0,0.0,0.0,0.725,0.1250
2025-11-26,REDDIT,104,2,2,0.5,0.5,0.0,0.400,0.1250
2026-01-10,YOUTUBE,109,8,40,0.35,0.325,0.325,0.021,0.2000
2026-02-08,REDDIT,111,,4,0.25,0.25,0.5,-0.175,0.1111
2026-02-12,REDDIT,104,2,4,0.25,0.25,0.5,-0.208,0.1111
2026-02-13,REDDIT,111,,4,0.5,0.25,0.25,0.250,0.1111
2026-02-15,REDDIT,114,30,4,0.0,0.75,0.25,-0.065,0.1250
2025-12-30,REDDIT,105,1,4,0.25,0.5,0.25,-0.068,0.1250
2026-01-13,REDDIT,103,,4,0.5,0.0,0.5,0.085,0.1111
2026-02-05,YOUTUBE,114,30,40,0.5,0.25,0.25,0.224,0.2000
2025-11-11,YOUTUBE,109,8,18,0.333,0.389,0.278,0.053,0.3333
2025-12-17,REDDIT,108,,6,0.667,0.333,0.0,0.558,0.1250
2025-12-11,YOUTUBE,113,19,40,0.3,0.5,0.2,0.087,0.2500
2025-12-17,YOUTUBE,105,1,40,0.375,0.4,0.225,0.106,0.2500
2025-12-20,YOUTUBE,113,19,40,0.25,0.225,0.525,-0.167,0.2500
2026-03-28,REDDIT,107,,6,0.333,0.5,0.167,0.098,0.2000
2026-03-30,REDDIT,110,,6,0.5,0.333,0.167,0.360,0.2000
2026-04-16,REDDIT,107,,6,0.0,0.5,0.5,-0.418,0.3333
2025-12-06,REDDIT,108,,6,0.167,0.833,0.0,0.117,0.1111
2025-12-08,REDDIT,101,,6,0.333,0.167,0.5,-0.150,0.1111
2025-12-12,REDDIT,113,19,6,0.5,0.333,0.167,0.212,0.1111
2025-12-29,YOUTUBE,109,8,40,0.25,0.375,0.375,-0.068,0.2500
2026-01-04,YOUTUBE,104,2,40,0.425,0.225,0.35,0.079,0.2500
2026-01-26,REDDIT,107,,4,0.25,0.25,0.5,-0.125,0.1000
2026-01-30,REDDIT,104,2,4,0.25,0.5,0.25,-0.008,0.1000
2026-02-02,REDDIT,108,,4,0.5,0.5,0.0,0.355,0.1111
2026-02-27,YOUTUBE,104,2,40,0.225,0.45,0.325,-0.030,0.3333
2026-03-03,YOUTUBE,106,10,18,0.333,0.444,0.222,0.137,1.0000
2026-03-14,YOUTUBE,106,10,18,0.222,0.5,0.278,-0.050,1.0000
2026-04-07,YOUTUBE,106,10,40,0.4,0.325,0.275,0.111,1.0000
2026-01-25,YOUTUBE,113,19,40,0.275,0.375,0.35,-0.016,0.1667
2026-03-12,REDDIT,106,10,2,0.5,0.5,0.0,0.300,0.2000
2026-03-15,REDDIT,112,,6,0.333,0.333,0.333,0.067,0.2000
2026-03-27,REDDIT,106,10,6,0.5,0.333,0.167,0.340,0.2000
2026-02-23,YOUTUBE,106,10,40,0.375,0.325,0.3,0.087,0.2500
2025-11-04,REDDIT,107,,2,0.5,0.5,0.0,0.305,0.1667
2025-11-15,REDDIT,104,2,2,0.5,0.5,0.0,0.385,0.1250
2025-11-19,REDDIT,103,,2,0.5,0.5,0.0,0.350,0.1250
2025-11-21,REDDIT,102,,2,0.0,0.0,1.0,-0.700,0.1250
2026-01-12,YOUTUBE,104,2,40,0.45,0.225,0.325,0.117,0.2000
2026-02-06,REDDIT,104,2,4,0.0,0.75,0.25,-0.153,0.1111
2026-02-09,REDDIT,104,2,4,0.5,0.25,0.25,0.175,0.1111
2026-02-22,REDDIT,110,,4,0.25,0.0,0.75,-0.338,0.1429
2026-02-17,REDDIT,104,2,4,0.75,0.25,0.0,0.518,0.1429
2026-01-03,REDDIT,103,,4,0.0,0.25,0.75,-0.463,0.1429
2026-01-11,REDDIT,107,,4,0.75,0.25,0.0,0.555,0.1111
2026-02-10,YOUTUBE,106,10,40,0.4,0.3,0.3,0.074,0.2000
2025-11-07,YOUTUBE,104,2,40,0.325,0.325,0.35,0.000,0.3333
2025-11-13,YOUTUBE,109,8,18,0.667,0.167,0.167,0.377,0.3333
2025-11-14,YOUTUBE,109,8,18,0.278,0.444,0.278,-0.006,0.3333
2025-11-18,YOUTUBE,104,2,18,0.167,0.333,0.5,-0.172,0.3333
2025-12-04,YOUTUBE,104,2,40,0.45,0.275,0.275,0.167,0.2500
2025-12-15,REDDIT,107,,6,0.333,0.333,0.333,-0.030,0.1111
2025-12-25,REDDIT,102,,6,0.5,0.333,0.167,0.338,0.1250
2026-04-25,REDDIT,106,10,6,0.333,0.5,0.167,0.172,0.3333
2025-12-12,REDDIT,108,,6,0.167,0.167,0.667,-0.298,0.1111
2026-01-20,REDDIT,110,,4,0.25,0.5,0.25,-0.058,0.1000
2026-01-30,REDDIT,110,,4,0.5,0.25,0.25,0.210,0.1000
2026-02-03,REDDIT,110,,4,0.0,0.5,0.5,-0.300,0.1111
2026-01-24,YOUTUBE,106,10,40,0.525,0.25,0.225,0.245,0.1667
2026-03-10,REDDIT,107,,2,0.5,0.5,0.0,0.345,0.2000
2026-03-08,REDDIT,112,,2,0.5,0.0,0.5,0.165,0.2000
2026-03-10,REDDIT,110,,2,0.5,0.0,0.5,0.030,0.2000
2026-03-12,REDDIT,108,,2,0.0,0.5,0.5,-0.290,0.2000
2026-03-16,REDDIT,106,10,6,0.5,0.0,0.5,0.050,0.2000
2026-03-17,REDDIT,107,,6,0.5,0.333,0.167,0.237,0.2000
2026-03-24,REDDIT,108,,6,0.167,0.333,0.5,-0.185,0.2000
2026-02-12,YOUTUBE,106,10,40,0.35,0.35,0.3,0.059,0.2000
2026-02-12,YOUTUBE,109,8,40,0.275,0.325,0.4,-0.038,0.2000
2025-11-07,REDDIT,104,2,6,0.167,0.5,0.333,-0.120,0.1667
2025-11-13,REDDIT,104,2,2,0.5,0.0,0.5,-0.020,0.1429
2025-11-29,REDDIT,102,,6,0.333,0.5,0.167,0.107,0.1250
2025-11-29,REDDIT,104,2,6,0.333,0.333,0.333,0.015,0.1250
2026-02-09,REDDIT,113,19,4,0.5,0.5,0.0,0.383,0.1111
2026-02-13,REDDIT,114,30,4,0.0,0.75,0.25,-0.195,0.1111
2026-02-23,REDDIT,104,2,4,0.25,0.5,0.25,-0.075,0.1429
2025-12-31,REDDIT,103,,4,0.5,0.0,0.5,0.085,0.1250
2026-01-16,REDDIT,103,,4,0.25,0.25,0.5,-0.153,0.1000
2026-01-17,REDDIT,108,,4,0.25,0.5,0.25,0.085,0.1000
2026-01-14,REDDIT,104,2,4,0.25,0.25,0.5,-0.140,0.1111
2025-11-15,YOUTUBE,105,1,18,0.167,0.333,0.5,-0.168,0.3333
2025-12-21,REDDIT,113,19,6,0.333,0.5,0.167,0.117,0.1250
2025-12-09,YOUTUBE,109,8,40,0.35,0.325,0.325,0.046,0.2500
2026-04-06,REDDIT,106,10,6,0.333,0.5,0.167,0.182,0.3333
2026-04-09,REDDIT,112,,6,0.167,0.333,0.5,-0.240,0.3333
2026-02-25,YOUTUBE,114,30,40,0.3,0.35,0.35,-0.023,0.2500
2026-01-06,YOUTUBE,104,2,40,0.45,0.2,0.35,0.077,0.2500
2025-12-29,REDDIT,103,,4,0.5,0.25,0.25,0.238,0.1250
