TAG_ID,PLATFORM,SOURCE_ID,THEME
6480,REDDIT,4657,Store_UX
6481,REDDIT,4665,Price
6482,REDDIT,4674,Hype
6483,REDDIT,4676,Multiplayer
6484,REDDIT,4680,Hype
6485,REDDIT,4684,Hype
6486,REDDIT,4687,Price
6487,REDDIT,4703,Price
6488,REDDIT,4704,Price
6489,REDDIT,4716,Exclusivity
6490,REDDIT,4730,Bug_Complaint
6491,REDDIT,4737,Store_UX
6492,REDDIT,4746,Multiplayer
6493,REDDIT,4775,Multiplayer
6494,REDDIT,4776,Hype
6495,REDDIT,4781,Store_UX
6496,REDDIT,4782,Hype
6497,REDDIT,4792,Exclusivity
6498,REDDIT,4793,Nostalgia
6499,REDDIT,4801,Multiplayer
6500,REDDIT,4804,Performance
6501,REDDIT,4810,Exclusivity
6502,REDDIT,4814,Nostalgia
6503,REDDIT,4817,Exclusivity
6504,REDDIT,4847,Nostalgia
6505,REDDIT,4866,Performance
6506,REDDIT,4867,Nostalgia
6507,REDDIT,4878,Hype
6508,REDDIT,4892,Hype
6509,REDDIT,4908,Exclusivity
6510,REDDIT,4910,Store_UX
6511,REDDIT,4913,Price
6512,REDDIT,4923,Store_UX
6513,REDDIT,4931,Multiplayer
6514,REDDIT,4935,Bug_Complaint
6515,REDDIT,4940,Bug_Complaint
6516,REDDIT,4943,Nostalgia
6517,REDDIT,4947,Nostalgia
6518,REDDIT,4968,Multiplayer
6519,REDDIT,4973,Store_UX
6520,REDDIT,4996,Performance
6521,REDDIT,5025,Price
6522,REDDIT,5026,Multiplayer
6523,REDDIT,5037,Hype
6524,REDDIT,5043,Hype
6525,REDDIT,5049,Performance
6526,REDDIT,5051,Bug_Complaint
6527,REDDIT,5077,Exclusivity
6528,REDDIT,5085,Bug_Complaint
6529,REDDIT,5103,Multiplayer
6530,REDDIT,5108,Exclusivity
6531,REDDIT,5113,Exclusivity
6532,REDDIT,5115,Bug_Complaint
6533,REDDIT,5119,Store_UX
6534,REDDIT,5162,Multiplayer
6535,REDDIT,5164,Exclusivity
6536,REDDIT,5171,Price
6537,REDDIT,5172,Exclusivity
6538,REDDIT,5175,Multiplayer
6539,REDDIT,5183,Nostalgia
6540,REDDIT,5187,Nostalgia
6541,REDDIT,5192,Multiplayer
6542,REDDIT,5207,Store_UX
6543,REDDIT,5214,Price
6544,REDDIT,5219,Bug_Complaint
6545,REDDIT,5221,Multiplayer
6546,REDDIT,5222,Hype
6547,REDDIT,5230,Bug_Complaint
6548,REDDIT,5248,Price
6549,REDDIT,5255,Exclusivity
6550,REDDIT,5270,Hype
6551,REDDIT,5272,Hype
6552,REDDIT,5280,Performance
6553,REDDIT,5288,Multiplayer
6554,REDDIT,5296,Store_UX
6555,REDDIT,5301,Nostalgia
6556,REDDIT,5305,Nostalgia
6557,REDDIT,5309,Performance
6558,REDDIT,5312,Store_UX
6559,REDDIT,3,Hype
6560,REDDIT,4,Bug_Complaint
6561,REDDIT,8,Bug_Complaint
6562,REDDIT,12,Price
6563,REDDIT,26,Store_UX
6564,REDDIT,41,Hype
6565,REDDIT,50,Exclusivity
6566,REDDIT,51,Hype
6567,REDDIT,61,Performance
6568,REDDIT,64,Price
6569,REDDIT,65,Exclusivity
6570,REDDIT,69,Price
6571,REDDIT,70,Exclusivity
6572,REDDIT,79,Hype
6573,REDDIT,97,Multiplayer
6574,REDDIT,100,Performance
6575,REDDIT,109,Price
6576,REDDIT,115,Multiplayer
6577,REDDIT,121,Store_UX
6578,REDDIT,126,Store_UX
6579,REDDIT,131,Price
6580,REDDIT,146,Price
6581,REDDIT,156,Bug_Complaint
6582,REDDIT,173,Bug_Complaint
6583,REDDIT,177,Bug_Complaint
6584,REDDIT,202,Nostalgia
6585,REDDIT,214,Bug_Complaint
6586,REDDIT,231,Store_UX
6587,REDDIT,232,Price
6588,REDDIT,233,Bug_Complaint
6589,REDDIT,238,Exclusivity
6590,REDDIT,245,Multiplayer
6591,REDDIT,260,Nostalgia
6592,REDDIT,275,Store_UX
6593,REDDIT,278,Price
6594,REDDIT,284,Performance
6595,REDDIT,287,Hype
6596,REDDIT,292,Exclusivity
6597,REDDIT,295,Hype
6598,REDDIT,305,Price
6599,REDDIT,310,Price
6600,REDDIT,329,Exclusivity
6601,REDDIT,330,Exclusivity
6602,REDDIT,337,Hype
6603,REDDIT,342,Price
6604,REDDIT,347,Multiplayer
6605,REDDIT,352,Nostalgia
6606,REDDIT,354,Bug_Complaint
6607,REDDIT,363,Bug_Complaint
6608,REDDIT,367,Performance
6609,REDDIT,368,Performance
6610,REDDIT,383,Multiplayer
6611,REDDIT,398,Nostalgia
6612,REDDIT,400,Nostalgia
6613,REDDIT,407,Hype
6614,REDDIT,414,Store_UX
6615,REDDIT,434,Performance
6616,REDDIT,442,Bug_Complaint
6617,REDDIT,448,Exclusivity
6618,REDDIT,453,Exclusivity
6619,REDDIT,456,Bug_Complaint
6620,REDDIT,462,Store_UX
6621,REDDIT,482,Multiplayer
6622,REDDIT,485,Nostalgia
6623,REDDIT,497,Performance
6624,REDDIT,509,Exclusivity
6625,REDDIT,515,Nostalgia
6626,REDDIT,518,Nostalgia
6627,REDDIT,524,Multiplayer
6628,REDDIT,525,Performance
6629,REDDIT,535,Nostalgia
6630,REDDIT,536,Bug_Complaint
6631,REDDIT,539,Performance
6632,REDDIT,553,Nostalgia
6633,REDDIT,565,Exclusivity
6634,REDDIT,568,Performance
6635,REDDIT,570,Bug_Complaint
6636,REDDIT,571,Multiplayer
6637,REDDIT,574,Nostalgia
6638,REDDIT,584,Store_UX
6639,REDDIT,586,Bug_Complaint
6640,REDDIT,587,Exclusivity
6641,REDDIT,599,Exclusivity
6642,REDDIT,616,Hype
6643,REDDIT,628,Performance
6644,REDDIT,640,Performance
6645,REDDIT,656,Store_UX
6646,REDDIT,660,Hype
6647,YOUTUBE,6,Nostalgia
6648,YOUTUBE,10,Performance
6649,YOUTUBE,11,Exclusivity
6650,YOUTUBE,20,Multiplayer
6651,YOUTUBE,22,Nostalgia
6652,YOUTUBE,27,Exclusivity
6653,YOUTUBE,38,Nostalgia
6654,YOUTUBE,39,Store_UX
6655,YOUTUBE,59,Exclusivity
6656,YOUTUBE,66,Performance
6657,YOUTUBE,71,Store_UX
6658,YOUTUBE,85,Bug_Complaint
6659,YOUTUBE,92,Multiplayer
6660,YOUTUBE,94,Nostalgia
6661,YOUTUBE,101,Bug_Complaint
6662,YOUTUBE,104,Price
6663,YOUTUBE,106,Performance
6664,YOUTUBE,109,Bug_Complaint
6665,YOUTUBE,117,Bug_Complaint
6666,YOUTUBE,130,Performance
6667,YOUTUBE,138,Performance
6668,YOUTUBE,150,Nostalgia
6669,YOUTUBE,154,Performance
6670,YOUTUBE,157,Bug_Complaint
6671,YOUTUBE,161,Hype
6672,YOUTUBE,167,Store_UX
6673,YOUTUBE,185,Hype
6674,YOUTUBE,192,Price
6675,YOUTUBE,199,Store_UX
6676,YOUTUBE,201,Hype
6677,YOUTUBE,202,Performance
6678,YOUTUBE,203,Exclusivity
6679,YOUTUBE,204,Multiplayer
6680,YOUTUBE,210,Performance
6681,YOUTUBE,217,Hype
6682,YOUTUBE,219,Exclusivity
6683,YOUTUBE,229,Bug_Complaint
6684,YOUTUBE,251,Exclusivity
6685,YOUTUBE,280,Price
6686,YOUTUBE,299,Exclusivity
6687,YOUTUBE,303,Store_UX
6688,YOUTUBE,304,Price
6689,YOUTUBE,307,Exclusivity
6690,YOUTUBE,312,Price
6691,YOUTUBE,334,Nostalgia
6692,YOUTUBE,335,Store_UX
6693,YOUTUBE,338,Performance
6694,YOUTUBE,343,Store_UX
6695,YOUTUBE,345,Hype
6696,YOUTUBE,351,Store_UX
6697,YOUTUBE,358,Nostalgia
6698,YOUTUBE,360,Price
6699,YOUTUBE,365,Bug_Complaint
6700,YOUTUBE,366,Nostalgia
6701,YOUTUBE,370,Performance
6702,YOUTUBE,378,Performance
6703,YOUTUBE,383,Store_UX
6704,YOUTUBE,387,Exclusivity
6705,YOUTUBE,391,Store_UX
6706,YOUTUBE,399,Store_UX
6707,YOUTUBE,404,Multiplayer
6708,YOUTUBE,409,Hype
6709,YOUTUBE,411,Exclusivity
6710,YOUTUBE,412,Multiplayer
6711,YOUTUBE,417,Hype
6712,YOUTUBE,421,Bug_Complaint
6713,YOUTUBE,424,Price
6714,YOUTUBE,429,Bug_Complaint
6715,YOUTUBE,438,Nostalgia
6716,YOUTUBE,456,Price
6717,YOUTUBE,465,Hype
6718,YOUTUBE,467,Exclusivity
6719,YOUTUBE,496,Price
6720,YOUTUBE,497,Hype
6721,YOUTUBE,501,Bug_Complaint
6722,YOUTUBE,506,Performance
6723,YOUTUBE,507,Exclusivity
6724,YOUTUBE,510,Nostalgia
6725,YOUTUBE,511,Store_UX
6726,YOUTUBE,525,Bug_Complaint
6727,YOUTUBE,533,Bug_Complaint
6728,YOUTUBE,539,Exclusivity
6729,YOUTUBE,541,Bug_Complaint
6730,YOUTUBE,543,Store_UX
6731,YOUTUBE,556,Multiplayer
6732,YOUTUBE,560,Price
6733,YOUTUBE,565,Bug_Complaint
6734,YOUTUBE,574,Nostalgia
6735,YOUTUBE,582,Nostalgia
6736,YOUTUBE,588,Multiplayer
6737,YOUTUBE,605,Bug_Complaint
6738,YOUTUBE,610,Performance
6739,YOUTUBE,624,Price
6740,YOUTUBE,627,Exclusivity
6741,YOUTUBE,638,Nostalgia
6742,YOUTUBE,647,Store_UX
6743,YOUTUBE,668,Multiplayer
6744,YOUTUBE,671,Store_UX
6745,YOUTUBE,675,Exclusivity
6746,YOUTUBE,682,Performance
6747,YOUTUBE,688,Price
6748,YOUTUBE,702,Nostalgia
6749,YOUTUBE,704,Price
6750,YOUTUBE,721,Hype
6751,YOUTUBE,743,Store_UX
6752,YOUTUBE,745,Hype
6753,YOUTUBE,749,Bug_Complaint
6754,YOUTUBE,761,Hype
6755,YOUTUBE,762,Performance
6756,YOUTUBE,777,Hype
6757,YOUTUBE,796,Multiplayer
6758,YOUTUBE,802,Performance
6759,YOUTUBE,810,Performance
6760,YOUTUBE,822,Nostalgia
6761,YOUTUBE,834,Performance
6762,YOUTUBE,838,Nostalgia
6763,YOUTUBE,846,Nostalgia
6764,YOUTUBE,848,Price
6765,YOUTUBE,851,Exclusivity
6766,YOUTUBE,862,Nostalgia
6767,YOUTUBE,870,Nostalgia
6768,YOUTUBE,873,Hype
6769,YOUTUBE,878,Nostalgia
6770,YOUTUBE,895,Store_UX
6771,YOUTUBE,910,Nostalgia
6772,YOUTUBE,915,Exclusivity
6773,YOUTUBE,926,Nostalgia
6774,YOUTUBE,932,Multiplayer
6775,YOUTUBE,943,Store_UX
6776,YOUTUBE,956,Multiplayer
6777,YOUTUBE,957,Bug_Complaint
6778,YOUTUBE,960,Price
6779,YOUTUBE,978,Performance
6780,YOUTUBE,979,Exclusivity
6781,YOUTUBE,989,Bug_Complaint
6782,YOUTUBE,992,Price
6783,YOUTUBE,1000,Price
6784,YOUTUBE,1001,Hype
6785,YOUTUBE,1009,Hype
6786,YOUTUBE,1013,Bug_Complaint
6787,YOUTUBE,1017,Hype
6788,YOUTUBE,1031,Store_UX
6789,YOUTUBE,1032,Price
6790,YOUTUBE,1037,Bug_Complaint
6791,YOUTUBE,1039,Store_UX
6792,YOUTUBE,1043,Exclusivity
6793,YOUTUBE,1068,Multiplayer
6794,YOUTUBE,1070,Nostalgia
6795,YOUTUBE,1072,Price
6796,YOUTUBE,1078,Nostalgia
6797,YOUTUBE,1082,Performance
6798,YOUTUBE,1094,Nostalgia
6799,YOUTUBE,1102,Nostalgia
6800,YOUTUBE,1103,Store_UX
6801,YOUTUBE,1130,Performance
6802,YOUTUBE,1137,Hype
6803,YOUTUBE,1143,Store_UX
6804,YOUTUBE,1152,Price
6805,YOUTUBE,1186,Performance
6806,YOUTUBE,1198,Nostalgia
6807,YOUTUBE,1200,Price
6808,YOUTUBE,1207,Store_UX
6809,YOUTUBE,1225,Hype
6810,YOUTUBE,1249,Hype
6811,YOUTUBE,1251,Exclusivity
6812,YOUTUBE,1268,Multiplayer
6813,YOUTUBE,1283,Exclusivity
6814,YOUTUBE,1284,Multiplayer
6815,YOUTUBE,1285,Bug_Complaint
6816,YOUTUBE,1287,Store_UX
6817,YOUTUBE,1296,Price
6818,YOUTUBE,1298,Performance
6819,YOUTUBE,1306,Performance
6820,YOUTUBE,1307,Exclusivity
6821,YOUTUBE,1309,Bug_Complaint
6822,YOUTUBE,1327,Store_UX
6823,YOUTUBE,1328,Price
6824,YOUTUBE,1341,Bug_Complaint
6825,YOUTUBE,1343,Store_UX
6826,YOUTUBE,1348,Multiplayer
6827,YOUTUBE,1361,Hype
6828,YOUTUBE,1362,Performance
6829,YOUTUBE,1363,Exclusivity
6830,YOUTUBE,1381,Bug_Complaint
6831,YOUTUBE,1387,Exclusivity
6832,YOUTUBE,1405,Bug_Complaint
6833,YOUTUBE,1418,Performance
6834,YOUTUBE,1419,Exclusivity
6835,YOUTUBE,1445,Bug_Complaint
6836,YOUTUBE,1446,Nostalgia
6837,YOUTUBE,1448,Price
6838,YOUTUBE,1457,Hype
6839,YOUTUBE,1458,Performance
6840,YOUTUBE,1471,Store_UX
6841,YOUTUBE,1482,Performance
6842,YOUTUBE,1489,Hype
6843,YOUTUBE,1492,Multiplayer
6844,YOUTUBE,1494,Nostalgia
6845,YOUTUBE,1497,Hype
6846,YOUTUBE,1500,Multiplayer
6847,YOUTUBE,1502,Nostalgia
6848,YOUTUBE,1503,Store_UX
6849,YOUTUBE,1525,Bug_Complaint
6850,YOUTUBE,1531,Exclusivity
6851,YOUTUBE,1544,Price
6852,YOUTUBE,1555,Exclusivity
6853,YOUTUBE,1556,Multiplayer
6854,YOUTUBE,1563,Exclusivity
6855,YOUTUBE,1594,Performance
6856,YOUTUBE,1597,Bug_Complaint
6857,YOUTUBE,1603,Exclusivity
6858,YOUTUBE,1608,Price
6859,YOUTUBE,1621,Bug_Complaint
6860,YOUTUBE,1647,Store_UX
6861,YOUTUBE,1651,Exclusivity
6862,YOUTUBE,1653,Bug_Complaint
6863,YOUTUBE,1654,Nostalgia
6864,YOUTUBE,1660,Multiplayer
6865,YOUTUBE,1662,Nostalgia
6866,YOUTUBE,1665,Hype
6867,YOUTUBE,1678,Nostalgia
6868,YOUTUBE,1706,Performance
6869,YOUTUBE,1707,Exclusivity
6870,YOUTUBE,1718,Nostalgia
6871,YOUTUBE,1724,Multiplayer
6872,YOUTUBE,1731,Exclusivity
6873,YOUTUBE,1734,Nostalgia
6874,YOUTUBE,1742,Nostalgia
6875,YOUTUBE,1752,Price
6876,YOUTUBE,1756,Multiplayer
6877,YOUTUBE,1759,Store_UX
6878,YOUTUBE,1760,Price
6879,YOUTUBE,1763,Exclusivity
6880,YOUTUBE,1769,Hype
6881,YOUTUBE,1771,Exclusivity
6882,YOUTUBE,1781,Bug_Complaint
6883,YOUTUBE,1790,Nostalgia
6884,YOUTUBE,1800,Price
6885,YOUTUBE,1807,Store_UX
6886,YOUTUBE,1812,Multiplayer
6887,YOUTUBE,1822,Nostalgia
6888,YOUTUBE,1826,Performance
6889,YOUTUBE,1835,Exclusivity
6890,YOUTUBE,1837,Bug_Complaint
6891,YOUTUBE,1838,Nostalgia
6892,YOUTUBE,1845,Bug_Complaint
6893,YOUTUBE,1847,Store_UX
6894,YOUTUBE,1860,Multiplayer
6895,YOUTUBE,1878,Nostalgia
6896,YOUTUBE,1887,Store_UX
6897,YOUTUBE,1889,Hype
6898,YOUTUBE,1892,Multiplayer
6899,YOUTUBE,1895,Store_UX
6900,YOUTUBE,1897,Hype
6901,YOUTUBE,1931,Exclusivity
6902,YOUTUBE,1941,Bug_Complaint
6903,YOUTUBE,1944,Price
6904,YOUTUBE,1948,Multiplayer
6905,YOUTUBE,1955,Exclusivity
6906,YOUTUBE,1972,Multiplayer
6907,YOUTUBE,1975,Store_UX
6908,YOUTUBE,1976,Price
6909,YOUTUBE,1979,Exclusivity
6910,YOUTUBE,1980,Multiplayer
6911,YOUTUBE,1993,Hype
6912,YOUTUBE,1994,Performance
6913,YOUTUBE,1995,Exclusivity
6914,YOUTUBE,1997,Bug_Complaint
6915,YOUTUBE,2009,Hype
6916,YOUTUBE,2013,Bug_Complaint
6917,YOUTUBE,2037,Bug_Complaint
6918,YOUTUBE,2074,Performance
6919,YOUTUBE,2109,Bug_Complaint
6920,YOUTUBE,2111,Store_UX
6921,YOUTUBE,2112,Price
6922,YOUTUBE,2117,Bug_Complaint
6923,YOUTUBE,2118,Nostalgia
6924,YOUTUBE,2143,Store_UX
6925,YOUTUBE,2146,Performance
6926,YOUTUBE,2168,Price
6927,YOUTUBE,2171,Exclusivity
6928,YOUTUBE,2220,Multiplayer
6929,YOUTUBE,2221,Bug_Complaint
6930,YOUTUBE,2223,Store_UX
6931,YOUTUBE,2226,Performance
6932,YOUTUBE,2230,Nostalgia
6933,YOUTUBE,2239,Store_UX
6934,YOUTUBE,2242,Performance
6935,YOUTUBE,2243,Exclusivity
6936,YOUTUBE,2248,Price
6937,YOUTUBE,2268,Multiplayer
6938,YOUTUBE,2275,Exclusivity
6939,YOUTUBE,2283,Exclusivity
6940,YOUTUBE,2286,Nostalgia
6941,YOUTUBE,2290,Performance
6942,YOUTUBE,2292,Multiplayer
6943,YOUTUBE,2295,Store_UX
6944,YOUTUBE,2306,Performance
6945,YOUTUBE,2309,Bug_Complaint
6946,YOUTUBE,2311,Store_UX
6947,YOUTUBE,2324,Multiplayer
6948,YOUTUBE,2338,Performance
6949,YOUTUBE,2345,Hype
6950,YOUTUBE,2347,Exclusivity
6951,YOUTUBE,2350,Nostalgia
6952,YOUTUBE,2351,Store_UX
6953,YOUTUBE,2369,Hype
6954,YOUTUBE,2409,Hype
6955,YOUTUBE,2433,Hype
6956,YOUTUBE,2438,Nostalgia
6957,YOUTUBE,2441,Hype
6958,YOUTUBE,2443,Exclusivity
6959,YOUTUBE,2449,Hype
6960,YOUTUBE,2453,Bug_Complaint
6961,YOUTUBE,2456,Price
6962,YOUTUBE,2459,Exclusivity
6963,YOUTUBE,2462,Nostalgia
6964,YOUTUBE,2466,Performance
6965,YOUTUBE,2469,Bug_Complaint
6966,YOUTUBE,2471,Store_UX
6967,YOUTUBE,2480,Price
6968,YOUTUBE,2481,Hype
6969,YOUTUBE,2490,Performance
6970,YOUTUBE,2492,Multiplayer
6971,YOUTUBE,2493,Bug_Complaint
6972,YOUTUBE,2496,Price
6973,YOUTUBE,2503,Store_UX
6974,YOUTUBE,2512,Price
6975,YOUTUBE,2515,Exclusivity
6976,YOUTUBE,2520,Price
6977,YOUTUBE,2536,Price
6978,YOUTUBE,2547,Exclusivity
6979,YOUTUBE,2551,Store_UX
6980,REDDIT,1333,Multiplayer
6981,REDDIT,1334,Store_UX
6982,REDDIT,1338,Price
6983,REDDIT,1342,Price
6984,REDDIT,1356,Bug_Complaint
6985,REDDIT,1371,Bug_Complaint
6986,REDDIT,1380,Nostalgia
6987,REDDIT,1381,Multiplayer
6988,REDDIT,1391,Performance
6989,REDDIT,1394,Nostalgia
6990,REDDIT,1395,Performance
6991,REDDIT,1399,Store_UX
6992,REDDIT,1400,Store_UX
6993,REDDIT,1409,Store_UX
6994,REDDIT,1427,Hype
6995,REDDIT,1430,Exclusivity
6996,REDDIT,1439,Bug_Complaint
6997,REDDIT,1445,Nostalgia
6998,REDDIT,1451,Performance
6999,REDDIT,1456,Multiplayer
7000,REDDIT,1461,Performance
7001,REDDIT,1476,Price
7002,REDDIT,1486,Price
7003,REDDIT,1503,Store_UX
7004,REDDIT,1507,Exclusivity
7005,REDDIT,1532,Exclusivity
7006,REDDIT,1544,Performance
7007,REDDIT,1561,Bug_Complaint
7008,REDDIT,1562,Multiplayer
7009,REDDIT,1563,Multiplayer
7010,REDDIT,1568,Bug_Complaint
7011,REDDIT,1575,Exclusivity
7012,REDDIT,1590,Store_UX
7013,REDDIT,1605,Multiplayer
7014,REDDIT,1608,Bug_Complaint
7015,REDDIT,1614,Price
7016,REDDIT,1617,Price
7017,REDDIT,1622,Nostalgia
7018,REDDIT,1625,Price
7019,REDDIT,1635,Hype
7020,REDDIT,1640,Bug_Complaint
7021,REDDIT,1659,Performance
7022,REDDIT,1660,Exclusivity
7023,REDDIT,1667,Performance
7024,REDDIT,1672,Hype
7025,REDDIT,1677,Multiplayer
7026,REDDIT,1682,Performance
7027,REDDIT,1684,Store_UX
7028,REDDIT,1693,Price
7029,REDDIT,1697,Multiplayer
7030,REDDIT,1698,Nostalgia
7031,REDDIT,1713,Bug_Complaint
7032,REDDIT,1728,Multiplayer
7033,REDDIT,1730,Price
7034,REDDIT,1737,Hype
7035,REDDIT,1744,Multiplayer
7036,REDDIT,1764,Bug_Complaint
7037,REDDIT,1772,Store_UX
7038,REDDIT,1778,Multiplayer
7039,REDDIT,1783,Multiplayer
7040,REDDIT,1786,Exclusivity
7041,REDDIT,1792,Exclusivity
7042,REDDIT,1812,Nostalgia
7043,REDDIT,1815,Hype
7044,REDDIT,1827,Performance
7045,REDDIT,1839,Exclusivity
7046,REDDIT,1845,Multiplayer
7047,REDDIT,1848,Performance
7048,REDDIT,1854,Price
7049,REDDIT,1855,Multiplayer
7050,REDDIT,1865,Performance
7051,REDDIT,1866,Performance
7052,REDDIT,1869,Store_UX
7053,REDDIT,1883,Hype
7054,REDDIT,1895,Store_UX
7055,REDDIT,1898,Multiplayer
7056,REDDIT,1900,Multiplayer
7057,REDDIT,1901,Bug_Complaint
7058,REDDIT,1904,Hype
7059,REDDIT,1914,Performance
7060,REDDIT,1916,Exclusivity
7061,REDDIT,1917,Exclusivity
7062,REDDIT,1929,Price
7063,REDDIT,1946,Multiplayer
7064,REDDIT,1958,Multiplayer
7065,REDDIT,1970,Price
7066,REDDIT,1986,Performance
7067,REDDIT,1990,Exclusivity
7068,REDDIT,3996,Nostalgia
7069,REDDIT,4000,Multiplayer
7070,REDDIT,4001,Nostalgia
7071,REDDIT,4010,Price
7072,REDDIT,4012,Bug_Complaint
7073,REDDIT,4017,Bug_Complaint
7074,REDDIT,4028,Performance
7075,REDDIT,4029,Nostalgia
7076,REDDIT,4049,Performance
7077,REDDIT,4056,Bug_Complaint
7078,REDDIT,4061,Multiplayer
7079,REDDIT,4075,Bug_Complaint
7080,REDDIT,4082,Exclusivity
7081,REDDIT,4084,Bug_Complaint
7082,REDDIT,4091,Price
7083,REDDIT,4094,Exclusivity
7084,REDDIT,4096,Exclusivity
7085,REDDIT,4099,Price
7086,REDDIT,4107,Hype
7087,REDDIT,4120,Hype
7088,REDDIT,4128,Nostalgia
7089,REDDIT,4140,Performance
7090,REDDIT,4144,Price
7091,REDDIT,4147,Performance
7092,REDDIT,4151,Exclusivity
7093,REDDIT,4157,Exclusivity
7094,REDDIT,4175,Hype
7095,REDDIT,4182,Multiplayer
7096,REDDIT,4189,Hype
7097,REDDIT,4191,Multiplayer
7098,REDDIT,4192,Store_UX
7099,REDDIT,4193,Nostalgia
7100,REDDIT,4194,Bug_Complaint
7101,REDDIT,4200,Price
7102,REDDIT,4207,Bug_Complaint
7103,REDDIT,4209,Bug_Complaint
7104,REDDIT,4219,Bug_Complaint
7105,REDDIT,4241,Performance
7106,REDDIT,4270,Multiplayer
7107,REDDIT,4289,Performance
7108,REDDIT,4293,Multiplayer
7109,REDDIT,4294,Bug_Complaint
7110,REDDIT,4297,Price
7111,REDDIT,4302,Bug_Complaint
7112,REDDIT,4324,Price
7113,REDDIT,4325,Store_UX
7114,REDDIT,4328,Performance
7115,REDDIT,4333,Exclusivity
7116,REDDIT,4335,Nostalgia
7117,REDDIT,4341,Bug_Complaint
7118,REDDIT,4348,Price
7119,REDDIT,4350,Store_UX
7120,REDDIT,4355,Performance
7121,REDDIT,4356,Performance
7122,REDDIT,4360,Store_UX
7123,REDDIT,4368,Multiplayer
7124,REDDIT,4373,Store_UX
7125,REDDIT,4377,Nostalgia
7126,REDDIT,4381,Bug_Complaint
7127,REDDIT,4389,Nostalgia
7128,REDDIT,4394,Price
7129,REDDIT,4399,Price
7130,REDDIT,4401,Hype
7131,REDDIT,4402,Exclusivity
7132,REDDIT,4407,Exclusivity
7133,REDDIT,4411,Hype
7134,REDDIT,4414,Multiplayer
7135,REDDIT,4419,Hype
7136,REDDIT,4428,Multiplayer
7137,REDDIT,4446,Exclusivity
7138,REDDIT,4455,Nostalgia
7139,REDDIT,4457,Store_UX
7140,REDDIT,4486,Price
7141,REDDIT,4487,Bug_Complaint
7142,REDDIT,4491,Exclusivity
7143,REDDIT,4496,Bug_Complaint
7144,REDDIT,4497,Performance
7145,REDDIT,4500,Performance
7146,REDDIT,4501,Nostalgia
7147,REDDIT,4515,Multiplayer
7148,REDDIT,4523,Price
7149,REDDIT,4529,Store_UX
7150,REDDIT,4531,Performance
7151,REDDIT,4533,Nostalgia
7152,REDDIT,4546,Multiplayer
7153,REDDIT,4550,Exclusivity
7154,REDDIT,4555,Store_UX
7155,REDDIT,4564,Performance
7156,REDDIT,4572,Multiplayer
7157,REDDIT,4578,Store_UX
7158,REDDIT,4595,Bug_Complaint
7159,REDDIT,4600,Exclusivity
7160,REDDIT,4614,Performance
7161,REDDIT,4617,Exclusivity
7162,REDDIT,4628,Multiplayer
7163,REDDIT,4637,Hype
7164,YOUTUBE,2562,Performance
7165,YOUTUBE,2565,Bug_Complaint
7166,YOUTUBE,2569,Hype
7167,YOUTUBE,2576,Price
7168,YOUTUBE,2582,Nostalgia
7169,YOUTUBE,2596,Multiplayer
7170,YOUTUBE,2598,Nostalgia
7171,YOUTUBE,2615,Store_UX
7172,YOUTUBE,2637,Bug_Complaint
7173,YOUTUBE,2639,Store_UX
7174,YOUTUBE,2643,Exclusivity
7175,YOUTUBE,2655,Store_UX
7176,YOUTUBE,2656,Price
7177,YOUTUBE,2671,Store_UX
7178,YOUTUBE,2690,Performance
7179,YOUTUBE,2696,Price
7180,YOUTUBE,2704,Price
7181,YOUTUBE,2716,Multiplayer
7182,YOUTUBE,2728,Price
7183,YOUTUBE,2732,Multiplayer
7184,YOUTUBE,2740,Multiplayer
7185,YOUTUBE,2742,Nostalgia
7186,YOUTUBE,2745,Hype
7187,YOUTUBE,2756,Multiplayer
7188,YOUTUBE,2764,Multiplayer
7189,YOUTUBE,2767,Store_UX
7190,YOUTUBE,2772,Multiplayer
7191,YOUTUBE,2789,Bug_Complaint
7192,YOUTUBE,2804,Multiplayer
7193,YOUTUBE,2809,Hype
7194,YOUTUBE,2820,Multiplayer
7195,YOUTUBE,2826,Performance
7196,YOUTUBE,2837,Bug_Complaint
7197,YOUTUBE,2850,Performance
7198,YOUTUBE,2851,Exclusivity
7199,YOUTUBE,2854,Nostalgia
7200,YOUTUBE,2872,Price
7201,YOUTUBE,2873,Hype
7202,YOUTUBE,2883,Exclusivity
7203,YOUTUBE,2886,Nostalgia
7204,YOUTUBE,2894,Nostalgia
7205,YOUTUBE,2895,Store_UX
7206,YOUTUBE,2903,Store_UX
7207,YOUTUBE,2907,Exclusivity
7208,YOUTUBE,2911,Store_UX
7209,YOUTUBE,2925,Bug_Complaint
7210,YOUTUBE,2926,Nostalgia
7211,YOUTUBE,2931,Exclusivity
7212,YOUTUBE,2933,Bug_Complaint
7213,YOUTUBE,2937,Hype
7214,YOUTUBE,2962,Performance
7215,YOUTUBE,2964,Multiplayer
7216,YOUTUBE,2966,Nostalgia
7217,YOUTUBE,2972,Multiplayer
7218,YOUTUBE,2976,Price
7219,YOUTUBE,2988,Multiplayer
7220,YOUTUBE,2996,Multiplayer
7221,YOUTUBE,2997,Bug_Complaint
7222,YOUTUBE,3024,Price
7223,YOUTUBE,3031,Store_UX
7224,YOUTUBE,3037,Bug_Complaint
7225,YOUTUBE,3046,Nostalgia
7226,YOUTUBE,3080,Price
7227,YOUTUBE,3092,Multiplayer
7228,YOUTUBE,3094,Nostalgia
7229,YOUTUBE,3101,Bug_Complaint
7230,YOUTUBE,3119,Store_UX
7231,YOUTUBE,3143,Store_UX
7232,YOUTUBE,3145,Hype
7233,YOUTUBE,3162,Performance
7234,YOUTUBE,3177,Hype
7235,YOUTUBE,3178,Performance
7236,YOUTUBE,3179,Exclusivity
7237,YOUTUBE,3181,Bug_Complaint
7238,YOUTUBE,3190,Nostalgia
7239,YOUTUBE,3192,Price
7240,YOUTUBE,3200,Price
7241,YOUTUBE,3201,Hype
7242,YOUTUBE,3203,Exclusivity
7243,YOUTUBE,3221,Bug_Complaint
7244,YOUTUBE,3222,Nostalgia
7245,YOUTUBE,3235,Exclusivity
7246,YOUTUBE,3237,Bug_Complaint
7247,YOUTUBE,3242,Performance
7248,YOUTUBE,3255,Store_UX
7249,YOUTUBE,3256,Price
7250,YOUTUBE,3257,Hype
7251,YOUTUBE,3275,Exclusivity
7252,YOUTUBE,3281,Hype
7253,YOUTUBE,3299,Exclusivity
7254,YOUTUBE,3312,Price
7255,YOUTUBE,3313,Hype
7256,YOUTUBE,3339,Exclusivity
7257,YOUTUBE,3340,Multiplayer
7258,YOUTUBE,3342,Nostalgia
7259,YOUTUBE,3351,Store_UX
7260,YOUTUBE,3352,Price
7261,YOUTUBE,3365,Bug_Complaint
7262,YOUTUBE,3376,Price
7263,YOUTUBE,3383,Store_UX
7264,YOUTUBE,3386,Performance
7265,YOUTUBE,3388,Multiplayer
7266,YOUTUBE,3391,Store_UX
7267,YOUTUBE,3394,Performance
7268,YOUTUBE,3396,Multiplayer
7269,YOUTUBE,3397,Bug_Complaint
7270,YOUTUBE,3419,Exclusivity
7271,YOUTUBE,3425,Hype
7272,YOUTUBE,3438,Nostalgia
7273,YOUTUBE,3449,Hype
7274,YOUTUBE,3450,Performance
7275,YOUTUBE,3457,Hype
7276,YOUTUBE,3488,Price
7277,YOUTUBE,3491,Exclusivity
7278,YOUTUBE,3497,Hype
7279,YOUTUBE,3502,Nostalgia
7280,YOUTUBE,3515,Exclusivity
7281,YOUTUBE,3541,Bug_Complaint
7282,YOUTUBE,3545,Hype
7283,YOUTUBE,3547,Exclusivity
7284,YOUTUBE,3548,Multiplayer
7285,YOUTUBE,3554,Performance
7286,YOUTUBE,3556,Multiplayer
7287,YOUTUBE,3559,Store_UX
7288,YOUTUBE,3572,Multiplayer
7289,YOUTUBE,3600,Price
7290,YOUTUBE,3601,Hype
7291,YOUTUBE,3612,Multiplayer
7292,YOUTUBE,3618,Performance
7293,YOUTUBE,3625,Hype
7294,YOUTUBE,3628,Multiplayer
7295,YOUTUBE,3636,Multiplayer
7296,YOUTUBE,3646,Nostalgia
7297,YOUTUBE,3650,Performance
7298,YOUTUBE,3653,Bug_Complaint
7299,YOUTUBE,3654,Nostalgia
7300,YOUTUBE,3657,Hype
7301,YOUTUBE,3663,Store_UX
7302,YOUTUBE,3665,Hype
7303,YOUTUBE,3675,Exclusivity
7304,YOUTUBE,3684,Multiplayer
7305,YOUTUBE,3694,Nostalgia
7306,YOUTUBE,3701,Bug_Complaint
7307,YOUTUBE,3706,Performance
7308,YOUTUBE,3716,Multiplayer
7309,YOUTUBE,3720,Price
7310,YOUTUBE,3729,Hype
7311,YOUTUBE,3731,Exclusivity
7312,YOUTUBE,3732,Multiplayer
7313,YOUTUBE,3739,Exclusivity
7314,YOUTUBE,3741,Bug_Complaint
7315,YOUTUBE,3754,Performance
7316,YOUTUBE,3772,Multiplayer
7317,YOUTUBE,3781,Bug_Complaint
7318,YOUTUBE,3783,Store_UX
7319,YOUTUBE,3786,Performance
7320,YOUTUBE,3789,Bug_Complaint
7321,YOUTUBE,3791,Store_UX
7322,YOUTUBE,3825,Hype
7323,YOUTUBE,3835,Exclusivity
7324,YOUTUBE,3838,Nostalgia
7325,YOUTUBE,3842,Performance
7326,YOUTUBE,3849,Hype
7327,YOUTUBE,3866,Performance
7328,YOUTUBE,3869,Bug_Complaint
7329,YOUTUBE,3870,Nostalgia
7330,YOUTUBE,3873,Hype
7331,YOUTUBE,3874,Performance
7332,YOUTUBE,3887,Store_UX
7333,YOUTUBE,3888,Price
7334,YOUTUBE,3889,Hype
7335,YOUTUBE,3891,Exclusivity
7336,YOUTUBE,3903,Store_UX
7337,YOUTUBE,3907,Exclusivity
7338,YOUTUBE,3931,Exclusivity
7339,YOUTUBE,3968,Price
7340,YOUTUBE,4003,Exclusivity
7341,YOUTUBE,4005,Bug_Complaint
7342,YOUTUBE,4006,Nostalgia
7343,YOUTUBE,4011,Exclusivity
7344,YOUTUBE,4012,Multiplayer
7345,YOUTUBE,4037,Bug_Complaint
7346,YOUTUBE,4040,Price
7347,YOUTUBE,4062,Nostalgia
7348,YOUTUBE,4065,Hype
7349,YOUTUBE,4114,Performance
7350,YOUTUBE,4115,Exclusivity
7351,YOUTUBE,4117,Bug_Complaint
7352,YOUTUBE,4120,Price
7353,YOUTUBE,4124,Multiplayer
7354,YOUTUBE,4133,Bug_Complaint
7355,YOUTUBE,4136,Price
7356,YOUTUBE,4137,Hype
7357,YOUTUBE,4142,Nostalgia
7358,YOUTUBE,4162,Performance
7359,YOUTUBE,4169,Hype
7360,YOUTUBE,4177,Hype
7361,YOUTUBE,4180,Multiplayer
7362,YOUTUBE,4184,Price
7363,YOUTUBE,4186,Performance
7364,YOUTUBE,4189,Bug_Complaint
7365,YOUTUBE,4200,Price
7366,YOUTUBE,4203,Exclusivity
7367,YOUTUBE,4205,Bug_Complaint
7368,YOUTUBE,4218,Performance
7369,YOUTUBE,4232,Price
7370,YOUTUBE,4239,Store_UX
7371,YOUTUBE,4241,Hype
7372,YOUTUBE,4244,Multiplayer
7373,YOUTUBE,4245,Bug_Complaint
7374,YOUTUBE,4263,Store_UX
7375,YOUTUBE,4303,Store_UX
7376,YOUTUBE,4327,Store_UX
7377,YOUTUBE,4332,Multiplayer
7378,YOUTUBE,4335,Store_UX
7379,YOUTUBE,4337,Hype
7380,YOUTUBE,4343,Store_UX
7381,YOUTUBE,4347,Exclusivity
7382,YOUTUBE,4350,Nostalgia
7383,YOUTUBE,4353,Hype
7384,YOUTUBE,4356,Multiplayer
7385,YOUTUBE,4360,Price
7386,YOUTUBE,4363,Exclusivity
7387,YOUTUBE,4365,Bug_Complaint
7388,YOUTUBE,4374,Nostalgia
7389,YOUTUBE,4375,Store_UX
7390,YOUTUBE,4384,Price
7391,YOUTUBE,4386,Performance
7392,YOUTUBE,4387,Exclusivity
7393,YOUTUBE,4390,Nostalgia
7394,YOUTUBE,4397,Bug_Complaint
7395,YOUTUBE,4406,Nostalgia
7396,YOUTUBE,4409,Hype
7397,YOUTUBE,4414,Nostalgia
7398,YOUTUBE,4430,Nostalgia
7399,YOUTUBE,4441,Hype
7400,YOUTUBE,4445,Bug_Complaint
7401,YOUTUBE,4460,Multiplayer
7402,YOUTUBE,4464,Price
7403,YOUTUBE,4478,Nostalgia
7404,YOUTUBE,4484,Multiplayer
7405,YOUTUBE,4491,Exclusivity
7406,YOUTUBE,4495,Store_UX
7407,YOUTUBE,4498,Performance
7408,YOUTUBE,4515,Exclusivity
7409,YOUTUBE,4522,Performance
7410,YOUTUBE,4536,Price
7411,YOUTUBE,4540,Multiplayer
7412,YOUTUBE,4545,Hype
7413,YOUTUBE,4554,Performance
7414,YOUTUBE,4555,Exclusivity
7415,YOUTUBE,4560,Price
7416,YOUTUBE,4572,Multiplayer
7417,YOUTUBE,4591,Store_UX
7418,YOUTUBE,4600,Price
7419,YOUTUBE,4608,Price
7420,YOUTUBE,4615,Store_UX
7421,YOUTUBE,4658,Performance
7422,YOUTUBE,4661,Bug_Complaint
7423,YOUTUBE,4673,Hype
7424,YOUTUBE,4675,Exclusivity
7425,YOUTUBE,4707,Exclusivity
7426,YOUTUBE,4708,Multiplayer
7427,YOUTUBE,4722,Performance
7428,YOUTUBE,4723,Exclusivity
7429,YOUTUBE,4728,Price
7430,YOUTUBE,4733,Bug_Complaint
7431,YOUTUBE,4734,Nostalgia
7432,YOUTUBE,4736,Price
7433,YOUTUBE,4743,Store_UX
7434,YOUTUBE,4747,Exclusivity
7435,YOUTUBE,4752,Price
7436,YOUTUBE,4753,Hype
7437,YOUTUBE,4759,Store_UX
7438,YOUTUBE,4770,Performance
7439,YOUTUBE,4772,Multiplayer
7440,YOUTUBE,4773,Bug_Complaint
7441,YOUTUBE,4785,Hype
7442,YOUTUBE,4790,Nostalgia
7443,YOUTUBE,4811,Exclusivity
7444,YOUTUBE,4818,Performance
7445,YOUTUBE,4828,Multiplayer
7446,YOUTUBE,4834,Performance
7447,YOUTUBE,4840,Price
7448,YOUTUBE,4849,Hype
7449,YOUTUBE,4852,Multiplayer
7450,YOUTUBE,4867,Exclusivity
7451,YOUTUBE,4871,Store_UX
7452,YOUTUBE,4875,Exclusivity
7453,YOUTUBE,4885,Bug_Complaint
7454,YOUTUBE,4889,Hype
7455,YOUTUBE,4890,Performance
7456,YOUTUBE,4896,Price
7457,YOUTUBE,4897,Hype
7458,YOUTUBE,4901,Bug_Complaint
7459,YOUTUBE,4907,Exclusivity
7460,YOUTUBE,4908,Multiplayer
7461,YOUTUBE,4913,Hype
7462,YOUTUBE,4918,Nostalgia
7463,YOUTUBE,4920,Price
7464,YOUTUBE,4927,Store_UX
7465,YOUTUBE,4930,Performance
7466,YOUTUBE,4937,Hype
7467,YOUTUBE,4938,Performance
7468,YOUTUBE,4948,Multiplayer
7469,YOUTUBE,4959,Store_UX
7470,YOUTUBE,4975,Store_UX
7471,YOUTUBE,4988,Multiplayer
7472,YOUTUBE,4990,Nostalgia
7473,YOUTUBE,4993,Hype
7474,YOUTUBE,4994,Performance
7475,YOUTUBE,4995,Exclusivity
7476,YOUTUBE,4999,Store_UX
7477,YOUTUBE,5000,Price
7478,YOUTUBE,5005,Bug_Complaint
7479,YOUTUBE,5006,Nostalgia
7480,YOUTUBE,5008,Price
7481,YOUTUBE,5015,Store_UX
7482,YOUTUBE,5027,Exclusivity
7483,YOUTUBE,5043,Exclusivity
7484,YOUTUBE,5089,Hype
7485,YOUTUBE,5093,Bug_Complaint
7486,YOUTUBE,5094,Nostalgia
7487,YOUTUBE,5095,Store_UX
7488,YOUTUBE,5096,Price
7489,YOUTUBE,5109,Bug_Complaint
7490,YOUTUBE,5113,Hype
7491,REDDIT,1998,Exclusivity
7492,REDDIT,1999,Price
7493,REDDIT,2003,Price
7494,REDDIT,2007,Nostalgia
7495,REDDIT,2021,Bug_Complaint
7496,REDDIT,2036,Exclusivity
7497,REDDIT,2045,Exclusivity
7498,REDDIT,2046,Exclusivity
7499,REDDIT,2056,Store_UX
7500,REDDIT,2059,Performance
7501,REDDIT,2060,Hype
7502,REDDIT,2064,Exclusivity
7503,REDDIT,2065,Exclusivity
7504,REDDIT,2074,Store_UX
7505,REDDIT,2092,Store_UX
7506,REDDIT,2095,Price
7507,REDDIT,2104,Multiplayer
7508,REDDIT,2110,Bug_Complaint
7509,REDDIT,2116,Performance
7510,REDDIT,2121,Multiplayer
7511,REDDIT,2126,Exclusivity
7512,REDDIT,2141,Bug_Complaint
7513,REDDIT,2151,Price
7514,REDDIT,2168,Price
7515,REDDIT,2172,Bug_Complaint
7516,REDDIT,2197,Bug_Complaint
7517,REDDIT,2209,Price
7518,REDDIT,2226,Exclusivity
7519,REDDIT,2227,Multiplayer
7520,REDDIT,2228,Store_UX
7521,REDDIT,2233,Price
7522,REDDIT,2240,Bug_Complaint
7523,REDDIT,2255,Hype
7524,REDDIT,2270,Store_UX
7525,REDDIT,2273,Bug_Complaint
7526,REDDIT,2279,Multiplayer
7527,REDDIT,2282,Hype
7528,REDDIT,2287,Bug_Complaint
7529,REDDIT,2290,Exclusivity
7530,REDDIT,2300,Store_UX
7531,REDDIT,2305,Multiplayer
7532,REDDIT,2324,Multiplayer
7533,REDDIT,2325,Store_UX
7534,REDDIT,2332,Nostalgia
7535,REDDIT,2337,Exclusivity
7536,REDDIT,2342,Performance
7537,REDDIT,2347,Exclusivity
7538,REDDIT,2349,Exclusivity
7539,REDDIT,2358,Nostalgia
7540,REDDIT,2362,Nostalgia
7541,REDDIT,2363,Price
7542,REDDIT,2378,Store_UX
7543,REDDIT,2393,Multiplayer
7544,REDDIT,2395,Performance
7545,REDDIT,2402,Bug_Complaint
7546,REDDIT,2409,Store_UX
7547,REDDIT,2429,Bug_Complaint
7548,REDDIT,2437,Price
7549,REDDIT,2443,Performance
7550,REDDIT,2448,Multiplayer
7551,REDDIT,2451,Exclusivity
7552,REDDIT,2457,Bug_Complaint
7553,REDDIT,2477,Store_UX
7554,REDDIT,2480,Store_UX
7555,REDDIT,2492,Performance
7556,REDDIT,2504,Nostalgia
7557,REDDIT,2510,Price
7558,REDDIT,2513,Bug_Complaint
7559,REDDIT,2519,Nostalgia
7560,REDDIT,2520,Nostalgia
7561,REDDIT,2530,Store_UX
7562,REDDIT,2531,Performance
7563,REDDIT,2534,Store_UX
7564,REDDIT,2548,Store_UX
7565,REDDIT,2560,Nostalgia
7566,REDDIT,2563,Bug_Complaint
7567,REDDIT,2565,Multiplayer
7568,REDDIT,2566,Performance
7569,REDDIT,2569,Hype
7570,REDDIT,2579,Price
7571,REDDIT,2581,Exclusivity
7572,REDDIT,2582,Bug_Complaint
7573,REDDIT,2594,Price
7574,REDDIT,2611,Multiplayer
7575,REDDIT,2623,Multiplayer
7576,REDDIT,2635,Performance
7577,REDDIT,2651,Price
7578,REDDIT,2655,Performance
7579,YOUTUBE,5125,Bug_Complaint
7580,YOUTUBE,5129,Hype
7581,YOUTUBE,5130,Performance
7582,YOUTUBE,5139,Exclusivity
7583,YOUTUBE,5141,Bug_Complaint
7584,YOUTUBE,5146,Performance
7585,YOUTUBE,5157,Bug_Complaint
7586,YOUTUBE,5158,Nostalgia
7587,YOUTUBE,5178,Performance
7588,YOUTUBE,5185,Hype
7589,YOUTUBE,5190,Nostalgia
7590,YOUTUBE,5204,Multiplayer
7591,YOUTUBE,5211,Exclusivity
7592,YOUTUBE,5213,Bug_Complaint
7593,YOUTUBE,5220,Multiplayer
7594,YOUTUBE,5223,Store_UX
7595,YOUTUBE,5225,Hype
7596,YOUTUBE,5228,Multiplayer
7597,YOUTUBE,5236,Multiplayer
7598,YOUTUBE,5249,Hype
7599,YOUTUBE,5257,Hype
7600,YOUTUBE,5269,Bug_Complaint
7601,YOUTUBE,5273,Hype
7602,YOUTUBE,5276,Multiplayer
7603,YOUTUBE,5280,Price
7604,YOUTUBE,5286,Nostalgia
7605,YOUTUBE,5304,Price
7606,YOUTUBE,5311,Store_UX
7607,YOUTUBE,5318,Nostalgia
7608,YOUTUBE,5320,Price
7609,YOUTUBE,5321,Hype
7610,YOUTUBE,5322,Performance
7611,YOUTUBE,5323,Exclusivity
7612,YOUTUBE,5329,Hype
7613,YOUTUBE,5336,Price
7614,YOUTUBE,5338,Performance
7615,YOUTUBE,5348,Multiplayer
7616,YOUTUBE,5370,Performance
7617,YOUTUBE,5399,Store_UX
7618,YOUTUBE,5418,Performance
7619,YOUTUBE,5422,Nostalgia
7620,YOUTUBE,5423,Store_UX
7621,YOUTUBE,5426,Performance
7622,YOUTUBE,5431,Store_UX
7623,YOUTUBE,5453,Bug_Complaint
7624,YOUTUBE,5454,Nostalgia
7625,YOUTUBE,5457,Hype
7626,YOUTUBE,5462,Nostalgia
7627,YOUTUBE,5464,Price
7628,YOUTUBE,5470,Nostalgia
7629,YOUTUBE,5477,Bug_Complaint
7630,YOUTUBE,5479,Store_UX
7631,YOUTUBE,5484,Multiplayer
7632,YOUTUBE,5485,Bug_Complaint
7633,YOUTUBE,5489,Hype
7634,YOUTUBE,5497,Hype
7635,YOUTUBE,5502,Nostalgia
7636,YOUTUBE,5506,Performance
7637,YOUTUBE,5510,Nostalgia
7638,YOUTUBE,5518,Nostalgia
7639,YOUTUBE,5523,Exclusivity
7640,YOUTUBE,5528,Price
7641,YOUTUBE,5530,Performance
7642,YOUTUBE,5531,Exclusivity
7643,YOUTUBE,5536,Price
7644,YOUTUBE,5540,Multiplayer
7645,YOUTUBE,5543,Store_UX
7646,YOUTUBE,5548,Multiplayer
7647,YOUTUBE,5557,Bug_Complaint
7648,YOUTUBE,5575,Store_UX
7649,YOUTUBE,5584,Price
7650,YOUTUBE,5586,Performance
7651,YOUTUBE,5615,Store_UX
7652,YOUTUBE,5616,Price
7653,YOUTUBE,5620,Multiplayer
7654,YOUTUBE,5625,Hype
7655,YOUTUBE,5626,Performance
7656,YOUTUBE,5629,Bug_Complaint
7657,YOUTUBE,5630,Nostalgia
7658,YOUTUBE,5644,Multiplayer
7659,YOUTUBE,5652,Multiplayer
7660,YOUTUBE,5658,Performance
7661,YOUTUBE,5660,Multiplayer
7662,YOUTUBE,5662,Nostalgia
7663,YOUTUBE,5675,Exclusivity
7664,YOUTUBE,5679,Store_UX
7665,YOUTUBE,5684,Multiplayer
7666,YOUTUBE,5693,Bug_Complaint
7667,YOUTUBE,5701,Bug_Complaint
7668,YOUTUBE,5707,Exclusivity
7669,YOUTUBE,5724,Multiplayer
7670,YOUTUBE,5729,Hype
7671,YOUTUBE,5743,Store_UX
7672,YOUTUBE,5746,Performance
7673,YOUTUBE,5757,Bug_Complaint
7674,YOUTUBE,5766,Nostalgia
7675,YOUTUBE,5787,Exclusivity
7676,YOUTUBE,5790,Nostalgia
7677,YOUTUBE,5794,Performance
7678,YOUTUBE,5801,Hype
7679,YOUTUBE,5807,Store_UX
7680,YOUTUBE,5821,Bug_Complaint
7681,YOUTUBE,5823,Store_UX
7682,YOUTUBE,5840,Price
7683,YOUTUBE,5862,Nostalgia
7684,YOUTUBE,5864,Price
7685,YOUTUBE,5868,Multiplayer
7686,YOUTUBE,5880,Price
7687,YOUTUBE,5881,Hype
7688,YOUTUBE,5896,Price
7689,YOUTUBE,5915,Exclusivity
7690,YOUTUBE,5921,Hype
7691,YOUTUBE,5929,Hype
7692,YOUTUBE,5941,Bug_Complaint
7693,YOUTUBE,5953,Hype
7694,YOUTUBE,5957,Bug_Complaint
7695,YOUTUBE,5965,Bug_Complaint
7696,YOUTUBE,5967,Store_UX
7697,YOUTUBE,5970,Performance
7698,YOUTUBE,5981,Bug_Complaint
7699,YOUTUBE,5989,Bug_Complaint
7700,YOUTUBE,5992,Price
7701,YOUTUBE,5997,Bug_Complaint
7702,YOUTUBE,6014,Nostalgia
7703,YOUTUBE,6029,Bug_Complaint
7704,YOUTUBE,6034,Performance
7705,YOUTUBE,6045,Bug_Complaint
7706,YOUTUBE,6051,Exclusivity
7707,YOUTUBE,6062,Nostalgia
7708,YOUTUBE,6075,Exclusivity
7709,YOUTUBE,6076,Multiplayer
7710,YOUTUBE,6079,Store_UX
7711,YOUTUBE,6097,Hype
7712,YOUTUBE,6098,Performance
7713,YOUTUBE,6108,Multiplayer
7714,YOUTUBE,6111,Store_UX
7715,YOUTUBE,6119,Store_UX
7716,YOUTUBE,6120,Price
7717,YOUTUBE,6128,Price
7718,YOUTUBE,6132,Multiplayer
7719,YOUTUBE,6136,Price
7720,YOUTUBE,6150,Nostalgia
7721,YOUTUBE,6151,Store_UX
7722,YOUTUBE,6156,Multiplayer
7723,YOUTUBE,6158,Nostalgia
7724,YOUTUBE,6162,Performance
7725,YOUTUBE,6187,Exclusivity
7726,YOUTUBE,6189,Bug_Complaint
7727,YOUTUBE,6191,Store_UX
7728,YOUTUBE,6197,Bug_Complaint
7729,YOUTUBE,6201,Hype
7730,YOUTUBE,6213,Bug_Complaint
7731,YOUTUBE,6221,Bug_Complaint
7732,YOUTUBE,6222,Nostalgia
7733,YOUTUBE,6249,Hype
7734,YOUTUBE,6256,Price
7735,YOUTUBE,6262,Nostalgia
7736,YOUTUBE,6271,Store_UX
7737,YOUTUBE,6305,Hype
7738,YOUTUBE,6317,Bug_Complaint
7739,YOUTUBE,6319,Store_UX
7740,YOUTUBE,6326,Nostalgia
7741,YOUTUBE,6344,Price
7742,YOUTUBE,6368,Price
7743,YOUTUBE,6370,Performance
7744,YOUTUBE,6387,Exclusivity
7745,YOUTUBE,6402,Performance
7746,YOUTUBE,6403,Exclusivity
7747,YOUTUBE,6404,Multiplayer
7748,YOUTUBE,6406,Nostalgia
7749,YOUTUBE,6415,Store_UX
7750,YOUTUBE,6417,Hype
7751,YOUTUBE,6425,Hype
7752,YOUTUBE,6426,Performance
7753,YOUTUBE,6428,Multiplayer
7754,YOUTUBE,6446,Nostalgia
7755,YOUTUBE,6447,Store_UX
7756,YOUTUBE,6460,Multiplayer
7757,YOUTUBE,6462,Nostalgia
7758,YOUTUBE,6467,Exclusivity
7759,YOUTUBE,6480,Price
7760,YOUTUBE,6481,Hype
7761,YOUTUBE,6482,Performance
7762,YOUTUBE,6500,Multiplayer
7763,YOUTUBE,6506,Performance
7764,YOUTUBE,6524,Multiplayer
7765,YOUTUBE,6537,Hype
7766,YOUTUBE,6538,Performance
7767,YOUTUBE,6564,Multiplayer
7768,YOUTUBE,6565,Bug_Complaint
7769,YOUTUBE,6567,Store_UX
7770,YOUTUBE,6576,Price
7771,YOUTUBE,6577,Hype
7772,YOUTUBE,6590,Nostalgia
7773,YOUTUBE,6601,Hype
7774,YOUTUBE,6608,Price
7775,YOUTUBE,6611,Exclusivity
7776,YOUTUBE,6613,Bug_Complaint
7777,YOUTUBE,6616,Price
7778,YOUTUBE,6619,Exclusivity
7779,YOUTUBE,6621,Bug_Complaint
7780,YOUTUBE,6622,Nostalgia
7781,YOUTUBE,6644,Multiplayer
7782,YOUTUBE,6650,Performance
7783,YOUTUBE,6663,Store_UX
7784,YOUTUBE,6674,Performance
7785,YOUTUBE,6675,Exclusivity
7786,YOUTUBE,6682,Performance
7787,YOUTUBE,6713,Hype
7788,YOUTUBE,6716,Multiplayer
7789,YOUTUBE,6722,Performance
7790,YOUTUBE,6727,Store_UX
7791,YOUTUBE,6740,Multiplayer
7792,YOUTUBE,6766,Nostalgia
7793,YOUTUBE,6770,Performance
7794,YOUTUBE,6772,Multiplayer
7795,YOUTUBE,6773,Bug_Complaint
7796,YOUTUBE,6779,Exclusivity
7797,YOUTUBE,6781,Bug_Complaint
7798,YOUTUBE,6784,Price
7799,YOUTUBE,6797,Bug_Complaint
7800,YOUTUBE,6825,Hype
7801,YOUTUBE,6826,Performance
7802,YOUTUBE,6837,Bug_Complaint
7803,YOUTUBE,6843,Exclusivity
7804,YOUTUBE,6850,Performance
7805,YOUTUBE,6853,Bug_Complaint
7806,YOUTUBE,6861,Bug_Complaint
7807,YOUTUBE,6871,Store_UX
7808,YOUTUBE,6875,Exclusivity
7809,YOUTUBE,6878,Nostalgia
7810,YOUTUBE,6879,Store_UX
7811,YOUTUBE,6882,Performance
7812,YOUTUBE,6888,Price
7813,YOUTUBE,6890,Performance
7814,YOUTUBE,6900,Multiplayer
7815,YOUTUBE,6909,Bug_Complaint
7816,YOUTUBE,6919,Store_UX
7817,YOUTUBE,6926,Nostalgia
7818,YOUTUBE,6931,Exclusivity
7819,YOUTUBE,6941,Bug_Complaint
7820,YOUTUBE,6945,Hype
7821,YOUTUBE,6954,Performance
7822,YOUTUBE,6956,Multiplayer
7823,YOUTUBE,6957,Bug_Complaint
7824,YOUTUBE,6964,Multiplayer
7825,YOUTUBE,6966,Nostalgia
7826,YOUTUBE,6979,Exclusivity
7827,YOUTUBE,6997,Bug_Complaint
7828,YOUTUBE,7006,Nostalgia
7829,YOUTUBE,7008,Price
7830,YOUTUBE,7011,Exclusivity
7831,YOUTUBE,7014,Nostalgia
7832,YOUTUBE,7016,Price
7833,YOUTUBE,7050,Performance
7834,YOUTUBE,7060,Multiplayer
7835,YOUTUBE,7063,Store_UX
7836,YOUTUBE,7067,Exclusivity
7837,YOUTUBE,7074,Performance
7838,YOUTUBE,7091,Exclusivity
7839,YOUTUBE,7094,Nostalgia
7840,YOUTUBE,7095,Store_UX
7841,YOUTUBE,7098,Performance
7842,YOUTUBE,7099,Exclusivity
7843,YOUTUBE,7112,Price
7844,YOUTUBE,7113,Hype
7845,YOUTUBE,7114,Performance
7846,YOUTUBE,7116,Multiplayer
7847,YOUTUBE,7128,Price
7848,YOUTUBE,7132,Multiplayer
7849,YOUTUBE,7156,Multiplayer
7850,YOUTUBE,7193,Hype
7851,YOUTUBE,7228,Multiplayer
7852,YOUTUBE,7230,Nostalgia
7853,YOUTUBE,7231,Store_UX
7854,YOUTUBE,7236,Multiplayer
7855,YOUTUBE,7237,Bug_Complaint
7856,YOUTUBE,7262,Nostalgia
7857,YOUTUBE,7265,Hype
7858,YOUTUBE,7287,Store_UX
7859,YOUTUBE,7290,Performance
7860,YOUTUBE,7339,Exclusivity
7861,YOUTUBE,7340,Multiplayer
7862,YOUTUBE,7342,Nostalgia
7863,YOUTUBE,7345,Hype
7864,YOUTUBE,7349,Bug_Complaint
7865,YOUTUBE,7358,Nostalgia
7866,YOUTUBE,7361,Hype
7867,YOUTUBE,7362,Performance
7868,YOUTUBE,7367,Store_UX
7869,YOUTUBE,7387,Exclusivity
7870,YOUTUBE,7394,Performance
7871,YOUTUBE,7402,Performance
7872,YOUTUBE,7405,Bug_Complaint
7873,YOUTUBE,7409,Hype
7874,YOUTUBE,7411,Exclusivity
7875,YOUTUBE,7414,Nostalgia
7876,YOUTUBE,7425,Hype
7877,YOUTUBE,7428,Multiplayer
7878,YOUTUBE,7430,Nostalgia
7879,YOUTUBE,7443,Exclusivity
7880,YOUTUBE,7457,Hype
7881,YOUTUBE,7464,Price
7882,YOUTUBE,7466,Performance
7883,YOUTUBE,7469,Bug_Complaint
7884,YOUTUBE,7470,Nostalgia
7885,YOUTUBE,7488,Price
7886,YOUTUBE,7528,Price
7887,YOUTUBE,7552,Price
7888,YOUTUBE,7557,Bug_Complaint
7889,YOUTUBE,7560,Price
7890,YOUTUBE,7562,Performance
7891,YOUTUBE,7568,Price
7892,YOUTUBE,7572,Multiplayer
7893,YOUTUBE,7575,Store_UX
7894,YOUTUBE,7578,Performance
7895,YOUTUBE,7581,Bug_Complaint
7896,YOUTUBE,7585,Hype
7897,YOUTUBE,7588,Multiplayer
7898,YOUTUBE,7590,Nostalgia
7899,YOUTUBE,7599,Store_UX
7900,YOUTUBE,7600,Price
7901,YOUTUBE,7609,Hype
7902,YOUTUBE,7611,Exclusivity
7903,YOUTUBE,7612,Multiplayer
7904,YOUTUBE,7615,Store_UX
7905,YOUTUBE,7622,Nostalgia
7906,YOUTUBE,7631,Store_UX
7907,YOUTUBE,7634,Performance
7908,YOUTUBE,7639,Store_UX
7909,YOUTUBE,7655,Store_UX
7910,YOUTUBE,7666,Performance
7911,YOUTUBE,7670,Nostalgia
7912,REDDIT,2663,Nostalgia
7913,REDDIT,2664,Exclusivity
7914,REDDIT,2668,Multiplayer
7915,REDDIT,2672,Multiplayer
7916,REDDIT,2686,Hype
7917,REDDIT,2701,Nostalgia
7918,REDDIT,2710,Bug_Complaint
7919,REDDIT,2711,Price
7920,REDDIT,2721,Exclusivity
7921,REDDIT,2724,Multiplayer
7922,REDDIT,2725,Price
7923,REDDIT,2729,Exclusivity
7924,REDDIT,2730,Bug_Complaint
7925,REDDIT,2739,Multiplayer
7926,REDDIT,2757,Hype
7927,REDDIT,2760,Nostalgia
7928,REDDIT,2769,Nostalgia
7929,REDDIT,2775,Performance
7930,REDDIT,2781,Store_UX
7931,REDDIT,2786,Nostalgia
7932,REDDIT,2791,Store_UX
7933,REDDIT,2806,Bug_Complaint
7934,REDDIT,2816,Bug_Complaint
7935,REDDIT,2833,Price
7936,REDDIT,2837,Store_UX
7937,REDDIT,2862,Price
7938,REDDIT,2874,Nostalgia
7939,REDDIT,2891,Exclusivity
7940,REDDIT,2892,Performance
7941,REDDIT,2893,Bug_Complaint
7942,REDDIT,2898,Bug_Complaint
7943,REDDIT,2905,Store_UX
7944,REDDIT,2920,Exclusivity
7945,REDDIT,2935,Price
7946,REDDIT,2938,Bug_Complaint
7947,REDDIT,2944,Bug_Complaint
7948,REDDIT,2947,Price
7949,REDDIT,2952,Store_UX
7950,REDDIT,2955,Multiplayer
7951,REDDIT,2965,Performance
7952,REDDIT,2970,Price
7953,REDDIT,2989,Hype
7954,REDDIT,2990,Exclusivity
7955,REDDIT,2997,Price
7956,REDDIT,3002,Multiplayer
7957,REDDIT,3007,Multiplayer
7958,REDDIT,3012,Hype
7959,REDDIT,3014,Hype
7960,REDDIT,3023,Performance
7961,REDDIT,3027,Store_UX
7962,REDDIT,3028,Hype
7963,REDDIT,3043,Exclusivity
7964,REDDIT,3058,Multiplayer
7965,REDDIT,3060,Price
7966,REDDIT,3067,Exclusivity
7967,REDDIT,3074,Nostalgia
7968,REDDIT,3094,Performance
7969,REDDIT,3102,Multiplayer
7970,REDDIT,3108,Hype
7971,REDDIT,3113,Price
7972,REDDIT,3116,Bug_Complaint
7973,REDDIT,3122,Performance
7974,REDDIT,3142,Performance
7975,REDDIT,3145,Store_UX
7976,REDDIT,3157,Nostalgia
7977,REDDIT,3169,Bug_Complaint
7978,REDDIT,3175,Bug_Complaint
7979,REDDIT,3178,Price
7980,REDDIT,3184,Nostalgia
7981,REDDIT,3185,Bug_Complaint
7982,REDDIT,3195,Exclusivity
7983,REDDIT,3196,Bug_Complaint
7984,REDDIT,3199,Store_UX
7985,REDDIT,3213,Price
7986,REDDIT,3225,Performance
7987,REDDIT,3228,Price
7988,REDDIT,3230,Nostalgia
7989,REDDIT,3231,Exclusivity
7990,REDDIT,3234,Nostalgia
7991,REDDIT,3244,Price
7992,REDDIT,3246,Bug_Complaint
7993,REDDIT,3247,Nostalgia
7994,REDDIT,3259,Nostalgia
7995,REDDIT,3276,Performance
7996,REDDIT,3288,Multiplayer
7997,REDDIT,3300,Exclusivity
7998,REDDIT,3316,Multiplayer
7999,REDDIT,3320,Hype
8000,YOUTUBE,12804,Multiplayer
8001,YOUTUBE,12808,Price
8002,YOUTUBE,12809,Hype
8003,YOUTUBE,12818,Performance
8004,YOUTUBE,12820,Multiplayer
8005,YOUTUBE,12825,Hype
8006,YOUTUBE,12836,Multiplayer
8007,YOUTUBE,12837,Bug_Complaint
8008,YOUTUBE,12857,Hype
8009,YOUTUBE,12864,Price
8010,YOUTUBE,12869,Bug_Complaint
8011,YOUTUBE,12883,Exclusivity
8012,YOUTUBE,12890,Performance
8013,YOUTUBE,12892,Multiplayer
8014,YOUTUBE,12899,Exclusivity
8015,YOUTUBE,12902,Nostalgia
8016,YOUTUBE,12904,Price
8017,YOUTUBE,12907,Exclusivity
8018,YOUTUBE,12915,Exclusivity
8019,YOUTUBE,12928,Price
8020,YOUTUBE,12936,Price
8021,YOUTUBE,12948,Multiplayer
8022,YOUTUBE,12952,Price
8023,YOUTUBE,12955,Exclusivity
8024,YOUTUBE,12959,Store_UX
8025,YOUTUBE,12965,Bug_Complaint
8026,YOUTUBE,12983,Store_UX
8027,YOUTUBE,12990,Nostalgia
8028,YOUTUBE,12997,Bug_Complaint
8029,YOUTUBE,12999,Store_UX
8030,YOUTUBE,13000,Price
8031,YOUTUBE,13001,Hype
8032,YOUTUBE,13002,Performance
8033,YOUTUBE,13008,Price
8034,YOUTUBE,13015,Store_UX
8035,YOUTUBE,13017,Hype
8036,YOUTUBE,13027,Exclusivity
8037,YOUTUBE,13049,Hype
8038,YOUTUBE,13078,Nostalgia
8039,YOUTUBE,13097,Hype
8040,YOUTUBE,13101,Bug_Complaint
8041,YOUTUBE,13102,Nostalgia
8042,YOUTUBE,13105,Hype
8043,YOUTUBE,13110,Nostalgia
8044,YOUTUBE,13132,Multiplayer
8045,YOUTUBE,13133,Bug_Complaint
8046,YOUTUBE,13136,Price
8047,YOUTUBE,13141,Bug_Complaint
8048,YOUTUBE,13143,Store_UX
8049,YOUTUBE,13149,Bug_Complaint
8050,YOUTUBE,13156,Multiplayer
8051,YOUTUBE,13158,Nostalgia
8052,YOUTUBE,13163,Exclusivity
8053,YOUTUBE,13164,Multiplayer
8054,YOUTUBE,13168,Price
8055,YOUTUBE,13176,Price
8056,YOUTUBE,13181,Bug_Complaint
8057,YOUTUBE,13185,Hype
8058,YOUTUBE,13189,Bug_Complaint
8059,YOUTUBE,13197,Bug_Complaint
8060,YOUTUBE,13202,Performance
8061,YOUTUBE,13207,Store_UX
8062,YOUTUBE,13209,Hype
8063,YOUTUBE,13210,Performance
8064,YOUTUBE,13215,Store_UX
8065,YOUTUBE,13219,Exclusivity
8066,YOUTUBE,13222,Nostalgia
8067,YOUTUBE,13227,Exclusivity
8068,YOUTUBE,13236,Multiplayer
8069,YOUTUBE,13254,Nostalgia
8070,YOUTUBE,13263,Store_UX
8071,YOUTUBE,13265,Hype
8072,YOUTUBE,13294,Nostalgia
8073,YOUTUBE,13295,Store_UX
8074,YOUTUBE,13299,Exclusivity
8075,YOUTUBE,13304,Price
8076,YOUTUBE,13305,Hype
8077,YOUTUBE,13308,Multiplayer
8078,YOUTUBE,13309,Bug_Complaint
8079,YOUTUBE,13323,Exclusivity
8080,YOUTUBE,13331,Exclusivity
8081,YOUTUBE,13337,Hype
8082,YOUTUBE,13339,Exclusivity
8083,YOUTUBE,13341,Bug_Complaint
8084,YOUTUBE,13354,Performance
8085,YOUTUBE,13358,Nostalgia
8086,YOUTUBE,13363,Exclusivity
8087,YOUTUBE,13372,Multiplayer
8088,YOUTUBE,13380,Multiplayer
8089,YOUTUBE,13386,Performance
8090,YOUTUBE,13403,Exclusivity
8091,YOUTUBE,13408,Price
8092,YOUTUBE,13422,Nostalgia
8093,YOUTUBE,13425,Hype
8094,YOUTUBE,13436,Multiplayer
8095,YOUTUBE,13445,Bug_Complaint
8096,YOUTUBE,13466,Performance
8097,YOUTUBE,13469,Bug_Complaint
8098,YOUTUBE,13473,Hype
8099,YOUTUBE,13480,Price
8100,YOUTUBE,13486,Nostalgia
8101,YOUTUBE,13500,Multiplayer
8102,YOUTUBE,13502,Nostalgia
8103,YOUTUBE,13519,Store_UX
8104,YOUTUBE,13541,Bug_Complaint
8105,YOUTUBE,13543,Store_UX
8106,YOUTUBE,13547,Exclusivity
8107,YOUTUBE,13559,Store_UX
8108,YOUTUBE,13560,Price
8109,YOUTUBE,13575,Store_UX
8110,YOUTUBE,13594,Performance
8111,YOUTUBE,13600,Price
8112,YOUTUBE,13608,Price
8113,YOUTUBE,13620,Multiplayer
8114,YOUTUBE,13632,Price
8115,YOUTUBE,13636,Multiplayer
8116,YOUTUBE,13644,Multiplayer
8117,YOUTUBE,13646,Nostalgia
8118,YOUTUBE,13649,Hype
8119,YOUTUBE,13660,Multiplayer
8120,YOUTUBE,13668,Multiplayer
8121,YOUTUBE,13671,Store_UX
8122,YOUTUBE,13676,Multiplayer
8123,YOUTUBE,13693,Bug_Complaint
8124,YOUTUBE,13708,Multiplayer
8125,YOUTUBE,13713,Hype
8126,YOUTUBE,13724,Multiplayer
8127,YOUTUBE,13730,Performance
8128,YOUTUBE,13741,Bug_Complaint
8129,YOUTUBE,13754,Performance
8130,YOUTUBE,13755,Exclusivity
8131,YOUTUBE,13758,Nostalgia
8132,YOUTUBE,13776,Price
8133,YOUTUBE,13777,Hype
8134,YOUTUBE,13787,Exclusivity
8135,YOUTUBE,13790,Nostalgia
8136,YOUTUBE,13798,Nostalgia
8137,YOUTUBE,13799,Store_UX
8138,YOUTUBE,13807,Store_UX
8139,YOUTUBE,13811,Exclusivity
8140,YOUTUBE,13815,Store_UX
8141,YOUTUBE,13829,Bug_Complaint
8142,YOUTUBE,13830,Nostalgia
8143,YOUTUBE,13835,Exclusivity
8144,YOUTUBE,13837,Bug_Complaint
8145,YOUTUBE,13841,Hype
8146,YOUTUBE,13866,Performance
8147,YOUTUBE,13868,Multiplayer
8148,YOUTUBE,13870,Nostalgia
8149,YOUTUBE,13876,Multiplayer
8150,YOUTUBE,13880,Price
8151,YOUTUBE,13892,Multiplayer
8152,YOUTUBE,13900,Multiplayer
8153,YOUTUBE,13901,Bug_Complaint
8154,YOUTUBE,13928,Price
8155,YOUTUBE,13935,Store_UX
8156,YOUTUBE,13941,Bug_Complaint
8157,YOUTUBE,13950,Nostalgia
8158,YOUTUBE,13984,Price
8159,YOUTUBE,13996,Multiplayer
8160,YOUTUBE,13998,Nostalgia
8161,YOUTUBE,14005,Bug_Complaint
8162,YOUTUBE,14023,Store_UX
8163,YOUTUBE,14047,Store_UX
8164,YOUTUBE,14049,Hype
8165,YOUTUBE,14066,Performance
8166,YOUTUBE,14081,Hype
8167,YOUTUBE,14082,Performance
8168,YOUTUBE,14083,Exclusivity
8169,YOUTUBE,14085,Bug_Complaint
8170,YOUTUBE,14094,Nostalgia
8171,YOUTUBE,14096,Price
8172,YOUTUBE,14104,Price
8173,YOUTUBE,14105,Hype
8174,YOUTUBE,14107,Exclusivity
8175,YOUTUBE,14125,Bug_Complaint
8176,YOUTUBE,14126,Nostalgia
8177,YOUTUBE,14139,Exclusivity
8178,YOUTUBE,14141,Bug_Complaint
8179,YOUTUBE,14146,Performance
8180,YOUTUBE,14159,Store_UX
8181,YOUTUBE,14160,Price
8182,YOUTUBE,14161,Hype
8183,YOUTUBE,14179,Exclusivity
8184,YOUTUBE,14185,Hype
8185,YOUTUBE,14203,Exclusivity
8186,YOUTUBE,14216,Price
8187,YOUTUBE,14217,Hype
8188,YOUTUBE,14243,Exclusivity
8189,YOUTUBE,14244,Multiplayer
8190,YOUTUBE,14246,Nostalgia
8191,YOUTUBE,14255,Store_UX
8192,YOUTUBE,14256,Price
8193,YOUTUBE,14269,Bug_Complaint
8194,YOUTUBE,14280,Price
8195,YOUTUBE,14287,Store_UX
8196,YOUTUBE,14290,Performance
8197,YOUTUBE,14292,Multiplayer
8198,YOUTUBE,14295,Store_UX
8199,YOUTUBE,14298,Performance
8200,YOUTUBE,14300,Multiplayer
8201,YOUTUBE,14301,Bug_Complaint
8202,YOUTUBE,14323,Exclusivity
8203,YOUTUBE,14329,Hype
8204,YOUTUBE,14342,Nostalgia
8205,YOUTUBE,14353,Hype
8206,YOUTUBE,14354,Performance
8207,YOUTUBE,14361,Hype
8208,YOUTUBE,14392,Price
8209,YOUTUBE,14395,Exclusivity
8210,YOUTUBE,14401,Hype
8211,YOUTUBE,14406,Nostalgia
8212,YOUTUBE,14419,Exclusivity
8213,YOUTUBE,14445,Bug_Complaint
8214,YOUTUBE,14449,Hype
8215,YOUTUBE,14451,Exclusivity
8216,YOUTUBE,14452,Multiplayer
8217,YOUTUBE,14458,Performance
8218,YOUTUBE,14460,Multiplayer
8219,YOUTUBE,14463,Store_UX
8220,YOUTUBE,14476,Multiplayer
8221,YOUTUBE,14504,Price
8222,YOUTUBE,14505,Hype
8223,YOUTUBE,14516,Multiplayer
8224,YOUTUBE,14522,Performance
8225,YOUTUBE,14529,Hype
8226,YOUTUBE,14532,Multiplayer
8227,YOUTUBE,14540,Multiplayer
8228,YOUTUBE,14550,Nostalgia
8229,YOUTUBE,14554,Performance
8230,YOUTUBE,14557,Bug_Complaint
8231,YOUTUBE,14558,Nostalgia
8232,YOUTUBE,14561,Hype
8233,YOUTUBE,14567,Store_UX
8234,YOUTUBE,14569,Hype
8235,YOUTUBE,14579,Exclusivity
8236,YOUTUBE,14588,Multiplayer
8237,YOUTUBE,14598,Nostalgia
8238,YOUTUBE,14605,Bug_Complaint
8239,YOUTUBE,14610,Performance
8240,YOUTUBE,14620,Multiplayer
8241,YOUTUBE,14624,Price
8242,YOUTUBE,14633,Hype
8243,YOUTUBE,14635,Exclusivity
8244,YOUTUBE,14636,Multiplayer
8245,YOUTUBE,14643,Exclusivity
8246,YOUTUBE,14645,Bug_Complaint
8247,YOUTUBE,14658,Performance
8248,YOUTUBE,14676,Multiplayer
8249,YOUTUBE,14685,Bug_Complaint
8250,YOUTUBE,14687,Store_UX
8251,YOUTUBE,14690,Performance
8252,YOUTUBE,14693,Bug_Complaint
8253,YOUTUBE,14695,Store_UX
8254,YOUTUBE,14729,Hype
8255,YOUTUBE,14739,Exclusivity
8256,YOUTUBE,14742,Nostalgia
8257,YOUTUBE,14746,Performance
8258,YOUTUBE,14753,Hype
8259,YOUTUBE,14770,Performance
8260,YOUTUBE,14773,Bug_Complaint
8261,YOUTUBE,14774,Nostalgia
8262,YOUTUBE,14777,Hype
8263,YOUTUBE,14778,Performance
8264,YOUTUBE,14791,Store_UX
8265,YOUTUBE,14792,Price
8266,YOUTUBE,14793,Hype
8267,YOUTUBE,14795,Exclusivity
8268,YOUTUBE,14807,Store_UX
8269,YOUTUBE,14811,Exclusivity
8270,YOUTUBE,14835,Exclusivity
8271,YOUTUBE,14872,Price
8272,YOUTUBE,14907,Exclusivity
8273,YOUTUBE,14909,Bug_Complaint
8274,YOUTUBE,14910,Nostalgia
8275,YOUTUBE,14915,Exclusivity
8276,YOUTUBE,14916,Multiplayer
8277,YOUTUBE,14941,Bug_Complaint
8278,YOUTUBE,14944,Price
8279,YOUTUBE,14966,Nostalgia
8280,YOUTUBE,14969,Hype
8281,YOUTUBE,15018,Performance
8282,YOUTUBE,15019,Exclusivity
8283,YOUTUBE,15021,Bug_Complaint
8284,YOUTUBE,15024,Price
8285,YOUTUBE,15028,Multiplayer
8286,YOUTUBE,15037,Bug_Complaint
8287,YOUTUBE,15040,Price
8288,YOUTUBE,15041,Hype
8289,YOUTUBE,15046,Nostalgia
8290,YOUTUBE,15066,Performance
8291,YOUTUBE,15073,Hype
8292,YOUTUBE,15081,Hype
8293,YOUTUBE,15084,Multiplayer
8294,YOUTUBE,15088,Price
8295,YOUTUBE,15090,Performance
8296,YOUTUBE,15093,Bug_Complaint
8297,YOUTUBE,15104,Price
8298,YOUTUBE,15107,Exclusivity
8299,YOUTUBE,15109,Bug_Complaint
8300,YOUTUBE,15122,Performance
8301,YOUTUBE,15136,Price
8302,YOUTUBE,15143,Store_UX
8303,YOUTUBE,15145,Hype
8304,YOUTUBE,15148,Multiplayer
8305,YOUTUBE,15149,Bug_Complaint
8306,YOUTUBE,15167,Store_UX
8307,YOUTUBE,15207,Store_UX
8308,YOUTUBE,15231,Store_UX
8309,YOUTUBE,15236,Multiplayer
8310,YOUTUBE,15239,Store_UX
8311,YOUTUBE,15241,Hype
8312,YOUTUBE,15247,Store_UX
8313,YOUTUBE,15251,Exclusivity
8314,YOUTUBE,15254,Nostalgia
8315,YOUTUBE,15257,Hype
8316,YOUTUBE,15260,Multiplayer
8317,YOUTUBE,15264,Price
8318,YOUTUBE,15267,Exclusivity
8319,YOUTUBE,15269,Bug_Complaint
8320,YOUTUBE,15278,Nostalgia
8321,YOUTUBE,15279,Store_UX
8322,YOUTUBE,15288,Price
8323,YOUTUBE,15290,Performance
8324,YOUTUBE,15291,Exclusivity
8325,YOUTUBE,15294,Nostalgia
8326,YOUTUBE,15301,Bug_Complaint
8327,YOUTUBE,15310,Nostalgia
8328,YOUTUBE,15313,Hype
8329,YOUTUBE,15318,Nostalgia
8330,YOUTUBE,15334,Nostalgia
8331,YOUTUBE,15345,Hype
8332,YOUTUBE,15349,Bug_Complaint
8333,YOUTUBE,7685,Bug_Complaint
8334,YOUTUBE,7689,Hype
8335,YOUTUBE,7703,Store_UX
8336,YOUTUBE,7709,Bug_Complaint
8337,YOUTUBE,7716,Multiplayer
8338,YOUTUBE,7720,Price
8339,YOUTUBE,7723,Exclusivity
8340,YOUTUBE,7740,Multiplayer
8341,YOUTUBE,7747,Exclusivity
8342,YOUTUBE,7761,Hype
8343,YOUTUBE,7765,Bug_Complaint
8344,YOUTUBE,7770,Performance
8345,YOUTUBE,7779,Exclusivity
8346,YOUTUBE,7780,Multiplayer
8347,YOUTUBE,7785,Hype
8348,YOUTUBE,7797,Bug_Complaint
8349,YOUTUBE,7816,Price
8350,YOUTUBE,7825,Hype
8351,YOUTUBE,7833,Hype
8352,YOUTUBE,7840,Price
8353,YOUTUBE,7883,Exclusivity
8354,YOUTUBE,7886,Nostalgia
8355,YOUTUBE,7898,Performance
8356,YOUTUBE,7900,Multiplayer
8357,YOUTUBE,7932,Multiplayer
8358,YOUTUBE,7933,Bug_Complaint
8359,YOUTUBE,7947,Exclusivity
8360,YOUTUBE,7948,Multiplayer
8361,YOUTUBE,7953,Hype
8362,YOUTUBE,7958,Nostalgia
8363,YOUTUBE,7959,Store_UX
8364,YOUTUBE,7961,Hype
8365,YOUTUBE,7968,Price
8366,YOUTUBE,7972,Multiplayer
8367,YOUTUBE,7977,Hype
8368,YOUTUBE,7978,Performance
8369,YOUTUBE,7984,Price
8370,YOUTUBE,7995,Exclusivity
8371,YOUTUBE,7997,Bug_Complaint
8372,YOUTUBE,7998,Nostalgia
8373,YOUTUBE,8010,Performance
8374,YOUTUBE,8015,Store_UX
8375,YOUTUBE,8036,Multiplayer
8376,YOUTUBE,8043,Exclusivity
8377,YOUTUBE,8053,Bug_Complaint
8378,YOUTUBE,8059,Exclusivity
8379,YOUTUBE,8065,Hype
8380,YOUTUBE,8074,Performance
8381,YOUTUBE,8077,Bug_Complaint
8382,YOUTUBE,8092,Multiplayer
8383,YOUTUBE,8096,Price
8384,YOUTUBE,8100,Multiplayer
8385,YOUTUBE,8110,Nostalgia
8386,YOUTUBE,8114,Performance
8387,YOUTUBE,8115,Exclusivity
8388,YOUTUBE,8121,Hype
8389,YOUTUBE,8122,Performance
8390,YOUTUBE,8126,Nostalgia
8391,YOUTUBE,8132,Multiplayer
8392,YOUTUBE,8133,Bug_Complaint
8393,YOUTUBE,8138,Performance
8394,YOUTUBE,8143,Store_UX
8395,YOUTUBE,8145,Hype
8396,YOUTUBE,8152,Price
8397,YOUTUBE,8155,Exclusivity
8398,YOUTUBE,8162,Performance
8399,YOUTUBE,8163,Exclusivity
8400,YOUTUBE,8173,Bug_Complaint
8401,YOUTUBE,8184,Price
8402,YOUTUBE,8200,Price
8403,YOUTUBE,8213,Bug_Complaint
8404,YOUTUBE,8215,Store_UX
8405,YOUTUBE,8218,Performance
8406,YOUTUBE,8219,Exclusivity
8407,YOUTUBE,8220,Multiplayer
8408,YOUTUBE,8224,Price
8409,YOUTUBE,8225,Hype
8410,YOUTUBE,8230,Nostalgia
8411,YOUTUBE,8231,Store_UX
8412,YOUTUBE,8233,Hype
8413,YOUTUBE,8240,Price
8414,YOUTUBE,8252,Multiplayer
8415,YOUTUBE,8268,Multiplayer
8416,YOUTUBE,8314,Performance
8417,YOUTUBE,8318,Nostalgia
8418,YOUTUBE,8319,Store_UX
8419,YOUTUBE,8320,Price
8420,YOUTUBE,8321,Hype
8421,YOUTUBE,8334,Nostalgia
8422,YOUTUBE,8338,Performance
8423,YOUTUBE,8348,Multiplayer
8424,YOUTUBE,8353,Hype
8425,YOUTUBE,8360,Price
8426,YOUTUBE,8362,Performance
8427,YOUTUBE,8363,Exclusivity
8428,YOUTUBE,8367,Store_UX
8429,YOUTUBE,8368,Price
8430,YOUTUBE,8371,Exclusivity
8431,YOUTUBE,8377,Hype
8432,YOUTUBE,8395,Exclusivity
8433,YOUTUBE,8420,Multiplayer
8434,YOUTUBE,8423,Store_UX
8435,YOUTUBE,8434,Performance
8436,YOUTUBE,8436,Multiplayer
8437,YOUTUBE,8438,Nostalgia
8438,YOUTUBE,8456,Price
8439,YOUTUBE,8467,Exclusivity
8440,YOUTUBE,8469,Bug_Complaint
8441,YOUTUBE,8485,Bug_Complaint
8442,YOUTUBE,8488,Price
8443,YOUTUBE,8489,Hype
8444,YOUTUBE,8530,Performance
8445,YOUTUBE,8532,Multiplayer
8446,YOUTUBE,8539,Exclusivity
8447,YOUTUBE,8542,Nostalgia
8448,YOUTUBE,8550,Nostalgia
8449,YOUTUBE,8554,Performance
8450,YOUTUBE,8567,Store_UX
8451,YOUTUBE,8574,Nostalgia
8452,YOUTUBE,8579,Exclusivity
8453,YOUTUBE,8582,Nostalgia
8454,YOUTUBE,8588,Multiplayer
8455,YOUTUBE,8591,Store_UX
8456,YOUTUBE,8594,Performance
8457,YOUTUBE,8615,Store_UX
8458,YOUTUBE,8619,Exclusivity
8459,YOUTUBE,8626,Performance
8460,YOUTUBE,8628,Multiplayer
8461,YOUTUBE,8638,Nostalgia
8462,YOUTUBE,8647,Store_UX
8463,YOUTUBE,8649,Hype
8464,YOUTUBE,8656,Price
8465,YOUTUBE,8665,Hype
8466,YOUTUBE,8675,Exclusivity
8467,YOUTUBE,8676,Multiplayer
8468,YOUTUBE,8680,Price
8469,YOUTUBE,8691,Exclusivity
8470,YOUTUBE,8699,Exclusivity
8471,YOUTUBE,8730,Performance
8472,YOUTUBE,8735,Store_UX
8473,YOUTUBE,8756,Multiplayer
8474,YOUTUBE,8763,Exclusivity
8475,YOUTUBE,8770,Performance
8476,YOUTUBE,8780,Multiplayer
8477,YOUTUBE,8787,Exclusivity
8478,YOUTUBE,8795,Exclusivity
8479,YOUTUBE,8799,Store_UX
8480,YOUTUBE,8815,Store_UX
8481,YOUTUBE,8844,Multiplayer
8482,YOUTUBE,8851,Exclusivity
8483,YOUTUBE,8855,Store_UX
8484,YOUTUBE,8864,Price
8485,YOUTUBE,8876,Multiplayer
8486,YOUTUBE,8892,Multiplayer
8487,YOUTUBE,8900,Multiplayer
8488,YOUTUBE,8903,Store_UX
8489,YOUTUBE,8906,Performance
8490,YOUTUBE,8907,Exclusivity
8491,YOUTUBE,8914,Performance
8492,YOUTUBE,8920,Price
8493,YOUTUBE,8930,Performance
8494,YOUTUBE,8933,Bug_Complaint
8495,YOUTUBE,8969,Hype
8496,YOUTUBE,8978,Performance
8497,YOUTUBE,9000,Price
8498,YOUTUBE,9006,Nostalgia
8499,YOUTUBE,9019,Exclusivity
8500,YOUTUBE,9023,Store_UX
8501,YOUTUBE,9033,Hype
8502,YOUTUBE,9043,Exclusivity
8503,YOUTUBE,9046,Nostalgia
8504,YOUTUBE,9048,Price
8505,YOUTUBE,9064,Price
8506,YOUTUBE,9092,Multiplayer
8507,YOUTUBE,9095,Store_UX
8508,YOUTUBE,9100,Multiplayer
8509,YOUTUBE,9115,Exclusivity
8510,YOUTUBE,9116,Multiplayer
8511,YOUTUBE,9129,Hype
8512,YOUTUBE,9142,Nostalgia
8513,YOUTUBE,9157,Bug_Complaint
8514,YOUTUBE,9158,Nostalgia
8515,YOUTUBE,9184,Price
8516,YOUTUBE,9185,Hype
8517,YOUTUBE,9196,Multiplayer
8518,YOUTUBE,9201,Hype
8519,YOUTUBE,9213,Bug_Complaint
8520,YOUTUBE,9217,Hype
8521,YOUTUBE,9225,Hype
8522,YOUTUBE,9238,Nostalgia
8523,YOUTUBE,9259,Exclusivity
8524,YOUTUBE,9260,Multiplayer
8525,YOUTUBE,9262,Nostalgia
8526,YOUTUBE,9266,Performance
8527,YOUTUBE,9268,Multiplayer
8528,YOUTUBE,9274,Performance
8529,YOUTUBE,9275,Exclusivity
8530,YOUTUBE,9279,Store_UX
8531,YOUTUBE,9284,Multiplayer
8532,YOUTUBE,9294,Nostalgia
8533,YOUTUBE,9301,Bug_Complaint
8534,YOUTUBE,9315,Exclusivity
8535,YOUTUBE,9320,Price
8536,YOUTUBE,9339,Exclusivity
8537,YOUTUBE,9347,Exclusivity
8538,YOUTUBE,9364,Multiplayer
8539,YOUTUBE,9366,Nostalgia
8540,YOUTUBE,9373,Bug_Complaint
8541,YOUTUBE,9376,Price
8542,YOUTUBE,9385,Hype
8543,YOUTUBE,9386,Performance
8544,YOUTUBE,9399,Store_UX
8545,YOUTUBE,9425,Hype
8546,YOUTUBE,9426,Performance
8547,YOUTUBE,9440,Price
8548,YOUTUBE,9450,Performance
8549,YOUTUBE,9458,Performance
8550,YOUTUBE,9462,Nostalgia
8551,YOUTUBE,9469,Bug_Complaint
8552,YOUTUBE,9480,Price
8553,YOUTUBE,9513,Hype
8554,YOUTUBE,9519,Store_UX
8555,YOUTUBE,9525,Bug_Complaint
8556,YOUTUBE,9541,Bug_Complaint
8557,YOUTUBE,9553,Hype
8558,YOUTUBE,9554,Performance
8559,YOUTUBE,9555,Exclusivity
8560,YOUTUBE,9557,Bug_Complaint
8561,YOUTUBE,9558,Nostalgia
8562,YOUTUBE,9566,Nostalgia
8563,YOUTUBE,9570,Performance
8564,YOUTUBE,9575,Store_UX
8565,YOUTUBE,9584,Price
8566,YOUTUBE,9591,Store_UX
8567,YOUTUBE,9612,Multiplayer
8568,YOUTUBE,9616,Price
8569,YOUTUBE,9629,Bug_Complaint
8570,YOUTUBE,9636,Multiplayer
8571,YOUTUBE,9641,Hype
8572,YOUTUBE,9651,Exclusivity
8573,YOUTUBE,9653,Bug_Complaint
8574,YOUTUBE,9666,Performance
8575,YOUTUBE,9676,Multiplayer
8576,YOUTUBE,9684,Multiplayer
8577,YOUTUBE,9690,Performance
8578,YOUTUBE,9695,Store_UX
8579,YOUTUBE,9706,Performance
8580,YOUTUBE,9708,Multiplayer
8581,YOUTUBE,9712,Price
8582,YOUTUBE,9716,Multiplayer
8583,YOUTUBE,9719,Store_UX
8584,YOUTUBE,9735,Store_UX
8585,YOUTUBE,9756,Multiplayer
8586,YOUTUBE,9759,Store_UX
8587,YOUTUBE,9766,Nostalgia
8588,YOUTUBE,9768,Price
8589,YOUTUBE,9772,Multiplayer
8590,YOUTUBE,9773,Bug_Complaint
8591,YOUTUBE,9775,Store_UX
8592,YOUTUBE,9789,Bug_Complaint
8593,YOUTUBE,9800,Price
8594,YOUTUBE,9809,Hype
8595,YOUTUBE,9813,Bug_Complaint
8596,YOUTUBE,9824,Price
8597,YOUTUBE,9827,Exclusivity
8598,YOUTUBE,9828,Multiplayer
8599,YOUTUBE,9837,Bug_Complaint
8600,YOUTUBE,9851,Exclusivity
8601,YOUTUBE,9861,Bug_Complaint
8602,YOUTUBE,9873,Hype
8603,YOUTUBE,9906,Performance
8604,YOUTUBE,9913,Hype
8605,YOUTUBE,9916,Multiplayer
8606,YOUTUBE,9917,Bug_Complaint
8607,YOUTUBE,9924,Multiplayer
8608,YOUTUBE,9938,Performance
8609,YOUTUBE,9941,Bug_Complaint
8610,YOUTUBE,9943,Store_UX
8611,YOUTUBE,9965,Bug_Complaint
8612,YOUTUBE,9969,Hype
8613,YOUTUBE,9970,Performance
8614,YOUTUBE,9979,Exclusivity
8615,YOUTUBE,9984,Price
8616,YOUTUBE,10003,Exclusivity
8617,YOUTUBE,10010,Performance
8618,YOUTUBE,10014,Nostalgia
8619,YOUTUBE,10022,Nostalgia
8620,YOUTUBE,10028,Multiplayer
8621,YOUTUBE,10035,Exclusivity
8622,YOUTUBE,10036,Multiplayer
8623,YOUTUBE,10049,Hype
8624,YOUTUBE,10051,Exclusivity
8625,YOUTUBE,10055,Store_UX
8626,YOUTUBE,10059,Exclusivity
8627,YOUTUBE,10060,Multiplayer
8628,YOUTUBE,10065,Hype
8629,YOUTUBE,10082,Performance
8630,YOUTUBE,10091,Exclusivity
8631,YOUTUBE,10096,Price
8632,YOUTUBE,10100,Multiplayer
8633,YOUTUBE,10109,Bug_Complaint
8634,YOUTUBE,10113,Hype
8635,YOUTUBE,10120,Price
8636,YOUTUBE,10125,Bug_Complaint
8637,YOUTUBE,10127,Store_UX
8638,YOUTUBE,10131,Exclusivity
8639,YOUTUBE,10138,Performance
8640,YOUTUBE,10140,Multiplayer
8641,YOUTUBE,10153,Hype
8642,YOUTUBE,10156,Multiplayer
8643,YOUTUBE,10165,Bug_Complaint
8644,YOUTUBE,10166,Nostalgia
8645,YOUTUBE,10167,Store_UX
8646,YOUTUBE,10175,Store_UX
8647,REDDIT,668,Multiplayer
8648,REDDIT,669,Bug_Complaint
8649,REDDIT,673,Price
8650,REDDIT,677,Nostalgia
8651,REDDIT,691,Price
8652,REDDIT,706,Multiplayer
8653,REDDIT,715,Performance
8654,REDDIT,716,Price
8655,REDDIT,726,Multiplayer
8656,REDDIT,729,Multiplayer
8657,REDDIT,730,Multiplayer
8658,REDDIT,734,Performance
8659,REDDIT,735,Exclusivity
8660,REDDIT,744,Multiplayer
8661,REDDIT,762,Exclusivity
8662,REDDIT,765,Multiplayer
8663,REDDIT,774,Price
8664,REDDIT,780,Price
8665,REDDIT,786,Exclusivity
8666,REDDIT,791,Exclusivity
8667,REDDIT,796,Store_UX
8668,REDDIT,811,Store_UX
8669,REDDIT,821,Price
8670,REDDIT,838,Price
8671,REDDIT,842,Exclusivity
8672,REDDIT,867,Store_UX
8673,REDDIT,879,Price
8674,REDDIT,896,Exclusivity
8675,REDDIT,897,Bug_Complaint
8676,REDDIT,898,Bug_Complaint
8677,REDDIT,903,Exclusivity
8678,REDDIT,910,Price
8679,REDDIT,925,Performance
8680,REDDIT,940,Multiplayer
8681,REDDIT,943,Store_UX
8682,REDDIT,949,Nostalgia
8683,REDDIT,952,Store_UX
8684,REDDIT,957,Multiplayer
8685,REDDIT,960,Price
8686,REDDIT,970,Multiplayer
8687,REDDIT,975,Exclusivity
8688,REDDIT,994,Performance
8689,REDDIT,995,Price
8690,REDDIT,1002,Multiplayer
8691,REDDIT,1007,Price
8692,REDDIT,1012,Bug_Complaint
8693,REDDIT,1017,Store_UX
8694,REDDIT,1019,Performance
8695,REDDIT,1028,Exclusivity
8696,REDDIT,1032,Hype
8697,REDDIT,1033,Performance
8698,REDDIT,1048,Bug_Complaint
8699,REDDIT,1063,Performance
8700,REDDIT,1065,Nostalgia
8701,REDDIT,1072,Multiplayer
8702,REDDIT,1079,Multiplayer
8703,REDDIT,1099,Bug_Complaint
8704,REDDIT,1107,Multiplayer
8705,REDDIT,1113,Store_UX
8706,REDDIT,1118,Exclusivity
8707,REDDIT,1121,Price
8708,REDDIT,1127,Bug_Complaint
8709,REDDIT,1147,Multiplayer
8710,REDDIT,1150,Multiplayer
8711,REDDIT,1162,Bug_Complaint
8712,REDDIT,1174,Hype
8713,REDDIT,1180,Hype
8714,REDDIT,1183,Exclusivity
8715,REDDIT,1189,Bug_Complaint
8716,REDDIT,1190,Hype
8717,REDDIT,1200,Price
8718,REDDIT,1201,Price
8719,REDDIT,1204,Hype
8720,REDDIT,1218,Exclusivity
8721,REDDIT,1230,Exclusivity
8722,REDDIT,1233,Performance
8723,REDDIT,1235,Nostalgia
8724,REDDIT,1236,Multiplayer
8725,REDDIT,1239,Bug_Complaint
8726,REDDIT,1249,Hype
8727,REDDIT,1251,Performance
8728,REDDIT,1252,Performance
8729,REDDIT,1264,Performance
8730,REDDIT,1281,Price
8731,REDDIT,1293,Performance
8732,REDDIT,1305,Performance
8733,REDDIT,1321,Exclusivity
8734,REDDIT,1325,Price
8735,YOUTUBE,17924,Multiplayer
8736,YOUTUBE,17928,Price
8737,YOUTUBE,17929,Hype
8738,YOUTUBE,17938,Performance
8739,YOUTUBE,17940,Multiplayer
8740,YOUTUBE,17945,Hype
8741,YOUTUBE,17956,Multiplayer
8742,YOUTUBE,17957,Bug_Complaint
8743,YOUTUBE,17977,Hype
8744,YOUTUBE,17984,Price
8745,YOUTUBE,17989,Bug_Complaint
8746,YOUTUBE,18003,Exclusivity
8747,YOUTUBE,18010,Performance
8748,YOUTUBE,18012,Multiplayer
8749,YOUTUBE,18019,Exclusivity
8750,YOUTUBE,18022,Nostalgia
8751,YOUTUBE,18024,Price
8752,YOUTUBE,18027,Exclusivity
8753,YOUTUBE,18035,Exclusivity
8754,YOUTUBE,18048,Price
8755,YOUTUBE,18056,Price
8756,YOUTUBE,18068,Multiplayer
8757,YOUTUBE,18072,Price
8758,YOUTUBE,18075,Exclusivity
8759,YOUTUBE,18079,Store_UX
8760,YOUTUBE,18085,Bug_Complaint
8761,YOUTUBE,18103,Store_UX
8762,YOUTUBE,18110,Nostalgia
8763,YOUTUBE,18117,Bug_Complaint
8764,YOUTUBE,18119,Store_UX
8765,YOUTUBE,18120,Price
8766,YOUTUBE,18121,Hype
8767,YOUTUBE,18122,Performance
8768,YOUTUBE,18128,Price
8769,YOUTUBE,18135,Store_UX
8770,YOUTUBE,18137,Hype
8771,YOUTUBE,18147,Exclusivity
8772,YOUTUBE,18169,Hype
8773,YOUTUBE,18198,Nostalgia
8774,YOUTUBE,18217,Hype
8775,YOUTUBE,18221,Bug_Complaint
8776,YOUTUBE,18222,Nostalgia
8777,YOUTUBE,18225,Hype
8778,YOUTUBE,18230,Nostalgia
8779,YOUTUBE,18252,Multiplayer
8780,YOUTUBE,18253,Bug_Complaint
8781,YOUTUBE,18256,Price
8782,YOUTUBE,18261,Bug_Complaint
8783,YOUTUBE,18263,Store_UX
8784,YOUTUBE,18269,Bug_Complaint
8785,YOUTUBE,18276,Multiplayer
8786,YOUTUBE,18278,Nostalgia
8787,YOUTUBE,18283,Exclusivity
8788,YOUTUBE,18284,Multiplayer
8789,YOUTUBE,18288,Price
8790,YOUTUBE,18296,Price
8791,YOUTUBE,18301,Bug_Complaint
8792,YOUTUBE,18305,Hype
8793,YOUTUBE,18309,Bug_Complaint
8794,YOUTUBE,18317,Bug_Complaint
8795,YOUTUBE,18322,Performance
8796,YOUTUBE,18327,Store_UX
8797,YOUTUBE,18329,Hype
8798,YOUTUBE,18330,Performance
8799,YOUTUBE,18335,Store_UX
8800,YOUTUBE,18339,Exclusivity
8801,YOUTUBE,18342,Nostalgia
8802,YOUTUBE,18347,Exclusivity
8803,YOUTUBE,18356,Multiplayer
8804,YOUTUBE,18374,Nostalgia
8805,YOUTUBE,18383,Store_UX
8806,YOUTUBE,18385,Hype
8807,YOUTUBE,18414,Nostalgia
8808,YOUTUBE,18415,Store_UX
8809,YOUTUBE,18419,Exclusivity
8810,YOUTUBE,18424,Price
8811,YOUTUBE,18425,Hype
8812,YOUTUBE,18428,Multiplayer
8813,YOUTUBE,18429,Bug_Complaint
8814,YOUTUBE,18443,Exclusivity
8815,YOUTUBE,18451,Exclusivity
8816,YOUTUBE,18457,Hype
8817,YOUTUBE,18459,Exclusivity
8818,YOUTUBE,18461,Bug_Complaint
8819,YOUTUBE,18474,Performance
8820,YOUTUBE,18478,Nostalgia
8821,YOUTUBE,18483,Exclusivity
8822,YOUTUBE,18492,Multiplayer
8823,YOUTUBE,18500,Multiplayer
8824,YOUTUBE,18506,Performance
8825,YOUTUBE,18523,Exclusivity
8826,YOUTUBE,18528,Price
8827,YOUTUBE,18542,Nostalgia
8828,YOUTUBE,18545,Hype
8829,YOUTUBE,18556,Multiplayer
8830,YOUTUBE,18565,Bug_Complaint
8831,YOUTUBE,18586,Performance
8832,YOUTUBE,18589,Bug_Complaint
8833,YOUTUBE,18593,Hype
8834,YOUTUBE,18600,Price
8835,YOUTUBE,18606,Nostalgia
8836,YOUTUBE,18620,Multiplayer
8837,YOUTUBE,18622,Nostalgia
8838,YOUTUBE,18639,Store_UX
8839,YOUTUBE,18661,Bug_Complaint
8840,YOUTUBE,18663,Store_UX
8841,YOUTUBE,18667,Exclusivity
8842,YOUTUBE,18679,Store_UX
8843,YOUTUBE,18680,Price
8844,YOUTUBE,18695,Store_UX
8845,YOUTUBE,18714,Performance
8846,YOUTUBE,18720,Price
8847,YOUTUBE,18728,Price
8848,YOUTUBE,18740,Multiplayer
8849,YOUTUBE,18752,Price
8850,YOUTUBE,18756,Multiplayer
8851,YOUTUBE,18764,Multiplayer
8852,YOUTUBE,18766,Nostalgia
8853,YOUTUBE,18769,Hype
8854,YOUTUBE,18780,Multiplayer
8855,YOUTUBE,18788,Multiplayer
8856,YOUTUBE,18791,Store_UX
8857,YOUTUBE,18796,Multiplayer
8858,YOUTUBE,18813,Bug_Complaint
8859,YOUTUBE,18828,Multiplayer
8860,YOUTUBE,18833,Hype
8861,YOUTUBE,18844,Multiplayer
8862,YOUTUBE,18850,Performance
8863,YOUTUBE,18861,Bug_Complaint
8864,YOUTUBE,18874,Performance
8865,YOUTUBE,18875,Exclusivity
8866,YOUTUBE,18878,Nostalgia
8867,YOUTUBE,18896,Price
8868,YOUTUBE,18897,Hype
8869,YOUTUBE,18907,Exclusivity
8870,YOUTUBE,18910,Nostalgia
8871,YOUTUBE,18918,Nostalgia
8872,YOUTUBE,18919,Store_UX
8873,YOUTUBE,18927,Store_UX
8874,YOUTUBE,18931,Exclusivity
8875,YOUTUBE,18935,Store_UX
8876,YOUTUBE,18949,Bug_Complaint
8877,YOUTUBE,18950,Nostalgia
8878,YOUTUBE,18955,Exclusivity
8879,YOUTUBE,18957,Bug_Complaint
8880,YOUTUBE,18961,Hype
8881,YOUTUBE,18986,Performance
8882,YOUTUBE,18988,Multiplayer
8883,YOUTUBE,18990,Nostalgia
8884,YOUTUBE,18996,Multiplayer
8885,YOUTUBE,19000,Price
8886,YOUTUBE,19012,Multiplayer
8887,YOUTUBE,19020,Multiplayer
8888,YOUTUBE,19021,Bug_Complaint
8889,YOUTUBE,19048,Price
8890,YOUTUBE,19055,Store_UX
8891,YOUTUBE,19061,Bug_Complaint
8892,YOUTUBE,19070,Nostalgia
8893,YOUTUBE,19104,Price
8894,YOUTUBE,19116,Multiplayer
8895,YOUTUBE,19118,Nostalgia
8896,YOUTUBE,19125,Bug_Complaint
8897,YOUTUBE,19143,Store_UX
8898,YOUTUBE,19167,Store_UX
8899,YOUTUBE,19169,Hype
8900,YOUTUBE,19186,Performance
8901,YOUTUBE,19201,Hype
8902,YOUTUBE,19202,Performance
8903,YOUTUBE,19203,Exclusivity
8904,YOUTUBE,19205,Bug_Complaint
8905,YOUTUBE,19214,Nostalgia
8906,YOUTUBE,19216,Price
8907,YOUTUBE,19224,Price
8908,YOUTUBE,19225,Hype
8909,YOUTUBE,19227,Exclusivity
8910,YOUTUBE,19245,Bug_Complaint
8911,YOUTUBE,19246,Nostalgia
8912,YOUTUBE,19259,Exclusivity
8913,YOUTUBE,19261,Bug_Complaint
8914,YOUTUBE,19266,Performance
8915,YOUTUBE,19279,Store_UX
8916,YOUTUBE,19280,Price
8917,YOUTUBE,19281,Hype
8918,YOUTUBE,19299,Exclusivity
8919,YOUTUBE,19305,Hype
8920,YOUTUBE,19323,Exclusivity
8921,YOUTUBE,19336,Price
8922,YOUTUBE,19337,Hype
8923,YOUTUBE,19363,Exclusivity
8924,YOUTUBE,19364,Multiplayer
8925,YOUTUBE,19366,Nostalgia
8926,YOUTUBE,19375,Store_UX
8927,YOUTUBE,19376,Price
8928,YOUTUBE,19389,Bug_Complaint
8929,YOUTUBE,19400,Price
8930,YOUTUBE,19407,Store_UX
8931,YOUTUBE,19410,Performance
8932,YOUTUBE,19412,Multiplayer
8933,YOUTUBE,19415,Store_UX
8934,YOUTUBE,19418,Performance
8935,YOUTUBE,19420,Multiplayer
8936,YOUTUBE,19421,Bug_Complaint
8937,YOUTUBE,19443,Exclusivity
8938,YOUTUBE,19449,Hype
8939,YOUTUBE,19462,Nostalgia
8940,YOUTUBE,19473,Hype
8941,YOUTUBE,19474,Performance
8942,YOUTUBE,19481,Hype
8943,YOUTUBE,19512,Price
8944,YOUTUBE,19515,Exclusivity
8945,YOUTUBE,19521,Hype
8946,YOUTUBE,19526,Nostalgia
8947,YOUTUBE,19539,Exclusivity
8948,YOUTUBE,19565,Bug_Complaint
8949,YOUTUBE,19569,Hype
8950,YOUTUBE,19571,Exclusivity
8951,YOUTUBE,19572,Multiplayer
8952,YOUTUBE,19578,Performance
8953,YOUTUBE,19580,Multiplayer
8954,YOUTUBE,19583,Store_UX
8955,YOUTUBE,19596,Multiplayer
8956,YOUTUBE,19624,Price
8957,YOUTUBE,19625,Hype
8958,YOUTUBE,19636,Multiplayer
8959,YOUTUBE,19642,Performance
8960,YOUTUBE,19649,Hype
8961,YOUTUBE,19652,Multiplayer
8962,YOUTUBE,19660,Multiplayer
8963,YOUTUBE,19670,Nostalgia
8964,YOUTUBE,19674,Performance
8965,YOUTUBE,19677,Bug_Complaint
8966,YOUTUBE,19678,Nostalgia
8967,YOUTUBE,19681,Hype
8968,YOUTUBE,19687,Store_UX
8969,YOUTUBE,19689,Hype
8970,YOUTUBE,19699,Exclusivity
8971,YOUTUBE,19708,Multiplayer
8972,YOUTUBE,19718,Nostalgia
8973,YOUTUBE,19725,Bug_Complaint
8974,YOUTUBE,19730,Performance
8975,YOUTUBE,19740,Multiplayer
8976,YOUTUBE,19744,Price
8977,YOUTUBE,19753,Hype
8978,YOUTUBE,19755,Exclusivity
8979,YOUTUBE,19756,Multiplayer
8980,YOUTUBE,19763,Exclusivity
8981,YOUTUBE,19765,Bug_Complaint
8982,YOUTUBE,19778,Performance
8983,YOUTUBE,19796,Multiplayer
8984,YOUTUBE,19805,Bug_Complaint
8985,YOUTUBE,19807,Store_UX
8986,YOUTUBE,19810,Performance
8987,YOUTUBE,19813,Bug_Complaint
8988,YOUTUBE,19815,Store_UX
8989,YOUTUBE,19849,Hype
8990,YOUTUBE,19859,Exclusivity
8991,YOUTUBE,19862,Nostalgia
8992,YOUTUBE,19866,Performance
8993,YOUTUBE,19873,Hype
8994,YOUTUBE,19890,Performance
8995,YOUTUBE,19893,Bug_Complaint
8996,YOUTUBE,19894,Nostalgia
8997,YOUTUBE,19897,Hype
8998,YOUTUBE,19898,Performance
8999,YOUTUBE,19911,Store_UX
9000,YOUTUBE,19912,Price
9001,YOUTUBE,19913,Hype
9002,YOUTUBE,19915,Exclusivity
9003,YOUTUBE,19927,Store_UX
9004,YOUTUBE,19931,Exclusivity
9005,YOUTUBE,19955,Exclusivity
9006,YOUTUBE,19992,Price
9007,YOUTUBE,20027,Exclusivity
9008,YOUTUBE,20029,Bug_Complaint
9009,YOUTUBE,20030,Nostalgia
9010,YOUTUBE,20035,Exclusivity
9011,YOUTUBE,20036,Multiplayer
9012,YOUTUBE,20061,Bug_Complaint
9013,YOUTUBE,20064,Price
9014,YOUTUBE,20086,Nostalgia
9015,YOUTUBE,20089,Hype
9016,YOUTUBE,20138,Performance
9017,YOUTUBE,20139,Exclusivity
9018,YOUTUBE,20141,Bug_Complaint
9019,YOUTUBE,20144,Price
9020,YOUTUBE,20148,Multiplayer
9021,YOUTUBE,20157,Bug_Complaint
9022,YOUTUBE,20160,Price
9023,YOUTUBE,20161,Hype
9024,YOUTUBE,20166,Nostalgia
9025,YOUTUBE,20186,Performance
9026,YOUTUBE,20193,Hype
9027,YOUTUBE,20201,Hype
9028,YOUTUBE,20204,Multiplayer
9029,YOUTUBE,20208,Price
9030,YOUTUBE,20210,Performance
9031,YOUTUBE,20213,Bug_Complaint
9032,YOUTUBE,20224,Price
9033,YOUTUBE,20227,Exclusivity
9034,YOUTUBE,20229,Bug_Complaint
9035,YOUTUBE,20242,Performance
9036,YOUTUBE,20256,Price
9037,YOUTUBE,20263,Store_UX
9038,YOUTUBE,20265,Hype
9039,YOUTUBE,20268,Multiplayer
9040,YOUTUBE,20269,Bug_Complaint
9041,YOUTUBE,20287,Store_UX
9042,YOUTUBE,20327,Store_UX
9043,YOUTUBE,20351,Store_UX
9044,YOUTUBE,20356,Multiplayer
9045,YOUTUBE,20359,Store_UX
9046,YOUTUBE,20361,Hype
9047,YOUTUBE,20367,Store_UX
9048,YOUTUBE,20371,Exclusivity
9049,YOUTUBE,20374,Nostalgia
9050,YOUTUBE,20377,Hype
9051,YOUTUBE,20380,Multiplayer
9052,YOUTUBE,20384,Price
9053,YOUTUBE,20387,Exclusivity
9054,YOUTUBE,20389,Bug_Complaint
9055,YOUTUBE,20398,Nostalgia
9056,YOUTUBE,20399,Store_UX
9057,YOUTUBE,20408,Price
9058,YOUTUBE,20410,Performance
9059,YOUTUBE,20411,Exclusivity
9060,YOUTUBE,20414,Nostalgia
9061,YOUTUBE,20421,Bug_Complaint
9062,YOUTUBE,20430,Nostalgia
9063,YOUTUBE,20433,Hype
9064,YOUTUBE,20438,Nostalgia
9065,YOUTUBE,20454,Nostalgia
9066,YOUTUBE,20465,Hype
9067,YOUTUBE,20469,Bug_Complaint
9068,REDDIT,3328,Store_UX
9069,REDDIT,3329,Price
9070,REDDIT,3333,Performance
9071,REDDIT,3337,Price
9072,REDDIT,3351,Nostalgia
9073,REDDIT,3366,Performance
9074,REDDIT,3375,Multiplayer
9075,REDDIT,3376,Nostalgia
9076,REDDIT,3386,Multiplayer
9077,REDDIT,3389,Performance
9078,REDDIT,3390,Store_UX
9079,REDDIT,3394,Bug_Complaint
9080,REDDIT,3395,Price
9081,REDDIT,3404,Store_UX
9082,REDDIT,3422,Price
9083,REDDIT,3425,Bug_Complaint
9084,REDDIT,3434,Bug_Complaint
9085,REDDIT,3440,Store_UX
9086,REDDIT,3446,Price
9087,REDDIT,3451,Hype
9088,REDDIT,3456,Price
9089,REDDIT,3471,Store_UX
9090,REDDIT,3481,Store_UX
9091,REDDIT,3498,Hype
9092,REDDIT,3502,Multiplayer
9093,REDDIT,3527,Exclusivity
9094,REDDIT,3539,Hype
9095,REDDIT,3556,Bug_Complaint
9096,REDDIT,3557,Bug_Complaint
9097,REDDIT,3558,Exclusivity
9098,REDDIT,3563,Store_UX
9099,REDDIT,3570,Store_UX
9100,REDDIT,3585,Store_UX
9101,REDDIT,3600,Store_UX
9102,REDDIT,3603,Performance
9103,REDDIT,3609,Exclusivity
9104,REDDIT,3612,Multiplayer
9105,REDDIT,3617,Bug_Complaint
9106,REDDIT,3620,Bug_Complaint
9107,REDDIT,3630,Performance
9108,REDDIT,3635,Performance
9109,REDDIT,3654,Price
9110,REDDIT,3655,Store_UX
9111,REDDIT,3662,Nostalgia
9112,REDDIT,3667,Bug_Complaint
9113,REDDIT,3672,Performance
9114,REDDIT,3677,Multiplayer
9115,REDDIT,3679,Store_UX
9116,REDDIT,3688,Store_UX
9117,REDDIT,3692,Bug_Complaint
9118,REDDIT,3693,Price
9119,REDDIT,3708,Nostalgia
9120,REDDIT,3723,Hype
9121,REDDIT,3725,Performance
9122,REDDIT,3732,Performance
9123,REDDIT,3739,Performance
9124,REDDIT,3759,Multiplayer
9125,REDDIT,3767,Price
9126,REDDIT,3773,Exclusivity
9127,REDDIT,3778,Price
9128,REDDIT,3781,Bug_Complaint
9129,REDDIT,3787,Performance
9130,REDDIT,3807,Exclusivity
9131,REDDIT,3810,Price
9132,REDDIT,3822,Exclusivity
9133,REDDIT,3834,Store_UX
9134,REDDIT,3840,Multiplayer
9135,REDDIT,3843,Exclusivity
9136,REDDIT,3849,Nostalgia
9137,REDDIT,3850,Multiplayer
9138,REDDIT,3860,Bug_Complaint
9139,REDDIT,3861,Performance
9140,REDDIT,3864,Exclusivity
9141,REDDIT,3878,Store_UX
9142,REDDIT,3890,Store_UX
9143,REDDIT,3893,Exclusivity
9144,REDDIT,3895,Price
9145,REDDIT,3896,Exclusivity
9146,REDDIT,3899,Nostalgia
9147,REDDIT,3909,Exclusivity
9148,REDDIT,3911,Store_UX
9149,REDDIT,3912,Bug_Complaint
9150,REDDIT,3924,Performance
9151,REDDIT,3941,Store_UX
9152,REDDIT,3953,Hype
9153,REDDIT,3965,Multiplayer
9154,REDDIT,3981,Nostalgia
9155,REDDIT,3985,Bug_Complaint
9156,YOUTUBE,10245,Bug_Complaint
9157,YOUTUBE,10249,Hype
9158,YOUTUBE,10250,Performance
9159,YOUTUBE,10259,Exclusivity
9160,YOUTUBE,10261,Bug_Complaint
9161,YOUTUBE,10266,Performance
9162,YOUTUBE,10277,Bug_Complaint
9163,YOUTUBE,10278,Nostalgia
9164,YOUTUBE,10298,Performance
9165,YOUTUBE,10305,Hype
9166,YOUTUBE,10310,Nostalgia
9167,YOUTUBE,10324,Multiplayer
9168,YOUTUBE,10331,Exclusivity
9169,YOUTUBE,10333,Bug_Complaint
9170,YOUTUBE,10340,Multiplayer
9171,YOUTUBE,10343,Store_UX
9172,YOUTUBE,10345,Hype
9173,YOUTUBE,10348,Multiplayer
9174,YOUTUBE,10356,Multiplayer
9175,YOUTUBE,10369,Hype
9176,YOUTUBE,10377,Hype
9177,YOUTUBE,10389,Bug_Complaint
9178,YOUTUBE,10393,Hype
9179,YOUTUBE,10396,Multiplayer
9180,YOUTUBE,10400,Price
9181,YOUTUBE,10406,Nostalgia
9182,YOUTUBE,10424,Price
9183,YOUTUBE,10431,Store_UX
9184,YOUTUBE,10438,Nostalgia
9185,YOUTUBE,10440,Price
9186,YOUTUBE,10441,Hype
9187,YOUTUBE,10442,Performance
9188,YOUTUBE,10443,Exclusivity
9189,YOUTUBE,10449,Hype
9190,YOUTUBE,10456,Price
9191,YOUTUBE,10458,Performance
9192,YOUTUBE,10468,Multiplayer
9193,YOUTUBE,10490,Performance
9194,YOUTUBE,10519,Store_UX
9195,YOUTUBE,10538,Performance
9196,YOUTUBE,10542,Nostalgia
9197,YOUTUBE,10543,Store_UX
9198,YOUTUBE,10546,Performance
9199,YOUTUBE,10551,Store_UX
9200,YOUTUBE,10573,Bug_Complaint
9201,YOUTUBE,10574,Nostalgia
9202,YOUTUBE,10577,Hype
9203,YOUTUBE,10582,Nostalgia
9204,YOUTUBE,10584,Price
9205,YOUTUBE,10590,Nostalgia
9206,YOUTUBE,10597,Bug_Complaint
9207,YOUTUBE,10599,Store_UX
9208,YOUTUBE,10604,Multiplayer
9209,YOUTUBE,10605,Bug_Complaint
9210,YOUTUBE,10609,Hype
9211,YOUTUBE,10617,Hype
9212,YOUTUBE,10622,Nostalgia
9213,YOUTUBE,10626,Performance
9214,YOUTUBE,10630,Nostalgia
9215,YOUTUBE,10638,Nostalgia
9216,YOUTUBE,10643,Exclusivity
9217,YOUTUBE,10648,Price
9218,YOUTUBE,10650,Performance
9219,YOUTUBE,10651,Exclusivity
9220,YOUTUBE,10656,Price
9221,YOUTUBE,10660,Multiplayer
9222,YOUTUBE,10663,Store_UX
9223,YOUTUBE,10668,Multiplayer
9224,YOUTUBE,10677,Bug_Complaint
9225,YOUTUBE,10695,Store_UX
9226,YOUTUBE,10704,Price
9227,YOUTUBE,10706,Performance
9228,YOUTUBE,10735,Store_UX
9229,YOUTUBE,10736,Price
9230,YOUTUBE,10740,Multiplayer
9231,YOUTUBE,10745,Hype
9232,YOUTUBE,10746,Performance
9233,YOUTUBE,10749,Bug_Complaint
9234,YOUTUBE,10750,Nostalgia
9235,YOUTUBE,10764,Multiplayer
9236,YOUTUBE,10772,Multiplayer
9237,YOUTUBE,10778,Performance
9238,YOUTUBE,10780,Multiplayer
9239,YOUTUBE,10782,Nostalgia
9240,YOUTUBE,10795,Exclusivity
9241,YOUTUBE,10799,Store_UX
9242,YOUTUBE,10804,Multiplayer
9243,YOUTUBE,10813,Bug_Complaint
9244,YOUTUBE,10821,Bug_Complaint
9245,YOUTUBE,10827,Exclusivity
9246,YOUTUBE,10844,Multiplayer
9247,YOUTUBE,10849,Hype
9248,YOUTUBE,10863,Store_UX
9249,YOUTUBE,10866,Performance
9250,YOUTUBE,10877,Bug_Complaint
9251,YOUTUBE,10886,Nostalgia
9252,YOUTUBE,10907,Exclusivity
9253,YOUTUBE,10910,Nostalgia
9254,YOUTUBE,10914,Performance
9255,YOUTUBE,10921,Hype
9256,YOUTUBE,10927,Store_UX
9257,YOUTUBE,10941,Bug_Complaint
9258,YOUTUBE,10943,Store_UX
9259,YOUTUBE,10960,Price
9260,YOUTUBE,10982,Nostalgia
9261,YOUTUBE,10984,Price
9262,YOUTUBE,10988,Multiplayer
9263,YOUTUBE,11000,Price
9264,YOUTUBE,11001,Hype
9265,YOUTUBE,11016,Price
9266,YOUTUBE,11035,Exclusivity
9267,YOUTUBE,11041,Hype
9268,YOUTUBE,11049,Hype
9269,YOUTUBE,11061,Bug_Complaint
9270,YOUTUBE,11073,Hype
9271,YOUTUBE,11077,Bug_Complaint
9272,YOUTUBE,11085,Bug_Complaint
9273,YOUTUBE,11087,Store_UX
9274,YOUTUBE,11090,Performance
9275,YOUTUBE,11101,Bug_Complaint
9276,YOUTUBE,11109,Bug_Complaint
9277,YOUTUBE,11112,Price
9278,YOUTUBE,11117,Bug_Complaint
9279,YOUTUBE,11134,Nostalgia
9280,YOUTUBE,11149,Bug_Complaint
9281,YOUTUBE,11154,Performance
9282,YOUTUBE,11165,Bug_Complaint
9283,YOUTUBE,11171,Exclusivity
9284,YOUTUBE,11182,Nostalgia
9285,YOUTUBE,11195,Exclusivity
9286,YOUTUBE,11196,Multiplayer
9287,YOUTUBE,11199,Store_UX
9288,YOUTUBE,11217,Hype
9289,YOUTUBE,11218,Performance
9290,YOUTUBE,11228,Multiplayer
9291,YOUTUBE,11231,Store_UX
9292,YOUTUBE,11239,Store_UX
9293,YOUTUBE,11240,Price
9294,YOUTUBE,11248,Price
9295,YOUTUBE,11252,Multiplayer
9296,YOUTUBE,11256,Price
9297,YOUTUBE,11270,Nostalgia
9298,YOUTUBE,11271,Store_UX
9299,YOUTUBE,11276,Multiplayer
9300,YOUTUBE,11278,Nostalgia
9301,YOUTUBE,11282,Performance
9302,YOUTUBE,11307,Exclusivity
9303,YOUTUBE,11309,Bug_Complaint
9304,YOUTUBE,11311,Store_UX
9305,YOUTUBE,11317,Bug_Complaint
9306,YOUTUBE,11321,Hype
9307,YOUTUBE,11333,Bug_Complaint
9308,YOUTUBE,11341,Bug_Complaint
9309,YOUTUBE,11342,Nostalgia
9310,YOUTUBE,11369,Hype
9311,YOUTUBE,11376,Price
9312,YOUTUBE,11382,Nostalgia
9313,YOUTUBE,11391,Store_UX
9314,YOUTUBE,11425,Hype
9315,YOUTUBE,11437,Bug_Complaint
9316,YOUTUBE,11439,Store_UX
9317,YOUTUBE,11446,Nostalgia
9318,YOUTUBE,11464,Price
9319,YOUTUBE,11488,Price
9320,YOUTUBE,11490,Performance
9321,YOUTUBE,11507,Exclusivity
9322,YOUTUBE,11522,Performance
9323,YOUTUBE,11523,Exclusivity
9324,YOUTUBE,11524,Multiplayer
9325,YOUTUBE,11526,Nostalgia
9326,YOUTUBE,11535,Store_UX
9327,YOUTUBE,11537,Hype
9328,YOUTUBE,11545,Hype
9329,YOUTUBE,11546,Performance
9330,YOUTUBE,11548,Multiplayer
9331,YOUTUBE,11566,Nostalgia
9332,YOUTUBE,11567,Store_UX
9333,YOUTUBE,11580,Multiplayer
9334,YOUTUBE,11582,Nostalgia
9335,YOUTUBE,11587,Exclusivity
9336,YOUTUBE,11600,Price
9337,YOUTUBE,11601,Hype
9338,YOUTUBE,11602,Performance
9339,YOUTUBE,11620,Multiplayer
9340,YOUTUBE,11626,Performance
9341,YOUTUBE,11644,Multiplayer
9342,YOUTUBE,11657,Hype
9343,YOUTUBE,11658,Performance
9344,YOUTUBE,11684,Multiplayer
9345,YOUTUBE,11685,Bug_Complaint
9346,YOUTUBE,11687,Store_UX
9347,YOUTUBE,11696,Price
9348,YOUTUBE,11697,Hype
9349,YOUTUBE,11710,Nostalgia
9350,YOUTUBE,11721,Hype
9351,YOUTUBE,11728,Price
9352,YOUTUBE,11731,Exclusivity
9353,YOUTUBE,11733,Bug_Complaint
9354,YOUTUBE,11736,Price
9355,YOUTUBE,11739,Exclusivity
9356,YOUTUBE,11741,Bug_Complaint
9357,YOUTUBE,11742,Nostalgia
9358,YOUTUBE,11764,Multiplayer
9359,YOUTUBE,11770,Performance
9360,YOUTUBE,11783,Store_UX
9361,YOUTUBE,11794,Performance
9362,YOUTUBE,11795,Exclusivity
9363,YOUTUBE,11802,Performance
9364,YOUTUBE,11833,Hype
9365,YOUTUBE,11836,Multiplayer
9366,YOUTUBE,11842,Performance
9367,YOUTUBE,11847,Store_UX
9368,YOUTUBE,11860,Multiplayer
9369,YOUTUBE,11886,Nostalgia
9370,YOUTUBE,11890,Performance
9371,YOUTUBE,11892,Multiplayer
9372,YOUTUBE,11893,Bug_Complaint
9373,YOUTUBE,11899,Exclusivity
9374,YOUTUBE,11901,Bug_Complaint
9375,YOUTUBE,11904,Price
9376,YOUTUBE,11917,Bug_Complaint
9377,YOUTUBE,11945,Hype
9378,YOUTUBE,11946,Performance
9379,YOUTUBE,11957,Bug_Complaint
9380,YOUTUBE,11963,Exclusivity
9381,YOUTUBE,11970,Performance
9382,YOUTUBE,11973,Bug_Complaint
9383,YOUTUBE,11981,Bug_Complaint
9384,YOUTUBE,11991,Store_UX
9385,YOUTUBE,11995,Exclusivity
9386,YOUTUBE,11998,Nostalgia
9387,YOUTUBE,11999,Store_UX
9388,YOUTUBE,12002,Performance
9389,YOUTUBE,12008,Price
9390,YOUTUBE,12010,Performance
9391,YOUTUBE,12020,Multiplayer
9392,YOUTUBE,12029,Bug_Complaint
9393,YOUTUBE,12039,Store_UX
9394,YOUTUBE,12046,Nostalgia
9395,YOUTUBE,12051,Exclusivity
9396,YOUTUBE,12061,Bug_Complaint
9397,YOUTUBE,12065,Hype
9398,YOUTUBE,12074,Performance
9399,YOUTUBE,12076,Multiplayer
9400,YOUTUBE,12077,Bug_Complaint
9401,YOUTUBE,12084,Multiplayer
9402,YOUTUBE,12086,Nostalgia
9403,YOUTUBE,12099,Exclusivity
9404,YOUTUBE,12117,Bug_Complaint
9405,YOUTUBE,12126,Nostalgia
9406,YOUTUBE,12128,Price
9407,YOUTUBE,12131,Exclusivity
9408,YOUTUBE,12134,Nostalgia
9409,YOUTUBE,12136,Price
9410,YOUTUBE,12170,Performance
9411,YOUTUBE,12180,Multiplayer
9412,YOUTUBE,12183,Store_UX
9413,YOUTUBE,12187,Exclusivity
9414,YOUTUBE,12194,Performance
9415,YOUTUBE,12211,Exclusivity
9416,YOUTUBE,12214,Nostalgia
9417,YOUTUBE,12215,Store_UX
9418,YOUTUBE,12218,Performance
9419,YOUTUBE,12219,Exclusivity
9420,YOUTUBE,12232,Price
9421,YOUTUBE,12233,Hype
9422,YOUTUBE,12234,Performance
9423,YOUTUBE,12236,Multiplayer
9424,YOUTUBE,12248,Price
9425,YOUTUBE,12252,Multiplayer
9426,YOUTUBE,12276,Multiplayer
9427,YOUTUBE,12313,Hype
9428,YOUTUBE,12348,Multiplayer
9429,YOUTUBE,12350,Nostalgia
9430,YOUTUBE,12351,Store_UX
9431,YOUTUBE,12356,Multiplayer
9432,YOUTUBE,12357,Bug_Complaint
9433,YOUTUBE,12382,Nostalgia
9434,YOUTUBE,12385,Hype
9435,YOUTUBE,12407,Store_UX
9436,YOUTUBE,12410,Performance
9437,YOUTUBE,12459,Exclusivity
9438,YOUTUBE,12460,Multiplayer
9439,YOUTUBE,12462,Nostalgia
9440,YOUTUBE,12465,Hype
9441,YOUTUBE,12469,Bug_Complaint
9442,YOUTUBE,12478,Nostalgia
9443,YOUTUBE,12481,Hype
9444,YOUTUBE,12482,Performance
9445,YOUTUBE,12487,Store_UX
9446,YOUTUBE,12507,Exclusivity
9447,YOUTUBE,12514,Performance
9448,YOUTUBE,12522,Performance
9449,YOUTUBE,12525,Bug_Complaint
9450,YOUTUBE,12529,Hype
9451,YOUTUBE,12531,Exclusivity
9452,YOUTUBE,12534,Nostalgia
9453,YOUTUBE,12545,Hype
9454,YOUTUBE,12548,Multiplayer
9455,YOUTUBE,12550,Nostalgia
9456,YOUTUBE,12563,Exclusivity
9457,YOUTUBE,12577,Hype
9458,YOUTUBE,12584,Price
9459,YOUTUBE,12586,Performance
9460,YOUTUBE,12589,Bug_Complaint
9461,YOUTUBE,12590,Nostalgia
9462,YOUTUBE,12608,Price
9463,YOUTUBE,12648,Price
9464,YOUTUBE,12672,Price
9465,YOUTUBE,12677,Bug_Complaint
9466,YOUTUBE,12680,Price
9467,YOUTUBE,12682,Performance
9468,YOUTUBE,12688,Price
9469,YOUTUBE,12692,Multiplayer
9470,YOUTUBE,12695,Store_UX
9471,YOUTUBE,12698,Performance
9472,YOUTUBE,12701,Bug_Complaint
9473,YOUTUBE,12705,Hype
9474,YOUTUBE,12708,Multiplayer
9475,YOUTUBE,12710,Nostalgia
9476,YOUTUBE,12719,Store_UX
9477,YOUTUBE,12720,Price
9478,YOUTUBE,12729,Hype
9479,YOUTUBE,12731,Exclusivity
9480,YOUTUBE,12732,Multiplayer
9481,YOUTUBE,12735,Store_UX
9482,YOUTUBE,12742,Nostalgia
9483,YOUTUBE,12751,Store_UX
9484,YOUTUBE,12754,Performance
9485,YOUTUBE,12759,Store_UX
9486,YOUTUBE,12775,Store_UX
9487,YOUTUBE,12786,Performance
9488,YOUTUBE,12790,Nostalgia
9489,YOUTUBE,15361,Hype
9490,YOUTUBE,15362,Performance
9491,YOUTUBE,15366,Nostalgia
9492,YOUTUBE,15370,Performance
9493,YOUTUBE,15384,Price
9494,YOUTUBE,15399,Store_UX
9495,YOUTUBE,15408,Price
9496,YOUTUBE,15409,Hype
9497,YOUTUBE,15419,Exclusivity
9498,YOUTUBE,15422,Nostalgia
9499,YOUTUBE,15423,Store_UX
9500,YOUTUBE,15427,Exclusivity
9501,YOUTUBE,15428,Multiplayer
9502,YOUTUBE,15437,Bug_Complaint
9503,YOUTUBE,15455,Store_UX
9504,YOUTUBE,15458,Performance
9505,YOUTUBE,15467,Exclusivity
9506,YOUTUBE,15473,Hype
9507,YOUTUBE,15479,Store_UX
9508,YOUTUBE,15484,Multiplayer
9509,YOUTUBE,15489,Hype
9510,YOUTUBE,15504,Price
9511,YOUTUBE,15514,Performance
9512,YOUTUBE,15531,Exclusivity
9513,YOUTUBE,15535,Store_UX
9514,YOUTUBE,15560,Price
9515,YOUTUBE,15572,Multiplayer
9516,YOUTUBE,15589,Bug_Complaint
9517,YOUTUBE,15590,Nostalgia
9518,YOUTUBE,15591,Store_UX
9519,YOUTUBE,15596,Multiplayer
9520,YOUTUBE,15603,Exclusivity
9521,YOUTUBE,15618,Performance
9522,YOUTUBE,15633,Hype
9523,YOUTUBE,15636,Multiplayer
9524,YOUTUBE,15642,Performance
9525,YOUTUBE,15645,Bug_Complaint
9526,YOUTUBE,15650,Performance
9527,YOUTUBE,15653,Bug_Complaint
9528,YOUTUBE,15663,Store_UX
9529,YOUTUBE,15668,Multiplayer
9530,YOUTUBE,15687,Store_UX
9531,YOUTUBE,15688,Price
9532,YOUTUBE,15695,Store_UX
9533,YOUTUBE,15700,Multiplayer
9534,YOUTUBE,15705,Hype
9535,YOUTUBE,15710,Nostalgia
9536,YOUTUBE,15712,Price
9537,YOUTUBE,15721,Hype
9538,YOUTUBE,15725,Bug_Complaint
9539,YOUTUBE,15726,Nostalgia
9540,YOUTUBE,15741,Bug_Complaint
9541,YOUTUBE,15756,Multiplayer
9542,YOUTUBE,15758,Nostalgia
9543,YOUTUBE,15765,Bug_Complaint
9544,YOUTUBE,15772,Multiplayer
9545,YOUTUBE,15792,Price
9546,YOUTUBE,15800,Price
9547,YOUTUBE,15806,Nostalgia
9548,YOUTUBE,15811,Exclusivity
9549,YOUTUBE,15814,Nostalgia
9550,YOUTUBE,15820,Multiplayer
9551,YOUTUBE,15840,Price
9552,YOUTUBE,15843,Exclusivity
9553,YOUTUBE,15855,Store_UX
9554,YOUTUBE,15867,Exclusivity
9555,YOUTUBE,15873,Hype
9556,YOUTUBE,15876,Multiplayer
9557,YOUTUBE,15882,Performance
9558,YOUTUBE,15883,Exclusivity
9559,YOUTUBE,15893,Bug_Complaint
9560,YOUTUBE,15894,Nostalgia
9561,YOUTUBE,15897,Hype
9562,YOUTUBE,15911,Store_UX
9563,YOUTUBE,15923,Exclusivity
9564,YOUTUBE,15926,Nostalgia
9565,YOUTUBE,15928,Price
9566,YOUTUBE,15929,Hype
9567,YOUTUBE,15932,Multiplayer
9568,YOUTUBE,15942,Nostalgia
9569,YOUTUBE,15944,Price
9570,YOUTUBE,15945,Hype
9571,YOUTUBE,15957,Bug_Complaint
9572,YOUTUBE,15974,Nostalgia
9573,YOUTUBE,15986,Performance
9574,YOUTUBE,15998,Nostalgia
9575,YOUTUBE,16014,Nostalgia
9576,YOUTUBE,16018,Performance
9577,YOUTUBE,16029,Bug_Complaint
9578,YOUTUBE,16033,Hype
9579,YOUTUBE,16034,Performance
9580,YOUTUBE,16043,Exclusivity
9581,YOUTUBE,16045,Bug_Complaint
9582,YOUTUBE,16050,Performance
9583,YOUTUBE,16061,Bug_Complaint
9584,YOUTUBE,16062,Nostalgia
9585,YOUTUBE,16082,Performance
9586,YOUTUBE,16089,Hype
9587,YOUTUBE,16094,Nostalgia
9588,YOUTUBE,16108,Multiplayer
9589,YOUTUBE,16115,Exclusivity
9590,YOUTUBE,16117,Bug_Complaint
9591,YOUTUBE,16124,Multiplayer
9592,YOUTUBE,16127,Store_UX
9593,YOUTUBE,16129,Hype
9594,YOUTUBE,16132,Multiplayer
9595,YOUTUBE,16140,Multiplayer
9596,YOUTUBE,16153,Hype
9597,YOUTUBE,16161,Hype
9598,YOUTUBE,16173,Bug_Complaint
9599,YOUTUBE,16177,Hype
9600,YOUTUBE,16180,Multiplayer
9601,YOUTUBE,16184,Price
9602,YOUTUBE,16190,Nostalgia
9603,YOUTUBE,16208,Price
9604,YOUTUBE,16215,Store_UX
9605,YOUTUBE,16222,Nostalgia
9606,YOUTUBE,16224,Price
9607,YOUTUBE,16225,Hype
9608,YOUTUBE,16226,Performance
9609,YOUTUBE,16227,Exclusivity
9610,YOUTUBE,16233,Hype
9611,YOUTUBE,16240,Price
9612,YOUTUBE,16242,Performance
9613,YOUTUBE,16252,Multiplayer
9614,YOUTUBE,16274,Performance
9615,YOUTUBE,16303,Store_UX
9616,YOUTUBE,16322,Performance
9617,YOUTUBE,16326,Nostalgia
9618,YOUTUBE,16327,Store_UX
9619,YOUTUBE,16330,Performance
9620,YOUTUBE,16335,Store_UX
9621,YOUTUBE,16357,Bug_Complaint
9622,YOUTUBE,16358,Nostalgia
9623,YOUTUBE,16361,Hype
9624,YOUTUBE,16366,Nostalgia
9625,YOUTUBE,16368,Price
9626,YOUTUBE,16374,Nostalgia
9627,YOUTUBE,16381,Bug_Complaint
9628,YOUTUBE,16383,Store_UX
9629,YOUTUBE,16388,Multiplayer
9630,YOUTUBE,16389,Bug_Complaint
9631,YOUTUBE,16393,Hype
9632,YOUTUBE,16401,Hype
9633,YOUTUBE,16406,Nostalgia
9634,YOUTUBE,16410,Performance
9635,YOUTUBE,16414,Nostalgia
9636,YOUTUBE,16422,Nostalgia
9637,YOUTUBE,16427,Exclusivity
9638,YOUTUBE,16432,Price
9639,YOUTUBE,16434,Performance
9640,YOUTUBE,16435,Exclusivity
9641,YOUTUBE,16440,Price
9642,YOUTUBE,16444,Multiplayer
9643,YOUTUBE,16447,Store_UX
9644,YOUTUBE,16452,Multiplayer
9645,YOUTUBE,16461,Bug_Complaint
9646,YOUTUBE,16479,Store_UX
9647,YOUTUBE,16488,Price
9648,YOUTUBE,16490,Performance
9649,YOUTUBE,16519,Store_UX
9650,YOUTUBE,16520,Price
9651,YOUTUBE,16524,Multiplayer
9652,YOUTUBE,16529,Hype
9653,YOUTUBE,16530,Performance
9654,YOUTUBE,16533,Bug_Complaint
9655,YOUTUBE,16534,Nostalgia
9656,YOUTUBE,16548,Multiplayer
9657,YOUTUBE,16556,Multiplayer
9658,YOUTUBE,16562,Performance
9659,YOUTUBE,16564,Multiplayer
9660,YOUTUBE,16566,Nostalgia
9661,YOUTUBE,16579,Exclusivity
9662,YOUTUBE,16583,Store_UX
9663,YOUTUBE,16588,Multiplayer
9664,YOUTUBE,16597,Bug_Complaint
9665,YOUTUBE,16605,Bug_Complaint
9666,YOUTUBE,16611,Exclusivity
9667,YOUTUBE,16628,Multiplayer
9668,YOUTUBE,16633,Hype
9669,YOUTUBE,16647,Store_UX
9670,YOUTUBE,16650,Performance
9671,YOUTUBE,16661,Bug_Complaint
9672,YOUTUBE,16670,Nostalgia
9673,YOUTUBE,16691,Exclusivity
9674,YOUTUBE,16694,Nostalgia
9675,YOUTUBE,16698,Performance
9676,YOUTUBE,16705,Hype
9677,YOUTUBE,16711,Store_UX
9678,YOUTUBE,16725,Bug_Complaint
9679,YOUTUBE,16727,Store_UX
9680,YOUTUBE,16744,Price
9681,YOUTUBE,16766,Nostalgia
9682,YOUTUBE,16768,Price
9683,YOUTUBE,16772,Multiplayer
9684,YOUTUBE,16784,Price
9685,YOUTUBE,16785,Hype
9686,YOUTUBE,16800,Price
9687,YOUTUBE,16819,Exclusivity
9688,YOUTUBE,16825,Hype
9689,YOUTUBE,16833,Hype
9690,YOUTUBE,16845,Bug_Complaint
9691,YOUTUBE,16857,Hype
9692,YOUTUBE,16861,Bug_Complaint
9693,YOUTUBE,16869,Bug_Complaint
9694,YOUTUBE,16871,Store_UX
9695,YOUTUBE,16874,Performance
9696,YOUTUBE,16885,Bug_Complaint
9697,YOUTUBE,16893,Bug_Complaint
9698,YOUTUBE,16896,Price
9699,YOUTUBE,16901,Bug_Complaint
9700,YOUTUBE,16918,Nostalgia
9701,YOUTUBE,16933,Bug_Complaint
9702,YOUTUBE,16938,Performance
9703,YOUTUBE,16949,Bug_Complaint
9704,YOUTUBE,16955,Exclusivity
9705,YOUTUBE,16966,Nostalgia
9706,YOUTUBE,16979,Exclusivity
9707,YOUTUBE,16980,Multiplayer
9708,YOUTUBE,16983,Store_UX
9709,YOUTUBE,17001,Hype
9710,YOUTUBE,17002,Performance
9711,YOUTUBE,17012,Multiplayer
9712,YOUTUBE,17015,Store_UX
9713,YOUTUBE,17023,Store_UX
9714,YOUTUBE,17024,Price
9715,YOUTUBE,17032,Price
9716,YOUTUBE,17036,Multiplayer
9717,YOUTUBE,17040,Price
9718,YOUTUBE,17054,Nostalgia
9719,YOUTUBE,17055,Store_UX
9720,YOUTUBE,17060,Multiplayer
9721,YOUTUBE,17062,Nostalgia
9722,YOUTUBE,17066,Performance
9723,YOUTUBE,17091,Exclusivity
9724,YOUTUBE,17093,Bug_Complaint
9725,YOUTUBE,17095,Store_UX
9726,YOUTUBE,17101,Bug_Complaint
9727,YOUTUBE,17105,Hype
9728,YOUTUBE,17117,Bug_Complaint
9729,YOUTUBE,17125,Bug_Complaint
9730,YOUTUBE,17126,Nostalgia
9731,YOUTUBE,17153,Hype
9732,YOUTUBE,17160,Price
9733,YOUTUBE,17166,Nostalgia
9734,YOUTUBE,17175,Store_UX
9735,YOUTUBE,17209,Hype
9736,YOUTUBE,17221,Bug_Complaint
9737,YOUTUBE,17223,Store_UX
9738,YOUTUBE,17230,Nostalgia
9739,YOUTUBE,17248,Price
9740,YOUTUBE,17272,Price
9741,YOUTUBE,17274,Performance
9742,YOUTUBE,17291,Exclusivity
9743,YOUTUBE,17306,Performance
9744,YOUTUBE,17307,Exclusivity
9745,YOUTUBE,17308,Multiplayer
9746,YOUTUBE,17310,Nostalgia
9747,YOUTUBE,17319,Store_UX
9748,YOUTUBE,17321,Hype
9749,YOUTUBE,17329,Hype
9750,YOUTUBE,17330,Performance
9751,YOUTUBE,17332,Multiplayer
9752,YOUTUBE,17350,Nostalgia
9753,YOUTUBE,17351,Store_UX
9754,YOUTUBE,17364,Multiplayer
9755,YOUTUBE,17366,Nostalgia
9756,YOUTUBE,17371,Exclusivity
9757,YOUTUBE,17384,Price
9758,YOUTUBE,17385,Hype
9759,YOUTUBE,17386,Performance
9760,YOUTUBE,17404,Multiplayer
9761,YOUTUBE,17410,Performance
9762,YOUTUBE,17428,Multiplayer
9763,YOUTUBE,17441,Hype
9764,YOUTUBE,17442,Performance
9765,YOUTUBE,17468,Multiplayer
9766,YOUTUBE,17469,Bug_Complaint
9767,YOUTUBE,17471,Store_UX
9768,YOUTUBE,17480,Price
9769,YOUTUBE,17481,Hype
9770,YOUTUBE,17494,Nostalgia
9771,YOUTUBE,17505,Hype
9772,YOUTUBE,17512,Price
9773,YOUTUBE,17515,Exclusivity
9774,YOUTUBE,17517,Bug_Complaint
9775,YOUTUBE,17520,Price
9776,YOUTUBE,17523,Exclusivity
9777,YOUTUBE,17525,Bug_Complaint
9778,YOUTUBE,17526,Nostalgia
9779,YOUTUBE,17548,Multiplayer
9780,YOUTUBE,17554,Performance
9781,YOUTUBE,17567,Store_UX
9782,YOUTUBE,17578,Performance
9783,YOUTUBE,17579,Exclusivity
9784,YOUTUBE,17586,Performance
9785,YOUTUBE,17617,Hype
9786,YOUTUBE,17620,Multiplayer
9787,YOUTUBE,17626,Performance
9788,YOUTUBE,17631,Store_UX
9789,YOUTUBE,17644,Multiplayer
9790,YOUTUBE,17670,Nostalgia
9791,YOUTUBE,17674,Performance
9792,YOUTUBE,17676,Multiplayer
9793,YOUTUBE,17677,Bug_Complaint
9794,YOUTUBE,17683,Exclusivity
9795,YOUTUBE,17685,Bug_Complaint
9796,YOUTUBE,17688,Price
9797,YOUTUBE,17701,Bug_Complaint
9798,YOUTUBE,17729,Hype
9799,YOUTUBE,17730,Performance
9800,YOUTUBE,17741,Bug_Complaint
9801,YOUTUBE,17747,Exclusivity
9802,YOUTUBE,17754,Performance
9803,YOUTUBE,17757,Bug_Complaint
9804,YOUTUBE,17765,Bug_Complaint
9805,YOUTUBE,17775,Store_UX
9806,YOUTUBE,17779,Exclusivity
9807,YOUTUBE,17782,Nostalgia
9808,YOUTUBE,17783,Store_UX
9809,YOUTUBE,17786,Performance
9810,YOUTUBE,17792,Price
9811,YOUTUBE,17794,Performance
9812,YOUTUBE,17804,Multiplayer
9813,YOUTUBE,17813,Bug_Complaint
9814,YOUTUBE,17823,Store_UX
9815,YOUTUBE,17830,Nostalgia
9816,YOUTUBE,17835,Exclusivity
9817,YOUTUBE,17845,Bug_Complaint
9818,YOUTUBE,17849,Hype
9819,YOUTUBE,17858,Performance
9820,YOUTUBE,17860,Multiplayer
9821,YOUTUBE,17861,Bug_Complaint
9822,YOUTUBE,17868,Multiplayer
9823,YOUTUBE,17870,Nostalgia
9824,YOUTUBE,17883,Exclusivity
9825,YOUTUBE,17901,Bug_Complaint
9826,YOUTUBE,17910,Nostalgia
9827,YOUTUBE,17912,Price
9828,YOUTUBE,17915,Exclusivity
9829,YOUTUBE,17918,Nostalgia
3178,REDDIT,5,Price
3179,REDDIT,9,Price
3180,REDDIT,24,Performance
3181,REDDIT,29,Nostalgia
3182,REDDIT,32,Store_UX
3183,REDDIT,37,Performance
3184,REDDIT,45,Price
3185,REDDIT,52,Store_UX
3186,REDDIT,58,Nostalgia
3187,REDDIT,67,Exclusivity
3188,REDDIT,72,Multiplayer
3189,REDDIT,86,Bug_Complaint
3190,REDDIT,88,Store_UX
3191,REDDIT,95,Store_UX
3192,REDDIT,99,Exclusivity
3193,REDDIT,103,Store_UX
3194,REDDIT,108,Performance
3195,REDDIT,110,Store_UX
3196,REDDIT,116,Store_UX
3197,REDDIT,122,Exclusivity
3198,REDDIT,140,Hype
3199,REDDIT,147,Price
3200,REDDIT,148,Price
3201,REDDIT,153,Price
3202,REDDIT,159,Nostalgia
3203,REDDIT,163,Price
3204,REDDIT,169,Price
3205,REDDIT,176,Bug_Complaint
3206,REDDIT,190,Exclusivity
3207,REDDIT,205,Performance
3208,REDDIT,208,Bug_Complaint
3209,REDDIT,212,Store_UX
3210,REDDIT,216,Store_UX
3211,REDDIT,217,Store_UX
3212,REDDIT,219,Price
3213,REDDIT,224,Performance
3214,REDDIT,237,Nostalgia
3215,REDDIT,239,Hype
3216,REDDIT,241,Performance
3217,REDDIT,246,Nostalgia
3218,REDDIT,249,Exclusivity
3219,REDDIT,256,Bug_Complaint
3220,REDDIT,272,Nostalgia
3221,REDDIT,274,Price
3222,REDDIT,283,Exclusivity
3223,REDDIT,293,Price
3224,REDDIT,313,Multiplayer
3225,REDDIT,316,Price
3226,REDDIT,321,Exclusivity
3227,REDDIT,339,Bug_Complaint
3228,REDDIT,348,Store_UX
3229,REDDIT,357,Multiplayer
3230,REDDIT,371,Multiplayer
3231,REDDIT,374,Price
3232,REDDIT,388,Exclusivity
3233,REDDIT,389,Bug_Complaint
3234,REDDIT,394,Nostalgia
3235,REDDIT,395,Performance
3236,REDDIT,408,Exclusivity
3237,REDDIT,419,Nostalgia
3238,REDDIT,425,Exclusivity
3239,REDDIT,430,Nostalgia
3240,REDDIT,431,Hype
3241,REDDIT,443,Hype
3242,REDDIT,450,Exclusivity
3243,REDDIT,465,Bug_Complaint
3244,REDDIT,471,Nostalgia
3245,REDDIT,477,Exclusivity
3246,REDDIT,478,Bug_Complaint
3247,REDDIT,479,Multiplayer
3248,REDDIT,493,Multiplayer
3249,REDDIT,502,Multiplayer
3250,REDDIT,504,Exclusivity
3251,REDDIT,506,Hype
3252,REDDIT,508,Nostalgia
3253,REDDIT,517,Store_UX
3254,REDDIT,521,Exclusivity
3255,REDDIT,522,Price
3256,REDDIT,534,Store_UX
3257,REDDIT,546,Multiplayer
3258,REDDIT,550,Nostalgia
3259,REDDIT,552,Bug_Complaint
3260,REDDIT,559,Price
3261,REDDIT,561,Nostalgia
3262,REDDIT,576,Nostalgia
3263,REDDIT,581,Nostalgia
3264,REDDIT,594,Nostalgia
3265,REDDIT,603,Multiplayer
3266,REDDIT,606,Performance
3267,REDDIT,608,Nostalgia
3268,REDDIT,610,Hype
3269,REDDIT,618,Multiplayer
3270,REDDIT,623,Store_UX
3271,REDDIT,624,Bug_Complaint
3272,REDDIT,638,Store_UX
3273,REDDIT,654,Price
3274,YOUTUBE,1,Hype
3275,YOUTUBE,2,Performance
3276,YOUTUBE,13,Bug_Complaint
3277,YOUTUBE,36,Multiplayer
3278,YOUTUBE,40,Price
3279,YOUTUBE,41,Hype
3280,YOUTUBE,42,Performance
3281,YOUTUBE,43,Exclusivity
3282,YOUTUBE,48,Price
3283,YOUTUBE,49,Hype
3284,YOUTUBE,68,Multiplayer
3285,YOUTUBE,80,Price
3286,YOUTUBE,82,Performance
3287,YOUTUBE,83,Exclusivity
3288,YOUTUBE,87,Store_UX
3289,YOUTUBE,97,Hype
3290,YOUTUBE,102,Nostalgia
3291,YOUTUBE,124,Multiplayer
3292,YOUTUBE,143,Store_UX
3293,YOUTUBE,148,Multiplayer
3294,YOUTUBE,149,Bug_Complaint
3295,YOUTUBE,163,Exclusivity
3296,YOUTUBE,168,Price
3297,YOUTUBE,173,Bug_Complaint
3298,YOUTUBE,175,Store_UX
3299,YOUTUBE,180,Multiplayer
3300,YOUTUBE,186,Performance
3301,YOUTUBE,213,Bug_Complaint
3302,YOUTUBE,215,Store_UX
3303,YOUTUBE,216,Price
3304,YOUTUBE,234,Performance
3305,YOUTUBE,237,Bug_Complaint
3306,YOUTUBE,241,Hype
3307,YOUTUBE,243,Exclusivity
3308,YOUTUBE,250,Performance
3309,YOUTUBE,260,Multiplayer
3310,YOUTUBE,276,Multiplayer
3311,YOUTUBE,282,Performance
3312,YOUTUBE,305,Hype
3313,YOUTUBE,313,Hype
3314,YOUTUBE,320,Price
3315,YOUTUBE,321,Hype
3316,YOUTUBE,324,Multiplayer
3317,YOUTUBE,327,Store_UX
3318,YOUTUBE,329,Hype
3319,YOUTUBE,330,Performance
3320,YOUTUBE,336,Price
3321,YOUTUBE,346,Performance
3322,YOUTUBE,367,Store_UX
3323,YOUTUBE,373,Bug_Complaint
3324,YOUTUBE,380,Multiplayer
3325,YOUTUBE,390,Nostalgia
3326,YOUTUBE,401,Hype
3327,YOUTUBE,402,Performance
3328,YOUTUBE,406,Nostalgia
3329,YOUTUBE,416,Price
3330,YOUTUBE,422,Nostalgia
3331,YOUTUBE,432,Price
3332,YOUTUBE,440,Price
3333,YOUTUBE,454,Nostalgia
3334,YOUTUBE,460,Multiplayer
3335,YOUTUBE,469,Bug_Complaint
3336,YOUTUBE,474,Performance
3337,YOUTUBE,480,Price
3338,YOUTUBE,483,Exclusivity
3339,YOUTUBE,485,Bug_Complaint
3340,YOUTUBE,489,Hype
3341,YOUTUBE,503,Store_UX
3342,YOUTUBE,509,Bug_Complaint
3343,YOUTUBE,514,Performance
3344,YOUTUBE,523,Exclusivity
3345,YOUTUBE,524,Multiplayer
3346,YOUTUBE,535,Store_UX
3347,YOUTUBE,537,Hype
3348,YOUTUBE,549,Bug_Complaint
3349,YOUTUBE,571,Exclusivity
3350,YOUTUBE,573,Bug_Complaint
3351,YOUTUBE,575,Store_UX
3352,YOUTUBE,578,Performance
3353,YOUTUBE,586,Performance
3354,YOUTUBE,587,Exclusivity
3355,YOUTUBE,606,Nostalgia
3356,YOUTUBE,609,Hype
3357,YOUTUBE,614,Nostalgia
3358,YOUTUBE,628,Multiplayer
3359,YOUTUBE,631,Store_UX
3360,YOUTUBE,634,Performance
3361,YOUTUBE,646,Nostalgia
3362,YOUTUBE,655,Store_UX
3363,YOUTUBE,659,Exclusivity
3364,YOUTUBE,660,Multiplayer
3365,YOUTUBE,663,Store_UX
3366,YOUTUBE,678,Nostalgia
3367,YOUTUBE,679,Store_UX
3368,YOUTUBE,684,Multiplayer
3369,YOUTUBE,687,Store_UX
3370,YOUTUBE,689,Hype
3371,YOUTUBE,692,Multiplayer
3372,YOUTUBE,694,Nostalgia
3373,YOUTUBE,700,Multiplayer
3374,YOUTUBE,705,Hype
3375,YOUTUBE,716,Multiplayer
3376,YOUTUBE,724,Multiplayer
3377,YOUTUBE,741,Bug_Complaint
3378,YOUTUBE,752,Price
3379,YOUTUBE,763,Exclusivity
3380,YOUTUBE,766,Nostalgia
3381,YOUTUBE,771,Exclusivity
3382,YOUTUBE,780,Multiplayer
3383,YOUTUBE,790,Nostalgia
3384,YOUTUBE,803,Exclusivity
3385,YOUTUBE,816,Price
3386,YOUTUBE,839,Store_UX
3387,YOUTUBE,840,Price
3388,YOUTUBE,857,Hype
3389,YOUTUBE,860,Multiplayer
3390,YOUTUBE,864,Price
3391,YOUTUBE,869,Bug_Complaint
3392,YOUTUBE,879,Store_UX
3393,YOUTUBE,883,Exclusivity
3394,YOUTUBE,887,Store_UX
3395,YOUTUBE,896,Price
3396,YOUTUBE,902,Nostalgia
3397,YOUTUBE,907,Exclusivity
3398,YOUTUBE,908,Multiplayer
3399,YOUTUBE,920,Price
3400,YOUTUBE,921,Hype
3401,YOUTUBE,950,Nostalgia
3402,YOUTUBE,953,Hype
3403,YOUTUBE,981,Bug_Complaint
3404,YOUTUBE,983,Store_UX
3405,YOUTUBE,985,Hype
3406,YOUTUBE,1003,Exclusivity
3407,YOUTUBE,1012,Multiplayer
3408,YOUTUBE,1019,Exclusivity
3409,YOUTUBE,1022,Nostalgia
3410,YOUTUBE,1023,Store_UX
3411,YOUTUBE,1025,Hype
3412,YOUTUBE,1033,Hype
3413,YOUTUBE,1036,Multiplayer
3414,YOUTUBE,1052,Multiplayer
3415,YOUTUBE,1055,Store_UX
3416,YOUTUBE,1066,Performance
3417,YOUTUBE,1069,Bug_Complaint
3418,YOUTUBE,1071,Store_UX
3419,YOUTUBE,1075,Exclusivity
3420,YOUTUBE,1077,Bug_Complaint
3421,YOUTUBE,1086,Nostalgia
3422,YOUTUBE,1087,Store_UX
3423,YOUTUBE,1090,Performance
3424,YOUTUBE,1097,Hype
3425,YOUTUBE,1099,Exclusivity
3426,YOUTUBE,1101,Bug_Complaint
3427,YOUTUBE,1105,Hype
3428,YOUTUBE,1106,Performance
3429,YOUTUBE,1123,Exclusivity
3430,YOUTUBE,1124,Multiplayer
3431,YOUTUBE,1129,Hype
3432,YOUTUBE,1135,Store_UX
3433,YOUTUBE,1175,Store_UX
3434,YOUTUBE,1178,Performance
3435,YOUTUBE,1190,Nostalgia
3436,YOUTUBE,1214,Nostalgia
3437,YOUTUBE,1221,Bug_Complaint
3438,YOUTUBE,1222,Nostalgia
3439,YOUTUBE,1224,Price
3440,YOUTUBE,1237,Bug_Complaint
3441,YOUTUBE,1238,Nostalgia
3442,YOUTUBE,1240,Price
3443,YOUTUBE,1248,Price
3444,YOUTUBE,1255,Store_UX
3445,YOUTUBE,1263,Store_UX
3446,YOUTUBE,1276,Multiplayer
3447,YOUTUBE,1305,Hype
3448,YOUTUBE,1318,Nostalgia
3449,YOUTUBE,1326,Nostalgia
3450,YOUTUBE,1330,Performance
3451,YOUTUBE,1337,Hype
3452,YOUTUBE,1340,Multiplayer
3453,YOUTUBE,1342,Nostalgia
3454,YOUTUBE,1355,Exclusivity
3455,YOUTUBE,1392,Price
3456,YOUTUBE,1401,Hype
3457,YOUTUBE,1408,Price
3458,YOUTUBE,1420,Multiplayer
3459,YOUTUBE,1429,Bug_Complaint
3460,YOUTUBE,1433,Hype
3461,YOUTUBE,1435,Exclusivity
3462,YOUTUBE,1439,Store_UX
3463,YOUTUBE,1447,Store_UX
3464,YOUTUBE,1451,Exclusivity
3465,YOUTUBE,1455,Store_UX
3466,YOUTUBE,1459,Exclusivity
3467,YOUTUBE,1461,Bug_Complaint
3468,YOUTUBE,1463,Store_UX
3469,YOUTUBE,1468,Multiplayer
3470,YOUTUBE,1476,Multiplayer
3471,YOUTUBE,1477,Bug_Complaint
3472,YOUTUBE,1490,Performance
3473,YOUTUBE,1498,Performance
3474,YOUTUBE,1504,Price
3475,YOUTUBE,1514,Performance
3476,YOUTUBE,1538,Performance
3477,YOUTUBE,1547,Exclusivity
3478,YOUTUBE,1552,Price
3479,YOUTUBE,1577,Hype
3480,YOUTUBE,1579,Exclusivity
3481,YOUTUBE,1615,Store_UX
3482,YOUTUBE,1639,Store_UX
3483,YOUTUBE,1655,Store_UX
3484,YOUTUBE,1686,Nostalgia
3485,YOUTUBE,1692,Multiplayer
3486,YOUTUBE,1695,Store_UX
3487,YOUTUBE,1701,Bug_Complaint
3488,YOUTUBE,1710,Nostalgia
3489,YOUTUBE,1711,Store_UX
3490,YOUTUBE,1727,Store_UX
3491,YOUTUBE,1735,Store_UX
3492,YOUTUBE,1741,Bug_Complaint
3493,YOUTUBE,1762,Performance
3494,YOUTUBE,1770,Performance
3495,YOUTUBE,1775,Store_UX
3496,YOUTUBE,1779,Exclusivity
3497,YOUTUBE,1788,Multiplayer
3498,YOUTUBE,1797,Bug_Complaint
3499,YOUTUBE,1798,Nostalgia
3500,YOUTUBE,1801,Hype
3501,YOUTUBE,1813,Bug_Complaint
3502,YOUTUBE,1814,Nostalgia
3503,YOUTUBE,1832,Price
3504,YOUTUBE,1848,Price
3505,YOUTUBE,1853,Bug_Complaint
3506,YOUTUBE,1855,Store_UX
3507,YOUTUBE,1868,Multiplayer
3508,YOUTUBE,1876,Multiplayer
3509,YOUTUBE,1883,Exclusivity
3510,YOUTUBE,1898,Performance
3511,YOUTUBE,1903,Store_UX
3512,YOUTUBE,1911,Store_UX
3513,YOUTUBE,1937,Hype
3514,YOUTUBE,1940,Multiplayer
3515,YOUTUBE,1949,Bug_Complaint
3516,YOUTUBE,1957,Bug_Complaint
3517,YOUTUBE,1960,Price
3518,YOUTUBE,1965,Bug_Complaint
3519,YOUTUBE,1970,Performance
3520,YOUTUBE,1973,Bug_Complaint
3521,YOUTUBE,2002,Performance
3522,YOUTUBE,2004,Multiplayer
3523,YOUTUBE,2006,Nostalgia
3524,YOUTUBE,2011,Exclusivity
3525,YOUTUBE,2016,Price
3526,YOUTUBE,2018,Performance
3527,YOUTUBE,2022,Nostalgia
3528,YOUTUBE,2025,Hype
3529,YOUTUBE,2026,Performance
3530,YOUTUBE,2031,Store_UX
3531,YOUTUBE,2032,Price
3532,YOUTUBE,2036,Multiplayer
3533,YOUTUBE,2041,Hype
3534,YOUTUBE,2081,Hype
3535,YOUTUBE,2093,Bug_Complaint
3536,YOUTUBE,2123,Exclusivity
3537,YOUTUBE,2131,Exclusivity
3538,YOUTUBE,2132,Multiplayer
3539,YOUTUBE,2136,Price
3540,YOUTUBE,2149,Bug_Complaint
3541,YOUTUBE,2163,Exclusivity
3542,YOUTUBE,2185,Hype
3543,YOUTUBE,2203,Exclusivity
3544,YOUTUBE,2227,Exclusivity
3545,YOUTUBE,2228,Multiplayer
3546,YOUTUBE,2238,Nostalgia
3547,YOUTUBE,2245,Bug_Complaint
3548,YOUTUBE,2246,Nostalgia
3549,YOUTUBE,2255,Store_UX
3550,YOUTUBE,2267,Exclusivity
3551,YOUTUBE,2284,Multiplayer
3552,YOUTUBE,2293,Bug_Complaint
3553,YOUTUBE,2300,Multiplayer
3554,YOUTUBE,2307,Exclusivity
3555,YOUTUBE,2316,Multiplayer
3556,YOUTUBE,2327,Store_UX
3557,YOUTUBE,2328,Price
3558,YOUTUBE,2332,Multiplayer
3559,YOUTUBE,2334,Nostalgia
3560,YOUTUBE,2337,Hype
3561,YOUTUBE,2356,Multiplayer
3562,YOUTUBE,2359,Store_UX
3563,YOUTUBE,2372,Multiplayer
3564,YOUTUBE,2373,Bug_Complaint
3565,YOUTUBE,2374,Nostalgia
3566,YOUTUBE,2379,Exclusivity
3567,YOUTUBE,2391,Store_UX
3568,YOUTUBE,2399,Store_UX
3569,YOUTUBE,2406,Nostalgia
3570,YOUTUBE,2414,Nostalgia
3571,YOUTUBE,2416,Price
3572,YOUTUBE,2439,Store_UX
3573,YOUTUBE,2442,Performance
3574,YOUTUBE,2445,Bug_Complaint
3575,YOUTUBE,2458,Performance
3576,YOUTUBE,2461,Bug_Complaint
3577,YOUTUBE,2467,Exclusivity
3578,YOUTUBE,2474,Performance
3579,YOUTUBE,2484,Multiplayer
3580,YOUTUBE,2486,Nostalgia
3581,YOUTUBE,2488,Price
3582,YOUTUBE,2494,Nostalgia
3583,YOUTUBE,2500,Multiplayer
3584,YOUTUBE,2518,Nostalgia
3585,YOUTUBE,2519,Store_UX
3586,YOUTUBE,2537,Hype
3587,YOUTUBE,2542,Nostalgia
3588,YOUTUBE,2558,Nostalgia
3589,REDDIT,4656,Multiplayer
3590,REDDIT,4661,Nostalgia
3591,REDDIT,4664,Exclusivity
3592,REDDIT,4669,Multiplayer
3593,REDDIT,4675,Nostalgia
3594,REDDIT,4681,Price
3595,REDDIT,4683,Price
3596,REDDIT,4689,Hype
3597,REDDIT,4692,Nostalgia
3598,REDDIT,4700,Price
3599,REDDIT,4705,Performance
3600,REDDIT,4711,Exclusivity
3601,REDDIT,4712,Performance
3602,REDDIT,4734,Store_UX
3603,REDDIT,4736,Price
3604,REDDIT,4743,Store_UX
3605,REDDIT,4759,Store_UX
3606,REDDIT,4761,Hype
3607,REDDIT,4766,Hype
3608,REDDIT,4768,Price
3609,REDDIT,4777,Store_UX
3610,REDDIT,4779,Store_UX
3611,REDDIT,4786,Exclusivity
3612,REDDIT,4795,Multiplayer
3613,REDDIT,4800,Performance
3614,REDDIT,4806,Price
3615,REDDIT,4807,Performance
3616,REDDIT,4837,Bug_Complaint
3617,REDDIT,4859,Price
3618,REDDIT,4888,Multiplayer
3619,REDDIT,4891,Performance
3620,REDDIT,4894,Hype
3621,REDDIT,4906,Performance
3622,REDDIT,4909,Bug_Complaint
3623,REDDIT,4914,Exclusivity
3624,REDDIT,4916,Store_UX
3625,REDDIT,4920,Bug_Complaint
3626,REDDIT,4927,Multiplayer
3627,REDDIT,4928,Performance
3628,REDDIT,4944,Price
3629,REDDIT,4945,Multiplayer
3630,REDDIT,4949,Performance
3631,REDDIT,4953,Performance
3632,REDDIT,4960,Exclusivity
3633,REDDIT,4970,Price
3634,REDDIT,4972,Bug_Complaint
3635,REDDIT,4977,Store_UX
3636,REDDIT,4986,Performance
3637,REDDIT,4992,Bug_Complaint
3638,REDDIT,5008,Store_UX
3639,REDDIT,5014,Price
3640,REDDIT,5016,Exclusivity
3641,REDDIT,5017,Bug_Complaint
3642,REDDIT,5019,Performance
3643,REDDIT,5024,Price
3644,REDDIT,5027,Price
3645,REDDIT,5029,Bug_Complaint
3646,REDDIT,5030,Bug_Complaint
3647,REDDIT,5034,Price
3648,REDDIT,5038,Store_UX
3649,REDDIT,5047,Performance
3650,REDDIT,5048,Exclusivity
3651,REDDIT,5060,Performance
3652,REDDIT,5075,Hype
3653,REDDIT,5079,Nostalgia
3654,REDDIT,5092,Price
3655,REDDIT,5107,Nostalgia
3656,REDDIT,5124,Store_UX
3657,REDDIT,5128,Nostalgia
3658,REDDIT,5135,Nostalgia
3659,REDDIT,5145,Store_UX
3660,REDDIT,5151,Performance
3661,REDDIT,5160,Bug_Complaint
3662,REDDIT,5165,Price
3663,REDDIT,5174,Store_UX
3664,REDDIT,5178,Bug_Complaint
3665,REDDIT,5189,Multiplayer
3666,REDDIT,5190,Store_UX
3667,REDDIT,5226,Hype
3668,REDDIT,5228,Bug_Complaint
3669,REDDIT,5229,Multiplayer
3670,REDDIT,5231,Price
3671,REDDIT,5236,Performance
3672,REDDIT,5253,Price
3673,REDDIT,5256,Bug_Complaint
3674,REDDIT,5264,Store_UX
3675,REDDIT,5269,Nostalgia
3676,REDDIT,5300,Price
3677,REDDIT,5311,Multiplayer
3678,REDDIT,5313,Hype
3679,REDDIT,1335,Price
3680,REDDIT,1339,Performance
3681,REDDIT,1354,Exclusivity
3682,REDDIT,1359,Bug_Complaint
3683,REDDIT,1362,Exclusivity
3684,REDDIT,1367,Bug_Complaint
3685,REDDIT,1375,Multiplayer
3686,REDDIT,1382,Bug_Complaint
3687,REDDIT,1388,Nostalgia
3688,REDDIT,1397,Exclusivity
3689,REDDIT,1402,Price
3690,REDDIT,1416,Nostalgia
3691,REDDIT,1418,Performance
3692,REDDIT,1425,Nostalgia
3693,REDDIT,1429,Store_UX
3694,REDDIT,1433,Bug_Complaint
3695,REDDIT,1438,Hype
3696,REDDIT,1440,Hype
3697,REDDIT,1446,Hype
3698,REDDIT,1452,Exclusivity
3699,REDDIT,1470,Price
3700,REDDIT,1477,Price
3701,REDDIT,1478,Exclusivity
3702,REDDIT,1483,Bug_Complaint
3703,REDDIT,1489,Performance
3704,REDDIT,1493,Multiplayer
3705,REDDIT,1499,Nostalgia
3706,REDDIT,1506,Price
3707,REDDIT,1520,Exclusivity
3708,REDDIT,1535,Bug_Complaint
3709,REDDIT,1538,Performance
3710,REDDIT,1542,Store_UX
3711,REDDIT,1546,Performance
3712,REDDIT,1547,Price
3713,REDDIT,1549,Multiplayer
3714,REDDIT,1554,Multiplayer
3715,REDDIT,1567,Hype
3716,REDDIT,1569,Store_UX
3717,REDDIT,1571,Performance
3718,REDDIT,1576,Hype
3719,REDDIT,1579,Store_UX
3720,REDDIT,1586,Performance
3721,REDDIT,1602,Nostalgia
3722,REDDIT,1604,Store_UX
3723,REDDIT,1613,Hype
3724,REDDIT,1623,Performance
3725,REDDIT,1643,Price
3726,REDDIT,1646,Store_UX
3727,REDDIT,1651,Multiplayer
3728,REDDIT,1669,Performance
3729,REDDIT,1678,Multiplayer
3730,REDDIT,1687,Price
3731,REDDIT,1701,Hype
3732,REDDIT,1704,Hype
3733,REDDIT,1718,Exclusivity
3734,REDDIT,1719,Bug_Complaint
3735,REDDIT,1724,Nostalgia
3736,REDDIT,1725,Store_UX
3737,REDDIT,1738,Performance
3738,REDDIT,1749,Price
3739,REDDIT,1755,Nostalgia
3740,REDDIT,1760,Multiplayer
3741,REDDIT,1761,Bug_Complaint
3742,REDDIT,1773,Multiplayer
3743,REDDIT,1780,Performance
3744,REDDIT,1795,Bug_Complaint
3745,REDDIT,1801,Exclusivity
3746,REDDIT,1807,Hype
3747,REDDIT,1808,Price
3748,REDDIT,1809,Performance
3749,REDDIT,1823,Bug_Complaint
3750,REDDIT,1832,Exclusivity
3751,REDDIT,1834,Hype
3752,REDDIT,1836,Performance
3753,REDDIT,1838,Price
3754,REDDIT,1847,Performance
3755,REDDIT,1851,Performance
3756,REDDIT,1852,Nostalgia
3757,REDDIT,1864,Exclusivity
3758,REDDIT,1876,Multiplayer
3759,REDDIT,1880,Hype
3760,REDDIT,1882,Price
3761,REDDIT,1889,Performance
3762,REDDIT,1891,Store_UX
3763,REDDIT,1906,Store_UX
3764,REDDIT,1911,Store_UX
3765,REDDIT,1924,Nostalgia
3766,REDDIT,1933,Performance
3767,REDDIT,1936,Nostalgia
3768,REDDIT,1938,Store_UX
3769,REDDIT,1940,Hype
3770,REDDIT,1948,Price
3771,REDDIT,1953,Bug_Complaint
3772,REDDIT,1954,Price
3773,REDDIT,1968,Performance
3774,REDDIT,1984,Bug_Complaint
3775,REDDIT,3991,Performance
3776,REDDIT,3992,Hype
3777,REDDIT,4003,Nostalgia
3778,REDDIT,4026,Exclusivity
3779,REDDIT,4030,Store_UX
3780,REDDIT,4031,Bug_Complaint
3781,REDDIT,4032,Hype
3782,REDDIT,4033,Bug_Complaint
3783,REDDIT,4038,Exclusivity
3784,REDDIT,4039,Bug_Complaint
3785,REDDIT,4058,Hype
3786,REDDIT,4070,Price
3787,REDDIT,4072,Performance
3788,REDDIT,4073,Performance
3789,REDDIT,4077,Exclusivity
3790,REDDIT,4087,Nostalgia
3791,REDDIT,4092,Exclusivity
3792,REDDIT,4114,Nostalgia
3793,REDDIT,4133,Performance
3794,REDDIT,4138,Exclusivity
3795,REDDIT,4139,Nostalgia
3796,REDDIT,4153,Multiplayer
3797,REDDIT,4158,Hype
3798,REDDIT,4163,Multiplayer
3799,REDDIT,4165,Nostalgia
3800,REDDIT,4170,Bug_Complaint
3801,REDDIT,4176,Bug_Complaint
3802,REDDIT,4203,Price
3803,REDDIT,4205,Bug_Complaint
3804,REDDIT,4206,Price
3805,REDDIT,4224,Exclusivity
3806,REDDIT,4227,Nostalgia
3807,REDDIT,4231,Exclusivity
3808,REDDIT,4233,Exclusivity
3809,REDDIT,4240,Performance
3810,REDDIT,4250,Exclusivity
3811,REDDIT,4266,Performance
3812,REDDIT,4272,Exclusivity
3813,REDDIT,4295,Exclusivity
3814,REDDIT,4303,Price
3815,REDDIT,4310,Price
3816,REDDIT,4311,Multiplayer
3817,REDDIT,4314,Nostalgia
3818,REDDIT,4317,Performance
3819,REDDIT,4319,Store_UX
3820,REDDIT,4320,Exclusivity
3821,REDDIT,4326,Store_UX
3822,REDDIT,4336,Performance
3823,REDDIT,4357,Exclusivity
3824,REDDIT,4363,Exclusivity
3825,REDDIT,4370,Price
3826,REDDIT,4380,Store_UX
3827,REDDIT,4391,Nostalgia
3828,REDDIT,4392,Performance
3829,REDDIT,4396,Nostalgia
3830,REDDIT,4406,Multiplayer
3831,REDDIT,4412,Nostalgia
3832,REDDIT,4422,Price
3833,REDDIT,4430,Hype
3834,REDDIT,4444,Exclusivity
3835,REDDIT,4450,Multiplayer
3836,REDDIT,4459,Multiplayer
3837,REDDIT,4464,Exclusivity
3838,REDDIT,4470,Performance
3839,REDDIT,4473,Store_UX
3840,REDDIT,4475,Bug_Complaint
3841,REDDIT,4479,Price
3842,REDDIT,4493,Exclusivity
3843,REDDIT,4499,Nostalgia
3844,REDDIT,4504,Price
3845,REDDIT,4513,Multiplayer
3846,REDDIT,4514,Store_UX
3847,REDDIT,4525,Multiplayer
3848,REDDIT,4527,Multiplayer
3849,REDDIT,4539,Store_UX
3850,REDDIT,4561,Price
3851,REDDIT,4563,Price
3852,REDDIT,4565,Hype
3853,REDDIT,4568,Multiplayer
3854,REDDIT,4576,Nostalgia
3855,REDDIT,4577,Exclusivity
3856,REDDIT,4596,Bug_Complaint
3857,REDDIT,4599,Store_UX
3858,REDDIT,4604,Performance
3859,REDDIT,4618,Store_UX
3860,REDDIT,4621,Performance
3861,REDDIT,4624,Hype
3862,REDDIT,4636,Exclusivity
3863,REDDIT,4645,Nostalgia
3864,REDDIT,4649,Store_UX
3865,REDDIT,4650,Performance
3866,REDDIT,4653,Bug_Complaint
3867,YOUTUBE,2572,Multiplayer
3868,YOUTUBE,2573,Bug_Complaint
3869,YOUTUBE,2578,Performance
3870,YOUTUBE,2581,Bug_Complaint
3871,YOUTUBE,2583,Store_UX
3872,YOUTUBE,2586,Performance
3873,YOUTUBE,2588,Multiplayer
3874,YOUTUBE,2594,Performance
3875,YOUTUBE,2599,Store_UX
3876,YOUTUBE,2610,Performance
3877,YOUTUBE,2618,Performance
3878,YOUTUBE,2635,Exclusivity
3879,YOUTUBE,2646,Nostalgia
3880,YOUTUBE,2657,Hype
3881,YOUTUBE,2660,Multiplayer
3882,YOUTUBE,2665,Hype
3883,YOUTUBE,2674,Performance
3884,YOUTUBE,2684,Multiplayer
3885,YOUTUBE,2697,Hype
3886,YOUTUBE,2710,Nostalgia
3887,YOUTUBE,2733,Bug_Complaint
3888,YOUTUBE,2734,Nostalgia
3889,YOUTUBE,2751,Store_UX
3890,YOUTUBE,2754,Performance
3891,YOUTUBE,2758,Nostalgia
3892,YOUTUBE,2763,Exclusivity
3893,YOUTUBE,2773,Bug_Complaint
3894,YOUTUBE,2777,Hype
3895,YOUTUBE,2781,Bug_Complaint
3896,YOUTUBE,2790,Nostalgia
3897,YOUTUBE,2796,Multiplayer
3898,YOUTUBE,2801,Hype
3899,YOUTUBE,2802,Performance
3900,YOUTUBE,2814,Nostalgia
3901,YOUTUBE,2815,Store_UX
3902,YOUTUBE,2844,Multiplayer
3903,YOUTUBE,2847,Store_UX
3904,YOUTUBE,2875,Exclusivity
3905,YOUTUBE,2877,Bug_Complaint
3906,YOUTUBE,2879,Store_UX
3907,YOUTUBE,2897,Hype
3908,YOUTUBE,2906,Performance
3909,YOUTUBE,2913,Hype
3910,YOUTUBE,2916,Multiplayer
3911,YOUTUBE,2917,Bug_Complaint
3912,YOUTUBE,2919,Store_UX
3913,YOUTUBE,2927,Store_UX
3914,YOUTUBE,2930,Performance
3915,YOUTUBE,2946,Performance
3916,YOUTUBE,2949,Bug_Complaint
3917,YOUTUBE,2960,Price
3918,YOUTUBE,2963,Exclusivity
3919,YOUTUBE,2965,Bug_Complaint
3920,YOUTUBE,2969,Hype
3921,YOUTUBE,2971,Exclusivity
3922,YOUTUBE,2980,Multiplayer
3923,YOUTUBE,2981,Bug_Complaint
3924,YOUTUBE,2984,Price
3925,YOUTUBE,2991,Store_UX
3926,YOUTUBE,2993,Hype
3927,YOUTUBE,2995,Exclusivity
3928,YOUTUBE,2999,Store_UX
3929,YOUTUBE,3000,Price
3930,YOUTUBE,3017,Hype
3931,YOUTUBE,3018,Performance
3932,YOUTUBE,3023,Store_UX
3933,YOUTUBE,3029,Bug_Complaint
3934,YOUTUBE,3069,Bug_Complaint
3935,YOUTUBE,3072,Price
3936,YOUTUBE,3084,Multiplayer
3937,YOUTUBE,3108,Multiplayer
3938,YOUTUBE,3115,Exclusivity
3939,YOUTUBE,3116,Multiplayer
3940,YOUTUBE,3118,Nostalgia
3941,YOUTUBE,3131,Exclusivity
3942,YOUTUBE,3132,Multiplayer
3943,YOUTUBE,3134,Nostalgia
3944,YOUTUBE,3142,Nostalgia
3945,YOUTUBE,3149,Bug_Complaint
3946,YOUTUBE,3157,Bug_Complaint
3947,YOUTUBE,3170,Performance
3948,YOUTUBE,3199,Store_UX
3949,YOUTUBE,3212,Multiplayer
3950,YOUTUBE,3220,Multiplayer
3951,YOUTUBE,3224,Price
3952,YOUTUBE,3231,Store_UX
3953,YOUTUBE,3234,Performance
3954,YOUTUBE,3236,Multiplayer
3955,YOUTUBE,3249,Hype
3956,YOUTUBE,3286,Nostalgia
3957,YOUTUBE,3295,Store_UX
3958,YOUTUBE,3302,Nostalgia
3959,YOUTUBE,3314,Performance
3960,YOUTUBE,3323,Exclusivity
3961,YOUTUBE,3327,Store_UX
3962,YOUTUBE,3329,Hype
3963,YOUTUBE,3333,Bug_Complaint
3964,YOUTUBE,3341,Bug_Complaint
3965,YOUTUBE,3345,Hype
3966,YOUTUBE,3349,Bug_Complaint
3967,YOUTUBE,3353,Hype
3968,YOUTUBE,3355,Exclusivity
3969,YOUTUBE,3357,Bug_Complaint
3970,YOUTUBE,3362,Performance
3971,YOUTUBE,3370,Performance
3972,YOUTUBE,3371,Exclusivity
3973,YOUTUBE,3384,Price
3974,YOUTUBE,3392,Price
3975,YOUTUBE,3398,Nostalgia
3976,YOUTUBE,3408,Price
3977,YOUTUBE,3432,Price
3978,YOUTUBE,3441,Hype
3979,YOUTUBE,3446,Nostalgia
3980,YOUTUBE,3471,Store_UX
3981,YOUTUBE,3473,Hype
3982,YOUTUBE,3509,Bug_Complaint
3983,YOUTUBE,3533,Bug_Complaint
3984,YOUTUBE,3549,Bug_Complaint
3985,YOUTUBE,3580,Multiplayer
3986,YOUTUBE,3586,Performance
3987,YOUTUBE,3589,Bug_Complaint
3988,YOUTUBE,3595,Exclusivity
3989,YOUTUBE,3604,Multiplayer
3990,YOUTUBE,3605,Bug_Complaint
3991,YOUTUBE,3621,Bug_Complaint
3992,YOUTUBE,3629,Bug_Complaint
3993,YOUTUBE,3635,Exclusivity
3994,YOUTUBE,3656,Price
3995,YOUTUBE,3664,Price
3996,YOUTUBE,3669,Bug_Complaint
3997,YOUTUBE,3673,Hype
3998,YOUTUBE,3682,Performance
3999,YOUTUBE,3691,Exclusivity
4000,YOUTUBE,3692,Multiplayer
4001,YOUTUBE,3695,Store_UX
4002,YOUTUBE,3707,Exclusivity
4003,YOUTUBE,3708,Multiplayer
4004,YOUTUBE,3726,Nostalgia
4005,YOUTUBE,3742,Nostalgia
4006,YOUTUBE,3747,Exclusivity
4007,YOUTUBE,3749,Bug_Complaint
4008,YOUTUBE,3762,Performance
4009,YOUTUBE,3770,Performance
4010,YOUTUBE,3777,Hype
4011,YOUTUBE,3792,Price
4012,YOUTUBE,3797,Bug_Complaint
4013,YOUTUBE,3805,Bug_Complaint
4014,YOUTUBE,3831,Store_UX
4015,YOUTUBE,3834,Performance
4016,YOUTUBE,3843,Exclusivity
4017,YOUTUBE,3851,Exclusivity
4018,YOUTUBE,3854,Nostalgia
4019,YOUTUBE,3859,Exclusivity
4020,YOUTUBE,3864,Price
4021,YOUTUBE,3867,Exclusivity
4022,YOUTUBE,3896,Price
4023,YOUTUBE,3898,Performance
4024,YOUTUBE,3900,Multiplayer
4025,YOUTUBE,3905,Hype
4026,YOUTUBE,3910,Nostalgia
4027,YOUTUBE,3912,Price
4028,YOUTUBE,3916,Multiplayer
4029,YOUTUBE,3919,Store_UX
4030,YOUTUBE,3920,Price
4031,YOUTUBE,3925,Bug_Complaint
4032,YOUTUBE,3926,Nostalgia
4033,YOUTUBE,3930,Performance
4034,YOUTUBE,3935,Store_UX
4035,YOUTUBE,3975,Store_UX
4036,YOUTUBE,3987,Exclusivity
4037,YOUTUBE,4017,Hype
4038,YOUTUBE,4025,Hype
4039,YOUTUBE,4026,Performance
4040,YOUTUBE,4030,Nostalgia
4041,YOUTUBE,4043,Exclusivity
4042,YOUTUBE,4057,Hype
4043,YOUTUBE,4079,Store_UX
4044,YOUTUBE,4097,Hype
4045,YOUTUBE,4121,Hype
4046,YOUTUBE,4122,Performance
4047,YOUTUBE,4132,Multiplayer
4048,YOUTUBE,4139,Exclusivity
4049,YOUTUBE,4140,Multiplayer
4050,YOUTUBE,4149,Bug_Complaint
4051,YOUTUBE,4161,Hype
4052,YOUTUBE,4178,Performance
4053,YOUTUBE,4187,Exclusivity
4054,YOUTUBE,4194,Performance
4055,YOUTUBE,4201,Hype
4056,YOUTUBE,4210,Performance
4057,YOUTUBE,4221,Bug_Complaint
4058,YOUTUBE,4222,Nostalgia
4059,YOUTUBE,4226,Performance
4060,YOUTUBE,4228,Multiplayer
4061,YOUTUBE,4231,Store_UX
4062,YOUTUBE,4250,Performance
4063,YOUTUBE,4253,Bug_Complaint
4064,YOUTUBE,4266,Performance
4065,YOUTUBE,4267,Exclusivity
4066,YOUTUBE,4268,Multiplayer
4067,YOUTUBE,4273,Hype
4068,YOUTUBE,4285,Bug_Complaint
4069,YOUTUBE,4293,Bug_Complaint
4070,YOUTUBE,4300,Multiplayer
4071,YOUTUBE,4308,Multiplayer
4072,YOUTUBE,4310,Nostalgia
4073,YOUTUBE,4333,Bug_Complaint
4074,YOUTUBE,4336,Price
4075,YOUTUBE,4339,Exclusivity
4076,YOUTUBE,4352,Price
4077,YOUTUBE,4355,Exclusivity
4078,YOUTUBE,4361,Hype
4079,YOUTUBE,4368,Price
4080,YOUTUBE,4378,Performance
4081,YOUTUBE,4380,Multiplayer
4082,YOUTUBE,4382,Nostalgia
4083,YOUTUBE,4388,Multiplayer
4084,YOUTUBE,4394,Performance
4085,YOUTUBE,4412,Multiplayer
4086,YOUTUBE,4413,Bug_Complaint
4087,YOUTUBE,4431,Store_UX
4088,YOUTUBE,4436,Multiplayer
4089,YOUTUBE,4452,Multiplayer
4090,YOUTUBE,4456,Price
4091,YOUTUBE,4471,Store_UX
4092,YOUTUBE,4473,Hype
4093,YOUTUBE,4497,Hype
4094,YOUTUBE,4505,Hype
4095,YOUTUBE,4507,Exclusivity
4096,YOUTUBE,4509,Bug_Complaint
4097,YOUTUBE,4512,Price
4098,YOUTUBE,4514,Performance
4099,YOUTUBE,4521,Hype
4100,YOUTUBE,4523,Exclusivity
4101,YOUTUBE,4538,Performance
4102,YOUTUBE,4539,Exclusivity
4103,YOUTUBE,4558,Nostalgia
4104,YOUTUBE,4561,Hype
4105,YOUTUBE,4566,Nostalgia
4106,YOUTUBE,4574,Nostalgia
4107,YOUTUBE,4580,Multiplayer
4108,YOUTUBE,4583,Store_UX
4109,YOUTUBE,4586,Performance
4110,YOUTUBE,4604,Multiplayer
4111,YOUTUBE,4618,Performance
4112,YOUTUBE,4630,Nostalgia
4113,YOUTUBE,4636,Multiplayer
4114,YOUTUBE,4638,Nostalgia
4115,YOUTUBE,4641,Hype
4116,YOUTUBE,4645,Bug_Complaint
4117,YOUTUBE,4651,Exclusivity
4118,YOUTUBE,4652,Multiplayer
4119,YOUTUBE,4653,Bug_Complaint
4120,YOUTUBE,4655,Store_UX
4121,YOUTUBE,4665,Hype
4122,YOUTUBE,4679,Store_UX
4123,YOUTUBE,4680,Price
4124,YOUTUBE,4682,Performance
4125,YOUTUBE,4683,Exclusivity
4126,YOUTUBE,4690,Performance
4127,YOUTUBE,4702,Nostalgia
4128,YOUTUBE,4717,Bug_Complaint
4129,YOUTUBE,4726,Nostalgia
4130,YOUTUBE,4735,Store_UX
4131,YOUTUBE,4741,Bug_Complaint
4132,YOUTUBE,4748,Multiplayer
4133,YOUTUBE,4755,Exclusivity
4134,YOUTUBE,4766,Nostalgia
4135,YOUTUBE,4780,Multiplayer
4136,YOUTUBE,4781,Bug_Complaint
4137,YOUTUBE,4787,Exclusivity
4138,YOUTUBE,4795,Exclusivity
4139,YOUTUBE,4817,Hype
4140,YOUTUBE,4824,Price
4141,YOUTUBE,4826,Performance
4142,YOUTUBE,4843,Exclusivity
4143,YOUTUBE,4851,Exclusivity
4144,YOUTUBE,4856,Price
4145,YOUTUBE,4870,Nostalgia
4146,YOUTUBE,4874,Performance
4147,YOUTUBE,4882,Performance
4148,YOUTUBE,4900,Multiplayer
4149,YOUTUBE,4903,Store_UX
4150,YOUTUBE,4909,Bug_Complaint
4151,YOUTUBE,4914,Performance
4152,YOUTUBE,4933,Bug_Complaint
4153,YOUTUBE,4935,Store_UX
4154,YOUTUBE,4954,Performance
4155,YOUTUBE,4961,Hype
4156,YOUTUBE,4963,Exclusivity
4157,YOUTUBE,4964,Multiplayer
4158,YOUTUBE,4976,Price
4159,YOUTUBE,4977,Hype
4160,YOUTUBE,4981,Bug_Complaint
4161,YOUTUBE,4983,Store_UX
4162,YOUTUBE,4986,Performance
4163,YOUTUBE,5004,Multiplayer
4164,YOUTUBE,5018,Performance
4165,YOUTUBE,5023,Store_UX
4166,YOUTUBE,5030,Nostalgia
4167,YOUTUBE,5053,Bug_Complaint
4168,YOUTUBE,5057,Hype
4169,YOUTUBE,5083,Exclusivity
4170,YOUTUBE,5101,Bug_Complaint
4171,YOUTUBE,5116,Multiplayer
4172,REDDIT,2000,Nostalgia
4173,REDDIT,2004,Exclusivity
4174,REDDIT,2019,Store_UX
4175,REDDIT,2024,Performance
4176,REDDIT,2027,Bug_Complaint
4177,REDDIT,2032,Nostalgia
4178,REDDIT,2040,Price
4179,REDDIT,2047,Store_UX
4180,REDDIT,2053,Exclusivity
4181,REDDIT,2062,Price
4182,REDDIT,2067,Hype
4183,REDDIT,2081,Exclusivity
4184,REDDIT,2083,Price
4185,REDDIT,2090,Bug_Complaint
4186,REDDIT,2094,Exclusivity
4187,REDDIT,2098,Nostalgia
4188,REDDIT,2103,Performance
4189,REDDIT,2105,Nostalgia
4190,REDDIT,2111,Performance
4191,REDDIT,2117,Bug_Complaint
4192,REDDIT,2135,Bug_Complaint
4193,REDDIT,2142,Price
4194,REDDIT,2143,Hype
4195,REDDIT,2148,Multiplayer
4196,REDDIT,2154,Store_UX
4197,REDDIT,2158,Performance
4198,REDDIT,2164,Store_UX
4199,REDDIT,2171,Price
4200,REDDIT,2185,Nostalgia
4201,REDDIT,2200,Exclusivity
4202,REDDIT,2203,Exclusivity
4203,REDDIT,2207,Multiplayer
4204,REDDIT,2211,Bug_Complaint
4205,REDDIT,2212,Hype
4206,REDDIT,2214,Hype
4207,REDDIT,2219,Store_UX
4208,REDDIT,2232,Exclusivity
4209,REDDIT,2234,Multiplayer
4210,REDDIT,2236,Nostalgia
4211,REDDIT,2241,Store_UX
4212,REDDIT,2244,Store_UX
4213,REDDIT,2251,Multiplayer
4214,REDDIT,2267,Multiplayer
4215,REDDIT,2269,Exclusivity
4216,REDDIT,2278,Exclusivity
4217,REDDIT,2288,Multiplayer
4218,REDDIT,2308,Multiplayer
4219,REDDIT,2311,Price
4220,REDDIT,2316,Price
4221,REDDIT,2334,Performance
4222,REDDIT,2343,Price
4223,REDDIT,2352,Nostalgia
4224,REDDIT,2366,Bug_Complaint
4225,REDDIT,2369,Exclusivity
4226,REDDIT,2383,Multiplayer
4227,REDDIT,2384,Performance
4228,REDDIT,2389,Store_UX
4229,REDDIT,2390,Bug_Complaint
4230,REDDIT,2403,Exclusivity
4231,REDDIT,2414,Hype
4232,REDDIT,2420,Store_UX
4233,REDDIT,2425,Multiplayer
4234,REDDIT,2426,Multiplayer
4235,REDDIT,2438,Exclusivity
4236,REDDIT,2445,Price
4237,REDDIT,2460,Hype
4238,REDDIT,2466,Exclusivity
4239,REDDIT,2472,Hype
4240,REDDIT,2473,Bug_Complaint
4241,REDDIT,2474,Nostalgia
4242,REDDIT,2488,Nostalgia
4243,REDDIT,2497,Exclusivity
4244,REDDIT,2499,Store_UX
4245,REDDIT,2501,Performance
4246,REDDIT,2503,Price
4247,REDDIT,2512,Price
4248,REDDIT,2516,Performance
4249,REDDIT,2517,Store_UX
4250,REDDIT,2529,Store_UX
4251,REDDIT,2541,Price
4252,REDDIT,2545,Bug_Complaint
4253,REDDIT,2547,Multiplayer
4254,REDDIT,2554,Multiplayer
4255,REDDIT,2556,Bug_Complaint
4256,REDDIT,2571,Store_UX
4257,REDDIT,2576,Performance
4258,REDDIT,2589,Multiplayer
4259,REDDIT,2598,Multiplayer
4260,REDDIT,2601,Price
4261,REDDIT,2603,Store_UX
4262,REDDIT,2605,Nostalgia
4263,REDDIT,2613,Performance
4264,REDDIT,2618,Nostalgia
4265,REDDIT,2619,Bug_Complaint
4266,REDDIT,2633,Bug_Complaint
4267,REDDIT,2649,Multiplayer
4268,YOUTUBE,5120,Price
4269,YOUTUBE,5121,Hype
4270,YOUTUBE,5132,Multiplayer
4271,YOUTUBE,5155,Exclusivity
4272,YOUTUBE,5159,Store_UX
4273,YOUTUBE,5160,Price
4274,YOUTUBE,5161,Hype
4275,YOUTUBE,5162,Performance
4276,YOUTUBE,5167,Store_UX
4277,YOUTUBE,5168,Price
4278,YOUTUBE,5187,Exclusivity
4279,YOUTUBE,5199,Store_UX
4280,YOUTUBE,5201,Hype
4281,YOUTUBE,5202,Performance
4282,YOUTUBE,5206,Nostalgia
4283,YOUTUBE,5216,Price
4284,YOUTUBE,5221,Bug_Complaint
4285,YOUTUBE,5243,Exclusivity
4286,YOUTUBE,5262,Nostalgia
4287,YOUTUBE,5267,Exclusivity
4288,YOUTUBE,5268,Multiplayer
4289,YOUTUBE,5282,Performance
4290,YOUTUBE,5287,Store_UX
4291,YOUTUBE,5292,Multiplayer
4292,YOUTUBE,5294,Nostalgia
4293,YOUTUBE,5299,Exclusivity
4294,YOUTUBE,5305,Hype
4295,YOUTUBE,5332,Multiplayer
4296,YOUTUBE,5334,Nostalgia
4297,YOUTUBE,5335,Store_UX
4298,YOUTUBE,5353,Hype
4299,YOUTUBE,5356,Multiplayer
4300,YOUTUBE,5360,Price
4301,YOUTUBE,5362,Performance
4302,YOUTUBE,5369,Hype
4303,YOUTUBE,5379,Exclusivity
4304,YOUTUBE,5395,Exclusivity
4305,YOUTUBE,5401,Hype
4306,YOUTUBE,5424,Price
4307,YOUTUBE,5432,Price
4308,YOUTUBE,5439,Store_UX
4309,YOUTUBE,5440,Price
4310,YOUTUBE,5443,Exclusivity
4311,YOUTUBE,5446,Nostalgia
4312,YOUTUBE,5448,Price
4313,YOUTUBE,5449,Hype
4314,YOUTUBE,5455,Store_UX
4315,YOUTUBE,5465,Hype
4316,YOUTUBE,5486,Nostalgia
4317,YOUTUBE,5492,Multiplayer
4318,YOUTUBE,5499,Exclusivity
4319,YOUTUBE,5509,Bug_Complaint
4320,YOUTUBE,5520,Price
4321,YOUTUBE,5521,Hype
4322,YOUTUBE,5525,Bug_Complaint
4323,YOUTUBE,5535,Store_UX
4324,YOUTUBE,5541,Bug_Complaint
4325,YOUTUBE,5551,Store_UX
4326,YOUTUBE,5559,Store_UX
4327,YOUTUBE,5573,Bug_Complaint
4328,YOUTUBE,5579,Exclusivity
4329,YOUTUBE,5588,Multiplayer
4330,YOUTUBE,5593,Hype
4331,YOUTUBE,5599,Store_UX
4332,YOUTUBE,5602,Performance
4333,YOUTUBE,5604,Multiplayer
4334,YOUTUBE,5608,Price
4335,YOUTUBE,5622,Nostalgia
4336,YOUTUBE,5628,Multiplayer
4337,YOUTUBE,5633,Hype
4338,YOUTUBE,5642,Performance
4339,YOUTUBE,5643,Exclusivity
4340,YOUTUBE,5654,Nostalgia
4341,YOUTUBE,5656,Price
4342,YOUTUBE,5668,Multiplayer
4343,YOUTUBE,5690,Performance
4344,YOUTUBE,5692,Multiplayer
4345,YOUTUBE,5694,Nostalgia
4346,YOUTUBE,5697,Hype
4347,YOUTUBE,5705,Hype
4348,YOUTUBE,5706,Performance
4349,YOUTUBE,5725,Bug_Complaint
4350,YOUTUBE,5728,Price
4351,YOUTUBE,5733,Bug_Complaint
4352,YOUTUBE,5747,Exclusivity
4353,YOUTUBE,5750,Nostalgia
4354,YOUTUBE,5753,Hype
4355,YOUTUBE,5765,Bug_Complaint
4356,YOUTUBE,5774,Nostalgia
4357,YOUTUBE,5778,Performance
4358,YOUTUBE,5779,Exclusivity
4359,YOUTUBE,5782,Nostalgia
4360,YOUTUBE,5797,Bug_Complaint
4361,YOUTUBE,5798,Nostalgia
4362,YOUTUBE,5803,Exclusivity
4363,YOUTUBE,5806,Nostalgia
4364,YOUTUBE,5808,Price
4365,YOUTUBE,5811,Exclusivity
4366,YOUTUBE,5813,Bug_Complaint
4367,YOUTUBE,5819,Exclusivity
4368,YOUTUBE,5824,Price
4369,YOUTUBE,5835,Exclusivity
4370,YOUTUBE,5843,Exclusivity
4371,YOUTUBE,5860,Multiplayer
4372,YOUTUBE,5871,Store_UX
4373,YOUTUBE,5882,Performance
4374,YOUTUBE,5885,Bug_Complaint
4375,YOUTUBE,5890,Performance
4376,YOUTUBE,5899,Exclusivity
4377,YOUTUBE,5909,Bug_Complaint
4378,YOUTUBE,5922,Performance
4379,YOUTUBE,5935,Store_UX
4380,YOUTUBE,5958,Nostalgia
4381,YOUTUBE,5959,Store_UX
4382,YOUTUBE,5976,Price
4383,YOUTUBE,5979,Exclusivity
4384,YOUTUBE,5983,Store_UX
4385,YOUTUBE,5988,Multiplayer
4386,YOUTUBE,5998,Nostalgia
4387,YOUTUBE,6002,Performance
4388,YOUTUBE,6006,Nostalgia
4389,YOUTUBE,6015,Store_UX
4390,YOUTUBE,6021,Bug_Complaint
4391,YOUTUBE,6026,Performance
4392,YOUTUBE,6027,Exclusivity
4393,YOUTUBE,6039,Store_UX
4394,YOUTUBE,6040,Price
4395,YOUTUBE,6069,Bug_Complaint
4396,YOUTUBE,6072,Price
4397,YOUTUBE,6100,Multiplayer
4398,YOUTUBE,6102,Nostalgia
4399,YOUTUBE,6104,Price
4400,YOUTUBE,6122,Performance
4401,YOUTUBE,6131,Exclusivity
4402,YOUTUBE,6138,Performance
4403,YOUTUBE,6141,Bug_Complaint
4404,YOUTUBE,6142,Nostalgia
4405,YOUTUBE,6144,Price
4406,YOUTUBE,6152,Price
4407,YOUTUBE,6155,Exclusivity
4408,YOUTUBE,6171,Exclusivity
4409,YOUTUBE,6174,Nostalgia
4410,YOUTUBE,6185,Hype
4411,YOUTUBE,6188,Multiplayer
4412,YOUTUBE,6190,Nostalgia
4413,YOUTUBE,6194,Performance
4414,YOUTUBE,6196,Multiplayer
4415,YOUTUBE,6205,Bug_Complaint
4416,YOUTUBE,6206,Nostalgia
4417,YOUTUBE,6209,Hype
4418,YOUTUBE,6216,Price
4419,YOUTUBE,6218,Performance
4420,YOUTUBE,6220,Multiplayer
4421,YOUTUBE,6224,Price
4422,YOUTUBE,6225,Hype
4423,YOUTUBE,6242,Performance
4424,YOUTUBE,6243,Exclusivity
4425,YOUTUBE,6248,Price
4426,YOUTUBE,6254,Nostalgia
4427,YOUTUBE,6294,Nostalgia
4428,YOUTUBE,6297,Hype
4429,YOUTUBE,6309,Bug_Complaint
4430,YOUTUBE,6333,Bug_Complaint
4431,YOUTUBE,6340,Multiplayer
4432,YOUTUBE,6341,Bug_Complaint
4433,YOUTUBE,6343,Store_UX
4434,YOUTUBE,6356,Multiplayer
4435,YOUTUBE,6357,Bug_Complaint
4436,YOUTUBE,6359,Store_UX
4437,YOUTUBE,6367,Store_UX
4438,YOUTUBE,6374,Nostalgia
4439,YOUTUBE,6382,Nostalgia
4440,YOUTUBE,6395,Exclusivity
4441,YOUTUBE,6424,Price
4442,YOUTUBE,6437,Bug_Complaint
4443,YOUTUBE,6445,Bug_Complaint
4444,YOUTUBE,6449,Hype
4445,YOUTUBE,6456,Price
4446,YOUTUBE,6459,Exclusivity
4447,YOUTUBE,6461,Bug_Complaint
4448,YOUTUBE,6474,Performance
4449,YOUTUBE,6511,Store_UX
4450,YOUTUBE,6520,Price
4451,YOUTUBE,6527,Store_UX
4452,YOUTUBE,6539,Exclusivity
4453,YOUTUBE,6548,Multiplayer
4454,YOUTUBE,6552,Price
4455,YOUTUBE,6554,Performance
4456,YOUTUBE,6558,Nostalgia
4457,YOUTUBE,6566,Nostalgia
4458,YOUTUBE,6570,Performance
4459,YOUTUBE,6574,Nostalgia
4460,YOUTUBE,6578,Performance
4461,YOUTUBE,6580,Multiplayer
4462,YOUTUBE,6582,Nostalgia
4463,YOUTUBE,6587,Exclusivity
4464,YOUTUBE,6595,Exclusivity
4465,YOUTUBE,6596,Multiplayer
4466,YOUTUBE,6609,Hype
4467,YOUTUBE,6617,Hype
4468,YOUTUBE,6623,Store_UX
4469,YOUTUBE,6633,Hype
4470,YOUTUBE,6657,Hype
4471,YOUTUBE,6666,Performance
4472,YOUTUBE,6671,Store_UX
4473,YOUTUBE,6696,Price
4474,YOUTUBE,6698,Performance
4475,YOUTUBE,6734,Nostalgia
4476,YOUTUBE,6758,Nostalgia
4477,YOUTUBE,6774,Nostalgia
4478,YOUTUBE,6805,Bug_Complaint
4479,YOUTUBE,6811,Exclusivity
4480,YOUTUBE,6814,Nostalgia
4481,YOUTUBE,6820,Multiplayer
4482,YOUTUBE,6829,Bug_Complaint
4483,YOUTUBE,6830,Nostalgia
4484,YOUTUBE,6846,Nostalgia
4485,YOUTUBE,6854,Nostalgia
4486,YOUTUBE,6860,Multiplayer
4487,YOUTUBE,6881,Hype
4488,YOUTUBE,6889,Hype
4489,YOUTUBE,6894,Nostalgia
4490,YOUTUBE,6898,Performance
4491,YOUTUBE,6907,Exclusivity
4492,YOUTUBE,6916,Multiplayer
4493,YOUTUBE,6917,Bug_Complaint
4494,YOUTUBE,6920,Price
4495,YOUTUBE,6932,Multiplayer
4496,YOUTUBE,6933,Bug_Complaint
4497,YOUTUBE,6951,Store_UX
4498,YOUTUBE,6967,Store_UX
4499,YOUTUBE,6972,Multiplayer
4500,YOUTUBE,6974,Nostalgia
4501,YOUTUBE,6987,Exclusivity
4502,YOUTUBE,6995,Exclusivity
4503,YOUTUBE,7002,Performance
4504,YOUTUBE,7017,Hype
4505,YOUTUBE,7022,Nostalgia
4506,YOUTUBE,7030,Nostalgia
4507,YOUTUBE,7056,Price
4508,YOUTUBE,7059,Exclusivity
4509,YOUTUBE,7068,Multiplayer
4510,YOUTUBE,7076,Multiplayer
4511,YOUTUBE,7079,Store_UX
4512,YOUTUBE,7084,Multiplayer
4513,YOUTUBE,7089,Hype
4514,YOUTUBE,7092,Multiplayer
4515,YOUTUBE,7121,Hype
4516,YOUTUBE,7123,Exclusivity
4517,YOUTUBE,7125,Bug_Complaint
4518,YOUTUBE,7130,Performance
4519,YOUTUBE,7135,Store_UX
4520,YOUTUBE,7137,Hype
4521,YOUTUBE,7141,Bug_Complaint
4522,YOUTUBE,7144,Price
4523,YOUTUBE,7145,Hype
4524,YOUTUBE,7150,Nostalgia
4525,YOUTUBE,7151,Store_UX
4526,YOUTUBE,7155,Exclusivity
4527,YOUTUBE,7160,Price
4528,YOUTUBE,7200,Price
4529,YOUTUBE,7212,Multiplayer
4530,YOUTUBE,7242,Performance
4531,YOUTUBE,7250,Performance
4532,YOUTUBE,7251,Exclusivity
4533,YOUTUBE,7255,Store_UX
4534,YOUTUBE,7268,Multiplayer
4535,YOUTUBE,7282,Performance
4536,YOUTUBE,7304,Price
4537,YOUTUBE,7322,Performance
4538,YOUTUBE,7346,Performance
4539,YOUTUBE,7347,Exclusivity
4540,YOUTUBE,7357,Bug_Complaint
4541,YOUTUBE,7364,Multiplayer
4542,YOUTUBE,7365,Bug_Complaint
4543,YOUTUBE,7374,Nostalgia
4544,YOUTUBE,7386,Performance
4545,YOUTUBE,7403,Exclusivity
4546,YOUTUBE,7412,Multiplayer
4547,YOUTUBE,7419,Exclusivity
4548,YOUTUBE,7426,Performance
4549,YOUTUBE,7435,Exclusivity
4550,YOUTUBE,7446,Nostalgia
4551,YOUTUBE,7447,Store_UX
4552,YOUTUBE,7451,Exclusivity
4553,YOUTUBE,7453,Bug_Complaint
4554,YOUTUBE,7456,Price
4555,YOUTUBE,7475,Exclusivity
4556,YOUTUBE,7478,Nostalgia
4557,YOUTUBE,7491,Exclusivity
4558,YOUTUBE,7492,Multiplayer
4559,YOUTUBE,7493,Bug_Complaint
4560,YOUTUBE,7498,Performance
4561,YOUTUBE,7510,Nostalgia
4562,YOUTUBE,7518,Nostalgia
4563,YOUTUBE,7525,Bug_Complaint
4564,YOUTUBE,7533,Bug_Complaint
4565,YOUTUBE,7535,Store_UX
4566,YOUTUBE,7558,Nostalgia
4567,YOUTUBE,7561,Hype
4568,YOUTUBE,7564,Multiplayer
4569,YOUTUBE,7577,Hype
4570,YOUTUBE,7580,Multiplayer
4571,YOUTUBE,7586,Performance
4572,YOUTUBE,7593,Hype
4573,YOUTUBE,7603,Exclusivity
4574,YOUTUBE,7605,Bug_Complaint
4575,YOUTUBE,7607,Store_UX
4576,YOUTUBE,7613,Bug_Complaint
4577,YOUTUBE,7619,Exclusivity
4578,YOUTUBE,7637,Bug_Complaint
4579,YOUTUBE,7638,Nostalgia
4580,YOUTUBE,7656,Price
4581,YOUTUBE,7661,Bug_Complaint
4582,YOUTUBE,7677,Bug_Complaint
4583,YOUTUBE,15363,Exclusivity
4584,YOUTUBE,15367,Store_UX
4585,YOUTUBE,15382,Nostalgia
4586,YOUTUBE,15387,Exclusivity
4587,YOUTUBE,15390,Nostalgia
4588,YOUTUBE,15395,Exclusivity
4589,YOUTUBE,15403,Exclusivity
4590,YOUTUBE,15410,Performance
4591,YOUTUBE,15416,Price
4592,YOUTUBE,15425,Hype
4593,YOUTUBE,15430,Nostalgia
4594,YOUTUBE,15444,Multiplayer
4595,YOUTUBE,15446,Nostalgia
4596,YOUTUBE,15453,Bug_Complaint
4597,YOUTUBE,15457,Hype
4598,YOUTUBE,15461,Bug_Complaint
4599,YOUTUBE,15466,Performance
4600,YOUTUBE,15468,Multiplayer
4601,YOUTUBE,15474,Performance
4602,YOUTUBE,15480,Price
4603,YOUTUBE,15498,Performance
4604,YOUTUBE,15505,Hype
4605,YOUTUBE,15506,Performance
4606,YOUTUBE,15511,Store_UX
4607,YOUTUBE,15517,Bug_Complaint
4608,YOUTUBE,15521,Hype
4609,YOUTUBE,15527,Store_UX
4610,YOUTUBE,15534,Nostalgia
4611,YOUTUBE,15548,Multiplayer
4612,YOUTUBE,15563,Exclusivity
4613,YOUTUBE,15566,Nostalgia
4614,YOUTUBE,15570,Performance
4615,YOUTUBE,15574,Nostalgia
4616,YOUTUBE,15575,Store_UX
4617,YOUTUBE,15577,Hype
4618,YOUTUBE,15582,Nostalgia
4619,YOUTUBE,15595,Exclusivity
4620,YOUTUBE,15597,Bug_Complaint
4621,YOUTUBE,15599,Store_UX
4622,YOUTUBE,15604,Multiplayer
4623,YOUTUBE,15607,Store_UX
4624,YOUTUBE,15614,Nostalgia
4625,YOUTUBE,15630,Nostalgia
4626,YOUTUBE,15632,Price
4627,YOUTUBE,15641,Hype
4628,YOUTUBE,15651,Exclusivity
4629,YOUTUBE,15671,Store_UX
4630,YOUTUBE,15674,Performance
4631,YOUTUBE,15679,Store_UX
4632,YOUTUBE,15697,Hype
4633,YOUTUBE,15706,Performance
4634,YOUTUBE,15715,Exclusivity
4635,YOUTUBE,15729,Hype
4636,YOUTUBE,15732,Multiplayer
4637,YOUTUBE,15746,Performance
4638,YOUTUBE,15747,Exclusivity
4639,YOUTUBE,15752,Price
4640,YOUTUBE,15753,Hype
4641,YOUTUBE,15766,Nostalgia
4642,YOUTUBE,15777,Hype
4643,YOUTUBE,15783,Store_UX
4644,YOUTUBE,15788,Multiplayer
4645,YOUTUBE,15789,Bug_Complaint
4646,YOUTUBE,15801,Hype
4647,YOUTUBE,15808,Price
4648,YOUTUBE,15823,Store_UX
4649,YOUTUBE,15829,Bug_Complaint
4650,YOUTUBE,15835,Exclusivity
4651,YOUTUBE,15836,Multiplayer
4652,YOUTUBE,15837,Bug_Complaint
4653,YOUTUBE,15851,Exclusivity
4654,YOUTUBE,15860,Multiplayer
4655,YOUTUBE,15862,Nostalgia
4656,YOUTUBE,15864,Price
4657,YOUTUBE,15866,Performance
4658,YOUTUBE,15875,Exclusivity
4659,YOUTUBE,15879,Store_UX
4660,YOUTUBE,15880,Price
4661,YOUTUBE,15892,Multiplayer
4662,YOUTUBE,15904,Price
4663,YOUTUBE,15908,Multiplayer
4664,YOUTUBE,15910,Nostalgia
4665,YOUTUBE,15917,Bug_Complaint
4666,YOUTUBE,15919,Store_UX
4667,YOUTUBE,15934,Nostalgia
4668,YOUTUBE,15939,Exclusivity
4669,YOUTUBE,15952,Price
4670,YOUTUBE,15961,Hype
4671,YOUTUBE,15964,Multiplayer
4672,YOUTUBE,15966,Nostalgia
4673,YOUTUBE,15968,Price
4674,YOUTUBE,15976,Price
4675,YOUTUBE,15981,Bug_Complaint
4676,YOUTUBE,15982,Nostalgia
4677,YOUTUBE,15996,Multiplayer
4678,YOUTUBE,16012,Multiplayer
4679,YOUTUBE,16024,Price
4680,YOUTUBE,16025,Hype
4681,YOUTUBE,16036,Multiplayer
4682,YOUTUBE,16059,Exclusivity
4683,YOUTUBE,16063,Store_UX
4684,YOUTUBE,16064,Price
4685,YOUTUBE,16065,Hype
4686,YOUTUBE,16066,Performance
4687,YOUTUBE,16071,Store_UX
4688,YOUTUBE,16072,Price
4689,YOUTUBE,16091,Exclusivity
4690,YOUTUBE,16103,Store_UX
4691,YOUTUBE,16105,Hype
4692,YOUTUBE,16106,Performance
4693,YOUTUBE,16110,Nostalgia
4694,YOUTUBE,16120,Price
4695,YOUTUBE,16125,Bug_Complaint
4696,YOUTUBE,16147,Exclusivity
4697,YOUTUBE,16166,Nostalgia
4698,YOUTUBE,16171,Exclusivity
4699,YOUTUBE,16172,Multiplayer
4700,YOUTUBE,16186,Performance
4701,YOUTUBE,16191,Store_UX
4702,YOUTUBE,16196,Multiplayer
4703,YOUTUBE,16198,Nostalgia
4704,YOUTUBE,16203,Exclusivity
4705,YOUTUBE,16209,Hype
4706,YOUTUBE,16236,Multiplayer
4707,YOUTUBE,16238,Nostalgia
4708,YOUTUBE,16239,Store_UX
4709,YOUTUBE,16257,Hype
4710,YOUTUBE,16260,Multiplayer
4711,YOUTUBE,16264,Price
4712,YOUTUBE,16266,Performance
4713,YOUTUBE,16273,Hype
4714,YOUTUBE,16283,Exclusivity
4715,YOUTUBE,16299,Exclusivity
4716,YOUTUBE,16305,Hype
4717,YOUTUBE,16328,Price
4718,YOUTUBE,16336,Price
4719,YOUTUBE,16343,Store_UX
4720,YOUTUBE,16344,Price
4721,YOUTUBE,16347,Exclusivity
4722,YOUTUBE,16350,Nostalgia
4723,YOUTUBE,16352,Price
4724,YOUTUBE,16353,Hype
4725,YOUTUBE,16359,Store_UX
4726,YOUTUBE,16369,Hype
4727,YOUTUBE,16390,Nostalgia
4728,YOUTUBE,16396,Multiplayer
4729,YOUTUBE,16403,Exclusivity
4730,YOUTUBE,16413,Bug_Complaint
4731,YOUTUBE,16424,Price
4732,YOUTUBE,16425,Hype
4733,YOUTUBE,16429,Bug_Complaint
4734,YOUTUBE,16439,Store_UX
4735,YOUTUBE,16445,Bug_Complaint
4736,YOUTUBE,16455,Store_UX
4737,YOUTUBE,16463,Store_UX
4738,YOUTUBE,16477,Bug_Complaint
4739,YOUTUBE,16483,Exclusivity
4740,YOUTUBE,16492,Multiplayer
4741,YOUTUBE,16497,Hype
4742,YOUTUBE,16503,Store_UX
4743,YOUTUBE,16506,Performance
4744,YOUTUBE,16508,Multiplayer
4745,YOUTUBE,16512,Price
4746,YOUTUBE,16526,Nostalgia
4747,YOUTUBE,16532,Multiplayer
4748,YOUTUBE,16537,Hype
4749,YOUTUBE,16546,Performance
4750,YOUTUBE,16547,Exclusivity
4751,YOUTUBE,16558,Nostalgia
4752,YOUTUBE,16560,Price
4753,YOUTUBE,16572,Multiplayer
4754,YOUTUBE,16594,Performance
4755,YOUTUBE,16596,Multiplayer
4756,YOUTUBE,16598,Nostalgia
4757,YOUTUBE,16601,Hype
4758,YOUTUBE,16609,Hype
4759,YOUTUBE,16610,Performance
4760,YOUTUBE,16629,Bug_Complaint
4761,YOUTUBE,16632,Price
4762,YOUTUBE,16637,Bug_Complaint
4763,YOUTUBE,16651,Exclusivity
4764,YOUTUBE,16654,Nostalgia
4765,YOUTUBE,16657,Hype
4766,YOUTUBE,16669,Bug_Complaint
4767,YOUTUBE,16678,Nostalgia
4768,YOUTUBE,16682,Performance
4769,YOUTUBE,16683,Exclusivity
4770,YOUTUBE,16686,Nostalgia
4771,YOUTUBE,16701,Bug_Complaint
4772,YOUTUBE,16702,Nostalgia
4773,YOUTUBE,16707,Exclusivity
4774,YOUTUBE,16710,Nostalgia
4775,YOUTUBE,16712,Price
4776,YOUTUBE,16715,Exclusivity
4777,YOUTUBE,16717,Bug_Complaint
4778,YOUTUBE,16723,Exclusivity
4779,YOUTUBE,16728,Price
4780,YOUTUBE,16739,Exclusivity
4781,YOUTUBE,16747,Exclusivity
4782,YOUTUBE,16764,Multiplayer
4783,YOUTUBE,16775,Store_UX
4784,YOUTUBE,16786,Performance
4785,YOUTUBE,16789,Bug_Complaint
4786,YOUTUBE,16794,Performance
4787,YOUTUBE,16803,Exclusivity
4788,YOUTUBE,16813,Bug_Complaint
4789,YOUTUBE,16826,Performance
4790,YOUTUBE,16839,Store_UX
4791,YOUTUBE,16862,Nostalgia
4792,YOUTUBE,16863,Store_UX
4793,YOUTUBE,16880,Price
4794,YOUTUBE,16883,Exclusivity
4795,YOUTUBE,16887,Store_UX
4796,YOUTUBE,16892,Multiplayer
4797,YOUTUBE,16902,Nostalgia
4798,YOUTUBE,16906,Performance
4799,YOUTUBE,16910,Nostalgia
4800,YOUTUBE,16919,Store_UX
4801,YOUTUBE,16925,Bug_Complaint
4802,YOUTUBE,16930,Performance
4803,YOUTUBE,16931,Exclusivity
4804,YOUTUBE,16943,Store_UX
4805,YOUTUBE,16944,Price
4806,YOUTUBE,16973,Bug_Complaint
4807,YOUTUBE,16976,Price
4808,YOUTUBE,17004,Multiplayer
4809,YOUTUBE,17006,Nostalgia
4810,YOUTUBE,17008,Price
4811,YOUTUBE,17026,Performance
4812,YOUTUBE,17035,Exclusivity
4813,YOUTUBE,17042,Performance
4814,YOUTUBE,17045,Bug_Complaint
4815,YOUTUBE,17046,Nostalgia
4816,YOUTUBE,17048,Price
4817,YOUTUBE,17056,Price
4818,YOUTUBE,17059,Exclusivity
4819,YOUTUBE,17075,Exclusivity
4820,YOUTUBE,17078,Nostalgia
4821,YOUTUBE,17089,Hype
4822,YOUTUBE,17092,Multiplayer
4823,YOUTUBE,17094,Nostalgia
4824,YOUTUBE,17098,Performance
4825,YOUTUBE,17100,Multiplayer
4826,YOUTUBE,17109,Bug_Complaint
4827,YOUTUBE,17110,Nostalgia
4828,YOUTUBE,17113,Hype
4829,YOUTUBE,17120,Price
4830,YOUTUBE,17122,Performance
4831,YOUTUBE,17124,Multiplayer
4832,YOUTUBE,17128,Price
4833,YOUTUBE,17129,Hype
4834,YOUTUBE,17146,Performance
4835,YOUTUBE,17147,Exclusivity
4836,YOUTUBE,17152,Price
4837,YOUTUBE,17158,Nostalgia
4838,YOUTUBE,17198,Nostalgia
4839,YOUTUBE,17201,Hype
4840,YOUTUBE,17213,Bug_Complaint
4841,YOUTUBE,17237,Bug_Complaint
4842,YOUTUBE,17244,Multiplayer
4843,YOUTUBE,17245,Bug_Complaint
4844,YOUTUBE,17247,Store_UX
4845,YOUTUBE,17260,Multiplayer
4846,YOUTUBE,17261,Bug_Complaint
4847,YOUTUBE,17263,Store_UX
4848,YOUTUBE,17271,Store_UX
4849,YOUTUBE,17278,Nostalgia
4850,YOUTUBE,17286,Nostalgia
4851,YOUTUBE,17299,Exclusivity
4852,YOUTUBE,17328,Price
4853,YOUTUBE,17341,Bug_Complaint
4854,YOUTUBE,17349,Bug_Complaint
4855,YOUTUBE,17353,Hype
4856,YOUTUBE,17360,Price
4857,YOUTUBE,17363,Exclusivity
4858,YOUTUBE,17365,Bug_Complaint
4859,YOUTUBE,17378,Performance
4860,YOUTUBE,17415,Store_UX
4861,YOUTUBE,17424,Price
4862,YOUTUBE,17431,Store_UX
4863,YOUTUBE,17443,Exclusivity
4864,YOUTUBE,17452,Multiplayer
4865,YOUTUBE,17456,Price
4866,YOUTUBE,17458,Performance
4867,YOUTUBE,17462,Nostalgia
4868,YOUTUBE,17470,Nostalgia
4869,YOUTUBE,17474,Performance
4870,YOUTUBE,17478,Nostalgia
4871,YOUTUBE,17482,Performance
4872,YOUTUBE,17484,Multiplayer
4873,YOUTUBE,17486,Nostalgia
4874,YOUTUBE,17491,Exclusivity
4875,YOUTUBE,17499,Exclusivity
4876,YOUTUBE,17500,Multiplayer
4877,YOUTUBE,17513,Hype
4878,YOUTUBE,17521,Hype
4879,YOUTUBE,17527,Store_UX
4880,YOUTUBE,17537,Hype
4881,YOUTUBE,17561,Hype
4882,YOUTUBE,17570,Performance
4883,YOUTUBE,17575,Store_UX
4884,YOUTUBE,17600,Price
4885,YOUTUBE,17602,Performance
4886,YOUTUBE,17638,Nostalgia
4887,YOUTUBE,17662,Nostalgia
4888,YOUTUBE,17678,Nostalgia
4889,YOUTUBE,17709,Bug_Complaint
4890,YOUTUBE,17715,Exclusivity
4891,YOUTUBE,17718,Nostalgia
4892,YOUTUBE,17724,Multiplayer
4893,YOUTUBE,17733,Bug_Complaint
4894,YOUTUBE,17734,Nostalgia
4895,YOUTUBE,17750,Nostalgia
4896,YOUTUBE,17758,Nostalgia
4897,YOUTUBE,17764,Multiplayer
4898,YOUTUBE,17785,Hype
4899,YOUTUBE,17793,Hype
4900,YOUTUBE,17798,Nostalgia
4901,YOUTUBE,17802,Performance
4902,YOUTUBE,17811,Exclusivity
4903,YOUTUBE,17820,Multiplayer
4904,YOUTUBE,17821,Bug_Complaint
4905,YOUTUBE,17824,Price
4906,YOUTUBE,17836,Multiplayer
4907,YOUTUBE,17837,Bug_Complaint
4908,YOUTUBE,17855,Store_UX
4909,YOUTUBE,17871,Store_UX
4910,YOUTUBE,17876,Multiplayer
4911,YOUTUBE,17878,Nostalgia
4912,YOUTUBE,17891,Exclusivity
4913,YOUTUBE,17899,Exclusivity
4914,YOUTUBE,17906,Performance
4915,REDDIT,2665,Hype
4916,REDDIT,2669,Exclusivity
4917,REDDIT,2684,Store_UX
4918,REDDIT,2689,Store_UX
4919,REDDIT,2692,Price
4920,REDDIT,2697,Bug_Complaint
4921,REDDIT,2705,Performance
4922,REDDIT,2712,Bug_Complaint
4923,REDDIT,2718,Performance
4924,REDDIT,2727,Nostalgia
4925,REDDIT,2732,Hype
4926,REDDIT,2746,Performance
4927,REDDIT,2748,Multiplayer
4928,REDDIT,2755,Store_UX
4929,REDDIT,2759,Nostalgia
4930,REDDIT,2763,Nostalgia
4931,REDDIT,2768,Nostalgia
4932,REDDIT,2770,Nostalgia
4933,REDDIT,2776,Performance
4934,REDDIT,2782,Multiplayer
4935,REDDIT,2800,Multiplayer
4936,REDDIT,2807,Store_UX
4937,REDDIT,2808,Performance
4938,REDDIT,2813,Store_UX
4939,REDDIT,2819,Bug_Complaint
4940,REDDIT,2823,Multiplayer
4941,REDDIT,2829,Performance
4942,REDDIT,2836,Price
4943,REDDIT,2850,Performance
4944,REDDIT,2865,Performance
4945,REDDIT,2868,Performance
4946,REDDIT,2872,Exclusivity
4947,REDDIT,2876,Bug_Complaint
4948,REDDIT,2877,Price
4949,REDDIT,2879,Price
4950,REDDIT,2884,Bug_Complaint
4951,REDDIT,2897,Multiplayer
4952,REDDIT,2899,Multiplayer
4953,REDDIT,2901,Price
4954,REDDIT,2906,Exclusivity
4955,REDDIT,2909,Nostalgia
4956,REDDIT,2916,Nostalgia
4957,REDDIT,2932,Performance
4958,REDDIT,2934,Exclusivity
4959,REDDIT,2943,Exclusivity
4960,REDDIT,2953,Hype
4961,REDDIT,2973,Price
4962,REDDIT,2976,Store_UX
4963,REDDIT,2981,Bug_Complaint
4964,REDDIT,2999,Exclusivity
4965,REDDIT,3008,Exclusivity
4966,REDDIT,3017,Multiplayer
4967,REDDIT,3031,Price
4968,REDDIT,3034,Store_UX
4969,REDDIT,3048,Exclusivity
4970,REDDIT,3049,Exclusivity
4971,REDDIT,3054,Store_UX
4972,REDDIT,3055,Store_UX
4973,REDDIT,3068,Performance
4974,REDDIT,3079,Store_UX
4975,REDDIT,3085,Exclusivity
4976,REDDIT,3090,Store_UX
4977,REDDIT,3091,Bug_Complaint
4978,REDDIT,3103,Bug_Complaint
4979,REDDIT,3110,Multiplayer
4980,REDDIT,3125,Hype
4981,REDDIT,3131,Price
4982,REDDIT,3137,Nostalgia
4983,REDDIT,3138,Store_UX
4984,REDDIT,3139,Hype
4985,REDDIT,3153,Store_UX
4986,REDDIT,3162,Price
4987,REDDIT,3164,Price
4988,REDDIT,3166,Bug_Complaint
4989,REDDIT,3168,Exclusivity
4990,REDDIT,3177,Exclusivity
4991,REDDIT,3181,Bug_Complaint
4992,REDDIT,3182,Bug_Complaint
4993,REDDIT,3194,Exclusivity
4994,REDDIT,3206,Hype
4995,REDDIT,3210,Price
4996,REDDIT,3212,Multiplayer
4997,REDDIT,3219,Bug_Complaint
4998,REDDIT,3221,Nostalgia
4999,REDDIT,3236,Performance
5000,REDDIT,3241,Exclusivity
5001,REDDIT,3254,Multiplayer
5002,REDDIT,3263,Exclusivity
5003,REDDIT,3266,Price
5004,REDDIT,3268,Store_UX
5005,REDDIT,3270,Performance
5006,REDDIT,3278,Multiplayer
5007,REDDIT,3283,Nostalgia
5008,REDDIT,3284,Multiplayer
5009,REDDIT,3298,Price
5010,REDDIT,3314,Performance
5011,YOUTUBE,12799,Store_UX
5012,YOUTUBE,12800,Price
5013,YOUTUBE,12811,Exclusivity
5014,YOUTUBE,12834,Performance
5015,YOUTUBE,12838,Nostalgia
5016,YOUTUBE,12839,Store_UX
5017,YOUTUBE,12840,Price
5018,YOUTUBE,12841,Hype
5019,YOUTUBE,12846,Nostalgia
5020,YOUTUBE,12847,Store_UX
5021,YOUTUBE,12866,Performance
5022,YOUTUBE,12878,Nostalgia
5023,YOUTUBE,12880,Price
5024,YOUTUBE,12881,Hype
5025,YOUTUBE,12885,Bug_Complaint
5026,YOUTUBE,12895,Store_UX
5027,YOUTUBE,12900,Multiplayer
5028,YOUTUBE,12922,Performance
5029,YOUTUBE,12941,Bug_Complaint
5030,YOUTUBE,12946,Performance
5031,YOUTUBE,12947,Exclusivity
5032,YOUTUBE,12961,Hype
5033,YOUTUBE,12966,Nostalgia
5034,YOUTUBE,12971,Exclusivity
5035,YOUTUBE,12973,Bug_Complaint
5036,YOUTUBE,12978,Performance
5037,YOUTUBE,12984,Price
5038,YOUTUBE,13011,Exclusivity
5039,YOUTUBE,13013,Bug_Complaint
5040,YOUTUBE,13014,Nostalgia
5041,YOUTUBE,13032,Price
5042,YOUTUBE,13035,Exclusivity
5043,YOUTUBE,13039,Store_UX
5044,YOUTUBE,13041,Hype
5045,YOUTUBE,13048,Price
5046,YOUTUBE,13058,Performance
5047,YOUTUBE,13074,Performance
5048,YOUTUBE,13080,Price
5049,YOUTUBE,13103,Store_UX
5050,YOUTUBE,13111,Store_UX
5051,YOUTUBE,13118,Nostalgia
5052,YOUTUBE,13119,Store_UX
5053,YOUTUBE,13122,Performance
5054,YOUTUBE,13125,Bug_Complaint
5055,YOUTUBE,13127,Store_UX
5056,YOUTUBE,13128,Price
5057,YOUTUBE,13134,Nostalgia
5058,YOUTUBE,13144,Price
5059,YOUTUBE,13165,Bug_Complaint
5060,YOUTUBE,13171,Exclusivity
5061,YOUTUBE,13178,Performance
5062,YOUTUBE,13188,Multiplayer
5063,YOUTUBE,13199,Store_UX
5064,YOUTUBE,13200,Price
5065,YOUTUBE,13204,Multiplayer
5066,YOUTUBE,13214,Nostalgia
5067,YOUTUBE,13220,Multiplayer
5068,YOUTUBE,13230,Nostalgia
5069,YOUTUBE,13238,Nostalgia
5070,YOUTUBE,13252,Multiplayer
5071,YOUTUBE,13258,Performance
5072,YOUTUBE,13267,Exclusivity
5073,YOUTUBE,13272,Price
5074,YOUTUBE,13278,Nostalgia
5075,YOUTUBE,13281,Hype
5076,YOUTUBE,13283,Exclusivity
5077,YOUTUBE,13287,Store_UX
5078,YOUTUBE,13301,Bug_Complaint
5079,YOUTUBE,13307,Exclusivity
5080,YOUTUBE,13312,Price
5081,YOUTUBE,13321,Hype
5082,YOUTUBE,13322,Performance
5083,YOUTUBE,13333,Bug_Complaint
5084,YOUTUBE,13335,Store_UX
5085,YOUTUBE,13347,Exclusivity
5086,YOUTUBE,13369,Hype
5087,YOUTUBE,13371,Exclusivity
5088,YOUTUBE,13373,Bug_Complaint
5089,YOUTUBE,13376,Price
5090,YOUTUBE,13384,Price
5091,YOUTUBE,13385,Hype
5092,YOUTUBE,13404,Multiplayer
5093,YOUTUBE,13407,Store_UX
5094,YOUTUBE,13412,Multiplayer
5095,YOUTUBE,13426,Performance
5096,YOUTUBE,13429,Bug_Complaint
5097,YOUTUBE,13432,Price
5098,YOUTUBE,13444,Multiplayer
5099,YOUTUBE,13453,Bug_Complaint
5100,YOUTUBE,13457,Hype
5101,YOUTUBE,13458,Performance
5102,YOUTUBE,13461,Bug_Complaint
5103,YOUTUBE,13476,Multiplayer
5104,YOUTUBE,13477,Bug_Complaint
5105,YOUTUBE,13482,Performance
5106,YOUTUBE,13485,Bug_Complaint
5107,YOUTUBE,13487,Store_UX
5108,YOUTUBE,13490,Performance
5109,YOUTUBE,13492,Multiplayer
5110,YOUTUBE,13498,Performance
5111,YOUTUBE,13503,Store_UX
5112,YOUTUBE,13514,Performance
5113,YOUTUBE,13522,Performance
5114,YOUTUBE,13539,Exclusivity
5115,YOUTUBE,13550,Nostalgia
5116,YOUTUBE,13561,Hype
5117,YOUTUBE,13564,Multiplayer
5118,YOUTUBE,13569,Hype
5119,YOUTUBE,13578,Performance
5120,YOUTUBE,13588,Multiplayer
5121,YOUTUBE,13601,Hype
5122,YOUTUBE,13614,Nostalgia
5123,YOUTUBE,13637,Bug_Complaint
5124,YOUTUBE,13638,Nostalgia
5125,YOUTUBE,13655,Store_UX
5126,YOUTUBE,13658,Performance
5127,YOUTUBE,13662,Nostalgia
5128,YOUTUBE,13667,Exclusivity
5129,YOUTUBE,13677,Bug_Complaint
5130,YOUTUBE,13681,Hype
5131,YOUTUBE,13685,Bug_Complaint
5132,YOUTUBE,13694,Nostalgia
5133,YOUTUBE,13700,Multiplayer
5134,YOUTUBE,13705,Hype
5135,YOUTUBE,13706,Performance
5136,YOUTUBE,13718,Nostalgia
5137,YOUTUBE,13719,Store_UX
5138,YOUTUBE,13748,Multiplayer
5139,YOUTUBE,13751,Store_UX
5140,YOUTUBE,13779,Exclusivity
5141,YOUTUBE,13781,Bug_Complaint
5142,YOUTUBE,13783,Store_UX
5143,YOUTUBE,13801,Hype
5144,YOUTUBE,13810,Performance
5145,YOUTUBE,13817,Hype
5146,YOUTUBE,13820,Multiplayer
5147,YOUTUBE,13821,Bug_Complaint
5148,YOUTUBE,13823,Store_UX
5149,YOUTUBE,13831,Store_UX
5150,YOUTUBE,13834,Performance
5151,YOUTUBE,13850,Performance
5152,YOUTUBE,13853,Bug_Complaint
5153,YOUTUBE,13864,Price
5154,YOUTUBE,13867,Exclusivity
5155,YOUTUBE,13869,Bug_Complaint
5156,YOUTUBE,13873,Hype
5157,YOUTUBE,13875,Exclusivity
5158,YOUTUBE,13884,Multiplayer
5159,YOUTUBE,13885,Bug_Complaint
5160,YOUTUBE,13888,Price
5161,YOUTUBE,13895,Store_UX
5162,YOUTUBE,13897,Hype
5163,YOUTUBE,13899,Exclusivity
5164,YOUTUBE,13903,Store_UX
5165,YOUTUBE,13904,Price
5166,YOUTUBE,13921,Hype
5167,YOUTUBE,13922,Performance
5168,YOUTUBE,13927,Store_UX
5169,YOUTUBE,13933,Bug_Complaint
5170,YOUTUBE,13973,Bug_Complaint
5171,YOUTUBE,13976,Price
5172,YOUTUBE,13988,Multiplayer
5173,YOUTUBE,14012,Multiplayer
5174,YOUTUBE,14019,Exclusivity
5175,YOUTUBE,14020,Multiplayer
5176,YOUTUBE,14022,Nostalgia
5177,YOUTUBE,14035,Exclusivity
5178,YOUTUBE,14036,Multiplayer
5179,YOUTUBE,14038,Nostalgia
5180,YOUTUBE,14046,Nostalgia
5181,YOUTUBE,14053,Bug_Complaint
5182,YOUTUBE,14061,Bug_Complaint
5183,YOUTUBE,14074,Performance
5184,YOUTUBE,14103,Store_UX
5185,YOUTUBE,14116,Multiplayer
5186,YOUTUBE,14124,Multiplayer
5187,YOUTUBE,14128,Price
5188,YOUTUBE,14135,Store_UX
5189,YOUTUBE,14138,Performance
5190,YOUTUBE,14140,Multiplayer
5191,YOUTUBE,14153,Hype
5192,YOUTUBE,14190,Nostalgia
5193,YOUTUBE,14199,Store_UX
5194,YOUTUBE,14206,Nostalgia
5195,YOUTUBE,14218,Performance
5196,YOUTUBE,14227,Exclusivity
5197,YOUTUBE,14231,Store_UX
5198,YOUTUBE,14233,Hype
5199,YOUTUBE,14237,Bug_Complaint
5200,YOUTUBE,14245,Bug_Complaint
5201,YOUTUBE,14249,Hype
5202,YOUTUBE,14253,Bug_Complaint
5203,YOUTUBE,14257,Hype
5204,YOUTUBE,14259,Exclusivity
5205,YOUTUBE,14261,Bug_Complaint
5206,YOUTUBE,14266,Performance
5207,YOUTUBE,14274,Performance
5208,YOUTUBE,14275,Exclusivity
5209,YOUTUBE,14288,Price
5210,YOUTUBE,14296,Price
5211,YOUTUBE,14302,Nostalgia
5212,YOUTUBE,14312,Price
5213,YOUTUBE,14336,Price
5214,YOUTUBE,14345,Hype
5215,YOUTUBE,14350,Nostalgia
5216,YOUTUBE,14375,Store_UX
5217,YOUTUBE,14377,Hype
5218,YOUTUBE,14413,Bug_Complaint
5219,YOUTUBE,14437,Bug_Complaint
5220,YOUTUBE,14453,Bug_Complaint
5221,YOUTUBE,14484,Multiplayer
5222,YOUTUBE,14490,Performance
5223,YOUTUBE,14493,Bug_Complaint
5224,YOUTUBE,14499,Exclusivity
5225,YOUTUBE,14508,Multiplayer
5226,YOUTUBE,14509,Bug_Complaint
5227,YOUTUBE,14525,Bug_Complaint
5228,YOUTUBE,14533,Bug_Complaint
5229,YOUTUBE,14539,Exclusivity
5230,YOUTUBE,14560,Price
5231,YOUTUBE,14568,Price
5232,YOUTUBE,14573,Bug_Complaint
5233,YOUTUBE,14577,Hype
5234,YOUTUBE,14586,Performance
5235,YOUTUBE,14595,Exclusivity
5236,YOUTUBE,14596,Multiplayer
5237,YOUTUBE,14599,Store_UX
5238,YOUTUBE,14611,Exclusivity
5239,YOUTUBE,14612,Multiplayer
5240,YOUTUBE,14630,Nostalgia
5241,YOUTUBE,14646,Nostalgia
5242,YOUTUBE,14651,Exclusivity
5243,YOUTUBE,14653,Bug_Complaint
5244,YOUTUBE,14666,Performance
5245,YOUTUBE,14674,Performance
5246,YOUTUBE,14681,Hype
5247,YOUTUBE,14696,Price
5248,YOUTUBE,14701,Bug_Complaint
5249,YOUTUBE,14709,Bug_Complaint
5250,YOUTUBE,14735,Store_UX
5251,YOUTUBE,14738,Performance
5252,YOUTUBE,14747,Exclusivity
5253,YOUTUBE,14755,Exclusivity
5254,YOUTUBE,14758,Nostalgia
5255,YOUTUBE,14763,Exclusivity
5256,YOUTUBE,14768,Price
5257,YOUTUBE,14771,Exclusivity
5258,YOUTUBE,14800,Price
5259,YOUTUBE,14802,Performance
5260,YOUTUBE,14804,Multiplayer
5261,YOUTUBE,14809,Hype
5262,YOUTUBE,14814,Nostalgia
5263,YOUTUBE,14816,Price
5264,YOUTUBE,14820,Multiplayer
5265,YOUTUBE,14823,Store_UX
5266,YOUTUBE,14824,Price
5267,YOUTUBE,14829,Bug_Complaint
5268,YOUTUBE,14830,Nostalgia
5269,YOUTUBE,14834,Performance
5270,YOUTUBE,14839,Store_UX
5271,YOUTUBE,14879,Store_UX
5272,YOUTUBE,14891,Exclusivity
5273,YOUTUBE,14921,Hype
5274,YOUTUBE,14929,Hype
5275,YOUTUBE,14930,Performance
5276,YOUTUBE,14934,Nostalgia
5277,YOUTUBE,14947,Exclusivity
5278,YOUTUBE,14961,Hype
5279,YOUTUBE,14983,Store_UX
5280,YOUTUBE,15001,Hype
5281,YOUTUBE,15025,Hype
5282,YOUTUBE,15026,Performance
5283,YOUTUBE,15036,Multiplayer
5284,YOUTUBE,15043,Exclusivity
5285,YOUTUBE,15044,Multiplayer
5286,YOUTUBE,15053,Bug_Complaint
5287,YOUTUBE,15065,Hype
5288,YOUTUBE,15082,Performance
5289,YOUTUBE,15091,Exclusivity
5290,YOUTUBE,15098,Performance
5291,YOUTUBE,15105,Hype
5292,YOUTUBE,15114,Performance
5293,YOUTUBE,15125,Bug_Complaint
5294,YOUTUBE,15126,Nostalgia
5295,YOUTUBE,15130,Performance
5296,YOUTUBE,15132,Multiplayer
5297,YOUTUBE,15135,Store_UX
5298,YOUTUBE,15154,Performance
5299,YOUTUBE,15157,Bug_Complaint
5300,YOUTUBE,15170,Performance
5301,YOUTUBE,15171,Exclusivity
5302,YOUTUBE,15172,Multiplayer
5303,YOUTUBE,15177,Hype
5304,YOUTUBE,15189,Bug_Complaint
5305,YOUTUBE,15197,Bug_Complaint
5306,YOUTUBE,15204,Multiplayer
5307,YOUTUBE,15212,Multiplayer
5308,YOUTUBE,15214,Nostalgia
5309,YOUTUBE,15237,Bug_Complaint
5310,YOUTUBE,15240,Price
5311,YOUTUBE,15243,Exclusivity
5312,YOUTUBE,15256,Price
5313,YOUTUBE,15259,Exclusivity
5314,YOUTUBE,15265,Hype
5315,YOUTUBE,15272,Price
5316,YOUTUBE,15282,Performance
5317,YOUTUBE,15284,Multiplayer
5318,YOUTUBE,15286,Nostalgia
5319,YOUTUBE,15292,Multiplayer
5320,YOUTUBE,15298,Performance
5321,YOUTUBE,15316,Multiplayer
5322,YOUTUBE,15317,Bug_Complaint
5323,YOUTUBE,15335,Store_UX
5324,YOUTUBE,15340,Multiplayer
5325,YOUTUBE,15356,Multiplayer
5326,YOUTUBE,7681,Hype
5327,YOUTUBE,7696,Price
5328,YOUTUBE,7698,Performance
5329,YOUTUBE,7722,Performance
5330,YOUTUBE,7730,Performance
5331,YOUTUBE,7732,Multiplayer
5332,YOUTUBE,7734,Nostalgia
5333,YOUTUBE,7737,Hype
5334,YOUTUBE,7739,Exclusivity
5335,YOUTUBE,7746,Performance
5336,YOUTUBE,7748,Multiplayer
5337,YOUTUBE,7763,Exclusivity
5338,YOUTUBE,7764,Multiplayer
5339,YOUTUBE,7783,Store_UX
5340,YOUTUBE,7786,Performance
5341,YOUTUBE,7791,Store_UX
5342,YOUTUBE,7799,Store_UX
5343,YOUTUBE,7805,Bug_Complaint
5344,YOUTUBE,7808,Price
5345,YOUTUBE,7811,Exclusivity
5346,YOUTUBE,7829,Bug_Complaint
5347,YOUTUBE,7843,Exclusivity
5348,YOUTUBE,7855,Store_UX
5349,YOUTUBE,7861,Bug_Complaint
5350,YOUTUBE,7863,Store_UX
5351,YOUTUBE,7866,Performance
5352,YOUTUBE,7870,Nostalgia
5353,YOUTUBE,7876,Multiplayer
5354,YOUTUBE,7877,Bug_Complaint
5355,YOUTUBE,7878,Nostalgia
5356,YOUTUBE,7880,Price
5357,YOUTUBE,7890,Performance
5358,YOUTUBE,7904,Price
5359,YOUTUBE,7905,Hype
5360,YOUTUBE,7907,Exclusivity
5361,YOUTUBE,7908,Multiplayer
5362,YOUTUBE,7915,Exclusivity
5363,YOUTUBE,7927,Store_UX
5364,YOUTUBE,7942,Nostalgia
5365,YOUTUBE,7951,Store_UX
5366,YOUTUBE,7960,Price
5367,YOUTUBE,7966,Nostalgia
5368,YOUTUBE,7973,Bug_Complaint
5369,YOUTUBE,7980,Multiplayer
5370,YOUTUBE,7991,Store_UX
5371,YOUTUBE,8005,Bug_Complaint
5372,YOUTUBE,8006,Nostalgia
5373,YOUTUBE,8012,Multiplayer
5374,YOUTUBE,8020,Multiplayer
5375,YOUTUBE,8042,Performance
5376,YOUTUBE,8049,Hype
5377,YOUTUBE,8051,Exclusivity
5378,YOUTUBE,8068,Multiplayer
5379,YOUTUBE,8076,Multiplayer
5380,YOUTUBE,8081,Hype
5381,YOUTUBE,8095,Store_UX
5382,YOUTUBE,8099,Exclusivity
5383,YOUTUBE,8107,Exclusivity
5384,YOUTUBE,8125,Bug_Complaint
5385,YOUTUBE,8128,Price
5386,YOUTUBE,8134,Nostalgia
5387,YOUTUBE,8139,Exclusivity
5388,YOUTUBE,8158,Nostalgia
5389,YOUTUBE,8160,Price
5390,YOUTUBE,8179,Exclusivity
5391,YOUTUBE,8186,Performance
5392,YOUTUBE,8188,Multiplayer
5393,YOUTUBE,8189,Bug_Complaint
5394,YOUTUBE,8201,Hype
5395,YOUTUBE,8202,Performance
5396,YOUTUBE,8206,Nostalgia
5397,YOUTUBE,8208,Price
5398,YOUTUBE,8211,Exclusivity
5399,YOUTUBE,8229,Bug_Complaint
5400,YOUTUBE,8243,Exclusivity
5401,YOUTUBE,8248,Price
5402,YOUTUBE,8255,Store_UX
5403,YOUTUBE,8278,Nostalgia
5404,YOUTUBE,8282,Performance
5405,YOUTUBE,8308,Multiplayer
5406,YOUTUBE,8326,Nostalgia
5407,YOUTUBE,8341,Bug_Complaint
5408,YOUTUBE,8346,Performance
5409,YOUTUBE,8350,Nostalgia
5410,YOUTUBE,8366,Nostalgia
5411,YOUTUBE,8369,Hype
5412,YOUTUBE,8372,Multiplayer
5413,YOUTUBE,8375,Store_UX
5414,YOUTUBE,8376,Price
5415,YOUTUBE,8401,Hype
5416,YOUTUBE,8405,Bug_Complaint
5417,YOUTUBE,8412,Multiplayer
5418,YOUTUBE,8426,Performance
5419,YOUTUBE,8430,Nostalgia
5420,YOUTUBE,8432,Price
5421,YOUTUBE,8442,Performance
5422,YOUTUBE,8452,Multiplayer
5423,YOUTUBE,8454,Nostalgia
5424,YOUTUBE,8462,Nostalgia
5425,YOUTUBE,8463,Store_UX
5426,YOUTUBE,8468,Multiplayer
5427,YOUTUBE,8472,Price
5428,YOUTUBE,8482,Performance
5429,YOUTUBE,8484,Multiplayer
5430,YOUTUBE,8490,Performance
5431,YOUTUBE,8492,Multiplayer
5432,YOUTUBE,8500,Multiplayer
5433,YOUTUBE,8512,Price
5434,YOUTUBE,8517,Bug_Complaint
5435,YOUTUBE,8524,Multiplayer
5436,YOUTUBE,8533,Bug_Complaint
5437,YOUTUBE,8537,Hype
5438,YOUTUBE,8546,Performance
5439,YOUTUBE,8552,Price
5440,YOUTUBE,8556,Multiplayer
5441,YOUTUBE,8558,Nostalgia
5442,YOUTUBE,8598,Nostalgia
5443,YOUTUBE,8604,Multiplayer
5444,YOUTUBE,8610,Performance
5445,YOUTUBE,8624,Price
5446,YOUTUBE,8625,Hype
5447,YOUTUBE,8632,Price
5448,YOUTUBE,8636,Multiplayer
5449,YOUTUBE,8648,Price
5450,YOUTUBE,8655,Store_UX
5451,YOUTUBE,8658,Performance
5452,YOUTUBE,8662,Nostalgia
5453,YOUTUBE,8664,Price
5454,YOUTUBE,8685,Bug_Complaint
5455,YOUTUBE,8693,Bug_Complaint
5456,YOUTUBE,8695,Store_UX
5457,YOUTUBE,8702,Nostalgia
5458,YOUTUBE,8707,Exclusivity
5459,YOUTUBE,8710,Nostalgia
5460,YOUTUBE,8719,Store_UX
5461,YOUTUBE,8720,Price
5462,YOUTUBE,8721,Hype
5463,YOUTUBE,8732,Multiplayer
5464,YOUTUBE,8734,Nostalgia
5465,YOUTUBE,8766,Nostalgia
5466,YOUTUBE,8779,Exclusivity
5467,YOUTUBE,8782,Nostalgia
5468,YOUTUBE,8785,Hype
5469,YOUTUBE,8792,Price
5470,YOUTUBE,8800,Price
5471,YOUTUBE,8801,Hype
5472,YOUTUBE,8808,Price
5473,YOUTUBE,8827,Exclusivity
5474,YOUTUBE,8828,Multiplayer
5475,YOUTUBE,8860,Multiplayer
5476,YOUTUBE,8865,Hype
5477,YOUTUBE,8881,Hype
5478,YOUTUBE,8882,Performance
5479,YOUTUBE,8883,Exclusivity
5480,YOUTUBE,8894,Nostalgia
5481,YOUTUBE,8897,Hype
5482,YOUTUBE,8898,Performance
5483,YOUTUBE,8926,Nostalgia
5484,YOUTUBE,8931,Exclusivity
5485,YOUTUBE,8947,Exclusivity
5486,YOUTUBE,8950,Nostalgia
5487,YOUTUBE,8955,Exclusivity
5488,YOUTUBE,8960,Price
5489,YOUTUBE,8968,Price
5490,YOUTUBE,8970,Performance
5491,YOUTUBE,8972,Multiplayer
5492,YOUTUBE,8991,Store_UX
5493,YOUTUBE,8995,Exclusivity
5494,YOUTUBE,9002,Performance
5495,YOUTUBE,9004,Multiplayer
5496,YOUTUBE,9008,Price
5497,YOUTUBE,9016,Price
5498,YOUTUBE,9039,Store_UX
5499,YOUTUBE,9042,Performance
5500,YOUTUBE,9049,Hype
5501,YOUTUBE,9050,Performance
5502,YOUTUBE,9058,Performance
5503,YOUTUBE,9063,Store_UX
5504,YOUTUBE,9079,Store_UX
5505,YOUTUBE,9081,Hype
5506,YOUTUBE,9082,Performance
5507,YOUTUBE,9097,Hype
5508,YOUTUBE,9105,Hype
5509,YOUTUBE,9106,Performance
5510,YOUTUBE,9120,Price
5511,YOUTUBE,9133,Bug_Complaint
5512,YOUTUBE,9138,Performance
5513,YOUTUBE,9151,Store_UX
5514,YOUTUBE,9167,Store_UX
5515,YOUTUBE,9170,Performance
5516,YOUTUBE,9171,Exclusivity
5517,YOUTUBE,9172,Multiplayer
5518,YOUTUBE,9178,Performance
5519,YOUTUBE,9189,Bug_Complaint
5520,YOUTUBE,9190,Nostalgia
5521,YOUTUBE,9203,Exclusivity
5522,YOUTUBE,9210,Performance
5523,YOUTUBE,9227,Exclusivity
5524,YOUTUBE,9235,Exclusivity
5525,YOUTUBE,9257,Hype
5526,YOUTUBE,9264,Price
5527,YOUTUBE,9272,Price
5528,YOUTUBE,9280,Price
5529,YOUTUBE,9307,Exclusivity
5530,YOUTUBE,9308,Multiplayer
5531,YOUTUBE,9309,Bug_Complaint
5532,YOUTUBE,9313,Hype
5533,YOUTUBE,9328,Price
5534,YOUTUBE,9348,Multiplayer
5535,YOUTUBE,9353,Hype
5536,YOUTUBE,9371,Exclusivity
5537,YOUTUBE,9377,Hype
5538,YOUTUBE,9382,Nostalgia
5539,YOUTUBE,9391,Store_UX
5540,YOUTUBE,9396,Multiplayer
5541,YOUTUBE,9400,Price
5542,YOUTUBE,9401,Hype
5543,YOUTUBE,9403,Exclusivity
5544,YOUTUBE,9404,Multiplayer
5545,YOUTUBE,9411,Exclusivity
5546,YOUTUBE,9423,Store_UX
5547,YOUTUBE,9430,Nostalgia
5548,YOUTUBE,9433,Hype
5549,YOUTUBE,9442,Performance
5550,YOUTUBE,9443,Exclusivity
5551,YOUTUBE,9445,Bug_Complaint
5552,YOUTUBE,9461,Bug_Complaint
5553,YOUTUBE,9470,Nostalgia
5554,YOUTUBE,9471,Store_UX
5555,YOUTUBE,9478,Nostalgia
5556,YOUTUBE,9497,Hype
5557,YOUTUBE,9502,Nostalgia
5558,YOUTUBE,9515,Exclusivity
5559,YOUTUBE,9523,Exclusivity
5560,YOUTUBE,9526,Nostalgia
5561,YOUTUBE,9530,Performance
5562,YOUTUBE,9531,Exclusivity
5563,YOUTUBE,9532,Multiplayer
5564,YOUTUBE,9542,Nostalgia
5565,YOUTUBE,9567,Store_UX
5566,YOUTUBE,9568,Price
5567,YOUTUBE,9574,Nostalgia
5568,YOUTUBE,9576,Price
5569,YOUTUBE,9581,Bug_Complaint
5570,YOUTUBE,9594,Performance
5571,YOUTUBE,9600,Price
5572,YOUTUBE,9615,Store_UX
5573,YOUTUBE,9624,Price
5574,YOUTUBE,9635,Exclusivity
5575,YOUTUBE,9637,Bug_Complaint
5576,YOUTUBE,9640,Price
5577,YOUTUBE,9652,Multiplayer
5578,YOUTUBE,9654,Nostalgia
5579,YOUTUBE,9659,Exclusivity
5580,YOUTUBE,9662,Nostalgia
5581,YOUTUBE,9682,Performance
5582,YOUTUBE,9691,Exclusivity
5583,YOUTUBE,9693,Bug_Complaint
5584,YOUTUBE,9697,Hype
5585,YOUTUBE,9700,Multiplayer
5586,YOUTUBE,9701,Bug_Complaint
5587,YOUTUBE,9725,Bug_Complaint
5588,YOUTUBE,9732,Multiplayer
5589,YOUTUBE,9733,Bug_Complaint
5590,YOUTUBE,9737,Hype
5591,YOUTUBE,9745,Hype
5592,YOUTUBE,9753,Hype
5593,YOUTUBE,9765,Bug_Complaint
5594,YOUTUBE,9776,Price
5595,YOUTUBE,9779,Exclusivity
5596,YOUTUBE,9780,Multiplayer
5597,YOUTUBE,9788,Multiplayer
5598,YOUTUBE,9790,Nostalgia
5599,YOUTUBE,9792,Price
5600,YOUTUBE,9806,Nostalgia
5601,YOUTUBE,9821,Bug_Complaint
5602,YOUTUBE,9822,Nostalgia
5603,YOUTUBE,9831,Store_UX
5604,YOUTUBE,9832,Price
5605,YOUTUBE,9835,Exclusivity
5606,YOUTUBE,9840,Price
5607,YOUTUBE,9848,Price
5608,YOUTUBE,9850,Performance
5609,YOUTUBE,9852,Multiplayer
5610,YOUTUBE,9854,Nostalgia
5611,YOUTUBE,9855,Store_UX
5612,YOUTUBE,9856,Price
5613,YOUTUBE,9858,Performance
5614,YOUTUBE,9859,Exclusivity
5615,YOUTUBE,9864,Price
5616,YOUTUBE,9866,Performance
5617,YOUTUBE,9874,Performance
5618,YOUTUBE,9876,Multiplayer
5619,YOUTUBE,9884,Multiplayer
5620,YOUTUBE,9885,Bug_Complaint
5621,YOUTUBE,9887,Store_UX
5622,YOUTUBE,9898,Performance
5623,YOUTUBE,9915,Exclusivity
5624,YOUTUBE,9931,Exclusivity
5625,YOUTUBE,9949,Bug_Complaint
5626,YOUTUBE,9977,Hype
5627,YOUTUBE,9998,Nostalgia
5628,YOUTUBE,10001,Hype
5629,YOUTUBE,10002,Performance
5630,YOUTUBE,10005,Bug_Complaint
5631,YOUTUBE,10024,Price
5632,YOUTUBE,10033,Hype
5633,YOUTUBE,10040,Price
5634,YOUTUBE,10052,Multiplayer
5635,YOUTUBE,10063,Store_UX
5636,YOUTUBE,10078,Nostalgia
5637,YOUTUBE,10094,Nostalgia
5638,YOUTUBE,10097,Hype
5639,YOUTUBE,10118,Nostalgia
5640,YOUTUBE,10124,Multiplayer
5641,YOUTUBE,10139,Exclusivity
5642,YOUTUBE,10144,Price
5643,YOUTUBE,10154,Performance
5644,YOUTUBE,10155,Exclusivity
5645,YOUTUBE,10159,Store_UX
5646,YOUTUBE,10161,Hype
5647,YOUTUBE,10162,Performance
5648,YOUTUBE,10169,Hype
5649,YOUTUBE,10177,Hype
5650,YOUTUBE,10186,Performance
5651,YOUTUBE,10187,Exclusivity
5652,YOUTUBE,10197,Bug_Complaint
5653,YOUTUBE,10203,Exclusivity
5654,YOUTUBE,10205,Bug_Complaint
5655,YOUTUBE,10206,Nostalgia
5656,YOUTUBE,10209,Hype
5657,YOUTUBE,10231,Store_UX
5658,REDDIT,670,Multiplayer
5659,REDDIT,674,Price
5660,REDDIT,689,Bug_Complaint
5661,REDDIT,694,Multiplayer
5662,REDDIT,697,Performance
5663,REDDIT,702,Bug_Complaint
5664,REDDIT,710,Exclusivity
5665,REDDIT,717,Performance
5666,REDDIT,723,Multiplayer
5667,REDDIT,732,Store_UX
5668,REDDIT,737,Nostalgia
5669,REDDIT,751,Multiplayer
5670,REDDIT,753,Store_UX
5671,REDDIT,760,Hype
5672,REDDIT,764,Bug_Complaint
5673,REDDIT,768,Nostalgia
5674,REDDIT,773,Performance
5675,REDDIT,775,Price
5676,REDDIT,781,Price
5677,REDDIT,787,Multiplayer
5678,REDDIT,805,Hype
5679,REDDIT,812,Bug_Complaint
5680,REDDIT,813,Hype
5681,REDDIT,818,Performance
5682,REDDIT,824,Price
5683,REDDIT,828,Performance
5684,REDDIT,834,Bug_Complaint
5685,REDDIT,841,Nostalgia
5686,REDDIT,855,Price
5687,REDDIT,870,Store_UX
5688,REDDIT,873,Bug_Complaint
5689,REDDIT,877,Exclusivity
5690,REDDIT,881,Bug_Complaint
5691,REDDIT,882,Multiplayer
5692,REDDIT,884,Multiplayer
5693,REDDIT,889,Store_UX
5694,REDDIT,902,Store_UX
5695,REDDIT,904,Performance
5696,REDDIT,906,Bug_Complaint
5697,REDDIT,911,Hype
5698,REDDIT,914,Store_UX
5699,REDDIT,921,Price
5700,REDDIT,937,Hype
5701,REDDIT,939,Exclusivity
5702,REDDIT,948,Nostalgia
5703,REDDIT,958,Exclusivity
5704,REDDIT,978,Bug_Complaint
5705,REDDIT,981,Performance
5706,REDDIT,986,Performance
5707,REDDIT,1004,Price
5708,REDDIT,1013,Store_UX
5709,REDDIT,1022,Bug_Complaint
5710,REDDIT,1036,Multiplayer
5711,REDDIT,1039,Price
5712,REDDIT,1053,Bug_Complaint
5713,REDDIT,1054,Nostalgia
5714,REDDIT,1059,Bug_Complaint
5715,REDDIT,1060,Price
5716,REDDIT,1073,Exclusivity
5717,REDDIT,1084,Price
5718,REDDIT,1090,Performance
5719,REDDIT,1095,Exclusivity
5720,REDDIT,1096,Hype
5721,REDDIT,1108,Store_UX
5722,REDDIT,1115,Price
5723,REDDIT,1130,Hype
5724,REDDIT,1136,Multiplayer
5725,REDDIT,1142,Store_UX
5726,REDDIT,1143,Exclusivity
5727,REDDIT,1144,Exclusivity
5728,REDDIT,1158,Price
5729,REDDIT,1167,Exclusivity
5730,REDDIT,1169,Bug_Complaint
5731,REDDIT,1171,Exclusivity
5732,REDDIT,1173,Bug_Complaint
5733,REDDIT,1182,Price
5734,REDDIT,1186,Store_UX
5735,REDDIT,1187,Bug_Complaint
5736,REDDIT,1199,Bug_Complaint
5737,REDDIT,1211,Performance
5738,REDDIT,1215,Multiplayer
5739,REDDIT,1217,Bug_Complaint
5740,REDDIT,1224,Store_UX
5741,REDDIT,1226,Price
5742,REDDIT,1241,Price
5743,REDDIT,1246,Nostalgia
5744,REDDIT,1259,Multiplayer
5745,REDDIT,1268,Exclusivity
5746,REDDIT,1271,Multiplayer
5747,REDDIT,1273,Exclusivity
5748,REDDIT,1275,Price
5749,REDDIT,1283,Price
5750,REDDIT,1288,Performance
5751,REDDIT,1289,Hype
5752,REDDIT,1303,Performance
5753,REDDIT,1319,Store_UX
5754,YOUTUBE,17919,Store_UX
5755,YOUTUBE,17920,Price
5756,YOUTUBE,17931,Exclusivity
5757,YOUTUBE,17954,Performance
5758,YOUTUBE,17958,Nostalgia
5759,YOUTUBE,17959,Store_UX
5760,YOUTUBE,17960,Price
5761,YOUTUBE,17961,Hype
5762,YOUTUBE,17966,Nostalgia
5763,YOUTUBE,17967,Store_UX
5764,YOUTUBE,17986,Performance
5765,YOUTUBE,17998,Nostalgia
5766,YOUTUBE,18000,Price
5767,YOUTUBE,18001,Hype
5768,YOUTUBE,18005,Bug_Complaint
5769,YOUTUBE,18015,Store_UX
5770,YOUTUBE,18020,Multiplayer
5771,YOUTUBE,18042,Performance
5772,YOUTUBE,18061,Bug_Complaint
5773,YOUTUBE,18066,Performance
5774,YOUTUBE,18067,Exclusivity
5775,YOUTUBE,18081,Hype
5776,YOUTUBE,18086,Nostalgia
5777,YOUTUBE,18091,Exclusivity
5778,YOUTUBE,18093,Bug_Complaint
5779,YOUTUBE,18098,Performance
5780,YOUTUBE,18104,Price
5781,YOUTUBE,18131,Exclusivity
5782,YOUTUBE,18133,Bug_Complaint
5783,YOUTUBE,18134,Nostalgia
5784,YOUTUBE,18152,Price
5785,YOUTUBE,18155,Exclusivity
5786,YOUTUBE,18159,Store_UX
5787,YOUTUBE,18161,Hype
5788,YOUTUBE,18168,Price
5789,YOUTUBE,18178,Performance
5790,YOUTUBE,18194,Performance
5791,YOUTUBE,18200,Price
5792,YOUTUBE,18223,Store_UX
5793,YOUTUBE,18231,Store_UX
5794,YOUTUBE,18238,Nostalgia
5795,YOUTUBE,18239,Store_UX
5796,YOUTUBE,18242,Performance
5797,YOUTUBE,18245,Bug_Complaint
5798,YOUTUBE,18247,Store_UX
5799,YOUTUBE,18248,Price
5800,YOUTUBE,18254,Nostalgia
5801,YOUTUBE,18264,Price
5802,YOUTUBE,18285,Bug_Complaint
5803,YOUTUBE,18291,Exclusivity
5804,YOUTUBE,18298,Performance
5805,YOUTUBE,18308,Multiplayer
5806,YOUTUBE,18319,Store_UX
5807,YOUTUBE,18320,Price
5808,YOUTUBE,18324,Multiplayer
5809,YOUTUBE,18334,Nostalgia
5810,YOUTUBE,18340,Multiplayer
5811,YOUTUBE,18350,Nostalgia
5812,YOUTUBE,18358,Nostalgia
5813,YOUTUBE,18372,Multiplayer
5814,YOUTUBE,18378,Performance
5815,YOUTUBE,18387,Exclusivity
5816,YOUTUBE,18392,Price
5817,YOUTUBE,18398,Nostalgia
5818,YOUTUBE,18401,Hype
5819,YOUTUBE,18403,Exclusivity
5820,YOUTUBE,18407,Store_UX
5821,YOUTUBE,18421,Bug_Complaint
5822,YOUTUBE,18427,Exclusivity
5823,YOUTUBE,18432,Price
5824,YOUTUBE,18441,Hype
5825,YOUTUBE,18442,Performance
5826,YOUTUBE,18453,Bug_Complaint
5827,YOUTUBE,18455,Store_UX
5828,YOUTUBE,18467,Exclusivity
5829,YOUTUBE,18489,Hype
5830,YOUTUBE,18491,Exclusivity
5831,YOUTUBE,18493,Bug_Complaint
5832,YOUTUBE,18496,Price
5833,YOUTUBE,18504,Price
5834,YOUTUBE,18505,Hype
5835,YOUTUBE,18524,Multiplayer
5836,YOUTUBE,18527,Store_UX
5837,YOUTUBE,18532,Multiplayer
5838,YOUTUBE,18546,Performance
5839,YOUTUBE,18549,Bug_Complaint
5840,YOUTUBE,18552,Price
5841,YOUTUBE,18564,Multiplayer
5842,YOUTUBE,18573,Bug_Complaint
5843,YOUTUBE,18577,Hype
5844,YOUTUBE,18578,Performance
5845,YOUTUBE,18581,Bug_Complaint
5846,YOUTUBE,18596,Multiplayer
5847,YOUTUBE,18597,Bug_Complaint
5848,YOUTUBE,18602,Performance
5849,YOUTUBE,18605,Bug_Complaint
5850,YOUTUBE,18607,Store_UX
5851,YOUTUBE,18610,Performance
5852,YOUTUBE,18612,Multiplayer
5853,YOUTUBE,18618,Performance
5854,YOUTUBE,18623,Store_UX
5855,YOUTUBE,18634,Performance
5856,YOUTUBE,18642,Performance
5857,YOUTUBE,18659,Exclusivity
5858,YOUTUBE,18670,Nostalgia
5859,YOUTUBE,18681,Hype
5860,YOUTUBE,18684,Multiplayer
5861,YOUTUBE,18689,Hype
5862,YOUTUBE,18698,Performance
5863,YOUTUBE,18708,Multiplayer
5864,YOUTUBE,18721,Hype
5865,YOUTUBE,18734,Nostalgia
5866,YOUTUBE,18757,Bug_Complaint
5867,YOUTUBE,18758,Nostalgia
5868,YOUTUBE,18775,Store_UX
5869,YOUTUBE,18778,Performance
5870,YOUTUBE,18782,Nostalgia
5871,YOUTUBE,18787,Exclusivity
5872,YOUTUBE,18797,Bug_Complaint
5873,YOUTUBE,18801,Hype
5874,YOUTUBE,18805,Bug_Complaint
5875,YOUTUBE,18814,Nostalgia
5876,YOUTUBE,18820,Multiplayer
5877,YOUTUBE,18825,Hype
5878,YOUTUBE,18826,Performance
5879,YOUTUBE,18838,Nostalgia
5880,YOUTUBE,18839,Store_UX
5881,YOUTUBE,18868,Multiplayer
5882,YOUTUBE,18871,Store_UX
5883,YOUTUBE,18899,Exclusivity
5884,YOUTUBE,18901,Bug_Complaint
5885,YOUTUBE,18903,Store_UX
5886,YOUTUBE,18921,Hype
5887,YOUTUBE,18930,Performance
5888,YOUTUBE,18937,Hype
5889,YOUTUBE,18940,Multiplayer
5890,YOUTUBE,18941,Bug_Complaint
5891,YOUTUBE,18943,Store_UX
5892,YOUTUBE,18951,Store_UX
5893,YOUTUBE,18954,Performance
5894,YOUTUBE,18970,Performance
5895,YOUTUBE,18973,Bug_Complaint
5896,YOUTUBE,18984,Price
5897,YOUTUBE,18987,Exclusivity
5898,YOUTUBE,18989,Bug_Complaint
5899,YOUTUBE,18993,Hype
5900,YOUTUBE,18995,Exclusivity
5901,YOUTUBE,19004,Multiplayer
5902,YOUTUBE,19005,Bug_Complaint
5903,YOUTUBE,19008,Price
5904,YOUTUBE,19015,Store_UX
5905,YOUTUBE,19017,Hype
5906,YOUTUBE,19019,Exclusivity
5907,YOUTUBE,19023,Store_UX
5908,YOUTUBE,19024,Price
5909,YOUTUBE,19041,Hype
5910,YOUTUBE,19042,Performance
5911,YOUTUBE,19047,Store_UX
5912,YOUTUBE,19053,Bug_Complaint
5913,YOUTUBE,19093,Bug_Complaint
5914,YOUTUBE,19096,Price
5915,YOUTUBE,19108,Multiplayer
5916,YOUTUBE,19132,Multiplayer
5917,YOUTUBE,19139,Exclusivity
5918,YOUTUBE,19140,Multiplayer
5919,YOUTUBE,19142,Nostalgia
5920,YOUTUBE,19155,Exclusivity
5921,YOUTUBE,19156,Multiplayer
5922,YOUTUBE,19158,Nostalgia
5923,YOUTUBE,19166,Nostalgia
5924,YOUTUBE,19173,Bug_Complaint
5925,YOUTUBE,19181,Bug_Complaint
5926,YOUTUBE,19194,Performance
5927,YOUTUBE,19223,Store_UX
5928,YOUTUBE,19236,Multiplayer
5929,YOUTUBE,19244,Multiplayer
5930,YOUTUBE,19248,Price
5931,YOUTUBE,19255,Store_UX
5932,YOUTUBE,19258,Performance
5933,YOUTUBE,19260,Multiplayer
5934,YOUTUBE,19273,Hype
5935,YOUTUBE,19310,Nostalgia
5936,YOUTUBE,19319,Store_UX
5937,YOUTUBE,19326,Nostalgia
5938,YOUTUBE,19338,Performance
5939,YOUTUBE,19347,Exclusivity
5940,YOUTUBE,19351,Store_UX
5941,YOUTUBE,19353,Hype
5942,YOUTUBE,19357,Bug_Complaint
5943,YOUTUBE,19365,Bug_Complaint
5944,YOUTUBE,19369,Hype
5945,YOUTUBE,19373,Bug_Complaint
5946,YOUTUBE,19377,Hype
5947,YOUTUBE,19379,Exclusivity
5948,YOUTUBE,19381,Bug_Complaint
5949,YOUTUBE,19386,Performance
5950,YOUTUBE,19394,Performance
5951,YOUTUBE,19395,Exclusivity
5952,YOUTUBE,19408,Price
5953,YOUTUBE,19416,Price
5954,YOUTUBE,19422,Nostalgia
5955,YOUTUBE,19432,Price
5956,YOUTUBE,19456,Price
5957,YOUTUBE,19465,Hype
5958,YOUTUBE,19470,Nostalgia
5959,YOUTUBE,19495,Store_UX
5960,YOUTUBE,19497,Hype
5961,YOUTUBE,19533,Bug_Complaint
5962,YOUTUBE,19557,Bug_Complaint
5963,YOUTUBE,19573,Bug_Complaint
5964,YOUTUBE,19604,Multiplayer
5965,YOUTUBE,19610,Performance
5966,YOUTUBE,19613,Bug_Complaint
5967,YOUTUBE,19619,Exclusivity
5968,YOUTUBE,19628,Multiplayer
5969,YOUTUBE,19629,Bug_Complaint
5970,YOUTUBE,19645,Bug_Complaint
5971,YOUTUBE,19653,Bug_Complaint
5972,YOUTUBE,19659,Exclusivity
5973,YOUTUBE,19680,Price
5974,YOUTUBE,19688,Price
5975,YOUTUBE,19693,Bug_Complaint
5976,YOUTUBE,19697,Hype
5977,YOUTUBE,19706,Performance
5978,YOUTUBE,19715,Exclusivity
5979,YOUTUBE,19716,Multiplayer
5980,YOUTUBE,19719,Store_UX
5981,YOUTUBE,19731,Exclusivity
5982,YOUTUBE,19732,Multiplayer
5983,YOUTUBE,19750,Nostalgia
5984,YOUTUBE,19766,Nostalgia
5985,YOUTUBE,19771,Exclusivity
5986,YOUTUBE,19773,Bug_Complaint
5987,YOUTUBE,19786,Performance
5988,YOUTUBE,19794,Performance
5989,YOUTUBE,19801,Hype
5990,YOUTUBE,19816,Price
5991,YOUTUBE,19821,Bug_Complaint
5992,YOUTUBE,19829,Bug_Complaint
5993,YOUTUBE,19855,Store_UX
5994,YOUTUBE,19858,Performance
5995,YOUTUBE,19867,Exclusivity
5996,YOUTUBE,19875,Exclusivity
5997,YOUTUBE,19878,Nostalgia
5998,YOUTUBE,19883,Exclusivity
5999,YOUTUBE,19888,Price
6000,YOUTUBE,19891,Exclusivity
6001,YOUTUBE,19920,Price
6002,YOUTUBE,19922,Performance
6003,YOUTUBE,19924,Multiplayer
6004,YOUTUBE,19929,Hype
6005,YOUTUBE,19934,Nostalgia
6006,YOUTUBE,19936,Price
6007,YOUTUBE,19940,Multiplayer
6008,YOUTUBE,19943,Store_UX
6009,YOUTUBE,19944,Price
6010,YOUTUBE,19949,Bug_Complaint
6011,YOUTUBE,19950,Nostalgia
6012,YOUTUBE,19954,Performance
6013,YOUTUBE,19959,Store_UX
6014,YOUTUBE,19999,Store_UX
6015,YOUTUBE,20011,Exclusivity
6016,YOUTUBE,20041,Hype
6017,YOUTUBE,20049,Hype
6018,YOUTUBE,20050,Performance
6019,YOUTUBE,20054,Nostalgia
6020,YOUTUBE,20067,Exclusivity
6021,YOUTUBE,20081,Hype
6022,YOUTUBE,20103,Store_UX
6023,YOUTUBE,20121,Hype
6024,YOUTUBE,20145,Hype
6025,YOUTUBE,20146,Performance
6026,YOUTUBE,20156,Multiplayer
6027,YOUTUBE,20163,Exclusivity
6028,YOUTUBE,20164,Multiplayer
6029,YOUTUBE,20173,Bug_Complaint
6030,YOUTUBE,20185,Hype
6031,YOUTUBE,20202,Performance
6032,YOUTUBE,20211,Exclusivity
6033,YOUTUBE,20218,Performance
6034,YOUTUBE,20225,Hype
6035,YOUTUBE,20234,Performance
6036,YOUTUBE,20245,Bug_Complaint
6037,YOUTUBE,20246,Nostalgia
6038,YOUTUBE,20250,Performance
6039,YOUTUBE,20252,Multiplayer
6040,YOUTUBE,20255,Store_UX
6041,YOUTUBE,20274,Performance
6042,YOUTUBE,20277,Bug_Complaint
6043,YOUTUBE,20290,Performance
6044,YOUTUBE,20291,Exclusivity
6045,YOUTUBE,20292,Multiplayer
6046,YOUTUBE,20297,Hype
6047,YOUTUBE,20309,Bug_Complaint
6048,YOUTUBE,20317,Bug_Complaint
6049,YOUTUBE,20324,Multiplayer
6050,YOUTUBE,20332,Multiplayer
6051,YOUTUBE,20334,Nostalgia
6052,YOUTUBE,20357,Bug_Complaint
6053,YOUTUBE,20360,Price
6054,YOUTUBE,20363,Exclusivity
6055,YOUTUBE,20376,Price
6056,YOUTUBE,20379,Exclusivity
6057,YOUTUBE,20385,Hype
6058,YOUTUBE,20392,Price
6059,YOUTUBE,20402,Performance
6060,YOUTUBE,20404,Multiplayer
6061,YOUTUBE,20406,Nostalgia
6062,YOUTUBE,20412,Multiplayer
6063,YOUTUBE,20418,Performance
6064,YOUTUBE,20436,Multiplayer
6065,YOUTUBE,20437,Bug_Complaint
6066,YOUTUBE,20455,Store_UX
6067,YOUTUBE,20460,Multiplayer
6068,YOUTUBE,20476,Multiplayer
6069,REDDIT,3330,Hype
6070,REDDIT,3334,Exclusivity
6071,REDDIT,3349,Price
6072,REDDIT,3354,Hype
6073,REDDIT,3357,Performance
6074,REDDIT,3362,Bug_Complaint
6075,REDDIT,3370,Store_UX
6076,REDDIT,3377,Multiplayer
6077,REDDIT,3383,Nostalgia
6078,REDDIT,3392,Price
6079,REDDIT,3397,Performance
6080,REDDIT,3411,Nostalgia
6081,REDDIT,3413,Performance
6082,REDDIT,3420,Performance
6083,REDDIT,3424,Bug_Complaint
6084,REDDIT,3428,Performance
6085,REDDIT,3433,Multiplayer
6086,REDDIT,3435,Exclusivity
6087,REDDIT,3441,Performance
6088,REDDIT,3447,Hype
6089,REDDIT,3465,Performance
6090,REDDIT,3472,Performance
6091,REDDIT,3473,Performance
6092,REDDIT,3478,Multiplayer
6093,REDDIT,3484,Hype
6094,REDDIT,3488,Hype
6095,REDDIT,3494,Multiplayer
6096,REDDIT,3501,Store_UX
6097,REDDIT,3515,Price
6098,REDDIT,3530,Multiplayer
6099,REDDIT,3533,Store_UX
6100,REDDIT,3537,Performance
6101,REDDIT,3541,Nostalgia
6102,REDDIT,3542,Performance
6103,REDDIT,3544,Exclusivity
6104,REDDIT,3549,Performance
6105,REDDIT,3562,Store_UX
6106,REDDIT,3564,Multiplayer
6107,REDDIT,3566,Nostalgia
6108,REDDIT,3571,Exclusivity
6109,REDDIT,3574,Store_UX
6110,REDDIT,3581,Store_UX
6111,REDDIT,3597,Store_UX
6112,REDDIT,3599,Multiplayer
6113,REDDIT,3608,Performance
6114,REDDIT,3618,Store_UX
6115,REDDIT,3638,Store_UX
6116,REDDIT,3641,Store_UX
6117,REDDIT,3646,Exclusivity
6118,REDDIT,3664,Nostalgia
6119,REDDIT,3673,Multiplayer
6120,REDDIT,3682,Multiplayer
6121,REDDIT,3696,Exclusivity
6122,REDDIT,3699,Bug_Complaint
6123,REDDIT,3713,Nostalgia
6124,REDDIT,3714,Price
6125,REDDIT,3719,Multiplayer
6126,REDDIT,3720,Multiplayer
6127,REDDIT,3733,Multiplayer
6128,REDDIT,3744,Exclusivity
6129,REDDIT,3750,Store_UX
6130,REDDIT,3755,Exclusivity
6131,REDDIT,3756,Multiplayer
6132,REDDIT,3768,Exclusivity
6133,REDDIT,3775,Multiplayer
6134,REDDIT,3790,Bug_Complaint
6135,REDDIT,3796,Price
6136,REDDIT,3802,Multiplayer
6137,REDDIT,3803,Exclusivity
6138,REDDIT,3804,Hype
6139,REDDIT,3818,Performance
6140,REDDIT,3827,Store_UX
6141,REDDIT,3829,Price
6142,REDDIT,3831,Performance
6143,REDDIT,3833,Bug_Complaint
6144,REDDIT,3842,Price
6145,REDDIT,3846,Price
6146,REDDIT,3847,Price
6147,REDDIT,3859,Store_UX
6148,REDDIT,3871,Hype
6149,REDDIT,3875,Multiplayer
6150,REDDIT,3877,Multiplayer
6151,REDDIT,3884,Nostalgia
6152,REDDIT,3886,Nostalgia
6153,REDDIT,3901,Multiplayer
6154,REDDIT,3906,Exclusivity
6155,REDDIT,3919,Exclusivity
6156,REDDIT,3928,Hype
6157,REDDIT,3931,Nostalgia
6158,REDDIT,3933,Bug_Complaint
6159,REDDIT,3935,Exclusivity
6160,REDDIT,3943,Multiplayer
6161,REDDIT,3948,Performance
6162,REDDIT,3949,Store_UX
6163,REDDIT,3963,Performance
6164,REDDIT,3979,Nostalgia
6165,YOUTUBE,10240,Price
6166,YOUTUBE,10241,Hype
6167,YOUTUBE,10252,Multiplayer
6168,YOUTUBE,10275,Exclusivity
6169,YOUTUBE,10279,Store_UX
6170,YOUTUBE,10280,Price
6171,YOUTUBE,10281,Hype
6172,YOUTUBE,10282,Performance
6173,YOUTUBE,10287,Store_UX
6174,YOUTUBE,10288,Price
6175,YOUTUBE,10307,Exclusivity
6176,YOUTUBE,10319,Store_UX
6177,YOUTUBE,10321,Hype
6178,YOUTUBE,10322,Performance
6179,YOUTUBE,10326,Nostalgia
6180,YOUTUBE,10336,Price
6181,YOUTUBE,10341,Bug_Complaint
6182,YOUTUBE,10363,Exclusivity
6183,YOUTUBE,10382,Nostalgia
6184,YOUTUBE,10387,Exclusivity
6185,YOUTUBE,10388,Multiplayer
6186,YOUTUBE,10402,Performance
6187,YOUTUBE,10407,Store_UX
6188,YOUTUBE,10412,Multiplayer
6189,YOUTUBE,10414,Nostalgia
6190,YOUTUBE,10419,Exclusivity
6191,YOUTUBE,10425,Hype
6192,YOUTUBE,10452,Multiplayer
6193,YOUTUBE,10454,Nostalgia
6194,YOUTUBE,10455,Store_UX
6195,YOUTUBE,10473,Hype
6196,YOUTUBE,10476,Multiplayer
6197,YOUTUBE,10480,Price
6198,YOUTUBE,10482,Performance
6199,YOUTUBE,10489,Hype
6200,YOUTUBE,10499,Exclusivity
6201,YOUTUBE,10515,Exclusivity
6202,YOUTUBE,10521,Hype
6203,YOUTUBE,10544,Price
6204,YOUTUBE,10552,Price
6205,YOUTUBE,10559,Store_UX
6206,YOUTUBE,10560,Price
6207,YOUTUBE,10563,Exclusivity
6208,YOUTUBE,10566,Nostalgia
6209,YOUTUBE,10568,Price
6210,YOUTUBE,10569,Hype
6211,YOUTUBE,10575,Store_UX
6212,YOUTUBE,10585,Hype
6213,YOUTUBE,10606,Nostalgia
6214,YOUTUBE,10612,Multiplayer
6215,YOUTUBE,10619,Exclusivity
6216,YOUTUBE,10629,Bug_Complaint
6217,YOUTUBE,10640,Price
6218,YOUTUBE,10641,Hype
6219,YOUTUBE,10645,Bug_Complaint
6220,YOUTUBE,10655,Store_UX
6221,YOUTUBE,10661,Bug_Complaint
6222,YOUTUBE,10671,Store_UX
6223,YOUTUBE,10679,Store_UX
6224,YOUTUBE,10693,Bug_Complaint
6225,YOUTUBE,10699,Exclusivity
6226,YOUTUBE,10708,Multiplayer
6227,YOUTUBE,10713,Hype
6228,YOUTUBE,10719,Store_UX
6229,YOUTUBE,10722,Performance
6230,YOUTUBE,10724,Multiplayer
6231,YOUTUBE,10728,Price
6232,YOUTUBE,10742,Nostalgia
6233,YOUTUBE,10748,Multiplayer
6234,YOUTUBE,10753,Hype
6235,YOUTUBE,10762,Performance
6236,YOUTUBE,10763,Exclusivity
6237,YOUTUBE,10774,Nostalgia
6238,YOUTUBE,10776,Price
6239,YOUTUBE,10788,Multiplayer
6240,YOUTUBE,10810,Performance
6241,YOUTUBE,10812,Multiplayer
6242,YOUTUBE,10814,Nostalgia
6243,YOUTUBE,10817,Hype
6244,YOUTUBE,10825,Hype
6245,YOUTUBE,10826,Performance
6246,YOUTUBE,10845,Bug_Complaint
6247,YOUTUBE,10848,Price
6248,YOUTUBE,10853,Bug_Complaint
6249,YOUTUBE,10867,Exclusivity
6250,YOUTUBE,10870,Nostalgia
6251,YOUTUBE,10873,Hype
6252,YOUTUBE,10885,Bug_Complaint
6253,YOUTUBE,10894,Nostalgia
6254,YOUTUBE,10898,Performance
6255,YOUTUBE,10899,Exclusivity
6256,YOUTUBE,10902,Nostalgia
6257,YOUTUBE,10917,Bug_Complaint
6258,YOUTUBE,10918,Nostalgia
6259,YOUTUBE,10923,Exclusivity
6260,YOUTUBE,10926,Nostalgia
6261,YOUTUBE,10928,Price
6262,YOUTUBE,10931,Exclusivity
6263,YOUTUBE,10933,Bug_Complaint
6264,YOUTUBE,10939,Exclusivity
6265,YOUTUBE,10944,Price
6266,YOUTUBE,10955,Exclusivity
6267,YOUTUBE,10963,Exclusivity
6268,YOUTUBE,10980,Multiplayer
6269,YOUTUBE,10991,Store_UX
6270,YOUTUBE,11002,Performance
6271,YOUTUBE,11005,Bug_Complaint
6272,YOUTUBE,11010,Performance
6273,YOUTUBE,11019,Exclusivity
6274,YOUTUBE,11029,Bug_Complaint
6275,YOUTUBE,11042,Performance
6276,YOUTUBE,11055,Store_UX
6277,YOUTUBE,11078,Nostalgia
6278,YOUTUBE,11079,Store_UX
6279,YOUTUBE,11096,Price
6280,YOUTUBE,11099,Exclusivity
6281,YOUTUBE,11103,Store_UX
6282,YOUTUBE,11108,Multiplayer
6283,YOUTUBE,11118,Nostalgia
6284,YOUTUBE,11122,Performance
6285,YOUTUBE,11126,Nostalgia
6286,YOUTUBE,11135,Store_UX
6287,YOUTUBE,11141,Bug_Complaint
6288,YOUTUBE,11146,Performance
6289,YOUTUBE,11147,Exclusivity
6290,YOUTUBE,11159,Store_UX
6291,YOUTUBE,11160,Price
6292,YOUTUBE,11189,Bug_Complaint
6293,YOUTUBE,11192,Price
6294,YOUTUBE,11220,Multiplayer
6295,YOUTUBE,11222,Nostalgia
6296,YOUTUBE,11224,Price
6297,YOUTUBE,11242,Performance
6298,YOUTUBE,11251,Exclusivity
6299,YOUTUBE,11258,Performance
6300,YOUTUBE,11261,Bug_Complaint
6301,YOUTUBE,11262,Nostalgia
6302,YOUTUBE,11264,Price
6303,YOUTUBE,11272,Price
6304,YOUTUBE,11275,Exclusivity
6305,YOUTUBE,11291,Exclusivity
6306,YOUTUBE,11294,Nostalgia
6307,YOUTUBE,11305,Hype
6308,YOUTUBE,11308,Multiplayer
6309,YOUTUBE,11310,Nostalgia
6310,YOUTUBE,11314,Performance
6311,YOUTUBE,11316,Multiplayer
6312,YOUTUBE,11325,Bug_Complaint
6313,YOUTUBE,11326,Nostalgia
6314,YOUTUBE,11329,Hype
6315,YOUTUBE,11336,Price
6316,YOUTUBE,11338,Performance
6317,YOUTUBE,11340,Multiplayer
6318,YOUTUBE,11344,Price
6319,YOUTUBE,11345,Hype
6320,YOUTUBE,11362,Performance
6321,YOUTUBE,11363,Exclusivity
6322,YOUTUBE,11368,Price
6323,YOUTUBE,11374,Nostalgia
6324,YOUTUBE,11414,Nostalgia
6325,YOUTUBE,11417,Hype
6326,YOUTUBE,11429,Bug_Complaint
6327,YOUTUBE,11453,Bug_Complaint
6328,YOUTUBE,11460,Multiplayer
6329,YOUTUBE,11461,Bug_Complaint
6330,YOUTUBE,11463,Store_UX
6331,YOUTUBE,11476,Multiplayer
6332,YOUTUBE,11477,Bug_Complaint
6333,YOUTUBE,11479,Store_UX
6334,YOUTUBE,11487,Store_UX
6335,YOUTUBE,11494,Nostalgia
6336,YOUTUBE,11502,Nostalgia
6337,YOUTUBE,11515,Exclusivity
6338,YOUTUBE,11544,Price
6339,YOUTUBE,11557,Bug_Complaint
6340,YOUTUBE,11565,Bug_Complaint
6341,YOUTUBE,11569,Hype
6342,YOUTUBE,11576,Price
6343,YOUTUBE,11579,Exclusivity
6344,YOUTUBE,11581,Bug_Complaint
6345,YOUTUBE,11594,Performance
6346,YOUTUBE,11631,Store_UX
6347,YOUTUBE,11640,Price
6348,YOUTUBE,11647,Store_UX
6349,YOUTUBE,11659,Exclusivity
6350,YOUTUBE,11668,Multiplayer
6351,YOUTUBE,11672,Price
6352,YOUTUBE,11674,Performance
6353,YOUTUBE,11678,Nostalgia
6354,YOUTUBE,11686,Nostalgia
6355,YOUTUBE,11690,Performance
6356,YOUTUBE,11694,Nostalgia
6357,YOUTUBE,11698,Performance
6358,YOUTUBE,11700,Multiplayer
6359,YOUTUBE,11702,Nostalgia
6360,YOUTUBE,11707,Exclusivity
6361,YOUTUBE,11715,Exclusivity
6362,YOUTUBE,11716,Multiplayer
6363,YOUTUBE,11729,Hype
6364,YOUTUBE,11737,Hype
6365,YOUTUBE,11743,Store_UX
6366,YOUTUBE,11753,Hype
6367,YOUTUBE,11777,Hype
6368,YOUTUBE,11786,Performance
6369,YOUTUBE,11791,Store_UX
6370,YOUTUBE,11816,Price
6371,YOUTUBE,11818,Performance
6372,YOUTUBE,11854,Nostalgia
6373,YOUTUBE,11878,Nostalgia
6374,YOUTUBE,11894,Nostalgia
6375,YOUTUBE,11925,Bug_Complaint
6376,YOUTUBE,11931,Exclusivity
6377,YOUTUBE,11934,Nostalgia
6378,YOUTUBE,11940,Multiplayer
6379,YOUTUBE,11949,Bug_Complaint
6380,YOUTUBE,11950,Nostalgia
6381,YOUTUBE,11966,Nostalgia
6382,YOUTUBE,11974,Nostalgia
6383,YOUTUBE,11980,Multiplayer
6384,YOUTUBE,12001,Hype
6385,YOUTUBE,12009,Hype
6386,YOUTUBE,12014,Nostalgia
6387,YOUTUBE,12018,Performance
6388,YOUTUBE,12027,Exclusivity
6389,YOUTUBE,12036,Multiplayer
6390,YOUTUBE,12037,Bug_Complaint
6391,YOUTUBE,12040,Price
6392,YOUTUBE,12052,Multiplayer
6393,YOUTUBE,12053,Bug_Complaint
6394,YOUTUBE,12071,Store_UX
6395,YOUTUBE,12087,Store_UX
6396,YOUTUBE,12092,Multiplayer
6397,YOUTUBE,12094,Nostalgia
6398,YOUTUBE,12107,Exclusivity
6399,YOUTUBE,12115,Exclusivity
6400,YOUTUBE,12122,Performance
6401,YOUTUBE,12137,Hype
6402,YOUTUBE,12142,Nostalgia
6403,YOUTUBE,12150,Nostalgia
6404,YOUTUBE,12176,Price
6405,YOUTUBE,12179,Exclusivity
6406,YOUTUBE,12188,Multiplayer
6407,YOUTUBE,12196,Multiplayer
6408,YOUTUBE,12199,Store_UX
6409,YOUTUBE,12204,Multiplayer
6410,YOUTUBE,12209,Hype
6411,YOUTUBE,12212,Multiplayer
6412,YOUTUBE,12241,Hype
6413,YOUTUBE,12243,Exclusivity
6414,YOUTUBE,12245,Bug_Complaint
6415,YOUTUBE,12250,Performance
6416,YOUTUBE,12255,Store_UX
6417,YOUTUBE,12257,Hype
6418,YOUTUBE,12261,Bug_Complaint
6419,YOUTUBE,12264,Price
6420,YOUTUBE,12265,Hype
6421,YOUTUBE,12270,Nostalgia
6422,YOUTUBE,12271,Store_UX
6423,YOUTUBE,12275,Exclusivity
6424,YOUTUBE,12280,Price
6425,YOUTUBE,12320,Price
6426,YOUTUBE,12332,Multiplayer
6427,YOUTUBE,12362,Performance
6428,YOUTUBE,12370,Performance
6429,YOUTUBE,12371,Exclusivity
6430,YOUTUBE,12375,Store_UX
6431,YOUTUBE,12388,Multiplayer
6432,YOUTUBE,12402,Performance
6433,YOUTUBE,12424,Price
6434,YOUTUBE,12442,Performance
6435,YOUTUBE,12466,Performance
6436,YOUTUBE,12467,Exclusivity
6437,YOUTUBE,12477,Bug_Complaint
6438,YOUTUBE,12484,Multiplayer
6439,YOUTUBE,12485,Bug_Complaint
6440,YOUTUBE,12494,Nostalgia
6441,YOUTUBE,12506,Performance
6442,YOUTUBE,12523,Exclusivity
6443,YOUTUBE,12532,Multiplayer
6444,YOUTUBE,12539,Exclusivity
6445,YOUTUBE,12546,Performance
6446,YOUTUBE,12555,Exclusivity
6447,YOUTUBE,12566,Nostalgia
6448,YOUTUBE,12567,Store_UX
6449,YOUTUBE,12571,Exclusivity
6450,YOUTUBE,12573,Bug_Complaint
6451,YOUTUBE,12576,Price
6452,YOUTUBE,12595,Exclusivity
6453,YOUTUBE,12598,Nostalgia
6454,YOUTUBE,12611,Exclusivity
6455,YOUTUBE,12612,Multiplayer
6456,YOUTUBE,12613,Bug_Complaint
6457,YOUTUBE,12618,Performance
6458,YOUTUBE,12630,Nostalgia
6459,YOUTUBE,12638,Nostalgia
6460,YOUTUBE,12645,Bug_Complaint
6461,YOUTUBE,12653,Bug_Complaint
6462,YOUTUBE,12655,Store_UX
6463,YOUTUBE,12678,Nostalgia
6464,YOUTUBE,12681,Hype
6465,YOUTUBE,12684,Multiplayer
6466,YOUTUBE,12697,Hype
6467,YOUTUBE,12700,Multiplayer
6468,YOUTUBE,12706,Performance
6469,YOUTUBE,12713,Hype
6470,YOUTUBE,12723,Exclusivity
6471,YOUTUBE,12725,Bug_Complaint
6472,YOUTUBE,12727,Store_UX
6473,YOUTUBE,12733,Bug_Complaint
6474,YOUTUBE,12739,Exclusivity
6475,YOUTUBE,12757,Bug_Complaint
6476,YOUTUBE,12758,Nostalgia
6477,YOUTUBE,12776,Price
6478,YOUTUBE,12781,Bug_Complaint
6479,YOUTUBE,12797,Bug_Complaint
12926,REDDIT,1340,Performance
12927,REDDIT,1358,Nostalgia
12928,REDDIT,1372,Exclusivity
12929,REDDIT,1379,Bug_Complaint
12930,REDDIT,1383,Exclusivity
12931,REDDIT,1403,Price
12932,REDDIT,1405,Performance
12933,REDDIT,1415,Bug_Complaint
12934,REDDIT,1428,Performance
12935,REDDIT,1435,Store_UX
12936,REDDIT,1436,Bug_Complaint
12937,REDDIT,1441,Multiplayer
12938,REDDIT,1448,Performance
12939,REDDIT,1455,Hype
12940,REDDIT,1462,Price
12941,REDDIT,1472,Performance
12942,REDDIT,1473,Price
12943,REDDIT,1475,Bug_Complaint
12944,REDDIT,1484,Hype
12945,REDDIT,1522,Multiplayer
12946,REDDIT,1529,Nostalgia
12947,REDDIT,1551,Multiplayer
12948,REDDIT,1584,Price
12949,REDDIT,1587,Bug_Complaint
12950,REDDIT,1600,Nostalgia
12951,REDDIT,1603,Hype
12952,REDDIT,1618,Multiplayer
12953,REDDIT,1626,Bug_Complaint
12954,REDDIT,1629,Store_UX
12955,REDDIT,1648,Nostalgia
12956,REDDIT,1655,Bug_Complaint
12957,REDDIT,1666,Multiplayer
12958,REDDIT,1671,Price
12959,REDDIT,1679,Exclusivity
12960,REDDIT,1702,Store_UX
12961,REDDIT,1712,Multiplayer
12962,REDDIT,1714,Hype
12963,REDDIT,1722,Exclusivity
12964,REDDIT,1732,Exclusivity
12965,REDDIT,1745,Hype
12966,REDDIT,1759,Price
12967,REDDIT,1762,Price
12968,REDDIT,1765,Store_UX
12969,REDDIT,1776,Store_UX
12970,REDDIT,1777,Performance
12971,REDDIT,1785,Bug_Complaint
12972,REDDIT,1788,Store_UX
12973,REDDIT,1805,Price
12974,REDDIT,1817,Store_UX
12975,REDDIT,1820,Price
12976,REDDIT,1821,Performance
12977,REDDIT,1824,Exclusivity
12978,REDDIT,1826,Performance
12979,REDDIT,1858,Store_UX
12980,REDDIT,1861,Bug_Complaint
12981,REDDIT,1867,Multiplayer
12982,REDDIT,1868,Store_UX
12983,REDDIT,1888,Store_UX
12984,REDDIT,1890,Performance
12985,REDDIT,1893,Exclusivity
12986,REDDIT,1902,Nostalgia
12987,REDDIT,1935,Performance
12988,REDDIT,1944,Price
12989,REDDIT,1947,Bug_Complaint
12990,REDDIT,1959,Exclusivity
12991,REDDIT,1961,Nostalgia
12992,REDDIT,1969,Price
12993,REDDIT,1971,Performance
12994,REDDIT,1980,Bug_Complaint
12995,REDDIT,1982,Store_UX
12996,REDDIT,1985,Performance
12997,REDDIT,1988,Performance
12998,REDDIT,3993,Hype
12999,REDDIT,4011,Exclusivity
13000,REDDIT,4020,Multiplayer
13001,REDDIT,4022,Nostalgia
13002,REDDIT,4034,Exclusivity
13003,REDDIT,4041,Bug_Complaint
13004,REDDIT,4044,Hype
13005,REDDIT,4050,Bug_Complaint
13006,REDDIT,4060,Exclusivity
13007,REDDIT,4064,Store_UX
13008,REDDIT,4081,Store_UX
13009,REDDIT,4085,Multiplayer
13010,REDDIT,4089,Exclusivity
13011,REDDIT,4098,Exclusivity
13012,REDDIT,4104,Price
13013,REDDIT,4115,Bug_Complaint
13014,REDDIT,4118,Bug_Complaint
13015,REDDIT,4121,Exclusivity
13016,REDDIT,4123,Price
13017,REDDIT,4126,Price
13018,REDDIT,4134,Store_UX
13019,REDDIT,4136,Bug_Complaint
13020,REDDIT,4145,Store_UX
13021,REDDIT,4148,Store_UX
13022,REDDIT,4160,Exclusivity
13023,REDDIT,4162,Exclusivity
13024,REDDIT,4164,Store_UX
13025,REDDIT,4166,Bug_Complaint
13026,REDDIT,4186,Bug_Complaint
13027,REDDIT,4187,Bug_Complaint
13028,REDDIT,4198,Nostalgia
13029,REDDIT,4217,Hype
13030,REDDIT,4218,Price
13031,REDDIT,4222,Hype
13032,REDDIT,4223,Multiplayer
13033,REDDIT,4228,Hype
13034,REDDIT,4232,Bug_Complaint
13035,REDDIT,4236,Price
13036,REDDIT,4242,Hype
13037,REDDIT,4244,Multiplayer
13038,REDDIT,4263,Store_UX
13039,REDDIT,4268,Nostalgia
13040,REDDIT,4269,Exclusivity
13041,REDDIT,4273,Bug_Complaint
13042,REDDIT,4277,Store_UX
13043,REDDIT,4282,Price
13044,REDDIT,4290,Price
13045,REDDIT,4296,Performance
13046,REDDIT,4301,Nostalgia
13047,REDDIT,4304,Exclusivity
13048,REDDIT,4307,Bug_Complaint
13049,REDDIT,4309,Performance
13050,REDDIT,4321,Store_UX
13051,REDDIT,4329,Store_UX
13052,REDDIT,4332,Store_UX
13053,REDDIT,4339,Performance
13054,REDDIT,4340,Hype
13055,REDDIT,4346,Multiplayer
13056,REDDIT,4366,Price
13057,REDDIT,4367,Hype
13058,REDDIT,4371,Performance
13059,REDDIT,4372,Performance
13060,REDDIT,4400,Bug_Complaint
13061,REDDIT,4415,Store_UX
13062,REDDIT,4418,Exclusivity
13063,REDDIT,4420,Nostalgia
13064,REDDIT,4421,Bug_Complaint
13065,REDDIT,4429,Bug_Complaint
13066,REDDIT,4451,Exclusivity
13067,REDDIT,4458,Bug_Complaint
13068,REDDIT,4460,Bug_Complaint
13069,REDDIT,4477,Multiplayer
13070,REDDIT,4484,Multiplayer
13071,REDDIT,4506,Price
13072,REDDIT,4528,Hype
13073,REDDIT,4535,Bug_Complaint
13074,REDDIT,4538,Performance
13075,REDDIT,4583,Store_UX
13076,REDDIT,4584,Bug_Complaint
13077,REDDIT,4598,Hype
13078,REDDIT,4601,Hype
13079,REDDIT,4606,Price
13080,REDDIT,4616,Price
13081,REDDIT,4627,Bug_Complaint
13082,REDDIT,4631,Performance
13083,REDDIT,4634,Bug_Complaint
13084,YOUTUBE,2567,Store_UX
13085,YOUTUBE,2568,Price
13086,YOUTUBE,2589,Bug_Complaint
13087,YOUTUBE,2593,Hype
13088,YOUTUBE,2606,Nostalgia
13089,YOUTUBE,2626,Performance
13090,YOUTUBE,2628,Multiplayer
13091,YOUTUBE,2641,Hype
13092,YOUTUBE,2649,Hype
13093,YOUTUBE,2650,Performance
13094,YOUTUBE,2651,Exclusivity
13095,YOUTUBE,2666,Performance
13096,YOUTUBE,2670,Nostalgia
13097,YOUTUBE,2673,Hype
13098,YOUTUBE,2675,Exclusivity
13099,YOUTUBE,2681,Hype
13100,YOUTUBE,2685,Bug_Complaint
13101,YOUTUBE,2691,Exclusivity
13102,YOUTUBE,2702,Nostalgia
13103,YOUTUBE,2708,Multiplayer
13104,YOUTUBE,2715,Exclusivity
13105,YOUTUBE,2736,Price
13106,YOUTUBE,2748,Multiplayer
13107,YOUTUBE,2752,Price
13108,YOUTUBE,2755,Exclusivity
13109,YOUTUBE,2766,Nostalgia
13110,YOUTUBE,2793,Hype
13111,YOUTUBE,2805,Bug_Complaint
13112,YOUTUBE,2812,Multiplayer
13113,YOUTUBE,2816,Price
13114,YOUTUBE,2825,Hype
13115,YOUTUBE,2828,Multiplayer
13116,YOUTUBE,2832,Price
13117,YOUTUBE,2836,Multiplayer
13118,YOUTUBE,2839,Store_UX
13119,YOUTUBE,2853,Bug_Complaint
13120,YOUTUBE,2855,Store_UX
13121,YOUTUBE,2858,Performance
13122,YOUTUBE,2860,Multiplayer
13123,YOUTUBE,2864,Price
13124,YOUTUBE,2868,Multiplayer
13125,YOUTUBE,2882,Performance
13126,YOUTUBE,2884,Multiplayer
13127,YOUTUBE,2885,Bug_Complaint
13128,YOUTUBE,2901,Bug_Complaint
13129,YOUTUBE,2910,Nostalgia
13130,YOUTUBE,2922,Performance
13131,YOUTUBE,2934,Nostalgia
13132,YOUTUBE,2941,Bug_Complaint
13133,YOUTUBE,2945,Hype
13134,YOUTUBE,2953,Hype
13135,YOUTUBE,2967,Store_UX
13136,YOUTUBE,2978,Performance
13137,YOUTUBE,2989,Bug_Complaint
13138,YOUTUBE,2994,Performance
13139,YOUTUBE,3006,Nostalgia
13140,YOUTUBE,3025,Hype
13141,YOUTUBE,3038,Nostalgia
13142,YOUTUBE,3044,Multiplayer
13143,YOUTUBE,3048,Price
13144,YOUTUBE,3061,Bug_Complaint
13145,YOUTUBE,3063,Store_UX
13146,YOUTUBE,3076,Multiplayer
13147,YOUTUBE,3079,Store_UX
13148,YOUTUBE,3087,Store_UX
13149,YOUTUBE,3089,Hype
13150,YOUTUBE,3102,Nostalgia
13151,YOUTUBE,3104,Price
13152,YOUTUBE,3106,Performance
13153,YOUTUBE,3110,Nostalgia
13154,YOUTUBE,3121,Hype
13155,YOUTUBE,3137,Hype
13156,YOUTUBE,3159,Store_UX
13157,YOUTUBE,3163,Exclusivity
13158,YOUTUBE,3168,Price
13159,YOUTUBE,3175,Store_UX
13160,YOUTUBE,3180,Multiplayer
13161,YOUTUBE,3183,Store_UX
13162,YOUTUBE,3185,Hype
13163,YOUTUBE,3193,Hype
13164,YOUTUBE,3208,Price
13165,YOUTUBE,3209,Hype
13166,YOUTUBE,3213,Bug_Complaint
13167,YOUTUBE,3216,Price
13168,YOUTUBE,3227,Exclusivity
13169,YOUTUBE,3233,Hype
13170,YOUTUBE,3251,Exclusivity
13171,YOUTUBE,3264,Price
13172,YOUTUBE,3266,Performance
13173,YOUTUBE,3278,Nostalgia
13174,YOUTUBE,3279,Store_UX
13175,YOUTUBE,3282,Performance
13176,YOUTUBE,3288,Price
13177,YOUTUBE,3304,Price
13178,YOUTUBE,3311,Store_UX
13179,YOUTUBE,3315,Exclusivity
13180,YOUTUBE,3331,Exclusivity
13181,YOUTUBE,3344,Price
13182,YOUTUBE,3348,Multiplayer
13183,YOUTUBE,3368,Price
13184,YOUTUBE,3387,Exclusivity
13185,YOUTUBE,3421,Bug_Complaint
13186,YOUTUBE,3422,Nostalgia
13187,YOUTUBE,3426,Performance
13188,YOUTUBE,3443,Exclusivity
13189,YOUTUBE,3445,Bug_Complaint
13190,YOUTUBE,3455,Store_UX
13191,YOUTUBE,3458,Performance
13192,YOUTUBE,3460,Multiplayer
13193,YOUTUBE,3495,Store_UX
13194,YOUTUBE,3505,Hype
13195,YOUTUBE,3510,Nostalgia
13196,YOUTUBE,3518,Nostalgia
13197,YOUTUBE,3524,Multiplayer
13198,YOUTUBE,3536,Price
13199,YOUTUBE,3537,Hype
13200,YOUTUBE,3538,Performance
13201,YOUTUBE,3543,Store_UX
13202,YOUTUBE,3544,Price
13203,YOUTUBE,3563,Exclusivity
13204,YOUTUBE,3584,Price
13205,YOUTUBE,3585,Hype
13206,YOUTUBE,3609,Hype
13207,YOUTUBE,3610,Performance
13208,YOUTUBE,3630,Nostalgia
13209,YOUTUBE,3631,Store_UX
13210,YOUTUBE,3633,Hype
13211,YOUTUBE,3643,Exclusivity
13212,YOUTUBE,3677,Bug_Complaint
13213,YOUTUBE,3681,Hype
13214,YOUTUBE,3685,Bug_Complaint
13215,YOUTUBE,3713,Hype
13216,YOUTUBE,3715,Exclusivity
13217,YOUTUBE,3723,Exclusivity
13218,YOUTUBE,3724,Multiplayer
13219,YOUTUBE,3736,Price
13220,YOUTUBE,3756,Multiplayer
13221,YOUTUBE,3761,Hype
13222,YOUTUBE,3765,Bug_Complaint
13223,YOUTUBE,3766,Nostalgia
13224,YOUTUBE,3776,Price
13225,YOUTUBE,3780,Multiplayer
13226,YOUTUBE,3794,Performance
13227,YOUTUBE,3796,Multiplayer
13228,YOUTUBE,3810,Performance
13229,YOUTUBE,3824,Price
13230,YOUTUBE,3826,Performance
13231,YOUTUBE,3830,Nostalgia
13232,YOUTUBE,3839,Store_UX
13233,YOUTUBE,3844,Multiplayer
13234,YOUTUBE,3845,Bug_Complaint
13235,YOUTUBE,3847,Store_UX
13236,YOUTUBE,3875,Exclusivity
13237,YOUTUBE,3881,Hype
13238,YOUTUBE,3886,Nostalgia
13239,YOUTUBE,3906,Performance
13240,YOUTUBE,3913,Hype
13241,YOUTUBE,3914,Performance
13242,YOUTUBE,3924,Multiplayer
13243,YOUTUBE,3927,Store_UX
13244,YOUTUBE,3938,Performance
13245,YOUTUBE,3939,Exclusivity
13246,YOUTUBE,3947,Exclusivity
13247,YOUTUBE,3949,Bug_Complaint
13248,YOUTUBE,3955,Exclusivity
13249,YOUTUBE,3957,Bug_Complaint
13250,YOUTUBE,3964,Multiplayer
13251,YOUTUBE,3966,Nostalgia
13252,YOUTUBE,3977,Hype
13253,YOUTUBE,3982,Nostalgia
13254,YOUTUBE,3997,Bug_Complaint
13255,YOUTUBE,4015,Store_UX
13256,YOUTUBE,4019,Exclusivity
13257,YOUTUBE,4023,Store_UX
13258,YOUTUBE,4036,Multiplayer
13259,YOUTUBE,4045,Bug_Complaint
13260,YOUTUBE,4046,Nostalgia
13261,YOUTUBE,4047,Store_UX
13262,YOUTUBE,4059,Exclusivity
13263,YOUTUBE,4066,Performance
13264,YOUTUBE,4081,Hype
13265,YOUTUBE,4082,Performance
13266,YOUTUBE,4083,Exclusivity
13267,YOUTUBE,4089,Hype
13268,YOUTUBE,4106,Performance
13269,YOUTUBE,4116,Multiplayer
13270,YOUTUBE,4135,Store_UX
13271,YOUTUBE,4147,Exclusivity
13272,YOUTUBE,4150,Nostalgia
13273,YOUTUBE,4152,Price
13274,YOUTUBE,4155,Exclusivity
13275,YOUTUBE,4156,Multiplayer
13276,YOUTUBE,4158,Nostalgia
13277,YOUTUBE,4174,Nostalgia
13278,YOUTUBE,4183,Store_UX
13279,YOUTUBE,4188,Multiplayer
13280,YOUTUBE,4192,Price
13281,YOUTUBE,4193,Hype
13282,YOUTUBE,4197,Bug_Complaint
13283,YOUTUBE,4202,Performance
13284,YOUTUBE,4212,Multiplayer
13285,YOUTUBE,4229,Bug_Complaint
13286,YOUTUBE,4234,Performance
13287,YOUTUBE,4240,Price
13288,YOUTUBE,4247,Store_UX
13289,YOUTUBE,4259,Exclusivity
13290,YOUTUBE,4270,Nostalgia
13291,YOUTUBE,4271,Store_UX
13292,YOUTUBE,4272,Price
13293,YOUTUBE,4275,Exclusivity
13294,YOUTUBE,4280,Price
13295,YOUTUBE,4282,Performance
13296,YOUTUBE,4291,Exclusivity
13297,YOUTUBE,4301,Bug_Complaint
13298,YOUTUBE,4307,Exclusivity
13299,YOUTUBE,4318,Nostalgia
13300,YOUTUBE,4323,Exclusivity
13301,YOUTUBE,4341,Bug_Complaint
13302,YOUTUBE,4342,Nostalgia
13303,YOUTUBE,4358,Nostalgia
13304,YOUTUBE,4372,Multiplayer
13305,YOUTUBE,4385,Hype
13306,YOUTUBE,4395,Exclusivity
13307,YOUTUBE,4396,Multiplayer
13308,YOUTUBE,4398,Nostalgia
13309,YOUTUBE,4404,Multiplayer
13310,YOUTUBE,4405,Bug_Complaint
13311,YOUTUBE,4407,Store_UX
13312,YOUTUBE,4422,Nostalgia
13313,YOUTUBE,4429,Bug_Complaint
13314,YOUTUBE,4433,Hype
13315,YOUTUBE,4437,Bug_Complaint
13316,YOUTUBE,4448,Price
13317,YOUTUBE,4449,Hype
13318,YOUTUBE,4450,Performance
13319,YOUTUBE,4454,Nostalgia
13320,YOUTUBE,4457,Hype
13321,YOUTUBE,4480,Price
13322,YOUTUBE,4499,Exclusivity
13323,YOUTUBE,4502,Nostalgia
13324,YOUTUBE,4503,Store_UX
13325,YOUTUBE,4511,Store_UX
13326,YOUTUBE,4524,Multiplayer
13327,YOUTUBE,4532,Multiplayer
13328,YOUTUBE,4537,Hype
13329,YOUTUBE,4546,Performance
13330,YOUTUBE,4576,Price
13331,YOUTUBE,4601,Hype
13332,YOUTUBE,4640,Price
13333,YOUTUBE,4643,Exclusivity
13334,YOUTUBE,4646,Nostalgia
13335,YOUTUBE,4654,Nostalgia
13336,YOUTUBE,4681,Hype
13337,YOUTUBE,4689,Hype
13338,YOUTUBE,4699,Exclusivity
13339,YOUTUBE,4709,Bug_Complaint
13340,YOUTUBE,4710,Nostalgia
13341,YOUTUBE,4711,Store_UX
13342,YOUTUBE,4729,Hype
13343,YOUTUBE,4731,Exclusivity
13344,YOUTUBE,4732,Multiplayer
13345,YOUTUBE,4750,Nostalgia
13346,YOUTUBE,4760,Price
13347,YOUTUBE,4761,Hype
13348,YOUTUBE,4774,Nostalgia
13349,YOUTUBE,4784,Price
13350,YOUTUBE,4800,Price
13351,YOUTUBE,4810,Performance
13352,YOUTUBE,4822,Nostalgia
13353,YOUTUBE,4837,Bug_Complaint
13354,YOUTUBE,4850,Performance
13355,YOUTUBE,4873,Hype
13356,YOUTUBE,4883,Exclusivity
13357,YOUTUBE,4886,Nostalgia
13358,YOUTUBE,4921,Hype
13359,YOUTUBE,4924,Multiplayer
13360,YOUTUBE,4928,Price
13361,YOUTUBE,4931,Exclusivity
13362,YOUTUBE,4941,Bug_Complaint
13363,YOUTUBE,4958,Nostalgia
13364,YOUTUBE,4962,Performance
13365,YOUTUBE,4971,Exclusivity
13366,YOUTUBE,5001,Hype
13367,YOUTUBE,5014,Nostalgia
13368,YOUTUBE,5031,Store_UX
13369,YOUTUBE,5033,Hype
13370,YOUTUBE,5038,Nostalgia
13371,YOUTUBE,5044,Multiplayer
13372,YOUTUBE,5054,Nostalgia
13373,YOUTUBE,5064,Price
13374,YOUTUBE,5072,Price
13375,YOUTUBE,5080,Price
13376,YOUTUBE,5084,Multiplayer
13377,YOUTUBE,5104,Price
13378,YOUTUBE,5115,Exclusivity
13379,REDDIT,10,Price
13380,REDDIT,28,Performance
13381,REDDIT,42,Nostalgia
13382,REDDIT,49,Nostalgia
13383,REDDIT,53,Performance
13384,REDDIT,73,Nostalgia
13385,REDDIT,75,Bug_Complaint
13386,REDDIT,85,Performance
13387,REDDIT,98,Exclusivity
13388,REDDIT,105,Nostalgia
13389,REDDIT,106,Performance
13390,REDDIT,111,Price
13391,REDDIT,118,Store_UX
13392,REDDIT,125,Multiplayer
13393,REDDIT,132,Price
13394,REDDIT,142,Store_UX
13395,REDDIT,143,Hype
13396,REDDIT,145,Store_UX
13397,REDDIT,154,Store_UX
13398,REDDIT,192,Multiplayer
13399,REDDIT,199,Multiplayer
13400,REDDIT,221,Hype
13401,REDDIT,254,Nostalgia
13402,REDDIT,257,Performance
13403,REDDIT,270,Price
13404,REDDIT,273,Exclusivity
13405,REDDIT,288,Exclusivity
13406,REDDIT,296,Hype
13407,REDDIT,299,Bug_Complaint
13408,REDDIT,318,Bug_Complaint
13409,REDDIT,325,Store_UX
13410,REDDIT,336,Bug_Complaint
13411,REDDIT,341,Multiplayer
13412,REDDIT,349,Performance
13413,REDDIT,372,Performance
13414,REDDIT,382,Exclusivity
13415,REDDIT,384,Store_UX
13416,REDDIT,392,Hype
13417,REDDIT,402,Price
13418,REDDIT,415,Exclusivity
13419,REDDIT,429,Exclusivity
13420,REDDIT,432,Multiplayer
13421,REDDIT,435,Bug_Complaint
13422,REDDIT,446,Price
13423,REDDIT,447,Nostalgia
13424,REDDIT,455,Exclusivity
13425,REDDIT,458,Hype
13426,REDDIT,475,Store_UX
13427,REDDIT,487,Exclusivity
13428,REDDIT,490,Bug_Complaint
13429,REDDIT,491,Nostalgia
13430,REDDIT,494,Nostalgia
13431,REDDIT,496,Multiplayer
13432,REDDIT,528,Store_UX
13433,REDDIT,531,Bug_Complaint
13434,REDDIT,537,Hype
13435,REDDIT,538,Bug_Complaint
13436,REDDIT,558,Store_UX
13437,REDDIT,560,Hype
13438,REDDIT,563,Bug_Complaint
13439,REDDIT,572,Multiplayer
13440,REDDIT,605,Nostalgia
13441,REDDIT,614,Price
13442,REDDIT,617,Nostalgia
13443,REDDIT,629,Performance
13444,REDDIT,631,Nostalgia
13445,REDDIT,639,Hype
13446,REDDIT,641,Performance
13447,REDDIT,650,Hype
13448,REDDIT,652,Hype
13449,REDDIT,655,Performance
13450,REDDIT,658,Multiplayer
13451,YOUTUBE,3,Exclusivity
13452,YOUTUBE,21,Bug_Complaint
13453,YOUTUBE,30,Nostalgia
13454,YOUTUBE,32,Price
13455,YOUTUBE,44,Multiplayer
13456,YOUTUBE,51,Exclusivity
13457,YOUTUBE,54,Nostalgia
13458,YOUTUBE,60,Multiplayer
13459,YOUTUBE,70,Nostalgia
13460,YOUTUBE,74,Performance
13461,YOUTUBE,91,Exclusivity
13462,YOUTUBE,95,Store_UX
13463,YOUTUBE,99,Exclusivity
13464,YOUTUBE,108,Multiplayer
13465,YOUTUBE,114,Performance
13466,YOUTUBE,125,Bug_Complaint
13467,YOUTUBE,128,Price
13468,YOUTUBE,131,Exclusivity
13469,YOUTUBE,133,Bug_Complaint
13470,YOUTUBE,136,Price
13471,YOUTUBE,144,Price
13472,YOUTUBE,146,Performance
13473,YOUTUBE,155,Exclusivity
13474,YOUTUBE,158,Nostalgia
13475,YOUTUBE,170,Performance
13476,YOUTUBE,172,Multiplayer
13477,YOUTUBE,174,Nostalgia
13478,YOUTUBE,176,Price
13479,YOUTUBE,196,Multiplayer
13480,YOUTUBE,197,Bug_Complaint
13481,YOUTUBE,208,Price
13482,YOUTUBE,227,Exclusivity
13483,YOUTUBE,228,Multiplayer
13484,YOUTUBE,232,Price
13485,YOUTUBE,233,Hype
13486,YOUTUBE,238,Nostalgia
13487,YOUTUBE,242,Performance
13488,YOUTUBE,246,Nostalgia
13489,YOUTUBE,252,Multiplayer
13490,YOUTUBE,254,Nostalgia
13491,YOUTUBE,273,Hype
13492,YOUTUBE,278,Nostalgia
13493,YOUTUBE,279,Store_UX
13494,YOUTUBE,283,Exclusivity
13495,YOUTUBE,287,Store_UX
13496,YOUTUBE,292,Multiplayer
13497,YOUTUBE,300,Multiplayer
13498,YOUTUBE,306,Performance
13499,YOUTUBE,311,Store_UX
13500,YOUTUBE,314,Performance
13501,YOUTUBE,317,Bug_Complaint
13502,YOUTUBE,319,Store_UX
13503,YOUTUBE,331,Exclusivity
13504,YOUTUBE,339,Exclusivity
13505,YOUTUBE,342,Nostalgia
13506,YOUTUBE,349,Bug_Complaint
13507,YOUTUBE,350,Nostalgia
13508,YOUTUBE,356,Multiplayer
13509,YOUTUBE,376,Price
13510,YOUTUBE,377,Hype
13511,YOUTUBE,381,Bug_Complaint
13512,YOUTUBE,382,Nostalgia
13513,YOUTUBE,410,Performance
13514,YOUTUBE,425,Hype
13515,YOUTUBE,428,Multiplayer
13516,YOUTUBE,430,Nostalgia
13517,YOUTUBE,431,Store_UX
13518,YOUTUBE,439,Store_UX
13519,YOUTUBE,461,Bug_Complaint
13520,YOUTUBE,468,Multiplayer
13521,YOUTUBE,470,Nostalgia
13522,YOUTUBE,487,Store_UX
13523,YOUTUBE,494,Nostalgia
13524,YOUTUBE,516,Multiplayer
13525,YOUTUBE,538,Performance
13526,YOUTUBE,545,Hype
13527,YOUTUBE,548,Multiplayer
13528,YOUTUBE,593,Hype
13529,YOUTUBE,594,Performance
13530,YOUTUBE,608,Price
13531,YOUTUBE,611,Exclusivity
13532,YOUTUBE,616,Price
13533,YOUTUBE,626,Performance
13534,YOUTUBE,637,Bug_Complaint
13535,YOUTUBE,641,Hype
13536,YOUTUBE,644,Multiplayer
13537,YOUTUBE,673,Hype
13538,YOUTUBE,674,Performance
13539,YOUTUBE,695,Store_UX
13540,YOUTUBE,699,Exclusivity
13541,YOUTUBE,712,Price
13542,YOUTUBE,732,Multiplayer
13543,YOUTUBE,734,Nostalgia
13544,YOUTUBE,747,Exclusivity
13545,YOUTUBE,755,Exclusivity
13546,YOUTUBE,756,Multiplayer
13547,YOUTUBE,757,Bug_Complaint
13548,YOUTUBE,772,Multiplayer
13549,YOUTUBE,776,Price
13550,YOUTUBE,779,Exclusivity
13551,YOUTUBE,781,Bug_Complaint
13552,YOUTUBE,787,Exclusivity
13553,YOUTUBE,791,Store_UX
13554,YOUTUBE,797,Bug_Complaint
13555,YOUTUBE,808,Price
13556,YOUTUBE,814,Nostalgia
13557,YOUTUBE,821,Bug_Complaint
13558,YOUTUBE,842,Performance
13559,YOUTUBE,854,Nostalgia
13560,YOUTUBE,858,Performance
13561,YOUTUBE,861,Bug_Complaint
13562,YOUTUBE,872,Price
13563,YOUTUBE,899,Exclusivity
13564,YOUTUBE,911,Store_UX
13565,YOUTUBE,918,Nostalgia
13566,YOUTUBE,922,Performance
13567,YOUTUBE,931,Exclusivity
13568,YOUTUBE,934,Nostalgia
13569,YOUTUBE,938,Performance
13570,YOUTUBE,942,Nostalgia
13571,YOUTUBE,945,Hype
13572,YOUTUBE,959,Store_UX
13573,YOUTUBE,961,Hype
13574,YOUTUBE,964,Multiplayer
13575,YOUTUBE,966,Nostalgia
13576,YOUTUBE,970,Performance
13577,YOUTUBE,974,Nostalgia
13578,YOUTUBE,988,Multiplayer
13579,YOUTUBE,990,Nostalgia
13580,YOUTUBE,991,Store_UX
13581,YOUTUBE,1007,Store_UX
13582,YOUTUBE,1016,Price
13583,YOUTUBE,1028,Multiplayer
13584,YOUTUBE,1040,Price
13585,YOUTUBE,1047,Store_UX
13586,YOUTUBE,1051,Exclusivity
13587,YOUTUBE,1059,Exclusivity
13588,YOUTUBE,1073,Hype
13589,YOUTUBE,1084,Multiplayer
13590,YOUTUBE,1095,Store_UX
13591,YOUTUBE,1100,Multiplayer
13592,YOUTUBE,1112,Price
13593,YOUTUBE,1131,Exclusivity
13594,YOUTUBE,1144,Price
13595,YOUTUBE,1150,Nostalgia
13596,YOUTUBE,1154,Performance
13597,YOUTUBE,1167,Store_UX
13598,YOUTUBE,1169,Hype
13599,YOUTUBE,1182,Nostalgia
13600,YOUTUBE,1185,Hype
13601,YOUTUBE,1193,Hype
13602,YOUTUBE,1195,Exclusivity
13603,YOUTUBE,1208,Price
13604,YOUTUBE,1210,Performance
13605,YOUTUBE,1212,Multiplayer
13606,YOUTUBE,1216,Price
13607,YOUTUBE,1227,Exclusivity
13608,YOUTUBE,1243,Exclusivity
13609,YOUTUBE,1265,Hype
13610,YOUTUBE,1269,Bug_Complaint
13611,YOUTUBE,1274,Performance
13612,YOUTUBE,1281,Hype
13613,YOUTUBE,1286,Nostalgia
13614,YOUTUBE,1289,Hype
13615,YOUTUBE,1291,Exclusivity
13616,YOUTUBE,1299,Exclusivity
13617,YOUTUBE,1314,Performance
13618,YOUTUBE,1315,Exclusivity
13619,YOUTUBE,1319,Store_UX
13620,YOUTUBE,1322,Performance
13621,YOUTUBE,1333,Bug_Complaint
13622,YOUTUBE,1339,Exclusivity
13623,YOUTUBE,1357,Bug_Complaint
13624,YOUTUBE,1370,Performance
13625,YOUTUBE,1372,Multiplayer
13626,YOUTUBE,1384,Price
13627,YOUTUBE,1385,Hype
13628,YOUTUBE,1388,Multiplayer
13629,YOUTUBE,1394,Performance
13630,YOUTUBE,1410,Performance
13631,YOUTUBE,1417,Hype
13632,YOUTUBE,1421,Bug_Complaint
13633,YOUTUBE,1437,Bug_Complaint
13634,YOUTUBE,1450,Performance
13635,YOUTUBE,1454,Nostalgia
13636,YOUTUBE,1474,Performance
13637,YOUTUBE,1493,Bug_Complaint
13638,YOUTUBE,1527,Store_UX
13639,YOUTUBE,1528,Price
13640,YOUTUBE,1532,Multiplayer
13641,YOUTUBE,1549,Bug_Complaint
13642,YOUTUBE,1551,Store_UX
13643,YOUTUBE,1561,Hype
13644,YOUTUBE,1564,Multiplayer
13645,YOUTUBE,1566,Nostalgia
13646,YOUTUBE,1601,Hype
13647,YOUTUBE,1611,Exclusivity
13648,YOUTUBE,1616,Price
13649,YOUTUBE,1624,Price
13650,YOUTUBE,1630,Nostalgia
13651,YOUTUBE,1642,Performance
13652,YOUTUBE,1643,Exclusivity
13653,YOUTUBE,1644,Multiplayer
13654,YOUTUBE,1649,Hype
13655,YOUTUBE,1650,Performance
13656,YOUTUBE,1669,Bug_Complaint
13657,YOUTUBE,1690,Performance
13658,YOUTUBE,1691,Exclusivity
13659,YOUTUBE,1715,Exclusivity
13660,YOUTUBE,1716,Multiplayer
13661,YOUTUBE,1736,Price
13662,YOUTUBE,1737,Hype
13663,YOUTUBE,1739,Exclusivity
13664,YOUTUBE,1749,Bug_Complaint
13665,YOUTUBE,1783,Store_UX
13666,YOUTUBE,1787,Exclusivity
13667,YOUTUBE,1791,Store_UX
13668,YOUTUBE,1819,Exclusivity
13669,YOUTUBE,1821,Bug_Complaint
13670,YOUTUBE,1829,Bug_Complaint
13671,YOUTUBE,1830,Nostalgia
13672,YOUTUBE,1842,Performance
13673,YOUTUBE,1862,Nostalgia
13674,YOUTUBE,1867,Exclusivity
13675,YOUTUBE,1871,Store_UX
13676,YOUTUBE,1872,Price
13677,YOUTUBE,1882,Performance
13678,YOUTUBE,1886,Nostalgia
13679,YOUTUBE,1900,Multiplayer
13680,YOUTUBE,1902,Nostalgia
13681,YOUTUBE,1916,Multiplayer
13682,YOUTUBE,1930,Performance
13683,YOUTUBE,1932,Multiplayer
13684,YOUTUBE,1936,Price
13685,YOUTUBE,1945,Hype
13686,YOUTUBE,1950,Nostalgia
13687,YOUTUBE,1951,Store_UX
13688,YOUTUBE,1953,Hype
13689,YOUTUBE,1981,Bug_Complaint
13690,YOUTUBE,1987,Exclusivity
13691,YOUTUBE,1992,Price
13692,YOUTUBE,2012,Multiplayer
13693,YOUTUBE,2019,Exclusivity
13694,YOUTUBE,2020,Multiplayer
13695,YOUTUBE,2030,Nostalgia
13696,YOUTUBE,2033,Hype
13697,YOUTUBE,2044,Multiplayer
13698,YOUTUBE,2045,Bug_Complaint
13699,YOUTUBE,2053,Bug_Complaint
13700,YOUTUBE,2055,Store_UX
13701,YOUTUBE,2061,Bug_Complaint
13702,YOUTUBE,2063,Store_UX
13703,YOUTUBE,2070,Nostalgia
13704,YOUTUBE,2072,Price
13705,YOUTUBE,2083,Exclusivity
13706,YOUTUBE,2088,Price
13707,YOUTUBE,2103,Store_UX
13708,YOUTUBE,2121,Hype
13709,YOUTUBE,2125,Bug_Complaint
13710,YOUTUBE,2129,Hype
13711,YOUTUBE,2142,Nostalgia
13712,YOUTUBE,2151,Store_UX
13713,YOUTUBE,2152,Price
13714,YOUTUBE,2153,Hype
13715,YOUTUBE,2165,Bug_Complaint
13716,YOUTUBE,2172,Multiplayer
13717,YOUTUBE,2187,Exclusivity
13718,YOUTUBE,2188,Multiplayer
13719,YOUTUBE,2189,Bug_Complaint
13720,YOUTUBE,2195,Exclusivity
13721,YOUTUBE,2212,Multiplayer
13722,YOUTUBE,2222,Nostalgia
13723,YOUTUBE,2241,Hype
13724,YOUTUBE,2253,Bug_Complaint
13725,YOUTUBE,2256,Price
13726,YOUTUBE,2258,Performance
13727,YOUTUBE,2261,Bug_Complaint
13728,YOUTUBE,2262,Nostalgia
13729,YOUTUBE,2264,Price
13730,YOUTUBE,2280,Price
13731,YOUTUBE,2289,Hype
13732,YOUTUBE,2294,Nostalgia
13733,YOUTUBE,2298,Performance
13734,YOUTUBE,2299,Exclusivity
13735,YOUTUBE,2303,Store_UX
13736,YOUTUBE,2308,Multiplayer
13737,YOUTUBE,2318,Nostalgia
13738,YOUTUBE,2335,Store_UX
13739,YOUTUBE,2340,Multiplayer
13740,YOUTUBE,2346,Performance
13741,YOUTUBE,2353,Hype
13742,YOUTUBE,2365,Bug_Complaint
13743,YOUTUBE,2376,Price
13744,YOUTUBE,2377,Hype
13745,YOUTUBE,2378,Performance
13746,YOUTUBE,2381,Bug_Complaint
13747,YOUTUBE,2386,Performance
13748,YOUTUBE,2388,Multiplayer
13749,YOUTUBE,2397,Bug_Complaint
13750,YOUTUBE,2407,Store_UX
13751,YOUTUBE,2413,Bug_Complaint
13752,YOUTUBE,2424,Price
13753,YOUTUBE,2429,Bug_Complaint
13754,YOUTUBE,2447,Store_UX
13755,YOUTUBE,2448,Price
13756,YOUTUBE,2464,Price
13757,YOUTUBE,2478,Nostalgia
13758,YOUTUBE,2491,Exclusivity
13759,YOUTUBE,2501,Bug_Complaint
13760,YOUTUBE,2502,Nostalgia
13761,YOUTUBE,2504,Price
13762,YOUTUBE,2510,Nostalgia
13763,YOUTUBE,2511,Store_UX
13764,YOUTUBE,2513,Hype
13765,YOUTUBE,2528,Price
13766,YOUTUBE,2535,Store_UX
13767,YOUTUBE,2539,Exclusivity
13768,YOUTUBE,2543,Store_UX
13769,YOUTUBE,2554,Performance
13770,YOUTUBE,2555,Exclusivity
13771,YOUTUBE,2556,Multiplayer
13772,REDDIT,2005,Multiplayer
13773,REDDIT,2023,Exclusivity
13774,REDDIT,2037,Performance
13775,REDDIT,2044,Store_UX
13776,REDDIT,2048,Multiplayer
13777,REDDIT,2068,Hype
13778,REDDIT,2070,Price
13779,REDDIT,2080,Bug_Complaint
13780,REDDIT,2093,Exclusivity
13781,REDDIT,2100,Exclusivity
13782,REDDIT,2101,Multiplayer
13783,REDDIT,2106,Exclusivity
13784,REDDIT,2113,Store_UX
13785,REDDIT,2120,Price
13786,REDDIT,2127,Price
13787,REDDIT,2137,Performance
13788,REDDIT,2138,Price
13789,REDDIT,2140,Store_UX
13790,REDDIT,2149,Store_UX
13791,REDDIT,2187,Exclusivity
13792,REDDIT,2194,Price
13793,REDDIT,2216,Bug_Complaint
13794,REDDIT,2249,Performance
13795,REDDIT,2252,Store_UX
13796,REDDIT,2265,Multiplayer
13797,REDDIT,2268,Hype
13798,REDDIT,2283,Store_UX
13799,REDDIT,2291,Multiplayer
13800,REDDIT,2294,Performance
13801,REDDIT,2313,Hype
13802,REDDIT,2320,Exclusivity
13803,REDDIT,2331,Nostalgia
13804,REDDIT,2336,Hype
13805,REDDIT,2344,Price
13806,REDDIT,2367,Exclusivity
13807,REDDIT,2377,Performance
13808,REDDIT,2379,Bug_Complaint
13809,REDDIT,2387,Store_UX
13810,REDDIT,2397,Bug_Complaint
13811,REDDIT,2410,Price
13812,REDDIT,2424,Exclusivity
13813,REDDIT,2427,Price
13814,REDDIT,2430,Performance
13815,REDDIT,2441,Multiplayer
13816,REDDIT,2442,Bug_Complaint
13817,REDDIT,2450,Multiplayer
13818,REDDIT,2453,Performance
13819,REDDIT,2470,Multiplayer
13820,REDDIT,2482,Exclusivity
13821,REDDIT,2485,Multiplayer
13822,REDDIT,2486,Store_UX
13823,REDDIT,2489,Hype
13824,REDDIT,2491,Bug_Complaint
13825,REDDIT,2523,Multiplayer
13826,REDDIT,2526,Performance
13827,REDDIT,2532,Multiplayer
13828,REDDIT,2533,Multiplayer
13829,REDDIT,2553,Hype
13830,REDDIT,2555,Exclusivity
13831,REDDIT,2558,Multiplayer
13832,REDDIT,2567,Nostalgia
13833,REDDIT,2600,Nostalgia
13834,REDDIT,2609,Price
13835,REDDIT,2612,Multiplayer
13836,REDDIT,2624,Price
13837,REDDIT,2626,Multiplayer
13838,REDDIT,2634,Performance
13839,REDDIT,2636,Hype
13840,REDDIT,2645,Performance
13841,REDDIT,2647,Performance
13842,REDDIT,2650,Bug_Complaint
13843,REDDIT,2653,Hype
13844,YOUTUBE,5122,Performance
13845,YOUTUBE,5140,Multiplayer
13846,YOUTUBE,5149,Bug_Complaint
13847,YOUTUBE,5151,Store_UX
13848,YOUTUBE,5163,Exclusivity
13849,YOUTUBE,5170,Performance
13850,YOUTUBE,5173,Bug_Complaint
13851,YOUTUBE,5179,Exclusivity
13852,YOUTUBE,5189,Bug_Complaint
13853,YOUTUBE,5193,Hype
13854,YOUTUBE,5210,Performance
13855,YOUTUBE,5214,Nostalgia
13856,YOUTUBE,5218,Performance
13857,YOUTUBE,5227,Exclusivity
13858,YOUTUBE,5233,Hype
13859,YOUTUBE,5244,Multiplayer
13860,YOUTUBE,5247,Store_UX
13861,YOUTUBE,5250,Performance
13862,YOUTUBE,5252,Multiplayer
13863,YOUTUBE,5255,Store_UX
13864,YOUTUBE,5263,Store_UX
13865,YOUTUBE,5265,Hype
13866,YOUTUBE,5274,Performance
13867,YOUTUBE,5277,Bug_Complaint
13868,YOUTUBE,5289,Hype
13869,YOUTUBE,5291,Exclusivity
13870,YOUTUBE,5293,Bug_Complaint
13871,YOUTUBE,5295,Store_UX
13872,YOUTUBE,5315,Exclusivity
13873,YOUTUBE,5316,Multiplayer
13874,YOUTUBE,5327,Store_UX
13875,YOUTUBE,5346,Performance
13876,YOUTUBE,5347,Exclusivity
13877,YOUTUBE,5351,Store_UX
13878,YOUTUBE,5352,Price
13879,YOUTUBE,5357,Bug_Complaint
13880,YOUTUBE,5361,Hype
13881,YOUTUBE,5365,Bug_Complaint
13882,YOUTUBE,5371,Exclusivity
13883,YOUTUBE,5373,Bug_Complaint
13884,YOUTUBE,5392,Price
13885,YOUTUBE,5397,Bug_Complaint
13886,YOUTUBE,5398,Nostalgia
13887,YOUTUBE,5402,Performance
13888,YOUTUBE,5406,Nostalgia
13889,YOUTUBE,5411,Exclusivity
13890,YOUTUBE,5419,Exclusivity
13891,YOUTUBE,5425,Hype
13892,YOUTUBE,5430,Nostalgia
13893,YOUTUBE,5433,Hype
13894,YOUTUBE,5436,Multiplayer
13895,YOUTUBE,5438,Nostalgia
13896,YOUTUBE,5450,Performance
13897,YOUTUBE,5458,Performance
13898,YOUTUBE,5461,Bug_Complaint
13899,YOUTUBE,5468,Multiplayer
13900,YOUTUBE,5469,Bug_Complaint
13901,YOUTUBE,5475,Exclusivity
13902,YOUTUBE,5495,Store_UX
13903,YOUTUBE,5496,Price
13904,YOUTUBE,5500,Multiplayer
13905,YOUTUBE,5501,Bug_Complaint
13906,YOUTUBE,5529,Hype
13907,YOUTUBE,5544,Price
13908,YOUTUBE,5547,Exclusivity
13909,YOUTUBE,5549,Bug_Complaint
13910,YOUTUBE,5550,Nostalgia
13911,YOUTUBE,5558,Nostalgia
13912,YOUTUBE,5580,Multiplayer
13913,YOUTUBE,5587,Exclusivity
13914,YOUTUBE,5589,Bug_Complaint
13915,YOUTUBE,5606,Nostalgia
13916,YOUTUBE,5613,Bug_Complaint
13917,YOUTUBE,5635,Exclusivity
13918,YOUTUBE,5657,Hype
13919,YOUTUBE,5664,Price
13920,YOUTUBE,5667,Exclusivity
13921,YOUTUBE,5712,Price
13922,YOUTUBE,5713,Hype
13923,YOUTUBE,5727,Store_UX
13924,YOUTUBE,5730,Performance
13925,YOUTUBE,5735,Store_UX
13926,YOUTUBE,5745,Hype
13927,YOUTUBE,5756,Multiplayer
13928,YOUTUBE,5760,Price
13929,YOUTUBE,5763,Exclusivity
13930,YOUTUBE,5792,Price
13931,YOUTUBE,5793,Hype
13932,YOUTUBE,5814,Nostalgia
13933,YOUTUBE,5818,Performance
13934,YOUTUBE,5831,Store_UX
13935,YOUTUBE,5851,Exclusivity
13936,YOUTUBE,5853,Bug_Complaint
13937,YOUTUBE,5866,Performance
13938,YOUTUBE,5874,Performance
13939,YOUTUBE,5875,Exclusivity
13940,YOUTUBE,5876,Multiplayer
13941,YOUTUBE,5891,Exclusivity
13942,YOUTUBE,5895,Store_UX
13943,YOUTUBE,5898,Performance
13944,YOUTUBE,5900,Multiplayer
13945,YOUTUBE,5906,Performance
13946,YOUTUBE,5910,Nostalgia
13947,YOUTUBE,5916,Multiplayer
13948,YOUTUBE,5927,Store_UX
13949,YOUTUBE,5933,Bug_Complaint
13950,YOUTUBE,5940,Multiplayer
13951,YOUTUBE,5961,Hype
13952,YOUTUBE,5973,Bug_Complaint
13953,YOUTUBE,5977,Hype
13954,YOUTUBE,5980,Multiplayer
13955,YOUTUBE,5991,Store_UX
13956,YOUTUBE,6018,Performance
13957,YOUTUBE,6030,Nostalgia
13958,YOUTUBE,6037,Bug_Complaint
13959,YOUTUBE,6041,Hype
13960,YOUTUBE,6050,Performance
13961,YOUTUBE,6053,Bug_Complaint
13962,YOUTUBE,6057,Hype
13963,YOUTUBE,6061,Bug_Complaint
13964,YOUTUBE,6064,Price
13965,YOUTUBE,6078,Nostalgia
13966,YOUTUBE,6080,Price
13967,YOUTUBE,6083,Exclusivity
13968,YOUTUBE,6085,Bug_Complaint
13969,YOUTUBE,6089,Hype
13970,YOUTUBE,6093,Bug_Complaint
13971,YOUTUBE,6107,Exclusivity
13972,YOUTUBE,6109,Bug_Complaint
13973,YOUTUBE,6110,Nostalgia
13974,YOUTUBE,6126,Nostalgia
13975,YOUTUBE,6135,Store_UX
13976,YOUTUBE,6147,Exclusivity
13977,YOUTUBE,6159,Store_UX
13978,YOUTUBE,6166,Nostalgia
13979,YOUTUBE,6170,Performance
13980,YOUTUBE,6178,Performance
13981,YOUTUBE,6192,Price
13982,YOUTUBE,6203,Exclusivity
13983,YOUTUBE,6214,Nostalgia
13984,YOUTUBE,6219,Exclusivity
13985,YOUTUBE,6231,Store_UX
13986,YOUTUBE,6250,Performance
13987,YOUTUBE,6263,Store_UX
13988,YOUTUBE,6269,Bug_Complaint
13989,YOUTUBE,6273,Hype
13990,YOUTUBE,6286,Nostalgia
13991,YOUTUBE,6288,Price
13992,YOUTUBE,6301,Bug_Complaint
13993,YOUTUBE,6304,Price
13994,YOUTUBE,6312,Price
13995,YOUTUBE,6314,Performance
13996,YOUTUBE,6327,Store_UX
13997,YOUTUBE,6329,Hype
13998,YOUTUBE,6331,Exclusivity
13999,YOUTUBE,6335,Store_UX
14000,YOUTUBE,6346,Performance
14001,YOUTUBE,6362,Performance
14002,YOUTUBE,6384,Price
14003,YOUTUBE,6388,Multiplayer
14004,YOUTUBE,6393,Hype
14005,YOUTUBE,6400,Price
14006,YOUTUBE,6405,Bug_Complaint
14007,YOUTUBE,6408,Price
14008,YOUTUBE,6410,Performance
14009,YOUTUBE,6418,Performance
14010,YOUTUBE,6433,Hype
14011,YOUTUBE,6434,Performance
14012,YOUTUBE,6438,Nostalgia
14013,YOUTUBE,6441,Hype
14014,YOUTUBE,6452,Multiplayer
14015,YOUTUBE,6458,Performance
14016,YOUTUBE,6476,Multiplayer
14017,YOUTUBE,6489,Hype
14018,YOUTUBE,6491,Exclusivity
14019,YOUTUBE,6503,Store_UX
14020,YOUTUBE,6504,Price
14021,YOUTUBE,6507,Exclusivity
14022,YOUTUBE,6513,Hype
14023,YOUTUBE,6529,Hype
14024,YOUTUBE,6536,Price
14025,YOUTUBE,6540,Multiplayer
14026,YOUTUBE,6556,Multiplayer
14027,YOUTUBE,6569,Hype
14028,YOUTUBE,6573,Bug_Complaint
14029,YOUTUBE,6593,Hype
14030,YOUTUBE,6612,Multiplayer
14031,YOUTUBE,6646,Nostalgia
14032,YOUTUBE,6647,Store_UX
14033,YOUTUBE,6651,Exclusivity
14034,YOUTUBE,6668,Multiplayer
14035,YOUTUBE,6670,Nostalgia
14036,YOUTUBE,6680,Price
14037,YOUTUBE,6683,Exclusivity
14038,YOUTUBE,6685,Bug_Complaint
14039,YOUTUBE,6720,Price
14040,YOUTUBE,6730,Performance
14041,YOUTUBE,6735,Store_UX
14042,YOUTUBE,6743,Store_UX
14043,YOUTUBE,6749,Bug_Complaint
14044,YOUTUBE,6761,Hype
14045,YOUTUBE,6762,Performance
14046,YOUTUBE,6763,Exclusivity
14047,YOUTUBE,6768,Price
14048,YOUTUBE,6769,Hype
14049,YOUTUBE,6788,Multiplayer
14050,YOUTUBE,6809,Hype
14051,YOUTUBE,6810,Performance
14052,YOUTUBE,6834,Performance
14053,YOUTUBE,6835,Exclusivity
14054,YOUTUBE,6855,Store_UX
14055,YOUTUBE,6856,Price
14056,YOUTUBE,6858,Performance
14057,YOUTUBE,6868,Multiplayer
14058,YOUTUBE,6902,Nostalgia
14059,YOUTUBE,6906,Performance
14060,YOUTUBE,6910,Nostalgia
14061,YOUTUBE,6938,Performance
14062,YOUTUBE,6940,Multiplayer
14063,YOUTUBE,6948,Multiplayer
14064,YOUTUBE,6949,Bug_Complaint
14065,YOUTUBE,6961,Hype
14066,YOUTUBE,6981,Bug_Complaint
14067,YOUTUBE,6986,Performance
14068,YOUTUBE,6990,Nostalgia
14069,YOUTUBE,6991,Store_UX
14070,YOUTUBE,7001,Hype
14071,YOUTUBE,7005,Bug_Complaint
14072,YOUTUBE,7019,Exclusivity
14073,YOUTUBE,7021,Bug_Complaint
14074,YOUTUBE,7035,Exclusivity
14075,YOUTUBE,7049,Hype
14076,YOUTUBE,7051,Exclusivity
14077,YOUTUBE,7055,Store_UX
14078,YOUTUBE,7064,Price
14079,YOUTUBE,7069,Bug_Complaint
14080,YOUTUBE,7070,Nostalgia
14081,YOUTUBE,7072,Price
14082,YOUTUBE,7100,Multiplayer
14083,YOUTUBE,7106,Performance
14084,YOUTUBE,7111,Store_UX
14085,YOUTUBE,7131,Exclusivity
14086,YOUTUBE,7138,Performance
14087,YOUTUBE,7139,Exclusivity
14088,YOUTUBE,7149,Bug_Complaint
14089,YOUTUBE,7152,Price
14090,YOUTUBE,7163,Exclusivity
14091,YOUTUBE,7164,Multiplayer
14092,YOUTUBE,7172,Multiplayer
14093,YOUTUBE,7174,Nostalgia
14094,YOUTUBE,7180,Multiplayer
14095,YOUTUBE,7182,Nostalgia
14096,YOUTUBE,7189,Bug_Complaint
14097,YOUTUBE,7191,Store_UX
14098,YOUTUBE,7202,Performance
14099,YOUTUBE,7207,Store_UX
14100,YOUTUBE,7222,Nostalgia
14101,YOUTUBE,7240,Price
14102,YOUTUBE,7244,Multiplayer
14103,YOUTUBE,7248,Price
14104,YOUTUBE,7261,Bug_Complaint
14105,YOUTUBE,7270,Nostalgia
14106,YOUTUBE,7271,Store_UX
14107,YOUTUBE,7272,Price
14108,YOUTUBE,7284,Multiplayer
14109,YOUTUBE,7291,Exclusivity
14110,YOUTUBE,7306,Performance
14111,YOUTUBE,7307,Exclusivity
14112,YOUTUBE,7308,Multiplayer
14113,YOUTUBE,7314,Performance
14114,YOUTUBE,7331,Exclusivity
14115,YOUTUBE,7341,Bug_Complaint
14116,YOUTUBE,7360,Price
14117,YOUTUBE,7372,Multiplayer
14118,YOUTUBE,7375,Store_UX
14119,YOUTUBE,7377,Hype
14120,YOUTUBE,7380,Multiplayer
14121,YOUTUBE,7381,Bug_Complaint
14122,YOUTUBE,7383,Store_UX
14123,YOUTUBE,7399,Store_UX
14124,YOUTUBE,7408,Price
14125,YOUTUBE,7413,Bug_Complaint
14126,YOUTUBE,7417,Hype
14127,YOUTUBE,7418,Performance
14128,YOUTUBE,7422,Nostalgia
14129,YOUTUBE,7427,Exclusivity
14130,YOUTUBE,7437,Bug_Complaint
14131,YOUTUBE,7454,Nostalgia
14132,YOUTUBE,7459,Exclusivity
14133,YOUTUBE,7465,Hype
14134,YOUTUBE,7472,Price
14135,YOUTUBE,7484,Multiplayer
14136,YOUTUBE,7495,Store_UX
14137,YOUTUBE,7496,Price
14138,YOUTUBE,7497,Hype
14139,YOUTUBE,7500,Multiplayer
14140,YOUTUBE,7505,Hype
14141,YOUTUBE,7507,Exclusivity
14142,YOUTUBE,7516,Multiplayer
14143,YOUTUBE,7526,Nostalgia
14144,YOUTUBE,7532,Multiplayer
14145,YOUTUBE,7543,Store_UX
14146,YOUTUBE,7548,Multiplayer
14147,YOUTUBE,7566,Nostalgia
14148,YOUTUBE,7567,Store_UX
14149,YOUTUBE,7583,Store_UX
14150,YOUTUBE,7597,Bug_Complaint
14151,YOUTUBE,7610,Performance
14152,YOUTUBE,7620,Multiplayer
14153,YOUTUBE,7621,Bug_Complaint
14154,YOUTUBE,7623,Store_UX
14155,YOUTUBE,7629,Bug_Complaint
14156,YOUTUBE,7630,Nostalgia
14157,YOUTUBE,7632,Price
14158,YOUTUBE,7647,Store_UX
14159,YOUTUBE,7654,Nostalgia
14160,YOUTUBE,7658,Performance
14161,YOUTUBE,7662,Nostalgia
14162,YOUTUBE,7673,Hype
14163,YOUTUBE,7674,Performance
14164,YOUTUBE,7675,Exclusivity
14165,YOUTUBE,7679,Store_UX
14166,REDDIT,2670,Price
14167,REDDIT,2688,Multiplayer
14168,REDDIT,2702,Exclusivity
14169,REDDIT,2709,Exclusivity
14170,REDDIT,2713,Price
14171,REDDIT,2733,Store_UX
14172,REDDIT,2735,Nostalgia
14173,REDDIT,2745,Bug_Complaint
14174,REDDIT,2758,Nostalgia
14175,REDDIT,2765,Price
14176,REDDIT,2766,Bug_Complaint
14177,REDDIT,2771,Price
14178,REDDIT,2778,Price
14179,REDDIT,2785,Store_UX
14180,REDDIT,2792,Bug_Complaint
14181,REDDIT,2802,Store_UX
14182,REDDIT,2803,Performance
14183,REDDIT,2805,Multiplayer
14184,REDDIT,2814,Nostalgia
14185,REDDIT,2852,Multiplayer
14186,REDDIT,2859,Exclusivity
14187,REDDIT,2881,Exclusivity
14188,REDDIT,2914,Bug_Complaint
14189,REDDIT,2917,Performance
14190,REDDIT,2930,Store_UX
14191,REDDIT,2933,Store_UX
14192,REDDIT,2948,Price
14193,REDDIT,2956,Multiplayer
14194,REDDIT,2959,Multiplayer
14195,REDDIT,2978,Hype
14196,REDDIT,2985,Multiplayer
14197,REDDIT,2996,Bug_Complaint
14198,REDDIT,3001,Exclusivity
14199,REDDIT,3009,Performance
14200,REDDIT,3032,Bug_Complaint
14201,REDDIT,3042,Price
14202,REDDIT,3044,Nostalgia
14203,REDDIT,3052,Store_UX
14204,REDDIT,3062,Hype
14205,REDDIT,3075,Performance
14206,REDDIT,3089,Multiplayer
14207,REDDIT,3092,Hype
14208,REDDIT,3095,Hype
14209,REDDIT,3106,Store_UX
14210,REDDIT,3107,Store_UX
14211,REDDIT,3115,Hype
14212,REDDIT,3118,Hype
14213,REDDIT,3135,Multiplayer
14214,REDDIT,3147,Exclusivity
14215,REDDIT,3150,Store_UX
14216,REDDIT,3151,Performance
14217,REDDIT,3154,Exclusivity
14218,REDDIT,3156,Performance
14219,REDDIT,3188,Multiplayer
14220,REDDIT,3191,Price
14221,REDDIT,3197,Nostalgia
14222,REDDIT,3198,Price
14223,REDDIT,3218,Store_UX
14224,REDDIT,3220,Store_UX
14225,REDDIT,3223,Multiplayer
14226,REDDIT,3232,Price
14227,REDDIT,3265,Store_UX
14228,REDDIT,3274,Performance
14229,REDDIT,3277,Bug_Complaint
14230,REDDIT,3289,Nostalgia
14231,REDDIT,3291,Hype
14232,REDDIT,3299,Price
14233,REDDIT,3301,Hype
14234,REDDIT,3310,Price
14235,REDDIT,3312,Multiplayer
14236,REDDIT,3315,Exclusivity
14237,REDDIT,3318,Store_UX
14238,YOUTUBE,12801,Hype
14239,YOUTUBE,12819,Exclusivity
14240,YOUTUBE,12828,Multiplayer
14241,YOUTUBE,12830,Nostalgia
14242,YOUTUBE,12842,Performance
14243,YOUTUBE,12849,Hype
14244,YOUTUBE,12852,Multiplayer
14245,YOUTUBE,12858,Performance
14246,YOUTUBE,12868,Multiplayer
14247,YOUTUBE,12872,Price
14248,YOUTUBE,12889,Hype
14249,YOUTUBE,12893,Bug_Complaint
14250,YOUTUBE,12897,Hype
14251,YOUTUBE,12906,Performance
14252,YOUTUBE,12912,Price
14253,YOUTUBE,12923,Exclusivity
14254,YOUTUBE,12926,Nostalgia
14255,YOUTUBE,12929,Hype
14256,YOUTUBE,12931,Exclusivity
14257,YOUTUBE,12934,Nostalgia
14258,YOUTUBE,12942,Nostalgia
14259,YOUTUBE,12944,Price
14260,YOUTUBE,12953,Hype
14261,YOUTUBE,12956,Multiplayer
14262,YOUTUBE,12968,Price
14263,YOUTUBE,12970,Performance
14264,YOUTUBE,12972,Multiplayer
14265,YOUTUBE,12974,Nostalgia
14266,YOUTUBE,12994,Performance
14267,YOUTUBE,12995,Exclusivity
14268,YOUTUBE,13006,Nostalgia
14269,YOUTUBE,13025,Hype
14270,YOUTUBE,13026,Performance
14271,YOUTUBE,13030,Nostalgia
14272,YOUTUBE,13031,Store_UX
14273,YOUTUBE,13036,Multiplayer
14274,YOUTUBE,13040,Price
14275,YOUTUBE,13044,Multiplayer
14276,YOUTUBE,13050,Performance
14277,YOUTUBE,13052,Multiplayer
14278,YOUTUBE,13071,Store_UX
14279,YOUTUBE,13076,Multiplayer
14280,YOUTUBE,13077,Bug_Complaint
14281,YOUTUBE,13081,Hype
14282,YOUTUBE,13085,Bug_Complaint
14283,YOUTUBE,13090,Performance
14284,YOUTUBE,13098,Performance
14285,YOUTUBE,13104,Price
14286,YOUTUBE,13109,Bug_Complaint
14287,YOUTUBE,13112,Price
14288,YOUTUBE,13115,Exclusivity
14289,YOUTUBE,13117,Bug_Complaint
14290,YOUTUBE,13129,Hype
14291,YOUTUBE,13137,Hype
14292,YOUTUBE,13140,Multiplayer
14293,YOUTUBE,13147,Exclusivity
14294,YOUTUBE,13148,Multiplayer
14295,YOUTUBE,13154,Performance
14296,YOUTUBE,13174,Nostalgia
14297,YOUTUBE,13175,Store_UX
14298,YOUTUBE,13179,Exclusivity
14299,YOUTUBE,13180,Multiplayer
14300,YOUTUBE,13208,Price
14301,YOUTUBE,13223,Store_UX
14302,YOUTUBE,13226,Performance
14303,YOUTUBE,13228,Multiplayer
14304,YOUTUBE,13229,Bug_Complaint
14305,YOUTUBE,13237,Bug_Complaint
14306,YOUTUBE,13259,Exclusivity
14307,YOUTUBE,13266,Performance
14308,YOUTUBE,13268,Multiplayer
14309,YOUTUBE,13285,Bug_Complaint
14310,YOUTUBE,13292,Multiplayer
14311,YOUTUBE,13314,Performance
14312,YOUTUBE,13336,Price
14313,YOUTUBE,13343,Store_UX
14314,YOUTUBE,13346,Performance
14315,YOUTUBE,13391,Store_UX
14316,YOUTUBE,13392,Price
14317,YOUTUBE,13406,Nostalgia
14318,YOUTUBE,13409,Hype
14319,YOUTUBE,13414,Nostalgia
14320,YOUTUBE,13424,Price
14321,YOUTUBE,13435,Exclusivity
14322,YOUTUBE,13439,Store_UX
14323,YOUTUBE,13442,Performance
14324,YOUTUBE,13471,Store_UX
14325,YOUTUBE,13472,Price
14326,YOUTUBE,13493,Bug_Complaint
14327,YOUTUBE,13497,Hype
14328,YOUTUBE,13510,Nostalgia
14329,YOUTUBE,13530,Performance
14330,YOUTUBE,13532,Multiplayer
14331,YOUTUBE,13545,Hype
14332,YOUTUBE,13553,Hype
14333,YOUTUBE,13554,Performance
14334,YOUTUBE,13555,Exclusivity
14335,YOUTUBE,13570,Performance
14336,YOUTUBE,13574,Nostalgia
14337,YOUTUBE,13577,Hype
14338,YOUTUBE,13579,Exclusivity
14339,YOUTUBE,13585,Hype
14340,YOUTUBE,13589,Bug_Complaint
14341,YOUTUBE,13595,Exclusivity
14342,YOUTUBE,13606,Nostalgia
14343,YOUTUBE,13612,Multiplayer
14344,YOUTUBE,13619,Exclusivity
14345,YOUTUBE,13640,Price
14346,YOUTUBE,13652,Multiplayer
14347,YOUTUBE,13656,Price
14348,YOUTUBE,13659,Exclusivity
14349,YOUTUBE,13670,Nostalgia
14350,YOUTUBE,13697,Hype
14351,YOUTUBE,13709,Bug_Complaint
14352,YOUTUBE,13716,Multiplayer
14353,YOUTUBE,13720,Price
14354,YOUTUBE,13729,Hype
14355,YOUTUBE,13732,Multiplayer
14356,YOUTUBE,13736,Price
14357,YOUTUBE,13740,Multiplayer
14358,YOUTUBE,13743,Store_UX
14359,YOUTUBE,13757,Bug_Complaint
14360,YOUTUBE,13759,Store_UX
14361,YOUTUBE,13762,Performance
14362,YOUTUBE,13764,Multiplayer
14363,YOUTUBE,13768,Price
14364,YOUTUBE,13772,Multiplayer
14365,YOUTUBE,13786,Performance
14366,YOUTUBE,13788,Multiplayer
14367,YOUTUBE,13789,Bug_Complaint
14368,YOUTUBE,13805,Bug_Complaint
14369,YOUTUBE,13814,Nostalgia
14370,YOUTUBE,13826,Performance
14371,YOUTUBE,13838,Nostalgia
14372,YOUTUBE,13845,Bug_Complaint
14373,YOUTUBE,13849,Hype
14374,YOUTUBE,13857,Hype
14375,YOUTUBE,13871,Store_UX
14376,YOUTUBE,13882,Performance
14377,YOUTUBE,13893,Bug_Complaint
14378,YOUTUBE,13898,Performance
14379,YOUTUBE,13910,Nostalgia
14380,YOUTUBE,13929,Hype
14381,YOUTUBE,13942,Nostalgia
14382,YOUTUBE,13948,Multiplayer
14383,YOUTUBE,13952,Price
14384,YOUTUBE,13965,Bug_Complaint
14385,YOUTUBE,13967,Store_UX
14386,YOUTUBE,13980,Multiplayer
14387,YOUTUBE,13983,Store_UX
14388,YOUTUBE,13991,Store_UX
14389,YOUTUBE,13993,Hype
14390,YOUTUBE,14006,Nostalgia
14391,YOUTUBE,14008,Price
14392,YOUTUBE,14010,Performance
14393,YOUTUBE,14014,Nostalgia
14394,YOUTUBE,14025,Hype
14395,YOUTUBE,14041,Hype
14396,YOUTUBE,14063,Store_UX
14397,YOUTUBE,14067,Exclusivity
14398,YOUTUBE,14072,Price
14399,YOUTUBE,14079,Store_UX
14400,YOUTUBE,14084,Multiplayer
14401,YOUTUBE,14087,Store_UX
14402,YOUTUBE,14089,Hype
14403,YOUTUBE,14097,Hype
14404,YOUTUBE,14112,Price
14405,YOUTUBE,14113,Hype
14406,YOUTUBE,14117,Bug_Complaint
14407,YOUTUBE,14120,Price
14408,YOUTUBE,14131,Exclusivity
14409,YOUTUBE,14137,Hype
14410,YOUTUBE,14155,Exclusivity
14411,YOUTUBE,14168,Price
14412,YOUTUBE,14170,Performance
14413,YOUTUBE,14182,Nostalgia
14414,YOUTUBE,14183,Store_UX
14415,YOUTUBE,14186,Performance
14416,YOUTUBE,14192,Price
14417,YOUTUBE,14208,Price
14418,YOUTUBE,14215,Store_UX
14419,YOUTUBE,14219,Exclusivity
14420,YOUTUBE,14235,Exclusivity
14421,YOUTUBE,14248,Price
14422,YOUTUBE,14252,Multiplayer
14423,YOUTUBE,14272,Price
14424,YOUTUBE,14291,Exclusivity
14425,YOUTUBE,14325,Bug_Complaint
14426,YOUTUBE,14326,Nostalgia
14427,YOUTUBE,14330,Performance
14428,YOUTUBE,14347,Exclusivity
14429,YOUTUBE,14349,Bug_Complaint
14430,YOUTUBE,14359,Store_UX
14431,YOUTUBE,14362,Performance
14432,YOUTUBE,14364,Multiplayer
14433,YOUTUBE,14399,Store_UX
14434,YOUTUBE,14409,Hype
14435,YOUTUBE,14414,Nostalgia
14436,YOUTUBE,14422,Nostalgia
14437,YOUTUBE,14428,Multiplayer
14438,YOUTUBE,14440,Price
14439,YOUTUBE,14441,Hype
14440,YOUTUBE,14442,Performance
14441,YOUTUBE,14447,Store_UX
14442,YOUTUBE,14448,Price
14443,YOUTUBE,14467,Exclusivity
14444,YOUTUBE,14488,Price
14445,YOUTUBE,14489,Hype
14446,YOUTUBE,14513,Hype
14447,YOUTUBE,14514,Performance
14448,YOUTUBE,14534,Nostalgia
14449,YOUTUBE,14535,Store_UX
14450,YOUTUBE,14537,Hype
14451,YOUTUBE,14547,Exclusivity
14452,YOUTUBE,14581,Bug_Complaint
14453,YOUTUBE,14585,Hype
14454,YOUTUBE,14589,Bug_Complaint
14455,YOUTUBE,14617,Hype
14456,YOUTUBE,14619,Exclusivity
14457,YOUTUBE,14627,Exclusivity
14458,YOUTUBE,14628,Multiplayer
14459,YOUTUBE,14640,Price
14460,YOUTUBE,14660,Multiplayer
14461,YOUTUBE,14665,Hype
14462,YOUTUBE,14669,Bug_Complaint
14463,YOUTUBE,14670,Nostalgia
14464,YOUTUBE,14680,Price
14465,YOUTUBE,14684,Multiplayer
14466,YOUTUBE,14698,Performance
14467,YOUTUBE,14700,Multiplayer
14468,YOUTUBE,14714,Performance
14469,YOUTUBE,14728,Price
14470,YOUTUBE,14730,Performance
14471,YOUTUBE,14734,Nostalgia
14472,YOUTUBE,14743,Store_UX
14473,YOUTUBE,14748,Multiplayer
14474,YOUTUBE,14749,Bug_Complaint
14475,YOUTUBE,14751,Store_UX
14476,YOUTUBE,14779,Exclusivity
14477,YOUTUBE,14785,Hype
14478,YOUTUBE,14790,Nostalgia
14479,YOUTUBE,14810,Performance
14480,YOUTUBE,14817,Hype
14481,YOUTUBE,14818,Performance
14482,YOUTUBE,14828,Multiplayer
14483,YOUTUBE,14831,Store_UX
14484,YOUTUBE,14842,Performance
14485,YOUTUBE,14843,Exclusivity
14486,YOUTUBE,14851,Exclusivity
14487,YOUTUBE,14853,Bug_Complaint
14488,YOUTUBE,14859,Exclusivity
14489,YOUTUBE,14861,Bug_Complaint
14490,YOUTUBE,14868,Multiplayer
14491,YOUTUBE,14870,Nostalgia
14492,YOUTUBE,14881,Hype
14493,YOUTUBE,14886,Nostalgia
14494,YOUTUBE,14901,Bug_Complaint
14495,YOUTUBE,14919,Store_UX
14496,YOUTUBE,14923,Exclusivity
14497,YOUTUBE,14927,Store_UX
14498,YOUTUBE,14940,Multiplayer
14499,YOUTUBE,14949,Bug_Complaint
14500,YOUTUBE,14950,Nostalgia
14501,YOUTUBE,14951,Store_UX
14502,YOUTUBE,14963,Exclusivity
14503,YOUTUBE,14970,Performance
14504,YOUTUBE,14985,Hype
14505,YOUTUBE,14986,Performance
14506,YOUTUBE,14987,Exclusivity
14507,YOUTUBE,14993,Hype
14508,YOUTUBE,15010,Performance
14509,YOUTUBE,15020,Multiplayer
14510,YOUTUBE,15039,Store_UX
14511,YOUTUBE,15051,Exclusivity
14512,YOUTUBE,15054,Nostalgia
14513,YOUTUBE,15056,Price
14514,YOUTUBE,15059,Exclusivity
14515,YOUTUBE,15060,Multiplayer
14516,YOUTUBE,15062,Nostalgia
14517,YOUTUBE,15078,Nostalgia
14518,YOUTUBE,15087,Store_UX
14519,YOUTUBE,15092,Multiplayer
14520,YOUTUBE,15096,Price
14521,YOUTUBE,15097,Hype
14522,YOUTUBE,15101,Bug_Complaint
14523,YOUTUBE,15106,Performance
14524,YOUTUBE,15116,Multiplayer
14525,YOUTUBE,15133,Bug_Complaint
14526,YOUTUBE,15138,Performance
14527,YOUTUBE,15144,Price
14528,YOUTUBE,15151,Store_UX
14529,YOUTUBE,15163,Exclusivity
14530,YOUTUBE,15174,Nostalgia
14531,YOUTUBE,15175,Store_UX
14532,YOUTUBE,15176,Price
14533,YOUTUBE,15179,Exclusivity
14534,YOUTUBE,15184,Price
14535,YOUTUBE,15186,Performance
14536,YOUTUBE,15195,Exclusivity
14537,YOUTUBE,15205,Bug_Complaint
14538,YOUTUBE,15211,Exclusivity
14539,YOUTUBE,15222,Nostalgia
14540,YOUTUBE,15227,Exclusivity
14541,YOUTUBE,15245,Bug_Complaint
14542,YOUTUBE,15246,Nostalgia
14543,YOUTUBE,15262,Nostalgia
14544,YOUTUBE,15276,Multiplayer
14545,YOUTUBE,15289,Hype
14546,YOUTUBE,15299,Exclusivity
14547,YOUTUBE,15300,Multiplayer
14548,YOUTUBE,15302,Nostalgia
14549,YOUTUBE,15308,Multiplayer
14550,YOUTUBE,15309,Bug_Complaint
14551,YOUTUBE,15311,Store_UX
14552,YOUTUBE,15326,Nostalgia
14553,YOUTUBE,15333,Bug_Complaint
14554,YOUTUBE,15337,Hype
14555,YOUTUBE,15341,Bug_Complaint
14556,YOUTUBE,15352,Price
14557,YOUTUBE,15353,Hype
14558,YOUTUBE,15354,Performance
14559,YOUTUBE,15358,Nostalgia
14560,YOUTUBE,7682,Performance
14561,YOUTUBE,7705,Hype
14562,YOUTUBE,7724,Multiplayer
14563,YOUTUBE,7727,Store_UX
14564,YOUTUBE,7728,Price
14565,YOUTUBE,7736,Price
14566,YOUTUBE,7749,Bug_Complaint
14567,YOUTUBE,7757,Bug_Complaint
14568,YOUTUBE,7762,Performance
14569,YOUTUBE,7771,Exclusivity
14570,YOUTUBE,7801,Hype
14571,YOUTUBE,7826,Performance
14572,YOUTUBE,7865,Hype
14573,YOUTUBE,7868,Multiplayer
14574,YOUTUBE,7871,Store_UX
14575,YOUTUBE,7879,Store_UX
14576,YOUTUBE,7906,Performance
14577,YOUTUBE,7914,Performance
14578,YOUTUBE,7924,Multiplayer
14579,YOUTUBE,7934,Nostalgia
14580,YOUTUBE,7935,Store_UX
14581,YOUTUBE,7936,Price
14582,YOUTUBE,7954,Performance
14583,YOUTUBE,7956,Multiplayer
14584,YOUTUBE,7957,Bug_Complaint
14585,YOUTUBE,7975,Store_UX
14586,YOUTUBE,7985,Hype
14587,YOUTUBE,7986,Performance
14588,YOUTUBE,7999,Store_UX
14589,YOUTUBE,8009,Hype
14590,YOUTUBE,8025,Hype
14591,YOUTUBE,8035,Exclusivity
14592,YOUTUBE,8047,Store_UX
14593,YOUTUBE,8062,Nostalgia
14594,YOUTUBE,8075,Exclusivity
14595,YOUTUBE,8098,Performance
14596,YOUTUBE,8108,Multiplayer
14597,YOUTUBE,8111,Store_UX
14598,YOUTUBE,8146,Performance
14599,YOUTUBE,8149,Bug_Complaint
14600,YOUTUBE,8153,Hype
14601,YOUTUBE,8156,Multiplayer
14602,YOUTUBE,8166,Nostalgia
14603,YOUTUBE,8183,Store_UX
14604,YOUTUBE,8187,Exclusivity
14605,YOUTUBE,8196,Multiplayer
14606,YOUTUBE,8226,Performance
14607,YOUTUBE,8239,Store_UX
14608,YOUTUBE,8256,Price
14609,YOUTUBE,8258,Performance
14610,YOUTUBE,8263,Store_UX
14611,YOUTUBE,8269,Bug_Complaint
14612,YOUTUBE,8279,Store_UX
14613,YOUTUBE,8289,Hype
14614,YOUTUBE,8297,Hype
14615,YOUTUBE,8305,Hype
14616,YOUTUBE,8309,Bug_Complaint
14617,YOUTUBE,8329,Hype
14618,YOUTUBE,8340,Multiplayer
14619,YOUTUBE,8349,Bug_Complaint
14620,YOUTUBE,8351,Store_UX
14621,YOUTUBE,8352,Price
14622,YOUTUBE,8378,Performance
14623,YOUTUBE,8385,Hype
14624,YOUTUBE,8387,Exclusivity
14625,YOUTUBE,8388,Multiplayer
14626,YOUTUBE,8396,Multiplayer
14627,YOUTUBE,8404,Multiplayer
14628,YOUTUBE,8408,Price
14629,YOUTUBE,8414,Nostalgia
14630,YOUTUBE,8418,Performance
14631,YOUTUBE,8441,Hype
14632,YOUTUBE,8444,Multiplayer
14633,YOUTUBE,8459,Exclusivity
14634,YOUTUBE,8465,Hype
14635,YOUTUBE,8466,Performance
14636,YOUTUBE,8474,Performance
14637,YOUTUBE,8478,Nostalgia
14638,YOUTUBE,8497,Hype
14639,YOUTUBE,8501,Bug_Complaint
14640,YOUTUBE,8505,Hype
14641,YOUTUBE,8506,Performance
14642,YOUTUBE,8525,Bug_Complaint
14643,YOUTUBE,8527,Store_UX
14644,YOUTUBE,8528,Price
14645,YOUTUBE,8529,Hype
14646,YOUTUBE,8551,Store_UX
14647,YOUTUBE,8553,Hype
14648,YOUTUBE,8562,Performance
14649,YOUTUBE,8566,Nostalgia
14650,YOUTUBE,8568,Price
14651,YOUTUBE,8587,Exclusivity
14652,YOUTUBE,8589,Bug_Complaint
14653,YOUTUBE,8601,Hype
14654,YOUTUBE,8605,Bug_Complaint
14655,YOUTUBE,8612,Multiplayer
14656,YOUTUBE,8617,Hype
14657,YOUTUBE,8621,Bug_Complaint
14658,YOUTUBE,8660,Multiplayer
14659,YOUTUBE,8666,Performance
14660,YOUTUBE,8667,Exclusivity
14661,YOUTUBE,8673,Hype
14662,YOUTUBE,8677,Bug_Complaint
14663,YOUTUBE,8682,Performance
14664,YOUTUBE,8692,Multiplayer
14665,YOUTUBE,8694,Nostalgia
14666,YOUTUBE,8698,Performance
14667,YOUTUBE,8700,Multiplayer
14668,YOUTUBE,8701,Bug_Complaint
14669,YOUTUBE,8711,Store_UX
14670,YOUTUBE,8714,Performance
14671,YOUTUBE,8716,Multiplayer
14672,YOUTUBE,8722,Performance
14673,YOUTUBE,8725,Bug_Complaint
14674,YOUTUBE,8739,Exclusivity
14675,YOUTUBE,8745,Hype
14676,YOUTUBE,8755,Exclusivity
14677,YOUTUBE,8761,Hype
14678,YOUTUBE,8765,Bug_Complaint
14679,YOUTUBE,8769,Hype
14680,YOUTUBE,8784,Price
14681,YOUTUBE,8789,Bug_Complaint
14682,YOUTUBE,8803,Exclusivity
14683,YOUTUBE,8810,Performance
14684,YOUTUBE,8819,Exclusivity
14685,YOUTUBE,8823,Store_UX
14686,YOUTUBE,8826,Performance
14687,YOUTUBE,8833,Hype
14688,YOUTUBE,8840,Price
14689,YOUTUBE,8861,Bug_Complaint
14690,YOUTUBE,8868,Multiplayer
14691,YOUTUBE,8872,Price
14692,YOUTUBE,8884,Multiplayer
14693,YOUTUBE,8896,Price
14694,YOUTUBE,8901,Bug_Complaint
14695,YOUTUBE,8904,Price
14696,YOUTUBE,8924,Multiplayer
14697,YOUTUBE,8936,Price
14698,YOUTUBE,8937,Hype
14699,YOUTUBE,8943,Store_UX
14700,YOUTUBE,8945,Hype
14701,YOUTUBE,8957,Bug_Complaint
14702,YOUTUBE,8965,Bug_Complaint
14703,YOUTUBE,8967,Store_UX
14704,YOUTUBE,8974,Nostalgia
14705,YOUTUBE,8984,Price
14706,YOUTUBE,8987,Exclusivity
14707,YOUTUBE,8992,Price
14708,YOUTUBE,9005,Bug_Complaint
14709,YOUTUBE,9022,Nostalgia
14710,YOUTUBE,9028,Multiplayer
14711,YOUTUBE,9047,Store_UX
14712,YOUTUBE,9051,Exclusivity
14713,YOUTUBE,9054,Nostalgia
14714,YOUTUBE,9066,Performance
14715,YOUTUBE,9071,Store_UX
14716,YOUTUBE,9072,Price
14717,YOUTUBE,9073,Hype
14718,YOUTUBE,9080,Price
14719,YOUTUBE,9089,Hype
14720,YOUTUBE,9091,Exclusivity
14721,YOUTUBE,9101,Bug_Complaint
14722,YOUTUBE,9103,Store_UX
14723,YOUTUBE,9113,Hype
14724,YOUTUBE,9114,Performance
14725,YOUTUBE,9122,Performance
14726,YOUTUBE,9125,Bug_Complaint
14727,YOUTUBE,9126,Nostalgia
14728,YOUTUBE,9128,Price
14729,YOUTUBE,9131,Exclusivity
14730,YOUTUBE,9132,Multiplayer
14731,YOUTUBE,9136,Price
14732,YOUTUBE,9143,Store_UX
14733,YOUTUBE,9145,Hype
14734,YOUTUBE,9149,Bug_Complaint
14735,YOUTUBE,9159,Store_UX
14736,YOUTUBE,9165,Bug_Complaint
14737,YOUTUBE,9181,Bug_Complaint
14738,YOUTUBE,9191,Store_UX
14739,YOUTUBE,9195,Exclusivity
14740,YOUTUBE,9197,Bug_Complaint
14741,YOUTUBE,9199,Store_UX
14742,YOUTUBE,9204,Multiplayer
14743,YOUTUBE,9205,Bug_Complaint
14744,YOUTUBE,9218,Performance
14745,YOUTUBE,9226,Performance
14746,YOUTUBE,9229,Bug_Complaint
14747,YOUTUBE,9231,Store_UX
14748,YOUTUBE,9239,Store_UX
14749,YOUTUBE,9240,Price
14750,YOUTUBE,9248,Price
14751,YOUTUBE,9256,Price
14752,YOUTUBE,9263,Store_UX
14753,YOUTUBE,9271,Store_UX
14754,YOUTUBE,9286,Nostalgia
14755,YOUTUBE,9288,Price
14756,YOUTUBE,9290,Performance
14757,YOUTUBE,9292,Multiplayer
14758,YOUTUBE,9296,Price
14759,YOUTUBE,9299,Exclusivity
14760,YOUTUBE,9304,Price
14761,YOUTUBE,9310,Nostalgia
14762,YOUTUBE,9322,Performance
14763,YOUTUBE,9324,Multiplayer
14764,YOUTUBE,9325,Bug_Complaint
14765,YOUTUBE,9329,Hype
14766,YOUTUBE,9349,Bug_Complaint
14767,YOUTUBE,9379,Exclusivity
14768,YOUTUBE,9395,Exclusivity
14769,YOUTUBE,9409,Hype
14770,YOUTUBE,9415,Store_UX
14771,YOUTUBE,9428,Multiplayer
14772,YOUTUBE,9429,Bug_Complaint
14773,YOUTUBE,9444,Multiplayer
14774,YOUTUBE,9446,Nostalgia
14775,YOUTUBE,9455,Store_UX
14776,YOUTUBE,9464,Price
14777,YOUTUBE,9477,Bug_Complaint
14778,YOUTUBE,9498,Performance
14779,YOUTUBE,9508,Multiplayer
14780,YOUTUBE,9509,Bug_Complaint
14781,YOUTUBE,9510,Nostalgia
14782,YOUTUBE,9511,Store_UX
14783,YOUTUBE,9534,Nostalgia
14784,YOUTUBE,9537,Hype
14785,YOUTUBE,9538,Performance
14786,YOUTUBE,9545,Hype
14787,YOUTUBE,9571,Exclusivity
14788,YOUTUBE,9579,Exclusivity
14789,YOUTUBE,9580,Multiplayer
14790,YOUTUBE,9587,Exclusivity
14791,YOUTUBE,9597,Bug_Complaint
14792,YOUTUBE,9614,Nostalgia
14793,YOUTUBE,9631,Store_UX
14794,YOUTUBE,9633,Hype
14795,YOUTUBE,9634,Performance
14796,YOUTUBE,9643,Exclusivity
14797,YOUTUBE,9648,Price
14798,YOUTUBE,9657,Hype
14799,YOUTUBE,9668,Multiplayer
14800,YOUTUBE,9689,Hype
14801,YOUTUBE,9692,Multiplayer
14802,YOUTUBE,9713,Hype
14803,YOUTUBE,9714,Performance
14804,YOUTUBE,9715,Exclusivity
14805,YOUTUBE,9718,Nostalgia
14806,YOUTUBE,9724,Multiplayer
14807,YOUTUBE,9743,Store_UX
14808,YOUTUBE,9747,Exclusivity
14809,YOUTUBE,9758,Nostalgia
14810,YOUTUBE,9777,Hype
14811,YOUTUBE,9782,Nostalgia
14812,YOUTUBE,9784,Price
14813,YOUTUBE,9785,Hype
14814,YOUTUBE,9787,Exclusivity
14815,YOUTUBE,9791,Store_UX
14816,YOUTUBE,9799,Store_UX
14817,YOUTUBE,9801,Hype
14818,YOUTUBE,9814,Nostalgia
14819,YOUTUBE,9818,Performance
14820,YOUTUBE,9826,Performance
14821,YOUTUBE,9834,Performance
14822,YOUTUBE,9836,Multiplayer
14823,YOUTUBE,9838,Nostalgia
14824,YOUTUBE,9872,Price
14825,YOUTUBE,9877,Bug_Complaint
14826,YOUTUBE,9895,Store_UX
14827,YOUTUBE,9896,Price
14828,YOUTUBE,9914,Performance
14829,YOUTUBE,9937,Hype
14830,YOUTUBE,9952,Price
14831,YOUTUBE,9953,Hype
14832,YOUTUBE,9957,Bug_Complaint
14833,YOUTUBE,9974,Nostalgia
14834,YOUTUBE,9978,Performance
14835,YOUTUBE,9983,Store_UX
14836,YOUTUBE,9986,Performance
14837,YOUTUBE,9991,Store_UX
14838,YOUTUBE,10000,Price
14839,YOUTUBE,10008,Price
14840,YOUTUBE,10016,Price
14841,YOUTUBE,10026,Performance
14842,YOUTUBE,10031,Store_UX
14843,YOUTUBE,10034,Performance
14844,YOUTUBE,10047,Store_UX
14845,YOUTUBE,10068,Multiplayer
14846,YOUTUBE,10069,Bug_Complaint
14847,YOUTUBE,10084,Multiplayer
14848,YOUTUBE,10085,Bug_Complaint
14849,YOUTUBE,10086,Nostalgia
14850,YOUTUBE,10090,Performance
14851,YOUTUBE,10092,Multiplayer
14852,YOUTUBE,10098,Performance
14853,YOUTUBE,10103,Store_UX
14854,YOUTUBE,10108,Multiplayer
14855,YOUTUBE,10111,Store_UX
14856,YOUTUBE,10112,Price
14857,YOUTUBE,10117,Bug_Complaint
14858,YOUTUBE,10119,Store_UX
14859,YOUTUBE,10122,Performance
14860,YOUTUBE,10129,Hype
14861,YOUTUBE,10141,Bug_Complaint
14862,YOUTUBE,10152,Price
14863,YOUTUBE,10158,Nostalgia
14864,YOUTUBE,10160,Price
14865,YOUTUBE,10192,Price
14866,YOUTUBE,10193,Hype
14867,YOUTUBE,10196,Multiplayer
14868,YOUTUBE,10198,Nostalgia
14869,YOUTUBE,10213,Bug_Complaint
14870,YOUTUBE,10214,Nostalgia
14871,YOUTUBE,10223,Store_UX
14872,YOUTUBE,10225,Hype
14873,YOUTUBE,10227,Exclusivity
14874,YOUTUBE,10230,Nostalgia
14875,YOUTUBE,10234,Performance
14876,YOUTUBE,10239,Store_UX
14877,REDDIT,675,Nostalgia
14878,REDDIT,693,Exclusivity
14879,REDDIT,707,Multiplayer
14880,REDDIT,714,Multiplayer
14881,REDDIT,718,Bug_Complaint
14882,REDDIT,738,Multiplayer
14883,REDDIT,740,Bug_Complaint
14884,REDDIT,750,Store_UX
14885,REDDIT,763,Bug_Complaint
14886,REDDIT,770,Nostalgia
14887,REDDIT,771,Bug_Complaint
14888,REDDIT,776,Performance
14889,REDDIT,783,Store_UX
14890,REDDIT,790,Store_UX
14891,REDDIT,797,Price
14892,REDDIT,807,Price
14893,REDDIT,808,Price
14894,REDDIT,810,Exclusivity
14895,REDDIT,819,Price
14896,REDDIT,857,Store_UX
14897,REDDIT,864,Store_UX
14898,REDDIT,886,Price
14899,REDDIT,919,Store_UX
14900,REDDIT,922,Hype
14901,REDDIT,935,Store_UX
14902,REDDIT,938,Bug_Complaint
14903,REDDIT,953,Multiplayer
14904,REDDIT,961,Bug_Complaint
14905,REDDIT,964,Multiplayer
14906,REDDIT,983,Price
14907,REDDIT,990,Multiplayer
14908,REDDIT,1001,Bug_Complaint
14909,REDDIT,1006,Store_UX
14910,REDDIT,1014,Multiplayer
14911,REDDIT,1037,Hype
14912,REDDIT,1047,Bug_Complaint
14913,REDDIT,1049,Hype
14914,REDDIT,1057,Performance
14915,REDDIT,1067,Multiplayer
14916,REDDIT,1080,Hype
14917,REDDIT,1094,Price
14918,REDDIT,1097,Hype
14919,REDDIT,1100,Exclusivity
14920,REDDIT,1111,Performance
14921,REDDIT,1112,Price
14922,REDDIT,1120,Price
14923,REDDIT,1123,Price
14924,REDDIT,1140,Performance
14925,REDDIT,1152,Price
14926,REDDIT,1155,Multiplayer
14927,REDDIT,1156,Bug_Complaint
14928,REDDIT,1159,Store_UX
14929,REDDIT,1161,Bug_Complaint
14930,REDDIT,1193,Multiplayer
14931,REDDIT,1196,Store_UX
14932,REDDIT,1202,Performance
14933,REDDIT,1203,Multiplayer
14934,REDDIT,1223,Hype
14935,REDDIT,1225,Price
14936,REDDIT,1228,Hype
14937,REDDIT,1237,Performance
14938,REDDIT,1270,Multiplayer
14939,REDDIT,1279,Store_UX
14940,REDDIT,1282,Hype
14941,REDDIT,1294,Nostalgia
14942,REDDIT,1296,Exclusivity
14943,REDDIT,1304,Nostalgia
14944,REDDIT,1306,Hype
14945,REDDIT,1315,Performance
14946,REDDIT,1317,Hype
14947,REDDIT,1320,Price
14948,REDDIT,1323,Bug_Complaint
14949,YOUTUBE,17921,Hype
14950,YOUTUBE,17939,Exclusivity
14951,YOUTUBE,17948,Multiplayer
14952,YOUTUBE,17950,Nostalgia
14953,YOUTUBE,17962,Performance
14954,YOUTUBE,17969,Hype
14955,YOUTUBE,17972,Multiplayer
14956,YOUTUBE,17978,Performance
14957,YOUTUBE,17988,Multiplayer
14958,YOUTUBE,17992,Price
14959,YOUTUBE,18009,Hype
14960,YOUTUBE,18013,Bug_Complaint
14961,YOUTUBE,18017,Hype
14962,YOUTUBE,18026,Performance
14963,YOUTUBE,18032,Price
14964,YOUTUBE,18043,Exclusivity
14965,YOUTUBE,18046,Nostalgia
14966,YOUTUBE,18049,Hype
14967,YOUTUBE,18051,Exclusivity
14968,YOUTUBE,18054,Nostalgia
14969,YOUTUBE,18062,Nostalgia
14970,YOUTUBE,18064,Price
14971,YOUTUBE,18073,Hype
14972,YOUTUBE,18076,Multiplayer
14973,YOUTUBE,18088,Price
14974,YOUTUBE,18090,Performance
14975,YOUTUBE,18092,Multiplayer
14976,YOUTUBE,18094,Nostalgia
14977,YOUTUBE,18114,Performance
14978,YOUTUBE,18115,Exclusivity
14979,YOUTUBE,18126,Nostalgia
14980,YOUTUBE,18145,Hype
14981,YOUTUBE,18146,Performance
14982,YOUTUBE,18150,Nostalgia
14983,YOUTUBE,18151,Store_UX
14984,YOUTUBE,18156,Multiplayer
14985,YOUTUBE,18160,Price
14986,YOUTUBE,18164,Multiplayer
14987,YOUTUBE,18170,Performance
14988,YOUTUBE,18172,Multiplayer
14989,YOUTUBE,18191,Store_UX
14990,YOUTUBE,18196,Multiplayer
14991,YOUTUBE,18197,Bug_Complaint
14992,YOUTUBE,18201,Hype
14993,YOUTUBE,18205,Bug_Complaint
14994,YOUTUBE,18210,Performance
14995,YOUTUBE,18218,Performance
14996,YOUTUBE,18224,Price
14997,YOUTUBE,18229,Bug_Complaint
14998,YOUTUBE,18232,Price
14999,YOUTUBE,18235,Exclusivity
15000,YOUTUBE,18237,Bug_Complaint
15001,YOUTUBE,18249,Hype
15002,YOUTUBE,18257,Hype
15003,YOUTUBE,18260,Multiplayer
15004,YOUTUBE,18267,Exclusivity
15005,YOUTUBE,18268,Multiplayer
15006,YOUTUBE,18274,Performance
15007,YOUTUBE,18294,Nostalgia
15008,YOUTUBE,18295,Store_UX
15009,YOUTUBE,18299,Exclusivity
15010,YOUTUBE,18300,Multiplayer
15011,YOUTUBE,18328,Price
15012,YOUTUBE,18343,Store_UX
15013,YOUTUBE,18346,Performance
15014,YOUTUBE,18348,Multiplayer
15015,YOUTUBE,18349,Bug_Complaint
15016,YOUTUBE,18357,Bug_Complaint
15017,YOUTUBE,18379,Exclusivity
15018,YOUTUBE,18386,Performance
15019,YOUTUBE,18388,Multiplayer
15020,YOUTUBE,18405,Bug_Complaint
15021,YOUTUBE,18412,Multiplayer
15022,YOUTUBE,18434,Performance
15023,YOUTUBE,18456,Price
15024,YOUTUBE,18463,Store_UX
15025,YOUTUBE,18466,Performance
15026,YOUTUBE,18511,Store_UX
15027,YOUTUBE,18512,Price
15028,YOUTUBE,18526,Nostalgia
15029,YOUTUBE,18529,Hype
15030,YOUTUBE,18534,Nostalgia
15031,YOUTUBE,18544,Price
15032,YOUTUBE,18555,Exclusivity
15033,YOUTUBE,18559,Store_UX
15034,YOUTUBE,18562,Performance
15035,YOUTUBE,18591,Store_UX
15036,YOUTUBE,18592,Price
15037,YOUTUBE,18613,Bug_Complaint
15038,YOUTUBE,18617,Hype
15039,YOUTUBE,18630,Nostalgia
15040,YOUTUBE,18650,Performance
15041,YOUTUBE,18652,Multiplayer
15042,YOUTUBE,18665,Hype
15043,YOUTUBE,18673,Hype
15044,YOUTUBE,18674,Performance
15045,YOUTUBE,18675,Exclusivity
15046,YOUTUBE,18690,Performance
15047,YOUTUBE,18694,Nostalgia
15048,YOUTUBE,18697,Hype
15049,YOUTUBE,18699,Exclusivity
15050,YOUTUBE,18705,Hype
15051,YOUTUBE,18709,Bug_Complaint
15052,YOUTUBE,18715,Exclusivity
15053,YOUTUBE,18726,Nostalgia
15054,YOUTUBE,18732,Multiplayer
15055,YOUTUBE,18739,Exclusivity
15056,YOUTUBE,18760,Price
15057,YOUTUBE,18772,Multiplayer
15058,YOUTUBE,18776,Price
15059,YOUTUBE,18779,Exclusivity
15060,YOUTUBE,18790,Nostalgia
15061,YOUTUBE,18817,Hype
15062,YOUTUBE,18829,Bug_Complaint
15063,YOUTUBE,18836,Multiplayer
15064,YOUTUBE,18840,Price
15065,YOUTUBE,18849,Hype
15066,YOUTUBE,18852,Multiplayer
15067,YOUTUBE,18856,Price
15068,YOUTUBE,18860,Multiplayer
15069,YOUTUBE,18863,Store_UX
15070,YOUTUBE,18877,Bug_Complaint
15071,YOUTUBE,18879,Store_UX
15072,YOUTUBE,18882,Performance
15073,YOUTUBE,18884,Multiplayer
15074,YOUTUBE,18888,Price
15075,YOUTUBE,18892,Multiplayer
15076,YOUTUBE,18906,Performance
15077,YOUTUBE,18908,Multiplayer
15078,YOUTUBE,18909,Bug_Complaint
15079,YOUTUBE,18925,Bug_Complaint
15080,YOUTUBE,18934,Nostalgia
15081,YOUTUBE,18946,Performance
15082,YOUTUBE,18958,Nostalgia
15083,YOUTUBE,18965,Bug_Complaint
15084,YOUTUBE,18969,Hype
15085,YOUTUBE,18977,Hype
15086,YOUTUBE,18991,Store_UX
15087,YOUTUBE,19002,Performance
15088,YOUTUBE,19013,Bug_Complaint
15089,YOUTUBE,19018,Performance
15090,YOUTUBE,19030,Nostalgia
15091,YOUTUBE,19049,Hype
15092,YOUTUBE,19062,Nostalgia
15093,YOUTUBE,19068,Multiplayer
15094,YOUTUBE,19072,Price
15095,YOUTUBE,19085,Bug_Complaint
15096,YOUTUBE,19087,Store_UX
15097,YOUTUBE,19100,Multiplayer
15098,YOUTUBE,19103,Store_UX
15099,YOUTUBE,19111,Store_UX
15100,YOUTUBE,19113,Hype
15101,YOUTUBE,19126,Nostalgia
15102,YOUTUBE,19128,Price
15103,YOUTUBE,19130,Performance
15104,YOUTUBE,19134,Nostalgia
15105,YOUTUBE,19145,Hype
15106,YOUTUBE,19161,Hype
15107,YOUTUBE,19183,Store_UX
15108,YOUTUBE,19187,Exclusivity
15109,YOUTUBE,19192,Price
15110,YOUTUBE,19199,Store_UX
15111,YOUTUBE,19204,Multiplayer
15112,YOUTUBE,19207,Store_UX
15113,YOUTUBE,19209,Hype
15114,YOUTUBE,19217,Hype
15115,YOUTUBE,19232,Price
15116,YOUTUBE,19233,Hype
15117,YOUTUBE,19237,Bug_Complaint
15118,YOUTUBE,19240,Price
15119,YOUTUBE,19251,Exclusivity
15120,YOUTUBE,19257,Hype
15121,YOUTUBE,19275,Exclusivity
15122,YOUTUBE,19288,Price
15123,YOUTUBE,19290,Performance
15124,YOUTUBE,19302,Nostalgia
15125,YOUTUBE,19303,Store_UX
15126,YOUTUBE,19306,Performance
15127,YOUTUBE,19312,Price
15128,YOUTUBE,19328,Price
15129,YOUTUBE,19335,Store_UX
15130,YOUTUBE,19339,Exclusivity
15131,YOUTUBE,19355,Exclusivity
15132,YOUTUBE,19368,Price
15133,YOUTUBE,19372,Multiplayer
15134,YOUTUBE,19392,Price
15135,YOUTUBE,19411,Exclusivity
15136,YOUTUBE,19445,Bug_Complaint
15137,YOUTUBE,19446,Nostalgia
15138,YOUTUBE,19450,Performance
15139,YOUTUBE,19467,Exclusivity
15140,YOUTUBE,19469,Bug_Complaint
15141,YOUTUBE,19479,Store_UX
15142,YOUTUBE,19482,Performance
15143,YOUTUBE,19484,Multiplayer
15144,YOUTUBE,19519,Store_UX
15145,YOUTUBE,19529,Hype
15146,YOUTUBE,19534,Nostalgia
15147,YOUTUBE,19542,Nostalgia
15148,YOUTUBE,19548,Multiplayer
15149,YOUTUBE,19560,Price
15150,YOUTUBE,19561,Hype
15151,YOUTUBE,19562,Performance
15152,YOUTUBE,19567,Store_UX
15153,YOUTUBE,19568,Price
15154,YOUTUBE,19587,Exclusivity
15155,YOUTUBE,19608,Price
15156,YOUTUBE,19609,Hype
15157,YOUTUBE,19633,Hype
15158,YOUTUBE,19634,Performance
15159,YOUTUBE,19654,Nostalgia
15160,YOUTUBE,19655,Store_UX
15161,YOUTUBE,19657,Hype
15162,YOUTUBE,19667,Exclusivity
15163,YOUTUBE,19701,Bug_Complaint
15164,YOUTUBE,19705,Hype
15165,YOUTUBE,19709,Bug_Complaint
15166,YOUTUBE,19737,Hype
15167,YOUTUBE,19739,Exclusivity
15168,YOUTUBE,19747,Exclusivity
15169,YOUTUBE,19748,Multiplayer
15170,YOUTUBE,19760,Price
15171,YOUTUBE,19780,Multiplayer
15172,YOUTUBE,19785,Hype
15173,YOUTUBE,19789,Bug_Complaint
15174,YOUTUBE,19790,Nostalgia
15175,YOUTUBE,19800,Price
15176,YOUTUBE,19804,Multiplayer
15177,YOUTUBE,19818,Performance
15178,YOUTUBE,19820,Multiplayer
15179,YOUTUBE,19834,Performance
15180,YOUTUBE,19848,Price
15181,YOUTUBE,19850,Performance
15182,YOUTUBE,19854,Nostalgia
15183,YOUTUBE,19863,Store_UX
15184,YOUTUBE,19868,Multiplayer
15185,YOUTUBE,19869,Bug_Complaint
15186,YOUTUBE,19871,Store_UX
15187,YOUTUBE,19899,Exclusivity
15188,YOUTUBE,19905,Hype
15189,YOUTUBE,19910,Nostalgia
15190,YOUTUBE,19930,Performance
15191,YOUTUBE,19937,Hype
15192,YOUTUBE,19938,Performance
15193,YOUTUBE,19948,Multiplayer
15194,YOUTUBE,19951,Store_UX
15195,YOUTUBE,19962,Performance
15196,YOUTUBE,19963,Exclusivity
15197,YOUTUBE,19971,Exclusivity
15198,YOUTUBE,19973,Bug_Complaint
15199,YOUTUBE,19979,Exclusivity
15200,YOUTUBE,19981,Bug_Complaint
15201,YOUTUBE,19988,Multiplayer
15202,YOUTUBE,19990,Nostalgia
15203,YOUTUBE,20001,Hype
15204,YOUTUBE,20006,Nostalgia
15205,YOUTUBE,20021,Bug_Complaint
15206,YOUTUBE,20039,Store_UX
15207,YOUTUBE,20043,Exclusivity
15208,YOUTUBE,20047,Store_UX
15209,YOUTUBE,20060,Multiplayer
15210,YOUTUBE,20069,Bug_Complaint
15211,YOUTUBE,20070,Nostalgia
15212,YOUTUBE,20071,Store_UX
15213,YOUTUBE,20083,Exclusivity
15214,YOUTUBE,20090,Performance
15215,YOUTUBE,20105,Hype
15216,YOUTUBE,20106,Performance
15217,YOUTUBE,20107,Exclusivity
15218,YOUTUBE,20113,Hype
15219,YOUTUBE,20130,Performance
15220,YOUTUBE,20140,Multiplayer
15221,YOUTUBE,20159,Store_UX
15222,YOUTUBE,20171,Exclusivity
15223,YOUTUBE,20174,Nostalgia
15224,YOUTUBE,20176,Price
15225,YOUTUBE,20179,Exclusivity
15226,YOUTUBE,20180,Multiplayer
15227,YOUTUBE,20182,Nostalgia
15228,YOUTUBE,20198,Nostalgia
15229,YOUTUBE,20207,Store_UX
15230,YOUTUBE,20212,Multiplayer
15231,YOUTUBE,20216,Price
15232,YOUTUBE,20217,Hype
15233,YOUTUBE,20221,Bug_Complaint
15234,YOUTUBE,20226,Performance
15235,YOUTUBE,20236,Multiplayer
15236,YOUTUBE,20253,Bug_Complaint
15237,YOUTUBE,20258,Performance
15238,YOUTUBE,20264,Price
15239,YOUTUBE,20271,Store_UX
15240,YOUTUBE,20283,Exclusivity
15241,YOUTUBE,20294,Nostalgia
15242,YOUTUBE,20295,Store_UX
15243,YOUTUBE,20296,Price
15244,YOUTUBE,20299,Exclusivity
15245,YOUTUBE,20304,Price
15246,YOUTUBE,20306,Performance
15247,YOUTUBE,20315,Exclusivity
15248,YOUTUBE,20325,Bug_Complaint
15249,YOUTUBE,20331,Exclusivity
15250,YOUTUBE,20342,Nostalgia
15251,YOUTUBE,20347,Exclusivity
15252,YOUTUBE,20365,Bug_Complaint
15253,YOUTUBE,20366,Nostalgia
15254,YOUTUBE,20382,Nostalgia
15255,YOUTUBE,20396,Multiplayer
15256,YOUTUBE,20409,Hype
15257,YOUTUBE,20419,Exclusivity
15258,YOUTUBE,20420,Multiplayer
15259,YOUTUBE,20422,Nostalgia
15260,YOUTUBE,20428,Multiplayer
15261,YOUTUBE,20429,Bug_Complaint
15262,YOUTUBE,20431,Store_UX
15263,YOUTUBE,20446,Nostalgia
15264,YOUTUBE,20453,Bug_Complaint
15265,YOUTUBE,20457,Hype
15266,YOUTUBE,20461,Bug_Complaint
15267,YOUTUBE,20472,Price
15268,YOUTUBE,20473,Hype
15269,YOUTUBE,20474,Performance
15270,YOUTUBE,20478,Nostalgia
15271,REDDIT,3335,Performance
15272,REDDIT,3353,Price
15273,REDDIT,3367,Bug_Complaint
15274,REDDIT,3374,Performance
15275,REDDIT,3378,Performance
15276,REDDIT,3398,Hype
15277,REDDIT,3400,Performance
15278,REDDIT,3410,Exclusivity
15279,REDDIT,3423,Multiplayer
15280,REDDIT,3430,Bug_Complaint
15281,REDDIT,3431,Nostalgia
15282,REDDIT,3436,Exclusivity
15283,REDDIT,3443,Bug_Complaint
15284,REDDIT,3450,Store_UX
15285,REDDIT,3457,Hype
15286,REDDIT,3467,Bug_Complaint
15287,REDDIT,3468,Bug_Complaint
15288,REDDIT,3470,Nostalgia
15289,REDDIT,3479,Nostalgia
15290,REDDIT,3517,Multiplayer
15291,REDDIT,3524,Multiplayer
15292,REDDIT,3546,Multiplayer
15293,REDDIT,3579,Multiplayer
15294,REDDIT,3582,Hype
15295,REDDIT,3595,Nostalgia
15296,REDDIT,3598,Bug_Complaint
15297,REDDIT,3613,Hype
15298,REDDIT,3621,Store_UX
15299,REDDIT,3624,Multiplayer
15300,REDDIT,3643,Performance
15301,REDDIT,3650,Bug_Complaint
15302,REDDIT,3661,Store_UX
15303,REDDIT,3666,Multiplayer
15304,REDDIT,3674,Store_UX
15305,REDDIT,3697,Price
15306,REDDIT,3707,Exclusivity
15307,REDDIT,3709,Price
15308,REDDIT,3717,Store_UX
15309,REDDIT,3727,Nostalgia
15310,REDDIT,3740,Bug_Complaint
15311,REDDIT,3754,Multiplayer
15312,REDDIT,3757,Exclusivity
15313,REDDIT,3760,Performance
15314,REDDIT,3771,Performance
15315,REDDIT,3772,Bug_Complaint
15316,REDDIT,3780,Performance
15317,REDDIT,3783,Price
15318,REDDIT,3800,Bug_Complaint
15319,REDDIT,3812,Bug_Complaint
15320,REDDIT,3815,Exclusivity
15321,REDDIT,3816,Hype
15322,REDDIT,3819,Price
15323,REDDIT,3821,Exclusivity
15324,REDDIT,3853,Hype
15325,REDDIT,3856,Performance
15326,REDDIT,3862,Performance
15327,REDDIT,3863,Nostalgia
15328,REDDIT,3883,Bug_Complaint
15329,REDDIT,3885,Bug_Complaint
15330,REDDIT,3888,Performance
15331,REDDIT,3897,Price
15332,REDDIT,3930,Price
15333,REDDIT,3939,Exclusivity
15334,REDDIT,3942,Hype
15335,REDDIT,3954,Performance
15336,REDDIT,3956,Price
15337,REDDIT,3964,Multiplayer
15338,REDDIT,3966,Nostalgia
15339,REDDIT,3975,Store_UX
15340,REDDIT,3977,Hype
15341,REDDIT,3980,Price
15342,REDDIT,3983,Nostalgia
15343,YOUTUBE,10242,Performance
15344,YOUTUBE,10260,Multiplayer
15345,YOUTUBE,10269,Bug_Complaint
15346,YOUTUBE,10271,Store_UX
15347,YOUTUBE,10283,Exclusivity
15348,YOUTUBE,10290,Performance
15349,YOUTUBE,10293,Bug_Complaint
15350,YOUTUBE,10299,Exclusivity
15351,YOUTUBE,10309,Bug_Complaint
15352,YOUTUBE,10313,Hype
15353,YOUTUBE,10330,Performance
15354,YOUTUBE,10334,Nostalgia
15355,YOUTUBE,10338,Performance
15356,YOUTUBE,10347,Exclusivity
15357,YOUTUBE,10353,Hype
15358,YOUTUBE,10364,Multiplayer
15359,YOUTUBE,10367,Store_UX
15360,YOUTUBE,10370,Performance
15361,YOUTUBE,10372,Multiplayer
15362,YOUTUBE,10375,Store_UX
15363,YOUTUBE,10383,Store_UX
15364,YOUTUBE,10385,Hype
15365,YOUTUBE,10394,Performance
15366,YOUTUBE,10397,Bug_Complaint
15367,YOUTUBE,10409,Hype
15368,YOUTUBE,10411,Exclusivity
15369,YOUTUBE,10413,Bug_Complaint
15370,YOUTUBE,10415,Store_UX
15371,YOUTUBE,10435,Exclusivity
15372,YOUTUBE,10436,Multiplayer
15373,YOUTUBE,10447,Store_UX
15374,YOUTUBE,10466,Performance
15375,YOUTUBE,10467,Exclusivity
15376,YOUTUBE,10471,Store_UX
15377,YOUTUBE,10472,Price
15378,YOUTUBE,10477,Bug_Complaint
15379,YOUTUBE,10481,Hype
15380,YOUTUBE,10485,Bug_Complaint
15381,YOUTUBE,10491,Exclusivity
15382,YOUTUBE,10493,Bug_Complaint
15383,YOUTUBE,10512,Price
15384,YOUTUBE,10517,Bug_Complaint
15385,YOUTUBE,10518,Nostalgia
15386,YOUTUBE,10522,Performance
15387,YOUTUBE,10526,Nostalgia
15388,YOUTUBE,10531,Exclusivity
15389,YOUTUBE,10539,Exclusivity
15390,YOUTUBE,10545,Hype
15391,YOUTUBE,10550,Nostalgia
15392,YOUTUBE,10553,Hype
15393,YOUTUBE,10556,Multiplayer
15394,YOUTUBE,10558,Nostalgia
15395,YOUTUBE,10570,Performance
15396,YOUTUBE,10578,Performance
15397,YOUTUBE,10581,Bug_Complaint
15398,YOUTUBE,10588,Multiplayer
15399,YOUTUBE,10589,Bug_Complaint
15400,YOUTUBE,10595,Exclusivity
15401,YOUTUBE,10615,Store_UX
15402,YOUTUBE,10616,Price
15403,YOUTUBE,10620,Multiplayer
15404,YOUTUBE,10621,Bug_Complaint
15405,YOUTUBE,10649,Hype
15406,YOUTUBE,10664,Price
15407,YOUTUBE,10667,Exclusivity
15408,YOUTUBE,10669,Bug_Complaint
15409,YOUTUBE,10670,Nostalgia
15410,YOUTUBE,10678,Nostalgia
15411,YOUTUBE,10700,Multiplayer
15412,YOUTUBE,10707,Exclusivity
15413,YOUTUBE,10709,Bug_Complaint
15414,YOUTUBE,10726,Nostalgia
15415,YOUTUBE,10733,Bug_Complaint
15416,YOUTUBE,10755,Exclusivity
15417,YOUTUBE,10777,Hype
15418,YOUTUBE,10784,Price
15419,YOUTUBE,10787,Exclusivity
15420,YOUTUBE,10832,Price
15421,YOUTUBE,10833,Hype
15422,YOUTUBE,10847,Store_UX
15423,YOUTUBE,10850,Performance
15424,YOUTUBE,10855,Store_UX
15425,YOUTUBE,10865,Hype
15426,YOUTUBE,10876,Multiplayer
15427,YOUTUBE,10880,Price
15428,YOUTUBE,10883,Exclusivity
15429,YOUTUBE,10912,Price
15430,YOUTUBE,10913,Hype
15431,YOUTUBE,10934,Nostalgia
15432,YOUTUBE,10938,Performance
15433,YOUTUBE,10951,Store_UX
15434,YOUTUBE,10971,Exclusivity
15435,YOUTUBE,10973,Bug_Complaint
15436,YOUTUBE,10986,Performance
15437,YOUTUBE,10994,Performance
15438,YOUTUBE,10995,Exclusivity
15439,YOUTUBE,10996,Multiplayer
15440,YOUTUBE,11011,Exclusivity
15441,YOUTUBE,11015,Store_UX
15442,YOUTUBE,11018,Performance
15443,YOUTUBE,11020,Multiplayer
15444,YOUTUBE,11026,Performance
15445,YOUTUBE,11030,Nostalgia
15446,YOUTUBE,11036,Multiplayer
15447,YOUTUBE,11047,Store_UX
15448,YOUTUBE,11053,Bug_Complaint
15449,YOUTUBE,11060,Multiplayer
15450,YOUTUBE,11081,Hype
15451,YOUTUBE,11093,Bug_Complaint
15452,YOUTUBE,11097,Hype
15453,YOUTUBE,11100,Multiplayer
15454,YOUTUBE,11111,Store_UX
15455,YOUTUBE,11138,Performance
15456,YOUTUBE,11150,Nostalgia
15457,YOUTUBE,11157,Bug_Complaint
15458,YOUTUBE,11161,Hype
15459,YOUTUBE,11170,Performance
15460,YOUTUBE,11173,Bug_Complaint
15461,YOUTUBE,11177,Hype
15462,YOUTUBE,11181,Bug_Complaint
15463,YOUTUBE,11184,Price
15464,YOUTUBE,11198,Nostalgia
15465,YOUTUBE,11200,Price
15466,YOUTUBE,11203,Exclusivity
15467,YOUTUBE,11205,Bug_Complaint
15468,YOUTUBE,11209,Hype
15469,YOUTUBE,11213,Bug_Complaint
15470,YOUTUBE,11227,Exclusivity
15471,YOUTUBE,11229,Bug_Complaint
15472,YOUTUBE,11230,Nostalgia
15473,YOUTUBE,11246,Nostalgia
15474,YOUTUBE,11255,Store_UX
15475,YOUTUBE,11267,Exclusivity
15476,YOUTUBE,11279,Store_UX
15477,YOUTUBE,11286,Nostalgia
15478,YOUTUBE,11290,Performance
15479,YOUTUBE,11298,Performance
15480,YOUTUBE,11312,Price
15481,YOUTUBE,11323,Exclusivity
15482,YOUTUBE,11334,Nostalgia
15483,YOUTUBE,11339,Exclusivity
15484,YOUTUBE,11351,Store_UX
15485,YOUTUBE,11370,Performance
15486,YOUTUBE,11383,Store_UX
15487,YOUTUBE,11389,Bug_Complaint
15488,YOUTUBE,11393,Hype
15489,YOUTUBE,11406,Nostalgia
15490,YOUTUBE,11408,Price
15491,YOUTUBE,11421,Bug_Complaint
15492,YOUTUBE,11424,Price
15493,YOUTUBE,11432,Price
15494,YOUTUBE,11434,Performance
15495,YOUTUBE,11447,Store_UX
15496,YOUTUBE,11449,Hype
15497,YOUTUBE,11451,Exclusivity
15498,YOUTUBE,11455,Store_UX
15499,YOUTUBE,11466,Performance
15500,YOUTUBE,11482,Performance
15501,YOUTUBE,11504,Price
15502,YOUTUBE,11508,Multiplayer
15503,YOUTUBE,11513,Hype
15504,YOUTUBE,11520,Price
15505,YOUTUBE,11525,Bug_Complaint
15506,YOUTUBE,11528,Price
15507,YOUTUBE,11530,Performance
15508,YOUTUBE,11538,Performance
15509,YOUTUBE,11553,Hype
15510,YOUTUBE,11554,Performance
15511,YOUTUBE,11558,Nostalgia
15512,YOUTUBE,11561,Hype
15513,YOUTUBE,11572,Multiplayer
15514,YOUTUBE,11578,Performance
15515,YOUTUBE,11596,Multiplayer
15516,YOUTUBE,11609,Hype
15517,YOUTUBE,11611,Exclusivity
15518,YOUTUBE,11623,Store_UX
15519,YOUTUBE,11624,Price
15520,YOUTUBE,11627,Exclusivity
15521,YOUTUBE,11633,Hype
15522,YOUTUBE,11649,Hype
15523,YOUTUBE,11656,Price
15524,YOUTUBE,11660,Multiplayer
15525,YOUTUBE,11676,Multiplayer
15526,YOUTUBE,11689,Hype
15527,YOUTUBE,11693,Bug_Complaint
15528,YOUTUBE,11713,Hype
15529,YOUTUBE,11732,Multiplayer
15530,YOUTUBE,11766,Nostalgia
15531,YOUTUBE,11767,Store_UX
15532,YOUTUBE,11771,Exclusivity
15533,YOUTUBE,11788,Multiplayer
15534,YOUTUBE,11790,Nostalgia
15535,YOUTUBE,11800,Price
15536,YOUTUBE,11803,Exclusivity
15537,YOUTUBE,11805,Bug_Complaint
15538,YOUTUBE,11840,Price
15539,YOUTUBE,11850,Performance
15540,YOUTUBE,11855,Store_UX
15541,YOUTUBE,11863,Store_UX
15542,YOUTUBE,11869,Bug_Complaint
15543,YOUTUBE,11881,Hype
15544,YOUTUBE,11882,Performance
15545,YOUTUBE,11883,Exclusivity
15546,YOUTUBE,11888,Price
15547,YOUTUBE,11889,Hype
15548,YOUTUBE,11908,Multiplayer
15549,YOUTUBE,11929,Hype
15550,YOUTUBE,11930,Performance
15551,YOUTUBE,11954,Performance
15552,YOUTUBE,11955,Exclusivity
15553,YOUTUBE,11975,Store_UX
15554,YOUTUBE,11976,Price
15555,YOUTUBE,11978,Performance
15556,YOUTUBE,11988,Multiplayer
15557,YOUTUBE,12022,Nostalgia
15558,YOUTUBE,12026,Performance
15559,YOUTUBE,12030,Nostalgia
15560,YOUTUBE,12058,Performance
15561,YOUTUBE,12060,Multiplayer
15562,YOUTUBE,12068,Multiplayer
15563,YOUTUBE,12069,Bug_Complaint
15564,YOUTUBE,12081,Hype
15565,YOUTUBE,12101,Bug_Complaint
15566,YOUTUBE,12106,Performance
15567,YOUTUBE,12110,Nostalgia
15568,YOUTUBE,12111,Store_UX
15569,YOUTUBE,12121,Hype
15570,YOUTUBE,12125,Bug_Complaint
15571,YOUTUBE,12139,Exclusivity
15572,YOUTUBE,12141,Bug_Complaint
15573,YOUTUBE,12155,Exclusivity
15574,YOUTUBE,12169,Hype
15575,YOUTUBE,12171,Exclusivity
15576,YOUTUBE,12175,Store_UX
15577,YOUTUBE,12184,Price
15578,YOUTUBE,12189,Bug_Complaint
15579,YOUTUBE,12190,Nostalgia
15580,YOUTUBE,12192,Price
15581,YOUTUBE,12220,Multiplayer
15582,YOUTUBE,12226,Performance
15583,YOUTUBE,12231,Store_UX
15584,YOUTUBE,12251,Exclusivity
15585,YOUTUBE,12258,Performance
15586,YOUTUBE,12259,Exclusivity
15587,YOUTUBE,12269,Bug_Complaint
15588,YOUTUBE,12272,Price
15589,YOUTUBE,12283,Exclusivity
15590,YOUTUBE,12284,Multiplayer
15591,YOUTUBE,12292,Multiplayer
15592,YOUTUBE,12294,Nostalgia
15593,YOUTUBE,12300,Multiplayer
15594,YOUTUBE,12302,Nostalgia
15595,YOUTUBE,12309,Bug_Complaint
15596,YOUTUBE,12311,Store_UX
15597,YOUTUBE,12322,Performance
15598,YOUTUBE,12327,Store_UX
15599,YOUTUBE,12342,Nostalgia
15600,YOUTUBE,12360,Price
15601,YOUTUBE,12364,Multiplayer
15602,YOUTUBE,12368,Price
15603,YOUTUBE,12381,Bug_Complaint
15604,YOUTUBE,12390,Nostalgia
15605,YOUTUBE,12391,Store_UX
15606,YOUTUBE,12392,Price
15607,YOUTUBE,12404,Multiplayer
15608,YOUTUBE,12411,Exclusivity
15609,YOUTUBE,12426,Performance
15610,YOUTUBE,12427,Exclusivity
15611,YOUTUBE,12428,Multiplayer
15612,YOUTUBE,12434,Performance
15613,YOUTUBE,12451,Exclusivity
15614,YOUTUBE,12461,Bug_Complaint
15615,YOUTUBE,12480,Price
15616,YOUTUBE,12492,Multiplayer
15617,YOUTUBE,12495,Store_UX
15618,YOUTUBE,12497,Hype
15619,YOUTUBE,12500,Multiplayer
15620,YOUTUBE,12501,Bug_Complaint
15621,YOUTUBE,12503,Store_UX
15622,YOUTUBE,12519,Store_UX
15623,YOUTUBE,12528,Price
15624,YOUTUBE,12533,Bug_Complaint
15625,YOUTUBE,12537,Hype
15626,YOUTUBE,12538,Performance
15627,YOUTUBE,12542,Nostalgia
15628,YOUTUBE,12547,Exclusivity
15629,YOUTUBE,12557,Bug_Complaint
15630,YOUTUBE,12574,Nostalgia
15631,YOUTUBE,12579,Exclusivity
15632,YOUTUBE,12585,Hype
15633,YOUTUBE,12592,Price
15634,YOUTUBE,12604,Multiplayer
15635,YOUTUBE,12615,Store_UX
15636,YOUTUBE,12616,Price
15637,YOUTUBE,12617,Hype
15638,YOUTUBE,12620,Multiplayer
15639,YOUTUBE,12625,Hype
15640,YOUTUBE,12627,Exclusivity
15641,YOUTUBE,12636,Multiplayer
15642,YOUTUBE,12646,Nostalgia
15643,YOUTUBE,12652,Multiplayer
15644,YOUTUBE,12663,Store_UX
15645,YOUTUBE,12668,Multiplayer
15646,YOUTUBE,12686,Nostalgia
15647,YOUTUBE,12687,Store_UX
15648,YOUTUBE,12703,Store_UX
15649,YOUTUBE,12717,Bug_Complaint
15650,YOUTUBE,12730,Performance
15651,YOUTUBE,12740,Multiplayer
15652,YOUTUBE,12741,Bug_Complaint
15653,YOUTUBE,12743,Store_UX
15654,YOUTUBE,12749,Bug_Complaint
15655,YOUTUBE,12750,Nostalgia
15656,YOUTUBE,12752,Price
15657,YOUTUBE,12767,Store_UX
15658,YOUTUBE,12774,Nostalgia
15659,YOUTUBE,12778,Performance
15660,YOUTUBE,12782,Nostalgia
15661,YOUTUBE,12793,Hype
15662,YOUTUBE,12794,Performance
15663,YOUTUBE,12795,Exclusivity
15664,YOUTUBE,15368,Price
15665,YOUTUBE,15386,Performance
15666,YOUTUBE,15400,Price
15667,YOUTUBE,15407,Store_UX
15668,YOUTUBE,15411,Exclusivity
15669,YOUTUBE,15431,Store_UX
15670,YOUTUBE,15433,Hype
15671,YOUTUBE,15443,Exclusivity
15672,YOUTUBE,15456,Price
15673,YOUTUBE,15463,Store_UX
15674,YOUTUBE,15464,Price
15675,YOUTUBE,15469,Bug_Complaint
15676,YOUTUBE,15476,Multiplayer
15677,YOUTUBE,15483,Exclusivity
15678,YOUTUBE,15490,Performance
15679,YOUTUBE,15500,Multiplayer
15680,YOUTUBE,15501,Bug_Complaint
15681,YOUTUBE,15503,Store_UX
15682,YOUTUBE,15512,Price
15683,YOUTUBE,15550,Nostalgia
15684,YOUTUBE,15557,Bug_Complaint
15685,YOUTUBE,15579,Exclusivity
15686,YOUTUBE,15612,Multiplayer
15687,YOUTUBE,15615,Store_UX
15688,YOUTUBE,15628,Multiplayer
15689,YOUTUBE,15631,Store_UX
15690,YOUTUBE,15646,Nostalgia
15691,YOUTUBE,15654,Nostalgia
15692,YOUTUBE,15657,Hype
15693,YOUTUBE,15676,Multiplayer
15694,YOUTUBE,15683,Exclusivity
15695,YOUTUBE,15694,Nostalgia
15696,YOUTUBE,15699,Exclusivity
15697,YOUTUBE,15707,Exclusivity
15698,YOUTUBE,15730,Performance
15699,YOUTUBE,15740,Multiplayer
15700,YOUTUBE,15742,Nostalgia
15701,YOUTUBE,15750,Nostalgia
15702,YOUTUBE,15760,Price
15703,YOUTUBE,15773,Bug_Complaint
15704,YOUTUBE,15787,Exclusivity
15705,YOUTUBE,15790,Nostalgia
15706,YOUTUBE,15793,Hype
15707,YOUTUBE,15804,Multiplayer
15708,YOUTUBE,15805,Bug_Complaint
15709,YOUTUBE,15813,Bug_Complaint
15710,YOUTUBE,15816,Price
15711,YOUTUBE,15833,Hype
15712,YOUTUBE,15845,Bug_Complaint
15713,YOUTUBE,15848,Price
15714,YOUTUBE,15849,Hype
15715,YOUTUBE,15852,Multiplayer
15716,YOUTUBE,15854,Nostalgia
15717,YOUTUBE,15886,Nostalgia
15718,YOUTUBE,15889,Hype
15719,YOUTUBE,15895,Store_UX
15720,YOUTUBE,15896,Price
15721,YOUTUBE,15916,Multiplayer
15722,YOUTUBE,15918,Nostalgia
15723,YOUTUBE,15921,Hype
15724,YOUTUBE,15930,Performance
15725,YOUTUBE,15963,Exclusivity
15726,YOUTUBE,15972,Multiplayer
15727,YOUTUBE,15975,Store_UX
15728,YOUTUBE,15987,Exclusivity
15729,YOUTUBE,15989,Bug_Complaint
15730,YOUTUBE,15997,Bug_Complaint
15731,YOUTUBE,15999,Store_UX
15732,YOUTUBE,16008,Price
15733,YOUTUBE,16010,Performance
15734,YOUTUBE,16013,Bug_Complaint
15735,YOUTUBE,16016,Price
15736,YOUTUBE,16026,Performance
15737,YOUTUBE,16044,Multiplayer
15738,YOUTUBE,16053,Bug_Complaint
15739,YOUTUBE,16055,Store_UX
15740,YOUTUBE,16067,Exclusivity
15741,YOUTUBE,16074,Performance
15742,YOUTUBE,16077,Bug_Complaint
15743,YOUTUBE,16083,Exclusivity
15744,YOUTUBE,16093,Bug_Complaint
15745,YOUTUBE,16097,Hype
15746,YOUTUBE,16114,Performance
15747,YOUTUBE,16118,Nostalgia
15748,YOUTUBE,16122,Performance
15749,YOUTUBE,16131,Exclusivity
15750,YOUTUBE,16137,Hype
15751,YOUTUBE,16148,Multiplayer
15752,YOUTUBE,16151,Store_UX
15753,YOUTUBE,16154,Performance
15754,YOUTUBE,16156,Multiplayer
15755,YOUTUBE,16159,Store_UX
15756,YOUTUBE,16167,Store_UX
15757,YOUTUBE,16169,Hype
15758,YOUTUBE,16178,Performance
15759,YOUTUBE,16181,Bug_Complaint
15760,YOUTUBE,16193,Hype
15761,YOUTUBE,16195,Exclusivity
15762,YOUTUBE,16197,Bug_Complaint
15763,YOUTUBE,16199,Store_UX
15764,YOUTUBE,16219,Exclusivity
15765,YOUTUBE,16220,Multiplayer
15766,YOUTUBE,16231,Store_UX
15767,YOUTUBE,16250,Performance
15768,YOUTUBE,16251,Exclusivity
15769,YOUTUBE,16255,Store_UX
15770,YOUTUBE,16256,Price
15771,YOUTUBE,16261,Bug_Complaint
15772,YOUTUBE,16265,Hype
15773,YOUTUBE,16269,Bug_Complaint
15774,YOUTUBE,16275,Exclusivity
15775,YOUTUBE,16277,Bug_Complaint
15776,YOUTUBE,16296,Price
15777,YOUTUBE,16301,Bug_Complaint
15778,YOUTUBE,16302,Nostalgia
15779,YOUTUBE,16306,Performance
15780,YOUTUBE,16310,Nostalgia
15781,YOUTUBE,16315,Exclusivity
15782,YOUTUBE,16323,Exclusivity
15783,YOUTUBE,16329,Hype
15784,YOUTUBE,16334,Nostalgia
15785,YOUTUBE,16337,Hype
15786,YOUTUBE,16340,Multiplayer
15787,YOUTUBE,16342,Nostalgia
15788,YOUTUBE,16354,Performance
15789,YOUTUBE,16362,Performance
15790,YOUTUBE,16365,Bug_Complaint
15791,YOUTUBE,16372,Multiplayer
15792,YOUTUBE,16373,Bug_Complaint
15793,YOUTUBE,16379,Exclusivity
15794,YOUTUBE,16399,Store_UX
15795,YOUTUBE,16400,Price
15796,YOUTUBE,16404,Multiplayer
15797,YOUTUBE,16405,Bug_Complaint
15798,YOUTUBE,16433,Hype
15799,YOUTUBE,16448,Price
15800,YOUTUBE,16451,Exclusivity
15801,YOUTUBE,16453,Bug_Complaint
15802,YOUTUBE,16454,Nostalgia
15803,YOUTUBE,16462,Nostalgia
15804,YOUTUBE,16484,Multiplayer
15805,YOUTUBE,16491,Exclusivity
15806,YOUTUBE,16493,Bug_Complaint
15807,YOUTUBE,16510,Nostalgia
15808,YOUTUBE,16517,Bug_Complaint
15809,YOUTUBE,16539,Exclusivity
15810,YOUTUBE,16561,Hype
15811,YOUTUBE,16568,Price
15812,YOUTUBE,16571,Exclusivity
15813,YOUTUBE,16616,Price
15814,YOUTUBE,16617,Hype
15815,YOUTUBE,16631,Store_UX
15816,YOUTUBE,16634,Performance
15817,YOUTUBE,16639,Store_UX
15818,YOUTUBE,16649,Hype
15819,YOUTUBE,16660,Multiplayer
15820,YOUTUBE,16664,Price
15821,YOUTUBE,16667,Exclusivity
15822,YOUTUBE,16696,Price
15823,YOUTUBE,16697,Hype
15824,YOUTUBE,16718,Nostalgia
15825,YOUTUBE,16722,Performance
15826,YOUTUBE,16735,Store_UX
15827,YOUTUBE,16755,Exclusivity
15828,YOUTUBE,16757,Bug_Complaint
15829,YOUTUBE,16770,Performance
15830,YOUTUBE,16778,Performance
15831,YOUTUBE,16779,Exclusivity
15832,YOUTUBE,16780,Multiplayer
15833,YOUTUBE,16795,Exclusivity
15834,YOUTUBE,16799,Store_UX
15835,YOUTUBE,16802,Performance
15836,YOUTUBE,16804,Multiplayer
15837,YOUTUBE,16810,Performance
15838,YOUTUBE,16814,Nostalgia
15839,YOUTUBE,16820,Multiplayer
15840,YOUTUBE,16831,Store_UX
15841,YOUTUBE,16837,Bug_Complaint
15842,YOUTUBE,16844,Multiplayer
15843,YOUTUBE,16865,Hype
15844,YOUTUBE,16877,Bug_Complaint
15845,YOUTUBE,16881,Hype
15846,YOUTUBE,16884,Multiplayer
15847,YOUTUBE,16895,Store_UX
15848,YOUTUBE,16922,Performance
15849,YOUTUBE,16934,Nostalgia
15850,YOUTUBE,16941,Bug_Complaint
15851,YOUTUBE,16945,Hype
15852,YOUTUBE,16954,Performance
15853,YOUTUBE,16957,Bug_Complaint
15854,YOUTUBE,16961,Hype
15855,YOUTUBE,16965,Bug_Complaint
15856,YOUTUBE,16968,Price
15857,YOUTUBE,16982,Nostalgia
15858,YOUTUBE,16984,Price
15859,YOUTUBE,16987,Exclusivity
15860,YOUTUBE,16989,Bug_Complaint
15861,YOUTUBE,16993,Hype
15862,YOUTUBE,16997,Bug_Complaint
15863,YOUTUBE,17011,Exclusivity
15864,YOUTUBE,17013,Bug_Complaint
15865,YOUTUBE,17014,Nostalgia
15866,YOUTUBE,17030,Nostalgia
15867,YOUTUBE,17039,Store_UX
15868,YOUTUBE,17051,Exclusivity
15869,YOUTUBE,17063,Store_UX
15870,YOUTUBE,17070,Nostalgia
15871,YOUTUBE,17074,Performance
15872,YOUTUBE,17082,Performance
15873,YOUTUBE,17096,Price
15874,YOUTUBE,17107,Exclusivity
15875,YOUTUBE,17118,Nostalgia
15876,YOUTUBE,17123,Exclusivity
15877,YOUTUBE,17135,Store_UX
15878,YOUTUBE,17154,Performance
15879,YOUTUBE,17167,Store_UX
15880,YOUTUBE,17173,Bug_Complaint
15881,YOUTUBE,17177,Hype
15882,YOUTUBE,17190,Nostalgia
15883,YOUTUBE,17192,Price
15884,YOUTUBE,17205,Bug_Complaint
15885,YOUTUBE,17208,Price
15886,YOUTUBE,17216,Price
15887,YOUTUBE,17218,Performance
15888,YOUTUBE,17231,Store_UX
15889,YOUTUBE,17233,Hype
15890,YOUTUBE,17235,Exclusivity
15891,YOUTUBE,17239,Store_UX
15892,YOUTUBE,17250,Performance
15893,YOUTUBE,17266,Performance
15894,YOUTUBE,17288,Price
15895,YOUTUBE,17292,Multiplayer
15896,YOUTUBE,17297,Hype
15897,YOUTUBE,17304,Price
15898,YOUTUBE,17309,Bug_Complaint
15899,YOUTUBE,17312,Price
15900,YOUTUBE,17314,Performance
15901,YOUTUBE,17322,Performance
15902,YOUTUBE,17337,Hype
15903,YOUTUBE,17338,Performance
15904,YOUTUBE,17342,Nostalgia
15905,YOUTUBE,17345,Hype
15906,YOUTUBE,17356,Multiplayer
15907,YOUTUBE,17362,Performance
15908,YOUTUBE,17380,Multiplayer
15909,YOUTUBE,17393,Hype
15910,YOUTUBE,17395,Exclusivity
15911,YOUTUBE,17407,Store_UX
15912,YOUTUBE,17408,Price
15913,YOUTUBE,17411,Exclusivity
15914,YOUTUBE,17417,Hype
15915,YOUTUBE,17433,Hype
15916,YOUTUBE,17440,Price
15917,YOUTUBE,17444,Multiplayer
15918,YOUTUBE,17460,Multiplayer
15919,YOUTUBE,17473,Hype
15920,YOUTUBE,17477,Bug_Complaint
15921,YOUTUBE,17497,Hype
15922,YOUTUBE,17516,Multiplayer
15923,YOUTUBE,17550,Nostalgia
15924,YOUTUBE,17551,Store_UX
15925,YOUTUBE,17555,Exclusivity
15926,YOUTUBE,17572,Multiplayer
15927,YOUTUBE,17574,Nostalgia
15928,YOUTUBE,17584,Price
15929,YOUTUBE,17587,Exclusivity
15930,YOUTUBE,17589,Bug_Complaint
15931,YOUTUBE,17624,Price
15932,YOUTUBE,17634,Performance
15933,YOUTUBE,17639,Store_UX
15934,YOUTUBE,17647,Store_UX
15935,YOUTUBE,17653,Bug_Complaint
15936,YOUTUBE,17665,Hype
15937,YOUTUBE,17666,Performance
15938,YOUTUBE,17667,Exclusivity
15939,YOUTUBE,17672,Price
15940,YOUTUBE,17673,Hype
15941,YOUTUBE,17692,Multiplayer
15942,YOUTUBE,17713,Hype
15943,YOUTUBE,17714,Performance
15944,YOUTUBE,17738,Performance
15945,YOUTUBE,17739,Exclusivity
15946,YOUTUBE,17759,Store_UX
15947,YOUTUBE,17760,Price
15948,YOUTUBE,17762,Performance
15949,YOUTUBE,17772,Multiplayer
15950,YOUTUBE,17806,Nostalgia
15951,YOUTUBE,17810,Performance
15952,YOUTUBE,17814,Nostalgia
15953,YOUTUBE,17842,Performance
15954,YOUTUBE,17844,Multiplayer
15955,YOUTUBE,17852,Multiplayer
15956,YOUTUBE,17853,Bug_Complaint
15957,YOUTUBE,17865,Hype
15958,YOUTUBE,17885,Bug_Complaint
15959,YOUTUBE,17890,Performance
15960,YOUTUBE,17894,Nostalgia
15961,YOUTUBE,17895,Store_UX
15962,YOUTUBE,17905,Hype
15963,YOUTUBE,17909,Bug_Complaint
15964,REDDIT,4677,Exclusivity
15965,REDDIT,4690,Performance
15966,REDDIT,4702,Exclusivity
15967,REDDIT,4714,Multiplayer
15968,REDDIT,4721,Price
15969,REDDIT,4724,Exclusivity
15970,REDDIT,4729,Price
15971,REDDIT,4735,Exclusivity
15972,REDDIT,4750,Store_UX
15973,REDDIT,4752,Multiplayer
15974,REDDIT,4758,Nostalgia
15975,REDDIT,4760,Exclusivity
15976,REDDIT,4765,Store_UX
15977,REDDIT,4767,Bug_Complaint
15978,REDDIT,4783,Exclusivity
15979,REDDIT,4789,Bug_Complaint
15980,REDDIT,4799,Price
15981,REDDIT,4802,Bug_Complaint
15982,REDDIT,4803,Price
15983,REDDIT,4809,Exclusivity
15984,REDDIT,4823,Performance
15985,REDDIT,4827,Nostalgia
15986,REDDIT,4843,Price
15987,REDDIT,4851,Performance
15988,REDDIT,4855,Price
15989,REDDIT,4857,Nostalgia
15990,REDDIT,4864,Price
15991,REDDIT,4881,Price
15992,REDDIT,4883,Exclusivity
15993,REDDIT,4885,Hype
15994,REDDIT,4893,Nostalgia
15995,REDDIT,4895,Exclusivity
15996,REDDIT,4897,Exclusivity
15997,REDDIT,4902,Bug_Complaint
15998,REDDIT,4925,Exclusivity
15999,REDDIT,4950,Store_UX
16000,REDDIT,4951,Bug_Complaint
16001,REDDIT,4987,Bug_Complaint
16002,REDDIT,5000,Nostalgia
16003,REDDIT,5006,Exclusivity
16004,REDDIT,5021,Exclusivity
16005,REDDIT,5036,Store_UX
16006,REDDIT,5042,Store_UX
16007,REDDIT,5065,Exclusivity
16008,REDDIT,5071,Hype
16009,REDDIT,5081,Price
16010,REDDIT,5086,Multiplayer
16011,REDDIT,5093,Exclusivity
16012,REDDIT,5095,Performance
16013,REDDIT,5114,Store_UX
16014,REDDIT,5116,Nostalgia
16015,REDDIT,5150,Nostalgia
16016,REDDIT,5163,Performance
16017,REDDIT,5167,Multiplayer
16018,REDDIT,5186,Multiplayer
16019,REDDIT,5193,Store_UX
16020,REDDIT,5215,Bug_Complaint
16021,REDDIT,5218,Price
16022,REDDIT,5235,Multiplayer
16023,REDDIT,5238,Store_UX
16024,REDDIT,5242,Store_UX
16025,REDDIT,5257,Price
16026,REDDIT,5261,Nostalgia
16027,REDDIT,5262,Store_UX
16028,REDDIT,5265,Multiplayer
16029,REDDIT,5266,Bug_Complaint
16030,REDDIT,5275,Price
16031,REDDIT,5290,Multiplayer
16032,REDDIT,5292,Performance
16033,REDDIT,5297,Bug_Complaint
22729,REDDIT,6,Bug_Complaint
22730,REDDIT,14,Performance
22731,REDDIT,15,Hype
22732,REDDIT,17,Hype
22733,REDDIT,21,Multiplayer
22734,REDDIT,22,Exclusivity
22735,REDDIT,23,Exclusivity
22736,REDDIT,25,Multiplayer
22737,REDDIT,33,Price
22738,REDDIT,35,Nostalgia
22739,REDDIT,38,Multiplayer
22740,REDDIT,60,Bug_Complaint
22741,REDDIT,68,Bug_Complaint
22742,REDDIT,81,Store_UX
22743,REDDIT,92,Bug_Complaint
22744,REDDIT,93,Nostalgia
22745,REDDIT,134,Price
22746,REDDIT,135,Nostalgia
22747,REDDIT,139,Store_UX
22748,REDDIT,155,Exclusivity
22749,REDDIT,157,Performance
22750,REDDIT,175,Price
22751,REDDIT,178,Hype
22752,REDDIT,182,Store_UX
22753,REDDIT,185,Exclusivity
22754,REDDIT,186,Store_UX
22755,REDDIT,209,Hype
22756,REDDIT,215,Performance
22757,REDDIT,225,Exclusivity
22758,REDDIT,230,Price
22759,REDDIT,240,Store_UX
22760,REDDIT,242,Store_UX
22761,REDDIT,263,Price
22762,REDDIT,271,Price
22763,REDDIT,277,Hype
22764,REDDIT,279,Multiplayer
22765,REDDIT,282,Nostalgia
22766,REDDIT,285,Hype
22767,REDDIT,303,Performance
22768,REDDIT,314,Store_UX
22769,REDDIT,317,Hype
22770,REDDIT,319,Exclusivity
22771,REDDIT,328,Multiplayer
22772,REDDIT,335,Price
22773,REDDIT,344,Performance
22774,REDDIT,369,Store_UX
22775,REDDIT,370,Exclusivity
22776,REDDIT,378,Performance
22777,REDDIT,391,Hype
22778,REDDIT,393,Exclusivity
22779,REDDIT,397,Store_UX
22780,REDDIT,403,Price
22781,REDDIT,406,Performance
22782,REDDIT,410,Store_UX
22783,REDDIT,411,Multiplayer
22784,REDDIT,412,Bug_Complaint
22785,REDDIT,413,Nostalgia
22786,REDDIT,417,Hype
22787,REDDIT,451,Nostalgia
22788,REDDIT,464,Bug_Complaint
22789,REDDIT,467,Performance
22790,REDDIT,489,Hype
22791,REDDIT,501,Nostalgia
22792,REDDIT,510,Nostalgia
22793,REDDIT,527,Bug_Complaint
22794,REDDIT,529,Hype
22795,REDDIT,533,Hype
22796,REDDIT,542,Performance
22797,REDDIT,556,Price
22798,REDDIT,569,Multiplayer
22799,REDDIT,573,Price
22800,REDDIT,577,Performance
22801,REDDIT,578,Performance
22802,REDDIT,585,Price
22803,REDDIT,590,Store_UX
22804,REDDIT,591,Multiplayer
22805,REDDIT,601,Multiplayer
22806,REDDIT,613,Bug_Complaint
22807,REDDIT,615,Store_UX
22808,REDDIT,634,Multiplayer
22809,REDDIT,635,Price
22810,REDDIT,643,Performance
22811,REDDIT,661,Store_UX
22812,REDDIT,665,Exclusivity
22813,YOUTUBE,8,Price
22814,YOUTUBE,9,Hype
22815,YOUTUBE,23,Store_UX
22816,YOUTUBE,34,Performance
22817,YOUTUBE,50,Performance
22818,YOUTUBE,55,Store_UX
22819,YOUTUBE,56,Price
22820,YOUTUBE,65,Hype
22821,YOUTUBE,72,Price
22822,YOUTUBE,76,Multiplayer
22823,YOUTUBE,115,Exclusivity
22824,YOUTUBE,120,Price
22825,YOUTUBE,123,Exclusivity
22826,YOUTUBE,129,Hype
22827,YOUTUBE,134,Nostalgia
22828,YOUTUBE,135,Store_UX
22829,YOUTUBE,140,Multiplayer
22830,YOUTUBE,142,Nostalgia
22831,YOUTUBE,151,Store_UX
22832,YOUTUBE,152,Price
22833,YOUTUBE,165,Bug_Complaint
22834,YOUTUBE,169,Hype
22835,YOUTUBE,182,Nostalgia
22836,YOUTUBE,184,Price
22837,YOUTUBE,198,Nostalgia
22838,YOUTUBE,206,Nostalgia
22839,YOUTUBE,223,Store_UX
22840,YOUTUBE,226,Performance
22841,YOUTUBE,230,Nostalgia
22842,YOUTUBE,235,Exclusivity
22843,YOUTUBE,236,Multiplayer
22844,YOUTUBE,244,Multiplayer
22845,YOUTUBE,245,Bug_Complaint
22846,YOUTUBE,255,Store_UX
22847,YOUTUBE,258,Performance
22848,YOUTUBE,267,Exclusivity
22849,YOUTUBE,271,Store_UX
22850,YOUTUBE,277,Bug_Complaint
22851,YOUTUBE,281,Hype
22852,YOUTUBE,285,Bug_Complaint
22853,YOUTUBE,291,Exclusivity
22854,YOUTUBE,297,Hype
22855,YOUTUBE,315,Exclusivity
22856,YOUTUBE,316,Multiplayer
22857,YOUTUBE,323,Exclusivity
22858,YOUTUBE,326,Nostalgia
22859,YOUTUBE,357,Bug_Complaint
22860,YOUTUBE,368,Price
22861,YOUTUBE,372,Multiplayer
22862,YOUTUBE,374,Nostalgia
22863,YOUTUBE,386,Performance
22864,YOUTUBE,388,Multiplayer
22865,YOUTUBE,395,Exclusivity
22866,YOUTUBE,400,Price
22867,YOUTUBE,415,Store_UX
22868,YOUTUBE,420,Multiplayer
22869,YOUTUBE,427,Exclusivity
22870,YOUTUBE,433,Hype
22871,YOUTUBE,437,Bug_Complaint
22872,YOUTUBE,441,Hype
22873,YOUTUBE,444,Multiplayer
22874,YOUTUBE,450,Performance
22875,YOUTUBE,455,Store_UX
22876,YOUTUBE,457,Hype
22877,YOUTUBE,459,Exclusivity
22878,YOUTUBE,464,Price
22879,YOUTUBE,495,Store_UX
22880,YOUTUBE,504,Price
22881,YOUTUBE,520,Price
22882,YOUTUBE,540,Multiplayer
22883,YOUTUBE,557,Bug_Complaint
22884,YOUTUBE,559,Store_UX
22885,YOUTUBE,562,Performance
22886,YOUTUBE,567,Store_UX
22887,YOUTUBE,577,Hype
22888,YOUTUBE,583,Store_UX
22889,YOUTUBE,601,Hype
22890,YOUTUBE,620,Multiplayer
22891,YOUTUBE,642,Performance
22892,YOUTUBE,645,Bug_Complaint
22893,YOUTUBE,648,Price
22894,YOUTUBE,661,Bug_Complaint
22895,YOUTUBE,665,Hype
22896,YOUTUBE,690,Performance
22897,YOUTUBE,696,Price
22898,YOUTUBE,701,Bug_Complaint
22899,YOUTUBE,717,Bug_Complaint
22900,YOUTUBE,722,Performance
22901,YOUTUBE,726,Nostalgia
22902,YOUTUBE,731,Exclusivity
22903,YOUTUBE,786,Performance
22904,YOUTUBE,794,Performance
22905,YOUTUBE,798,Nostalgia
22906,YOUTUBE,799,Store_UX
22907,YOUTUBE,801,Hype
22908,YOUTUBE,807,Store_UX
22909,YOUTUBE,809,Hype
22910,YOUTUBE,876,Multiplayer
22911,YOUTUBE,894,Nostalgia
22912,YOUTUBE,905,Hype
22913,YOUTUBE,909,Bug_Complaint
22914,YOUTUBE,913,Hype
22915,YOUTUBE,914,Performance
22916,YOUTUBE,917,Bug_Complaint
22917,YOUTUBE,929,Hype
22918,YOUTUBE,937,Hype
22919,YOUTUBE,947,Exclusivity
22920,YOUTUBE,968,Price
22921,YOUTUBE,971,Exclusivity
22922,YOUTUBE,972,Multiplayer
22923,YOUTUBE,977,Hype
22924,YOUTUBE,998,Nostalgia
22925,YOUTUBE,999,Store_UX
22926,YOUTUBE,1004,Multiplayer
22927,YOUTUBE,1006,Nostalgia
22928,YOUTUBE,1021,Bug_Complaint
22929,YOUTUBE,1038,Nostalgia
22930,YOUTUBE,1044,Multiplayer
22931,YOUTUBE,1045,Bug_Complaint
22932,YOUTUBE,1046,Nostalgia
22933,YOUTUBE,1056,Price
22934,YOUTUBE,1060,Multiplayer
22935,YOUTUBE,1076,Multiplayer
22936,YOUTUBE,1085,Bug_Complaint
22937,YOUTUBE,1104,Price
22938,YOUTUBE,1114,Performance
22939,YOUTUBE,1115,Exclusivity
22940,YOUTUBE,1116,Multiplayer
22941,YOUTUBE,1121,Hype
22942,YOUTUBE,1122,Performance
22943,YOUTUBE,1125,Bug_Complaint
22944,YOUTUBE,1128,Price
22945,YOUTUBE,1142,Nostalgia
22946,YOUTUBE,1163,Exclusivity
22947,YOUTUBE,1168,Price
22948,YOUTUBE,1181,Bug_Complaint
22949,YOUTUBE,1183,Store_UX
22950,YOUTUBE,1217,Hype
22951,YOUTUBE,1218,Performance
22952,YOUTUBE,1219,Exclusivity
22953,YOUTUBE,1220,Multiplayer
22954,YOUTUBE,1223,Store_UX
22955,YOUTUBE,1239,Store_UX
22956,YOUTUBE,1241,Hype
22957,YOUTUBE,1245,Bug_Complaint
22958,YOUTUBE,1250,Performance
22959,YOUTUBE,1260,Multiplayer
22960,YOUTUBE,1271,Store_UX
22961,YOUTUBE,1272,Price
22962,YOUTUBE,1282,Performance
22963,YOUTUBE,1292,Multiplayer
22964,YOUTUBE,1293,Bug_Complaint
22965,YOUTUBE,1295,Store_UX
22966,YOUTUBE,1301,Bug_Complaint
22967,YOUTUBE,1302,Nostalgia
22968,YOUTUBE,1320,Price
22969,YOUTUBE,1336,Price
22970,YOUTUBE,1373,Bug_Complaint
22971,YOUTUBE,1375,Store_UX
22972,YOUTUBE,1378,Performance
22973,YOUTUBE,1380,Multiplayer
22974,YOUTUBE,1390,Nostalgia
22975,YOUTUBE,1391,Store_UX
22976,YOUTUBE,1416,Price
22977,YOUTUBE,1425,Hype
22978,YOUTUBE,1434,Performance
22979,YOUTUBE,1436,Multiplayer
22980,YOUTUBE,1460,Multiplayer
22981,YOUTUBE,1464,Price
22982,YOUTUBE,1467,Exclusivity
22983,YOUTUBE,1478,Nostalgia
22984,YOUTUBE,1487,Store_UX
22985,YOUTUBE,1495,Store_UX
22986,YOUTUBE,1518,Nostalgia
22987,YOUTUBE,1520,Price
22988,YOUTUBE,1529,Hype
22989,YOUTUBE,1530,Performance
22990,YOUTUBE,1539,Exclusivity
22991,YOUTUBE,1548,Multiplayer
22992,YOUTUBE,1558,Nostalgia
22993,YOUTUBE,1560,Price
22994,YOUTUBE,1567,Store_UX
22995,YOUTUBE,1571,Exclusivity
22996,YOUTUBE,1575,Store_UX
22997,YOUTUBE,1578,Performance
22998,YOUTUBE,1586,Performance
22999,YOUTUBE,1592,Price
23000,YOUTUBE,1595,Exclusivity
23001,YOUTUBE,1599,Store_UX
23002,YOUTUBE,1602,Performance
23003,YOUTUBE,1605,Bug_Complaint
23004,YOUTUBE,1606,Nostalgia
23005,YOUTUBE,1610,Performance
23006,YOUTUBE,1614,Nostalgia
23007,YOUTUBE,1622,Nostalgia
23008,YOUTUBE,1629,Bug_Complaint
23009,YOUTUBE,1634,Performance
23010,YOUTUBE,1664,Price
23011,YOUTUBE,1667,Exclusivity
23012,YOUTUBE,1675,Exclusivity
23013,YOUTUBE,1676,Multiplayer
23014,YOUTUBE,1681,Hype
23015,YOUTUBE,1709,Bug_Complaint
23016,YOUTUBE,1713,Hype
23017,YOUTUBE,1719,Store_UX
23018,YOUTUBE,1732,Multiplayer
23019,YOUTUBE,1753,Hype
23020,YOUTUBE,1755,Exclusivity
23021,YOUTUBE,1764,Multiplayer
23022,YOUTUBE,1780,Multiplayer
23023,YOUTUBE,1784,Price
23024,YOUTUBE,1786,Performance
23025,YOUTUBE,1799,Store_UX
23026,YOUTUBE,1806,Nostalgia
23027,YOUTUBE,1811,Exclusivity
23028,YOUTUBE,1817,Hype
23029,YOUTUBE,1840,Price
23030,YOUTUBE,1843,Exclusivity
23031,YOUTUBE,1846,Nostalgia
23032,YOUTUBE,1852,Multiplayer
23033,YOUTUBE,1856,Price
23034,YOUTUBE,1857,Hype
23035,YOUTUBE,1859,Exclusivity
23036,YOUTUBE,1864,Price
23037,YOUTUBE,1866,Performance
23038,YOUTUBE,1869,Bug_Complaint
23039,YOUTUBE,1890,Performance
23040,YOUTUBE,1899,Exclusivity
23041,YOUTUBE,1907,Exclusivity
23042,YOUTUBE,1927,Store_UX
23043,YOUTUBE,1928,Price
23044,YOUTUBE,1934,Nostalgia
23045,YOUTUBE,1947,Exclusivity
23046,YOUTUBE,1985,Hype
23047,YOUTUBE,1986,Performance
23048,YOUTUBE,1988,Multiplayer
23049,YOUTUBE,1998,Nostalgia
23050,YOUTUBE,2000,Price
23051,YOUTUBE,2001,Hype
23052,YOUTUBE,2034,Performance
23053,YOUTUBE,2059,Exclusivity
23054,YOUTUBE,2077,Bug_Complaint
23055,YOUTUBE,2091,Exclusivity
23056,YOUTUBE,2099,Exclusivity
23057,YOUTUBE,2106,Performance
23058,YOUTUBE,2116,Multiplayer
23059,YOUTUBE,2119,Store_UX
23060,YOUTUBE,2120,Price
23061,YOUTUBE,2144,Price
23062,YOUTUBE,2162,Performance
23063,YOUTUBE,2166,Nostalgia
23064,YOUTUBE,2167,Store_UX
23065,YOUTUBE,2170,Performance
23066,YOUTUBE,2186,Performance
23067,YOUTUBE,2190,Nostalgia
23068,YOUTUBE,2192,Price
23069,YOUTUBE,2194,Performance
23070,YOUTUBE,2198,Nostalgia
23071,YOUTUBE,2200,Price
23072,YOUTUBE,2206,Nostalgia
23073,YOUTUBE,2207,Store_UX
23074,YOUTUBE,2214,Nostalgia
23075,YOUTUBE,2217,Hype
23076,YOUTUBE,2218,Performance
23077,YOUTUBE,2219,Exclusivity
23078,YOUTUBE,2224,Price
23079,YOUTUBE,2225,Hype
23080,YOUTUBE,2229,Bug_Complaint
23081,YOUTUBE,2237,Bug_Complaint
23082,YOUTUBE,2244,Multiplayer
23083,YOUTUBE,2266,Performance
23084,YOUTUBE,2273,Hype
23085,YOUTUBE,2279,Store_UX
23086,YOUTUBE,2310,Nostalgia
23087,YOUTUBE,2312,Price
23088,YOUTUBE,2313,Hype
23089,YOUTUBE,2333,Bug_Complaint
23090,YOUTUBE,2343,Store_UX
23091,YOUTUBE,2371,Exclusivity
23092,YOUTUBE,2382,Nostalgia
23093,YOUTUBE,2383,Store_UX
23094,YOUTUBE,2387,Exclusivity
23095,YOUTUBE,2420,Multiplayer
23096,YOUTUBE,2425,Hype
23097,YOUTUBE,2426,Performance
23098,YOUTUBE,2427,Exclusivity
23099,YOUTUBE,2455,Store_UX
23100,YOUTUBE,2463,Store_UX
23101,YOUTUBE,2470,Nostalgia
23102,YOUTUBE,2477,Bug_Complaint
23103,YOUTUBE,2497,Hype
23104,YOUTUBE,2508,Multiplayer
23105,YOUTUBE,2517,Bug_Complaint
23106,YOUTUBE,2541,Bug_Complaint
23107,YOUTUBE,2546,Performance
23108,YOUTUBE,2553,Hype
23109,REDDIT,1336,Store_UX
23110,REDDIT,1344,Store_UX
23111,REDDIT,1345,Hype
23112,REDDIT,1347,Store_UX
23113,REDDIT,1351,Performance
23114,REDDIT,1352,Performance
23115,REDDIT,1353,Performance
23116,REDDIT,1355,Store_UX
23117,REDDIT,1363,Nostalgia
23118,REDDIT,1365,Multiplayer
23119,REDDIT,1368,Performance
23120,REDDIT,1390,Store_UX
23121,REDDIT,1398,Bug_Complaint
23122,REDDIT,1411,Price
23123,REDDIT,1422,Multiplayer
23124,REDDIT,1423,Bug_Complaint
23125,REDDIT,1464,Multiplayer
23126,REDDIT,1465,Performance
23127,REDDIT,1469,Hype
23128,REDDIT,1485,Nostalgia
23129,REDDIT,1487,Nostalgia
23130,REDDIT,1505,Exclusivity
23131,REDDIT,1508,Multiplayer
23132,REDDIT,1512,Bug_Complaint
23133,REDDIT,1515,Store_UX
23134,REDDIT,1516,Bug_Complaint
23135,REDDIT,1539,Nostalgia
23136,REDDIT,1545,Nostalgia
23137,REDDIT,1555,Multiplayer
23138,REDDIT,1560,Exclusivity
23139,REDDIT,1570,Store_UX
23140,REDDIT,1572,Bug_Complaint
23141,REDDIT,1593,Multiplayer
23142,REDDIT,1601,Exclusivity
23143,REDDIT,1607,Exclusivity
23144,REDDIT,1609,Bug_Complaint
23145,REDDIT,1612,Price
23146,REDDIT,1615,Nostalgia
23147,REDDIT,1633,Performance
23148,REDDIT,1644,Multiplayer
23149,REDDIT,1647,Bug_Complaint
23150,REDDIT,1649,Multiplayer
23151,REDDIT,1658,Exclusivity
23152,REDDIT,1665,Price
23153,REDDIT,1674,Price
23154,REDDIT,1699,Store_UX
23155,REDDIT,1700,Nostalgia
23156,REDDIT,1708,Exclusivity
23157,REDDIT,1721,Exclusivity
23158,REDDIT,1723,Store_UX
23159,REDDIT,1727,Store_UX
23160,REDDIT,1733,Multiplayer
23161,REDDIT,1736,Multiplayer
23162,REDDIT,1740,Hype
23163,REDDIT,1741,Store_UX
23164,REDDIT,1742,Hype
23165,REDDIT,1743,Store_UX
23166,REDDIT,1747,Performance
23167,REDDIT,1781,Store_UX
23168,REDDIT,1794,Nostalgia
23169,REDDIT,1797,Performance
23170,REDDIT,1819,Performance
23171,REDDIT,1831,Multiplayer
23172,REDDIT,1840,Exclusivity
23173,REDDIT,1857,Exclusivity
23174,REDDIT,1859,Store_UX
23175,REDDIT,1863,Multiplayer
23176,REDDIT,1872,Multiplayer
23177,REDDIT,1886,Performance
23178,REDDIT,1899,Bug_Complaint
23179,REDDIT,1903,Bug_Complaint
23180,REDDIT,1907,Store_UX
23181,REDDIT,1908,Exclusivity
23182,REDDIT,1915,Hype
23183,REDDIT,1920,Nostalgia
23184,REDDIT,1921,Performance
23185,REDDIT,1931,Nostalgia
23186,REDDIT,1943,Bug_Complaint
23187,REDDIT,1945,Multiplayer
23188,REDDIT,1964,Nostalgia
23189,REDDIT,1965,Multiplayer
23190,REDDIT,1973,Multiplayer
23191,REDDIT,1991,Exclusivity
23192,REDDIT,1995,Price
23193,REDDIT,3998,Store_UX
23194,REDDIT,3999,Exclusivity
23195,REDDIT,4013,Price
23196,REDDIT,4024,Price
23197,REDDIT,4040,Store_UX
23198,REDDIT,4045,Performance
23199,REDDIT,4046,Multiplayer
23200,REDDIT,4055,Multiplayer
23201,REDDIT,4062,Store_UX
23202,REDDIT,4066,Multiplayer
23203,REDDIT,4105,Multiplayer
23204,REDDIT,4110,Multiplayer
23205,REDDIT,4113,Store_UX
23206,REDDIT,4119,Bug_Complaint
23207,REDDIT,4124,Multiplayer
23208,REDDIT,4125,Hype
23209,REDDIT,4130,Exclusivity
23210,REDDIT,4132,Nostalgia
23211,REDDIT,4141,Bug_Complaint
23212,REDDIT,4142,Price
23213,REDDIT,4155,Multiplayer
23214,REDDIT,4159,Performance
23215,REDDIT,4172,Price
23216,REDDIT,4174,Bug_Complaint
23217,REDDIT,4188,Exclusivity
23218,REDDIT,4196,Bug_Complaint
23219,REDDIT,4213,Exclusivity
23220,REDDIT,4216,Price
23221,REDDIT,4220,Exclusivity
23222,REDDIT,4225,Multiplayer
23223,REDDIT,4226,Nostalgia
23224,REDDIT,4234,Price
23225,REDDIT,4235,Bug_Complaint
23226,REDDIT,4245,Performance
23227,REDDIT,4248,Performance
23228,REDDIT,4257,Bug_Complaint
23229,REDDIT,4261,Exclusivity
23230,REDDIT,4267,Nostalgia
23231,REDDIT,4271,Nostalgia
23232,REDDIT,4275,Performance
23233,REDDIT,4281,Multiplayer
23234,REDDIT,4287,Multiplayer
23235,REDDIT,4305,Exclusivity
23236,REDDIT,4306,Store_UX
23237,REDDIT,4313,Store_UX
23238,REDDIT,4316,Price
23239,REDDIT,4347,Performance
23240,REDDIT,4358,Performance
23241,REDDIT,4362,Bug_Complaint
23242,REDDIT,4364,Exclusivity
23243,REDDIT,4376,Nostalgia
23244,REDDIT,4378,Store_UX
23245,REDDIT,4385,Bug_Complaint
23246,REDDIT,4390,Multiplayer
23247,REDDIT,4405,Exclusivity
23248,REDDIT,4410,Nostalgia
23249,REDDIT,4417,Store_UX
23250,REDDIT,4423,Exclusivity
23251,REDDIT,4427,Hype
23252,REDDIT,4431,Exclusivity
23253,REDDIT,4434,Price
23254,REDDIT,4440,Multiplayer
23255,REDDIT,4445,Performance
23256,REDDIT,4447,Price
23257,REDDIT,4449,Hype
23258,REDDIT,4454,Hype
23259,REDDIT,4485,Price
23260,REDDIT,4494,Store_UX
23261,REDDIT,4510,Price
23262,REDDIT,4530,Price
23263,REDDIT,4547,Multiplayer
23264,REDDIT,4549,Bug_Complaint
23265,REDDIT,4552,Hype
23266,REDDIT,4557,Price
23267,REDDIT,4567,Multiplayer
23268,REDDIT,4573,Multiplayer
23269,REDDIT,4591,Exclusivity
23270,REDDIT,4610,Exclusivity
23271,REDDIT,4632,Exclusivity
23272,REDDIT,4635,Hype
23273,REDDIT,4638,Price
23274,REDDIT,4651,Multiplayer
23275,REDDIT,4655,Multiplayer
23276,YOUTUBE,2584,Price
23277,YOUTUBE,2590,Nostalgia
23278,YOUTUBE,2595,Exclusivity
23279,YOUTUBE,2611,Exclusivity
23280,YOUTUBE,2616,Price
23281,YOUTUBE,2620,Multiplayer
23282,YOUTUBE,2625,Hype
23283,YOUTUBE,2680,Price
23284,YOUTUBE,2688,Price
23285,YOUTUBE,2692,Multiplayer
23286,YOUTUBE,2693,Bug_Complaint
23287,YOUTUBE,2695,Store_UX
23288,YOUTUBE,2701,Bug_Complaint
23289,YOUTUBE,2703,Store_UX
23290,YOUTUBE,2770,Performance
23291,YOUTUBE,2788,Multiplayer
23292,YOUTUBE,2799,Store_UX
23293,YOUTUBE,2803,Exclusivity
23294,YOUTUBE,2807,Store_UX
23295,YOUTUBE,2808,Price
23296,YOUTUBE,2811,Exclusivity
23297,YOUTUBE,2823,Store_UX
23298,YOUTUBE,2831,Store_UX
23299,YOUTUBE,2841,Hype
23300,YOUTUBE,2862,Nostalgia
23301,YOUTUBE,2865,Hype
23302,YOUTUBE,2866,Performance
23303,YOUTUBE,2871,Store_UX
23304,YOUTUBE,2892,Multiplayer
23305,YOUTUBE,2893,Bug_Complaint
23306,YOUTUBE,2898,Performance
23307,YOUTUBE,2900,Multiplayer
23308,YOUTUBE,2915,Exclusivity
23309,YOUTUBE,2932,Multiplayer
23310,YOUTUBE,2938,Performance
23311,YOUTUBE,2939,Exclusivity
23312,YOUTUBE,2940,Multiplayer
23313,YOUTUBE,2950,Nostalgia
23314,YOUTUBE,2954,Performance
23315,YOUTUBE,2970,Performance
23316,YOUTUBE,2979,Exclusivity
23317,YOUTUBE,2998,Nostalgia
23318,YOUTUBE,3008,Price
23319,YOUTUBE,3009,Hype
23320,YOUTUBE,3010,Performance
23321,YOUTUBE,3015,Store_UX
23322,YOUTUBE,3016,Price
23323,YOUTUBE,3019,Exclusivity
23324,YOUTUBE,3022,Nostalgia
23325,YOUTUBE,3036,Multiplayer
23326,YOUTUBE,3057,Hype
23327,YOUTUBE,3062,Nostalgia
23328,YOUTUBE,3075,Exclusivity
23329,YOUTUBE,3077,Bug_Complaint
23330,YOUTUBE,3111,Store_UX
23331,YOUTUBE,3112,Price
23332,YOUTUBE,3113,Hype
23333,YOUTUBE,3114,Performance
23334,YOUTUBE,3117,Bug_Complaint
23335,YOUTUBE,3133,Bug_Complaint
23336,YOUTUBE,3135,Store_UX
23337,YOUTUBE,3139,Exclusivity
23338,YOUTUBE,3144,Price
23339,YOUTUBE,3154,Performance
23340,YOUTUBE,3165,Bug_Complaint
23341,YOUTUBE,3166,Nostalgia
23342,YOUTUBE,3176,Price
23343,YOUTUBE,3186,Performance
23344,YOUTUBE,3187,Exclusivity
23345,YOUTUBE,3189,Bug_Complaint
23346,YOUTUBE,3195,Exclusivity
23347,YOUTUBE,3196,Multiplayer
23348,YOUTUBE,3214,Nostalgia
23349,YOUTUBE,3230,Nostalgia
23350,YOUTUBE,3267,Exclusivity
23351,YOUTUBE,3269,Bug_Complaint
23352,YOUTUBE,3272,Price
23353,YOUTUBE,3274,Performance
23354,YOUTUBE,3284,Multiplayer
23355,YOUTUBE,3285,Bug_Complaint
23356,YOUTUBE,3310,Nostalgia
23357,YOUTUBE,3319,Store_UX
23358,YOUTUBE,3328,Price
23359,YOUTUBE,3330,Performance
23360,YOUTUBE,3354,Performance
23361,YOUTUBE,3358,Nostalgia
23362,YOUTUBE,3361,Hype
23363,YOUTUBE,3372,Multiplayer
23364,YOUTUBE,3381,Bug_Complaint
23365,YOUTUBE,3389,Bug_Complaint
23366,YOUTUBE,3412,Multiplayer
23367,YOUTUBE,3414,Nostalgia
23368,YOUTUBE,3423,Store_UX
23369,YOUTUBE,3424,Price
23370,YOUTUBE,3433,Hype
23371,YOUTUBE,3442,Performance
23372,YOUTUBE,3452,Multiplayer
23373,YOUTUBE,3454,Nostalgia
23374,YOUTUBE,3461,Bug_Complaint
23375,YOUTUBE,3465,Hype
23376,YOUTUBE,3469,Bug_Complaint
23377,YOUTUBE,3472,Price
23378,YOUTUBE,3480,Price
23379,YOUTUBE,3486,Nostalgia
23380,YOUTUBE,3489,Hype
23381,YOUTUBE,3493,Bug_Complaint
23382,YOUTUBE,3496,Price
23383,YOUTUBE,3499,Exclusivity
23384,YOUTUBE,3500,Multiplayer
23385,YOUTUBE,3504,Price
23386,YOUTUBE,3508,Multiplayer
23387,YOUTUBE,3516,Multiplayer
23388,YOUTUBE,3523,Exclusivity
23389,YOUTUBE,3528,Price
23390,YOUTUBE,3558,Nostalgia
23391,YOUTUBE,3561,Hype
23392,YOUTUBE,3569,Hype
23393,YOUTUBE,3570,Performance
23394,YOUTUBE,3575,Store_UX
23395,YOUTUBE,3603,Exclusivity
23396,YOUTUBE,3607,Store_UX
23397,YOUTUBE,3613,Bug_Complaint
23398,YOUTUBE,3626,Performance
23399,YOUTUBE,3647,Store_UX
23400,YOUTUBE,3649,Hype
23401,YOUTUBE,3658,Performance
23402,YOUTUBE,3674,Performance
23403,YOUTUBE,3678,Nostalgia
23404,YOUTUBE,3680,Price
23405,YOUTUBE,3693,Bug_Complaint
23406,YOUTUBE,3700,Multiplayer
23407,YOUTUBE,3705,Hype
23408,YOUTUBE,3711,Store_UX
23409,YOUTUBE,3734,Nostalgia
23410,YOUTUBE,3737,Hype
23411,YOUTUBE,3740,Multiplayer
23412,YOUTUBE,3746,Performance
23413,YOUTUBE,3750,Nostalgia
23414,YOUTUBE,3751,Store_UX
23415,YOUTUBE,3753,Hype
23416,YOUTUBE,3758,Nostalgia
23417,YOUTUBE,3760,Price
23418,YOUTUBE,3763,Exclusivity
23419,YOUTUBE,3784,Price
23420,YOUTUBE,3793,Hype
23421,YOUTUBE,3801,Hype
23422,YOUTUBE,3821,Bug_Complaint
23423,YOUTUBE,3822,Nostalgia
23424,YOUTUBE,3828,Multiplayer
23425,YOUTUBE,3841,Hype
23426,YOUTUBE,3879,Store_UX
23427,YOUTUBE,3880,Price
23428,YOUTUBE,3882,Performance
23429,YOUTUBE,3892,Multiplayer
23430,YOUTUBE,3894,Nostalgia
23431,YOUTUBE,3895,Store_UX
23432,YOUTUBE,3928,Price
23433,YOUTUBE,3953,Hype
23434,YOUTUBE,3971,Exclusivity
23435,YOUTUBE,3985,Hype
23436,YOUTUBE,3993,Hype
23437,YOUTUBE,4000,Price
23438,YOUTUBE,4010,Performance
23439,YOUTUBE,4013,Bug_Complaint
23440,YOUTUBE,4014,Nostalgia
23441,YOUTUBE,4038,Nostalgia
23442,YOUTUBE,4056,Price
23443,YOUTUBE,4060,Multiplayer
23444,YOUTUBE,4061,Bug_Complaint
23445,YOUTUBE,4064,Price
23446,YOUTUBE,4080,Price
23447,YOUTUBE,4084,Multiplayer
23448,YOUTUBE,4086,Nostalgia
23449,YOUTUBE,4088,Price
23450,YOUTUBE,4092,Multiplayer
23451,YOUTUBE,4094,Nostalgia
23452,YOUTUBE,4100,Multiplayer
23453,YOUTUBE,4101,Bug_Complaint
23454,YOUTUBE,4108,Multiplayer
23455,YOUTUBE,4111,Store_UX
23456,YOUTUBE,4112,Price
23457,YOUTUBE,4113,Hype
23458,YOUTUBE,4118,Nostalgia
23459,YOUTUBE,4119,Store_UX
23460,YOUTUBE,4123,Exclusivity
23461,YOUTUBE,4131,Exclusivity
23462,YOUTUBE,4138,Performance
23463,YOUTUBE,4160,Price
23464,YOUTUBE,4167,Store_UX
23465,YOUTUBE,4173,Bug_Complaint
23466,YOUTUBE,4204,Multiplayer
23467,YOUTUBE,4206,Nostalgia
23468,YOUTUBE,4207,Store_UX
23469,YOUTUBE,4227,Exclusivity
23470,YOUTUBE,4237,Bug_Complaint
23471,YOUTUBE,4265,Hype
23472,YOUTUBE,4276,Multiplayer
23473,YOUTUBE,4277,Bug_Complaint
23474,YOUTUBE,4281,Hype
23475,YOUTUBE,4314,Performance
23476,YOUTUBE,4319,Store_UX
23477,YOUTUBE,4320,Price
23478,YOUTUBE,4321,Hype
23479,YOUTUBE,4349,Bug_Complaint
23480,YOUTUBE,4357,Bug_Complaint
23481,YOUTUBE,4364,Multiplayer
23482,YOUTUBE,4371,Exclusivity
23483,YOUTUBE,4391,Store_UX
23484,YOUTUBE,4402,Performance
23485,YOUTUBE,4411,Exclusivity
23486,YOUTUBE,4435,Exclusivity
23487,YOUTUBE,4440,Price
23488,YOUTUBE,4447,Store_UX
23489,YOUTUBE,4455,Store_UX
23490,YOUTUBE,4479,Store_UX
23491,YOUTUBE,4494,Nostalgia
23492,YOUTUBE,4517,Bug_Complaint
23493,YOUTUBE,4528,Price
23494,YOUTUBE,4534,Nostalgia
23495,YOUTUBE,4542,Nostalgia
23496,YOUTUBE,4552,Price
23497,YOUTUBE,4557,Bug_Complaint
23498,YOUTUBE,4570,Performance
23499,YOUTUBE,4581,Bug_Complaint
23500,YOUTUBE,4588,Multiplayer
23501,YOUTUBE,4589,Bug_Complaint
23502,YOUTUBE,4620,Multiplayer
23503,YOUTUBE,4626,Performance
23504,YOUTUBE,4633,Hype
23505,YOUTUBE,4635,Exclusivity
23506,YOUTUBE,4637,Bug_Complaint
23507,YOUTUBE,4644,Multiplayer
23508,YOUTUBE,4650,Performance
23509,YOUTUBE,4664,Price
23510,YOUTUBE,4674,Performance
23511,YOUTUBE,4692,Multiplayer
23512,YOUTUBE,4698,Performance
23513,YOUTUBE,4701,Bug_Complaint
23514,YOUTUBE,4704,Price
23515,YOUTUBE,4727,Store_UX
23516,YOUTUBE,4744,Price
23517,YOUTUBE,4754,Performance
23518,YOUTUBE,4756,Multiplayer
23519,YOUTUBE,4763,Exclusivity
23520,YOUTUBE,4765,Bug_Complaint
23521,YOUTUBE,4768,Price
23522,YOUTUBE,4775,Store_UX
23523,YOUTUBE,4789,Bug_Complaint
23524,YOUTUBE,4794,Performance
23525,YOUTUBE,4802,Performance
23526,YOUTUBE,4803,Exclusivity
23527,YOUTUBE,4806,Nostalgia
23528,YOUTUBE,4827,Exclusivity
23529,YOUTUBE,4830,Nostalgia
23530,YOUTUBE,4833,Hype
23531,YOUTUBE,4835,Exclusivity
23532,YOUTUBE,4839,Store_UX
23533,YOUTUBE,4846,Nostalgia
23534,YOUTUBE,4853,Bug_Complaint
23535,YOUTUBE,4858,Performance
23536,YOUTUBE,4864,Price
23537,YOUTUBE,4892,Multiplayer
23538,YOUTUBE,4898,Performance
23539,YOUTUBE,4902,Nostalgia
23540,YOUTUBE,4915,Exclusivity
23541,YOUTUBE,4916,Multiplayer
23542,YOUTUBE,4923,Exclusivity
23543,YOUTUBE,4939,Exclusivity
23544,YOUTUBE,4944,Price
23545,YOUTUBE,4946,Performance
23546,YOUTUBE,4952,Price
23547,YOUTUBE,4953,Hype
23548,YOUTUBE,4956,Multiplayer
23549,YOUTUBE,4966,Nostalgia
23550,YOUTUBE,4967,Store_UX
23551,YOUTUBE,4968,Price
23552,YOUTUBE,4974,Nostalgia
23553,YOUTUBE,4980,Multiplayer
23554,YOUTUBE,4992,Price
23555,YOUTUBE,4996,Multiplayer
23556,YOUTUBE,4997,Bug_Complaint
23557,YOUTUBE,5003,Exclusivity
23558,YOUTUBE,5007,Store_UX
23559,YOUTUBE,5010,Performance
23560,YOUTUBE,5013,Bug_Complaint
23561,YOUTUBE,5026,Performance
23562,YOUTUBE,5039,Store_UX
23563,YOUTUBE,5041,Hype
23564,YOUTUBE,5051,Exclusivity
23565,YOUTUBE,5058,Performance
23566,YOUTUBE,5062,Nostalgia
23567,YOUTUBE,5063,Store_UX
23568,YOUTUBE,5065,Hype
23569,YOUTUBE,5066,Performance
23570,YOUTUBE,5068,Multiplayer
23571,YOUTUBE,5075,Exclusivity
23572,YOUTUBE,5079,Store_UX
23573,YOUTUBE,5088,Price
23574,YOUTUBE,5098,Performance
23575,YOUTUBE,5100,Multiplayer
23576,YOUTUBE,5106,Performance
23577,REDDIT,2001,Exclusivity
23578,REDDIT,2009,Performance
23579,REDDIT,2010,Price
23580,REDDIT,2012,Price
23581,REDDIT,2016,Nostalgia
23582,REDDIT,2017,Store_UX
23583,REDDIT,2018,Hype
23584,REDDIT,2020,Performance
23585,REDDIT,2028,Hype
23586,REDDIT,2030,Store_UX
23587,REDDIT,2033,Price
23588,REDDIT,2055,Bug_Complaint
23589,REDDIT,2063,Hype
23590,REDDIT,2076,Price
23591,REDDIT,2087,Multiplayer
23592,REDDIT,2088,Nostalgia
23593,REDDIT,2129,Exclusivity
23594,REDDIT,2130,Bug_Complaint
23595,REDDIT,2134,Price
23596,REDDIT,2150,Performance
23597,REDDIT,2152,Multiplayer
23598,REDDIT,2170,Bug_Complaint
23599,REDDIT,2173,Store_UX
23600,REDDIT,2177,Nostalgia
23601,REDDIT,2180,Performance
23602,REDDIT,2181,Exclusivity
23603,REDDIT,2204,Multiplayer
23604,REDDIT,2210,Multiplayer
23605,REDDIT,2220,Price
23606,REDDIT,2225,Multiplayer
23607,REDDIT,2235,Hype
23608,REDDIT,2237,Store_UX
23609,REDDIT,2258,Price
23610,REDDIT,2266,Performance
23611,REDDIT,2272,Performance
23612,REDDIT,2274,Performance
23613,REDDIT,2277,Multiplayer
23614,REDDIT,2280,Price
23615,REDDIT,2298,Store_UX
23616,REDDIT,2309,Nostalgia
23617,REDDIT,2312,Price
23618,REDDIT,2314,Nostalgia
23619,REDDIT,2323,Price
23620,REDDIT,2330,Nostalgia
23621,REDDIT,2339,Multiplayer
23622,REDDIT,2364,Exclusivity
23623,REDDIT,2365,Store_UX
23624,REDDIT,2373,Exclusivity
23625,REDDIT,2386,Price
23626,REDDIT,2388,Performance
23627,REDDIT,2392,Nostalgia
23628,REDDIT,2398,Nostalgia
23629,REDDIT,2401,Multiplayer
23630,REDDIT,2405,Exclusivity
23631,REDDIT,2406,Exclusivity
23632,REDDIT,2407,Exclusivity
23633,REDDIT,2408,Exclusivity
23634,REDDIT,2412,Nostalgia
23635,REDDIT,2446,Nostalgia
23636,REDDIT,2459,Multiplayer
23637,REDDIT,2462,Performance
23638,REDDIT,2484,Price
23639,REDDIT,2496,Exclusivity
23640,REDDIT,2505,Bug_Complaint
23641,REDDIT,2522,Exclusivity
23642,REDDIT,2524,Store_UX
23643,REDDIT,2528,Price
23644,REDDIT,2537,Bug_Complaint
23645,REDDIT,2551,Price
23646,REDDIT,2564,Store_UX
23647,REDDIT,2568,Multiplayer
23648,REDDIT,2572,Nostalgia
23649,REDDIT,2573,Nostalgia
23650,REDDIT,2580,Store_UX
23651,REDDIT,2585,Multiplayer
23652,REDDIT,2586,Exclusivity
23653,REDDIT,2596,Bug_Complaint
23654,REDDIT,2608,Multiplayer
23655,REDDIT,2610,Price
23656,REDDIT,2629,Exclusivity
23657,REDDIT,2630,Nostalgia
23658,REDDIT,2638,Hype
23659,REDDIT,2656,Bug_Complaint
23660,REDDIT,2660,Multiplayer
23661,YOUTUBE,5127,Store_UX
23662,YOUTUBE,5128,Price
23663,YOUTUBE,5142,Nostalgia
23664,YOUTUBE,5153,Hype
23665,YOUTUBE,5169,Hype
23666,YOUTUBE,5174,Nostalgia
23667,YOUTUBE,5175,Store_UX
23668,YOUTUBE,5184,Price
23669,YOUTUBE,5191,Store_UX
23670,YOUTUBE,5195,Exclusivity
23671,YOUTUBE,5234,Performance
23672,YOUTUBE,5239,Store_UX
23673,YOUTUBE,5242,Performance
23674,YOUTUBE,5248,Price
23675,YOUTUBE,5253,Bug_Complaint
23676,YOUTUBE,5254,Nostalgia
23677,YOUTUBE,5259,Exclusivity
23678,YOUTUBE,5261,Bug_Complaint
23679,YOUTUBE,5270,Nostalgia
23680,YOUTUBE,5271,Store_UX
23681,YOUTUBE,5284,Multiplayer
23682,YOUTUBE,5288,Price
23683,YOUTUBE,5301,Bug_Complaint
23684,YOUTUBE,5303,Store_UX
23685,YOUTUBE,5317,Bug_Complaint
23686,YOUTUBE,5325,Bug_Complaint
23687,YOUTUBE,5342,Nostalgia
23688,YOUTUBE,5345,Hype
23689,YOUTUBE,5349,Bug_Complaint
23690,YOUTUBE,5354,Performance
23691,YOUTUBE,5355,Exclusivity
23692,YOUTUBE,5363,Exclusivity
23693,YOUTUBE,5364,Multiplayer
23694,YOUTUBE,5374,Nostalgia
23695,YOUTUBE,5377,Hype
23696,YOUTUBE,5386,Performance
23697,YOUTUBE,5390,Nostalgia
23698,YOUTUBE,5396,Multiplayer
23699,YOUTUBE,5400,Price
23700,YOUTUBE,5404,Multiplayer
23701,YOUTUBE,5410,Performance
23702,YOUTUBE,5416,Price
23703,YOUTUBE,5434,Performance
23704,YOUTUBE,5435,Exclusivity
23705,YOUTUBE,5442,Performance
23706,YOUTUBE,5445,Bug_Complaint
23707,YOUTUBE,5476,Multiplayer
23708,YOUTUBE,5487,Store_UX
23709,YOUTUBE,5491,Exclusivity
23710,YOUTUBE,5493,Bug_Complaint
23711,YOUTUBE,5505,Hype
23712,YOUTUBE,5507,Exclusivity
23713,YOUTUBE,5514,Performance
23714,YOUTUBE,5519,Store_UX
23715,YOUTUBE,5534,Nostalgia
23716,YOUTUBE,5539,Exclusivity
23717,YOUTUBE,5546,Performance
23718,YOUTUBE,5552,Price
23719,YOUTUBE,5556,Multiplayer
23720,YOUTUBE,5560,Price
23721,YOUTUBE,5563,Exclusivity
23722,YOUTUBE,5569,Hype
23723,YOUTUBE,5574,Nostalgia
23724,YOUTUBE,5576,Price
23725,YOUTUBE,5578,Performance
23726,YOUTUBE,5583,Store_UX
23727,YOUTUBE,5614,Nostalgia
23728,YOUTUBE,5623,Store_UX
23729,YOUTUBE,5639,Store_UX
23730,YOUTUBE,5659,Exclusivity
23731,YOUTUBE,5676,Multiplayer
23732,YOUTUBE,5678,Nostalgia
23733,YOUTUBE,5681,Hype
23734,YOUTUBE,5686,Nostalgia
23735,YOUTUBE,5696,Price
23736,YOUTUBE,5702,Nostalgia
23737,YOUTUBE,5720,Price
23738,YOUTUBE,5739,Exclusivity
23739,YOUTUBE,5761,Hype
23740,YOUTUBE,5764,Multiplayer
23741,YOUTUBE,5767,Store_UX
23742,YOUTUBE,5780,Multiplayer
23743,YOUTUBE,5784,Price
23744,YOUTUBE,5809,Hype
23745,YOUTUBE,5815,Store_UX
23746,YOUTUBE,5820,Multiplayer
23747,YOUTUBE,5836,Multiplayer
23748,YOUTUBE,5841,Hype
23749,YOUTUBE,5845,Bug_Complaint
23750,YOUTUBE,5850,Performance
23751,YOUTUBE,5905,Hype
23752,YOUTUBE,5913,Hype
23753,YOUTUBE,5917,Bug_Complaint
23754,YOUTUBE,5918,Nostalgia
23755,YOUTUBE,5920,Price
23756,YOUTUBE,5926,Nostalgia
23757,YOUTUBE,5928,Price
23758,YOUTUBE,5995,Exclusivity
23759,YOUTUBE,6013,Bug_Complaint
23760,YOUTUBE,6024,Price
23761,YOUTUBE,6028,Multiplayer
23762,YOUTUBE,6032,Price
23763,YOUTUBE,6033,Hype
23764,YOUTUBE,6036,Multiplayer
23765,YOUTUBE,6048,Price
23766,YOUTUBE,6056,Price
23767,YOUTUBE,6066,Performance
23768,YOUTUBE,6087,Store_UX
23769,YOUTUBE,6090,Performance
23770,YOUTUBE,6091,Exclusivity
23771,YOUTUBE,6096,Price
23772,YOUTUBE,6117,Bug_Complaint
23773,YOUTUBE,6118,Nostalgia
23774,YOUTUBE,6123,Exclusivity
23775,YOUTUBE,6125,Bug_Complaint
23776,YOUTUBE,6140,Multiplayer
23777,YOUTUBE,6157,Bug_Complaint
23778,YOUTUBE,6163,Exclusivity
23779,YOUTUBE,6164,Multiplayer
23780,YOUTUBE,6165,Bug_Complaint
23781,YOUTUBE,6175,Store_UX
23782,YOUTUBE,6179,Exclusivity
23783,YOUTUBE,6195,Exclusivity
23784,YOUTUBE,6204,Multiplayer
23785,YOUTUBE,6223,Store_UX
23786,YOUTUBE,6233,Hype
23787,YOUTUBE,6234,Performance
23788,YOUTUBE,6235,Exclusivity
23789,YOUTUBE,6240,Price
23790,YOUTUBE,6241,Hype
23791,YOUTUBE,6244,Multiplayer
23792,YOUTUBE,6247,Store_UX
23793,YOUTUBE,6261,Bug_Complaint
23794,YOUTUBE,6282,Performance
23795,YOUTUBE,6287,Store_UX
23796,YOUTUBE,6300,Multiplayer
23797,YOUTUBE,6302,Nostalgia
23798,YOUTUBE,6336,Price
23799,YOUTUBE,6337,Hype
23800,YOUTUBE,6338,Performance
23801,YOUTUBE,6339,Exclusivity
23802,YOUTUBE,6342,Nostalgia
23803,YOUTUBE,6358,Nostalgia
23804,YOUTUBE,6360,Price
23805,YOUTUBE,6364,Multiplayer
23806,YOUTUBE,6369,Hype
23807,YOUTUBE,6379,Exclusivity
23808,YOUTUBE,6390,Nostalgia
23809,YOUTUBE,6391,Store_UX
23810,YOUTUBE,6401,Hype
23811,YOUTUBE,6411,Exclusivity
23812,YOUTUBE,6412,Multiplayer
23813,YOUTUBE,6414,Nostalgia
23814,YOUTUBE,6420,Multiplayer
23815,YOUTUBE,6421,Bug_Complaint
23816,YOUTUBE,6439,Store_UX
23817,YOUTUBE,6455,Store_UX
23818,YOUTUBE,6492,Multiplayer
23819,YOUTUBE,6494,Nostalgia
23820,YOUTUBE,6497,Hype
23821,YOUTUBE,6499,Exclusivity
23822,YOUTUBE,6509,Bug_Complaint
23823,YOUTUBE,6510,Nostalgia
23824,YOUTUBE,6535,Store_UX
23825,YOUTUBE,6544,Price
23826,YOUTUBE,6553,Hype
23827,YOUTUBE,6555,Exclusivity
23828,YOUTUBE,6579,Exclusivity
23829,YOUTUBE,6583,Store_UX
23830,YOUTUBE,6586,Performance
23831,YOUTUBE,6597,Bug_Complaint
23832,YOUTUBE,6606,Nostalgia
23833,YOUTUBE,6614,Nostalgia
23834,YOUTUBE,6637,Bug_Complaint
23835,YOUTUBE,6639,Store_UX
23836,YOUTUBE,6648,Price
23837,YOUTUBE,6649,Hype
23838,YOUTUBE,6658,Performance
23839,YOUTUBE,6667,Exclusivity
23840,YOUTUBE,6677,Bug_Complaint
23841,YOUTUBE,6679,Store_UX
23842,YOUTUBE,6686,Nostalgia
23843,YOUTUBE,6690,Performance
23844,YOUTUBE,6694,Nostalgia
23845,YOUTUBE,6697,Hype
23846,YOUTUBE,6705,Hype
23847,YOUTUBE,6711,Store_UX
23848,YOUTUBE,6714,Performance
23849,YOUTUBE,6718,Nostalgia
23850,YOUTUBE,6721,Hype
23851,YOUTUBE,6724,Multiplayer
23852,YOUTUBE,6725,Bug_Complaint
23853,YOUTUBE,6729,Hype
23854,YOUTUBE,6733,Bug_Complaint
23855,YOUTUBE,6741,Bug_Complaint
23856,YOUTUBE,6748,Multiplayer
23857,YOUTUBE,6753,Hype
23858,YOUTUBE,6783,Store_UX
23859,YOUTUBE,6786,Performance
23860,YOUTUBE,6794,Performance
23861,YOUTUBE,6795,Exclusivity
23862,YOUTUBE,6800,Price
23863,YOUTUBE,6828,Multiplayer
23864,YOUTUBE,6832,Price
23865,YOUTUBE,6838,Nostalgia
23866,YOUTUBE,6851,Exclusivity
23867,YOUTUBE,6872,Price
23868,YOUTUBE,6874,Performance
23869,YOUTUBE,6883,Exclusivity
23870,YOUTUBE,6899,Exclusivity
23871,YOUTUBE,6903,Store_UX
23872,YOUTUBE,6905,Hype
23873,YOUTUBE,6918,Nostalgia
23874,YOUTUBE,6925,Bug_Complaint
23875,YOUTUBE,6930,Performance
23876,YOUTUBE,6936,Price
23877,YOUTUBE,6959,Store_UX
23878,YOUTUBE,6962,Performance
23879,YOUTUBE,6965,Bug_Complaint
23880,YOUTUBE,6971,Exclusivity
23881,YOUTUBE,6975,Store_UX
23882,YOUTUBE,6976,Price
23883,YOUTUBE,6978,Performance
23884,YOUTUBE,6983,Store_UX
23885,YOUTUBE,6985,Hype
23886,YOUTUBE,6988,Multiplayer
23887,YOUTUBE,7009,Hype
23888,YOUTUBE,7018,Performance
23889,YOUTUBE,7026,Performance
23890,YOUTUBE,7046,Nostalgia
23891,YOUTUBE,7047,Store_UX
23892,YOUTUBE,7053,Bug_Complaint
23893,YOUTUBE,7066,Performance
23894,YOUTUBE,7104,Price
23895,YOUTUBE,7105,Hype
23896,YOUTUBE,7107,Exclusivity
23897,YOUTUBE,7117,Bug_Complaint
23898,YOUTUBE,7119,Store_UX
23899,YOUTUBE,7120,Price
23900,YOUTUBE,7153,Hype
23901,YOUTUBE,7178,Performance
23902,YOUTUBE,7196,Multiplayer
23903,YOUTUBE,7210,Performance
23904,YOUTUBE,7218,Performance
23905,YOUTUBE,7225,Hype
23906,YOUTUBE,7235,Exclusivity
23907,YOUTUBE,7238,Nostalgia
23908,YOUTUBE,7239,Store_UX
23909,YOUTUBE,7263,Store_UX
23910,YOUTUBE,7281,Hype
23911,YOUTUBE,7285,Bug_Complaint
23912,YOUTUBE,7286,Nostalgia
23913,YOUTUBE,7289,Hype
23914,YOUTUBE,7305,Hype
23915,YOUTUBE,7309,Bug_Complaint
23916,YOUTUBE,7311,Store_UX
23917,YOUTUBE,7313,Hype
23918,YOUTUBE,7317,Bug_Complaint
23919,YOUTUBE,7319,Store_UX
23920,YOUTUBE,7325,Bug_Complaint
23921,YOUTUBE,7326,Nostalgia
23922,YOUTUBE,7333,Bug_Complaint
23923,YOUTUBE,7336,Price
23924,YOUTUBE,7337,Hype
23925,YOUTUBE,7338,Performance
23926,YOUTUBE,7343,Store_UX
23927,YOUTUBE,7344,Price
23928,YOUTUBE,7348,Multiplayer
23929,YOUTUBE,7356,Multiplayer
23930,YOUTUBE,7363,Exclusivity
23931,YOUTUBE,7385,Hype
23932,YOUTUBE,7392,Price
23933,YOUTUBE,7398,Nostalgia
23934,YOUTUBE,7429,Bug_Complaint
23935,YOUTUBE,7431,Store_UX
23936,YOUTUBE,7432,Price
23937,YOUTUBE,7452,Multiplayer
23938,YOUTUBE,7462,Nostalgia
23939,YOUTUBE,7490,Performance
23940,YOUTUBE,7501,Bug_Complaint
23941,YOUTUBE,7502,Nostalgia
23942,YOUTUBE,7506,Performance
23943,YOUTUBE,7539,Exclusivity
23944,YOUTUBE,7544,Price
23945,YOUTUBE,7545,Hype
23946,YOUTUBE,7546,Performance
23947,YOUTUBE,7574,Nostalgia
23948,YOUTUBE,7582,Nostalgia
23949,YOUTUBE,7589,Bug_Complaint
23950,YOUTUBE,7596,Multiplayer
23951,YOUTUBE,7616,Price
23952,YOUTUBE,7627,Exclusivity
23953,YOUTUBE,7636,Multiplayer
23954,YOUTUBE,7660,Multiplayer
23955,YOUTUBE,7665,Hype
23956,YOUTUBE,7672,Price
23957,REDDIT,671,Bug_Complaint
23958,REDDIT,679,Nostalgia
23959,REDDIT,680,Nostalgia
23960,REDDIT,682,Bug_Complaint
23961,REDDIT,686,Price
23962,REDDIT,687,Exclusivity
23963,REDDIT,688,Price
23964,REDDIT,690,Exclusivity
23965,REDDIT,698,Performance
23966,REDDIT,700,Exclusivity
23967,REDDIT,703,Price
23968,REDDIT,725,Price
23969,REDDIT,733,Exclusivity
23970,REDDIT,746,Multiplayer
23971,REDDIT,757,Store_UX
23972,REDDIT,758,Price
23973,REDDIT,799,Hype
23974,REDDIT,800,Price
23975,REDDIT,804,Bug_Complaint
23976,REDDIT,820,Multiplayer
23977,REDDIT,822,Price
23978,REDDIT,840,Hype
23979,REDDIT,843,Multiplayer
23980,REDDIT,847,Multiplayer
23981,REDDIT,850,Price
23982,REDDIT,851,Nostalgia
23983,REDDIT,874,Performance
23984,REDDIT,880,Store_UX
23985,REDDIT,890,Multiplayer
23986,REDDIT,895,Nostalgia
23987,REDDIT,905,Price
23988,REDDIT,907,Price
23989,REDDIT,928,Bug_Complaint
23990,REDDIT,936,Nostalgia
23991,REDDIT,942,Nostalgia
23992,REDDIT,944,Multiplayer
23993,REDDIT,947,Multiplayer
23994,REDDIT,950,Performance
23995,REDDIT,968,Nostalgia
23996,REDDIT,979,Multiplayer
23997,REDDIT,982,Performance
23998,REDDIT,984,Multiplayer
23999,REDDIT,993,Price
24000,REDDIT,1000,Hype
24001,REDDIT,1009,Bug_Complaint
24002,REDDIT,1034,Bug_Complaint
24003,REDDIT,1035,Nostalgia
24004,REDDIT,1043,Price
24005,REDDIT,1056,Price
24006,REDDIT,1058,Store_UX
24007,REDDIT,1062,Performance
24008,REDDIT,1068,Multiplayer
24009,REDDIT,1071,Nostalgia
24010,REDDIT,1075,Store_UX
24011,REDDIT,1076,Nostalgia
24012,REDDIT,1077,Multiplayer
24013,REDDIT,1078,Nostalgia
24014,REDDIT,1082,Hype
24015,REDDIT,1116,Nostalgia
24016,REDDIT,1129,Multiplayer
24017,REDDIT,1132,Performance
24018,REDDIT,1154,Hype
24019,REDDIT,1166,Store_UX
24020,REDDIT,1175,Store_UX
24021,REDDIT,1192,Nostalgia
24022,REDDIT,1194,Performance
24023,REDDIT,1198,Hype
24024,REDDIT,1207,Nostalgia
24025,REDDIT,1221,Multiplayer
24026,REDDIT,1234,Performance
24027,REDDIT,1238,Bug_Complaint
24028,REDDIT,1242,Multiplayer
24029,REDDIT,1243,Hype
24030,REDDIT,1250,Exclusivity
24031,REDDIT,1255,Exclusivity
24032,REDDIT,1256,Price
24033,REDDIT,1266,Multiplayer
24034,REDDIT,1278,Store_UX
24035,REDDIT,1280,Exclusivity
24036,REDDIT,1299,Price
24037,REDDIT,1300,Multiplayer
24038,REDDIT,1308,Multiplayer
24039,REDDIT,1326,Hype
24040,REDDIT,1330,Exclusivity
24041,YOUTUBE,17926,Nostalgia
24042,YOUTUBE,17927,Store_UX
24043,YOUTUBE,17941,Bug_Complaint
24044,YOUTUBE,17952,Price
24045,YOUTUBE,17968,Price
24046,YOUTUBE,17973,Bug_Complaint
24047,YOUTUBE,17974,Nostalgia
24048,YOUTUBE,17983,Store_UX
24049,YOUTUBE,17990,Nostalgia
24050,YOUTUBE,17994,Performance
24051,YOUTUBE,18033,Hype
24052,YOUTUBE,18038,Nostalgia
24053,YOUTUBE,18041,Hype
24054,YOUTUBE,18047,Store_UX
24055,YOUTUBE,18052,Multiplayer
24056,YOUTUBE,18053,Bug_Complaint
24057,YOUTUBE,18058,Performance
24058,YOUTUBE,18060,Multiplayer
24059,YOUTUBE,18069,Bug_Complaint
24060,YOUTUBE,18070,Nostalgia
24061,YOUTUBE,18083,Exclusivity
24062,YOUTUBE,18087,Store_UX
24063,YOUTUBE,18100,Multiplayer
24064,YOUTUBE,18102,Nostalgia
24065,YOUTUBE,18116,Multiplayer
24066,YOUTUBE,18124,Multiplayer
24067,YOUTUBE,18141,Bug_Complaint
24068,YOUTUBE,18144,Price
24069,YOUTUBE,18148,Multiplayer
24070,YOUTUBE,18153,Hype
24071,YOUTUBE,18154,Performance
24072,YOUTUBE,18162,Performance
24073,YOUTUBE,18163,Exclusivity
24074,YOUTUBE,18173,Bug_Complaint
24075,YOUTUBE,18176,Price
24076,YOUTUBE,18185,Hype
24077,YOUTUBE,18189,Bug_Complaint
24078,YOUTUBE,18195,Exclusivity
24079,YOUTUBE,18199,Store_UX
24080,YOUTUBE,18203,Exclusivity
24081,YOUTUBE,18209,Hype
24082,YOUTUBE,18215,Store_UX
24083,YOUTUBE,18233,Hype
24084,YOUTUBE,18234,Performance
24085,YOUTUBE,18241,Hype
24086,YOUTUBE,18244,Multiplayer
24087,YOUTUBE,18275,Exclusivity
24088,YOUTUBE,18286,Nostalgia
24089,YOUTUBE,18290,Performance
24090,YOUTUBE,18292,Multiplayer
24091,YOUTUBE,18304,Price
24092,YOUTUBE,18306,Performance
24093,YOUTUBE,18313,Hype
24094,YOUTUBE,18318,Nostalgia
24095,YOUTUBE,18333,Bug_Complaint
24096,YOUTUBE,18338,Performance
24097,YOUTUBE,18345,Hype
24098,YOUTUBE,18351,Store_UX
24099,YOUTUBE,18355,Exclusivity
24100,YOUTUBE,18359,Store_UX
24101,YOUTUBE,18362,Performance
24102,YOUTUBE,18368,Price
24103,YOUTUBE,18373,Bug_Complaint
24104,YOUTUBE,18375,Store_UX
24105,YOUTUBE,18377,Hype
24106,YOUTUBE,18382,Nostalgia
24107,YOUTUBE,18413,Bug_Complaint
24108,YOUTUBE,18422,Nostalgia
24109,YOUTUBE,18438,Nostalgia
24110,YOUTUBE,18458,Performance
24111,YOUTUBE,18475,Exclusivity
24112,YOUTUBE,18477,Bug_Complaint
24113,YOUTUBE,18480,Price
24114,YOUTUBE,18485,Bug_Complaint
24115,YOUTUBE,18495,Store_UX
24116,YOUTUBE,18501,Bug_Complaint
24117,YOUTUBE,18519,Store_UX
24118,YOUTUBE,18538,Performance
24119,YOUTUBE,18560,Price
24120,YOUTUBE,18563,Exclusivity
24121,YOUTUBE,18566,Nostalgia
24122,YOUTUBE,18579,Exclusivity
24123,YOUTUBE,18583,Store_UX
24124,YOUTUBE,18608,Price
24125,YOUTUBE,18614,Nostalgia
24126,YOUTUBE,18619,Exclusivity
24127,YOUTUBE,18635,Exclusivity
24128,YOUTUBE,18640,Price
24129,YOUTUBE,18644,Multiplayer
24130,YOUTUBE,18649,Hype
24131,YOUTUBE,18704,Price
24132,YOUTUBE,18712,Price
24133,YOUTUBE,18716,Multiplayer
24134,YOUTUBE,18717,Bug_Complaint
24135,YOUTUBE,18719,Store_UX
24136,YOUTUBE,18725,Bug_Complaint
24137,YOUTUBE,18727,Store_UX
24138,YOUTUBE,18794,Performance
24139,YOUTUBE,18812,Multiplayer
24140,YOUTUBE,18823,Store_UX
24141,YOUTUBE,18827,Exclusivity
24142,YOUTUBE,18831,Store_UX
24143,YOUTUBE,18832,Price
24144,YOUTUBE,18835,Exclusivity
24145,YOUTUBE,18847,Store_UX
24146,YOUTUBE,18855,Store_UX
24147,YOUTUBE,18865,Hype
24148,YOUTUBE,18886,Nostalgia
24149,YOUTUBE,18889,Hype
24150,YOUTUBE,18890,Performance
24151,YOUTUBE,18895,Store_UX
24152,YOUTUBE,18916,Multiplayer
24153,YOUTUBE,18917,Bug_Complaint
24154,YOUTUBE,18922,Performance
24155,YOUTUBE,18924,Multiplayer
24156,YOUTUBE,18939,Exclusivity
24157,YOUTUBE,18956,Multiplayer
24158,YOUTUBE,18962,Performance
24159,YOUTUBE,18963,Exclusivity
24160,YOUTUBE,18964,Multiplayer
24161,YOUTUBE,18974,Nostalgia
24162,YOUTUBE,18978,Performance
24163,YOUTUBE,18994,Performance
24164,YOUTUBE,19003,Exclusivity
24165,YOUTUBE,19022,Nostalgia
24166,YOUTUBE,19032,Price
24167,YOUTUBE,19033,Hype
24168,YOUTUBE,19034,Performance
24169,YOUTUBE,19039,Store_UX
24170,YOUTUBE,19040,Price
24171,YOUTUBE,19043,Exclusivity
24172,YOUTUBE,19046,Nostalgia
24173,YOUTUBE,19060,Multiplayer
24174,YOUTUBE,19081,Hype
24175,YOUTUBE,19086,Nostalgia
24176,YOUTUBE,19099,Exclusivity
24177,YOUTUBE,19101,Bug_Complaint
24178,YOUTUBE,19135,Store_UX
24179,YOUTUBE,19136,Price
24180,YOUTUBE,19137,Hype
24181,YOUTUBE,19138,Performance
24182,YOUTUBE,19141,Bug_Complaint
24183,YOUTUBE,19157,Bug_Complaint
24184,YOUTUBE,19159,Store_UX
24185,YOUTUBE,19163,Exclusivity
24186,YOUTUBE,19168,Price
24187,YOUTUBE,19178,Performance
24188,YOUTUBE,19189,Bug_Complaint
24189,YOUTUBE,19190,Nostalgia
24190,YOUTUBE,19200,Price
24191,YOUTUBE,19210,Performance
24192,YOUTUBE,19211,Exclusivity
24193,YOUTUBE,19213,Bug_Complaint
24194,YOUTUBE,19219,Exclusivity
24195,YOUTUBE,19220,Multiplayer
24196,YOUTUBE,19238,Nostalgia
24197,YOUTUBE,19254,Nostalgia
24198,YOUTUBE,19291,Exclusivity
24199,YOUTUBE,19293,Bug_Complaint
24200,YOUTUBE,19296,Price
24201,YOUTUBE,19298,Performance
24202,YOUTUBE,19308,Multiplayer
24203,YOUTUBE,19309,Bug_Complaint
24204,YOUTUBE,19334,Nostalgia
24205,YOUTUBE,19343,Store_UX
24206,YOUTUBE,19352,Price
24207,YOUTUBE,19354,Performance
24208,YOUTUBE,19378,Performance
24209,YOUTUBE,19382,Nostalgia
24210,YOUTUBE,19385,Hype
24211,YOUTUBE,19396,Multiplayer
24212,YOUTUBE,19405,Bug_Complaint
24213,YOUTUBE,19413,Bug_Complaint
24214,YOUTUBE,19436,Multiplayer
24215,YOUTUBE,19438,Nostalgia
24216,YOUTUBE,19447,Store_UX
24217,YOUTUBE,19448,Price
24218,YOUTUBE,19457,Hype
24219,YOUTUBE,19466,Performance
24220,YOUTUBE,19476,Multiplayer
24221,YOUTUBE,19478,Nostalgia
24222,YOUTUBE,19485,Bug_Complaint
24223,YOUTUBE,19489,Hype
24224,YOUTUBE,19493,Bug_Complaint
24225,YOUTUBE,19496,Price
24226,YOUTUBE,19504,Price
24227,YOUTUBE,19510,Nostalgia
24228,YOUTUBE,19513,Hype
24229,YOUTUBE,19517,Bug_Complaint
24230,YOUTUBE,19520,Price
24231,YOUTUBE,19523,Exclusivity
24232,YOUTUBE,19524,Multiplayer
24233,YOUTUBE,19528,Price
24234,YOUTUBE,19532,Multiplayer
24235,YOUTUBE,19540,Multiplayer
24236,YOUTUBE,19547,Exclusivity
24237,YOUTUBE,19552,Price
24238,YOUTUBE,19582,Nostalgia
24239,YOUTUBE,19585,Hype
24240,YOUTUBE,19593,Hype
24241,YOUTUBE,19594,Performance
24242,YOUTUBE,19599,Store_UX
24243,YOUTUBE,19627,Exclusivity
24244,YOUTUBE,19631,Store_UX
24245,YOUTUBE,19637,Bug_Complaint
24246,YOUTUBE,19650,Performance
24247,YOUTUBE,19671,Store_UX
24248,YOUTUBE,19673,Hype
24249,YOUTUBE,19682,Performance
24250,YOUTUBE,19698,Performance
24251,YOUTUBE,19702,Nostalgia
24252,YOUTUBE,19704,Price
24253,YOUTUBE,19717,Bug_Complaint
24254,YOUTUBE,19724,Multiplayer
24255,YOUTUBE,19729,Hype
24256,YOUTUBE,19735,Store_UX
24257,YOUTUBE,19758,Nostalgia
24258,YOUTUBE,19761,Hype
24259,YOUTUBE,19764,Multiplayer
24260,YOUTUBE,19770,Performance
24261,YOUTUBE,19774,Nostalgia
24262,YOUTUBE,19775,Store_UX
24263,YOUTUBE,19777,Hype
24264,YOUTUBE,19782,Nostalgia
24265,YOUTUBE,19784,Price
24266,YOUTUBE,19787,Exclusivity
24267,YOUTUBE,19808,Price
24268,YOUTUBE,19817,Hype
24269,YOUTUBE,19825,Hype
24270,YOUTUBE,19845,Bug_Complaint
24271,YOUTUBE,19846,Nostalgia
24272,YOUTUBE,19852,Multiplayer
24273,YOUTUBE,19865,Hype
24274,YOUTUBE,19903,Store_UX
24275,YOUTUBE,19904,Price
24276,YOUTUBE,19906,Performance
24277,YOUTUBE,19916,Multiplayer
24278,YOUTUBE,19918,Nostalgia
24279,YOUTUBE,19919,Store_UX
24280,YOUTUBE,19952,Price
24281,YOUTUBE,19977,Hype
24282,YOUTUBE,19995,Exclusivity
24283,YOUTUBE,20009,Hype
24284,YOUTUBE,20017,Hype
24285,YOUTUBE,20024,Price
24286,YOUTUBE,20034,Performance
24287,YOUTUBE,20037,Bug_Complaint
24288,YOUTUBE,20038,Nostalgia
24289,YOUTUBE,20062,Nostalgia
24290,YOUTUBE,20080,Price
24291,YOUTUBE,20084,Multiplayer
24292,YOUTUBE,20085,Bug_Complaint
24293,YOUTUBE,20088,Price
24294,YOUTUBE,20104,Price
24295,YOUTUBE,20108,Multiplayer
24296,YOUTUBE,20110,Nostalgia
24297,YOUTUBE,20112,Price
24298,YOUTUBE,20116,Multiplayer
24299,YOUTUBE,20118,Nostalgia
24300,YOUTUBE,20124,Multiplayer
24301,YOUTUBE,20125,Bug_Complaint
24302,YOUTUBE,20132,Multiplayer
24303,YOUTUBE,20135,Store_UX
24304,YOUTUBE,20136,Price
24305,YOUTUBE,20137,Hype
24306,YOUTUBE,20142,Nostalgia
24307,YOUTUBE,20143,Store_UX
24308,YOUTUBE,20147,Exclusivity
24309,YOUTUBE,20155,Exclusivity
24310,YOUTUBE,20162,Performance
24311,YOUTUBE,20184,Price
24312,YOUTUBE,20191,Store_UX
24313,YOUTUBE,20197,Bug_Complaint
24314,YOUTUBE,20228,Multiplayer
24315,YOUTUBE,20230,Nostalgia
24316,YOUTUBE,20231,Store_UX
24317,YOUTUBE,20251,Exclusivity
24318,YOUTUBE,20261,Bug_Complaint
24319,YOUTUBE,20289,Hype
24320,YOUTUBE,20300,Multiplayer
24321,YOUTUBE,20301,Bug_Complaint
24322,YOUTUBE,20305,Hype
24323,YOUTUBE,20338,Performance
24324,YOUTUBE,20343,Store_UX
24325,YOUTUBE,20344,Price
24326,YOUTUBE,20345,Hype
24327,YOUTUBE,20373,Bug_Complaint
24328,YOUTUBE,20381,Bug_Complaint
24329,YOUTUBE,20388,Multiplayer
24330,YOUTUBE,20395,Exclusivity
24331,YOUTUBE,20415,Store_UX
24332,YOUTUBE,20426,Performance
24333,YOUTUBE,20435,Exclusivity
24334,YOUTUBE,20459,Exclusivity
24335,YOUTUBE,20464,Price
24336,YOUTUBE,20471,Store_UX
24337,REDDIT,3331,Nostalgia
24338,REDDIT,3339,Multiplayer
24339,REDDIT,3340,Exclusivity
24340,REDDIT,3342,Exclusivity
24341,REDDIT,3346,Store_UX
24342,REDDIT,3347,Price
24343,REDDIT,3348,Performance
24344,REDDIT,3350,Store_UX
24345,REDDIT,3358,Nostalgia
24346,REDDIT,3360,Performance
24347,REDDIT,3363,Price
24348,REDDIT,3385,Bug_Complaint
24349,REDDIT,3393,Multiplayer
24350,REDDIT,3406,Price
24351,REDDIT,3417,Nostalgia
24352,REDDIT,3418,Bug_Complaint
24353,REDDIT,3459,Price
24354,REDDIT,3460,Store_UX
24355,REDDIT,3464,Performance
24356,REDDIT,3480,Performance
24357,REDDIT,3482,Hype
24358,REDDIT,3500,Exclusivity
24359,REDDIT,3503,Hype
24360,REDDIT,3507,Nostalgia
24361,REDDIT,3510,Hype
24362,REDDIT,3511,Bug_Complaint
24363,REDDIT,3534,Nostalgia
24364,REDDIT,3540,Price
24365,REDDIT,3550,Performance
24366,REDDIT,3555,Exclusivity
24367,REDDIT,3565,Bug_Complaint
24368,REDDIT,3567,Multiplayer
24369,REDDIT,3588,Multiplayer
24370,REDDIT,3596,Hype
24371,REDDIT,3602,Multiplayer
24372,REDDIT,3604,Exclusivity
24373,REDDIT,3607,Price
24374,REDDIT,3610,Multiplayer
24375,REDDIT,3628,Multiplayer
24376,REDDIT,3639,Performance
24377,REDDIT,3642,Nostalgia
24378,REDDIT,3644,Exclusivity
24379,REDDIT,3653,Store_UX
24380,REDDIT,3660,Nostalgia
24381,REDDIT,3669,Store_UX
24382,REDDIT,3694,Performance
24383,REDDIT,3695,Bug_Complaint
24384,REDDIT,3703,Price
24385,REDDIT,3716,Store_UX
24386,REDDIT,3718,Exclusivity
24387,REDDIT,3722,Hype
24388,REDDIT,3728,Store_UX
24389,REDDIT,3731,Nostalgia
24390,REDDIT,3735,Bug_Complaint
24391,REDDIT,3736,Nostalgia
24392,REDDIT,3737,Multiplayer
24393,REDDIT,3738,Price
24394,REDDIT,3742,Exclusivity
24395,REDDIT,3776,Nostalgia
24396,REDDIT,3789,Store_UX
24397,REDDIT,3792,Store_UX
24398,REDDIT,3814,Store_UX
24399,REDDIT,3826,Store_UX
24400,REDDIT,3835,Bug_Complaint
24401,REDDIT,3852,Performance
24402,REDDIT,3854,Exclusivity
24403,REDDIT,3858,Exclusivity
24404,REDDIT,3867,Performance
24405,REDDIT,3881,Performance
24406,REDDIT,3894,Performance
24407,REDDIT,3898,Multiplayer
24408,REDDIT,3902,Exclusivity
24409,REDDIT,3903,Performance
24410,REDDIT,3910,Nostalgia
24411,REDDIT,3915,Multiplayer
24412,REDDIT,3916,Store_UX
24413,REDDIT,3926,Performance
24414,REDDIT,3938,Multiplayer
24415,REDDIT,3940,Performance
24416,REDDIT,3959,Nostalgia
24417,REDDIT,3960,Store_UX
24418,REDDIT,3968,Hype
24419,REDDIT,3986,Store_UX
24420,REDDIT,3990,Hype
24421,YOUTUBE,10247,Store_UX
24422,YOUTUBE,10248,Price
24423,YOUTUBE,10262,Nostalgia
24424,YOUTUBE,10273,Hype
24425,YOUTUBE,10289,Hype
24426,YOUTUBE,10294,Nostalgia
24427,YOUTUBE,10295,Store_UX
24428,YOUTUBE,10304,Price
24429,YOUTUBE,10311,Store_UX
24430,YOUTUBE,10315,Exclusivity
24431,YOUTUBE,10354,Performance
24432,YOUTUBE,10359,Store_UX
24433,YOUTUBE,10362,Performance
24434,YOUTUBE,10368,Price
24435,YOUTUBE,10373,Bug_Complaint
24436,YOUTUBE,10374,Nostalgia
24437,YOUTUBE,10379,Exclusivity
24438,YOUTUBE,10381,Bug_Complaint
24439,YOUTUBE,10390,Nostalgia
24440,YOUTUBE,10391,Store_UX
24441,YOUTUBE,10404,Multiplayer
24442,YOUTUBE,10408,Price
24443,YOUTUBE,10421,Bug_Complaint
24444,YOUTUBE,10423,Store_UX
24445,YOUTUBE,10437,Bug_Complaint
24446,YOUTUBE,10445,Bug_Complaint
24447,YOUTUBE,10462,Nostalgia
24448,YOUTUBE,10465,Hype
24449,YOUTUBE,10469,Bug_Complaint
24450,YOUTUBE,10474,Performance
24451,YOUTUBE,10475,Exclusivity
24452,YOUTUBE,10483,Exclusivity
24453,YOUTUBE,10484,Multiplayer
24454,YOUTUBE,10494,Nostalgia
24455,YOUTUBE,10497,Hype
24456,YOUTUBE,10506,Performance
24457,YOUTUBE,10510,Nostalgia
24458,YOUTUBE,10516,Multiplayer
24459,YOUTUBE,10520,Price
24460,YOUTUBE,10524,Multiplayer
24461,YOUTUBE,10530,Performance
24462,YOUTUBE,10536,Price
24463,YOUTUBE,10554,Performance
24464,YOUTUBE,10555,Exclusivity
24465,YOUTUBE,10562,Performance
24466,YOUTUBE,10565,Bug_Complaint
24467,YOUTUBE,10596,Multiplayer
24468,YOUTUBE,10607,Store_UX
24469,YOUTUBE,10611,Exclusivity
24470,YOUTUBE,10613,Bug_Complaint
24471,YOUTUBE,10625,Hype
24472,YOUTUBE,10627,Exclusivity
24473,YOUTUBE,10634,Performance
24474,YOUTUBE,10639,Store_UX
24475,YOUTUBE,10654,Nostalgia
24476,YOUTUBE,10659,Exclusivity
24477,YOUTUBE,10666,Performance
24478,YOUTUBE,10672,Price
24479,YOUTUBE,10676,Multiplayer
24480,YOUTUBE,10680,Price
24481,YOUTUBE,10683,Exclusivity
24482,YOUTUBE,10689,Hype
24483,YOUTUBE,10694,Nostalgia
24484,YOUTUBE,10696,Price
24485,YOUTUBE,10698,Performance
24486,YOUTUBE,10703,Store_UX
24487,YOUTUBE,10734,Nostalgia
24488,YOUTUBE,10743,Store_UX
24489,YOUTUBE,10759,Store_UX
24490,YOUTUBE,10779,Exclusivity
24491,YOUTUBE,10796,Multiplayer
24492,YOUTUBE,10798,Nostalgia
24493,YOUTUBE,10801,Hype
24494,YOUTUBE,10806,Nostalgia
24495,YOUTUBE,10816,Price
24496,YOUTUBE,10822,Nostalgia
24497,YOUTUBE,10840,Price
24498,YOUTUBE,10859,Exclusivity
24499,YOUTUBE,10881,Hype
24500,YOUTUBE,10884,Multiplayer
24501,YOUTUBE,10887,Store_UX
24502,YOUTUBE,10900,Multiplayer
24503,YOUTUBE,10904,Price
24504,YOUTUBE,10929,Hype
24505,YOUTUBE,10935,Store_UX
24506,YOUTUBE,10940,Multiplayer
24507,YOUTUBE,10956,Multiplayer
24508,YOUTUBE,10961,Hype
24509,YOUTUBE,10965,Bug_Complaint
24510,YOUTUBE,10970,Performance
24511,YOUTUBE,11025,Hype
24512,YOUTUBE,11033,Hype
24513,YOUTUBE,11037,Bug_Complaint
24514,YOUTUBE,11038,Nostalgia
24515,YOUTUBE,11040,Price
24516,YOUTUBE,11046,Nostalgia
24517,YOUTUBE,11048,Price
24518,YOUTUBE,11115,Exclusivity
24519,YOUTUBE,11133,Bug_Complaint
24520,YOUTUBE,11144,Price
24521,YOUTUBE,11148,Multiplayer
24522,YOUTUBE,11152,Price
24523,YOUTUBE,11153,Hype
24524,YOUTUBE,11156,Multiplayer
24525,YOUTUBE,11168,Price
24526,YOUTUBE,11176,Price
24527,YOUTUBE,11186,Performance
24528,YOUTUBE,11207,Store_UX
24529,YOUTUBE,11210,Performance
24530,YOUTUBE,11211,Exclusivity
24531,YOUTUBE,11216,Price
24532,YOUTUBE,11237,Bug_Complaint
24533,YOUTUBE,11238,Nostalgia
24534,YOUTUBE,11243,Exclusivity
24535,YOUTUBE,11245,Bug_Complaint
24536,YOUTUBE,11260,Multiplayer
24537,YOUTUBE,11277,Bug_Complaint
24538,YOUTUBE,11283,Exclusivity
24539,YOUTUBE,11284,Multiplayer
24540,YOUTUBE,11285,Bug_Complaint
24541,YOUTUBE,11295,Store_UX
24542,YOUTUBE,11299,Exclusivity
24543,YOUTUBE,11315,Exclusivity
24544,YOUTUBE,11324,Multiplayer
24545,YOUTUBE,11343,Store_UX
24546,YOUTUBE,11353,Hype
24547,YOUTUBE,11354,Performance
24548,YOUTUBE,11355,Exclusivity
24549,YOUTUBE,11360,Price
24550,YOUTUBE,11361,Hype
24551,YOUTUBE,11364,Multiplayer
24552,YOUTUBE,11367,Store_UX
24553,YOUTUBE,11381,Bug_Complaint
24554,YOUTUBE,11402,Performance
24555,YOUTUBE,11407,Store_UX
24556,YOUTUBE,11420,Multiplayer
24557,YOUTUBE,11422,Nostalgia
24558,YOUTUBE,11456,Price
24559,YOUTUBE,11457,Hype
24560,YOUTUBE,11458,Performance
24561,YOUTUBE,11459,Exclusivity
24562,YOUTUBE,11462,Nostalgia
24563,YOUTUBE,11478,Nostalgia
24564,YOUTUBE,11480,Price
24565,YOUTUBE,11484,Multiplayer
24566,YOUTUBE,11489,Hype
24567,YOUTUBE,11499,Exclusivity
24568,YOUTUBE,11510,Nostalgia
24569,YOUTUBE,11511,Store_UX
24570,YOUTUBE,11521,Hype
24571,YOUTUBE,11531,Exclusivity
24572,YOUTUBE,11532,Multiplayer
24573,YOUTUBE,11534,Nostalgia
24574,YOUTUBE,11540,Multiplayer
24575,YOUTUBE,11541,Bug_Complaint
24576,YOUTUBE,11559,Store_UX
24577,YOUTUBE,11575,Store_UX
24578,YOUTUBE,11612,Multiplayer
24579,YOUTUBE,11614,Nostalgia
24580,YOUTUBE,11617,Hype
24581,YOUTUBE,11619,Exclusivity
24582,YOUTUBE,11629,Bug_Complaint
24583,YOUTUBE,11630,Nostalgia
24584,YOUTUBE,11655,Store_UX
24585,YOUTUBE,11664,Price
24586,YOUTUBE,11673,Hype
24587,YOUTUBE,11675,Exclusivity
24588,YOUTUBE,11699,Exclusivity
24589,YOUTUBE,11703,Store_UX
24590,YOUTUBE,11706,Performance
24591,YOUTUBE,11717,Bug_Complaint
24592,YOUTUBE,11726,Nostalgia
24593,YOUTUBE,11734,Nostalgia
24594,YOUTUBE,11757,Bug_Complaint
24595,YOUTUBE,11759,Store_UX
24596,YOUTUBE,11768,Price
24597,YOUTUBE,11769,Hype
24598,YOUTUBE,11778,Performance
24599,YOUTUBE,11787,Exclusivity
24600,YOUTUBE,11797,Bug_Complaint
24601,YOUTUBE,11799,Store_UX
24602,YOUTUBE,11806,Nostalgia
24603,YOUTUBE,11810,Performance
24604,YOUTUBE,11814,Nostalgia
24605,YOUTUBE,11817,Hype
24606,YOUTUBE,11825,Hype
24607,YOUTUBE,11831,Store_UX
24608,YOUTUBE,11834,Performance
24609,YOUTUBE,11838,Nostalgia
24610,YOUTUBE,11841,Hype
24611,YOUTUBE,11844,Multiplayer
24612,YOUTUBE,11845,Bug_Complaint
24613,YOUTUBE,11849,Hype
24614,YOUTUBE,11853,Bug_Complaint
24615,YOUTUBE,11861,Bug_Complaint
24616,YOUTUBE,11868,Multiplayer
24617,YOUTUBE,11873,Hype
24618,YOUTUBE,11903,Store_UX
24619,YOUTUBE,11906,Performance
24620,YOUTUBE,11914,Performance
24621,YOUTUBE,11915,Exclusivity
24622,YOUTUBE,11920,Price
24623,YOUTUBE,11948,Multiplayer
24624,YOUTUBE,11952,Price
24625,YOUTUBE,11958,Nostalgia
24626,YOUTUBE,11971,Exclusivity
24627,YOUTUBE,11992,Price
24628,YOUTUBE,11994,Performance
24629,YOUTUBE,12003,Exclusivity
24630,YOUTUBE,12019,Exclusivity
24631,YOUTUBE,12023,Store_UX
24632,YOUTUBE,12025,Hype
24633,YOUTUBE,12038,Nostalgia
24634,YOUTUBE,12045,Bug_Complaint
24635,YOUTUBE,12050,Performance
24636,YOUTUBE,12056,Price
24637,YOUTUBE,12079,Store_UX
24638,YOUTUBE,12082,Performance
24639,YOUTUBE,12085,Bug_Complaint
24640,YOUTUBE,12091,Exclusivity
24641,YOUTUBE,12095,Store_UX
24642,YOUTUBE,12096,Price
24643,YOUTUBE,12098,Performance
24644,YOUTUBE,12103,Store_UX
24645,YOUTUBE,12105,Hype
24646,YOUTUBE,12108,Multiplayer
24647,YOUTUBE,12129,Hype
24648,YOUTUBE,12138,Performance
24649,YOUTUBE,12146,Performance
24650,YOUTUBE,12166,Nostalgia
24651,YOUTUBE,12167,Store_UX
24652,YOUTUBE,12173,Bug_Complaint
24653,YOUTUBE,12186,Performance
24654,YOUTUBE,12224,Price
24655,YOUTUBE,12225,Hype
24656,YOUTUBE,12227,Exclusivity
24657,YOUTUBE,12237,Bug_Complaint
24658,YOUTUBE,12239,Store_UX
24659,YOUTUBE,12240,Price
24660,YOUTUBE,12273,Hype
24661,YOUTUBE,12298,Performance
24662,YOUTUBE,12316,Multiplayer
24663,YOUTUBE,12330,Performance
24664,YOUTUBE,12338,Performance
24665,YOUTUBE,12345,Hype
24666,YOUTUBE,12355,Exclusivity
24667,YOUTUBE,12358,Nostalgia
24668,YOUTUBE,12359,Store_UX
24669,YOUTUBE,12383,Store_UX
24670,YOUTUBE,12401,Hype
24671,YOUTUBE,12405,Bug_Complaint
24672,YOUTUBE,12406,Nostalgia
24673,YOUTUBE,12409,Hype
24674,YOUTUBE,12425,Hype
24675,YOUTUBE,12429,Bug_Complaint
24676,YOUTUBE,12431,Store_UX
24677,YOUTUBE,12433,Hype
24678,YOUTUBE,12437,Bug_Complaint
24679,YOUTUBE,12439,Store_UX
24680,YOUTUBE,12445,Bug_Complaint
24681,YOUTUBE,12446,Nostalgia
24682,YOUTUBE,12453,Bug_Complaint
24683,YOUTUBE,12456,Price
24684,YOUTUBE,12457,Hype
24685,YOUTUBE,12458,Performance
24686,YOUTUBE,12463,Store_UX
24687,YOUTUBE,12464,Price
24688,YOUTUBE,12468,Multiplayer
24689,YOUTUBE,12476,Multiplayer
24690,YOUTUBE,12483,Exclusivity
24691,YOUTUBE,12505,Hype
24692,YOUTUBE,12512,Price
24693,YOUTUBE,12518,Nostalgia
24694,YOUTUBE,12549,Bug_Complaint
24695,YOUTUBE,12551,Store_UX
24696,YOUTUBE,12552,Price
24697,YOUTUBE,12572,Multiplayer
24698,YOUTUBE,12582,Nostalgia
24699,YOUTUBE,12610,Performance
24700,YOUTUBE,12621,Bug_Complaint
24701,YOUTUBE,12622,Nostalgia
24702,YOUTUBE,12626,Performance
24703,YOUTUBE,12659,Exclusivity
24704,YOUTUBE,12664,Price
24705,YOUTUBE,12665,Hype
24706,YOUTUBE,12666,Performance
24707,YOUTUBE,12694,Nostalgia
24708,YOUTUBE,12702,Nostalgia
24709,YOUTUBE,12709,Bug_Complaint
24710,YOUTUBE,12716,Multiplayer
24711,YOUTUBE,12736,Price
24712,YOUTUBE,12747,Exclusivity
24713,YOUTUBE,12756,Multiplayer
24714,YOUTUBE,12780,Multiplayer
24715,YOUTUBE,12785,Hype
24716,YOUTUBE,12792,Price
24717,REDDIT,2666,Nostalgia
24718,REDDIT,2674,Exclusivity
24719,REDDIT,2675,Bug_Complaint
24720,REDDIT,2677,Performance
24721,REDDIT,2681,Exclusivity
24722,REDDIT,2682,Multiplayer
24723,REDDIT,2683,Bug_Complaint
24724,REDDIT,2685,Nostalgia
24725,REDDIT,2693,Multiplayer
24726,REDDIT,2695,Performance
24727,REDDIT,2698,Price
24728,REDDIT,2720,Hype
24729,REDDIT,2728,Bug_Complaint
24730,REDDIT,2741,Performance
24731,REDDIT,2752,Multiplayer
24732,REDDIT,2753,Nostalgia
24733,REDDIT,2794,Hype
24734,REDDIT,2795,Nostalgia
24735,REDDIT,2799,Hype
24736,REDDIT,2815,Exclusivity
24737,REDDIT,2817,Performance
24738,REDDIT,2835,Price
24739,REDDIT,2838,Price
24740,REDDIT,2842,Exclusivity
24741,REDDIT,2845,Price
24742,REDDIT,2846,Store_UX
24743,REDDIT,2869,Multiplayer
24744,REDDIT,2875,Performance
24745,REDDIT,2885,Nostalgia
24746,REDDIT,2890,Price
24747,REDDIT,2900,Bug_Complaint
24748,REDDIT,2902,Bug_Complaint
24749,REDDIT,2923,Store_UX
24750,REDDIT,2931,Multiplayer
24751,REDDIT,2937,Price
24752,REDDIT,2939,Exclusivity
24753,REDDIT,2942,Price
24754,REDDIT,2945,Exclusivity
24755,REDDIT,2963,Bug_Complaint
24756,REDDIT,2974,Price
24757,REDDIT,2977,Price
24758,REDDIT,2979,Price
24759,REDDIT,2988,Nostalgia
24760,REDDIT,2995,Bug_Complaint
24761,REDDIT,3004,Performance
24762,REDDIT,3029,Store_UX
24763,REDDIT,3030,Exclusivity
24764,REDDIT,3038,Exclusivity
24765,REDDIT,3051,Multiplayer
24766,REDDIT,3053,Exclusivity
24767,REDDIT,3057,Nostalgia
24768,REDDIT,3063,Bug_Complaint
24769,REDDIT,3066,Bug_Complaint
24770,REDDIT,3070,Price
24771,REDDIT,3071,Performance
24772,REDDIT,3072,Multiplayer
24773,REDDIT,3073,Exclusivity
24774,REDDIT,3077,Bug_Complaint
24775,REDDIT,3111,Bug_Complaint
24776,REDDIT,3124,Store_UX
24777,REDDIT,3127,Bug_Complaint
24778,REDDIT,3149,Multiplayer
24779,REDDIT,3161,Price
24780,REDDIT,3170,Hype
24781,REDDIT,3187,Nostalgia
24782,REDDIT,3189,Hype
24783,REDDIT,3193,Price
24784,REDDIT,3202,Bug_Complaint
24785,REDDIT,3216,Bug_Complaint
24786,REDDIT,3229,Price
24787,REDDIT,3233,Multiplayer
24788,REDDIT,3237,Exclusivity
24789,REDDIT,3238,Exclusivity
24790,REDDIT,3245,Multiplayer
24791,REDDIT,3250,Multiplayer
24792,REDDIT,3251,Bug_Complaint
24793,REDDIT,3261,Performance
24794,REDDIT,3273,Nostalgia
24795,REDDIT,3275,Nostalgia
24796,REDDIT,3294,Multiplayer
24797,REDDIT,3295,Exclusivity
24798,REDDIT,3303,Hype
24799,REDDIT,3321,Multiplayer
24800,REDDIT,3325,Nostalgia
24801,YOUTUBE,12806,Nostalgia
24802,YOUTUBE,12807,Store_UX
24803,YOUTUBE,12821,Bug_Complaint
24804,YOUTUBE,12832,Price
24805,YOUTUBE,12848,Price
24806,YOUTUBE,12853,Bug_Complaint
24807,YOUTUBE,12854,Nostalgia
24808,YOUTUBE,12863,Store_UX
24809,YOUTUBE,12870,Nostalgia
24810,YOUTUBE,12874,Performance
24811,YOUTUBE,12913,Hype
24812,YOUTUBE,12918,Nostalgia
24813,YOUTUBE,12921,Hype
24814,YOUTUBE,12927,Store_UX
24815,YOUTUBE,12932,Multiplayer
24816,YOUTUBE,12933,Bug_Complaint
24817,YOUTUBE,12938,Performance
24818,YOUTUBE,12940,Multiplayer
24819,YOUTUBE,12949,Bug_Complaint
24820,YOUTUBE,12950,Nostalgia
24821,YOUTUBE,12963,Exclusivity
24822,YOUTUBE,12967,Store_UX
24823,YOUTUBE,12980,Multiplayer
24824,YOUTUBE,12982,Nostalgia
24825,YOUTUBE,12996,Multiplayer
24826,YOUTUBE,13004,Multiplayer
24827,YOUTUBE,13021,Bug_Complaint
24828,YOUTUBE,13024,Price
24829,YOUTUBE,13028,Multiplayer
24830,YOUTUBE,13033,Hype
24831,YOUTUBE,13034,Performance
24832,YOUTUBE,13042,Performance
24833,YOUTUBE,13043,Exclusivity
24834,YOUTUBE,13053,Bug_Complaint
24835,YOUTUBE,13056,Price
24836,YOUTUBE,13065,Hype
24837,YOUTUBE,13069,Bug_Complaint
24838,YOUTUBE,13075,Exclusivity
24839,YOUTUBE,13079,Store_UX
24840,YOUTUBE,13083,Exclusivity
24841,YOUTUBE,13089,Hype
24842,YOUTUBE,13095,Store_UX
24843,YOUTUBE,13113,Hype
24844,YOUTUBE,13114,Performance
24845,YOUTUBE,13121,Hype
24846,YOUTUBE,13124,Multiplayer
24847,YOUTUBE,13155,Exclusivity
24848,YOUTUBE,13166,Nostalgia
24849,YOUTUBE,13170,Performance
24850,YOUTUBE,13172,Multiplayer
24851,YOUTUBE,13184,Price
24852,YOUTUBE,13186,Performance
24853,YOUTUBE,13193,Hype
24854,YOUTUBE,13198,Nostalgia
24855,YOUTUBE,13213,Bug_Complaint
24856,YOUTUBE,13218,Performance
24857,YOUTUBE,13225,Hype
24858,YOUTUBE,13231,Store_UX
24859,YOUTUBE,13235,Exclusivity
24860,YOUTUBE,13239,Store_UX
24861,YOUTUBE,13242,Performance
24862,YOUTUBE,13248,Price
24863,YOUTUBE,13253,Bug_Complaint
24864,YOUTUBE,13255,Store_UX
24865,YOUTUBE,13257,Hype
24866,YOUTUBE,13262,Nostalgia
24867,YOUTUBE,13293,Bug_Complaint
24868,YOUTUBE,13302,Nostalgia
24869,YOUTUBE,13318,Nostalgia
24870,YOUTUBE,13338,Performance
24871,YOUTUBE,13355,Exclusivity
24872,YOUTUBE,13357,Bug_Complaint
24873,YOUTUBE,13360,Price
24874,YOUTUBE,13365,Bug_Complaint
24875,YOUTUBE,13375,Store_UX
24876,YOUTUBE,13381,Bug_Complaint
24877,YOUTUBE,13399,Store_UX
24878,YOUTUBE,13418,Performance
24879,YOUTUBE,13440,Price
24880,YOUTUBE,13443,Exclusivity
24881,YOUTUBE,13446,Nostalgia
24882,YOUTUBE,13459,Exclusivity
24883,YOUTUBE,13463,Store_UX
24884,YOUTUBE,13488,Price
24885,YOUTUBE,13494,Nostalgia
24886,YOUTUBE,13499,Exclusivity
24887,YOUTUBE,13515,Exclusivity
24888,YOUTUBE,13520,Price
24889,YOUTUBE,13524,Multiplayer
24890,YOUTUBE,13529,Hype
24891,YOUTUBE,13584,Price
24892,YOUTUBE,13592,Price
24893,YOUTUBE,13596,Multiplayer
24894,YOUTUBE,13597,Bug_Complaint
24895,YOUTUBE,13599,Store_UX
24896,YOUTUBE,13605,Bug_Complaint
24897,YOUTUBE,13607,Store_UX
24898,YOUTUBE,13674,Performance
24899,YOUTUBE,13692,Multiplayer
24900,YOUTUBE,13703,Store_UX
24901,YOUTUBE,13707,Exclusivity
24902,YOUTUBE,13711,Store_UX
24903,YOUTUBE,13712,Price
24904,YOUTUBE,13715,Exclusivity
24905,YOUTUBE,13727,Store_UX
24906,YOUTUBE,13735,Store_UX
24907,YOUTUBE,13745,Hype
24908,YOUTUBE,13766,Nostalgia
24909,YOUTUBE,13769,Hype
24910,YOUTUBE,13770,Performance
24911,YOUTUBE,13775,Store_UX
24912,YOUTUBE,13796,Multiplayer
24913,YOUTUBE,13797,Bug_Complaint
24914,YOUTUBE,13802,Performance
24915,YOUTUBE,13804,Multiplayer
24916,YOUTUBE,13819,Exclusivity
24917,YOUTUBE,13836,Multiplayer
24918,YOUTUBE,13842,Performance
24919,YOUTUBE,13843,Exclusivity
24920,YOUTUBE,13844,Multiplayer
24921,YOUTUBE,13854,Nostalgia
24922,YOUTUBE,13858,Performance
24923,YOUTUBE,13874,Performance
24924,YOUTUBE,13883,Exclusivity
24925,YOUTUBE,13902,Nostalgia
24926,YOUTUBE,13912,Price
24927,YOUTUBE,13913,Hype
24928,YOUTUBE,13914,Performance
24929,YOUTUBE,13919,Store_UX
24930,YOUTUBE,13920,Price
24931,YOUTUBE,13923,Exclusivity
24932,YOUTUBE,13926,Nostalgia
24933,YOUTUBE,13940,Multiplayer
24934,YOUTUBE,13961,Hype
24935,YOUTUBE,13966,Nostalgia
24936,YOUTUBE,13979,Exclusivity
24937,YOUTUBE,13981,Bug_Complaint
24938,YOUTUBE,14015,Store_UX
24939,YOUTUBE,14016,Price
24940,YOUTUBE,14017,Hype
24941,YOUTUBE,14018,Performance
24942,YOUTUBE,14021,Bug_Complaint
24943,YOUTUBE,14037,Bug_Complaint
24944,YOUTUBE,14039,Store_UX
24945,YOUTUBE,14043,Exclusivity
24946,YOUTUBE,14048,Price
24947,YOUTUBE,14058,Performance
24948,YOUTUBE,14069,Bug_Complaint
24949,YOUTUBE,14070,Nostalgia
24950,YOUTUBE,14080,Price
24951,YOUTUBE,14090,Performance
24952,YOUTUBE,14091,Exclusivity
24953,YOUTUBE,14093,Bug_Complaint
24954,YOUTUBE,14099,Exclusivity
24955,YOUTUBE,14100,Multiplayer
24956,YOUTUBE,14118,Nostalgia
24957,YOUTUBE,14134,Nostalgia
24958,YOUTUBE,14171,Exclusivity
24959,YOUTUBE,14173,Bug_Complaint
24960,YOUTUBE,14176,Price
24961,YOUTUBE,14178,Performance
24962,YOUTUBE,14188,Multiplayer
24963,YOUTUBE,14189,Bug_Complaint
24964,YOUTUBE,14214,Nostalgia
24965,YOUTUBE,14223,Store_UX
24966,YOUTUBE,14232,Price
24967,YOUTUBE,14234,Performance
24968,YOUTUBE,14258,Performance
24969,YOUTUBE,14262,Nostalgia
24970,YOUTUBE,14265,Hype
24971,YOUTUBE,14276,Multiplayer
24972,YOUTUBE,14285,Bug_Complaint
24973,YOUTUBE,14293,Bug_Complaint
24974,YOUTUBE,14316,Multiplayer
24975,YOUTUBE,14318,Nostalgia
24976,YOUTUBE,14327,Store_UX
24977,YOUTUBE,14328,Price
24978,YOUTUBE,14337,Hype
24979,YOUTUBE,14346,Performance
24980,YOUTUBE,14356,Multiplayer
24981,YOUTUBE,14358,Nostalgia
24982,YOUTUBE,14365,Bug_Complaint
24983,YOUTUBE,14369,Hype
24984,YOUTUBE,14373,Bug_Complaint
24985,YOUTUBE,14376,Price
24986,YOUTUBE,14384,Price
24987,YOUTUBE,14390,Nostalgia
24988,YOUTUBE,14393,Hype
24989,YOUTUBE,14397,Bug_Complaint
24990,YOUTUBE,14400,Price
24991,YOUTUBE,14403,Exclusivity
24992,YOUTUBE,14404,Multiplayer
24993,YOUTUBE,14408,Price
24994,YOUTUBE,14412,Multiplayer
24995,YOUTUBE,14420,Multiplayer
24996,YOUTUBE,14427,Exclusivity
24997,YOUTUBE,14432,Price
24998,YOUTUBE,14462,Nostalgia
24999,YOUTUBE,14465,Hype
25000,YOUTUBE,14473,Hype
25001,YOUTUBE,14474,Performance
25002,YOUTUBE,14479,Store_UX
25003,YOUTUBE,14507,Exclusivity
25004,YOUTUBE,14511,Store_UX
25005,YOUTUBE,14517,Bug_Complaint
25006,YOUTUBE,14530,Performance
25007,YOUTUBE,14551,Store_UX
25008,YOUTUBE,14553,Hype
25009,YOUTUBE,14562,Performance
25010,YOUTUBE,14578,Performance
25011,YOUTUBE,14582,Nostalgia
25012,YOUTUBE,14584,Price
25013,YOUTUBE,14597,Bug_Complaint
25014,YOUTUBE,14604,Multiplayer
25015,YOUTUBE,14609,Hype
25016,YOUTUBE,14615,Store_UX
25017,YOUTUBE,14638,Nostalgia
25018,YOUTUBE,14641,Hype
25019,YOUTUBE,14644,Multiplayer
25020,YOUTUBE,14650,Performance
25021,YOUTUBE,14654,Nostalgia
25022,YOUTUBE,14655,Store_UX
25023,YOUTUBE,14657,Hype
25024,YOUTUBE,14662,Nostalgia
25025,YOUTUBE,14664,Price
25026,YOUTUBE,14667,Exclusivity
25027,YOUTUBE,14688,Price
25028,YOUTUBE,14697,Hype
25029,YOUTUBE,14705,Hype
25030,YOUTUBE,14725,Bug_Complaint
25031,YOUTUBE,14726,Nostalgia
25032,YOUTUBE,14732,Multiplayer
25033,YOUTUBE,14745,Hype
25034,YOUTUBE,14783,Store_UX
25035,YOUTUBE,14784,Price
25036,YOUTUBE,14786,Performance
25037,YOUTUBE,14796,Multiplayer
25038,YOUTUBE,14798,Nostalgia
25039,YOUTUBE,14799,Store_UX
25040,YOUTUBE,14832,Price
25041,YOUTUBE,14857,Hype
25042,YOUTUBE,14875,Exclusivity
25043,YOUTUBE,14889,Hype
25044,YOUTUBE,14897,Hype
25045,YOUTUBE,14904,Price
25046,YOUTUBE,14914,Performance
25047,YOUTUBE,14917,Bug_Complaint
25048,YOUTUBE,14918,Nostalgia
25049,YOUTUBE,14942,Nostalgia
25050,YOUTUBE,14960,Price
25051,YOUTUBE,14964,Multiplayer
25052,YOUTUBE,14965,Bug_Complaint
25053,YOUTUBE,14968,Price
25054,YOUTUBE,14984,Price
25055,YOUTUBE,14988,Multiplayer
25056,YOUTUBE,14990,Nostalgia
25057,YOUTUBE,14992,Price
25058,YOUTUBE,14996,Multiplayer
25059,YOUTUBE,14998,Nostalgia
25060,YOUTUBE,15004,Multiplayer
25061,YOUTUBE,15005,Bug_Complaint
25062,YOUTUBE,15012,Multiplayer
25063,YOUTUBE,15015,Store_UX
25064,YOUTUBE,15016,Price
25065,YOUTUBE,15017,Hype
25066,YOUTUBE,15022,Nostalgia
25067,YOUTUBE,15023,Store_UX
25068,YOUTUBE,15027,Exclusivity
25069,YOUTUBE,15035,Exclusivity
25070,YOUTUBE,15042,Performance
25071,YOUTUBE,15064,Price
25072,YOUTUBE,15071,Store_UX
25073,YOUTUBE,15077,Bug_Complaint
25074,YOUTUBE,15108,Multiplayer
25075,YOUTUBE,15110,Nostalgia
25076,YOUTUBE,15111,Store_UX
25077,YOUTUBE,15131,Exclusivity
25078,YOUTUBE,15141,Bug_Complaint
25079,YOUTUBE,15169,Hype
25080,YOUTUBE,15180,Multiplayer
25081,YOUTUBE,15181,Bug_Complaint
25082,YOUTUBE,15185,Hype
25083,YOUTUBE,15218,Performance
25084,YOUTUBE,15223,Store_UX
25085,YOUTUBE,15224,Price
25086,YOUTUBE,15225,Hype
25087,YOUTUBE,15253,Bug_Complaint
25088,YOUTUBE,15261,Bug_Complaint
25089,YOUTUBE,15268,Multiplayer
25090,YOUTUBE,15275,Exclusivity
25091,YOUTUBE,15295,Store_UX
25092,YOUTUBE,15306,Performance
25093,YOUTUBE,15315,Exclusivity
25094,YOUTUBE,15339,Exclusivity
25095,YOUTUBE,15344,Price
25096,YOUTUBE,15351,Store_UX
25097,YOUTUBE,7680,Price
25098,YOUTUBE,7704,Price
25099,YOUTUBE,7719,Store_UX
25100,YOUTUBE,7742,Nostalgia
25101,YOUTUBE,7753,Hype
25102,YOUTUBE,7759,Store_UX
25103,YOUTUBE,7767,Store_UX
25104,YOUTUBE,7777,Hype
25105,YOUTUBE,7782,Nostalgia
25106,YOUTUBE,7795,Exclusivity
25107,YOUTUBE,7806,Nostalgia
25108,YOUTUBE,7813,Bug_Complaint
25109,YOUTUBE,7814,Nostalgia
25110,YOUTUBE,7845,Bug_Complaint
25111,YOUTUBE,7851,Exclusivity
25112,YOUTUBE,7858,Performance
25113,YOUTUBE,7860,Multiplayer
25114,YOUTUBE,7862,Nostalgia
25115,YOUTUBE,7869,Bug_Complaint
25116,YOUTUBE,7875,Exclusivity
25117,YOUTUBE,7889,Hype
25118,YOUTUBE,7899,Exclusivity
25119,YOUTUBE,7917,Bug_Complaint
25120,YOUTUBE,7923,Exclusivity
25121,YOUTUBE,7926,Nostalgia
25122,YOUTUBE,7929,Hype
25123,YOUTUBE,7952,Price
25124,YOUTUBE,7969,Hype
25125,YOUTUBE,7979,Exclusivity
25126,YOUTUBE,7981,Bug_Complaint
25127,YOUTUBE,7988,Multiplayer
25128,YOUTUBE,7990,Nostalgia
25129,YOUTUBE,7993,Hype
25130,YOUTUBE,8000,Price
25131,YOUTUBE,8014,Nostalgia
25132,YOUTUBE,8019,Exclusivity
25133,YOUTUBE,8027,Exclusivity
25134,YOUTUBE,8028,Multiplayer
25135,YOUTUBE,8031,Store_UX
25136,YOUTUBE,8052,Multiplayer
25137,YOUTUBE,8055,Store_UX
25138,YOUTUBE,8058,Performance
25139,YOUTUBE,8060,Multiplayer
25140,YOUTUBE,8064,Price
25141,YOUTUBE,8071,Store_UX
25142,YOUTUBE,8078,Nostalgia
25143,YOUTUBE,8083,Exclusivity
25144,YOUTUBE,8089,Hype
25145,YOUTUBE,8117,Bug_Complaint
25146,YOUTUBE,8123,Exclusivity
25147,YOUTUBE,8127,Store_UX
25148,YOUTUBE,8140,Multiplayer
25149,YOUTUBE,8141,Bug_Complaint
25150,YOUTUBE,8148,Multiplayer
25151,YOUTUBE,8164,Multiplayer
25152,YOUTUBE,8169,Hype
25153,YOUTUBE,8171,Exclusivity
25154,YOUTUBE,8177,Hype
25155,YOUTUBE,8178,Performance
25156,YOUTUBE,8181,Bug_Complaint
25157,YOUTUBE,8191,Store_UX
25158,YOUTUBE,8192,Price
25159,YOUTUBE,8193,Hype
25160,YOUTUBE,8199,Store_UX
25161,YOUTUBE,8205,Bug_Complaint
25162,YOUTUBE,8217,Hype
25163,YOUTUBE,8221,Bug_Complaint
25164,YOUTUBE,8222,Nostalgia
25165,YOUTUBE,8228,Multiplayer
25166,YOUTUBE,8232,Price
25167,YOUTUBE,8235,Exclusivity
25168,YOUTUBE,8238,Nostalgia
25169,YOUTUBE,8251,Exclusivity
25170,YOUTUBE,8264,Price
25171,YOUTUBE,8266,Performance
25172,YOUTUBE,8276,Multiplayer
25173,YOUTUBE,8283,Exclusivity
25174,YOUTUBE,8287,Store_UX
25175,YOUTUBE,8288,Price
25176,YOUTUBE,8290,Performance
25177,YOUTUBE,8291,Exclusivity
25178,YOUTUBE,8293,Bug_Complaint
25179,YOUTUBE,8300,Multiplayer
25180,YOUTUBE,8304,Price
25181,YOUTUBE,8313,Hype
25182,YOUTUBE,8323,Exclusivity
25183,YOUTUBE,8325,Bug_Complaint
25184,YOUTUBE,8331,Exclusivity
25185,YOUTUBE,8345,Hype
25186,YOUTUBE,8357,Bug_Complaint
25187,YOUTUBE,8379,Exclusivity
25188,YOUTUBE,8386,Performance
25189,YOUTUBE,8391,Store_UX
25190,YOUTUBE,8399,Store_UX
25191,YOUTUBE,8411,Exclusivity
25192,YOUTUBE,8413,Bug_Complaint
25193,YOUTUBE,8421,Bug_Complaint
25194,YOUTUBE,8433,Hype
25195,YOUTUBE,8435,Exclusivity
25196,YOUTUBE,8457,Hype
25197,YOUTUBE,8458,Performance
25198,YOUTUBE,8470,Nostalgia
25199,YOUTUBE,8473,Hype
25200,YOUTUBE,8477,Bug_Complaint
25201,YOUTUBE,8481,Hype
25202,YOUTUBE,8494,Nostalgia
25203,YOUTUBE,8496,Price
25204,YOUTUBE,8504,Price
25205,YOUTUBE,8513,Hype
25206,YOUTUBE,8523,Exclusivity
25207,YOUTUBE,8531,Exclusivity
25208,YOUTUBE,8534,Nostalgia
25209,YOUTUBE,8536,Price
25210,YOUTUBE,8545,Hype
25211,YOUTUBE,8561,Hype
25212,YOUTUBE,8578,Performance
25213,YOUTUBE,8585,Hype
25214,YOUTUBE,8586,Performance
25215,YOUTUBE,8596,Multiplayer
25216,YOUTUBE,8611,Exclusivity
25217,YOUTUBE,8614,Nostalgia
25218,YOUTUBE,8620,Multiplayer
25219,YOUTUBE,8627,Exclusivity
25220,YOUTUBE,8631,Store_UX
25221,YOUTUBE,8640,Price
25222,YOUTUBE,8645,Bug_Complaint
25223,YOUTUBE,8653,Bug_Complaint
25224,YOUTUBE,8654,Nostalgia
25225,YOUTUBE,8669,Bug_Complaint
25226,YOUTUBE,8670,Nostalgia
25227,YOUTUBE,8674,Performance
25228,YOUTUBE,8679,Store_UX
25229,YOUTUBE,8703,Store_UX
25230,YOUTUBE,8704,Price
25231,YOUTUBE,8709,Bug_Complaint
25232,YOUTUBE,8713,Hype
25233,YOUTUBE,8723,Exclusivity
25234,YOUTUBE,8724,Multiplayer
25235,YOUTUBE,8728,Price
25236,YOUTUBE,8731,Exclusivity
25237,YOUTUBE,8737,Hype
25238,YOUTUBE,8747,Exclusivity
25239,YOUTUBE,8752,Price
25240,YOUTUBE,8753,Hype
25241,YOUTUBE,8764,Multiplayer
25242,YOUTUBE,8772,Multiplayer
25243,YOUTUBE,8775,Store_UX
25244,YOUTUBE,8788,Multiplayer
25245,YOUTUBE,8791,Store_UX
25246,YOUTUBE,8817,Hype
25247,YOUTUBE,8835,Exclusivity
25248,YOUTUBE,8842,Performance
25249,YOUTUBE,8843,Exclusivity
25250,YOUTUBE,8849,Hype
25251,YOUTUBE,8857,Hype
25252,YOUTUBE,8859,Exclusivity
25253,YOUTUBE,8862,Nostalgia
25254,YOUTUBE,8874,Performance
25255,YOUTUBE,8879,Store_UX
25256,YOUTUBE,8887,Store_UX
25257,YOUTUBE,8895,Store_UX
25258,YOUTUBE,8899,Exclusivity
25259,YOUTUBE,8909,Bug_Complaint
25260,YOUTUBE,8917,Bug_Complaint
25261,YOUTUBE,8918,Nostalgia
25262,YOUTUBE,8919,Store_UX
25263,YOUTUBE,8938,Performance
25264,YOUTUBE,8952,Price
25265,YOUTUBE,8953,Hype
25266,YOUTUBE,8975,Store_UX
25267,YOUTUBE,8977,Hype
25268,YOUTUBE,8982,Nostalgia
25269,YOUTUBE,8983,Store_UX
25270,YOUTUBE,9009,Hype
25271,YOUTUBE,9010,Performance
25272,YOUTUBE,9017,Hype
25273,YOUTUBE,9025,Hype
25274,YOUTUBE,9035,Exclusivity
25275,YOUTUBE,9041,Hype
25276,YOUTUBE,9044,Multiplayer
25277,YOUTUBE,9052,Multiplayer
25278,YOUTUBE,9068,Multiplayer
25279,YOUTUBE,9069,Bug_Complaint
25280,YOUTUBE,9077,Bug_Complaint
25281,YOUTUBE,9088,Price
25282,YOUTUBE,9096,Price
25283,YOUTUBE,9102,Nostalgia
25284,YOUTUBE,9104,Price
25285,YOUTUBE,9108,Multiplayer
25286,YOUTUBE,9109,Bug_Complaint
25287,YOUTUBE,9112,Price
25288,YOUTUBE,9117,Bug_Complaint
25289,YOUTUBE,9118,Nostalgia
25290,YOUTUBE,9155,Exclusivity
25291,YOUTUBE,9156,Multiplayer
25292,YOUTUBE,9161,Hype
25293,YOUTUBE,9163,Exclusivity
25294,YOUTUBE,9164,Multiplayer
25295,YOUTUBE,9169,Hype
25296,YOUTUBE,9173,Bug_Complaint
25297,YOUTUBE,9180,Multiplayer
25298,YOUTUBE,9183,Store_UX
25299,YOUTUBE,9186,Performance
25300,YOUTUBE,9188,Multiplayer
25301,YOUTUBE,9200,Price
25302,YOUTUBE,9237,Bug_Complaint
25303,YOUTUBE,9247,Store_UX
25304,YOUTUBE,9267,Exclusivity
25305,YOUTUBE,9278,Nostalgia
25306,YOUTUBE,9285,Bug_Complaint
25307,YOUTUBE,9297,Hype
25308,YOUTUBE,9302,Nostalgia
25309,YOUTUBE,9303,Store_UX
25310,YOUTUBE,9316,Multiplayer
25311,YOUTUBE,9334,Nostalgia
25312,YOUTUBE,9338,Performance
25313,YOUTUBE,9342,Nostalgia
25314,YOUTUBE,9354,Performance
25315,YOUTUBE,9355,Exclusivity
25316,YOUTUBE,9372,Multiplayer
25317,YOUTUBE,9384,Price
25318,YOUTUBE,9397,Bug_Complaint
25319,YOUTUBE,9410,Performance
25320,YOUTUBE,9413,Bug_Complaint
25321,YOUTUBE,9419,Exclusivity
25322,YOUTUBE,9420,Multiplayer
25323,YOUTUBE,9424,Price
25324,YOUTUBE,9427,Exclusivity
25325,YOUTUBE,9434,Performance
25326,YOUTUBE,9441,Hype
25327,YOUTUBE,9452,Multiplayer
25328,YOUTUBE,9454,Nostalgia
25329,YOUTUBE,9484,Multiplayer
25330,YOUTUBE,9487,Store_UX
25331,YOUTUBE,9488,Price
25332,YOUTUBE,9499,Exclusivity
25333,YOUTUBE,9500,Multiplayer
25334,YOUTUBE,9501,Bug_Complaint
25335,YOUTUBE,9504,Price
25336,YOUTUBE,9506,Performance
25337,YOUTUBE,9507,Exclusivity
25338,YOUTUBE,9517,Bug_Complaint
25339,YOUTUBE,9518,Nostalgia
25340,YOUTUBE,9533,Bug_Complaint
25341,YOUTUBE,9535,Store_UX
25342,YOUTUBE,9543,Store_UX
25343,YOUTUBE,9549,Bug_Complaint
25344,YOUTUBE,9550,Nostalgia
25345,YOUTUBE,9551,Store_UX
25346,YOUTUBE,9561,Hype
25347,YOUTUBE,9562,Performance
25348,YOUTUBE,9563,Exclusivity
25349,YOUTUBE,9564,Multiplayer
25350,YOUTUBE,9569,Hype
25351,YOUTUBE,9577,Hype
25352,YOUTUBE,9588,Multiplayer
25353,YOUTUBE,9590,Nostalgia
25354,YOUTUBE,9603,Exclusivity
25355,YOUTUBE,9604,Multiplayer
25356,YOUTUBE,9605,Bug_Complaint
25357,YOUTUBE,9609,Hype
25358,YOUTUBE,9610,Performance
25359,YOUTUBE,9617,Hype
25360,YOUTUBE,9618,Performance
25361,YOUTUBE,9619,Exclusivity
25362,YOUTUBE,9623,Store_UX
25363,YOUTUBE,9638,Nostalgia
25364,YOUTUBE,9642,Performance
25365,YOUTUBE,9646,Nostalgia
25366,YOUTUBE,9667,Exclusivity
25367,YOUTUBE,9673,Hype
25368,YOUTUBE,9685,Bug_Complaint
25369,YOUTUBE,9694,Nostalgia
25370,YOUTUBE,9710,Nostalgia
25371,YOUTUBE,9717,Bug_Complaint
25372,YOUTUBE,9723,Exclusivity
25373,YOUTUBE,9726,Nostalgia
25374,YOUTUBE,9727,Store_UX
25375,YOUTUBE,9757,Bug_Complaint
25376,YOUTUBE,9764,Multiplayer
25377,YOUTUBE,9769,Hype
25378,YOUTUBE,9770,Performance
25379,YOUTUBE,9778,Performance
25380,YOUTUBE,9802,Performance
25381,YOUTUBE,9808,Price
25382,YOUTUBE,9810,Performance
25383,YOUTUBE,9812,Multiplayer
25384,YOUTUBE,9825,Hype
25385,YOUTUBE,9829,Bug_Complaint
25386,YOUTUBE,9853,Bug_Complaint
25387,YOUTUBE,9868,Multiplayer
25388,YOUTUBE,9910,Nostalgia
25389,YOUTUBE,9919,Store_UX
25390,YOUTUBE,9925,Bug_Complaint
25391,YOUTUBE,9927,Store_UX
25392,YOUTUBE,9944,Price
25393,YOUTUBE,9964,Multiplayer
25394,YOUTUBE,9966,Nostalgia
25395,YOUTUBE,9971,Exclusivity
25396,YOUTUBE,9985,Hype
25397,YOUTUBE,9987,Exclusivity
25398,YOUTUBE,10004,Multiplayer
25399,YOUTUBE,10018,Performance
25400,YOUTUBE,10021,Bug_Complaint
25401,YOUTUBE,10038,Nostalgia
25402,YOUTUBE,10042,Performance
25403,YOUTUBE,10048,Price
25404,YOUTUBE,10050,Performance
25405,YOUTUBE,10064,Price
25406,YOUTUBE,10080,Price
25407,YOUTUBE,10081,Hype
25408,YOUTUBE,10083,Exclusivity
25409,YOUTUBE,10099,Exclusivity
25410,YOUTUBE,10106,Performance
25411,YOUTUBE,10134,Nostalgia
25412,YOUTUBE,10150,Nostalgia
25413,YOUTUBE,10151,Store_UX
25414,YOUTUBE,10164,Multiplayer
25415,YOUTUBE,10168,Price
25416,YOUTUBE,10180,Multiplayer
25417,YOUTUBE,10200,Price
25418,YOUTUBE,10221,Bug_Complaint
25419,YOUTUBE,10232,Price
25420,YOUTUBE,10233,Hype
25421,YOUTUBE,10237,Bug_Complaint
25422,YOUTUBE,15364,Multiplayer
25423,YOUTUBE,15372,Multiplayer
25424,YOUTUBE,15373,Bug_Complaint
25425,YOUTUBE,15375,Store_UX
25426,YOUTUBE,15379,Exclusivity
25427,YOUTUBE,15380,Multiplayer
25428,YOUTUBE,15381,Bug_Complaint
25429,YOUTUBE,15383,Store_UX
25430,YOUTUBE,15391,Store_UX
25431,YOUTUBE,15393,Hype
25432,YOUTUBE,15396,Multiplayer
25433,YOUTUBE,15418,Performance
25434,YOUTUBE,15426,Performance
25435,YOUTUBE,15439,Store_UX
25436,YOUTUBE,15450,Performance
25437,YOUTUBE,15451,Exclusivity
25438,YOUTUBE,15492,Multiplayer
25439,YOUTUBE,15493,Bug_Complaint
25440,YOUTUBE,15497,Hype
25441,YOUTUBE,15513,Hype
25442,YOUTUBE,15515,Exclusivity
25443,YOUTUBE,15533,Bug_Complaint
25444,YOUTUBE,15536,Price
25445,YOUTUBE,15540,Multiplayer
25446,YOUTUBE,15543,Store_UX
25447,YOUTUBE,15544,Price
25448,YOUTUBE,15567,Store_UX
25449,YOUTUBE,15573,Bug_Complaint
25450,YOUTUBE,15583,Store_UX
25451,YOUTUBE,15588,Multiplayer
25452,YOUTUBE,15598,Nostalgia
25453,YOUTUBE,15600,Price
25454,YOUTUBE,15621,Bug_Complaint
25455,YOUTUBE,15629,Bug_Complaint
25456,YOUTUBE,15635,Exclusivity
25457,YOUTUBE,15637,Bug_Complaint
25458,YOUTUBE,15640,Price
25459,YOUTUBE,15643,Exclusivity
25460,YOUTUBE,15661,Bug_Complaint
25461,YOUTUBE,15672,Price
25462,YOUTUBE,15675,Exclusivity
25463,YOUTUBE,15677,Bug_Complaint
25464,YOUTUBE,15686,Nostalgia
25465,YOUTUBE,15693,Bug_Complaint
25466,YOUTUBE,15702,Nostalgia
25467,YOUTUBE,15727,Store_UX
25468,YOUTUBE,15728,Price
25469,YOUTUBE,15736,Price
25470,YOUTUBE,15749,Bug_Complaint
25471,YOUTUBE,15751,Store_UX
25472,YOUTUBE,15755,Exclusivity
25473,YOUTUBE,15761,Hype
25474,YOUTUBE,15764,Multiplayer
25475,YOUTUBE,15768,Price
25476,YOUTUBE,15769,Hype
25477,YOUTUBE,15770,Performance
25478,YOUTUBE,15771,Exclusivity
25479,YOUTUBE,15775,Store_UX
25480,YOUTUBE,15809,Hype
25481,YOUTUBE,15822,Nostalgia
25482,YOUTUBE,15825,Hype
25483,YOUTUBE,15847,Store_UX
25484,YOUTUBE,15859,Exclusivity
25485,YOUTUBE,15868,Multiplayer
25486,YOUTUBE,15885,Bug_Complaint
25487,YOUTUBE,15887,Store_UX
25488,YOUTUBE,15891,Exclusivity
25489,YOUTUBE,15900,Multiplayer
25490,YOUTUBE,15914,Performance
25491,YOUTUBE,15927,Store_UX
25492,YOUTUBE,15931,Exclusivity
25493,YOUTUBE,15935,Store_UX
25494,YOUTUBE,15936,Price
25495,YOUTUBE,15943,Store_UX
25496,YOUTUBE,15948,Multiplayer
25497,YOUTUBE,15949,Bug_Complaint
25498,YOUTUBE,15959,Store_UX
25499,YOUTUBE,15971,Exclusivity
25500,YOUTUBE,15973,Bug_Complaint
25501,YOUTUBE,15992,Price
25502,YOUTUBE,15993,Hype
25503,YOUTUBE,16001,Hype
25504,YOUTUBE,16019,Exclusivity
25505,YOUTUBE,16023,Store_UX
25506,YOUTUBE,16031,Store_UX
25507,YOUTUBE,16032,Price
25508,YOUTUBE,16046,Nostalgia
25509,YOUTUBE,16057,Hype
25510,YOUTUBE,16073,Hype
25511,YOUTUBE,16078,Nostalgia
25512,YOUTUBE,16079,Store_UX
25513,YOUTUBE,16088,Price
25514,YOUTUBE,16095,Store_UX
25515,YOUTUBE,16099,Exclusivity
25516,YOUTUBE,16138,Performance
25517,YOUTUBE,16143,Store_UX
25518,YOUTUBE,16146,Performance
25519,YOUTUBE,16152,Price
25520,YOUTUBE,16157,Bug_Complaint
25521,YOUTUBE,16158,Nostalgia
25522,YOUTUBE,16163,Exclusivity
25523,YOUTUBE,16165,Bug_Complaint
25524,YOUTUBE,16174,Nostalgia
25525,YOUTUBE,16175,Store_UX
25526,YOUTUBE,16188,Multiplayer
25527,YOUTUBE,16192,Price
25528,YOUTUBE,16205,Bug_Complaint
25529,YOUTUBE,16207,Store_UX
25530,YOUTUBE,16221,Bug_Complaint
25531,YOUTUBE,16229,Bug_Complaint
25532,YOUTUBE,16246,Nostalgia
25533,YOUTUBE,16249,Hype
25534,YOUTUBE,16253,Bug_Complaint
25535,YOUTUBE,16258,Performance
25536,YOUTUBE,16259,Exclusivity
25537,YOUTUBE,16267,Exclusivity
25538,YOUTUBE,16268,Multiplayer
25539,YOUTUBE,16278,Nostalgia
25540,YOUTUBE,16281,Hype
25541,YOUTUBE,16290,Performance
25542,YOUTUBE,16294,Nostalgia
25543,YOUTUBE,16300,Multiplayer
25544,YOUTUBE,16304,Price
25545,YOUTUBE,16308,Multiplayer
25546,YOUTUBE,16314,Performance
25547,YOUTUBE,16320,Price
25548,YOUTUBE,16338,Performance
25549,YOUTUBE,16339,Exclusivity
25550,YOUTUBE,16346,Performance
25551,YOUTUBE,16349,Bug_Complaint
25552,YOUTUBE,16380,Multiplayer
25553,YOUTUBE,16391,Store_UX
25554,YOUTUBE,16395,Exclusivity
25555,YOUTUBE,16397,Bug_Complaint
25556,YOUTUBE,16409,Hype
25557,YOUTUBE,16411,Exclusivity
25558,YOUTUBE,16418,Performance
25559,YOUTUBE,16423,Store_UX
25560,YOUTUBE,16438,Nostalgia
25561,YOUTUBE,16443,Exclusivity
25562,YOUTUBE,16450,Performance
25563,YOUTUBE,16456,Price
25564,YOUTUBE,16460,Multiplayer
25565,YOUTUBE,16464,Price
25566,YOUTUBE,16467,Exclusivity
25567,YOUTUBE,16473,Hype
25568,YOUTUBE,16478,Nostalgia
25569,YOUTUBE,16480,Price
25570,YOUTUBE,16482,Performance
25571,YOUTUBE,16487,Store_UX
25572,YOUTUBE,16518,Nostalgia
25573,YOUTUBE,16527,Store_UX
25574,YOUTUBE,16543,Store_UX
25575,YOUTUBE,16563,Exclusivity
25576,YOUTUBE,16580,Multiplayer
25577,YOUTUBE,16582,Nostalgia
25578,YOUTUBE,16585,Hype
25579,YOUTUBE,16590,Nostalgia
25580,YOUTUBE,16600,Price
25581,YOUTUBE,16606,Nostalgia
25582,YOUTUBE,16624,Price
25583,YOUTUBE,16643,Exclusivity
25584,YOUTUBE,16665,Hype
25585,YOUTUBE,16668,Multiplayer
25586,YOUTUBE,16671,Store_UX
25587,YOUTUBE,16684,Multiplayer
25588,YOUTUBE,16688,Price
25589,YOUTUBE,16713,Hype
25590,YOUTUBE,16719,Store_UX
25591,YOUTUBE,16724,Multiplayer
25592,YOUTUBE,16740,Multiplayer
25593,YOUTUBE,16745,Hype
25594,YOUTUBE,16749,Bug_Complaint
25595,YOUTUBE,16754,Performance
25596,YOUTUBE,16809,Hype
25597,YOUTUBE,16817,Hype
25598,YOUTUBE,16821,Bug_Complaint
25599,YOUTUBE,16822,Nostalgia
25600,YOUTUBE,16824,Price
25601,YOUTUBE,16830,Nostalgia
25602,YOUTUBE,16832,Price
25603,YOUTUBE,16899,Exclusivity
25604,YOUTUBE,16917,Bug_Complaint
25605,YOUTUBE,16928,Price
25606,YOUTUBE,16932,Multiplayer
25607,YOUTUBE,16936,Price
25608,YOUTUBE,16937,Hype
25609,YOUTUBE,16940,Multiplayer
25610,YOUTUBE,16952,Price
25611,YOUTUBE,16960,Price
25612,YOUTUBE,16970,Performance
25613,YOUTUBE,16991,Store_UX
25614,YOUTUBE,16994,Performance
25615,YOUTUBE,16995,Exclusivity
25616,YOUTUBE,17000,Price
25617,YOUTUBE,17021,Bug_Complaint
25618,YOUTUBE,17022,Nostalgia
25619,YOUTUBE,17027,Exclusivity
25620,YOUTUBE,17029,Bug_Complaint
25621,YOUTUBE,17044,Multiplayer
25622,YOUTUBE,17061,Bug_Complaint
25623,YOUTUBE,17067,Exclusivity
25624,YOUTUBE,17068,Multiplayer
25625,YOUTUBE,17069,Bug_Complaint
25626,YOUTUBE,17079,Store_UX
25627,YOUTUBE,17083,Exclusivity
25628,YOUTUBE,17099,Exclusivity
25629,YOUTUBE,17108,Multiplayer
25630,YOUTUBE,17127,Store_UX
25631,YOUTUBE,17137,Hype
25632,YOUTUBE,17138,Performance
25633,YOUTUBE,17139,Exclusivity
25634,YOUTUBE,17144,Price
25635,YOUTUBE,17145,Hype
25636,YOUTUBE,17148,Multiplayer
25637,YOUTUBE,17151,Store_UX
25638,YOUTUBE,17165,Bug_Complaint
25639,YOUTUBE,17186,Performance
25640,YOUTUBE,17191,Store_UX
25641,YOUTUBE,17204,Multiplayer
25642,YOUTUBE,17206,Nostalgia
25643,YOUTUBE,17240,Price
25644,YOUTUBE,17241,Hype
25645,YOUTUBE,17242,Performance
25646,YOUTUBE,17243,Exclusivity
25647,YOUTUBE,17246,Nostalgia
25648,YOUTUBE,17262,Nostalgia
25649,YOUTUBE,17264,Price
25650,YOUTUBE,17268,Multiplayer
25651,YOUTUBE,17273,Hype
25652,YOUTUBE,17283,Exclusivity
25653,YOUTUBE,17294,Nostalgia
25654,YOUTUBE,17295,Store_UX
25655,YOUTUBE,17305,Hype
25656,YOUTUBE,17315,Exclusivity
25657,YOUTUBE,17316,Multiplayer
25658,YOUTUBE,17318,Nostalgia
25659,YOUTUBE,17324,Multiplayer
25660,YOUTUBE,17325,Bug_Complaint
25661,YOUTUBE,17343,Store_UX
25662,YOUTUBE,17359,Store_UX
25663,YOUTUBE,17396,Multiplayer
25664,YOUTUBE,17398,Nostalgia
25665,YOUTUBE,17401,Hype
25666,YOUTUBE,17403,Exclusivity
25667,YOUTUBE,17413,Bug_Complaint
25668,YOUTUBE,17414,Nostalgia
25669,YOUTUBE,17439,Store_UX
25670,YOUTUBE,17448,Price
25671,YOUTUBE,17457,Hype
25672,YOUTUBE,17459,Exclusivity
25673,YOUTUBE,17483,Exclusivity
25674,YOUTUBE,17487,Store_UX
25675,YOUTUBE,17490,Performance
25676,YOUTUBE,17501,Bug_Complaint
25677,YOUTUBE,17510,Nostalgia
25678,YOUTUBE,17518,Nostalgia
25679,YOUTUBE,17541,Bug_Complaint
25680,YOUTUBE,17543,Store_UX
25681,YOUTUBE,17552,Price
25682,YOUTUBE,17553,Hype
25683,YOUTUBE,17562,Performance
25684,YOUTUBE,17571,Exclusivity
25685,YOUTUBE,17581,Bug_Complaint
25686,YOUTUBE,17583,Store_UX
25687,YOUTUBE,17590,Nostalgia
25688,YOUTUBE,17594,Performance
25689,YOUTUBE,17598,Nostalgia
25690,YOUTUBE,17601,Hype
25691,YOUTUBE,17609,Hype
25692,YOUTUBE,17615,Store_UX
25693,YOUTUBE,17618,Performance
25694,YOUTUBE,17622,Nostalgia
25695,YOUTUBE,17625,Hype
25696,YOUTUBE,17628,Multiplayer
25697,YOUTUBE,17629,Bug_Complaint
25698,YOUTUBE,17633,Hype
25699,YOUTUBE,17637,Bug_Complaint
25700,YOUTUBE,17645,Bug_Complaint
25701,YOUTUBE,17652,Multiplayer
25702,YOUTUBE,17657,Hype
25703,YOUTUBE,17687,Store_UX
25704,YOUTUBE,17690,Performance
25705,YOUTUBE,17698,Performance
25706,YOUTUBE,17699,Exclusivity
25707,YOUTUBE,17704,Price
25708,YOUTUBE,17732,Multiplayer
25709,YOUTUBE,17736,Price
25710,YOUTUBE,17742,Nostalgia
25711,YOUTUBE,17755,Exclusivity
25712,YOUTUBE,17776,Price
25713,YOUTUBE,17778,Performance
25714,YOUTUBE,17787,Exclusivity
25715,YOUTUBE,17803,Exclusivity
25716,YOUTUBE,17807,Store_UX
25717,YOUTUBE,17809,Hype
25718,YOUTUBE,17822,Nostalgia
25719,YOUTUBE,17829,Bug_Complaint
25720,YOUTUBE,17834,Performance
25721,YOUTUBE,17840,Price
25722,YOUTUBE,17863,Store_UX
25723,YOUTUBE,17866,Performance
25724,YOUTUBE,17869,Bug_Complaint
25725,YOUTUBE,17875,Exclusivity
25726,YOUTUBE,17879,Store_UX
25727,YOUTUBE,17880,Price
25728,YOUTUBE,17882,Performance
25729,YOUTUBE,17887,Store_UX
25730,YOUTUBE,17889,Hype
25731,YOUTUBE,17892,Multiplayer
25732,YOUTUBE,17913,Hype
25733,REDDIT,4667,Exclusivity
25734,REDDIT,4668,Price
25735,REDDIT,4672,Hype
25736,REDDIT,4685,Multiplayer
25737,REDDIT,4695,Bug_Complaint
25738,REDDIT,4706,Price
25739,REDDIT,4715,Multiplayer
25740,REDDIT,4731,Store_UX
25741,REDDIT,4740,Performance
25742,REDDIT,4741,Multiplayer
25743,REDDIT,4757,Store_UX
25744,REDDIT,4784,Store_UX
25745,REDDIT,4788,Exclusivity
25746,REDDIT,4797,Bug_Complaint
25747,REDDIT,4819,Performance
25748,REDDIT,4824,Multiplayer
25749,REDDIT,4826,Multiplayer
25750,REDDIT,4839,Store_UX
25751,REDDIT,4842,Price
25752,REDDIT,4846,Store_UX
25753,REDDIT,4852,Exclusivity
25754,REDDIT,4861,Price
25755,REDDIT,4862,Store_UX
25756,REDDIT,4869,Multiplayer
25757,REDDIT,4877,Price
25758,REDDIT,4882,Hype
25759,REDDIT,4924,Store_UX
25760,REDDIT,4926,Performance
25761,REDDIT,4957,Price
25762,REDDIT,4959,Multiplayer
25763,REDDIT,4964,Price
25764,REDDIT,4971,Bug_Complaint
25765,REDDIT,4979,Bug_Complaint
25766,REDDIT,4984,Exclusivity
25767,REDDIT,4997,Nostalgia
25768,REDDIT,4999,Performance
25769,REDDIT,5015,Store_UX
25770,REDDIT,5018,Price
25771,REDDIT,5023,Bug_Complaint
25772,REDDIT,5028,Nostalgia
25773,REDDIT,5035,Store_UX
25774,REDDIT,5044,Multiplayer
25775,REDDIT,5046,Nostalgia
25776,REDDIT,5055,Performance
25777,REDDIT,5070,Performance
25778,REDDIT,5072,Bug_Complaint
25779,REDDIT,5074,Bug_Complaint
25780,REDDIT,5076,Price
25781,REDDIT,5084,Performance
25782,REDDIT,5137,Performance
25783,REDDIT,5173,Price
25784,REDDIT,5179,Hype
25785,REDDIT,5188,Performance
25786,REDDIT,5201,Nostalgia
25787,REDDIT,5210,Exclusivity
25788,REDDIT,5212,Nostalgia
25789,REDDIT,5217,Nostalgia
25790,REDDIT,5240,Multiplayer
25791,REDDIT,5245,Hype
25792,REDDIT,5267,Hype
25793,REDDIT,5276,Price
25794,REDDIT,5277,Multiplayer
25795,REDDIT,5279,Exclusivity
25796,REDDIT,5283,Exclusivity
25797,REDDIT,5285,Exclusivity
25798,REDDIT,5320,Exclusivity
16034,REDDIT,7,Exclusivity
16035,REDDIT,11,Price
16036,REDDIT,13,Exclusivity
16037,REDDIT,18,Nostalgia
16038,REDDIT,34,Exclusivity
16039,REDDIT,36,Price
16040,REDDIT,44,Multiplayer
16041,REDDIT,46,Hype
16042,REDDIT,48,Performance
16043,REDDIT,55,Multiplayer
16044,REDDIT,62,Exclusivity
16045,REDDIT,66,Bug_Complaint
16046,REDDIT,76,Multiplayer
16047,REDDIT,77,Performance
16048,REDDIT,78,Multiplayer
16049,REDDIT,80,Store_UX
16050,REDDIT,89,Exclusivity
16051,REDDIT,112,Exclusivity
16052,REDDIT,114,Multiplayer
16053,REDDIT,117,Multiplayer
16054,REDDIT,123,Store_UX
16055,REDDIT,124,Performance
16056,REDDIT,128,Store_UX
16057,REDDIT,130,Performance
16058,REDDIT,144,Store_UX
16059,REDDIT,161,Hype
16060,REDDIT,167,Performance
16061,REDDIT,171,Price
16062,REDDIT,174,Multiplayer
16063,REDDIT,180,Performance
16064,REDDIT,196,Price
16065,REDDIT,204,Bug_Complaint
16066,REDDIT,207,Price
16067,REDDIT,213,Hype
16068,REDDIT,218,Store_UX
16069,REDDIT,234,Performance
16070,REDDIT,243,Multiplayer
16071,REDDIT,252,Hype
16072,REDDIT,255,Multiplayer
16073,REDDIT,262,Store_UX
16074,REDDIT,265,Price
16075,REDDIT,269,Multiplayer
16076,REDDIT,276,Bug_Complaint
16077,REDDIT,286,Bug_Complaint
16078,REDDIT,306,Price
16079,REDDIT,309,Performance
16080,REDDIT,333,Price
16081,REDDIT,334,Hype
16082,REDDIT,340,Bug_Complaint
16083,REDDIT,345,Exclusivity
16084,REDDIT,362,Price
16085,REDDIT,365,Exclusivity
16086,REDDIT,387,Store_UX
16087,REDDIT,399,Multiplayer
16088,REDDIT,401,Nostalgia
16089,REDDIT,409,Store_UX
16090,REDDIT,421,Performance
16091,REDDIT,439,Bug_Complaint
16092,REDDIT,440,Store_UX
16093,REDDIT,444,Price
16094,REDDIT,459,Exclusivity
16095,REDDIT,461,Performance
16096,REDDIT,472,Multiplayer
16097,REDDIT,481,Multiplayer
16098,REDDIT,495,Exclusivity
16099,REDDIT,507,Exclusivity
16100,REDDIT,526,Exclusivity
16101,REDDIT,530,Hype
16102,REDDIT,543,Multiplayer
16103,REDDIT,544,Multiplayer
16104,REDDIT,547,Exclusivity
16105,REDDIT,548,Store_UX
16106,REDDIT,554,Price
16107,REDDIT,555,Price
16108,REDDIT,562,Price
16109,REDDIT,564,Hype
16110,REDDIT,575,Performance
16111,REDDIT,580,Nostalgia
16112,REDDIT,582,Performance
16113,REDDIT,589,Hype
16114,REDDIT,596,Price
16115,REDDIT,597,Price
16116,REDDIT,609,Price
16117,REDDIT,612,Exclusivity
16118,REDDIT,620,Multiplayer
16119,REDDIT,625,Bug_Complaint
16120,REDDIT,630,Bug_Complaint
16121,REDDIT,632,Nostalgia
16122,REDDIT,648,Price
16123,YOUTUBE,7,Store_UX
16124,YOUTUBE,12,Multiplayer
16125,YOUTUBE,18,Performance
16126,YOUTUBE,29,Bug_Complaint
16127,YOUTUBE,33,Hype
16128,YOUTUBE,45,Bug_Complaint
16129,YOUTUBE,58,Performance
16130,YOUTUBE,78,Nostalgia
16131,YOUTUBE,98,Performance
16132,YOUTUBE,100,Multiplayer
16133,YOUTUBE,103,Store_UX
16134,YOUTUBE,110,Nostalgia
16135,YOUTUBE,121,Hype
16136,YOUTUBE,126,Nostalgia
16137,YOUTUBE,127,Store_UX
16138,YOUTUBE,139,Exclusivity
16139,YOUTUBE,141,Bug_Complaint
16140,YOUTUBE,147,Exclusivity
16141,YOUTUBE,162,Performance
16142,YOUTUBE,166,Nostalgia
16143,YOUTUBE,171,Exclusivity
16144,YOUTUBE,178,Performance
16145,YOUTUBE,189,Bug_Complaint
16146,YOUTUBE,207,Store_UX
16147,YOUTUBE,211,Exclusivity
16148,YOUTUBE,212,Multiplayer
16149,YOUTUBE,220,Multiplayer
16150,YOUTUBE,231,Store_UX
16151,YOUTUBE,240,Price
16152,YOUTUBE,248,Price
16153,YOUTUBE,262,Nostalgia
16154,YOUTUBE,265,Hype
16155,YOUTUBE,270,Nostalgia
16156,YOUTUBE,274,Performance
16157,YOUTUBE,294,Nostalgia
16158,YOUTUBE,302,Nostalgia
16159,YOUTUBE,333,Bug_Complaint
16160,YOUTUBE,340,Multiplayer
16161,YOUTUBE,341,Bug_Complaint
16162,YOUTUBE,344,Price
16163,YOUTUBE,353,Hype
16164,YOUTUBE,354,Performance
16165,YOUTUBE,364,Multiplayer
16166,YOUTUBE,379,Exclusivity
16167,YOUTUBE,384,Price
16168,YOUTUBE,385,Hype
16169,YOUTUBE,389,Bug_Complaint
16170,YOUTUBE,397,Bug_Complaint
16171,YOUTUBE,398,Nostalgia
16172,YOUTUBE,413,Bug_Complaint
16173,YOUTUBE,447,Store_UX
16174,YOUTUBE,453,Bug_Complaint
16175,YOUTUBE,466,Performance
16176,YOUTUBE,475,Exclusivity
16177,YOUTUBE,477,Bug_Complaint
16178,YOUTUBE,481,Hype
16179,YOUTUBE,486,Nostalgia
16180,YOUTUBE,490,Performance
16181,YOUTUBE,498,Performance
16182,YOUTUBE,505,Hype
16183,YOUTUBE,517,Bug_Complaint
16184,YOUTUBE,518,Nostalgia
16185,YOUTUBE,528,Price
16186,YOUTUBE,529,Hype
16187,YOUTUBE,530,Performance
16188,YOUTUBE,544,Price
16189,YOUTUBE,547,Exclusivity
16190,YOUTUBE,566,Nostalgia
16191,YOUTUBE,580,Multiplayer
16192,YOUTUBE,585,Hype
16193,YOUTUBE,589,Bug_Complaint
16194,YOUTUBE,591,Store_UX
16195,YOUTUBE,596,Multiplayer
16196,YOUTUBE,600,Price
16197,YOUTUBE,603,Exclusivity
16198,YOUTUBE,615,Store_UX
16199,YOUTUBE,618,Performance
16200,YOUTUBE,632,Price
16201,YOUTUBE,651,Exclusivity
16202,YOUTUBE,653,Bug_Complaint
16203,YOUTUBE,666,Performance
16204,YOUTUBE,676,Multiplayer
16205,YOUTUBE,680,Price
16206,YOUTUBE,686,Nostalgia
16207,YOUTUBE,693,Bug_Complaint
16208,YOUTUBE,698,Performance
16209,YOUTUBE,708,Multiplayer
16210,YOUTUBE,710,Nostalgia
16211,YOUTUBE,713,Hype
16212,YOUTUBE,730,Performance
16213,YOUTUBE,736,Price
16214,YOUTUBE,737,Hype
16215,YOUTUBE,739,Exclusivity
16216,YOUTUBE,742,Nostalgia
16217,YOUTUBE,748,Multiplayer
16218,YOUTUBE,760,Price
16219,YOUTUBE,767,Store_UX
16220,YOUTUBE,768,Price
16221,YOUTUBE,778,Performance
16222,YOUTUBE,783,Store_UX
16223,YOUTUBE,795,Exclusivity
16224,YOUTUBE,805,Bug_Complaint
16225,YOUTUBE,806,Nostalgia
16226,YOUTUBE,818,Performance
16227,YOUTUBE,826,Performance
16228,YOUTUBE,827,Exclusivity
16229,YOUTUBE,831,Store_UX
16230,YOUTUBE,835,Exclusivity
16231,YOUTUBE,843,Exclusivity
16232,YOUTUBE,850,Performance
16233,YOUTUBE,865,Hype
16234,YOUTUBE,871,Store_UX
16235,YOUTUBE,875,Exclusivity
16236,YOUTUBE,901,Bug_Complaint
16237,YOUTUBE,906,Performance
16238,YOUTUBE,923,Exclusivity
16239,YOUTUBE,939,Exclusivity
16240,YOUTUBE,952,Price
16241,YOUTUBE,954,Performance
16242,YOUTUBE,955,Exclusivity
16243,YOUTUBE,958,Nostalgia
16244,YOUTUBE,965,Bug_Complaint
16245,YOUTUBE,975,Store_UX
16246,YOUTUBE,984,Price
16247,YOUTUBE,986,Performance
16248,YOUTUBE,1014,Nostalgia
16249,YOUTUBE,1015,Store_UX
16250,YOUTUBE,1026,Performance
16251,YOUTUBE,1048,Price
16252,YOUTUBE,1049,Hype
16253,YOUTUBE,1054,Nostalgia
16254,YOUTUBE,1058,Performance
16255,YOUTUBE,1061,Bug_Complaint
16256,YOUTUBE,1067,Exclusivity
16257,YOUTUBE,1074,Performance
16258,YOUTUBE,1083,Exclusivity
16259,YOUTUBE,1110,Nostalgia
16260,YOUTUBE,1126,Nostalgia
16261,YOUTUBE,1132,Multiplayer
16262,YOUTUBE,1133,Bug_Complaint
16263,YOUTUBE,1141,Bug_Complaint
16264,YOUTUBE,1156,Multiplayer
16265,YOUTUBE,1158,Nostalgia
16266,YOUTUBE,1160,Price
16267,YOUTUBE,1172,Multiplayer
16268,YOUTUBE,1174,Nostalgia
16269,YOUTUBE,1176,Price
16270,YOUTUBE,1179,Exclusivity
16271,YOUTUBE,1180,Multiplayer
16272,YOUTUBE,1188,Multiplayer
16273,YOUTUBE,1191,Store_UX
16274,YOUTUBE,1229,Bug_Complaint
16275,YOUTUBE,1231,Store_UX
16276,YOUTUBE,1252,Multiplayer
16277,YOUTUBE,1273,Hype
16278,YOUTUBE,1279,Store_UX
16279,YOUTUBE,1294,Nostalgia
16280,YOUTUBE,1297,Hype
16281,YOUTUBE,1311,Store_UX
16282,YOUTUBE,1316,Multiplayer
16283,YOUTUBE,1321,Hype
16284,YOUTUBE,1335,Store_UX
16285,YOUTUBE,1338,Performance
16286,YOUTUBE,1344,Price
16287,YOUTUBE,1353,Hype
16288,YOUTUBE,1359,Store_UX
16289,YOUTUBE,1364,Multiplayer
16290,YOUTUBE,1368,Price
16291,YOUTUBE,1369,Hype
16292,YOUTUBE,1374,Nostalgia
16293,YOUTUBE,1376,Price
16294,YOUTUBE,1377,Hype
16295,YOUTUBE,1379,Exclusivity
16296,YOUTUBE,1386,Performance
16297,YOUTUBE,1395,Exclusivity
16298,YOUTUBE,1396,Multiplayer
16299,YOUTUBE,1398,Nostalgia
16300,YOUTUBE,1424,Price
16301,YOUTUBE,1442,Performance
16302,YOUTUBE,1449,Hype
16303,YOUTUBE,1453,Bug_Complaint
16304,YOUTUBE,1466,Performance
16305,YOUTUBE,1473,Hype
16306,YOUTUBE,1479,Store_UX
16307,YOUTUBE,1480,Price
16308,YOUTUBE,1481,Hype
16309,YOUTUBE,1488,Price
16310,YOUTUBE,1491,Exclusivity
16311,YOUTUBE,1506,Performance
16312,YOUTUBE,1509,Bug_Complaint
16313,YOUTUBE,1515,Exclusivity
16314,YOUTUBE,1516,Multiplayer
16315,YOUTUBE,1522,Performance
16316,YOUTUBE,1524,Multiplayer
16317,YOUTUBE,1526,Nostalgia
16318,YOUTUBE,1540,Multiplayer
16319,YOUTUBE,1546,Performance
16320,YOUTUBE,1553,Hype
16321,YOUTUBE,1573,Bug_Complaint
16322,YOUTUBE,1576,Price
16323,YOUTUBE,1581,Bug_Complaint
16324,YOUTUBE,1582,Nostalgia
16325,YOUTUBE,1587,Exclusivity
16326,YOUTUBE,1590,Nostalgia
16327,YOUTUBE,1596,Multiplayer
16328,YOUTUBE,1607,Store_UX
16329,YOUTUBE,1617,Hype
16330,YOUTUBE,1627,Exclusivity
16331,YOUTUBE,1628,Multiplayer
16332,YOUTUBE,1659,Exclusivity
16333,YOUTUBE,1670,Nostalgia
16334,YOUTUBE,1679,Store_UX
16335,YOUTUBE,1685,Bug_Complaint
16336,YOUTUBE,1696,Price
16337,YOUTUBE,1698,Performance
16338,YOUTUBE,1699,Exclusivity
16339,YOUTUBE,1702,Nostalgia
16340,YOUTUBE,1704,Price
16341,YOUTUBE,1708,Multiplayer
16342,YOUTUBE,1720,Price
16343,YOUTUBE,1730,Performance
16344,YOUTUBE,1766,Nostalgia
16345,YOUTUBE,1768,Price
16346,YOUTUBE,1774,Nostalgia
16347,YOUTUBE,1776,Price
16348,YOUTUBE,1785,Hype
16349,YOUTUBE,1789,Bug_Complaint
16350,YOUTUBE,1792,Price
16351,YOUTUBE,1796,Multiplayer
16352,YOUTUBE,1803,Exclusivity
16353,YOUTUBE,1805,Bug_Complaint
16354,YOUTUBE,1816,Price
16355,YOUTUBE,1818,Performance
16356,YOUTUBE,1820,Multiplayer
16357,YOUTUBE,1834,Performance
16358,YOUTUBE,1839,Store_UX
16359,YOUTUBE,1844,Multiplayer
16360,YOUTUBE,1861,Bug_Complaint
16361,YOUTUBE,1877,Bug_Complaint
16362,YOUTUBE,1884,Multiplayer
16363,YOUTUBE,1893,Bug_Complaint
16364,YOUTUBE,1901,Bug_Complaint
16365,YOUTUBE,1909,Bug_Complaint
16366,YOUTUBE,1913,Hype
16367,YOUTUBE,1917,Bug_Complaint
16368,YOUTUBE,1921,Hype
16369,YOUTUBE,1924,Multiplayer
16370,YOUTUBE,1929,Hype
16371,YOUTUBE,1968,Price
16372,YOUTUBE,1996,Multiplayer
16373,YOUTUBE,2007,Store_UX
16374,YOUTUBE,2010,Performance
16375,YOUTUBE,2014,Nostalgia
16376,YOUTUBE,2038,Nostalgia
16377,YOUTUBE,2039,Store_UX
16378,YOUTUBE,2042,Performance
16379,YOUTUBE,2043,Exclusivity
16380,YOUTUBE,2046,Nostalgia
16381,YOUTUBE,2057,Hype
16382,YOUTUBE,2062,Nostalgia
16383,YOUTUBE,2066,Performance
16384,YOUTUBE,2078,Nostalgia
16385,YOUTUBE,2079,Store_UX
16386,YOUTUBE,2092,Multiplayer
16387,YOUTUBE,2094,Nostalgia
16388,YOUTUBE,2095,Store_UX
16389,YOUTUBE,2100,Multiplayer
16390,YOUTUBE,2107,Exclusivity
16391,YOUTUBE,2122,Performance
16392,YOUTUBE,2126,Nostalgia
16393,YOUTUBE,2130,Performance
16394,YOUTUBE,2134,Nostalgia
16395,YOUTUBE,2150,Nostalgia
16396,YOUTUBE,2157,Bug_Complaint
16397,YOUTUBE,2159,Store_UX
16398,YOUTUBE,2173,Bug_Complaint
16399,YOUTUBE,2178,Performance
16400,YOUTUBE,2180,Multiplayer
16401,YOUTUBE,2181,Bug_Complaint
16402,YOUTUBE,2183,Store_UX
16403,YOUTUBE,2197,Bug_Complaint
16404,YOUTUBE,2201,Hype
16405,YOUTUBE,2202,Performance
16406,YOUTUBE,2204,Multiplayer
16407,YOUTUBE,2216,Price
16408,YOUTUBE,2240,Price
16409,YOUTUBE,2247,Store_UX
16410,YOUTUBE,2251,Exclusivity
16411,YOUTUBE,2260,Multiplayer
16412,YOUTUBE,2269,Bug_Complaint
16413,YOUTUBE,2271,Store_UX
16414,YOUTUBE,2274,Performance
16415,YOUTUBE,2276,Multiplayer
16416,YOUTUBE,2277,Bug_Complaint
16417,YOUTUBE,2278,Nostalgia
16418,YOUTUBE,2282,Performance
16419,YOUTUBE,2291,Exclusivity
16420,YOUTUBE,2296,Price
16421,YOUTUBE,2301,Bug_Complaint
16422,YOUTUBE,2320,Price
16423,YOUTUBE,2331,Exclusivity
16424,YOUTUBE,2339,Exclusivity
16425,YOUTUBE,2354,Performance
16426,YOUTUBE,2360,Price
16427,YOUTUBE,2368,Price
16428,YOUTUBE,2385,Hype
16429,YOUTUBE,2390,Nostalgia
16430,YOUTUBE,2396,Multiplayer
16431,YOUTUBE,2401,Hype
16432,YOUTUBE,2402,Performance
16433,YOUTUBE,2410,Performance
16434,YOUTUBE,2411,Exclusivity
16435,YOUTUBE,2412,Multiplayer
16436,YOUTUBE,2422,Nostalgia
16437,YOUTUBE,2446,Nostalgia
16438,YOUTUBE,2450,Performance
16439,YOUTUBE,2454,Nostalgia
16440,YOUTUBE,2460,Multiplayer
16441,YOUTUBE,2472,Price
16442,YOUTUBE,2495,Store_UX
16443,YOUTUBE,2498,Performance
16444,YOUTUBE,2507,Exclusivity
16445,YOUTUBE,2523,Exclusivity
16446,YOUTUBE,2524,Multiplayer
16447,YOUTUBE,2552,Price
16448,YOUTUBE,2557,Bug_Complaint
16449,REDDIT,1337,Multiplayer
16450,REDDIT,1341,Performance
16451,REDDIT,1343,Multiplayer
16452,REDDIT,1348,Multiplayer
16453,REDDIT,1364,Bug_Complaint
16454,REDDIT,1366,Price
16455,REDDIT,1374,Hype
16456,REDDIT,1376,Multiplayer
16457,REDDIT,1378,Multiplayer
16458,REDDIT,1385,Nostalgia
16459,REDDIT,1392,Exclusivity
16460,REDDIT,1396,Multiplayer
16461,REDDIT,1406,Exclusivity
16462,REDDIT,1407,Hype
16463,REDDIT,1408,Hype
16464,REDDIT,1410,Price
16465,REDDIT,1419,Hype
16466,REDDIT,1442,Hype
16467,REDDIT,1444,Bug_Complaint
16468,REDDIT,1447,Price
16469,REDDIT,1453,Multiplayer
16470,REDDIT,1454,Price
16471,REDDIT,1458,Multiplayer
16472,REDDIT,1460,Nostalgia
16473,REDDIT,1474,Price
16474,REDDIT,1491,Bug_Complaint
16475,REDDIT,1497,Store_UX
16476,REDDIT,1501,Exclusivity
16477,REDDIT,1504,Multiplayer
16478,REDDIT,1510,Multiplayer
16479,REDDIT,1526,Hype
16480,REDDIT,1534,Multiplayer
16481,REDDIT,1537,Hype
16482,REDDIT,1543,Store_UX
16483,REDDIT,1548,Multiplayer
16484,REDDIT,1564,Hype
16485,REDDIT,1573,Price
16486,REDDIT,1582,Price
16487,REDDIT,1585,Performance
16488,REDDIT,1592,Performance
16489,REDDIT,1595,Multiplayer
16490,REDDIT,1599,Nostalgia
16491,REDDIT,1606,Nostalgia
16492,REDDIT,1616,Nostalgia
16493,REDDIT,1636,Performance
16494,REDDIT,1639,Multiplayer
16495,REDDIT,1663,Bug_Complaint
16496,REDDIT,1664,Bug_Complaint
16497,REDDIT,1670,Multiplayer
16498,REDDIT,1675,Store_UX
16499,REDDIT,1692,Exclusivity
16500,REDDIT,1695,Multiplayer
16501,REDDIT,1717,Exclusivity
16502,REDDIT,1729,Bug_Complaint
16503,REDDIT,1731,Performance
16504,REDDIT,1739,Price
16505,REDDIT,1751,Nostalgia
16506,REDDIT,1769,Multiplayer
16507,REDDIT,1770,Store_UX
16508,REDDIT,1774,Performance
16509,REDDIT,1789,Price
16510,REDDIT,1791,Store_UX
16511,REDDIT,1802,Exclusivity
16512,REDDIT,1811,Hype
16513,REDDIT,1825,Price
16514,REDDIT,1837,Hype
16515,REDDIT,1856,Hype
16516,REDDIT,1860,Performance
16517,REDDIT,1873,Bug_Complaint
16518,REDDIT,1874,Nostalgia
16519,REDDIT,1877,Performance
16520,REDDIT,1878,Nostalgia
16521,REDDIT,1884,Performance
16522,REDDIT,1885,Exclusivity
16523,REDDIT,1892,Price
16524,REDDIT,1894,Nostalgia
16525,REDDIT,1905,Bug_Complaint
16526,REDDIT,1910,Hype
16527,REDDIT,1912,Exclusivity
16528,REDDIT,1919,Multiplayer
16529,REDDIT,1926,Exclusivity
16530,REDDIT,1927,Nostalgia
16531,REDDIT,1939,Multiplayer
16532,REDDIT,1942,Bug_Complaint
16533,REDDIT,1950,Price
16534,REDDIT,1955,Multiplayer
16535,REDDIT,1960,Price
16536,REDDIT,1962,Hype
16537,REDDIT,1978,Performance
16538,REDDIT,3997,Multiplayer
16539,REDDIT,4002,Multiplayer
16540,REDDIT,4008,Nostalgia
16541,REDDIT,4019,Bug_Complaint
16542,REDDIT,4023,Multiplayer
16543,REDDIT,4035,Performance
16544,REDDIT,4048,Nostalgia
16545,REDDIT,4068,Bug_Complaint
16546,REDDIT,4088,Performance
16547,REDDIT,4090,Performance
16548,REDDIT,4093,Price
16549,REDDIT,4100,Bug_Complaint
16550,REDDIT,4111,Bug_Complaint
16551,REDDIT,4116,Multiplayer
16552,REDDIT,4117,Nostalgia
16553,REDDIT,4129,Bug_Complaint
16554,REDDIT,4131,Performance
16555,REDDIT,4137,Price
16556,REDDIT,4152,Store_UX
16557,REDDIT,4156,Performance
16558,REDDIT,4161,Nostalgia
16559,REDDIT,4168,Nostalgia
16560,REDDIT,4179,Performance
16561,REDDIT,4197,Exclusivity
16562,REDDIT,4201,Price
16563,REDDIT,4202,Exclusivity
16564,REDDIT,4210,Performance
16565,REDDIT,4221,Price
16566,REDDIT,4230,Multiplayer
16567,REDDIT,4238,Multiplayer
16568,REDDIT,4252,Store_UX
16569,REDDIT,4255,Nostalgia
16570,REDDIT,4260,Nostalgia
16571,REDDIT,4264,Store_UX
16572,REDDIT,4284,Exclusivity
16573,REDDIT,4292,Nostalgia
16574,REDDIT,4323,Hype
16575,REDDIT,4330,Bug_Complaint
16576,REDDIT,4331,Multiplayer
16577,REDDIT,4334,Bug_Complaint
16578,REDDIT,4343,Store_UX
16579,REDDIT,4344,Multiplayer
16580,REDDIT,4354,Exclusivity
16581,REDDIT,4369,Multiplayer
16582,REDDIT,4374,Multiplayer
16583,REDDIT,4375,Performance
16584,REDDIT,4379,Price
16585,REDDIT,4387,Multiplayer
16586,REDDIT,4388,Multiplayer
16587,REDDIT,4403,Exclusivity
16588,REDDIT,4437,Price
16589,REDDIT,4443,Store_UX
16590,REDDIT,4456,Exclusivity
16591,REDDIT,4465,Nostalgia
16592,REDDIT,4467,Price
16593,REDDIT,4471,Nostalgia
16594,REDDIT,4476,Performance
16595,REDDIT,4480,Multiplayer
16596,REDDIT,4488,Exclusivity
16597,REDDIT,4495,Store_UX
16598,REDDIT,4507,Multiplayer
16599,REDDIT,4508,Store_UX
16600,REDDIT,4518,Exclusivity
16601,REDDIT,4519,Multiplayer
16602,REDDIT,4520,Bug_Complaint
16603,REDDIT,4534,Nostalgia
16604,REDDIT,4537,Performance
16605,REDDIT,4556,Nostalgia
16606,REDDIT,4570,Hype
16607,REDDIT,4575,Price
16608,REDDIT,4579,Exclusivity
16609,REDDIT,4581,Nostalgia
16610,REDDIT,4586,Bug_Complaint
16611,REDDIT,4590,Performance
16612,REDDIT,4593,Nostalgia
16613,REDDIT,4605,Price
16614,REDDIT,4608,Exclusivity
16615,REDDIT,4622,Price
16616,REDDIT,4641,Performance
16617,REDDIT,4643,Exclusivity
16618,YOUTUBE,2560,Price
16619,YOUTUBE,2570,Performance
16620,YOUTUBE,2574,Nostalgia
16621,YOUTUBE,2580,Multiplayer
16622,YOUTUBE,2587,Exclusivity
16623,YOUTUBE,2592,Price
16624,YOUTUBE,2602,Performance
16625,YOUTUBE,2604,Multiplayer
16626,YOUTUBE,2607,Store_UX
16627,YOUTUBE,2624,Price
16628,YOUTUBE,2630,Nostalgia
16629,YOUTUBE,2631,Store_UX
16630,YOUTUBE,2633,Hype
16631,YOUTUBE,2636,Multiplayer
16632,YOUTUBE,2642,Performance
16633,YOUTUBE,2654,Nostalgia
16634,YOUTUBE,2661,Bug_Complaint
16635,YOUTUBE,2662,Nostalgia
16636,YOUTUBE,2672,Price
16637,YOUTUBE,2677,Bug_Complaint
16638,YOUTUBE,2689,Hype
16639,YOUTUBE,2699,Exclusivity
16640,YOUTUBE,2700,Multiplayer
16641,YOUTUBE,2712,Price
16642,YOUTUBE,2720,Price
16643,YOUTUBE,2721,Hype
16644,YOUTUBE,2725,Bug_Complaint
16645,YOUTUBE,2729,Hype
16646,YOUTUBE,2737,Hype
16647,YOUTUBE,2744,Price
16648,YOUTUBE,2759,Store_UX
16649,YOUTUBE,2765,Bug_Complaint
16650,YOUTUBE,2769,Hype
16651,YOUTUBE,2795,Exclusivity
16652,YOUTUBE,2800,Price
16653,YOUTUBE,2817,Hype
16654,YOUTUBE,2833,Hype
16655,YOUTUBE,2846,Nostalgia
16656,YOUTUBE,2848,Price
16657,YOUTUBE,2849,Hype
16658,YOUTUBE,2852,Multiplayer
16659,YOUTUBE,2859,Exclusivity
16660,YOUTUBE,2869,Bug_Complaint
16661,YOUTUBE,2878,Nostalgia
16662,YOUTUBE,2880,Price
16663,YOUTUBE,2908,Multiplayer
16664,YOUTUBE,2909,Bug_Complaint
16665,YOUTUBE,2920,Price
16666,YOUTUBE,2942,Nostalgia
16667,YOUTUBE,2943,Store_UX
16668,YOUTUBE,2948,Multiplayer
16669,YOUTUBE,2952,Price
16670,YOUTUBE,2955,Exclusivity
16671,YOUTUBE,2961,Hype
16672,YOUTUBE,2968,Price
16673,YOUTUBE,2977,Hype
16674,YOUTUBE,3004,Multiplayer
16675,YOUTUBE,3020,Multiplayer
16676,YOUTUBE,3026,Performance
16677,YOUTUBE,3027,Exclusivity
16678,YOUTUBE,3035,Exclusivity
16679,YOUTUBE,3050,Performance
16680,YOUTUBE,3052,Multiplayer
16681,YOUTUBE,3054,Nostalgia
16682,YOUTUBE,3066,Performance
16683,YOUTUBE,3068,Multiplayer
16684,YOUTUBE,3070,Nostalgia
16685,YOUTUBE,3073,Hype
16686,YOUTUBE,3074,Performance
16687,YOUTUBE,3082,Performance
16688,YOUTUBE,3085,Bug_Complaint
16689,YOUTUBE,3123,Exclusivity
16690,YOUTUBE,3125,Bug_Complaint
16691,YOUTUBE,3146,Performance
16692,YOUTUBE,3167,Store_UX
16693,YOUTUBE,3173,Bug_Complaint
16694,YOUTUBE,3188,Multiplayer
16695,YOUTUBE,3191,Store_UX
16696,YOUTUBE,3205,Bug_Complaint
16697,YOUTUBE,3210,Performance
16698,YOUTUBE,3215,Store_UX
16699,YOUTUBE,3229,Bug_Complaint
16700,YOUTUBE,3232,Price
16701,YOUTUBE,3238,Nostalgia
16702,YOUTUBE,3247,Store_UX
16703,YOUTUBE,3253,Bug_Complaint
16704,YOUTUBE,3258,Performance
16705,YOUTUBE,3262,Nostalgia
16706,YOUTUBE,3263,Store_UX
16707,YOUTUBE,3268,Multiplayer
16708,YOUTUBE,3270,Nostalgia
16709,YOUTUBE,3271,Store_UX
16710,YOUTUBE,3273,Hype
16711,YOUTUBE,3280,Price
16712,YOUTUBE,3289,Hype
16713,YOUTUBE,3290,Performance
16714,YOUTUBE,3292,Multiplayer
16715,YOUTUBE,3318,Nostalgia
16716,YOUTUBE,3336,Price
16717,YOUTUBE,3343,Store_UX
16718,YOUTUBE,3347,Exclusivity
16719,YOUTUBE,3360,Price
16720,YOUTUBE,3367,Store_UX
16721,YOUTUBE,3373,Bug_Complaint
16722,YOUTUBE,3374,Nostalgia
16723,YOUTUBE,3375,Store_UX
16724,YOUTUBE,3382,Nostalgia
16725,YOUTUBE,3385,Hype
16726,YOUTUBE,3400,Price
16727,YOUTUBE,3403,Exclusivity
16728,YOUTUBE,3409,Hype
16729,YOUTUBE,3410,Performance
16730,YOUTUBE,3416,Price
16731,YOUTUBE,3418,Performance
16732,YOUTUBE,3420,Multiplayer
16733,YOUTUBE,3434,Performance
16734,YOUTUBE,3440,Price
16735,YOUTUBE,3447,Store_UX
16736,YOUTUBE,3467,Exclusivity
16737,YOUTUBE,3470,Nostalgia
16738,YOUTUBE,3475,Exclusivity
16739,YOUTUBE,3476,Multiplayer
16740,YOUTUBE,3481,Hype
16741,YOUTUBE,3484,Multiplayer
16742,YOUTUBE,3490,Performance
16743,YOUTUBE,3501,Bug_Complaint
16744,YOUTUBE,3511,Store_UX
16745,YOUTUBE,3521,Hype
16746,YOUTUBE,3522,Performance
16747,YOUTUBE,3553,Hype
16748,YOUTUBE,3564,Multiplayer
16749,YOUTUBE,3573,Bug_Complaint
16750,YOUTUBE,3579,Exclusivity
16751,YOUTUBE,3590,Nostalgia
16752,YOUTUBE,3592,Price
16753,YOUTUBE,3593,Hype
16754,YOUTUBE,3596,Multiplayer
16755,YOUTUBE,3598,Nostalgia
16756,YOUTUBE,3602,Performance
16757,YOUTUBE,3614,Nostalgia
16758,YOUTUBE,3624,Price
16759,YOUTUBE,3660,Multiplayer
16760,YOUTUBE,3662,Nostalgia
16761,YOUTUBE,3668,Multiplayer
16762,YOUTUBE,3670,Nostalgia
16763,YOUTUBE,3679,Store_UX
16764,YOUTUBE,3683,Exclusivity
16765,YOUTUBE,3686,Nostalgia
16766,YOUTUBE,3690,Performance
16767,YOUTUBE,3697,Hype
16768,YOUTUBE,3699,Exclusivity
16769,YOUTUBE,3710,Nostalgia
16770,YOUTUBE,3712,Price
16771,YOUTUBE,3714,Performance
16772,YOUTUBE,3728,Price
16773,YOUTUBE,3733,Bug_Complaint
16774,YOUTUBE,3738,Performance
16775,YOUTUBE,3755,Exclusivity
16776,YOUTUBE,3771,Exclusivity
16777,YOUTUBE,3778,Performance
16778,YOUTUBE,3787,Exclusivity
16779,YOUTUBE,3795,Exclusivity
16780,YOUTUBE,3803,Exclusivity
16781,YOUTUBE,3807,Store_UX
16782,YOUTUBE,3811,Exclusivity
16783,YOUTUBE,3815,Store_UX
16784,YOUTUBE,3818,Performance
16785,YOUTUBE,3823,Store_UX
16786,YOUTUBE,3862,Nostalgia
16787,YOUTUBE,3890,Performance
16788,YOUTUBE,3901,Bug_Complaint
16789,YOUTUBE,3904,Price
16790,YOUTUBE,3908,Multiplayer
16791,YOUTUBE,3932,Multiplayer
16792,YOUTUBE,3933,Bug_Complaint
16793,YOUTUBE,3936,Price
16794,YOUTUBE,3937,Hype
16795,YOUTUBE,3940,Multiplayer
16796,YOUTUBE,3951,Store_UX
16797,YOUTUBE,3956,Multiplayer
16798,YOUTUBE,3960,Price
16799,YOUTUBE,3972,Multiplayer
16800,YOUTUBE,3973,Bug_Complaint
16801,YOUTUBE,3986,Performance
16802,YOUTUBE,3988,Multiplayer
16803,YOUTUBE,3989,Bug_Complaint
16804,YOUTUBE,3994,Performance
16805,YOUTUBE,4001,Hype
16806,YOUTUBE,4016,Price
16807,YOUTUBE,4020,Multiplayer
16808,YOUTUBE,4024,Price
16809,YOUTUBE,4028,Multiplayer
16810,YOUTUBE,4044,Multiplayer
16811,YOUTUBE,4051,Exclusivity
16812,YOUTUBE,4053,Bug_Complaint
16813,YOUTUBE,4067,Exclusivity
16814,YOUTUBE,4072,Price
16815,YOUTUBE,4074,Performance
16816,YOUTUBE,4075,Exclusivity
16817,YOUTUBE,4077,Bug_Complaint
16818,YOUTUBE,4091,Exclusivity
16819,YOUTUBE,4095,Store_UX
16820,YOUTUBE,4096,Price
16821,YOUTUBE,4098,Performance
16822,YOUTUBE,4110,Nostalgia
16823,YOUTUBE,4134,Nostalgia
16824,YOUTUBE,4141,Bug_Complaint
16825,YOUTUBE,4145,Hype
16826,YOUTUBE,4154,Performance
16827,YOUTUBE,4163,Exclusivity
16828,YOUTUBE,4165,Bug_Complaint
16829,YOUTUBE,4168,Price
16830,YOUTUBE,4170,Performance
16831,YOUTUBE,4171,Exclusivity
16832,YOUTUBE,4172,Multiplayer
16833,YOUTUBE,4176,Price
16834,YOUTUBE,4185,Hype
16835,YOUTUBE,4190,Nostalgia
16836,YOUTUBE,4195,Exclusivity
16837,YOUTUBE,4214,Nostalgia
16838,YOUTUBE,4225,Hype
16839,YOUTUBE,4233,Hype
16840,YOUTUBE,4248,Price
16841,YOUTUBE,4254,Nostalgia
16842,YOUTUBE,4262,Nostalgia
16843,YOUTUBE,4279,Store_UX
16844,YOUTUBE,4284,Multiplayer
16845,YOUTUBE,4290,Performance
16846,YOUTUBE,4295,Store_UX
16847,YOUTUBE,4296,Price
16848,YOUTUBE,4304,Price
16849,YOUTUBE,4305,Hype
16850,YOUTUBE,4306,Performance
16851,YOUTUBE,4316,Multiplayer
16852,YOUTUBE,4340,Multiplayer
16853,YOUTUBE,4344,Price
16854,YOUTUBE,4348,Multiplayer
16855,YOUTUBE,4354,Performance
16856,YOUTUBE,4366,Nostalgia
16857,YOUTUBE,4389,Bug_Complaint
16858,YOUTUBE,4392,Price
16859,YOUTUBE,4401,Hype
16860,YOUTUBE,4417,Hype
16861,YOUTUBE,4418,Performance
16862,YOUTUBE,4446,Nostalgia
16863,YOUTUBE,4451,Exclusivity
16864,YOUTUBE,4462,Nostalgia
16865,YOUTUBE,4474,Performance
16866,YOUTUBE,4485,Bug_Complaint
16867,YOUTUBE,4487,Store_UX
16868,YOUTUBE,4490,Performance
16869,YOUTUBE,4506,Performance
16870,YOUTUBE,4513,Hype
16871,YOUTUBE,4516,Multiplayer
16872,YOUTUBE,4519,Store_UX
16873,YOUTUBE,4525,Bug_Complaint
16874,YOUTUBE,4529,Hype
16875,YOUTUBE,4544,Price
16876,YOUTUBE,4550,Nostalgia
16877,YOUTUBE,4551,Store_UX
16878,YOUTUBE,4562,Performance
16879,YOUTUBE,4564,Multiplayer
16880,YOUTUBE,4568,Price
16881,YOUTUBE,4577,Hype
16882,YOUTUBE,4597,Bug_Complaint
16883,YOUTUBE,4602,Performance
16884,YOUTUBE,4607,Store_UX
16885,YOUTUBE,4619,Exclusivity
16886,YOUTUBE,4624,Price
16887,YOUTUBE,4625,Hype
16888,YOUTUBE,4627,Exclusivity
16889,YOUTUBE,4639,Store_UX
16890,YOUTUBE,4647,Store_UX
16891,YOUTUBE,4656,Price
16892,YOUTUBE,4660,Multiplayer
16893,YOUTUBE,4662,Nostalgia
16894,YOUTUBE,4667,Exclusivity
16895,YOUTUBE,4685,Bug_Complaint
16896,YOUTUBE,4686,Nostalgia
16897,YOUTUBE,4688,Price
16898,YOUTUBE,4693,Bug_Complaint
16899,YOUTUBE,4694,Nostalgia
16900,YOUTUBE,4697,Hype
16901,YOUTUBE,4705,Hype
16902,YOUTUBE,4714,Performance
16903,YOUTUBE,4718,Nostalgia
16904,YOUTUBE,4720,Price
16905,YOUTUBE,4740,Multiplayer
16906,YOUTUBE,4742,Nostalgia
16907,YOUTUBE,4745,Hype
16908,YOUTUBE,4767,Store_UX
16909,YOUTUBE,4777,Hype
16910,YOUTUBE,4779,Exclusivity
16911,YOUTUBE,4786,Performance
16912,YOUTUBE,4788,Multiplayer
16913,YOUTUBE,4798,Nostalgia
16914,YOUTUBE,4799,Store_UX
16915,YOUTUBE,4804,Multiplayer
16916,YOUTUBE,4816,Price
16917,YOUTUBE,4831,Store_UX
16918,YOUTUBE,4848,Price
16919,YOUTUBE,4855,Store_UX
16920,YOUTUBE,4860,Multiplayer
16921,YOUTUBE,4861,Bug_Complaint
16922,YOUTUBE,4865,Hype
16923,YOUTUBE,4880,Price
16924,YOUTUBE,4895,Store_UX
16925,YOUTUBE,4906,Performance
16926,YOUTUBE,4910,Nostalgia
16927,YOUTUBE,4932,Multiplayer
16928,YOUTUBE,4940,Multiplayer
16929,YOUTUBE,4943,Store_UX
16930,YOUTUBE,4947,Exclusivity
16931,YOUTUBE,4950,Nostalgia
16932,YOUTUBE,4965,Bug_Complaint
16933,YOUTUBE,4969,Hype
16934,YOUTUBE,4970,Performance
16935,YOUTUBE,4973,Bug_Complaint
16936,YOUTUBE,4979,Exclusivity
16937,YOUTUBE,4984,Price
16938,YOUTUBE,4998,Nostalgia
16939,YOUTUBE,5012,Multiplayer
16940,YOUTUBE,5016,Price
16941,YOUTUBE,5019,Exclusivity
16942,YOUTUBE,5024,Price
16943,YOUTUBE,5028,Multiplayer
16944,YOUTUBE,5032,Price
16945,YOUTUBE,5034,Performance
16946,YOUTUBE,5046,Nostalgia
16947,YOUTUBE,5052,Multiplayer
16948,YOUTUBE,5055,Store_UX
16949,YOUTUBE,5056,Price
16950,YOUTUBE,5060,Multiplayer
16951,YOUTUBE,5067,Exclusivity
16952,YOUTUBE,5071,Store_UX
16953,YOUTUBE,5076,Multiplayer
16954,YOUTUBE,5082,Performance
16955,YOUTUBE,5085,Bug_Complaint
16956,YOUTUBE,5087,Store_UX
16957,YOUTUBE,5090,Performance
16958,YOUTUBE,5091,Exclusivity
16959,YOUTUBE,5119,Store_UX
16960,REDDIT,2002,Bug_Complaint
16961,REDDIT,2006,Store_UX
16962,REDDIT,2008,Price
16963,REDDIT,2013,Hype
16964,REDDIT,2029,Multiplayer
16965,REDDIT,2031,Performance
16966,REDDIT,2039,Exclusivity
16967,REDDIT,2041,Hype
16968,REDDIT,2043,Multiplayer
16969,REDDIT,2050,Performance
16970,REDDIT,2057,Price
16971,REDDIT,2061,Nostalgia
16972,REDDIT,2071,Bug_Complaint
16973,REDDIT,2072,Bug_Complaint
16974,REDDIT,2073,Exclusivity
16975,REDDIT,2075,Hype
16976,REDDIT,2084,Store_UX
16977,REDDIT,2107,Hype
16978,REDDIT,2109,Performance
16979,REDDIT,2112,Price
16980,REDDIT,2118,Store_UX
16981,REDDIT,2119,Multiplayer
16982,REDDIT,2123,Price
16983,REDDIT,2125,Bug_Complaint
16984,REDDIT,2139,Exclusivity
16985,REDDIT,2156,Nostalgia
16986,REDDIT,2162,Hype
16987,REDDIT,2166,Nostalgia
16988,REDDIT,2169,Nostalgia
16989,REDDIT,2175,Performance
16990,REDDIT,2191,Bug_Complaint
16991,REDDIT,2199,Exclusivity
16992,REDDIT,2202,Performance
16993,REDDIT,2208,Performance
16994,REDDIT,2213,Bug_Complaint
16995,REDDIT,2229,Nostalgia
16996,REDDIT,2238,Multiplayer
16997,REDDIT,2247,Exclusivity
16998,REDDIT,2250,Bug_Complaint
16999,REDDIT,2257,Exclusivity
17000,REDDIT,2260,Price
17001,REDDIT,2264,Store_UX
17002,REDDIT,2271,Hype
17003,REDDIT,2281,Performance
17004,REDDIT,2301,Nostalgia
17005,REDDIT,2304,Exclusivity
17006,REDDIT,2328,Store_UX
17007,REDDIT,2329,Exclusivity
17008,REDDIT,2335,Multiplayer
17009,REDDIT,2340,Nostalgia
17010,REDDIT,2357,Hype
17011,REDDIT,2360,Multiplayer
17012,REDDIT,2382,Price
17013,REDDIT,2394,Exclusivity
17014,REDDIT,2396,Nostalgia
17015,REDDIT,2404,Performance
17016,REDDIT,2416,Bug_Complaint
17017,REDDIT,2434,Bug_Complaint
17018,REDDIT,2435,Hype
17019,REDDIT,2439,Store_UX
17020,REDDIT,2454,Store_UX
17021,REDDIT,2456,Hype
17022,REDDIT,2467,Exclusivity
17023,REDDIT,2476,Bug_Complaint
17024,REDDIT,2490,Multiplayer
17025,REDDIT,2502,Bug_Complaint
17026,REDDIT,2521,Multiplayer
17027,REDDIT,2525,Price
17028,REDDIT,2538,Price
17029,REDDIT,2539,Hype
17030,REDDIT,2542,Bug_Complaint
17031,REDDIT,2543,Exclusivity
17032,REDDIT,2549,Exclusivity
17033,REDDIT,2550,Performance
17034,REDDIT,2557,Exclusivity
17035,REDDIT,2559,Nostalgia
17036,REDDIT,2570,Performance
17037,REDDIT,2575,Store_UX
17038,REDDIT,2577,Bug_Complaint
17039,REDDIT,2584,Bug_Complaint
17040,REDDIT,2591,Multiplayer
17041,REDDIT,2592,Multiplayer
17042,REDDIT,2604,Exclusivity
17043,REDDIT,2607,Store_UX
17044,REDDIT,2615,Exclusivity
17045,REDDIT,2620,Performance
17046,REDDIT,2625,Performance
17047,REDDIT,2627,Bug_Complaint
17048,REDDIT,2643,Store_UX
17049,YOUTUBE,5126,Nostalgia
17050,YOUTUBE,5131,Exclusivity
17051,YOUTUBE,5137,Hype
17052,YOUTUBE,5148,Multiplayer
17053,YOUTUBE,5152,Price
17054,YOUTUBE,5164,Multiplayer
17055,YOUTUBE,5177,Hype
17056,YOUTUBE,5197,Bug_Complaint
17057,YOUTUBE,5217,Hype
17058,YOUTUBE,5219,Exclusivity
17059,YOUTUBE,5222,Nostalgia
17060,YOUTUBE,5229,Bug_Complaint
17061,YOUTUBE,5240,Price
17062,YOUTUBE,5245,Bug_Complaint
17063,YOUTUBE,5246,Nostalgia
17064,YOUTUBE,5258,Performance
17065,YOUTUBE,5260,Multiplayer
17066,YOUTUBE,5266,Performance
17067,YOUTUBE,5281,Hype
17068,YOUTUBE,5285,Bug_Complaint
17069,YOUTUBE,5290,Performance
17070,YOUTUBE,5297,Hype
17071,YOUTUBE,5308,Multiplayer
17072,YOUTUBE,5326,Nostalgia
17073,YOUTUBE,5330,Performance
17074,YOUTUBE,5331,Exclusivity
17075,YOUTUBE,5339,Exclusivity
17076,YOUTUBE,5350,Nostalgia
17077,YOUTUBE,5359,Store_UX
17078,YOUTUBE,5367,Store_UX
17079,YOUTUBE,5381,Bug_Complaint
17080,YOUTUBE,5384,Price
17081,YOUTUBE,5389,Bug_Complaint
17082,YOUTUBE,5393,Hype
17083,YOUTUBE,5413,Bug_Complaint
17084,YOUTUBE,5421,Bug_Complaint
17085,YOUTUBE,5452,Multiplayer
17086,YOUTUBE,5459,Exclusivity
17087,YOUTUBE,5460,Multiplayer
17088,YOUTUBE,5463,Store_UX
17089,YOUTUBE,5472,Price
17090,YOUTUBE,5473,Hype
17091,YOUTUBE,5483,Exclusivity
17092,YOUTUBE,5498,Performance
17093,YOUTUBE,5503,Store_UX
17094,YOUTUBE,5504,Price
17095,YOUTUBE,5508,Multiplayer
17096,YOUTUBE,5516,Multiplayer
17097,YOUTUBE,5517,Bug_Complaint
17098,YOUTUBE,5532,Multiplayer
17099,YOUTUBE,5566,Nostalgia
17100,YOUTUBE,5572,Multiplayer
17101,YOUTUBE,5585,Hype
17102,YOUTUBE,5594,Performance
17103,YOUTUBE,5596,Multiplayer
17104,YOUTUBE,5600,Price
17105,YOUTUBE,5605,Bug_Complaint
17106,YOUTUBE,5609,Hype
17107,YOUTUBE,5617,Hype
17108,YOUTUBE,5624,Price
17109,YOUTUBE,5636,Multiplayer
17110,YOUTUBE,5637,Bug_Complaint
17111,YOUTUBE,5647,Store_UX
17112,YOUTUBE,5648,Price
17113,YOUTUBE,5649,Hype
17114,YOUTUBE,5663,Store_UX
17115,YOUTUBE,5666,Performance
17116,YOUTUBE,5685,Bug_Complaint
17117,YOUTUBE,5699,Exclusivity
17118,YOUTUBE,5704,Price
17119,YOUTUBE,5708,Multiplayer
17120,YOUTUBE,5710,Nostalgia
17121,YOUTUBE,5715,Exclusivity
17122,YOUTUBE,5719,Store_UX
17123,YOUTUBE,5722,Performance
17124,YOUTUBE,5734,Nostalgia
17125,YOUTUBE,5737,Hype
17126,YOUTUBE,5751,Store_UX
17127,YOUTUBE,5770,Performance
17128,YOUTUBE,5772,Multiplayer
17129,YOUTUBE,5785,Hype
17130,YOUTUBE,5795,Exclusivity
17131,YOUTUBE,5799,Store_UX
17132,YOUTUBE,5805,Bug_Complaint
17133,YOUTUBE,5812,Multiplayer
17134,YOUTUBE,5817,Hype
17135,YOUTUBE,5827,Exclusivity
17136,YOUTUBE,5829,Bug_Complaint
17137,YOUTUBE,5832,Price
17138,YOUTUBE,5849,Hype
17139,YOUTUBE,5855,Store_UX
17140,YOUTUBE,5856,Price
17141,YOUTUBE,5858,Performance
17142,YOUTUBE,5861,Bug_Complaint
17143,YOUTUBE,5867,Exclusivity
17144,YOUTUBE,5879,Store_UX
17145,YOUTUBE,5886,Nostalgia
17146,YOUTUBE,5887,Store_UX
17147,YOUTUBE,5897,Hype
17148,YOUTUBE,5902,Nostalgia
17149,YOUTUBE,5914,Performance
17150,YOUTUBE,5924,Multiplayer
17151,YOUTUBE,5925,Bug_Complaint
17152,YOUTUBE,5937,Hype
17153,YOUTUBE,5945,Hype
17154,YOUTUBE,5946,Performance
17155,YOUTUBE,5950,Nostalgia
17156,YOUTUBE,5954,Performance
17157,YOUTUBE,5962,Performance
17158,YOUTUBE,5969,Hype
17159,YOUTUBE,5984,Price
17160,YOUTUBE,5990,Nostalgia
17161,YOUTUBE,5994,Performance
17162,YOUTUBE,6020,Multiplayer
17163,YOUTUBE,6025,Hype
17164,YOUTUBE,6042,Performance
17165,YOUTUBE,6058,Performance
17166,YOUTUBE,6071,Store_UX
17167,YOUTUBE,6073,Hype
17168,YOUTUBE,6074,Performance
17169,YOUTUBE,6077,Bug_Complaint
17170,YOUTUBE,6084,Multiplayer
17171,YOUTUBE,6094,Nostalgia
17172,YOUTUBE,6103,Store_UX
17173,YOUTUBE,6105,Hype
17174,YOUTUBE,6133,Bug_Complaint
17175,YOUTUBE,6134,Nostalgia
17176,YOUTUBE,6145,Hype
17177,YOUTUBE,6167,Store_UX
17178,YOUTUBE,6168,Price
17179,YOUTUBE,6173,Bug_Complaint
17180,YOUTUBE,6177,Hype
17181,YOUTUBE,6180,Multiplayer
17182,YOUTUBE,6186,Performance
17183,YOUTUBE,6193,Hype
17184,YOUTUBE,6202,Performance
17185,YOUTUBE,6229,Bug_Complaint
17186,YOUTUBE,6245,Bug_Complaint
17187,YOUTUBE,6251,Exclusivity
17188,YOUTUBE,6252,Multiplayer
17189,YOUTUBE,6260,Multiplayer
17190,YOUTUBE,6275,Exclusivity
17191,YOUTUBE,6277,Bug_Complaint
17192,YOUTUBE,6279,Store_UX
17193,YOUTUBE,6291,Exclusivity
17194,YOUTUBE,6293,Bug_Complaint
17195,YOUTUBE,6295,Store_UX
17196,YOUTUBE,6298,Performance
17197,YOUTUBE,6299,Exclusivity
17198,YOUTUBE,6307,Exclusivity
17199,YOUTUBE,6310,Nostalgia
17200,YOUTUBE,6348,Multiplayer
17201,YOUTUBE,6350,Nostalgia
17202,YOUTUBE,6371,Exclusivity
17203,YOUTUBE,6392,Price
17204,YOUTUBE,6398,Nostalgia
17205,YOUTUBE,6413,Bug_Complaint
17206,YOUTUBE,6416,Price
17207,YOUTUBE,6430,Nostalgia
17208,YOUTUBE,6435,Exclusivity
17209,YOUTUBE,6440,Price
17210,YOUTUBE,6454,Nostalgia
17211,YOUTUBE,6457,Hype
17212,YOUTUBE,6463,Store_UX
17213,YOUTUBE,6472,Price
17214,YOUTUBE,6478,Nostalgia
17215,YOUTUBE,6483,Exclusivity
17216,YOUTUBE,6487,Store_UX
17217,YOUTUBE,6488,Price
17218,YOUTUBE,6493,Bug_Complaint
17219,YOUTUBE,6495,Store_UX
17220,YOUTUBE,6496,Price
17221,YOUTUBE,6498,Performance
17222,YOUTUBE,6505,Hype
17223,YOUTUBE,6514,Performance
17224,YOUTUBE,6515,Exclusivity
17225,YOUTUBE,6517,Bug_Complaint
17226,YOUTUBE,6543,Store_UX
17227,YOUTUBE,6561,Hype
17228,YOUTUBE,6568,Price
17229,YOUTUBE,6572,Multiplayer
17230,YOUTUBE,6585,Hype
17231,YOUTUBE,6592,Price
17232,YOUTUBE,6598,Nostalgia
17233,YOUTUBE,6599,Store_UX
17234,YOUTUBE,6600,Price
17235,YOUTUBE,6607,Store_UX
17236,YOUTUBE,6610,Performance
17237,YOUTUBE,6625,Hype
17238,YOUTUBE,6628,Multiplayer
17239,YOUTUBE,6634,Performance
17240,YOUTUBE,6635,Exclusivity
17241,YOUTUBE,6641,Hype
17242,YOUTUBE,6643,Exclusivity
17243,YOUTUBE,6645,Bug_Complaint
17244,YOUTUBE,6659,Exclusivity
17245,YOUTUBE,6665,Hype
17246,YOUTUBE,6672,Price
17247,YOUTUBE,6692,Multiplayer
17248,YOUTUBE,6695,Store_UX
17249,YOUTUBE,6700,Multiplayer
17250,YOUTUBE,6701,Bug_Complaint
17251,YOUTUBE,6706,Performance
17252,YOUTUBE,6709,Bug_Complaint
17253,YOUTUBE,6715,Exclusivity
17254,YOUTUBE,6726,Nostalgia
17255,YOUTUBE,6736,Price
17256,YOUTUBE,6746,Performance
17257,YOUTUBE,6747,Exclusivity
17258,YOUTUBE,6778,Performance
17259,YOUTUBE,6789,Bug_Complaint
17260,YOUTUBE,6798,Nostalgia
17261,YOUTUBE,6804,Multiplayer
17262,YOUTUBE,6815,Store_UX
17263,YOUTUBE,6817,Hype
17264,YOUTUBE,6818,Performance
17265,YOUTUBE,6821,Bug_Complaint
17266,YOUTUBE,6823,Store_UX
17267,YOUTUBE,6827,Exclusivity
17268,YOUTUBE,6839,Store_UX
17269,YOUTUBE,6849,Hype
17270,YOUTUBE,6885,Bug_Complaint
17271,YOUTUBE,6887,Store_UX
17272,YOUTUBE,6893,Bug_Complaint
17273,YOUTUBE,6895,Store_UX
17274,YOUTUBE,6904,Price
17275,YOUTUBE,6908,Multiplayer
17276,YOUTUBE,6911,Store_UX
17277,YOUTUBE,6915,Exclusivity
17278,YOUTUBE,6922,Performance
17279,YOUTUBE,6924,Multiplayer
17280,YOUTUBE,6935,Store_UX
17281,YOUTUBE,6937,Hype
17282,YOUTUBE,6939,Exclusivity
17283,YOUTUBE,6953,Hype
17284,YOUTUBE,6958,Nostalgia
17285,YOUTUBE,6963,Exclusivity
17286,YOUTUBE,6980,Multiplayer
17287,YOUTUBE,6996,Multiplayer
17288,YOUTUBE,7003,Exclusivity
17289,YOUTUBE,7012,Multiplayer
17290,YOUTUBE,7020,Multiplayer
17291,YOUTUBE,7028,Multiplayer
17292,YOUTUBE,7032,Price
17293,YOUTUBE,7036,Multiplayer
17294,YOUTUBE,7040,Price
17295,YOUTUBE,7043,Exclusivity
17296,YOUTUBE,7048,Price
17297,YOUTUBE,7087,Store_UX
17298,YOUTUBE,7115,Exclusivity
17299,YOUTUBE,7126,Nostalgia
17300,YOUTUBE,7129,Hype
17301,YOUTUBE,7133,Bug_Complaint
17302,YOUTUBE,7157,Bug_Complaint
17303,YOUTUBE,7158,Nostalgia
17304,YOUTUBE,7161,Hype
17305,YOUTUBE,7162,Performance
17306,YOUTUBE,7165,Bug_Complaint
17307,YOUTUBE,7176,Price
17308,YOUTUBE,7181,Bug_Complaint
17309,YOUTUBE,7185,Hype
17310,YOUTUBE,7197,Bug_Complaint
17311,YOUTUBE,7198,Nostalgia
17312,YOUTUBE,7211,Exclusivity
17313,YOUTUBE,7213,Bug_Complaint
17314,YOUTUBE,7214,Nostalgia
17315,YOUTUBE,7219,Exclusivity
17316,YOUTUBE,7226,Performance
17317,YOUTUBE,7241,Hype
17318,YOUTUBE,7245,Bug_Complaint
17319,YOUTUBE,7249,Hype
17320,YOUTUBE,7253,Bug_Complaint
17321,YOUTUBE,7269,Bug_Complaint
17322,YOUTUBE,7276,Multiplayer
17323,YOUTUBE,7278,Nostalgia
17324,YOUTUBE,7292,Multiplayer
17325,YOUTUBE,7297,Hype
17326,YOUTUBE,7299,Exclusivity
17327,YOUTUBE,7300,Multiplayer
17328,YOUTUBE,7302,Nostalgia
17329,YOUTUBE,7316,Multiplayer
17330,YOUTUBE,7320,Price
17331,YOUTUBE,7321,Hype
17332,YOUTUBE,7323,Exclusivity
17333,YOUTUBE,7335,Store_UX
17334,YOUTUBE,7359,Store_UX
17335,YOUTUBE,7366,Nostalgia
17336,YOUTUBE,7370,Performance
17337,YOUTUBE,7379,Exclusivity
17338,YOUTUBE,7388,Multiplayer
17339,YOUTUBE,7390,Nostalgia
17340,YOUTUBE,7393,Hype
17341,YOUTUBE,7395,Exclusivity
17342,YOUTUBE,7396,Multiplayer
17343,YOUTUBE,7397,Bug_Complaint
17344,YOUTUBE,7401,Hype
17345,YOUTUBE,7410,Performance
17346,YOUTUBE,7415,Store_UX
17347,YOUTUBE,7420,Multiplayer
17348,YOUTUBE,7439,Store_UX
17349,YOUTUBE,7450,Performance
17350,YOUTUBE,7458,Performance
17351,YOUTUBE,7473,Hype
17352,YOUTUBE,7479,Store_UX
17353,YOUTUBE,7487,Store_UX
17354,YOUTUBE,7504,Price
17355,YOUTUBE,7509,Bug_Complaint
17356,YOUTUBE,7515,Exclusivity
17357,YOUTUBE,7520,Price
17358,YOUTUBE,7521,Hype
17359,YOUTUBE,7529,Hype
17360,YOUTUBE,7530,Performance
17361,YOUTUBE,7531,Exclusivity
17362,YOUTUBE,7541,Bug_Complaint
17363,YOUTUBE,7565,Bug_Complaint
17364,YOUTUBE,7569,Hype
17365,YOUTUBE,7573,Bug_Complaint
17366,YOUTUBE,7579,Exclusivity
17367,YOUTUBE,7591,Store_UX
17368,YOUTUBE,7614,Nostalgia
17369,YOUTUBE,7617,Hype
17370,YOUTUBE,7626,Performance
17371,YOUTUBE,7642,Performance
17372,YOUTUBE,7643,Exclusivity
17373,YOUTUBE,7671,Store_UX
17374,YOUTUBE,7676,Multiplayer
17375,REDDIT,2667,Price
17376,REDDIT,2671,Store_UX
17377,REDDIT,2673,Nostalgia
17378,REDDIT,2678,Multiplayer
17379,REDDIT,2694,Performance
17380,REDDIT,2696,Multiplayer
17381,REDDIT,2704,Hype
17382,REDDIT,2706,Nostalgia
17383,REDDIT,2708,Performance
17384,REDDIT,2715,Nostalgia
17385,REDDIT,2722,Multiplayer
17386,REDDIT,2726,Performance
17387,REDDIT,2736,Price
17388,REDDIT,2737,Nostalgia
17389,REDDIT,2738,Price
17390,REDDIT,2740,Multiplayer
17391,REDDIT,2749,Multiplayer
17392,REDDIT,2772,Price
17393,REDDIT,2774,Hype
17394,REDDIT,2777,Store_UX
17395,REDDIT,2783,Store_UX
17396,REDDIT,2784,Performance
17397,REDDIT,2788,Nostalgia
17398,REDDIT,2790,Exclusivity
17399,REDDIT,2804,Price
17400,REDDIT,2821,Exclusivity
17401,REDDIT,2827,Price
17402,REDDIT,2831,Multiplayer
17403,REDDIT,2834,Nostalgia
17404,REDDIT,2840,Exclusivity
17405,REDDIT,2856,Price
17406,REDDIT,2864,Exclusivity
17407,REDDIT,2867,Bug_Complaint
17408,REDDIT,2873,Hype
17409,REDDIT,2878,Performance
17410,REDDIT,2894,Nostalgia
17411,REDDIT,2903,Multiplayer
17412,REDDIT,2912,Store_UX
17413,REDDIT,2915,Exclusivity
17414,REDDIT,2922,Store_UX
17415,REDDIT,2925,Exclusivity
17416,REDDIT,2929,Hype
17417,REDDIT,2936,Bug_Complaint
17418,REDDIT,2946,Multiplayer
17419,REDDIT,2966,Exclusivity
17420,REDDIT,2969,Price
17421,REDDIT,2993,Multiplayer
17422,REDDIT,2994,Hype
17423,REDDIT,3000,Performance
17424,REDDIT,3005,Multiplayer
17425,REDDIT,3022,Price
17426,REDDIT,3025,Bug_Complaint
17427,REDDIT,3047,Bug_Complaint
17428,REDDIT,3059,Hype
17429,REDDIT,3061,Multiplayer
17430,REDDIT,3069,Multiplayer
17431,REDDIT,3081,Price
17432,REDDIT,3099,Bug_Complaint
17433,REDDIT,3100,Bug_Complaint
17434,REDDIT,3104,Hype
17435,REDDIT,3119,Price
17436,REDDIT,3121,Nostalgia
17437,REDDIT,3132,Multiplayer
17438,REDDIT,3141,Price
17439,REDDIT,3155,Store_UX
17440,REDDIT,3167,Price
17441,REDDIT,3186,Store_UX
17442,REDDIT,3190,Exclusivity
17443,REDDIT,3203,Multiplayer
17444,REDDIT,3204,Hype
17445,REDDIT,3207,Exclusivity
17446,REDDIT,3208,Multiplayer
17447,REDDIT,3214,Hype
17448,REDDIT,3215,Bug_Complaint
17449,REDDIT,3222,Nostalgia
17450,REDDIT,3224,Store_UX
17451,REDDIT,3235,Multiplayer
17452,REDDIT,3240,Price
17453,REDDIT,3242,Multiplayer
17454,REDDIT,3249,Performance
17455,REDDIT,3256,Multiplayer
17456,REDDIT,3257,Performance
17457,REDDIT,3269,Store_UX
17458,REDDIT,3272,Bug_Complaint
17459,REDDIT,3280,Hype
17460,REDDIT,3285,Hype
17461,REDDIT,3290,Multiplayer
17462,REDDIT,3292,Performance
17463,REDDIT,3308,Exclusivity
17464,YOUTUBE,12805,Bug_Complaint
17465,YOUTUBE,12810,Performance
17466,YOUTUBE,12816,Price
17467,YOUTUBE,12827,Exclusivity
17468,YOUTUBE,12831,Store_UX
17469,YOUTUBE,12843,Exclusivity
17470,YOUTUBE,12856,Price
17471,YOUTUBE,12876,Multiplayer
17472,YOUTUBE,12896,Price
17473,YOUTUBE,12898,Performance
17474,YOUTUBE,12901,Bug_Complaint
17475,YOUTUBE,12908,Multiplayer
17476,YOUTUBE,12919,Store_UX
17477,YOUTUBE,12924,Multiplayer
17478,YOUTUBE,12925,Bug_Complaint
17479,YOUTUBE,12937,Hype
17480,YOUTUBE,12939,Exclusivity
17481,YOUTUBE,12945,Hype
17482,YOUTUBE,12960,Price
17483,YOUTUBE,12964,Multiplayer
17484,YOUTUBE,12969,Hype
17485,YOUTUBE,12976,Price
17486,YOUTUBE,12987,Exclusivity
17487,YOUTUBE,13005,Bug_Complaint
17488,YOUTUBE,13009,Hype
17489,YOUTUBE,13010,Performance
17490,YOUTUBE,13018,Performance
17491,YOUTUBE,13029,Bug_Complaint
17492,YOUTUBE,13038,Nostalgia
17493,YOUTUBE,13046,Nostalgia
17494,YOUTUBE,13060,Multiplayer
17495,YOUTUBE,13063,Store_UX
17496,YOUTUBE,13068,Multiplayer
17497,YOUTUBE,13072,Price
17498,YOUTUBE,13092,Multiplayer
17499,YOUTUBE,13100,Multiplayer
17500,YOUTUBE,13131,Exclusivity
17501,YOUTUBE,13138,Performance
17502,YOUTUBE,13139,Exclusivity
17503,YOUTUBE,13142,Nostalgia
17504,YOUTUBE,13151,Store_UX
17505,YOUTUBE,13152,Price
17506,YOUTUBE,13162,Performance
17507,YOUTUBE,13177,Hype
17508,YOUTUBE,13182,Nostalgia
17509,YOUTUBE,13183,Store_UX
17510,YOUTUBE,13187,Exclusivity
17511,YOUTUBE,13195,Exclusivity
17512,YOUTUBE,13196,Multiplayer
17513,YOUTUBE,13211,Exclusivity
17514,YOUTUBE,13245,Bug_Complaint
17515,YOUTUBE,13251,Exclusivity
17516,YOUTUBE,13264,Price
17517,YOUTUBE,13273,Hype
17518,YOUTUBE,13275,Exclusivity
17519,YOUTUBE,13279,Store_UX
17520,YOUTUBE,13284,Multiplayer
17521,YOUTUBE,13288,Price
17522,YOUTUBE,13296,Price
17523,YOUTUBE,13303,Store_UX
17524,YOUTUBE,13315,Exclusivity
17525,YOUTUBE,13316,Multiplayer
17526,YOUTUBE,13326,Nostalgia
17527,YOUTUBE,13327,Store_UX
17528,YOUTUBE,13328,Price
17529,YOUTUBE,13342,Nostalgia
17530,YOUTUBE,13345,Hype
17531,YOUTUBE,13364,Multiplayer
17532,YOUTUBE,13378,Performance
17533,YOUTUBE,13383,Store_UX
17534,YOUTUBE,13387,Exclusivity
17535,YOUTUBE,13389,Bug_Complaint
17536,YOUTUBE,13394,Performance
17537,YOUTUBE,13398,Nostalgia
17538,YOUTUBE,13401,Hype
17539,YOUTUBE,13413,Bug_Complaint
17540,YOUTUBE,13416,Price
17541,YOUTUBE,13430,Nostalgia
17542,YOUTUBE,13449,Hype
17543,YOUTUBE,13451,Exclusivity
17544,YOUTUBE,13464,Price
17545,YOUTUBE,13474,Performance
17546,YOUTUBE,13478,Nostalgia
17547,YOUTUBE,13484,Multiplayer
17548,YOUTUBE,13491,Exclusivity
17549,YOUTUBE,13496,Price
17550,YOUTUBE,13506,Performance
17551,YOUTUBE,13508,Multiplayer
17552,YOUTUBE,13511,Store_UX
17553,YOUTUBE,13528,Price
17554,YOUTUBE,13534,Nostalgia
17555,YOUTUBE,13535,Store_UX
17556,YOUTUBE,13537,Hype
17557,YOUTUBE,13540,Multiplayer
17558,YOUTUBE,13546,Performance
17559,YOUTUBE,13558,Nostalgia
17560,YOUTUBE,13565,Bug_Complaint
17561,YOUTUBE,13566,Nostalgia
17562,YOUTUBE,13576,Price
17563,YOUTUBE,13581,Bug_Complaint
17564,YOUTUBE,13593,Hype
17565,YOUTUBE,13603,Exclusivity
17566,YOUTUBE,13604,Multiplayer
17567,YOUTUBE,13616,Price
17568,YOUTUBE,13624,Price
17569,YOUTUBE,13625,Hype
17570,YOUTUBE,13629,Bug_Complaint
17571,YOUTUBE,13633,Hype
17572,YOUTUBE,13641,Hype
17573,YOUTUBE,13648,Price
17574,YOUTUBE,13663,Store_UX
17575,YOUTUBE,13669,Bug_Complaint
17576,YOUTUBE,13673,Hype
17577,YOUTUBE,13699,Exclusivity
17578,YOUTUBE,13704,Price
17579,YOUTUBE,13721,Hype
17580,YOUTUBE,13737,Hype
17581,YOUTUBE,13750,Nostalgia
17582,YOUTUBE,13752,Price
17583,YOUTUBE,13753,Hype
17584,YOUTUBE,13756,Multiplayer
17585,YOUTUBE,13763,Exclusivity
17586,YOUTUBE,13773,Bug_Complaint
17587,YOUTUBE,13782,Nostalgia
17588,YOUTUBE,13784,Price
17589,YOUTUBE,13812,Multiplayer
17590,YOUTUBE,13813,Bug_Complaint
17591,YOUTUBE,13824,Price
17592,YOUTUBE,13846,Nostalgia
17593,YOUTUBE,13847,Store_UX
17594,YOUTUBE,13852,Multiplayer
17595,YOUTUBE,13856,Price
17596,YOUTUBE,13859,Exclusivity
17597,YOUTUBE,13865,Hype
17598,YOUTUBE,13872,Price
17599,YOUTUBE,13881,Hype
17600,YOUTUBE,13908,Multiplayer
17601,YOUTUBE,13924,Multiplayer
17602,YOUTUBE,13930,Performance
17603,YOUTUBE,13931,Exclusivity
17604,YOUTUBE,13939,Exclusivity
17605,YOUTUBE,13954,Performance
17606,YOUTUBE,13956,Multiplayer
17607,YOUTUBE,13958,Nostalgia
17608,YOUTUBE,13970,Performance
17609,YOUTUBE,13972,Multiplayer
17610,YOUTUBE,13974,Nostalgia
17611,YOUTUBE,13977,Hype
17612,YOUTUBE,13978,Performance
17613,YOUTUBE,13986,Performance
17614,YOUTUBE,13989,Bug_Complaint
17615,YOUTUBE,14027,Exclusivity
17616,YOUTUBE,14029,Bug_Complaint
17617,YOUTUBE,14050,Performance
17618,YOUTUBE,14071,Store_UX
17619,YOUTUBE,14077,Bug_Complaint
17620,YOUTUBE,14092,Multiplayer
17621,YOUTUBE,14095,Store_UX
17622,YOUTUBE,14109,Bug_Complaint
17623,YOUTUBE,14114,Performance
17624,YOUTUBE,14119,Store_UX
17625,YOUTUBE,14133,Bug_Complaint
17626,YOUTUBE,14136,Price
17627,YOUTUBE,14142,Nostalgia
17628,YOUTUBE,14151,Store_UX
17629,YOUTUBE,14157,Bug_Complaint
17630,YOUTUBE,14162,Performance
17631,YOUTUBE,14166,Nostalgia
17632,YOUTUBE,14167,Store_UX
17633,YOUTUBE,14172,Multiplayer
17634,YOUTUBE,14174,Nostalgia
17635,YOUTUBE,14175,Store_UX
17636,YOUTUBE,14177,Hype
17637,YOUTUBE,14184,Price
17638,YOUTUBE,14193,Hype
17639,YOUTUBE,14194,Performance
17640,YOUTUBE,14196,Multiplayer
17641,YOUTUBE,14222,Nostalgia
17642,YOUTUBE,14240,Price
17643,YOUTUBE,14247,Store_UX
17644,YOUTUBE,14251,Exclusivity
17645,YOUTUBE,14264,Price
17646,YOUTUBE,14271,Store_UX
17647,YOUTUBE,14277,Bug_Complaint
17648,YOUTUBE,14278,Nostalgia
17649,YOUTUBE,14279,Store_UX
17650,YOUTUBE,14286,Nostalgia
17651,YOUTUBE,14289,Hype
17652,YOUTUBE,14304,Price
17653,YOUTUBE,14307,Exclusivity
17654,YOUTUBE,14313,Hype
17655,YOUTUBE,14314,Performance
17656,YOUTUBE,14320,Price
17657,YOUTUBE,14322,Performance
17658,YOUTUBE,14324,Multiplayer
17659,YOUTUBE,14338,Performance
17660,YOUTUBE,14344,Price
17661,YOUTUBE,14351,Store_UX
17662,YOUTUBE,14371,Exclusivity
17663,YOUTUBE,14374,Nostalgia
17664,YOUTUBE,14379,Exclusivity
17665,YOUTUBE,14380,Multiplayer
17666,YOUTUBE,14385,Hype
17667,YOUTUBE,14388,Multiplayer
17668,YOUTUBE,14394,Performance
17669,YOUTUBE,14405,Bug_Complaint
17670,YOUTUBE,14415,Store_UX
17671,YOUTUBE,14425,Hype
17672,YOUTUBE,14426,Performance
17673,YOUTUBE,14457,Hype
17674,YOUTUBE,14468,Multiplayer
17675,YOUTUBE,14477,Bug_Complaint
17676,YOUTUBE,14483,Exclusivity
17677,YOUTUBE,14494,Nostalgia
17678,YOUTUBE,14496,Price
17679,YOUTUBE,14497,Hype
17680,YOUTUBE,14500,Multiplayer
17681,YOUTUBE,14502,Nostalgia
17682,YOUTUBE,14506,Performance
17683,YOUTUBE,14518,Nostalgia
17684,YOUTUBE,14528,Price
17685,YOUTUBE,14564,Multiplayer
17686,YOUTUBE,14566,Nostalgia
17687,YOUTUBE,14572,Multiplayer
17688,YOUTUBE,14574,Nostalgia
17689,YOUTUBE,14583,Store_UX
17690,YOUTUBE,14587,Exclusivity
17691,YOUTUBE,14590,Nostalgia
17692,YOUTUBE,14594,Performance
17693,YOUTUBE,14601,Hype
17694,YOUTUBE,14603,Exclusivity
17695,YOUTUBE,14614,Nostalgia
17696,YOUTUBE,14616,Price
17697,YOUTUBE,14618,Performance
17698,YOUTUBE,14632,Price
17699,YOUTUBE,14637,Bug_Complaint
17700,YOUTUBE,14642,Performance
17701,YOUTUBE,14659,Exclusivity
17702,YOUTUBE,14675,Exclusivity
17703,YOUTUBE,14682,Performance
17704,YOUTUBE,14691,Exclusivity
17705,YOUTUBE,14699,Exclusivity
17706,YOUTUBE,14707,Exclusivity
17707,YOUTUBE,14711,Store_UX
17708,YOUTUBE,14715,Exclusivity
17709,YOUTUBE,14719,Store_UX
17710,YOUTUBE,14722,Performance
17711,YOUTUBE,14727,Store_UX
17712,YOUTUBE,14766,Nostalgia
17713,YOUTUBE,14794,Performance
17714,YOUTUBE,14805,Bug_Complaint
17715,YOUTUBE,14808,Price
17716,YOUTUBE,14812,Multiplayer
17717,YOUTUBE,14836,Multiplayer
17718,YOUTUBE,14837,Bug_Complaint
17719,YOUTUBE,14840,Price
17720,YOUTUBE,14841,Hype
17721,YOUTUBE,14844,Multiplayer
17722,YOUTUBE,14855,Store_UX
17723,YOUTUBE,14860,Multiplayer
17724,YOUTUBE,14864,Price
17725,YOUTUBE,14876,Multiplayer
17726,YOUTUBE,14877,Bug_Complaint
17727,YOUTUBE,14890,Performance
17728,YOUTUBE,14892,Multiplayer
17729,YOUTUBE,14893,Bug_Complaint
17730,YOUTUBE,14898,Performance
17731,YOUTUBE,14905,Hype
17732,YOUTUBE,14920,Price
17733,YOUTUBE,14924,Multiplayer
17734,YOUTUBE,14928,Price
17735,YOUTUBE,14932,Multiplayer
17736,YOUTUBE,14948,Multiplayer
17737,YOUTUBE,14955,Exclusivity
17738,YOUTUBE,14957,Bug_Complaint
17739,YOUTUBE,14971,Exclusivity
17740,YOUTUBE,14976,Price
17741,YOUTUBE,14978,Performance
17742,YOUTUBE,14979,Exclusivity
17743,YOUTUBE,14981,Bug_Complaint
17744,YOUTUBE,14995,Exclusivity
17745,YOUTUBE,14999,Store_UX
17746,YOUTUBE,15000,Price
17747,YOUTUBE,15002,Performance
17748,YOUTUBE,15014,Nostalgia
17749,YOUTUBE,15038,Nostalgia
17750,YOUTUBE,15045,Bug_Complaint
17751,YOUTUBE,15049,Hype
17752,YOUTUBE,15058,Performance
17753,YOUTUBE,15067,Exclusivity
17754,YOUTUBE,15069,Bug_Complaint
17755,YOUTUBE,15072,Price
17756,YOUTUBE,15074,Performance
17757,YOUTUBE,15075,Exclusivity
17758,YOUTUBE,15076,Multiplayer
17759,YOUTUBE,15080,Price
17760,YOUTUBE,15089,Hype
17761,YOUTUBE,15094,Nostalgia
17762,YOUTUBE,15099,Exclusivity
17763,YOUTUBE,15118,Nostalgia
17764,YOUTUBE,15129,Hype
17765,YOUTUBE,15137,Hype
17766,YOUTUBE,15152,Price
17767,YOUTUBE,15158,Nostalgia
17768,YOUTUBE,15166,Nostalgia
17769,YOUTUBE,15183,Store_UX
17770,YOUTUBE,15188,Multiplayer
17771,YOUTUBE,15194,Performance
17772,YOUTUBE,15199,Store_UX
17773,YOUTUBE,15200,Price
17774,YOUTUBE,15208,Price
17775,YOUTUBE,15209,Hype
17776,YOUTUBE,15210,Performance
17777,YOUTUBE,15220,Multiplayer
17778,YOUTUBE,15244,Multiplayer
17779,YOUTUBE,15248,Price
17780,YOUTUBE,15252,Multiplayer
17781,YOUTUBE,15258,Performance
17782,YOUTUBE,15270,Nostalgia
17783,YOUTUBE,15293,Bug_Complaint
17784,YOUTUBE,15296,Price
17785,YOUTUBE,15305,Hype
17786,YOUTUBE,15321,Hype
17787,YOUTUBE,15322,Performance
17788,YOUTUBE,15350,Nostalgia
17789,YOUTUBE,15355,Exclusivity
17790,YOUTUBE,7687,Store_UX
17791,YOUTUBE,7699,Exclusivity
17792,YOUTUBE,7710,Nostalgia
17793,YOUTUBE,7712,Price
17794,YOUTUBE,7715,Exclusivity
17795,YOUTUBE,7731,Exclusivity
17796,YOUTUBE,7738,Performance
17797,YOUTUBE,7741,Bug_Complaint
17798,YOUTUBE,7744,Price
17799,YOUTUBE,7750,Nostalgia
17800,YOUTUBE,7754,Performance
17801,YOUTUBE,7769,Hype
17802,YOUTUBE,7775,Store_UX
17803,YOUTUBE,7776,Price
17804,YOUTUBE,7787,Exclusivity
17805,YOUTUBE,7789,Bug_Complaint
17806,YOUTUBE,7793,Hype
17807,YOUTUBE,7802,Performance
17808,YOUTUBE,7822,Nostalgia
17809,YOUTUBE,7827,Exclusivity
17810,YOUTUBE,7832,Price
17811,YOUTUBE,7844,Multiplayer
17812,YOUTUBE,7849,Hype
17813,YOUTUBE,7850,Performance
17814,YOUTUBE,7852,Multiplayer
17815,YOUTUBE,7864,Price
17816,YOUTUBE,7872,Price
17817,YOUTUBE,7881,Hype
17818,YOUTUBE,7885,Bug_Complaint
17819,YOUTUBE,7887,Store_UX
17820,YOUTUBE,7892,Multiplayer
17821,YOUTUBE,7910,Nostalgia
17822,YOUTUBE,7911,Store_UX
17823,YOUTUBE,7913,Hype
17824,YOUTUBE,7918,Nostalgia
17825,YOUTUBE,7919,Store_UX
17826,YOUTUBE,7922,Performance
17827,YOUTUBE,7930,Performance
17828,YOUTUBE,7939,Exclusivity
17829,YOUTUBE,7943,Store_UX
17830,YOUTUBE,7945,Hype
17831,YOUTUBE,7965,Bug_Complaint
17832,YOUTUBE,7967,Store_UX
17833,YOUTUBE,7970,Performance
17834,YOUTUBE,7992,Price
17835,YOUTUBE,8002,Performance
17836,YOUTUBE,8004,Multiplayer
17837,YOUTUBE,8011,Exclusivity
17838,YOUTUBE,8013,Bug_Complaint
17839,YOUTUBE,8023,Store_UX
17840,YOUTUBE,8024,Price
17841,YOUTUBE,8029,Bug_Complaint
17842,YOUTUBE,8041,Hype
17843,YOUTUBE,8056,Price
17844,YOUTUBE,8073,Hype
17845,YOUTUBE,8080,Price
17846,YOUTUBE,8085,Bug_Complaint
17847,YOUTUBE,8086,Nostalgia
17848,YOUTUBE,8090,Performance
17849,YOUTUBE,8105,Hype
17850,YOUTUBE,8120,Price
17851,YOUTUBE,8131,Exclusivity
17852,YOUTUBE,8135,Store_UX
17853,YOUTUBE,8157,Bug_Complaint
17854,YOUTUBE,8165,Bug_Complaint
17855,YOUTUBE,8168,Price
17856,YOUTUBE,8172,Multiplayer
17857,YOUTUBE,8175,Store_UX
17858,YOUTUBE,8190,Nostalgia
17859,YOUTUBE,8194,Performance
17860,YOUTUBE,8195,Exclusivity
17861,YOUTUBE,8198,Nostalgia
17862,YOUTUBE,8204,Multiplayer
17863,YOUTUBE,8209,Hype
17864,YOUTUBE,8223,Store_UX
17865,YOUTUBE,8237,Bug_Complaint
17866,YOUTUBE,8241,Hype
17867,YOUTUBE,8244,Multiplayer
17868,YOUTUBE,8249,Hype
17869,YOUTUBE,8253,Bug_Complaint
17870,YOUTUBE,8257,Hype
17871,YOUTUBE,8259,Exclusivity
17872,YOUTUBE,8271,Store_UX
17873,YOUTUBE,8277,Bug_Complaint
17874,YOUTUBE,8280,Price
17875,YOUTUBE,8281,Hype
17876,YOUTUBE,8285,Bug_Complaint
17877,YOUTUBE,8292,Multiplayer
17878,YOUTUBE,8296,Price
17879,YOUTUBE,8301,Bug_Complaint
17880,YOUTUBE,8307,Exclusivity
17881,YOUTUBE,8310,Nostalgia
17882,YOUTUBE,8312,Price
17883,YOUTUBE,8315,Exclusivity
17884,YOUTUBE,8316,Multiplayer
17885,YOUTUBE,8344,Price
17886,YOUTUBE,8359,Store_UX
17887,YOUTUBE,8361,Hype
17888,YOUTUBE,8364,Multiplayer
17889,YOUTUBE,8373,Bug_Complaint
17890,YOUTUBE,8382,Nostalgia
17891,YOUTUBE,8383,Store_UX
17892,YOUTUBE,8394,Performance
17893,YOUTUBE,8402,Performance
17894,YOUTUBE,8403,Exclusivity
17895,YOUTUBE,8410,Performance
17896,YOUTUBE,8416,Price
17897,YOUTUBE,8419,Exclusivity
17898,YOUTUBE,8428,Multiplayer
17899,YOUTUBE,8443,Exclusivity
17900,YOUTUBE,8453,Bug_Complaint
17901,YOUTUBE,8455,Store_UX
17902,YOUTUBE,8461,Bug_Complaint
17903,YOUTUBE,8479,Store_UX
17904,YOUTUBE,8491,Exclusivity
17905,YOUTUBE,8495,Store_UX
17906,YOUTUBE,8510,Nostalgia
17907,YOUTUBE,8516,Multiplayer
17908,YOUTUBE,8520,Price
17909,YOUTUBE,8521,Hype
17910,YOUTUBE,8535,Store_UX
17911,YOUTUBE,8540,Multiplayer
17912,YOUTUBE,8563,Exclusivity
17913,YOUTUBE,8572,Multiplayer
17914,YOUTUBE,8576,Price
17915,YOUTUBE,8590,Nostalgia
17916,YOUTUBE,8595,Exclusivity
17917,YOUTUBE,8599,Store_UX
17918,YOUTUBE,8603,Exclusivity
17919,YOUTUBE,8606,Nostalgia
17920,YOUTUBE,8616,Price
17921,YOUTUBE,8635,Exclusivity
17922,YOUTUBE,8651,Exclusivity
17923,YOUTUBE,8657,Hype
17924,YOUTUBE,8663,Store_UX
17925,YOUTUBE,8671,Store_UX
17926,YOUTUBE,8689,Hype
17927,YOUTUBE,8690,Performance
17928,YOUTUBE,8705,Hype
17929,YOUTUBE,8708,Multiplayer
17930,YOUTUBE,8712,Price
17931,YOUTUBE,8717,Bug_Complaint
17932,YOUTUBE,8718,Nostalgia
17933,YOUTUBE,8729,Hype
17934,YOUTUBE,8740,Multiplayer
17935,YOUTUBE,8742,Nostalgia
17936,YOUTUBE,8750,Nostalgia
17937,YOUTUBE,8751,Store_UX
17938,YOUTUBE,8754,Performance
17939,YOUTUBE,8773,Bug_Complaint
17940,YOUTUBE,8774,Nostalgia
17941,YOUTUBE,8778,Performance
17942,YOUTUBE,8783,Store_UX
17943,YOUTUBE,8790,Nostalgia
17944,YOUTUBE,8793,Hype
17945,YOUTUBE,8796,Multiplayer
17946,YOUTUBE,8797,Bug_Complaint
17947,YOUTUBE,8802,Performance
17948,YOUTUBE,8812,Multiplayer
17949,YOUTUBE,8814,Nostalgia
17950,YOUTUBE,8816,Price
17951,YOUTUBE,8824,Price
17952,YOUTUBE,8831,Store_UX
17953,YOUTUBE,8834,Performance
17954,YOUTUBE,8836,Multiplayer
17955,YOUTUBE,8837,Bug_Complaint
17956,YOUTUBE,8847,Store_UX
17957,YOUTUBE,8853,Bug_Complaint
17958,YOUTUBE,8854,Nostalgia
17959,YOUTUBE,8869,Bug_Complaint
17960,YOUTUBE,8870,Nostalgia
17961,YOUTUBE,8888,Price
17962,YOUTUBE,8890,Performance
17963,YOUTUBE,8923,Exclusivity
17964,YOUTUBE,8925,Bug_Complaint
17965,YOUTUBE,8932,Multiplayer
17966,YOUTUBE,8939,Exclusivity
17967,YOUTUBE,8959,Store_UX
17968,YOUTUBE,8963,Exclusivity
17969,YOUTUBE,8966,Nostalgia
17970,YOUTUBE,8971,Exclusivity
17971,YOUTUBE,8981,Bug_Complaint
17972,YOUTUBE,8994,Performance
17973,YOUTUBE,8999,Store_UX
17974,YOUTUBE,9001,Hype
17975,YOUTUBE,9012,Multiplayer
17976,YOUTUBE,9015,Store_UX
17977,YOUTUBE,9024,Price
17978,YOUTUBE,9027,Exclusivity
17979,YOUTUBE,9031,Store_UX
17980,YOUTUBE,9036,Multiplayer
17981,YOUTUBE,9040,Price
17982,YOUTUBE,9045,Bug_Complaint
17983,YOUTUBE,9061,Bug_Complaint
17984,YOUTUBE,9076,Multiplayer
17985,YOUTUBE,9078,Nostalgia
17986,YOUTUBE,9083,Exclusivity
17987,YOUTUBE,9086,Nostalgia
17988,YOUTUBE,9093,Bug_Complaint
17989,YOUTUBE,9099,Exclusivity
17990,YOUTUBE,9121,Hype
17991,YOUTUBE,9130,Performance
17992,YOUTUBE,9134,Nostalgia
17993,YOUTUBE,9135,Store_UX
17994,YOUTUBE,9137,Hype
17995,YOUTUBE,9140,Multiplayer
17996,YOUTUBE,9148,Multiplayer
17997,YOUTUBE,9175,Store_UX
17998,YOUTUBE,9194,Performance
17999,YOUTUBE,9198,Nostalgia
18000,YOUTUBE,9211,Exclusivity
18001,YOUTUBE,9215,Store_UX
18002,YOUTUBE,9220,Multiplayer
18003,YOUTUBE,9224,Price
18004,YOUTUBE,9230,Nostalgia
18005,YOUTUBE,9234,Performance
18006,YOUTUBE,9241,Hype
18007,YOUTUBE,9243,Exclusivity
18008,YOUTUBE,9244,Multiplayer
18009,YOUTUBE,9245,Bug_Complaint
18010,YOUTUBE,9246,Nostalgia
18011,YOUTUBE,9249,Hype
18012,YOUTUBE,9250,Performance
18013,YOUTUBE,9252,Multiplayer
18014,YOUTUBE,9253,Bug_Complaint
18015,YOUTUBE,9255,Store_UX
18016,YOUTUBE,9261,Bug_Complaint
18017,YOUTUBE,9289,Hype
18018,YOUTUBE,9314,Performance
18019,YOUTUBE,9317,Bug_Complaint
18020,YOUTUBE,9327,Store_UX
18021,YOUTUBE,9335,Store_UX
18022,YOUTUBE,9340,Multiplayer
18023,YOUTUBE,9343,Store_UX
18024,YOUTUBE,9351,Store_UX
18025,YOUTUBE,9352,Price
18026,YOUTUBE,9357,Bug_Complaint
18027,YOUTUBE,9369,Hype
18028,YOUTUBE,9370,Performance
18029,YOUTUBE,9381,Bug_Complaint
18030,YOUTUBE,9394,Performance
18031,YOUTUBE,9407,Store_UX
18032,YOUTUBE,9418,Performance
18033,YOUTUBE,9421,Bug_Complaint
18034,YOUTUBE,9432,Price
18035,YOUTUBE,9448,Price
18036,YOUTUBE,9457,Hype
18037,YOUTUBE,9474,Performance
18038,YOUTUBE,9485,Bug_Complaint
18039,YOUTUBE,9490,Performance
18040,YOUTUBE,9492,Multiplayer
18041,YOUTUBE,9496,Price
18042,YOUTUBE,9528,Price
18043,YOUTUBE,9544,Price
18044,YOUTUBE,9560,Price
18045,YOUTUBE,9586,Performance
18046,YOUTUBE,9598,Nostalgia
18047,YOUTUBE,9606,Nostalgia
18048,YOUTUBE,9613,Bug_Complaint
18049,YOUTUBE,9645,Bug_Complaint
18050,YOUTUBE,9658,Performance
18051,YOUTUBE,9660,Multiplayer
18052,YOUTUBE,9661,Bug_Complaint
18053,YOUTUBE,9669,Bug_Complaint
18054,YOUTUBE,9675,Exclusivity
18055,YOUTUBE,9678,Nostalgia
18056,YOUTUBE,9679,Store_UX
18057,YOUTUBE,9687,Store_UX
18058,YOUTUBE,9688,Price
18059,YOUTUBE,9696,Price
18060,YOUTUBE,9703,Store_UX
18061,YOUTUBE,9704,Price
18062,YOUTUBE,9707,Exclusivity
18063,YOUTUBE,9721,Hype
18064,YOUTUBE,9729,Hype
18065,YOUTUBE,9730,Performance
18066,YOUTUBE,9734,Nostalgia
18067,YOUTUBE,9742,Nostalgia
18068,YOUTUBE,9746,Performance
18069,YOUTUBE,9748,Multiplayer
18070,YOUTUBE,9754,Performance
18071,YOUTUBE,9755,Exclusivity
18072,YOUTUBE,9786,Performance
18073,YOUTUBE,9793,Hype
18074,YOUTUBE,9794,Performance
18075,YOUTUBE,9796,Multiplayer
18076,YOUTUBE,9797,Bug_Complaint
18077,YOUTUBE,9803,Exclusivity
18078,YOUTUBE,9841,Hype
18079,YOUTUBE,9849,Hype
18080,YOUTUBE,9862,Nostalgia
18081,YOUTUBE,9865,Hype
18082,YOUTUBE,9867,Exclusivity
18083,YOUTUBE,9882,Performance
18084,YOUTUBE,9890,Performance
18085,YOUTUBE,9891,Exclusivity
18086,YOUTUBE,9904,Price
18087,YOUTUBE,9912,Price
18088,YOUTUBE,9920,Price
18089,YOUTUBE,9929,Hype
18090,YOUTUBE,9930,Performance
18091,YOUTUBE,9932,Multiplayer
18092,YOUTUBE,9935,Store_UX
18093,YOUTUBE,9942,Nostalgia
18094,YOUTUBE,9960,Price
18095,YOUTUBE,9967,Store_UX
18096,YOUTUBE,9968,Price
18097,YOUTUBE,9976,Price
18098,YOUTUBE,9988,Multiplayer
18099,YOUTUBE,9994,Performance
18100,YOUTUBE,9996,Multiplayer
18101,YOUTUBE,9999,Store_UX
18102,YOUTUBE,10015,Store_UX
18103,YOUTUBE,10019,Exclusivity
18104,YOUTUBE,10058,Performance
18105,YOUTUBE,10066,Performance
18106,YOUTUBE,10067,Exclusivity
18107,YOUTUBE,10074,Performance
18108,YOUTUBE,10079,Store_UX
18109,YOUTUBE,10087,Store_UX
18110,YOUTUBE,10088,Price
18111,YOUTUBE,10095,Store_UX
18112,YOUTUBE,10105,Hype
18113,YOUTUBE,10114,Performance
18114,YOUTUBE,10123,Exclusivity
18115,YOUTUBE,10126,Nostalgia
18116,YOUTUBE,10135,Store_UX
18117,YOUTUBE,10136,Price
18118,YOUTUBE,10142,Nostalgia
18119,YOUTUBE,10147,Exclusivity
18120,YOUTUBE,10148,Multiplayer
18121,YOUTUBE,10194,Performance
18122,YOUTUBE,10202,Performance
18123,YOUTUBE,10212,Multiplayer
18124,YOUTUBE,10229,Bug_Complaint
18125,YOUTUBE,10238,Nostalgia
18126,REDDIT,672,Hype
18127,REDDIT,676,Bug_Complaint
18128,REDDIT,678,Multiplayer
18129,REDDIT,683,Hype
18130,REDDIT,699,Exclusivity
18131,REDDIT,701,Multiplayer
18132,REDDIT,709,Multiplayer
18133,REDDIT,711,Hype
18134,REDDIT,713,Performance
18135,REDDIT,720,Bug_Complaint
18136,REDDIT,727,Store_UX
18137,REDDIT,731,Store_UX
18138,REDDIT,741,Bug_Complaint
18139,REDDIT,742,Performance
18140,REDDIT,743,Bug_Complaint
18141,REDDIT,745,Price
18142,REDDIT,754,Price
18143,REDDIT,777,Nostalgia
18144,REDDIT,779,Performance
18145,REDDIT,782,Hype
18146,REDDIT,788,Price
18147,REDDIT,789,Price
18148,REDDIT,793,Bug_Complaint
18149,REDDIT,795,Price
18150,REDDIT,809,Hype
18151,REDDIT,826,Store_UX
18152,REDDIT,832,Hype
18153,REDDIT,836,Hype
18154,REDDIT,839,Nostalgia
18155,REDDIT,845,Multiplayer
18156,REDDIT,861,Price
18157,REDDIT,869,Store_UX
18158,REDDIT,872,Performance
18159,REDDIT,878,Nostalgia
18160,REDDIT,883,Multiplayer
18161,REDDIT,899,Hype
18162,REDDIT,908,Price
18163,REDDIT,917,Store_UX
18164,REDDIT,920,Bug_Complaint
18165,REDDIT,927,Exclusivity
18166,REDDIT,930,Store_UX
18167,REDDIT,934,Bug_Complaint
18168,REDDIT,941,Nostalgia
18169,REDDIT,951,Nostalgia
18170,REDDIT,971,Price
18171,REDDIT,974,Bug_Complaint
18172,REDDIT,998,Multiplayer
18173,REDDIT,999,Store_UX
18174,REDDIT,1005,Hype
18175,REDDIT,1010,Performance
18176,REDDIT,1027,Price
18177,REDDIT,1030,Price
18178,REDDIT,1052,Hype
18179,REDDIT,1064,Nostalgia
18180,REDDIT,1066,Exclusivity
18181,REDDIT,1074,Nostalgia
18182,REDDIT,1086,Multiplayer
18183,REDDIT,1104,Multiplayer
18184,REDDIT,1105,Hype
18185,REDDIT,1109,Performance
18186,REDDIT,1124,Store_UX
18187,REDDIT,1126,Price
18188,REDDIT,1137,Exclusivity
18189,REDDIT,1146,Exclusivity
18190,REDDIT,1160,Performance
18191,REDDIT,1172,Price
18192,REDDIT,1191,Bug_Complaint
18193,REDDIT,1195,Multiplayer
18194,REDDIT,1208,Store_UX
18195,REDDIT,1209,Multiplayer
18196,REDDIT,1212,Multiplayer
18197,REDDIT,1213,Bug_Complaint
18198,REDDIT,1219,Price
18199,REDDIT,1220,Performance
18200,REDDIT,1227,Exclusivity
18201,REDDIT,1229,Multiplayer
18202,REDDIT,1240,Price
18203,REDDIT,1245,Bug_Complaint
18204,REDDIT,1247,Bug_Complaint
18205,REDDIT,1254,Hype
18206,REDDIT,1261,Store_UX
18207,REDDIT,1262,Exclusivity
18208,REDDIT,1274,Price
18209,REDDIT,1277,Hype
18210,REDDIT,1285,Exclusivity
18211,REDDIT,1290,Store_UX
18212,REDDIT,1295,Multiplayer
18213,REDDIT,1297,Performance
18214,REDDIT,1313,Nostalgia
18215,YOUTUBE,17925,Bug_Complaint
18216,YOUTUBE,17930,Performance
18217,YOUTUBE,17936,Price
18218,YOUTUBE,17947,Exclusivity
18219,YOUTUBE,17951,Store_UX
18220,YOUTUBE,17963,Exclusivity
18221,YOUTUBE,17976,Price
18222,YOUTUBE,17996,Multiplayer
18223,YOUTUBE,18016,Price
18224,YOUTUBE,18018,Performance
18225,YOUTUBE,18021,Bug_Complaint
18226,YOUTUBE,18028,Multiplayer
18227,YOUTUBE,18039,Store_UX
18228,YOUTUBE,18044,Multiplayer
18229,YOUTUBE,18045,Bug_Complaint
18230,YOUTUBE,18057,Hype
18231,YOUTUBE,18059,Exclusivity
18232,YOUTUBE,18065,Hype
18233,YOUTUBE,18080,Price
18234,YOUTUBE,18084,Multiplayer
18235,YOUTUBE,18089,Hype
18236,YOUTUBE,18096,Price
18237,YOUTUBE,18107,Exclusivity
18238,YOUTUBE,18125,Bug_Complaint
18239,YOUTUBE,18129,Hype
18240,YOUTUBE,18130,Performance
18241,YOUTUBE,18138,Performance
18242,YOUTUBE,18149,Bug_Complaint
18243,YOUTUBE,18158,Nostalgia
18244,YOUTUBE,18166,Nostalgia
18245,YOUTUBE,18180,Multiplayer
18246,YOUTUBE,18183,Store_UX
18247,YOUTUBE,18188,Multiplayer
18248,YOUTUBE,18192,Price
18249,YOUTUBE,18212,Multiplayer
18250,YOUTUBE,18220,Multiplayer
18251,YOUTUBE,18251,Exclusivity
18252,YOUTUBE,18258,Performance
18253,YOUTUBE,18259,Exclusivity
18254,YOUTUBE,18262,Nostalgia
18255,YOUTUBE,18271,Store_UX
18256,YOUTUBE,18272,Price
18257,YOUTUBE,18282,Performance
18258,YOUTUBE,18297,Hype
18259,YOUTUBE,18302,Nostalgia
18260,YOUTUBE,18303,Store_UX
18261,YOUTUBE,18307,Exclusivity
18262,YOUTUBE,18315,Exclusivity
18263,YOUTUBE,18316,Multiplayer
18264,YOUTUBE,18331,Exclusivity
18265,YOUTUBE,18365,Bug_Complaint
18266,YOUTUBE,18371,Exclusivity
18267,YOUTUBE,18384,Price
18268,YOUTUBE,18393,Hype
18269,YOUTUBE,18395,Exclusivity
18270,YOUTUBE,18399,Store_UX
18271,YOUTUBE,18404,Multiplayer
18272,YOUTUBE,18408,Price
18273,YOUTUBE,18416,Price
18274,YOUTUBE,18423,Store_UX
18275,YOUTUBE,18435,Exclusivity
18276,YOUTUBE,18436,Multiplayer
18277,YOUTUBE,18446,Nostalgia
18278,YOUTUBE,18447,Store_UX
18279,YOUTUBE,18448,Price
18280,YOUTUBE,18462,Nostalgia
18281,YOUTUBE,18465,Hype
18282,YOUTUBE,18484,Multiplayer
18283,YOUTUBE,18498,Performance
18284,YOUTUBE,18503,Store_UX
18285,YOUTUBE,18507,Exclusivity
18286,YOUTUBE,18509,Bug_Complaint
18287,YOUTUBE,18514,Performance
18288,YOUTUBE,18518,Nostalgia
18289,YOUTUBE,18521,Hype
18290,YOUTUBE,18533,Bug_Complaint
18291,YOUTUBE,18536,Price
18292,YOUTUBE,18550,Nostalgia
18293,YOUTUBE,18569,Hype
18294,YOUTUBE,18571,Exclusivity
18295,YOUTUBE,18584,Price
18296,YOUTUBE,18594,Performance
18297,YOUTUBE,18598,Nostalgia
18298,YOUTUBE,18604,Multiplayer
18299,YOUTUBE,18611,Exclusivity
18300,YOUTUBE,18616,Price
18301,YOUTUBE,18626,Performance
18302,YOUTUBE,18628,Multiplayer
18303,YOUTUBE,18631,Store_UX
18304,YOUTUBE,18648,Price
18305,YOUTUBE,18654,Nostalgia
18306,YOUTUBE,18655,Store_UX
18307,YOUTUBE,18657,Hype
18308,YOUTUBE,18660,Multiplayer
18309,YOUTUBE,18666,Performance
18310,YOUTUBE,18678,Nostalgia
18311,YOUTUBE,18685,Bug_Complaint
18312,YOUTUBE,18686,Nostalgia
18313,YOUTUBE,18696,Price
18314,YOUTUBE,18701,Bug_Complaint
18315,YOUTUBE,18713,Hype
18316,YOUTUBE,18723,Exclusivity
18317,YOUTUBE,18724,Multiplayer
18318,YOUTUBE,18736,Price
18319,YOUTUBE,18744,Price
18320,YOUTUBE,18745,Hype
18321,YOUTUBE,18749,Bug_Complaint
18322,YOUTUBE,18753,Hype
18323,YOUTUBE,18761,Hype
18324,YOUTUBE,18768,Price
18325,YOUTUBE,18783,Store_UX
18326,YOUTUBE,18789,Bug_Complaint
18327,YOUTUBE,18793,Hype
18328,YOUTUBE,18819,Exclusivity
18329,YOUTUBE,18824,Price
18330,YOUTUBE,18841,Hype
18331,YOUTUBE,18857,Hype
18332,YOUTUBE,18870,Nostalgia
18333,YOUTUBE,18872,Price
18334,YOUTUBE,18873,Hype
18335,YOUTUBE,18876,Multiplayer
18336,YOUTUBE,18883,Exclusivity
18337,YOUTUBE,18893,Bug_Complaint
18338,YOUTUBE,18902,Nostalgia
18339,YOUTUBE,18904,Price
18340,YOUTUBE,18932,Multiplayer
18341,YOUTUBE,18933,Bug_Complaint
18342,YOUTUBE,18944,Price
18343,YOUTUBE,18966,Nostalgia
18344,YOUTUBE,18967,Store_UX
18345,YOUTUBE,18972,Multiplayer
18346,YOUTUBE,18976,Price
18347,YOUTUBE,18979,Exclusivity
18348,YOUTUBE,18985,Hype
18349,YOUTUBE,18992,Price
18350,YOUTUBE,19001,Hype
18351,YOUTUBE,19028,Multiplayer
18352,YOUTUBE,19044,Multiplayer
18353,YOUTUBE,19050,Performance
18354,YOUTUBE,19051,Exclusivity
18355,YOUTUBE,19059,Exclusivity
18356,YOUTUBE,19074,Performance
18357,YOUTUBE,19076,Multiplayer
18358,YOUTUBE,19078,Nostalgia
18359,YOUTUBE,19090,Performance
18360,YOUTUBE,19092,Multiplayer
18361,YOUTUBE,19094,Nostalgia
18362,YOUTUBE,19097,Hype
18363,YOUTUBE,19098,Performance
18364,YOUTUBE,19106,Performance
18365,YOUTUBE,19109,Bug_Complaint
18366,YOUTUBE,19147,Exclusivity
18367,YOUTUBE,19149,Bug_Complaint
18368,YOUTUBE,19170,Performance
18369,YOUTUBE,19191,Store_UX
18370,YOUTUBE,19197,Bug_Complaint
18371,YOUTUBE,19212,Multiplayer
18372,YOUTUBE,19215,Store_UX
18373,YOUTUBE,19229,Bug_Complaint
18374,YOUTUBE,19234,Performance
18375,YOUTUBE,19239,Store_UX
18376,YOUTUBE,19253,Bug_Complaint
18377,YOUTUBE,19256,Price
18378,YOUTUBE,19262,Nostalgia
18379,YOUTUBE,19271,Store_UX
18380,YOUTUBE,19277,Bug_Complaint
18381,YOUTUBE,19282,Performance
18382,YOUTUBE,19286,Nostalgia
18383,YOUTUBE,19287,Store_UX
18384,YOUTUBE,19292,Multiplayer
18385,YOUTUBE,19294,Nostalgia
18386,YOUTUBE,19295,Store_UX
18387,YOUTUBE,19297,Hype
18388,YOUTUBE,19304,Price
18389,YOUTUBE,19313,Hype
18390,YOUTUBE,19314,Performance
18391,YOUTUBE,19316,Multiplayer
18392,YOUTUBE,19342,Nostalgia
18393,YOUTUBE,19360,Price
18394,YOUTUBE,19367,Store_UX
18395,YOUTUBE,19371,Exclusivity
18396,YOUTUBE,19384,Price
18397,YOUTUBE,19391,Store_UX
18398,YOUTUBE,19397,Bug_Complaint
18399,YOUTUBE,19398,Nostalgia
18400,YOUTUBE,19399,Store_UX
18401,YOUTUBE,19406,Nostalgia
18402,YOUTUBE,19409,Hype
18403,YOUTUBE,19424,Price
18404,YOUTUBE,19427,Exclusivity
18405,YOUTUBE,19433,Hype
18406,YOUTUBE,19434,Performance
18407,YOUTUBE,19440,Price
18408,YOUTUBE,19442,Performance
18409,YOUTUBE,19444,Multiplayer
18410,YOUTUBE,19458,Performance
18411,YOUTUBE,19464,Price
18412,YOUTUBE,19471,Store_UX
18413,YOUTUBE,19491,Exclusivity
18414,YOUTUBE,19494,Nostalgia
18415,YOUTUBE,19499,Exclusivity
18416,YOUTUBE,19500,Multiplayer
18417,YOUTUBE,19505,Hype
18418,YOUTUBE,19508,Multiplayer
18419,YOUTUBE,19514,Performance
18420,YOUTUBE,19525,Bug_Complaint
18421,YOUTUBE,19535,Store_UX
18422,YOUTUBE,19545,Hype
18423,YOUTUBE,19546,Performance
18424,YOUTUBE,19577,Hype
18425,YOUTUBE,19588,Multiplayer
18426,YOUTUBE,19597,Bug_Complaint
18427,YOUTUBE,19603,Exclusivity
18428,YOUTUBE,19614,Nostalgia
18429,YOUTUBE,19616,Price
18430,YOUTUBE,19617,Hype
18431,YOUTUBE,19620,Multiplayer
18432,YOUTUBE,19622,Nostalgia
18433,YOUTUBE,19626,Performance
18434,YOUTUBE,19638,Nostalgia
18435,YOUTUBE,19648,Price
18436,YOUTUBE,19684,Multiplayer
18437,YOUTUBE,19686,Nostalgia
18438,YOUTUBE,19692,Multiplayer
18439,YOUTUBE,19694,Nostalgia
18440,YOUTUBE,19703,Store_UX
18441,YOUTUBE,19707,Exclusivity
18442,YOUTUBE,19710,Nostalgia
18443,YOUTUBE,19714,Performance
18444,YOUTUBE,19721,Hype
18445,YOUTUBE,19723,Exclusivity
18446,YOUTUBE,19734,Nostalgia
18447,YOUTUBE,19736,Price
18448,YOUTUBE,19738,Performance
18449,YOUTUBE,19752,Price
18450,YOUTUBE,19757,Bug_Complaint
18451,YOUTUBE,19762,Performance
18452,YOUTUBE,19779,Exclusivity
18453,YOUTUBE,19795,Exclusivity
18454,YOUTUBE,19802,Performance
18455,YOUTUBE,19811,Exclusivity
18456,YOUTUBE,19819,Exclusivity
18457,YOUTUBE,19827,Exclusivity
18458,YOUTUBE,19831,Store_UX
18459,YOUTUBE,19835,Exclusivity
18460,YOUTUBE,19839,Store_UX
18461,YOUTUBE,19842,Performance
18462,YOUTUBE,19847,Store_UX
18463,YOUTUBE,19886,Nostalgia
18464,YOUTUBE,19914,Performance
18465,YOUTUBE,19925,Bug_Complaint
18466,YOUTUBE,19928,Price
18467,YOUTUBE,19932,Multiplayer
18468,YOUTUBE,19956,Multiplayer
18469,YOUTUBE,19957,Bug_Complaint
18470,YOUTUBE,19960,Price
18471,YOUTUBE,19961,Hype
18472,YOUTUBE,19964,Multiplayer
18473,YOUTUBE,19975,Store_UX
18474,YOUTUBE,19980,Multiplayer
18475,YOUTUBE,19984,Price
18476,YOUTUBE,19996,Multiplayer
18477,YOUTUBE,19997,Bug_Complaint
18478,YOUTUBE,20010,Performance
18479,YOUTUBE,20012,Multiplayer
18480,YOUTUBE,20013,Bug_Complaint
18481,YOUTUBE,20018,Performance
18482,YOUTUBE,20025,Hype
18483,YOUTUBE,20040,Price
18484,YOUTUBE,20044,Multiplayer
18485,YOUTUBE,20048,Price
18486,YOUTUBE,20052,Multiplayer
18487,YOUTUBE,20068,Multiplayer
18488,YOUTUBE,20075,Exclusivity
18489,YOUTUBE,20077,Bug_Complaint
18490,YOUTUBE,20091,Exclusivity
18491,YOUTUBE,20096,Price
18492,YOUTUBE,20098,Performance
18493,YOUTUBE,20099,Exclusivity
18494,YOUTUBE,20101,Bug_Complaint
18495,YOUTUBE,20115,Exclusivity
18496,YOUTUBE,20119,Store_UX
18497,YOUTUBE,20120,Price
18498,YOUTUBE,20122,Performance
18499,YOUTUBE,20134,Nostalgia
18500,YOUTUBE,20158,Nostalgia
18501,YOUTUBE,20165,Bug_Complaint
18502,YOUTUBE,20169,Hype
18503,YOUTUBE,20178,Performance
18504,YOUTUBE,20187,Exclusivity
18505,YOUTUBE,20189,Bug_Complaint
18506,YOUTUBE,20192,Price
18507,YOUTUBE,20194,Performance
18508,YOUTUBE,20195,Exclusivity
18509,YOUTUBE,20196,Multiplayer
18510,YOUTUBE,20200,Price
18511,YOUTUBE,20209,Hype
18512,YOUTUBE,20214,Nostalgia
18513,YOUTUBE,20219,Exclusivity
18514,YOUTUBE,20238,Nostalgia
18515,YOUTUBE,20249,Hype
18516,YOUTUBE,20257,Hype
18517,YOUTUBE,20272,Price
18518,YOUTUBE,20278,Nostalgia
18519,YOUTUBE,20286,Nostalgia
18520,YOUTUBE,20303,Store_UX
18521,YOUTUBE,20308,Multiplayer
18522,YOUTUBE,20314,Performance
18523,YOUTUBE,20319,Store_UX
18524,YOUTUBE,20320,Price
18525,YOUTUBE,20328,Price
18526,YOUTUBE,20329,Hype
18527,YOUTUBE,20330,Performance
18528,YOUTUBE,20340,Multiplayer
18529,YOUTUBE,20364,Multiplayer
18530,YOUTUBE,20368,Price
18531,YOUTUBE,20372,Multiplayer
18532,YOUTUBE,20378,Performance
18533,YOUTUBE,20390,Nostalgia
18534,YOUTUBE,20413,Bug_Complaint
18535,YOUTUBE,20416,Price
18536,YOUTUBE,20425,Hype
18537,YOUTUBE,20441,Hype
18538,YOUTUBE,20442,Performance
18539,YOUTUBE,20470,Nostalgia
18540,YOUTUBE,20475,Exclusivity
18541,REDDIT,3332,Exclusivity
18542,REDDIT,3336,Store_UX
18543,REDDIT,3338,Price
18544,REDDIT,3343,Bug_Complaint
18545,REDDIT,3359,Store_UX
18546,REDDIT,3361,Nostalgia
18547,REDDIT,3369,Store_UX
18548,REDDIT,3371,Price
18549,REDDIT,3373,Performance
18550,REDDIT,3380,Multiplayer
18551,REDDIT,3387,Bug_Complaint
18552,REDDIT,3391,Exclusivity
18553,REDDIT,3401,Hype
18554,REDDIT,3402,Bug_Complaint
18555,REDDIT,3403,Exclusivity
18556,REDDIT,3405,Price
18557,REDDIT,3414,Store_UX
18558,REDDIT,3437,Multiplayer
18559,REDDIT,3439,Performance
18560,REDDIT,3442,Bug_Complaint
18561,REDDIT,3448,Performance
18562,REDDIT,3449,Exclusivity
18563,REDDIT,3453,Price
18564,REDDIT,3455,Store_UX
18565,REDDIT,3469,Exclusivity
18566,REDDIT,3486,Store_UX
18567,REDDIT,3492,Multiplayer
18568,REDDIT,3496,Store_UX
18569,REDDIT,3499,Price
18570,REDDIT,3505,Exclusivity
18571,REDDIT,3521,Exclusivity
18572,REDDIT,3529,Bug_Complaint
18573,REDDIT,3532,Performance
18574,REDDIT,3538,Store_UX
18575,REDDIT,3543,Store_UX
18576,REDDIT,3559,Price
18577,REDDIT,3568,Multiplayer
18578,REDDIT,3577,Hype
18579,REDDIT,3580,Performance
18580,REDDIT,3587,Hype
18581,REDDIT,3590,Multiplayer
18582,REDDIT,3594,Bug_Complaint
18583,REDDIT,3601,Exclusivity
18584,REDDIT,3611,Bug_Complaint
18585,REDDIT,3631,Price
18586,REDDIT,3634,Price
18587,REDDIT,3658,Nostalgia
18588,REDDIT,3659,Multiplayer
18589,REDDIT,3665,Exclusivity
18590,REDDIT,3670,Hype
18591,REDDIT,3687,Hype
18592,REDDIT,3690,Price
18593,REDDIT,3712,Performance
18594,REDDIT,3724,Price
18595,REDDIT,3726,Store_UX
18596,REDDIT,3734,Nostalgia
18597,REDDIT,3746,Nostalgia
18598,REDDIT,3764,Store_UX
18599,REDDIT,3765,Nostalgia
18600,REDDIT,3769,Hype
18601,REDDIT,3784,Store_UX
18602,REDDIT,3786,Hype
18603,REDDIT,3797,Exclusivity
18604,REDDIT,3806,Bug_Complaint
18605,REDDIT,3820,Exclusivity
18606,REDDIT,3832,Performance
18607,REDDIT,3851,Multiplayer
18608,REDDIT,3855,Nostalgia
18609,REDDIT,3868,Multiplayer
18610,REDDIT,3869,Hype
18611,REDDIT,3872,Bug_Complaint
18612,REDDIT,3873,Store_UX
18613,REDDIT,3879,Hype
18614,REDDIT,3880,Price
18615,REDDIT,3887,Nostalgia
18616,REDDIT,3889,Hype
18617,REDDIT,3900,Performance
18618,REDDIT,3905,Performance
18619,REDDIT,3907,Price
18620,REDDIT,3914,Hype
18621,REDDIT,3921,Bug_Complaint
18622,REDDIT,3922,Performance
18623,REDDIT,3934,Price
18624,REDDIT,3937,Exclusivity
18625,REDDIT,3945,Multiplayer
18626,REDDIT,3950,Exclusivity
18627,REDDIT,3955,Multiplayer
18628,REDDIT,3957,Performance
18629,REDDIT,3973,Store_UX
18630,YOUTUBE,10246,Nostalgia
18631,YOUTUBE,10251,Exclusivity
18632,YOUTUBE,10257,Hype
18633,YOUTUBE,10268,Multiplayer
18634,YOUTUBE,10272,Price
18635,YOUTUBE,10284,Multiplayer
18636,YOUTUBE,10297,Hype
18637,YOUTUBE,10317,Bug_Complaint
18638,YOUTUBE,10337,Hype
18639,YOUTUBE,10339,Exclusivity
18640,YOUTUBE,10342,Nostalgia
18641,YOUTUBE,10349,Bug_Complaint
18642,YOUTUBE,10360,Price
18643,YOUTUBE,10365,Bug_Complaint
18644,YOUTUBE,10366,Nostalgia
18645,YOUTUBE,10378,Performance
18646,YOUTUBE,10380,Multiplayer
18647,YOUTUBE,10386,Performance
18648,YOUTUBE,10401,Hype
18649,YOUTUBE,10405,Bug_Complaint
18650,YOUTUBE,10410,Performance
18651,YOUTUBE,10417,Hype
18652,YOUTUBE,10428,Multiplayer
18653,YOUTUBE,10446,Nostalgia
18654,YOUTUBE,10450,Performance
18655,YOUTUBE,10451,Exclusivity
18656,YOUTUBE,10459,Exclusivity
18657,YOUTUBE,10470,Nostalgia
18658,YOUTUBE,10479,Store_UX
18659,YOUTUBE,10487,Store_UX
18660,YOUTUBE,10501,Bug_Complaint
18661,YOUTUBE,10504,Price
18662,YOUTUBE,10509,Bug_Complaint
18663,YOUTUBE,10513,Hype
18664,YOUTUBE,10533,Bug_Complaint
18665,YOUTUBE,10541,Bug_Complaint
18666,YOUTUBE,10572,Multiplayer
18667,YOUTUBE,10579,Exclusivity
18668,YOUTUBE,10580,Multiplayer
18669,YOUTUBE,10583,Store_UX
18670,YOUTUBE,10592,Price
18671,YOUTUBE,10593,Hype
18672,YOUTUBE,10603,Exclusivity
18673,YOUTUBE,10618,Performance
18674,YOUTUBE,10623,Store_UX
18675,YOUTUBE,10624,Price
18676,YOUTUBE,10628,Multiplayer
18677,YOUTUBE,10636,Multiplayer
18678,YOUTUBE,10637,Bug_Complaint
18679,YOUTUBE,10652,Multiplayer
18680,YOUTUBE,10686,Nostalgia
18681,YOUTUBE,10692,Multiplayer
18682,YOUTUBE,10705,Hype
18683,YOUTUBE,10714,Performance
18684,YOUTUBE,10716,Multiplayer
18685,YOUTUBE,10720,Price
18686,YOUTUBE,10725,Bug_Complaint
18687,YOUTUBE,10729,Hype
18688,YOUTUBE,10737,Hype
18689,YOUTUBE,10744,Price
18690,YOUTUBE,10756,Multiplayer
18691,YOUTUBE,10757,Bug_Complaint
18692,YOUTUBE,10767,Store_UX
18693,YOUTUBE,10768,Price
18694,YOUTUBE,10769,Hype
18695,YOUTUBE,10783,Store_UX
18696,YOUTUBE,10786,Performance
18697,YOUTUBE,10805,Bug_Complaint
18698,YOUTUBE,10819,Exclusivity
18699,YOUTUBE,10824,Price
18700,YOUTUBE,10828,Multiplayer
18701,YOUTUBE,10830,Nostalgia
18702,YOUTUBE,10835,Exclusivity
18703,YOUTUBE,10839,Store_UX
18704,YOUTUBE,10842,Performance
18705,YOUTUBE,10854,Nostalgia
18706,YOUTUBE,10857,Hype
18707,YOUTUBE,10871,Store_UX
18708,YOUTUBE,10890,Performance
18709,YOUTUBE,10892,Multiplayer
18710,YOUTUBE,10905,Hype
18711,YOUTUBE,10915,Exclusivity
18712,YOUTUBE,10919,Store_UX
18713,YOUTUBE,10925,Bug_Complaint
18714,YOUTUBE,10932,Multiplayer
18715,YOUTUBE,10937,Hype
18716,YOUTUBE,10947,Exclusivity
18717,YOUTUBE,10949,Bug_Complaint
18718,YOUTUBE,10952,Price
18719,YOUTUBE,10969,Hype
18720,YOUTUBE,10975,Store_UX
18721,YOUTUBE,10976,Price
18722,YOUTUBE,10978,Performance
18723,YOUTUBE,10981,Bug_Complaint
18724,YOUTUBE,10987,Exclusivity
18725,YOUTUBE,10999,Store_UX
18726,YOUTUBE,11006,Nostalgia
18727,YOUTUBE,11007,Store_UX
18728,YOUTUBE,11017,Hype
18729,YOUTUBE,11022,Nostalgia
18730,YOUTUBE,11034,Performance
18731,YOUTUBE,11044,Multiplayer
18732,YOUTUBE,11045,Bug_Complaint
18733,YOUTUBE,11057,Hype
18734,YOUTUBE,11065,Hype
18735,YOUTUBE,11066,Performance
18736,YOUTUBE,11070,Nostalgia
18737,YOUTUBE,11074,Performance
18738,YOUTUBE,11082,Performance
18739,YOUTUBE,11089,Hype
18740,YOUTUBE,11104,Price
18741,YOUTUBE,11110,Nostalgia
18742,YOUTUBE,11114,Performance
18743,YOUTUBE,11140,Multiplayer
18744,YOUTUBE,11145,Hype
18745,YOUTUBE,11162,Performance
18746,YOUTUBE,11178,Performance
18747,YOUTUBE,11191,Store_UX
18748,YOUTUBE,11193,Hype
18749,YOUTUBE,11194,Performance
18750,YOUTUBE,11197,Bug_Complaint
18751,YOUTUBE,11204,Multiplayer
18752,YOUTUBE,11214,Nostalgia
18753,YOUTUBE,11223,Store_UX
18754,YOUTUBE,11225,Hype
18755,YOUTUBE,11253,Bug_Complaint
18756,YOUTUBE,11254,Nostalgia
18757,YOUTUBE,11265,Hype
18758,YOUTUBE,11287,Store_UX
18759,YOUTUBE,11288,Price
18760,YOUTUBE,11293,Bug_Complaint
18761,YOUTUBE,11297,Hype
18762,YOUTUBE,11300,Multiplayer
18763,YOUTUBE,11306,Performance
18764,YOUTUBE,11313,Hype
18765,YOUTUBE,11322,Performance
18766,YOUTUBE,11349,Bug_Complaint
18767,YOUTUBE,11365,Bug_Complaint
18768,YOUTUBE,11371,Exclusivity
18769,YOUTUBE,11372,Multiplayer
18770,YOUTUBE,11380,Multiplayer
18771,YOUTUBE,11395,Exclusivity
18772,YOUTUBE,11397,Bug_Complaint
18773,YOUTUBE,11399,Store_UX
18774,YOUTUBE,11411,Exclusivity
18775,YOUTUBE,11413,Bug_Complaint
18776,YOUTUBE,11415,Store_UX
18777,YOUTUBE,11418,Performance
18778,YOUTUBE,11419,Exclusivity
18779,YOUTUBE,11427,Exclusivity
18780,YOUTUBE,11430,Nostalgia
18781,YOUTUBE,11468,Multiplayer
18782,YOUTUBE,11470,Nostalgia
18783,YOUTUBE,11491,Exclusivity
18784,YOUTUBE,11512,Price
18785,YOUTUBE,11518,Nostalgia
18786,YOUTUBE,11533,Bug_Complaint
18787,YOUTUBE,11536,Price
18788,YOUTUBE,11550,Nostalgia
18789,YOUTUBE,11555,Exclusivity
18790,YOUTUBE,11560,Price
18791,YOUTUBE,11574,Nostalgia
18792,YOUTUBE,11577,Hype
18793,YOUTUBE,11583,Store_UX
18794,YOUTUBE,11592,Price
18795,YOUTUBE,11598,Nostalgia
18796,YOUTUBE,11603,Exclusivity
18797,YOUTUBE,11607,Store_UX
18798,YOUTUBE,11608,Price
18799,YOUTUBE,11613,Bug_Complaint
18800,YOUTUBE,11615,Store_UX
18801,YOUTUBE,11616,Price
18802,YOUTUBE,11618,Performance
18803,YOUTUBE,11625,Hype
18804,YOUTUBE,11634,Performance
18805,YOUTUBE,11635,Exclusivity
18806,YOUTUBE,11637,Bug_Complaint
18807,YOUTUBE,11663,Store_UX
18808,YOUTUBE,11681,Hype
18809,YOUTUBE,11688,Price
18810,YOUTUBE,11692,Multiplayer
18811,YOUTUBE,11705,Hype
18812,YOUTUBE,11712,Price
18813,YOUTUBE,11718,Nostalgia
18814,YOUTUBE,11719,Store_UX
18815,YOUTUBE,11720,Price
18816,YOUTUBE,11727,Store_UX
18817,YOUTUBE,11730,Performance
18818,YOUTUBE,11745,Hype
18819,YOUTUBE,11748,Multiplayer
18820,YOUTUBE,11754,Performance
18821,YOUTUBE,11755,Exclusivity
18822,YOUTUBE,11761,Hype
18823,YOUTUBE,11763,Exclusivity
18824,YOUTUBE,11765,Bug_Complaint
18825,YOUTUBE,11779,Exclusivity
18826,YOUTUBE,11785,Hype
18827,YOUTUBE,11792,Price
18828,YOUTUBE,11812,Multiplayer
18829,YOUTUBE,11815,Store_UX
18830,YOUTUBE,11820,Multiplayer
18831,YOUTUBE,11821,Bug_Complaint
18832,YOUTUBE,11826,Performance
18833,YOUTUBE,11829,Bug_Complaint
18834,YOUTUBE,11835,Exclusivity
18835,YOUTUBE,11846,Nostalgia
18836,YOUTUBE,11856,Price
18837,YOUTUBE,11866,Performance
18838,YOUTUBE,11867,Exclusivity
18839,YOUTUBE,11898,Performance
18840,YOUTUBE,11909,Bug_Complaint
18841,YOUTUBE,11918,Nostalgia
18842,YOUTUBE,11924,Multiplayer
18843,YOUTUBE,11935,Store_UX
18844,YOUTUBE,11937,Hype
18845,YOUTUBE,11938,Performance
18846,YOUTUBE,11941,Bug_Complaint
18847,YOUTUBE,11943,Store_UX
18848,YOUTUBE,11947,Exclusivity
18849,YOUTUBE,11959,Store_UX
18850,YOUTUBE,11969,Hype
18851,YOUTUBE,12005,Bug_Complaint
18852,YOUTUBE,12007,Store_UX
18853,YOUTUBE,12013,Bug_Complaint
18854,YOUTUBE,12015,Store_UX
18855,YOUTUBE,12024,Price
18856,YOUTUBE,12028,Multiplayer
18857,YOUTUBE,12031,Store_UX
18858,YOUTUBE,12035,Exclusivity
18859,YOUTUBE,12042,Performance
18860,YOUTUBE,12044,Multiplayer
18861,YOUTUBE,12055,Store_UX
18862,YOUTUBE,12057,Hype
18863,YOUTUBE,12059,Exclusivity
18864,YOUTUBE,12073,Hype
18865,YOUTUBE,12078,Nostalgia
18866,YOUTUBE,12083,Exclusivity
18867,YOUTUBE,12100,Multiplayer
18868,YOUTUBE,12116,Multiplayer
18869,YOUTUBE,12123,Exclusivity
18870,YOUTUBE,12132,Multiplayer
18871,YOUTUBE,12140,Multiplayer
18872,YOUTUBE,12148,Multiplayer
18873,YOUTUBE,12152,Price
18874,YOUTUBE,12156,Multiplayer
18875,YOUTUBE,12160,Price
18876,YOUTUBE,12163,Exclusivity
18877,YOUTUBE,12168,Price
18878,YOUTUBE,12207,Store_UX
18879,YOUTUBE,12235,Exclusivity
18880,YOUTUBE,12246,Nostalgia
18881,YOUTUBE,12249,Hype
18882,YOUTUBE,12253,Bug_Complaint
18883,YOUTUBE,12277,Bug_Complaint
18884,YOUTUBE,12278,Nostalgia
18885,YOUTUBE,12281,Hype
18886,YOUTUBE,12282,Performance
18887,YOUTUBE,12285,Bug_Complaint
18888,YOUTUBE,12296,Price
18889,YOUTUBE,12301,Bug_Complaint
18890,YOUTUBE,12305,Hype
18891,YOUTUBE,12317,Bug_Complaint
18892,YOUTUBE,12318,Nostalgia
18893,YOUTUBE,12331,Exclusivity
18894,YOUTUBE,12333,Bug_Complaint
18895,YOUTUBE,12334,Nostalgia
18896,YOUTUBE,12339,Exclusivity
18897,YOUTUBE,12346,Performance
18898,YOUTUBE,12361,Hype
18899,YOUTUBE,12365,Bug_Complaint
18900,YOUTUBE,12369,Hype
18901,YOUTUBE,12373,Bug_Complaint
18902,YOUTUBE,12389,Bug_Complaint
18903,YOUTUBE,12396,Multiplayer
18904,YOUTUBE,12398,Nostalgia
18905,YOUTUBE,12412,Multiplayer
18906,YOUTUBE,12417,Hype
18907,YOUTUBE,12419,Exclusivity
18908,YOUTUBE,12420,Multiplayer
18909,YOUTUBE,12422,Nostalgia
18910,YOUTUBE,12436,Multiplayer
18911,YOUTUBE,12440,Price
18912,YOUTUBE,12441,Hype
18913,YOUTUBE,12443,Exclusivity
18914,YOUTUBE,12455,Store_UX
18915,YOUTUBE,12479,Store_UX
18916,YOUTUBE,12486,Nostalgia
18917,YOUTUBE,12490,Performance
18918,YOUTUBE,12499,Exclusivity
18919,YOUTUBE,12508,Multiplayer
18920,YOUTUBE,12510,Nostalgia
18921,YOUTUBE,12513,Hype
18922,YOUTUBE,12515,Exclusivity
18923,YOUTUBE,12516,Multiplayer
18924,YOUTUBE,12517,Bug_Complaint
18925,YOUTUBE,12521,Hype
18926,YOUTUBE,12530,Performance
18927,YOUTUBE,12535,Store_UX
18928,YOUTUBE,12540,Multiplayer
18929,YOUTUBE,12559,Store_UX
18930,YOUTUBE,12570,Performance
18931,YOUTUBE,12578,Performance
18932,YOUTUBE,12593,Hype
18933,YOUTUBE,12599,Store_UX
18934,YOUTUBE,12607,Store_UX
18935,YOUTUBE,12624,Price
18936,YOUTUBE,12629,Bug_Complaint
18937,YOUTUBE,12635,Exclusivity
18938,YOUTUBE,12640,Price
18939,YOUTUBE,12641,Hype
18940,YOUTUBE,12649,Hype
18941,YOUTUBE,12650,Performance
18942,YOUTUBE,12651,Exclusivity
18943,YOUTUBE,12661,Bug_Complaint
18944,YOUTUBE,12685,Bug_Complaint
18945,YOUTUBE,12689,Hype
18946,YOUTUBE,12693,Bug_Complaint
18947,YOUTUBE,12699,Exclusivity
18948,YOUTUBE,12711,Store_UX
18949,YOUTUBE,12734,Nostalgia
18950,YOUTUBE,12737,Hype
18951,YOUTUBE,12746,Performance
18952,YOUTUBE,12762,Performance
18953,YOUTUBE,12763,Exclusivity
18954,YOUTUBE,12791,Store_UX
18955,YOUTUBE,12796,Multiplayer
18956,YOUTUBE,15365,Bug_Complaint
18957,YOUTUBE,15369,Hype
18958,YOUTUBE,15371,Exclusivity
18959,YOUTUBE,15376,Price
18960,YOUTUBE,15392,Price
18961,YOUTUBE,15394,Performance
18962,YOUTUBE,15402,Performance
18963,YOUTUBE,15404,Multiplayer
18964,YOUTUBE,15406,Nostalgia
18965,YOUTUBE,15413,Bug_Complaint
18966,YOUTUBE,15420,Multiplayer
18967,YOUTUBE,15424,Price
18968,YOUTUBE,15434,Performance
18969,YOUTUBE,15435,Exclusivity
18970,YOUTUBE,15436,Multiplayer
18971,YOUTUBE,15438,Nostalgia
18972,YOUTUBE,15447,Store_UX
18973,YOUTUBE,15470,Nostalgia
18974,YOUTUBE,15472,Price
18975,YOUTUBE,15475,Exclusivity
18976,YOUTUBE,15481,Hype
18977,YOUTUBE,15482,Performance
18978,YOUTUBE,15486,Nostalgia
18979,YOUTUBE,15488,Price
18980,YOUTUBE,15502,Nostalgia
18981,YOUTUBE,15519,Store_UX
18982,YOUTUBE,15525,Bug_Complaint
18983,YOUTUBE,15529,Hype
18984,YOUTUBE,15532,Multiplayer
18985,YOUTUBE,15538,Performance
18986,YOUTUBE,15554,Performance
18987,YOUTUBE,15562,Performance
18988,YOUTUBE,15565,Bug_Complaint
18989,YOUTUBE,15571,Exclusivity
18990,YOUTUBE,15576,Price
18991,YOUTUBE,15592,Price
18992,YOUTUBE,15601,Hype
18993,YOUTUBE,15610,Performance
18994,YOUTUBE,15613,Bug_Complaint
18995,YOUTUBE,15620,Multiplayer
18996,YOUTUBE,15623,Store_UX
18997,YOUTUBE,15627,Exclusivity
18998,YOUTUBE,15634,Performance
18999,YOUTUBE,15644,Multiplayer
19000,YOUTUBE,15664,Price
19001,YOUTUBE,15667,Exclusivity
19002,YOUTUBE,15691,Exclusivity
19003,YOUTUBE,15692,Multiplayer
19004,YOUTUBE,15698,Performance
19005,YOUTUBE,15703,Store_UX
19006,YOUTUBE,15720,Price
19007,YOUTUBE,15723,Exclusivity
19008,YOUTUBE,15745,Hype
19009,YOUTUBE,15757,Bug_Complaint
19010,YOUTUBE,15759,Store_UX
19011,YOUTUBE,15767,Store_UX
19012,YOUTUBE,15779,Exclusivity
19013,YOUTUBE,15797,Bug_Complaint
19014,YOUTUBE,15798,Nostalgia
19015,YOUTUBE,15802,Performance
19016,YOUTUBE,15817,Hype
19017,YOUTUBE,15819,Exclusivity
19018,YOUTUBE,15830,Nostalgia
19019,YOUTUBE,15839,Store_UX
19020,YOUTUBE,15853,Bug_Complaint
19021,YOUTUBE,15865,Hype
19022,YOUTUBE,15884,Multiplayer
19023,YOUTUBE,15888,Price
19024,YOUTUBE,15901,Bug_Complaint
19025,YOUTUBE,15902,Nostalgia
19026,YOUTUBE,15905,Hype
19027,YOUTUBE,15906,Performance
19028,YOUTUBE,15912,Price
19029,YOUTUBE,15913,Hype
19030,YOUTUBE,15920,Price
19031,YOUTUBE,15922,Performance
19032,YOUTUBE,15933,Bug_Complaint
19033,YOUTUBE,15938,Performance
19034,YOUTUBE,15940,Multiplayer
19035,YOUTUBE,15947,Exclusivity
19036,YOUTUBE,15954,Performance
19037,YOUTUBE,15955,Exclusivity
19038,YOUTUBE,15967,Store_UX
19039,YOUTUBE,15970,Performance
19040,YOUTUBE,15978,Performance
19041,YOUTUBE,15983,Store_UX
19042,YOUTUBE,15988,Multiplayer
19043,YOUTUBE,15990,Nostalgia
19044,YOUTUBE,16006,Nostalgia
19045,YOUTUBE,16030,Nostalgia
19046,YOUTUBE,16035,Exclusivity
19047,YOUTUBE,16041,Hype
19048,YOUTUBE,16052,Multiplayer
19049,YOUTUBE,16056,Price
19050,YOUTUBE,16068,Multiplayer
19051,YOUTUBE,16081,Hype
19052,YOUTUBE,16101,Bug_Complaint
19053,YOUTUBE,16121,Hype
19054,YOUTUBE,16123,Exclusivity
19055,YOUTUBE,16126,Nostalgia
19056,YOUTUBE,16133,Bug_Complaint
19057,YOUTUBE,16144,Price
19058,YOUTUBE,16149,Bug_Complaint
19059,YOUTUBE,16150,Nostalgia
19060,YOUTUBE,16162,Performance
19061,YOUTUBE,16164,Multiplayer
19062,YOUTUBE,16170,Performance
19063,YOUTUBE,16185,Hype
19064,YOUTUBE,16189,Bug_Complaint
19065,YOUTUBE,16194,Performance
19066,YOUTUBE,16201,Hype
19067,YOUTUBE,16212,Multiplayer
19068,YOUTUBE,16230,Nostalgia
19069,YOUTUBE,16234,Performance
19070,YOUTUBE,16235,Exclusivity
19071,YOUTUBE,16243,Exclusivity
19072,YOUTUBE,16254,Nostalgia
19073,YOUTUBE,16263,Store_UX
19074,YOUTUBE,16271,Store_UX
19075,YOUTUBE,16285,Bug_Complaint
19076,YOUTUBE,16288,Price
19077,YOUTUBE,16293,Bug_Complaint
19078,YOUTUBE,16297,Hype
19079,YOUTUBE,16317,Bug_Complaint
19080,YOUTUBE,16325,Bug_Complaint
19081,YOUTUBE,16356,Multiplayer
19082,YOUTUBE,16363,Exclusivity
19083,YOUTUBE,16364,Multiplayer
19084,YOUTUBE,16367,Store_UX
19085,YOUTUBE,16376,Price
19086,YOUTUBE,16377,Hype
19087,YOUTUBE,16387,Exclusivity
19088,YOUTUBE,16402,Performance
19089,YOUTUBE,16407,Store_UX
19090,YOUTUBE,16408,Price
19091,YOUTUBE,16412,Multiplayer
19092,YOUTUBE,16420,Multiplayer
19093,YOUTUBE,16421,Bug_Complaint
19094,YOUTUBE,16436,Multiplayer
19095,YOUTUBE,16470,Nostalgia
19096,YOUTUBE,16476,Multiplayer
19097,YOUTUBE,16489,Hype
19098,YOUTUBE,16498,Performance
19099,YOUTUBE,16500,Multiplayer
19100,YOUTUBE,16504,Price
19101,YOUTUBE,16509,Bug_Complaint
19102,YOUTUBE,16513,Hype
19103,YOUTUBE,16521,Hype
19104,YOUTUBE,16528,Price
19105,YOUTUBE,16540,Multiplayer
19106,YOUTUBE,16541,Bug_Complaint
19107,YOUTUBE,16551,Store_UX
19108,YOUTUBE,16552,Price
19109,YOUTUBE,16553,Hype
19110,YOUTUBE,16567,Store_UX
19111,YOUTUBE,16570,Performance
19112,YOUTUBE,16589,Bug_Complaint
19113,YOUTUBE,16603,Exclusivity
19114,YOUTUBE,16608,Price
19115,YOUTUBE,16612,Multiplayer
19116,YOUTUBE,16614,Nostalgia
19117,YOUTUBE,16619,Exclusivity
19118,YOUTUBE,16623,Store_UX
19119,YOUTUBE,16626,Performance
19120,YOUTUBE,16638,Nostalgia
19121,YOUTUBE,16641,Hype
19122,YOUTUBE,16655,Store_UX
19123,YOUTUBE,16674,Performance
19124,YOUTUBE,16676,Multiplayer
19125,YOUTUBE,16689,Hype
19126,YOUTUBE,16699,Exclusivity
19127,YOUTUBE,16703,Store_UX
19128,YOUTUBE,16709,Bug_Complaint
19129,YOUTUBE,16716,Multiplayer
19130,YOUTUBE,16721,Hype
19131,YOUTUBE,16731,Exclusivity
19132,YOUTUBE,16733,Bug_Complaint
19133,YOUTUBE,16736,Price
19134,YOUTUBE,16753,Hype
19135,YOUTUBE,16759,Store_UX
19136,YOUTUBE,16760,Price
19137,YOUTUBE,16762,Performance
19138,YOUTUBE,16765,Bug_Complaint
19139,YOUTUBE,16771,Exclusivity
19140,YOUTUBE,16783,Store_UX
19141,YOUTUBE,16790,Nostalgia
19142,YOUTUBE,16791,Store_UX
19143,YOUTUBE,16801,Hype
19144,YOUTUBE,16806,Nostalgia
19145,YOUTUBE,16818,Performance
19146,YOUTUBE,16828,Multiplayer
19147,YOUTUBE,16829,Bug_Complaint
19148,YOUTUBE,16841,Hype
19149,YOUTUBE,16849,Hype
19150,YOUTUBE,16850,Performance
19151,YOUTUBE,16854,Nostalgia
19152,YOUTUBE,16858,Performance
19153,YOUTUBE,16866,Performance
19154,YOUTUBE,16873,Hype
19155,YOUTUBE,16888,Price
19156,YOUTUBE,16894,Nostalgia
19157,YOUTUBE,16898,Performance
19158,YOUTUBE,16924,Multiplayer
19159,YOUTUBE,16929,Hype
19160,YOUTUBE,16946,Performance
19161,YOUTUBE,16962,Performance
19162,YOUTUBE,16975,Store_UX
19163,YOUTUBE,16977,Hype
19164,YOUTUBE,16978,Performance
19165,YOUTUBE,16981,Bug_Complaint
19166,YOUTUBE,16988,Multiplayer
19167,YOUTUBE,16998,Nostalgia
19168,YOUTUBE,17007,Store_UX
19169,YOUTUBE,17009,Hype
19170,YOUTUBE,17037,Bug_Complaint
19171,YOUTUBE,17038,Nostalgia
19172,YOUTUBE,17049,Hype
19173,YOUTUBE,17071,Store_UX
19174,YOUTUBE,17072,Price
19175,YOUTUBE,17077,Bug_Complaint
19176,YOUTUBE,17081,Hype
19177,YOUTUBE,17084,Multiplayer
19178,YOUTUBE,17090,Performance
19179,YOUTUBE,17097,Hype
19180,YOUTUBE,17106,Performance
19181,YOUTUBE,17133,Bug_Complaint
19182,YOUTUBE,17149,Bug_Complaint
19183,YOUTUBE,17155,Exclusivity
19184,YOUTUBE,17156,Multiplayer
19185,YOUTUBE,17164,Multiplayer
19186,YOUTUBE,17179,Exclusivity
19187,YOUTUBE,17181,Bug_Complaint
19188,YOUTUBE,17183,Store_UX
19189,YOUTUBE,17195,Exclusivity
19190,YOUTUBE,17197,Bug_Complaint
19191,YOUTUBE,17199,Store_UX
19192,YOUTUBE,17202,Performance
19193,YOUTUBE,17203,Exclusivity
19194,YOUTUBE,17211,Exclusivity
19195,YOUTUBE,17214,Nostalgia
19196,YOUTUBE,17252,Multiplayer
19197,YOUTUBE,17254,Nostalgia
19198,YOUTUBE,17275,Exclusivity
19199,YOUTUBE,17296,Price
19200,YOUTUBE,17302,Nostalgia
19201,YOUTUBE,17317,Bug_Complaint
19202,YOUTUBE,17320,Price
19203,YOUTUBE,17334,Nostalgia
19204,YOUTUBE,17339,Exclusivity
19205,YOUTUBE,17344,Price
19206,YOUTUBE,17358,Nostalgia
19207,YOUTUBE,17361,Hype
19208,YOUTUBE,17367,Store_UX
19209,YOUTUBE,17376,Price
19210,YOUTUBE,17382,Nostalgia
19211,YOUTUBE,17387,Exclusivity
19212,YOUTUBE,17391,Store_UX
19213,YOUTUBE,17392,Price
19214,YOUTUBE,17397,Bug_Complaint
19215,YOUTUBE,17399,Store_UX
19216,YOUTUBE,17400,Price
19217,YOUTUBE,17402,Performance
19218,YOUTUBE,17409,Hype
19219,YOUTUBE,17418,Performance
19220,YOUTUBE,17419,Exclusivity
19221,YOUTUBE,17421,Bug_Complaint
19222,YOUTUBE,17447,Store_UX
19223,YOUTUBE,17465,Hype
19224,YOUTUBE,17472,Price
19225,YOUTUBE,17476,Multiplayer
19226,YOUTUBE,17489,Hype
19227,YOUTUBE,17496,Price
19228,YOUTUBE,17502,Nostalgia
19229,YOUTUBE,17503,Store_UX
19230,YOUTUBE,17504,Price
19231,YOUTUBE,17511,Store_UX
19232,YOUTUBE,17514,Performance
19233,YOUTUBE,17529,Hype
19234,YOUTUBE,17532,Multiplayer
19235,YOUTUBE,17538,Performance
19236,YOUTUBE,17539,Exclusivity
19237,YOUTUBE,17545,Hype
19238,YOUTUBE,17547,Exclusivity
19239,YOUTUBE,17549,Bug_Complaint
19240,YOUTUBE,17563,Exclusivity
19241,YOUTUBE,17569,Hype
19242,YOUTUBE,17576,Price
19243,YOUTUBE,17596,Multiplayer
19244,YOUTUBE,17599,Store_UX
19245,YOUTUBE,17604,Multiplayer
19246,YOUTUBE,17605,Bug_Complaint
19247,YOUTUBE,17610,Performance
19248,YOUTUBE,17613,Bug_Complaint
19249,YOUTUBE,17619,Exclusivity
19250,YOUTUBE,17630,Nostalgia
19251,YOUTUBE,17640,Price
19252,YOUTUBE,17650,Performance
19253,YOUTUBE,17651,Exclusivity
19254,YOUTUBE,17682,Performance
19255,YOUTUBE,17693,Bug_Complaint
19256,YOUTUBE,17702,Nostalgia
19257,YOUTUBE,17708,Multiplayer
19258,YOUTUBE,17719,Store_UX
19259,YOUTUBE,17721,Hype
19260,YOUTUBE,17722,Performance
19261,YOUTUBE,17725,Bug_Complaint
19262,YOUTUBE,17727,Store_UX
19263,YOUTUBE,17731,Exclusivity
19264,YOUTUBE,17743,Store_UX
19265,YOUTUBE,17753,Hype
19266,YOUTUBE,17789,Bug_Complaint
19267,YOUTUBE,17791,Store_UX
19268,YOUTUBE,17797,Bug_Complaint
19269,YOUTUBE,17799,Store_UX
19270,YOUTUBE,17808,Price
19271,YOUTUBE,17812,Multiplayer
19272,YOUTUBE,17815,Store_UX
19273,YOUTUBE,17819,Exclusivity
19274,YOUTUBE,17826,Performance
19275,YOUTUBE,17828,Multiplayer
19276,YOUTUBE,17839,Store_UX
19277,YOUTUBE,17841,Hype
19278,YOUTUBE,17843,Exclusivity
19279,YOUTUBE,17857,Hype
19280,YOUTUBE,17862,Nostalgia
19281,YOUTUBE,17867,Exclusivity
19282,YOUTUBE,17884,Multiplayer
19283,YOUTUBE,17900,Multiplayer
19284,YOUTUBE,17907,Exclusivity
19285,YOUTUBE,17916,Multiplayer
19286,REDDIT,4658,Multiplayer
19287,REDDIT,4659,Hype
19288,REDDIT,4662,Bug_Complaint
19289,REDDIT,4691,Price
19290,REDDIT,4694,Exclusivity
19291,REDDIT,4696,Multiplayer
19292,REDDIT,4698,Bug_Complaint
19293,REDDIT,4713,Nostalgia
19294,REDDIT,4723,Performance
19295,REDDIT,4725,Price
19296,REDDIT,4726,Hype
19297,REDDIT,4744,Multiplayer
19298,REDDIT,4748,Price
19299,REDDIT,4763,Multiplayer
19300,REDDIT,4780,Multiplayer
19301,REDDIT,4790,Multiplayer
19302,REDDIT,4794,Exclusivity
19303,REDDIT,4796,Bug_Complaint
19304,REDDIT,4813,Store_UX
19305,REDDIT,4835,Hype
19306,REDDIT,4836,Performance
19307,REDDIT,4838,Performance
19308,REDDIT,4841,Exclusivity
19309,REDDIT,4850,Store_UX
19310,REDDIT,4874,Performance
19311,REDDIT,4886,Performance
19312,REDDIT,4890,Performance
19313,REDDIT,4900,Store_UX
19314,REDDIT,4915,Store_UX
19315,REDDIT,4933,Hype
19316,REDDIT,4936,Performance
19317,REDDIT,4946,Exclusivity
19318,REDDIT,4952,Price
19319,REDDIT,4956,Performance
19320,REDDIT,4962,Bug_Complaint
19321,REDDIT,4974,Price
19322,REDDIT,4990,Bug_Complaint
19323,REDDIT,5011,Store_UX
19324,REDDIT,5020,Exclusivity
19325,REDDIT,5033,Price
19326,REDDIT,5045,Performance
19327,REDDIT,5050,Exclusivity
19328,REDDIT,5053,Bug_Complaint
19329,REDDIT,5063,Nostalgia
19330,REDDIT,5066,Nostalgia
19331,REDDIT,5068,Multiplayer
19332,REDDIT,5088,Nostalgia
19333,REDDIT,5097,Hype
19334,REDDIT,5102,Store_UX
19335,REDDIT,5104,Price
19336,REDDIT,5105,Bug_Complaint
19337,REDDIT,5106,Exclusivity
19338,REDDIT,5123,Store_UX
19339,REDDIT,5130,Exclusivity
19340,REDDIT,5131,Performance
19341,REDDIT,5132,Performance
19342,REDDIT,5133,Store_UX
19343,REDDIT,5136,Exclusivity
19344,REDDIT,5144,Bug_Complaint
19345,REDDIT,5146,Exclusivity
19346,REDDIT,5147,Bug_Complaint
19347,REDDIT,5148,Exclusivity
19348,REDDIT,5156,Multiplayer
19349,REDDIT,5158,Price
19350,REDDIT,5159,Store_UX
19351,REDDIT,5169,Nostalgia
19352,REDDIT,5170,Exclusivity
19353,REDDIT,5176,Store_UX
19354,REDDIT,5184,Exclusivity
19355,REDDIT,5197,Performance
19356,REDDIT,5202,Store_UX
19357,REDDIT,5209,Price
19358,REDDIT,5216,Store_UX
19359,REDDIT,5232,Multiplayer
19360,REDDIT,5239,Nostalgia
19361,REDDIT,5246,Hype
19362,REDDIT,5249,Bug_Complaint
19363,REDDIT,5250,Hype
19364,REDDIT,5251,Price
19365,REDDIT,5286,Price
19366,REDDIT,5287,Nostalgia
19367,REDDIT,5302,Price
19368,REDDIT,5303,Performance
19369,REDDIT,5315,Performance
19370,REDDIT,5316,Multiplayer
1,REDDIT,1331,Exclusivity
2,REDDIT,1332,Performance
3,REDDIT,1349,Bug_Complaint
4,REDDIT,1361,Price
5,REDDIT,1373,Exclusivity
6,REDDIT,1389,Performance
7,REDDIT,1393,Store_UX
8,REDDIT,1404,Price
9,REDDIT,1413,Bug_Complaint
10,REDDIT,1414,Exclusivity
11,REDDIT,1431,Store_UX
12,REDDIT,1449,Multiplayer
13,REDDIT,1457,Store_UX
14,REDDIT,1459,Performance
15,REDDIT,1466,Hype
16,REDDIT,1481,Hype
17,REDDIT,1482,Multiplayer
18,REDDIT,1490,Multiplayer
19,REDDIT,1495,Store_UX
20,REDDIT,1500,Performance
21,REDDIT,1513,Nostalgia
22,REDDIT,1514,Price
23,REDDIT,1521,Performance
24,REDDIT,1523,Performance
25,REDDIT,1531,Exclusivity
26,REDDIT,1557,Price
27,REDDIT,1577,Multiplayer
28,REDDIT,1580,Performance
29,REDDIT,1581,Price
30,REDDIT,1583,Price
31,REDDIT,1597,Bug_Complaint
32,REDDIT,1619,Exclusivity
33,REDDIT,1621,Nostalgia
34,REDDIT,1628,Performance
35,REDDIT,1630,Bug_Complaint
36,REDDIT,1638,Price
37,REDDIT,1641,Exclusivity
38,REDDIT,1650,Store_UX
39,REDDIT,1654,Hype
40,REDDIT,1662,Bug_Complaint
41,REDDIT,1673,Multiplayer
42,REDDIT,1683,Multiplayer
43,REDDIT,1690,Performance
44,REDDIT,1703,Performance
45,REDDIT,1706,Performance
46,REDDIT,1715,Bug_Complaint
47,REDDIT,1716,Hype
48,REDDIT,1726,Price
49,REDDIT,1746,Price
50,REDDIT,1752,Hype
51,REDDIT,1753,Bug_Complaint
52,REDDIT,1756,Performance
53,REDDIT,1758,Exclusivity
54,REDDIT,1768,Nostalgia
55,REDDIT,1771,Exclusivity
56,REDDIT,1779,Bug_Complaint
57,REDDIT,1790,Exclusivity
58,REDDIT,1793,Price
59,REDDIT,1798,Performance
60,REDDIT,1803,Exclusivity
61,REDDIT,1804,Store_UX
62,REDDIT,1810,Price
63,REDDIT,1814,Multiplayer
64,REDDIT,1818,Exclusivity
65,REDDIT,1822,Bug_Complaint
66,REDDIT,1829,Price
67,REDDIT,1833,Multiplayer
68,REDDIT,1835,Exclusivity
69,REDDIT,1841,Store_UX
70,REDDIT,1842,Exclusivity
71,REDDIT,1875,Performance
72,REDDIT,1879,Bug_Complaint
73,REDDIT,1887,Store_UX
74,REDDIT,1918,Bug_Complaint
75,REDDIT,1922,Price
76,REDDIT,1930,Multiplayer
77,REDDIT,1932,Performance
78,REDDIT,1934,Hype
79,REDDIT,1941,Hype
80,REDDIT,1949,Bug_Complaint
81,REDDIT,1956,Bug_Complaint
82,REDDIT,1966,Hype
83,REDDIT,1989,Exclusivity
84,REDDIT,4004,Hype
85,REDDIT,4007,Performance
86,REDDIT,4009,Exclusivity
87,REDDIT,4015,Store_UX
88,REDDIT,4016,Price
89,REDDIT,4021,Price
90,REDDIT,4037,Hype
91,REDDIT,4042,Exclusivity
92,REDDIT,4043,Multiplayer
93,REDDIT,4051,Price
94,REDDIT,4054,Nostalgia
95,REDDIT,4059,Exclusivity
96,REDDIT,4065,Bug_Complaint
97,REDDIT,4069,Performance
98,REDDIT,4074,Performance
99,REDDIT,4079,Price
100,REDDIT,4083,Multiplayer
101,REDDIT,4103,Hype
102,REDDIT,4106,Store_UX
103,REDDIT,4108,Exclusivity
104,REDDIT,4109,Bug_Complaint
105,REDDIT,4112,Exclusivity
106,REDDIT,4135,Hype
107,REDDIT,4143,Price
108,REDDIT,4146,Bug_Complaint
109,REDDIT,4154,Performance
110,REDDIT,4173,Exclusivity
111,REDDIT,4180,Exclusivity
112,REDDIT,4181,Performance
113,REDDIT,4185,Multiplayer
114,REDDIT,4204,Hype
115,REDDIT,4214,Nostalgia
116,REDDIT,4229,Store_UX
117,REDDIT,4254,Nostalgia
118,REDDIT,4256,Performance
119,REDDIT,4258,Exclusivity
120,REDDIT,4259,Exclusivity
121,REDDIT,4265,Price
122,REDDIT,4280,Price
123,REDDIT,4291,Price
124,REDDIT,4300,Exclusivity
125,REDDIT,4322,Price
126,REDDIT,4327,Hype
127,REDDIT,4349,Bug_Complaint
128,REDDIT,4351,Hype
129,REDDIT,4359,Multiplayer
130,REDDIT,4383,Hype
131,REDDIT,4442,Exclusivity
132,REDDIT,4448,Exclusivity
133,REDDIT,4463,Price
134,REDDIT,4472,Nostalgia
135,REDDIT,4483,Bug_Complaint
136,REDDIT,4511,Nostalgia
137,REDDIT,4516,Exclusivity
138,REDDIT,4517,Exclusivity
139,REDDIT,4521,Hype
140,REDDIT,4524,Nostalgia
141,REDDIT,4526,Store_UX
142,REDDIT,4532,Hype
143,REDDIT,4536,Bug_Complaint
144,REDDIT,4540,Price
145,REDDIT,4543,Multiplayer
146,REDDIT,4544,Performance
147,REDDIT,4545,Price
148,REDDIT,4548,Multiplayer
149,REDDIT,4562,Store_UX
150,REDDIT,4580,Multiplayer
151,REDDIT,4585,Exclusivity
152,REDDIT,4602,Store_UX
153,REDDIT,4603,Nostalgia
154,REDDIT,4609,Price
155,REDDIT,4611,Bug_Complaint
156,REDDIT,4630,Price
157,REDDIT,4640,Bug_Complaint
158,REDDIT,4647,Performance
159,REDDIT,4654,Bug_Complaint
160,YOUTUBE,2561,Hype
161,YOUTUBE,2577,Hype
162,YOUTUBE,2579,Exclusivity
163,YOUTUBE,2585,Hype
164,YOUTUBE,2605,Bug_Complaint
165,YOUTUBE,2608,Price
166,YOUTUBE,2609,Hype
167,YOUTUBE,2613,Bug_Complaint
168,YOUTUBE,2619,Exclusivity
169,YOUTUBE,2622,Nostalgia
170,YOUTUBE,2640,Price
171,YOUTUBE,2645,Bug_Complaint
172,YOUTUBE,2653,Bug_Complaint
173,YOUTUBE,2664,Price
174,YOUTUBE,2667,Exclusivity
175,YOUTUBE,2683,Exclusivity
176,YOUTUBE,2698,Performance
177,YOUTUBE,2709,Bug_Complaint
178,YOUTUBE,2713,Hype
179,YOUTUBE,2717,Bug_Complaint
180,YOUTUBE,2722,Performance
181,YOUTUBE,2727,Store_UX
182,YOUTUBE,2731,Exclusivity
183,YOUTUBE,2738,Performance
184,YOUTUBE,2741,Bug_Complaint
185,YOUTUBE,2746,Performance
186,YOUTUBE,2747,Exclusivity
187,YOUTUBE,2753,Hype
188,YOUTUBE,2761,Hype
189,YOUTUBE,2771,Exclusivity
190,YOUTUBE,2776,Price
191,YOUTUBE,2778,Performance
192,YOUTUBE,2780,Multiplayer
193,YOUTUBE,2786,Performance
194,YOUTUBE,2794,Performance
195,YOUTUBE,2797,Bug_Complaint
196,YOUTUBE,2810,Performance
197,YOUTUBE,2821,Bug_Complaint
198,YOUTUBE,2827,Exclusivity
199,YOUTUBE,2829,Bug_Complaint
200,YOUTUBE,2830,Nostalgia
201,YOUTUBE,2842,Performance
202,YOUTUBE,2843,Exclusivity
203,YOUTUBE,2890,Performance
204,YOUTUBE,2891,Exclusivity
205,YOUTUBE,2899,Exclusivity
206,YOUTUBE,2902,Nostalgia
207,YOUTUBE,2904,Price
208,YOUTUBE,2912,Price
209,YOUTUBE,2914,Performance
210,YOUTUBE,2929,Hype
211,YOUTUBE,2936,Price
212,YOUTUBE,2944,Price
213,YOUTUBE,2951,Store_UX
214,YOUTUBE,2959,Store_UX
215,YOUTUBE,2974,Nostalgia
216,YOUTUBE,2975,Store_UX
217,YOUTUBE,2985,Hype
218,YOUTUBE,2986,Performance
219,YOUTUBE,3007,Store_UX
220,YOUTUBE,3012,Multiplayer
221,YOUTUBE,3021,Bug_Complaint
222,YOUTUBE,3034,Performance
223,YOUTUBE,3039,Store_UX
224,YOUTUBE,3043,Exclusivity
225,YOUTUBE,3051,Exclusivity
226,YOUTUBE,3055,Store_UX
227,YOUTUBE,3056,Price
228,YOUTUBE,3078,Nostalgia
229,YOUTUBE,3095,Store_UX
230,YOUTUBE,3096,Price
231,YOUTUBE,3100,Multiplayer
232,YOUTUBE,3127,Store_UX
233,YOUTUBE,3156,Multiplayer
234,YOUTUBE,3164,Multiplayer
235,YOUTUBE,3174,Nostalgia
236,YOUTUBE,3198,Nostalgia
237,YOUTUBE,3207,Store_UX
238,YOUTUBE,3239,Store_UX
239,YOUTUBE,3243,Exclusivity
240,YOUTUBE,3244,Multiplayer
241,YOUTUBE,3248,Price
242,YOUTUBE,3254,Nostalgia
243,YOUTUBE,3260,Multiplayer
244,YOUTUBE,3277,Bug_Complaint
245,YOUTUBE,3291,Exclusivity
246,YOUTUBE,3296,Price
247,YOUTUBE,3308,Multiplayer
248,YOUTUBE,3317,Bug_Complaint
249,YOUTUBE,3320,Price
250,YOUTUBE,3321,Hype
251,YOUTUBE,3324,Multiplayer
252,YOUTUBE,3332,Multiplayer
253,YOUTUBE,3334,Nostalgia
254,YOUTUBE,3359,Store_UX
255,YOUTUBE,3364,Multiplayer
256,YOUTUBE,3369,Hype
257,YOUTUBE,3378,Performance
258,YOUTUBE,3390,Nostalgia
259,YOUTUBE,3399,Store_UX
260,YOUTUBE,3406,Nostalgia
261,YOUTUBE,3407,Store_UX
262,YOUTUBE,3413,Bug_Complaint
263,YOUTUBE,3430,Nostalgia
264,YOUTUBE,3439,Store_UX
265,YOUTUBE,3444,Multiplayer
266,YOUTUBE,3448,Price
267,YOUTUBE,3451,Exclusivity
268,YOUTUBE,3459,Exclusivity
269,YOUTUBE,3462,Nostalgia
270,YOUTUBE,3477,Bug_Complaint
271,YOUTUBE,3479,Store_UX
272,YOUTUBE,3487,Store_UX
273,YOUTUBE,3513,Hype
274,YOUTUBE,3520,Price
275,YOUTUBE,3526,Nostalgia
276,YOUTUBE,3530,Performance
277,YOUTUBE,3534,Nostalgia
278,YOUTUBE,3539,Exclusivity
279,YOUTUBE,3542,Nostalgia
280,YOUTUBE,3546,Performance
281,YOUTUBE,3551,Store_UX
282,YOUTUBE,3557,Bug_Complaint
283,YOUTUBE,3565,Bug_Complaint
284,YOUTUBE,3577,Hype
285,YOUTUBE,3582,Nostalgia
286,YOUTUBE,3594,Performance
287,YOUTUBE,3597,Bug_Complaint
288,YOUTUBE,3606,Nostalgia
289,YOUTUBE,3611,Exclusivity
290,YOUTUBE,3615,Store_UX
291,YOUTUBE,3620,Multiplayer
292,YOUTUBE,3622,Nostalgia
293,YOUTUBE,3632,Price
294,YOUTUBE,3634,Performance
295,YOUTUBE,3638,Nostalgia
296,YOUTUBE,3639,Store_UX
297,YOUTUBE,3641,Hype
298,YOUTUBE,3642,Performance
299,YOUTUBE,3648,Price
300,YOUTUBE,3661,Bug_Complaint
301,YOUTUBE,3666,Performance
302,YOUTUBE,3667,Exclusivity
303,YOUTUBE,3671,Store_UX
304,YOUTUBE,3687,Store_UX
305,YOUTUBE,3698,Performance
306,YOUTUBE,3717,Bug_Complaint
307,YOUTUBE,3745,Hype
308,YOUTUBE,3757,Bug_Complaint
309,YOUTUBE,3759,Store_UX
310,YOUTUBE,3768,Price
311,YOUTUBE,3774,Nostalgia
312,YOUTUBE,3775,Store_UX
313,YOUTUBE,3782,Nostalgia
314,YOUTUBE,3799,Store_UX
315,YOUTUBE,3800,Price
316,YOUTUBE,3802,Performance
317,YOUTUBE,3809,Hype
318,YOUTUBE,3820,Multiplayer
319,YOUTUBE,3832,Price
320,YOUTUBE,3850,Performance
321,YOUTUBE,3852,Multiplayer
322,YOUTUBE,3858,Performance
323,YOUTUBE,3863,Store_UX
324,YOUTUBE,3865,Hype
325,YOUTUBE,3868,Multiplayer
326,YOUTUBE,3885,Bug_Complaint
327,YOUTUBE,3897,Hype
328,YOUTUBE,3899,Exclusivity
329,YOUTUBE,3917,Bug_Complaint
330,YOUTUBE,3923,Exclusivity
331,YOUTUBE,3929,Hype
332,YOUTUBE,3941,Bug_Complaint
333,YOUTUBE,3943,Store_UX
334,YOUTUBE,3944,Price
335,YOUTUBE,3946,Performance
336,YOUTUBE,3950,Nostalgia
337,YOUTUBE,3954,Performance
338,YOUTUBE,3967,Store_UX
339,YOUTUBE,3976,Price
340,YOUTUBE,3978,Performance
341,YOUTUBE,3979,Exclusivity
342,YOUTUBE,3980,Multiplayer
343,YOUTUBE,3990,Nostalgia
344,YOUTUBE,3995,Exclusivity
345,YOUTUBE,4021,Bug_Complaint
346,YOUTUBE,4022,Nostalgia
347,YOUTUBE,4033,Hype
348,YOUTUBE,4039,Store_UX
349,YOUTUBE,4041,Hype
350,YOUTUBE,4042,Performance
351,YOUTUBE,4049,Hype
352,YOUTUBE,4058,Performance
353,YOUTUBE,4071,Store_UX
354,YOUTUBE,4085,Bug_Complaint
355,YOUTUBE,4093,Bug_Complaint
356,YOUTUBE,4103,Store_UX
357,YOUTUBE,4104,Price
358,YOUTUBE,4129,Hype
359,YOUTUBE,4143,Store_UX
360,YOUTUBE,4153,Hype
361,YOUTUBE,4157,Bug_Complaint
362,YOUTUBE,4159,Store_UX
363,YOUTUBE,4208,Price
364,YOUTUBE,4213,Bug_Complaint
365,YOUTUBE,4219,Exclusivity
366,YOUTUBE,4220,Multiplayer
367,YOUTUBE,4224,Price
368,YOUTUBE,4230,Nostalgia
369,YOUTUBE,4238,Nostalgia
370,YOUTUBE,4251,Exclusivity
371,YOUTUBE,4257,Hype
372,YOUTUBE,4260,Multiplayer
373,YOUTUBE,4269,Bug_Complaint
374,YOUTUBE,4274,Performance
375,YOUTUBE,4283,Exclusivity
376,YOUTUBE,4289,Hype
377,YOUTUBE,4312,Price
378,YOUTUBE,4317,Bug_Complaint
379,YOUTUBE,4322,Performance
380,YOUTUBE,4325,Bug_Complaint
381,YOUTUBE,4328,Price
382,YOUTUBE,4338,Performance
383,YOUTUBE,4345,Hype
384,YOUTUBE,4370,Performance
385,YOUTUBE,4381,Bug_Complaint
386,YOUTUBE,4393,Hype
387,YOUTUBE,4424,Price
388,YOUTUBE,4425,Hype
389,YOUTUBE,4432,Price
390,YOUTUBE,4459,Exclusivity
391,YOUTUBE,4461,Bug_Complaint
392,YOUTUBE,4465,Hype
393,YOUTUBE,4466,Performance
394,YOUTUBE,4475,Exclusivity
395,YOUTUBE,4477,Bug_Complaint
396,YOUTUBE,4482,Performance
397,YOUTUBE,4486,Nostalgia
398,YOUTUBE,4488,Price
399,YOUTUBE,4492,Multiplayer
400,YOUTUBE,4493,Bug_Complaint
401,YOUTUBE,4496,Price
402,YOUTUBE,4500,Multiplayer
403,YOUTUBE,4501,Bug_Complaint
404,YOUTUBE,4527,Store_UX
405,YOUTUBE,4531,Exclusivity
406,YOUTUBE,4533,Bug_Complaint
407,YOUTUBE,4541,Bug_Complaint
408,YOUTUBE,4547,Exclusivity
409,YOUTUBE,4549,Bug_Complaint
410,YOUTUBE,4569,Hype
411,YOUTUBE,4573,Bug_Complaint
412,YOUTUBE,4578,Performance
413,YOUTUBE,4584,Price
414,YOUTUBE,4585,Hype
415,YOUTUBE,4590,Nostalgia
416,YOUTUBE,4592,Price
417,YOUTUBE,4595,Exclusivity
418,YOUTUBE,4596,Multiplayer
419,YOUTUBE,4598,Nostalgia
420,YOUTUBE,4599,Store_UX
421,YOUTUBE,4603,Exclusivity
422,YOUTUBE,4605,Bug_Complaint
423,YOUTUBE,4610,Performance
424,YOUTUBE,4616,Price
425,YOUTUBE,4621,Bug_Complaint
426,YOUTUBE,4666,Performance
427,YOUTUBE,4668,Multiplayer
428,YOUTUBE,4671,Store_UX
429,YOUTUBE,4676,Multiplayer
430,YOUTUBE,4677,Bug_Complaint
431,YOUTUBE,4678,Nostalgia
432,YOUTUBE,4695,Store_UX
433,YOUTUBE,4700,Multiplayer
434,YOUTUBE,4706,Performance
435,YOUTUBE,4713,Hype
436,YOUTUBE,4715,Exclusivity
437,YOUTUBE,4724,Multiplayer
438,YOUTUBE,4730,Performance
439,YOUTUBE,4738,Performance
440,YOUTUBE,4746,Performance
441,YOUTUBE,4749,Bug_Complaint
442,YOUTUBE,4778,Performance
443,YOUTUBE,4792,Price
444,YOUTUBE,4796,Multiplayer
445,YOUTUBE,4801,Hype
446,YOUTUBE,4805,Bug_Complaint
447,YOUTUBE,4813,Bug_Complaint
448,YOUTUBE,4815,Store_UX
449,YOUTUBE,4820,Multiplayer
450,YOUTUBE,4821,Bug_Complaint
451,YOUTUBE,4829,Bug_Complaint
452,YOUTUBE,4832,Price
453,YOUTUBE,4841,Hype
454,YOUTUBE,4847,Store_UX
455,YOUTUBE,4869,Bug_Complaint
456,YOUTUBE,4879,Store_UX
457,YOUTUBE,4888,Price
458,YOUTUBE,4891,Exclusivity
459,YOUTUBE,4905,Hype
460,YOUTUBE,4911,Store_UX
461,YOUTUBE,4919,Store_UX
462,YOUTUBE,4936,Price
463,YOUTUBE,4942,Nostalgia
464,YOUTUBE,4955,Exclusivity
465,YOUTUBE,4991,Store_UX
466,YOUTUBE,5009,Hype
467,YOUTUBE,5022,Nostalgia
468,YOUTUBE,5025,Hype
469,YOUTUBE,5029,Bug_Complaint
470,YOUTUBE,5035,Exclusivity
471,YOUTUBE,5037,Bug_Complaint
472,YOUTUBE,5048,Price
473,YOUTUBE,5061,Bug_Complaint
474,YOUTUBE,5077,Bug_Complaint
475,YOUTUBE,5078,Nostalgia
476,YOUTUBE,5102,Nostalgia
477,YOUTUBE,5105,Hype
478,YOUTUBE,5107,Exclusivity
479,YOUTUBE,5110,Nostalgia
480,YOUTUBE,5111,Store_UX
481,YOUTUBE,5114,Performance
482,REDDIT,1,Bug_Complaint
483,REDDIT,2,Store_UX
484,REDDIT,19,Bug_Complaint
485,REDDIT,31,Nostalgia
486,REDDIT,43,Store_UX
487,REDDIT,59,Performance
488,REDDIT,63,Hype
489,REDDIT,74,Performance
490,REDDIT,83,Exclusivity
491,REDDIT,84,Performance
492,REDDIT,101,Performance
493,REDDIT,119,Hype
494,REDDIT,127,Performance
495,REDDIT,129,Bug_Complaint
496,REDDIT,136,Multiplayer
497,REDDIT,151,Exclusivity
498,REDDIT,152,Nostalgia
499,REDDIT,160,Performance
500,REDDIT,165,Bug_Complaint
501,REDDIT,170,Nostalgia
502,REDDIT,183,Multiplayer
503,REDDIT,184,Nostalgia
504,REDDIT,191,Hype
505,REDDIT,193,Multiplayer
506,REDDIT,201,Store_UX
507,REDDIT,227,Hype
508,REDDIT,247,Nostalgia
509,REDDIT,250,Bug_Complaint
510,REDDIT,251,Price
511,REDDIT,253,Nostalgia
512,REDDIT,267,Performance
513,REDDIT,289,Hype
514,REDDIT,291,Exclusivity
515,REDDIT,298,Bug_Complaint
516,REDDIT,300,Price
517,REDDIT,308,Store_UX
518,REDDIT,311,Hype
519,REDDIT,320,Performance
520,REDDIT,324,Price
521,REDDIT,332,Multiplayer
522,REDDIT,343,Bug_Complaint
523,REDDIT,353,Exclusivity
524,REDDIT,360,Bug_Complaint
525,REDDIT,373,Hype
526,REDDIT,376,Multiplayer
527,REDDIT,385,Price
528,REDDIT,386,Multiplayer
529,REDDIT,396,Store_UX
530,REDDIT,416,Exclusivity
531,REDDIT,422,Hype
532,REDDIT,423,Hype
533,REDDIT,426,Performance
534,REDDIT,428,Multiplayer
535,REDDIT,438,Hype
536,REDDIT,441,Hype
537,REDDIT,449,Price
538,REDDIT,460,Performance
539,REDDIT,463,Bug_Complaint
540,REDDIT,468,Nostalgia
541,REDDIT,473,Multiplayer
542,REDDIT,474,Performance
543,REDDIT,480,Price
544,REDDIT,484,Nostalgia
545,REDDIT,488,Store_UX
546,REDDIT,492,Multiplayer
547,REDDIT,499,Bug_Complaint
548,REDDIT,503,Price
549,REDDIT,505,Price
550,REDDIT,511,Exclusivity
551,REDDIT,512,Performance
552,REDDIT,545,Nostalgia
553,REDDIT,549,Price
554,REDDIT,557,Exclusivity
555,REDDIT,588,Hype
556,REDDIT,592,Bug_Complaint
557,REDDIT,600,Store_UX
558,REDDIT,602,Performance
559,REDDIT,604,Bug_Complaint
560,REDDIT,611,Store_UX
561,REDDIT,619,Price
562,REDDIT,626,Multiplayer
563,REDDIT,636,Nostalgia
564,REDDIT,659,Nostalgia
565,YOUTUBE,14,Nostalgia
566,YOUTUBE,17,Hype
567,YOUTUBE,19,Exclusivity
568,YOUTUBE,25,Hype
569,YOUTUBE,26,Performance
570,YOUTUBE,31,Store_UX
571,YOUTUBE,47,Store_UX
572,YOUTUBE,52,Multiplayer
573,YOUTUBE,53,Bug_Complaint
574,YOUTUBE,61,Bug_Complaint
575,YOUTUBE,64,Price
576,YOUTUBE,69,Bug_Complaint
577,YOUTUBE,75,Exclusivity
578,YOUTUBE,79,Store_UX
579,YOUTUBE,84,Multiplayer
580,YOUTUBE,89,Hype
581,YOUTUBE,93,Bug_Complaint
582,YOUTUBE,113,Hype
583,YOUTUBE,116,Multiplayer
584,YOUTUBE,118,Nostalgia
585,YOUTUBE,119,Store_UX
586,YOUTUBE,122,Performance
587,YOUTUBE,145,Hype
588,YOUTUBE,153,Hype
589,YOUTUBE,156,Multiplayer
590,YOUTUBE,164,Multiplayer
591,YOUTUBE,183,Store_UX
592,YOUTUBE,190,Nostalgia
593,YOUTUBE,191,Store_UX
594,YOUTUBE,195,Exclusivity
595,YOUTUBE,214,Nostalgia
596,YOUTUBE,224,Price
597,YOUTUBE,239,Store_UX
598,YOUTUBE,264,Price
599,YOUTUBE,266,Performance
600,YOUTUBE,268,Multiplayer
601,YOUTUBE,269,Bug_Complaint
602,YOUTUBE,275,Exclusivity
603,YOUTUBE,290,Performance
604,YOUTUBE,301,Bug_Complaint
605,YOUTUBE,310,Nostalgia
606,YOUTUBE,332,Multiplayer
607,YOUTUBE,337,Hype
608,YOUTUBE,359,Store_UX
609,YOUTUBE,361,Hype
610,YOUTUBE,369,Hype
611,YOUTUBE,393,Hype
612,YOUTUBE,452,Multiplayer
613,YOUTUBE,458,Performance
614,YOUTUBE,473,Hype
615,YOUTUBE,482,Performance
616,YOUTUBE,493,Bug_Complaint
617,YOUTUBE,521,Hype
618,YOUTUBE,526,Nostalgia
619,YOUTUBE,527,Store_UX
620,YOUTUBE,531,Exclusivity
621,YOUTUBE,534,Nostalgia
622,YOUTUBE,536,Price
623,YOUTUBE,542,Nostalgia
624,YOUTUBE,546,Performance
625,YOUTUBE,550,Nostalgia
626,YOUTUBE,553,Hype
627,YOUTUBE,554,Performance
628,YOUTUBE,555,Exclusivity
629,YOUTUBE,558,Nostalgia
630,YOUTUBE,572,Multiplayer
631,YOUTUBE,590,Nostalgia
632,YOUTUBE,595,Exclusivity
633,YOUTUBE,612,Multiplayer
634,YOUTUBE,613,Bug_Complaint
635,YOUTUBE,619,Exclusivity
636,YOUTUBE,621,Bug_Complaint
637,YOUTUBE,640,Price
638,YOUTUBE,650,Performance
639,YOUTUBE,657,Hype
640,YOUTUBE,664,Price
641,YOUTUBE,667,Exclusivity
642,YOUTUBE,683,Exclusivity
643,YOUTUBE,685,Bug_Complaint
644,YOUTUBE,691,Exclusivity
645,YOUTUBE,711,Store_UX
646,YOUTUBE,714,Performance
647,YOUTUBE,715,Exclusivity
648,YOUTUBE,719,Store_UX
649,YOUTUBE,725,Bug_Complaint
650,YOUTUBE,728,Price
651,YOUTUBE,746,Performance
652,YOUTUBE,751,Store_UX
653,YOUTUBE,759,Store_UX
654,YOUTUBE,770,Performance
655,YOUTUBE,773,Bug_Complaint
656,YOUTUBE,789,Bug_Complaint
657,YOUTUBE,804,Multiplayer
658,YOUTUBE,815,Store_UX
659,YOUTUBE,819,Exclusivity
660,YOUTUBE,823,Store_UX
661,YOUTUBE,828,Multiplayer
662,YOUTUBE,833,Hype
663,YOUTUBE,837,Bug_Complaint
664,YOUTUBE,844,Multiplayer
665,YOUTUBE,847,Store_UX
666,YOUTUBE,852,Multiplayer
667,YOUTUBE,853,Bug_Complaint
668,YOUTUBE,859,Exclusivity
669,YOUTUBE,867,Exclusivity
670,YOUTUBE,877,Bug_Complaint
671,YOUTUBE,882,Performance
672,YOUTUBE,884,Multiplayer
673,YOUTUBE,886,Nostalgia
674,YOUTUBE,892,Multiplayer
675,YOUTUBE,900,Multiplayer
676,YOUTUBE,903,Store_UX
677,YOUTUBE,916,Multiplayer
678,YOUTUBE,927,Store_UX
679,YOUTUBE,933,Bug_Complaint
680,YOUTUBE,935,Store_UX
681,YOUTUBE,936,Price
682,YOUTUBE,948,Multiplayer
683,YOUTUBE,949,Bug_Complaint
684,YOUTUBE,996,Multiplayer
685,YOUTUBE,997,Bug_Complaint
686,YOUTUBE,1005,Bug_Complaint
687,YOUTUBE,1008,Price
688,YOUTUBE,1010,Performance
689,YOUTUBE,1018,Performance
690,YOUTUBE,1020,Multiplayer
691,YOUTUBE,1035,Exclusivity
692,YOUTUBE,1042,Performance
693,YOUTUBE,1050,Performance
694,YOUTUBE,1057,Hype
695,YOUTUBE,1065,Hype
696,YOUTUBE,1080,Price
697,YOUTUBE,1081,Hype
698,YOUTUBE,1091,Exclusivity
699,YOUTUBE,1092,Multiplayer
700,YOUTUBE,1113,Hype
701,YOUTUBE,1118,Nostalgia
702,YOUTUBE,1127,Store_UX
703,YOUTUBE,1140,Multiplayer
704,YOUTUBE,1145,Hype
705,YOUTUBE,1149,Bug_Complaint
706,YOUTUBE,1157,Bug_Complaint
707,YOUTUBE,1161,Hype
708,YOUTUBE,1162,Performance
709,YOUTUBE,1184,Price
710,YOUTUBE,1201,Hype
711,YOUTUBE,1202,Performance
712,YOUTUBE,1206,Nostalgia
713,YOUTUBE,1233,Hype
714,YOUTUBE,1262,Nostalgia
715,YOUTUBE,1270,Nostalgia
716,YOUTUBE,1280,Price
717,YOUTUBE,1304,Price
718,YOUTUBE,1313,Hype
719,YOUTUBE,1345,Hype
720,YOUTUBE,1349,Bug_Complaint
721,YOUTUBE,1350,Nostalgia
722,YOUTUBE,1354,Performance
723,YOUTUBE,1360,Price
724,YOUTUBE,1366,Nostalgia
725,YOUTUBE,1383,Store_UX
726,YOUTUBE,1397,Bug_Complaint
727,YOUTUBE,1402,Performance
728,YOUTUBE,1414,Nostalgia
729,YOUTUBE,1423,Store_UX
730,YOUTUBE,1426,Performance
731,YOUTUBE,1427,Exclusivity
732,YOUTUBE,1430,Nostalgia
733,YOUTUBE,1438,Nostalgia
734,YOUTUBE,1440,Price
735,YOUTUBE,1465,Hype
736,YOUTUBE,1470,Nostalgia
737,YOUTUBE,1475,Exclusivity
738,YOUTUBE,1484,Multiplayer
739,YOUTUBE,1496,Price
740,YOUTUBE,1505,Hype
741,YOUTUBE,1512,Price
742,YOUTUBE,1513,Hype
743,YOUTUBE,1519,Store_UX
744,YOUTUBE,1536,Price
745,YOUTUBE,1545,Hype
746,YOUTUBE,1550,Nostalgia
747,YOUTUBE,1554,Performance
748,YOUTUBE,1557,Bug_Complaint
749,YOUTUBE,1565,Bug_Complaint
750,YOUTUBE,1568,Price
751,YOUTUBE,1583,Store_UX
752,YOUTUBE,1585,Hype
753,YOUTUBE,1593,Hype
754,YOUTUBE,1619,Exclusivity
755,YOUTUBE,1626,Performance
756,YOUTUBE,1632,Price
757,YOUTUBE,1636,Multiplayer
758,YOUTUBE,1640,Price
759,YOUTUBE,1645,Bug_Complaint
760,YOUTUBE,1648,Price
761,YOUTUBE,1652,Multiplayer
762,YOUTUBE,1657,Hype
763,YOUTUBE,1663,Store_UX
764,YOUTUBE,1671,Store_UX
765,YOUTUBE,1683,Exclusivity
766,YOUTUBE,1688,Price
767,YOUTUBE,1700,Multiplayer
768,YOUTUBE,1703,Store_UX
769,YOUTUBE,1712,Price
770,YOUTUBE,1717,Bug_Complaint
771,YOUTUBE,1721,Hype
772,YOUTUBE,1726,Nostalgia
773,YOUTUBE,1728,Price
774,YOUTUBE,1738,Performance
775,YOUTUBE,1740,Multiplayer
776,YOUTUBE,1744,Price
777,YOUTUBE,1745,Hype
778,YOUTUBE,1747,Exclusivity
779,YOUTUBE,1748,Multiplayer
780,YOUTUBE,1754,Performance
781,YOUTUBE,1767,Store_UX
782,YOUTUBE,1772,Multiplayer
783,YOUTUBE,1773,Bug_Complaint
784,YOUTUBE,1777,Hype
785,YOUTUBE,1793,Hype
786,YOUTUBE,1804,Multiplayer
787,YOUTUBE,1823,Store_UX
788,YOUTUBE,1851,Exclusivity
789,YOUTUBE,1863,Store_UX
790,YOUTUBE,1865,Hype
791,YOUTUBE,1874,Performance
792,YOUTUBE,1880,Price
793,YOUTUBE,1881,Hype
794,YOUTUBE,1888,Price
795,YOUTUBE,1905,Hype
796,YOUTUBE,1906,Performance
797,YOUTUBE,1908,Multiplayer
798,YOUTUBE,1915,Exclusivity
799,YOUTUBE,1926,Nostalgia
800,YOUTUBE,1938,Performance
801,YOUTUBE,1956,Multiplayer
802,YOUTUBE,1958,Nostalgia
803,YOUTUBE,1964,Multiplayer
804,YOUTUBE,1969,Hype
805,YOUTUBE,1971,Exclusivity
806,YOUTUBE,1974,Nostalgia
807,YOUTUBE,1991,Store_UX
808,YOUTUBE,2003,Exclusivity
809,YOUTUBE,2005,Bug_Complaint
810,YOUTUBE,2023,Store_UX
811,YOUTUBE,2029,Bug_Complaint
812,YOUTUBE,2035,Exclusivity
813,YOUTUBE,2047,Store_UX
814,YOUTUBE,2049,Hype
815,YOUTUBE,2050,Performance
816,YOUTUBE,2052,Multiplayer
817,YOUTUBE,2056,Price
818,YOUTUBE,2060,Multiplayer
819,YOUTUBE,2073,Hype
820,YOUTUBE,2082,Performance
821,YOUTUBE,2084,Multiplayer
822,YOUTUBE,2085,Bug_Complaint
823,YOUTUBE,2086,Nostalgia
824,YOUTUBE,2096,Price
825,YOUTUBE,2101,Bug_Complaint
826,YOUTUBE,2127,Store_UX
827,YOUTUBE,2128,Price
828,YOUTUBE,2139,Exclusivity
829,YOUTUBE,2145,Hype
830,YOUTUBE,2147,Exclusivity
831,YOUTUBE,2148,Multiplayer
832,YOUTUBE,2155,Exclusivity
833,YOUTUBE,2164,Multiplayer
834,YOUTUBE,2177,Hype
835,YOUTUBE,2191,Store_UX
836,YOUTUBE,2199,Store_UX
837,YOUTUBE,2209,Hype
838,YOUTUBE,2210,Performance
839,YOUTUBE,2235,Exclusivity
840,YOUTUBE,2249,Hype
841,YOUTUBE,2259,Exclusivity
842,YOUTUBE,2263,Store_UX
843,YOUTUBE,2265,Hype
844,YOUTUBE,2314,Performance
845,YOUTUBE,2319,Store_UX
846,YOUTUBE,2325,Bug_Complaint
847,YOUTUBE,2326,Nostalgia
848,YOUTUBE,2330,Performance
849,YOUTUBE,2336,Price
850,YOUTUBE,2344,Price
851,YOUTUBE,2357,Bug_Complaint
852,YOUTUBE,2363,Exclusivity
853,YOUTUBE,2366,Nostalgia
854,YOUTUBE,2375,Store_UX
855,YOUTUBE,2380,Multiplayer
856,YOUTUBE,2389,Bug_Complaint
857,YOUTUBE,2395,Exclusivity
858,YOUTUBE,2418,Performance
859,YOUTUBE,2423,Store_UX
860,YOUTUBE,2428,Multiplayer
861,YOUTUBE,2431,Store_UX
862,YOUTUBE,2434,Performance
863,YOUTUBE,2444,Multiplayer
864,YOUTUBE,2451,Exclusivity
865,YOUTUBE,2476,Multiplayer
866,YOUTUBE,2487,Store_UX
867,YOUTUBE,2499,Exclusivity
868,YOUTUBE,2530,Performance
869,YOUTUBE,2531,Exclusivity
870,YOUTUBE,2538,Performance
871,REDDIT,4663,Exclusivity
872,REDDIT,4673,Multiplayer
873,REDDIT,4678,Store_UX
874,REDDIT,4679,Nostalgia
875,REDDIT,4682,Performance
876,REDDIT,4686,Performance
877,REDDIT,4701,Multiplayer
878,REDDIT,4708,Performance
879,REDDIT,4709,Multiplayer
880,REDDIT,4717,Nostalgia
881,REDDIT,4719,Performance
882,REDDIT,4728,Price
883,REDDIT,4733,Store_UX
884,REDDIT,4745,Hype
885,REDDIT,4751,Exclusivity
886,REDDIT,4753,Store_UX
887,REDDIT,4764,Bug_Complaint
888,REDDIT,4769,Price
889,REDDIT,4773,Multiplayer
890,REDDIT,4778,Bug_Complaint
891,REDDIT,4805,Bug_Complaint
892,REDDIT,4811,Bug_Complaint
893,REDDIT,4816,Hype
894,REDDIT,4818,Multiplayer
895,REDDIT,4828,Hype
896,REDDIT,4829,Multiplayer
897,REDDIT,4845,Multiplayer
898,REDDIT,4853,Multiplayer
899,REDDIT,4858,Store_UX
900,REDDIT,4860,Bug_Complaint
901,REDDIT,4876,Store_UX
902,REDDIT,4884,Store_UX
903,REDDIT,4889,Hype
904,REDDIT,4905,Performance
905,REDDIT,4907,Multiplayer
906,REDDIT,4912,Price
907,REDDIT,4917,Price
908,REDDIT,4919,Performance
909,REDDIT,4929,Exclusivity
910,REDDIT,4934,Price
911,REDDIT,4938,Multiplayer
912,REDDIT,4941,Bug_Complaint
913,REDDIT,4942,Store_UX
914,REDDIT,4958,Exclusivity
915,REDDIT,4965,Performance
916,REDDIT,4967,Hype
917,REDDIT,4975,Performance
918,REDDIT,4976,Nostalgia
919,REDDIT,4978,Bug_Complaint
920,REDDIT,4983,Multiplayer
921,REDDIT,4985,Exclusivity
922,REDDIT,4988,Exclusivity
923,REDDIT,4991,Bug_Complaint
924,REDDIT,4994,Store_UX
925,REDDIT,4995,Price
926,REDDIT,5001,Hype
927,REDDIT,5009,Performance
928,REDDIT,5032,Exclusivity
929,REDDIT,5040,Nostalgia
930,REDDIT,5054,Bug_Complaint
931,REDDIT,5056,Performance
932,REDDIT,5057,Hype
933,REDDIT,5059,Nostalgia
934,REDDIT,5082,Performance
935,REDDIT,5089,Nostalgia
936,REDDIT,5090,Bug_Complaint
937,REDDIT,5100,Bug_Complaint
938,REDDIT,5101,Store_UX
939,REDDIT,5109,Exclusivity
940,REDDIT,5112,Price
941,REDDIT,5117,Nostalgia
942,REDDIT,5120,Exclusivity
943,REDDIT,5121,Bug_Complaint
944,REDDIT,5125,Price
945,REDDIT,5126,Store_UX
946,REDDIT,5129,Nostalgia
947,REDDIT,5138,Price
948,REDDIT,5139,Price
949,REDDIT,5141,Exclusivity
950,REDDIT,5149,Exclusivity
951,REDDIT,5168,Bug_Complaint
952,REDDIT,5177,Multiplayer
953,REDDIT,5185,Price
954,REDDIT,5191,Performance
955,REDDIT,5194,Exclusivity
956,REDDIT,5196,Price
957,REDDIT,5211,Store_UX
958,REDDIT,5213,Nostalgia
959,REDDIT,5233,Bug_Complaint
960,REDDIT,5247,Hype
961,REDDIT,5252,Nostalgia
962,REDDIT,5258,Nostalgia
963,REDDIT,5284,Price
964,REDDIT,5294,Performance
965,REDDIT,5308,Multiplayer
966,REDDIT,5314,Exclusivity
967,REDDIT,5318,Store_UX
968,REDDIT,1996,Bug_Complaint
969,REDDIT,1997,Price
970,REDDIT,2014,Price
971,REDDIT,2026,Performance
972,REDDIT,2038,Bug_Complaint
973,REDDIT,2054,Price
974,REDDIT,2058,Exclusivity
975,REDDIT,2069,Multiplayer
976,REDDIT,2078,Price
977,REDDIT,2079,Hype
978,REDDIT,2096,Store_UX
979,REDDIT,2114,Exclusivity
980,REDDIT,2122,Exclusivity
981,REDDIT,2124,Bug_Complaint
982,REDDIT,2131,Store_UX
983,REDDIT,2146,Multiplayer
984,REDDIT,2147,Hype
985,REDDIT,2155,Multiplayer
986,REDDIT,2160,Price
987,REDDIT,2165,Price
988,REDDIT,2178,Nostalgia
989,REDDIT,2179,Hype
990,REDDIT,2186,Store_UX
991,REDDIT,2188,Exclusivity
992,REDDIT,2196,Bug_Complaint
993,REDDIT,2222,Price
994,REDDIT,2242,Bug_Complaint
995,REDDIT,2245,Price
996,REDDIT,2246,Exclusivity
997,REDDIT,2248,Exclusivity
998,REDDIT,2262,Exclusivity
999,REDDIT,2284,Bug_Complaint
1000,REDDIT,2286,Store_UX
1001,REDDIT,2293,Multiplayer
1002,REDDIT,2295,Bug_Complaint
1003,REDDIT,2303,Price
1004,REDDIT,2306,Store_UX
1005,REDDIT,2315,Multiplayer
1006,REDDIT,2319,Performance
1007,REDDIT,2327,Bug_Complaint
1008,REDDIT,2338,Price
1009,REDDIT,2348,Multiplayer
1010,REDDIT,2355,Hype
1011,REDDIT,2368,Nostalgia
1012,REDDIT,2371,Multiplayer
1013,REDDIT,2380,Price
1014,REDDIT,2381,Hype
1015,REDDIT,2391,Nostalgia
1016,REDDIT,2411,Price
1017,REDDIT,2417,Nostalgia
1018,REDDIT,2418,Exclusivity
1019,REDDIT,2421,Performance
1020,REDDIT,2423,Performance
1021,REDDIT,2433,Price
1022,REDDIT,2436,Bug_Complaint
1023,REDDIT,2444,Hype
1024,REDDIT,2455,Bug_Complaint
1025,REDDIT,2458,Bug_Complaint
1026,REDDIT,2463,Hype
1027,REDDIT,2468,Exclusivity
1028,REDDIT,2469,Price
1029,REDDIT,2475,Performance
1030,REDDIT,2479,Exclusivity
1031,REDDIT,2483,Performance
1032,REDDIT,2487,Multiplayer
1033,REDDIT,2494,Price
1034,REDDIT,2498,Multiplayer
1035,REDDIT,2500,Price
1036,REDDIT,2506,Exclusivity
1037,REDDIT,2507,Multiplayer
1038,REDDIT,2540,Store_UX
1039,REDDIT,2544,Bug_Complaint
1040,REDDIT,2552,Performance
1041,REDDIT,2583,Store_UX
1042,REDDIT,2587,Store_UX
1043,REDDIT,2595,Multiplayer
1044,REDDIT,2597,Multiplayer
1045,REDDIT,2599,Bug_Complaint
1046,REDDIT,2606,Price
1047,REDDIT,2614,Multiplayer
1048,REDDIT,2621,Store_UX
1049,REDDIT,2631,Price
1050,REDDIT,2654,Performance
1051,YOUTUBE,5133,Bug_Complaint
1052,YOUTUBE,5136,Price
1053,YOUTUBE,5138,Performance
1054,YOUTUBE,5144,Price
1055,YOUTUBE,5145,Hype
1056,YOUTUBE,5150,Nostalgia
1057,YOUTUBE,5166,Nostalgia
1058,YOUTUBE,5171,Exclusivity
1059,YOUTUBE,5172,Multiplayer
1060,YOUTUBE,5180,Multiplayer
1061,YOUTUBE,5183,Store_UX
1062,YOUTUBE,5188,Multiplayer
1063,YOUTUBE,5194,Performance
1064,YOUTUBE,5198,Nostalgia
1065,YOUTUBE,5203,Exclusivity
1066,YOUTUBE,5208,Price
1067,YOUTUBE,5212,Multiplayer
1068,YOUTUBE,5232,Price
1069,YOUTUBE,5235,Exclusivity
1070,YOUTUBE,5237,Bug_Complaint
1071,YOUTUBE,5238,Nostalgia
1072,YOUTUBE,5241,Hype
1073,YOUTUBE,5264,Price
1074,YOUTUBE,5272,Price
1075,YOUTUBE,5275,Exclusivity
1076,YOUTUBE,5283,Exclusivity
1077,YOUTUBE,5302,Nostalgia
1078,YOUTUBE,5309,Bug_Complaint
1079,YOUTUBE,5310,Nostalgia
1080,YOUTUBE,5314,Performance
1081,YOUTUBE,5333,Bug_Complaint
1082,YOUTUBE,5343,Store_UX
1083,YOUTUBE,5358,Nostalgia
1084,YOUTUBE,5383,Store_UX
1085,YOUTUBE,5385,Hype
1086,YOUTUBE,5387,Exclusivity
1087,YOUTUBE,5388,Multiplayer
1088,YOUTUBE,5394,Performance
1089,YOUTUBE,5409,Hype
1090,YOUTUBE,5420,Multiplayer
1091,YOUTUBE,5429,Bug_Complaint
1092,YOUTUBE,5451,Exclusivity
1093,YOUTUBE,5456,Price
1094,YOUTUBE,5478,Nostalgia
1095,YOUTUBE,5480,Price
1096,YOUTUBE,5488,Price
1097,YOUTUBE,5512,Price
1098,YOUTUBE,5571,Exclusivity
1099,YOUTUBE,5577,Hype
1100,YOUTUBE,5592,Price
1101,YOUTUBE,5601,Hype
1102,YOUTUBE,5612,Multiplayer
1103,YOUTUBE,5640,Price
1104,YOUTUBE,5645,Bug_Complaint
1105,YOUTUBE,5646,Nostalgia
1106,YOUTUBE,5650,Performance
1107,YOUTUBE,5653,Bug_Complaint
1108,YOUTUBE,5655,Store_UX
1109,YOUTUBE,5661,Bug_Complaint
1110,YOUTUBE,5665,Hype
1111,YOUTUBE,5669,Bug_Complaint
1112,YOUTUBE,5672,Price
1113,YOUTUBE,5673,Hype
1114,YOUTUBE,5674,Performance
1115,YOUTUBE,5677,Bug_Complaint
1116,YOUTUBE,5691,Exclusivity
1117,YOUTUBE,5709,Bug_Complaint
1118,YOUTUBE,5714,Performance
1119,YOUTUBE,5731,Exclusivity
1120,YOUTUBE,5732,Multiplayer
1121,YOUTUBE,5738,Performance
1122,YOUTUBE,5740,Multiplayer
1123,YOUTUBE,5759,Store_UX
1124,YOUTUBE,5769,Hype
1125,YOUTUBE,5776,Price
1126,YOUTUBE,5783,Store_UX
1127,YOUTUBE,5786,Performance
1128,YOUTUBE,5802,Performance
1129,YOUTUBE,5804,Multiplayer
1130,YOUTUBE,5810,Performance
1131,YOUTUBE,5830,Nostalgia
1132,YOUTUBE,5833,Hype
1133,YOUTUBE,5834,Performance
1134,YOUTUBE,5838,Nostalgia
1135,YOUTUBE,5844,Multiplayer
1136,YOUTUBE,5847,Store_UX
1137,YOUTUBE,5865,Hype
1138,YOUTUBE,5870,Nostalgia
1139,YOUTUBE,5878,Nostalgia
1140,YOUTUBE,5889,Hype
1141,YOUTUBE,5892,Multiplayer
1142,YOUTUBE,5908,Multiplayer
1143,YOUTUBE,5923,Exclusivity
1144,YOUTUBE,5934,Nostalgia
1145,YOUTUBE,5938,Performance
1146,YOUTUBE,5942,Nostalgia
1147,YOUTUBE,5947,Exclusivity
1148,YOUTUBE,5952,Price
1149,YOUTUBE,5956,Multiplayer
1150,YOUTUBE,5963,Exclusivity
1151,YOUTUBE,5966,Nostalgia
1152,YOUTUBE,5971,Exclusivity
1153,YOUTUBE,5972,Multiplayer
1154,YOUTUBE,5978,Performance
1155,YOUTUBE,5986,Performance
1156,YOUTUBE,5996,Multiplayer
1157,YOUTUBE,6001,Hype
1158,YOUTUBE,6003,Exclusivity
1159,YOUTUBE,6005,Bug_Complaint
1160,YOUTUBE,6011,Exclusivity
1161,YOUTUBE,6019,Exclusivity
1162,YOUTUBE,6022,Nostalgia
1163,YOUTUBE,6035,Exclusivity
1164,YOUTUBE,6046,Nostalgia
1165,YOUTUBE,6052,Multiplayer
1166,YOUTUBE,6054,Nostalgia
1167,YOUTUBE,6055,Store_UX
1168,YOUTUBE,6067,Exclusivity
1169,YOUTUBE,6068,Multiplayer
1170,YOUTUBE,6115,Exclusivity
1171,YOUTUBE,6116,Multiplayer
1172,YOUTUBE,6124,Multiplayer
1173,YOUTUBE,6127,Store_UX
1174,YOUTUBE,6129,Hype
1175,YOUTUBE,6137,Hype
1176,YOUTUBE,6139,Exclusivity
1177,YOUTUBE,6154,Performance
1178,YOUTUBE,6161,Hype
1179,YOUTUBE,6169,Hype
1180,YOUTUBE,6176,Price
1181,YOUTUBE,6184,Price
1182,YOUTUBE,6199,Store_UX
1183,YOUTUBE,6200,Price
1184,YOUTUBE,6210,Performance
1185,YOUTUBE,6211,Exclusivity
1186,YOUTUBE,6232,Price
1187,YOUTUBE,6237,Bug_Complaint
1188,YOUTUBE,6246,Nostalgia
1189,YOUTUBE,6259,Exclusivity
1190,YOUTUBE,6264,Price
1191,YOUTUBE,6268,Multiplayer
1192,YOUTUBE,6276,Multiplayer
1193,YOUTUBE,6280,Price
1194,YOUTUBE,6281,Hype
1195,YOUTUBE,6303,Store_UX
1196,YOUTUBE,6320,Price
1197,YOUTUBE,6321,Hype
1198,YOUTUBE,6325,Bug_Complaint
1199,YOUTUBE,6352,Price
1200,YOUTUBE,6381,Bug_Complaint
1201,YOUTUBE,6389,Bug_Complaint
1202,YOUTUBE,6399,Store_UX
1203,YOUTUBE,6423,Store_UX
1204,YOUTUBE,6432,Price
1205,YOUTUBE,6464,Price
1206,YOUTUBE,6468,Multiplayer
1207,YOUTUBE,6469,Bug_Complaint
1208,YOUTUBE,6473,Hype
1209,YOUTUBE,6479,Store_UX
1210,YOUTUBE,6485,Bug_Complaint
1211,YOUTUBE,6502,Nostalgia
1212,YOUTUBE,6516,Multiplayer
1213,YOUTUBE,6521,Hype
1214,YOUTUBE,6533,Bug_Complaint
1215,YOUTUBE,6542,Nostalgia
1216,YOUTUBE,6545,Hype
1217,YOUTUBE,6546,Performance
1218,YOUTUBE,6549,Bug_Complaint
1219,YOUTUBE,6557,Bug_Complaint
1220,YOUTUBE,6559,Store_UX
1221,YOUTUBE,6584,Price
1222,YOUTUBE,6589,Bug_Complaint
1223,YOUTUBE,6594,Performance
1224,YOUTUBE,6603,Exclusivity
1225,YOUTUBE,6615,Store_UX
1226,YOUTUBE,6624,Price
1227,YOUTUBE,6631,Store_UX
1228,YOUTUBE,6632,Price
1229,YOUTUBE,6638,Nostalgia
1230,YOUTUBE,6655,Store_UX
1231,YOUTUBE,6664,Price
1232,YOUTUBE,6669,Bug_Complaint
1233,YOUTUBE,6673,Hype
1234,YOUTUBE,6676,Multiplayer
1235,YOUTUBE,6684,Multiplayer
1236,YOUTUBE,6687,Store_UX
1237,YOUTUBE,6702,Nostalgia
1238,YOUTUBE,6704,Price
1239,YOUTUBE,6712,Price
1240,YOUTUBE,6738,Performance
1241,YOUTUBE,6745,Hype
1242,YOUTUBE,6751,Store_UX
1243,YOUTUBE,6755,Exclusivity
1244,YOUTUBE,6759,Store_UX
1245,YOUTUBE,6764,Multiplayer
1246,YOUTUBE,6767,Store_UX
1247,YOUTUBE,6771,Exclusivity
1248,YOUTUBE,6776,Price
1249,YOUTUBE,6782,Nostalgia
1250,YOUTUBE,6790,Nostalgia
1251,YOUTUBE,6802,Performance
1252,YOUTUBE,6807,Store_UX
1253,YOUTUBE,6819,Exclusivity
1254,YOUTUBE,6822,Nostalgia
1255,YOUTUBE,6831,Store_UX
1256,YOUTUBE,6836,Multiplayer
1257,YOUTUBE,6840,Price
1258,YOUTUBE,6845,Bug_Complaint
1259,YOUTUBE,6847,Store_UX
1260,YOUTUBE,6857,Hype
1261,YOUTUBE,6859,Exclusivity
1262,YOUTUBE,6863,Store_UX
1263,YOUTUBE,6864,Price
1264,YOUTUBE,6866,Performance
1265,YOUTUBE,6867,Exclusivity
1266,YOUTUBE,6873,Hype
1267,YOUTUBE,6886,Nostalgia
1268,YOUTUBE,6891,Exclusivity
1269,YOUTUBE,6892,Multiplayer
1270,YOUTUBE,6896,Price
1271,YOUTUBE,6912,Price
1272,YOUTUBE,6923,Exclusivity
1273,YOUTUBE,6942,Nostalgia
1274,YOUTUBE,6970,Performance
1275,YOUTUBE,6982,Nostalgia
1276,YOUTUBE,6984,Price
1277,YOUTUBE,6993,Hype
1278,YOUTUBE,6999,Store_UX
1279,YOUTUBE,7000,Price
1280,YOUTUBE,7007,Store_UX
1281,YOUTUBE,7024,Price
1282,YOUTUBE,7025,Hype
1283,YOUTUBE,7027,Exclusivity
1284,YOUTUBE,7034,Performance
1285,YOUTUBE,7045,Bug_Complaint
1286,YOUTUBE,7057,Hype
1287,YOUTUBE,7075,Exclusivity
1288,YOUTUBE,7077,Bug_Complaint
1289,YOUTUBE,7083,Exclusivity
1290,YOUTUBE,7088,Price
1291,YOUTUBE,7090,Performance
1292,YOUTUBE,7093,Bug_Complaint
1293,YOUTUBE,7110,Nostalgia
1294,YOUTUBE,7122,Performance
1295,YOUTUBE,7124,Multiplayer
1296,YOUTUBE,7142,Nostalgia
1297,YOUTUBE,7148,Multiplayer
1298,YOUTUBE,7154,Performance
1299,YOUTUBE,7166,Nostalgia
1300,YOUTUBE,7168,Price
1301,YOUTUBE,7169,Hype
1302,YOUTUBE,7171,Exclusivity
1303,YOUTUBE,7175,Store_UX
1304,YOUTUBE,7179,Exclusivity
1305,YOUTUBE,7192,Price
1306,YOUTUBE,7201,Hype
1307,YOUTUBE,7203,Exclusivity
1308,YOUTUBE,7204,Multiplayer
1309,YOUTUBE,7205,Bug_Complaint
1310,YOUTUBE,7215,Store_UX
1311,YOUTUBE,7220,Multiplayer
1312,YOUTUBE,7246,Nostalgia
1313,YOUTUBE,7247,Store_UX
1314,YOUTUBE,7258,Performance
1315,YOUTUBE,7264,Price
1316,YOUTUBE,7266,Performance
1317,YOUTUBE,7267,Exclusivity
1318,YOUTUBE,7274,Performance
1319,YOUTUBE,7283,Exclusivity
1320,YOUTUBE,7296,Price
1321,YOUTUBE,7310,Nostalgia
1322,YOUTUBE,7318,Nostalgia
1323,YOUTUBE,7328,Price
1324,YOUTUBE,7329,Hype
1325,YOUTUBE,7354,Performance
1326,YOUTUBE,7368,Price
1327,YOUTUBE,7378,Performance
1328,YOUTUBE,7382,Nostalgia
1329,YOUTUBE,7384,Price
1330,YOUTUBE,7433,Hype
1331,YOUTUBE,7438,Nostalgia
1332,YOUTUBE,7444,Multiplayer
1333,YOUTUBE,7445,Bug_Complaint
1334,YOUTUBE,7449,Hype
1335,YOUTUBE,7455,Store_UX
1336,YOUTUBE,7463,Store_UX
1337,YOUTUBE,7476,Multiplayer
1338,YOUTUBE,7482,Performance
1339,YOUTUBE,7485,Bug_Complaint
1340,YOUTUBE,7494,Nostalgia
1341,YOUTUBE,7499,Exclusivity
1342,YOUTUBE,7508,Multiplayer
1343,YOUTUBE,7514,Performance
1344,YOUTUBE,7537,Hype
1345,YOUTUBE,7542,Nostalgia
1346,YOUTUBE,7547,Exclusivity
1347,YOUTUBE,7550,Nostalgia
1348,YOUTUBE,7553,Hype
1349,YOUTUBE,7563,Exclusivity
1350,YOUTUBE,7570,Performance
1351,YOUTUBE,7595,Exclusivity
1352,YOUTUBE,7606,Nostalgia
1353,YOUTUBE,7618,Performance
1354,YOUTUBE,7649,Hype
1355,YOUTUBE,7650,Performance
1356,YOUTUBE,7657,Hype
1357,YOUTUBE,15359,Store_UX
1358,YOUTUBE,15360,Price
1359,YOUTUBE,15377,Hype
1360,YOUTUBE,15389,Bug_Complaint
1361,YOUTUBE,15401,Hype
1362,YOUTUBE,15417,Hype
1363,YOUTUBE,15421,Bug_Complaint
1364,YOUTUBE,15432,Price
1365,YOUTUBE,15441,Hype
1366,YOUTUBE,15442,Performance
1367,YOUTUBE,15459,Exclusivity
1368,YOUTUBE,15477,Bug_Complaint
1369,YOUTUBE,15485,Bug_Complaint
1370,YOUTUBE,15487,Store_UX
1371,YOUTUBE,15494,Nostalgia
1372,YOUTUBE,15509,Bug_Complaint
1373,YOUTUBE,15510,Nostalgia
1374,YOUTUBE,15518,Nostalgia
1375,YOUTUBE,15523,Exclusivity
1376,YOUTUBE,15528,Price
1377,YOUTUBE,15541,Bug_Complaint
1378,YOUTUBE,15542,Nostalgia
1379,YOUTUBE,15549,Bug_Complaint
1380,YOUTUBE,15551,Store_UX
1381,YOUTUBE,15559,Store_UX
1382,YOUTUBE,15585,Hype
1383,YOUTUBE,15605,Bug_Complaint
1384,YOUTUBE,15608,Price
1385,YOUTUBE,15609,Hype
1386,YOUTUBE,15611,Exclusivity
1387,YOUTUBE,15625,Hype
1388,YOUTUBE,15647,Store_UX
1389,YOUTUBE,15649,Hype
1390,YOUTUBE,15656,Price
1391,YOUTUBE,15658,Performance
1392,YOUTUBE,15666,Performance
1393,YOUTUBE,15669,Bug_Complaint
1394,YOUTUBE,15678,Nostalgia
1395,YOUTUBE,15682,Performance
1396,YOUTUBE,15690,Performance
1397,YOUTUBE,15701,Bug_Complaint
1398,YOUTUBE,15711,Store_UX
1399,YOUTUBE,15718,Nostalgia
1400,YOUTUBE,15731,Exclusivity
1401,YOUTUBE,15734,Nostalgia
1402,YOUTUBE,15743,Store_UX
1403,YOUTUBE,15744,Price
1404,YOUTUBE,15754,Performance
1405,YOUTUBE,15774,Nostalgia
1406,YOUTUBE,15780,Multiplayer
1407,YOUTUBE,15781,Bug_Complaint
1408,YOUTUBE,15784,Price
1409,YOUTUBE,15786,Performance
1410,YOUTUBE,15796,Multiplayer
1411,YOUTUBE,15799,Store_UX
1412,YOUTUBE,15807,Store_UX
1413,YOUTUBE,15818,Performance
1414,YOUTUBE,15821,Bug_Complaint
1415,YOUTUBE,15826,Performance
1416,YOUTUBE,15831,Store_UX
1417,YOUTUBE,15832,Price
1418,YOUTUBE,15838,Nostalgia
1419,YOUTUBE,15842,Performance
1420,YOUTUBE,15846,Nostalgia
1421,YOUTUBE,15850,Performance
1422,YOUTUBE,15857,Hype
1423,YOUTUBE,15861,Bug_Complaint
1424,YOUTUBE,15863,Store_UX
1425,YOUTUBE,15869,Bug_Complaint
1426,YOUTUBE,15870,Nostalgia
1427,YOUTUBE,15903,Store_UX
1428,YOUTUBE,15907,Exclusivity
1429,YOUTUBE,15915,Exclusivity
1430,YOUTUBE,15946,Performance
1431,YOUTUBE,15950,Nostalgia
1432,YOUTUBE,15958,Nostalgia
1433,YOUTUBE,15960,Price
1434,YOUTUBE,15962,Performance
1435,YOUTUBE,15969,Hype
1436,YOUTUBE,15977,Hype
1437,YOUTUBE,15984,Price
1438,YOUTUBE,15994,Performance
1439,YOUTUBE,16017,Hype
1440,YOUTUBE,16037,Bug_Complaint
1441,YOUTUBE,16040,Price
1442,YOUTUBE,16042,Performance
1443,YOUTUBE,16048,Price
1444,YOUTUBE,16049,Hype
1445,YOUTUBE,16054,Nostalgia
1446,YOUTUBE,16070,Nostalgia
1447,YOUTUBE,16075,Exclusivity
1448,YOUTUBE,16076,Multiplayer
1449,YOUTUBE,16084,Multiplayer
1450,YOUTUBE,16087,Store_UX
1451,YOUTUBE,16092,Multiplayer
1452,YOUTUBE,16098,Performance
1453,YOUTUBE,16102,Nostalgia
1454,YOUTUBE,16107,Exclusivity
1455,YOUTUBE,16112,Price
1456,YOUTUBE,16116,Multiplayer
1457,YOUTUBE,16136,Price
1458,YOUTUBE,16139,Exclusivity
1459,YOUTUBE,16141,Bug_Complaint
1460,YOUTUBE,16142,Nostalgia
1461,YOUTUBE,16145,Hype
1462,YOUTUBE,16168,Price
1463,YOUTUBE,16176,Price
1464,YOUTUBE,16179,Exclusivity
1465,YOUTUBE,16187,Exclusivity
1466,YOUTUBE,16206,Nostalgia
1467,YOUTUBE,16213,Bug_Complaint
1468,YOUTUBE,16214,Nostalgia
1469,YOUTUBE,16218,Performance
1470,YOUTUBE,16237,Bug_Complaint
1471,YOUTUBE,16247,Store_UX
1472,YOUTUBE,16262,Nostalgia
1473,YOUTUBE,16287,Store_UX
1474,YOUTUBE,16289,Hype
1475,YOUTUBE,16291,Exclusivity
1476,YOUTUBE,16292,Multiplayer
1477,YOUTUBE,16298,Performance
1478,YOUTUBE,16313,Hype
1479,YOUTUBE,16324,Multiplayer
1480,YOUTUBE,16333,Bug_Complaint
1481,YOUTUBE,16355,Exclusivity
1482,YOUTUBE,16360,Price
1483,YOUTUBE,16382,Nostalgia
1484,YOUTUBE,16384,Price
1485,YOUTUBE,16392,Price
1486,YOUTUBE,16416,Price
1487,YOUTUBE,16475,Exclusivity
1488,YOUTUBE,16481,Hype
1489,YOUTUBE,16496,Price
1490,YOUTUBE,16505,Hype
1491,YOUTUBE,16516,Multiplayer
1492,YOUTUBE,16544,Price
1493,YOUTUBE,16549,Bug_Complaint
1494,YOUTUBE,16550,Nostalgia
1495,YOUTUBE,16554,Performance
1496,YOUTUBE,16557,Bug_Complaint
1497,YOUTUBE,16559,Store_UX
1498,YOUTUBE,16565,Bug_Complaint
1499,YOUTUBE,16569,Hype
1500,YOUTUBE,16573,Bug_Complaint
1501,YOUTUBE,16576,Price
1502,YOUTUBE,16577,Hype
1503,YOUTUBE,16578,Performance
1504,YOUTUBE,16581,Bug_Complaint
1505,YOUTUBE,16595,Exclusivity
1506,YOUTUBE,16613,Bug_Complaint
1507,YOUTUBE,16618,Performance
1508,YOUTUBE,16635,Exclusivity
1509,YOUTUBE,16636,Multiplayer
1510,YOUTUBE,16642,Performance
1511,YOUTUBE,16644,Multiplayer
1512,YOUTUBE,16663,Store_UX
1513,YOUTUBE,16673,Hype
1514,YOUTUBE,16680,Price
1515,YOUTUBE,16687,Store_UX
1516,YOUTUBE,16690,Performance
1517,YOUTUBE,16706,Performance
1518,YOUTUBE,16708,Multiplayer
1519,YOUTUBE,16714,Performance
1520,YOUTUBE,16734,Nostalgia
1521,YOUTUBE,16737,Hype
1522,YOUTUBE,16738,Performance
1523,YOUTUBE,16742,Nostalgia
1524,YOUTUBE,16748,Multiplayer
1525,YOUTUBE,16751,Store_UX
1526,YOUTUBE,16769,Hype
1527,YOUTUBE,16774,Nostalgia
1528,YOUTUBE,16782,Nostalgia
1529,YOUTUBE,16793,Hype
1530,YOUTUBE,16796,Multiplayer
1531,YOUTUBE,16812,Multiplayer
1532,YOUTUBE,16827,Exclusivity
1533,YOUTUBE,16838,Nostalgia
1534,YOUTUBE,16842,Performance
1535,YOUTUBE,16846,Nostalgia
1536,YOUTUBE,16851,Exclusivity
1537,YOUTUBE,16856,Price
1538,YOUTUBE,16860,Multiplayer
1539,YOUTUBE,16867,Exclusivity
1540,YOUTUBE,16870,Nostalgia
1541,YOUTUBE,16875,Exclusivity
1542,YOUTUBE,16876,Multiplayer
1543,YOUTUBE,16882,Performance
1544,YOUTUBE,16890,Performance
1545,YOUTUBE,16900,Multiplayer
1546,YOUTUBE,16905,Hype
1547,YOUTUBE,16907,Exclusivity
1548,YOUTUBE,16909,Bug_Complaint
1549,YOUTUBE,16915,Exclusivity
1550,YOUTUBE,16923,Exclusivity
1551,YOUTUBE,16926,Nostalgia
1552,YOUTUBE,16939,Exclusivity
1553,YOUTUBE,16950,Nostalgia
1554,YOUTUBE,16956,Multiplayer
1555,YOUTUBE,16958,Nostalgia
1556,YOUTUBE,16959,Store_UX
1557,YOUTUBE,16971,Exclusivity
1558,YOUTUBE,16972,Multiplayer
1559,YOUTUBE,17019,Exclusivity
1560,YOUTUBE,17020,Multiplayer
1561,YOUTUBE,17028,Multiplayer
1562,YOUTUBE,17031,Store_UX
1563,YOUTUBE,17033,Hype
1564,YOUTUBE,17041,Hype
1565,YOUTUBE,17043,Exclusivity
1566,YOUTUBE,17058,Performance
1567,YOUTUBE,17065,Hype
1568,YOUTUBE,17073,Hype
1569,YOUTUBE,17080,Price
1570,YOUTUBE,17088,Price
1571,YOUTUBE,17103,Store_UX
1572,YOUTUBE,17104,Price
1573,YOUTUBE,17114,Performance
1574,YOUTUBE,17115,Exclusivity
1575,YOUTUBE,17136,Price
1576,YOUTUBE,17141,Bug_Complaint
1577,YOUTUBE,17150,Nostalgia
1578,YOUTUBE,17163,Exclusivity
1579,YOUTUBE,17168,Price
1580,YOUTUBE,17172,Multiplayer
1581,YOUTUBE,17180,Multiplayer
1582,YOUTUBE,17184,Price
1583,YOUTUBE,17185,Hype
1584,YOUTUBE,17207,Store_UX
1585,YOUTUBE,17224,Price
1586,YOUTUBE,17225,Hype
1587,YOUTUBE,17229,Bug_Complaint
1588,YOUTUBE,17256,Price
1589,YOUTUBE,17285,Bug_Complaint
1590,YOUTUBE,17293,Bug_Complaint
1591,YOUTUBE,17303,Store_UX
1592,YOUTUBE,17327,Store_UX
1593,YOUTUBE,17336,Price
1594,YOUTUBE,17368,Price
1595,YOUTUBE,17372,Multiplayer
1596,YOUTUBE,17373,Bug_Complaint
1597,YOUTUBE,17377,Hype
1598,YOUTUBE,17383,Store_UX
1599,YOUTUBE,17389,Bug_Complaint
1600,YOUTUBE,17406,Nostalgia
1601,YOUTUBE,17420,Multiplayer
1602,YOUTUBE,17425,Hype
1603,YOUTUBE,17437,Bug_Complaint
1604,YOUTUBE,17446,Nostalgia
1605,YOUTUBE,17449,Hype
1606,YOUTUBE,17450,Performance
1607,YOUTUBE,17453,Bug_Complaint
1608,YOUTUBE,17461,Bug_Complaint
1609,YOUTUBE,17463,Store_UX
1610,YOUTUBE,17488,Price
1611,YOUTUBE,17493,Bug_Complaint
1612,YOUTUBE,17498,Performance
1613,YOUTUBE,17507,Exclusivity
1614,YOUTUBE,17519,Store_UX
1615,YOUTUBE,17528,Price
1616,YOUTUBE,17535,Store_UX
1617,YOUTUBE,17536,Price
1618,YOUTUBE,17542,Nostalgia
1619,YOUTUBE,17559,Store_UX
1620,YOUTUBE,17568,Price
1621,YOUTUBE,17573,Bug_Complaint
1622,YOUTUBE,17577,Hype
1623,YOUTUBE,17580,Multiplayer
1624,YOUTUBE,17588,Multiplayer
1625,YOUTUBE,17591,Store_UX
1626,YOUTUBE,17606,Nostalgia
1627,YOUTUBE,17608,Price
1628,YOUTUBE,17616,Price
1629,YOUTUBE,17642,Performance
1630,YOUTUBE,17649,Hype
1631,YOUTUBE,17655,Store_UX
1632,YOUTUBE,17659,Exclusivity
1633,YOUTUBE,17663,Store_UX
1634,YOUTUBE,17668,Multiplayer
1635,YOUTUBE,17671,Store_UX
1636,YOUTUBE,17675,Exclusivity
1637,YOUTUBE,17680,Price
1638,YOUTUBE,17686,Nostalgia
1639,YOUTUBE,17694,Nostalgia
1640,YOUTUBE,17706,Performance
1641,YOUTUBE,17711,Store_UX
1642,YOUTUBE,17723,Exclusivity
1643,YOUTUBE,17726,Nostalgia
1644,YOUTUBE,17735,Store_UX
1645,YOUTUBE,17740,Multiplayer
1646,YOUTUBE,17744,Price
1647,YOUTUBE,17749,Bug_Complaint
1648,YOUTUBE,17751,Store_UX
1649,YOUTUBE,17761,Hype
1650,YOUTUBE,17763,Exclusivity
1651,YOUTUBE,17767,Store_UX
1652,YOUTUBE,17768,Price
1653,YOUTUBE,17770,Performance
1654,YOUTUBE,17771,Exclusivity
1655,YOUTUBE,17777,Hype
1656,YOUTUBE,17790,Nostalgia
1657,YOUTUBE,17795,Exclusivity
1658,YOUTUBE,17796,Multiplayer
1659,YOUTUBE,17800,Price
1660,YOUTUBE,17816,Price
1661,YOUTUBE,17827,Exclusivity
1662,YOUTUBE,17846,Nostalgia
1663,YOUTUBE,17874,Performance
1664,YOUTUBE,17886,Nostalgia
1665,YOUTUBE,17888,Price
1666,YOUTUBE,17897,Hype
1667,YOUTUBE,17903,Store_UX
1668,YOUTUBE,17904,Price
1669,YOUTUBE,17911,Store_UX
1670,REDDIT,2661,Hype
1671,REDDIT,2662,Exclusivity
1672,REDDIT,2679,Performance
1673,REDDIT,2691,Hype
1674,REDDIT,2703,Bug_Complaint
1675,REDDIT,2719,Bug_Complaint
1676,REDDIT,2723,Multiplayer
1677,REDDIT,2734,Nostalgia
1678,REDDIT,2743,Price
1679,REDDIT,2744,Price
1680,REDDIT,2761,Multiplayer
1681,REDDIT,2779,Hype
1682,REDDIT,2787,Hype
1683,REDDIT,2789,Performance
1684,REDDIT,2796,Exclusivity
1685,REDDIT,2811,Price
1686,REDDIT,2812,Bug_Complaint
1687,REDDIT,2820,Exclusivity
1688,REDDIT,2825,Store_UX
1689,REDDIT,2830,Exclusivity
1690,REDDIT,2843,Price
1691,REDDIT,2844,Price
1692,REDDIT,2851,Store_UX
1693,REDDIT,2853,Price
1694,REDDIT,2861,Exclusivity
1695,REDDIT,2887,Bug_Complaint
1696,REDDIT,2907,Hype
1697,REDDIT,2910,Bug_Complaint
1698,REDDIT,2911,Store_UX
1699,REDDIT,2913,Exclusivity
1700,REDDIT,2927,Price
1701,REDDIT,2949,Exclusivity
1702,REDDIT,2951,Bug_Complaint
1703,REDDIT,2958,Hype
1704,REDDIT,2960,Price
1705,REDDIT,2968,Store_UX
1706,REDDIT,2971,Store_UX
1707,REDDIT,2980,Nostalgia
1708,REDDIT,2984,Nostalgia
1709,REDDIT,2992,Nostalgia
1710,REDDIT,3003,Exclusivity
1711,REDDIT,3013,Bug_Complaint
1712,REDDIT,3020,Hype
1713,REDDIT,3033,Performance
1714,REDDIT,3036,Store_UX
1715,REDDIT,3045,Performance
1716,REDDIT,3046,Nostalgia
1717,REDDIT,3056,Exclusivity
1718,REDDIT,3076,Performance
1719,REDDIT,3082,Multiplayer
1720,REDDIT,3083,Price
1721,REDDIT,3086,Multiplayer
1722,REDDIT,3088,Performance
1723,REDDIT,3098,Performance
1724,REDDIT,3101,Performance
1725,REDDIT,3109,Bug_Complaint
1726,REDDIT,3120,Nostalgia
1727,REDDIT,3123,Hype
1728,REDDIT,3128,Exclusivity
1729,REDDIT,3133,Nostalgia
1730,REDDIT,3134,Hype
1731,REDDIT,3140,Nostalgia
1732,REDDIT,3144,Performance
1733,REDDIT,3148,Price
1734,REDDIT,3152,Bug_Complaint
1735,REDDIT,3159,Nostalgia
1736,REDDIT,3163,Multiplayer
1737,REDDIT,3165,Nostalgia
1738,REDDIT,3171,Bug_Complaint
1739,REDDIT,3172,Price
1740,REDDIT,3205,Bug_Complaint
1741,REDDIT,3209,Price
1742,REDDIT,3217,Multiplayer
1743,REDDIT,3248,Performance
1744,REDDIT,3252,Multiplayer
1745,REDDIT,3260,Performance
1746,REDDIT,3262,Store_UX
1747,REDDIT,3264,Multiplayer
1748,REDDIT,3271,Nostalgia
1749,REDDIT,3279,Store_UX
1750,REDDIT,3286,Bug_Complaint
1751,REDDIT,3296,Nostalgia
1752,REDDIT,3319,Multiplayer
1753,YOUTUBE,12812,Multiplayer
1754,YOUTUBE,12815,Store_UX
1755,YOUTUBE,12817,Hype
1756,YOUTUBE,12823,Store_UX
1757,YOUTUBE,12824,Price
1758,YOUTUBE,12829,Bug_Complaint
1759,YOUTUBE,12845,Bug_Complaint
1760,YOUTUBE,12850,Performance
1761,YOUTUBE,12851,Exclusivity
1762,YOUTUBE,12859,Exclusivity
1763,YOUTUBE,12862,Nostalgia
1764,YOUTUBE,12867,Exclusivity
1765,YOUTUBE,12873,Hype
1766,YOUTUBE,12877,Bug_Complaint
1767,YOUTUBE,12882,Performance
1768,YOUTUBE,12887,Store_UX
1769,YOUTUBE,12891,Exclusivity
1770,YOUTUBE,12911,Store_UX
1771,YOUTUBE,12914,Performance
1772,YOUTUBE,12916,Multiplayer
1773,YOUTUBE,12917,Bug_Complaint
1774,YOUTUBE,12920,Price
1775,YOUTUBE,12943,Store_UX
1776,YOUTUBE,12951,Store_UX
1777,YOUTUBE,12954,Performance
1778,YOUTUBE,12962,Performance
1779,YOUTUBE,12981,Bug_Complaint
1780,YOUTUBE,12988,Multiplayer
1781,YOUTUBE,12989,Bug_Complaint
1782,YOUTUBE,12993,Hype
1783,YOUTUBE,13012,Multiplayer
1784,YOUTUBE,13022,Nostalgia
1785,YOUTUBE,13037,Bug_Complaint
1786,YOUTUBE,13062,Nostalgia
1787,YOUTUBE,13064,Price
1788,YOUTUBE,13066,Performance
1789,YOUTUBE,13067,Exclusivity
1790,YOUTUBE,13073,Hype
1791,YOUTUBE,13088,Price
1792,YOUTUBE,13099,Exclusivity
1793,YOUTUBE,13108,Multiplayer
1794,YOUTUBE,13130,Performance
1795,YOUTUBE,13135,Store_UX
1796,YOUTUBE,13157,Bug_Complaint
1797,YOUTUBE,13159,Store_UX
1798,YOUTUBE,13167,Store_UX
1799,YOUTUBE,13191,Store_UX
1800,YOUTUBE,13250,Performance
1801,YOUTUBE,13256,Price
1802,YOUTUBE,13271,Store_UX
1803,YOUTUBE,13280,Price
1804,YOUTUBE,13291,Exclusivity
1805,YOUTUBE,13319,Store_UX
1806,YOUTUBE,13324,Multiplayer
1807,YOUTUBE,13325,Bug_Complaint
1808,YOUTUBE,13329,Hype
1809,YOUTUBE,13332,Multiplayer
1810,YOUTUBE,13334,Nostalgia
1811,YOUTUBE,13340,Multiplayer
1812,YOUTUBE,13344,Price
1813,YOUTUBE,13348,Multiplayer
1814,YOUTUBE,13351,Store_UX
1815,YOUTUBE,13352,Price
1816,YOUTUBE,13353,Hype
1817,YOUTUBE,13356,Multiplayer
1818,YOUTUBE,13370,Performance
1819,YOUTUBE,13388,Multiplayer
1820,YOUTUBE,13393,Hype
1821,YOUTUBE,13410,Performance
1822,YOUTUBE,13411,Exclusivity
1823,YOUTUBE,13417,Hype
1824,YOUTUBE,13419,Exclusivity
1825,YOUTUBE,13438,Nostalgia
1826,YOUTUBE,13448,Price
1827,YOUTUBE,13455,Store_UX
1828,YOUTUBE,13462,Nostalgia
1829,YOUTUBE,13465,Hype
1830,YOUTUBE,13481,Hype
1831,YOUTUBE,13483,Exclusivity
1832,YOUTUBE,13489,Hype
1833,YOUTUBE,13509,Bug_Complaint
1834,YOUTUBE,13512,Price
1835,YOUTUBE,13513,Hype
1836,YOUTUBE,13517,Bug_Complaint
1837,YOUTUBE,13523,Exclusivity
1838,YOUTUBE,13526,Nostalgia
1839,YOUTUBE,13544,Price
1840,YOUTUBE,13549,Bug_Complaint
1841,YOUTUBE,13557,Bug_Complaint
1842,YOUTUBE,13568,Price
1843,YOUTUBE,13571,Exclusivity
1844,YOUTUBE,13587,Exclusivity
1845,YOUTUBE,13602,Performance
1846,YOUTUBE,13613,Bug_Complaint
1847,YOUTUBE,13617,Hype
1848,YOUTUBE,13621,Bug_Complaint
1849,YOUTUBE,13626,Performance
1850,YOUTUBE,13631,Store_UX
1851,YOUTUBE,13635,Exclusivity
1852,YOUTUBE,13642,Performance
1853,YOUTUBE,13645,Bug_Complaint
1854,YOUTUBE,13650,Performance
1855,YOUTUBE,13651,Exclusivity
1856,YOUTUBE,13657,Hype
1857,YOUTUBE,13665,Hype
1858,YOUTUBE,13675,Exclusivity
1859,YOUTUBE,13680,Price
1860,YOUTUBE,13682,Performance
1861,YOUTUBE,13684,Multiplayer
1862,YOUTUBE,13690,Performance
1863,YOUTUBE,13698,Performance
1864,YOUTUBE,13701,Bug_Complaint
1865,YOUTUBE,13714,Performance
1866,YOUTUBE,13725,Bug_Complaint
1867,YOUTUBE,13731,Exclusivity
1868,YOUTUBE,13733,Bug_Complaint
1869,YOUTUBE,13734,Nostalgia
1870,YOUTUBE,13746,Performance
1871,YOUTUBE,13747,Exclusivity
1872,YOUTUBE,13794,Performance
1873,YOUTUBE,13795,Exclusivity
1874,YOUTUBE,13803,Exclusivity
1875,YOUTUBE,13806,Nostalgia
1876,YOUTUBE,13808,Price
1877,YOUTUBE,13816,Price
1878,YOUTUBE,13818,Performance
1879,YOUTUBE,13833,Hype
1880,YOUTUBE,13840,Price
1881,YOUTUBE,13848,Price
1882,YOUTUBE,13855,Store_UX
1883,YOUTUBE,13863,Store_UX
1884,YOUTUBE,13878,Nostalgia
1885,YOUTUBE,13879,Store_UX
1886,YOUTUBE,13889,Hype
1887,YOUTUBE,13890,Performance
1888,YOUTUBE,13911,Store_UX
1889,YOUTUBE,13916,Multiplayer
1890,YOUTUBE,13925,Bug_Complaint
1891,YOUTUBE,13938,Performance
1892,YOUTUBE,13943,Store_UX
1893,YOUTUBE,13947,Exclusivity
1894,YOUTUBE,13955,Exclusivity
1895,YOUTUBE,13959,Store_UX
1896,YOUTUBE,13960,Price
1897,YOUTUBE,13982,Nostalgia
1898,YOUTUBE,13999,Store_UX
1899,YOUTUBE,14000,Price
1900,YOUTUBE,14004,Multiplayer
1901,YOUTUBE,14031,Store_UX
1902,YOUTUBE,14060,Multiplayer
1903,YOUTUBE,14068,Multiplayer
1904,YOUTUBE,14078,Nostalgia
1905,YOUTUBE,14102,Nostalgia
1906,YOUTUBE,14111,Store_UX
1907,YOUTUBE,14143,Store_UX
1908,YOUTUBE,14147,Exclusivity
1909,YOUTUBE,14148,Multiplayer
1910,YOUTUBE,14152,Price
1911,YOUTUBE,14158,Nostalgia
1912,YOUTUBE,14164,Multiplayer
1913,YOUTUBE,14181,Bug_Complaint
1914,YOUTUBE,14195,Exclusivity
1915,YOUTUBE,14200,Price
1916,YOUTUBE,14212,Multiplayer
1917,YOUTUBE,14221,Bug_Complaint
1918,YOUTUBE,14224,Price
1919,YOUTUBE,14225,Hype
1920,YOUTUBE,14228,Multiplayer
1921,YOUTUBE,14236,Multiplayer
1922,YOUTUBE,14238,Nostalgia
1923,YOUTUBE,14263,Store_UX
1924,YOUTUBE,14268,Multiplayer
1925,YOUTUBE,14273,Hype
1926,YOUTUBE,14282,Performance
1927,YOUTUBE,14294,Nostalgia
1928,YOUTUBE,14303,Store_UX
1929,YOUTUBE,14310,Nostalgia
1930,YOUTUBE,14311,Store_UX
1931,YOUTUBE,14317,Bug_Complaint
1932,YOUTUBE,14334,Nostalgia
1933,YOUTUBE,14343,Store_UX
1934,YOUTUBE,14348,Multiplayer
1935,YOUTUBE,14352,Price
1936,YOUTUBE,14355,Exclusivity
1937,YOUTUBE,14363,Exclusivity
1938,YOUTUBE,14366,Nostalgia
1939,YOUTUBE,14381,Bug_Complaint
1940,YOUTUBE,14383,Store_UX
1941,YOUTUBE,14391,Store_UX
1942,YOUTUBE,14417,Hype
1943,YOUTUBE,14424,Price
1944,YOUTUBE,14430,Nostalgia
1945,YOUTUBE,14434,Performance
1946,YOUTUBE,14438,Nostalgia
1947,YOUTUBE,14443,Exclusivity
1948,YOUTUBE,14446,Nostalgia
1949,YOUTUBE,14450,Performance
1950,YOUTUBE,14455,Store_UX
1951,YOUTUBE,14461,Bug_Complaint
1952,YOUTUBE,14469,Bug_Complaint
1953,YOUTUBE,14481,Hype
1954,YOUTUBE,14486,Nostalgia
1955,YOUTUBE,14498,Performance
1956,YOUTUBE,14501,Bug_Complaint
1957,YOUTUBE,14510,Nostalgia
1958,YOUTUBE,14515,Exclusivity
1959,YOUTUBE,14519,Store_UX
1960,YOUTUBE,14524,Multiplayer
1961,YOUTUBE,14526,Nostalgia
1962,YOUTUBE,14536,Price
1963,YOUTUBE,14538,Performance
1964,YOUTUBE,14542,Nostalgia
1965,YOUTUBE,14543,Store_UX
1966,YOUTUBE,14545,Hype
1967,YOUTUBE,14546,Performance
1968,YOUTUBE,14552,Price
1969,YOUTUBE,14565,Bug_Complaint
1970,YOUTUBE,14570,Performance
1971,YOUTUBE,14571,Exclusivity
1972,YOUTUBE,14575,Store_UX
1973,YOUTUBE,14591,Store_UX
1974,YOUTUBE,14602,Performance
1975,YOUTUBE,14621,Bug_Complaint
1976,YOUTUBE,14649,Hype
1977,YOUTUBE,14661,Bug_Complaint
1978,YOUTUBE,14663,Store_UX
1979,YOUTUBE,14672,Price
1980,YOUTUBE,14678,Nostalgia
1981,YOUTUBE,14679,Store_UX
1982,YOUTUBE,14686,Nostalgia
1983,YOUTUBE,14703,Store_UX
1984,YOUTUBE,14704,Price
1985,YOUTUBE,14706,Performance
1986,YOUTUBE,14713,Hype
1987,YOUTUBE,14724,Multiplayer
1988,YOUTUBE,14736,Price
1989,YOUTUBE,14754,Performance
1990,YOUTUBE,14756,Multiplayer
1991,YOUTUBE,14762,Performance
1992,YOUTUBE,14767,Store_UX
1993,YOUTUBE,14769,Hype
1994,YOUTUBE,14772,Multiplayer
1995,YOUTUBE,14789,Bug_Complaint
1996,YOUTUBE,14801,Hype
1997,YOUTUBE,14803,Exclusivity
1998,YOUTUBE,14821,Bug_Complaint
1999,YOUTUBE,14827,Exclusivity
2000,YOUTUBE,14833,Hype
2001,YOUTUBE,14845,Bug_Complaint
2002,YOUTUBE,14847,Store_UX
2003,YOUTUBE,14848,Price
2004,YOUTUBE,14850,Performance
2005,YOUTUBE,14854,Nostalgia
2006,YOUTUBE,14858,Performance
2007,YOUTUBE,14871,Store_UX
2008,YOUTUBE,14880,Price
2009,YOUTUBE,14882,Performance
2010,YOUTUBE,14883,Exclusivity
2011,YOUTUBE,14884,Multiplayer
2012,YOUTUBE,14894,Nostalgia
2013,YOUTUBE,14899,Exclusivity
2014,YOUTUBE,14925,Bug_Complaint
2015,YOUTUBE,14926,Nostalgia
2016,YOUTUBE,14937,Hype
2017,YOUTUBE,14943,Store_UX
2018,YOUTUBE,14945,Hype
2019,YOUTUBE,14946,Performance
2020,YOUTUBE,14953,Hype
2021,YOUTUBE,14962,Performance
2022,YOUTUBE,14975,Store_UX
2023,YOUTUBE,14989,Bug_Complaint
2024,YOUTUBE,14997,Bug_Complaint
2025,YOUTUBE,15007,Store_UX
2026,YOUTUBE,15008,Price
2027,YOUTUBE,15033,Hype
2028,YOUTUBE,15047,Store_UX
2029,YOUTUBE,15057,Hype
2030,YOUTUBE,15061,Bug_Complaint
2031,YOUTUBE,15063,Store_UX
2032,YOUTUBE,15112,Price
2033,YOUTUBE,15117,Bug_Complaint
2034,YOUTUBE,15123,Exclusivity
2035,YOUTUBE,15124,Multiplayer
2036,YOUTUBE,15128,Price
2037,YOUTUBE,15134,Nostalgia
2038,YOUTUBE,15142,Nostalgia
2039,YOUTUBE,15155,Exclusivity
2040,YOUTUBE,15161,Hype
2041,YOUTUBE,15164,Multiplayer
2042,YOUTUBE,15173,Bug_Complaint
2043,YOUTUBE,15178,Performance
2044,YOUTUBE,15187,Exclusivity
2045,YOUTUBE,15193,Hype
2046,YOUTUBE,15216,Price
2047,YOUTUBE,15221,Bug_Complaint
2048,YOUTUBE,15226,Performance
2049,YOUTUBE,15229,Bug_Complaint
2050,YOUTUBE,15232,Price
2051,YOUTUBE,15242,Performance
2052,YOUTUBE,15249,Hype
2053,YOUTUBE,15274,Performance
2054,YOUTUBE,15285,Bug_Complaint
2055,YOUTUBE,15297,Hype
2056,YOUTUBE,15328,Price
2057,YOUTUBE,15329,Hype
2058,YOUTUBE,15336,Price
2059,YOUTUBE,7684,Multiplayer
2060,YOUTUBE,7686,Nostalgia
2061,YOUTUBE,7690,Performance
2062,YOUTUBE,7691,Exclusivity
2063,YOUTUBE,7700,Multiplayer
2064,YOUTUBE,7702,Nostalgia
2065,YOUTUBE,7707,Exclusivity
2066,YOUTUBE,7711,Store_UX
2067,YOUTUBE,7713,Hype
2068,YOUTUBE,7717,Bug_Complaint
2069,YOUTUBE,7718,Nostalgia
2070,YOUTUBE,7721,Hype
2071,YOUTUBE,7725,Bug_Complaint
2072,YOUTUBE,7726,Nostalgia
2073,YOUTUBE,7752,Price
2074,YOUTUBE,7756,Multiplayer
2075,YOUTUBE,7758,Nostalgia
2076,YOUTUBE,7766,Nostalgia
2077,YOUTUBE,7772,Multiplayer
2078,YOUTUBE,7774,Nostalgia
2079,YOUTUBE,7794,Performance
2080,YOUTUBE,7798,Nostalgia
2081,YOUTUBE,7803,Exclusivity
2082,YOUTUBE,7809,Hype
2083,YOUTUBE,7810,Performance
2084,YOUTUBE,7815,Store_UX
2085,YOUTUBE,7817,Hype
2086,YOUTUBE,7820,Multiplayer
2087,YOUTUBE,7821,Bug_Complaint
2088,YOUTUBE,7823,Store_UX
2089,YOUTUBE,7824,Price
2090,YOUTUBE,7828,Multiplayer
2091,YOUTUBE,7830,Nostalgia
2092,YOUTUBE,7835,Exclusivity
2093,YOUTUBE,7841,Hype
2094,YOUTUBE,7846,Nostalgia
2095,YOUTUBE,7891,Exclusivity
2096,YOUTUBE,7893,Bug_Complaint
2097,YOUTUBE,7896,Price
2098,YOUTUBE,7901,Bug_Complaint
2099,YOUTUBE,7902,Nostalgia
2100,YOUTUBE,7903,Store_UX
2101,YOUTUBE,7920,Price
2102,YOUTUBE,7925,Bug_Complaint
2103,YOUTUBE,7931,Exclusivity
2104,YOUTUBE,7938,Performance
2105,YOUTUBE,7940,Multiplayer
2106,YOUTUBE,7949,Bug_Complaint
2107,YOUTUBE,7955,Exclusivity
2108,YOUTUBE,7963,Exclusivity
2109,YOUTUBE,7971,Exclusivity
2110,YOUTUBE,7974,Nostalgia
2111,YOUTUBE,8003,Exclusivity
2112,YOUTUBE,8017,Hype
2113,YOUTUBE,8021,Bug_Complaint
2114,YOUTUBE,8026,Performance
2115,YOUTUBE,8030,Nostalgia
2116,YOUTUBE,8038,Nostalgia
2117,YOUTUBE,8040,Price
2118,YOUTUBE,8045,Bug_Complaint
2119,YOUTUBE,8046,Nostalgia
2120,YOUTUBE,8054,Nostalgia
2121,YOUTUBE,8057,Hype
2122,YOUTUBE,8066,Performance
2123,YOUTUBE,8072,Price
2124,YOUTUBE,8094,Nostalgia
2125,YOUTUBE,8104,Price
2126,YOUTUBE,8113,Hype
2127,YOUTUBE,8116,Multiplayer
2128,YOUTUBE,8130,Performance
2129,YOUTUBE,8136,Price
2130,YOUTUBE,8144,Price
2131,YOUTUBE,8161,Hype
2132,YOUTUBE,8167,Store_UX
2133,YOUTUBE,8180,Multiplayer
2134,YOUTUBE,8216,Price
2135,YOUTUBE,8234,Performance
2136,YOUTUBE,8247,Store_UX
2137,YOUTUBE,8250,Performance
2138,YOUTUBE,8254,Nostalgia
2139,YOUTUBE,8260,Multiplayer
2140,YOUTUBE,8262,Nostalgia
2141,YOUTUBE,8273,Hype
2142,YOUTUBE,8286,Nostalgia
2143,YOUTUBE,8302,Nostalgia
2144,YOUTUBE,8303,Store_UX
2145,YOUTUBE,8327,Store_UX
2146,YOUTUBE,8330,Performance
2147,YOUTUBE,8332,Multiplayer
2148,YOUTUBE,8335,Store_UX
2149,YOUTUBE,8336,Price
2150,YOUTUBE,8339,Exclusivity
2151,YOUTUBE,8354,Performance
2152,YOUTUBE,8355,Exclusivity
2153,YOUTUBE,8390,Nostalgia
2154,YOUTUBE,8393,Hype
2155,YOUTUBE,8397,Bug_Complaint
2156,YOUTUBE,8398,Nostalgia
2157,YOUTUBE,8417,Hype
2158,YOUTUBE,8422,Nostalgia
2159,YOUTUBE,8424,Price
2160,YOUTUBE,8429,Bug_Complaint
2161,YOUTUBE,8440,Price
2162,YOUTUBE,8445,Bug_Complaint
2163,YOUTUBE,8446,Nostalgia
2164,YOUTUBE,8447,Store_UX
2165,YOUTUBE,8448,Price
2166,YOUTUBE,8449,Hype
2167,YOUTUBE,8460,Multiplayer
2168,YOUTUBE,8471,Store_UX
2169,YOUTUBE,8476,Multiplayer
2170,YOUTUBE,8499,Exclusivity
2171,YOUTUBE,8507,Exclusivity
2172,YOUTUBE,8508,Multiplayer
2173,YOUTUBE,8509,Bug_Complaint
2174,YOUTUBE,8511,Store_UX
2175,YOUTUBE,8514,Performance
2176,YOUTUBE,8522,Performance
2177,YOUTUBE,8538,Performance
2178,YOUTUBE,8548,Multiplayer
2179,YOUTUBE,8549,Bug_Complaint
2180,YOUTUBE,8560,Price
2181,YOUTUBE,8570,Performance
2182,YOUTUBE,8573,Bug_Complaint
2183,YOUTUBE,8577,Hype
2184,YOUTUBE,8581,Bug_Complaint
2185,YOUTUBE,8592,Price
2186,YOUTUBE,8593,Hype
2187,YOUTUBE,8600,Price
2188,YOUTUBE,8602,Performance
2189,YOUTUBE,8608,Price
2190,YOUTUBE,8609,Hype
2191,YOUTUBE,8613,Bug_Complaint
2192,YOUTUBE,8618,Performance
2193,YOUTUBE,8622,Nostalgia
2194,YOUTUBE,8623,Store_UX
2195,YOUTUBE,8629,Bug_Complaint
2196,YOUTUBE,8652,Multiplayer
2197,YOUTUBE,8661,Bug_Complaint
2198,YOUTUBE,8668,Multiplayer
2199,YOUTUBE,8681,Hype
2200,YOUTUBE,8684,Multiplayer
2201,YOUTUBE,8696,Price
2202,YOUTUBE,8706,Performance
2203,YOUTUBE,8733,Bug_Complaint
2204,YOUTUBE,8736,Price
2205,YOUTUBE,8744,Price
2206,YOUTUBE,8748,Multiplayer
2207,YOUTUBE,8758,Nostalgia
2208,YOUTUBE,8762,Performance
2209,YOUTUBE,8768,Price
2210,YOUTUBE,8781,Bug_Complaint
2211,YOUTUBE,8794,Performance
2212,YOUTUBE,8807,Store_UX
2213,YOUTUBE,8820,Multiplayer
2214,YOUTUBE,8821,Bug_Complaint
2215,YOUTUBE,8822,Nostalgia
2216,YOUTUBE,8846,Nostalgia
2217,YOUTUBE,8877,Bug_Complaint
2218,YOUTUBE,8885,Bug_Complaint
2219,YOUTUBE,8891,Exclusivity
2220,YOUTUBE,8902,Nostalgia
2221,YOUTUBE,8908,Multiplayer
2222,YOUTUBE,8910,Nostalgia
2223,YOUTUBE,8911,Store_UX
2224,YOUTUBE,8912,Price
2225,YOUTUBE,8916,Multiplayer
2226,YOUTUBE,8921,Hype
2227,YOUTUBE,8928,Price
2228,YOUTUBE,8941,Bug_Complaint
2229,YOUTUBE,8954,Performance
2230,YOUTUBE,8956,Multiplayer
2231,YOUTUBE,8958,Nostalgia
2232,YOUTUBE,8962,Performance
2233,YOUTUBE,8973,Bug_Complaint
2234,YOUTUBE,8985,Hype
2235,YOUTUBE,8988,Multiplayer
2236,YOUTUBE,8989,Bug_Complaint
2237,YOUTUBE,8990,Nostalgia
2238,YOUTUBE,8997,Bug_Complaint
2239,YOUTUBE,8998,Nostalgia
2240,YOUTUBE,9021,Bug_Complaint
2241,YOUTUBE,9026,Performance
2242,YOUTUBE,9034,Performance
2243,YOUTUBE,9037,Bug_Complaint
2244,YOUTUBE,9038,Nostalgia
2245,YOUTUBE,9059,Exclusivity
2246,YOUTUBE,9065,Hype
2247,YOUTUBE,9067,Exclusivity
2248,YOUTUBE,9085,Bug_Complaint
2249,YOUTUBE,9087,Store_UX
2250,YOUTUBE,9090,Performance
2251,YOUTUBE,9094,Nostalgia
2252,YOUTUBE,9098,Performance
2253,YOUTUBE,9119,Store_UX
2254,YOUTUBE,9127,Store_UX
2255,YOUTUBE,9141,Bug_Complaint
2256,YOUTUBE,9144,Price
2257,YOUTUBE,9147,Exclusivity
2258,YOUTUBE,9152,Price
2259,YOUTUBE,9160,Price
2260,YOUTUBE,9162,Performance
2261,YOUTUBE,9166,Nostalgia
2262,YOUTUBE,9174,Nostalgia
2263,YOUTUBE,9179,Exclusivity
2264,YOUTUBE,9206,Nostalgia
2265,YOUTUBE,9208,Price
2266,YOUTUBE,9214,Nostalgia
2267,YOUTUBE,9221,Bug_Complaint
2268,YOUTUBE,9222,Nostalgia
2269,YOUTUBE,9228,Multiplayer
2270,YOUTUBE,9242,Performance
2271,YOUTUBE,9251,Exclusivity
2272,YOUTUBE,9265,Hype
2273,YOUTUBE,9270,Nostalgia
2274,YOUTUBE,9273,Hype
2275,YOUTUBE,9282,Performance
2276,YOUTUBE,9291,Exclusivity
2277,YOUTUBE,9295,Store_UX
2278,YOUTUBE,9321,Hype
2279,YOUTUBE,9323,Exclusivity
2280,YOUTUBE,9326,Nostalgia
2281,YOUTUBE,9330,Performance
2282,YOUTUBE,9363,Exclusivity
2283,YOUTUBE,9368,Price
2284,YOUTUBE,9389,Bug_Complaint
2285,YOUTUBE,9392,Price
2286,YOUTUBE,9393,Hype
2287,YOUTUBE,9414,Nostalgia
2288,YOUTUBE,9416,Price
2289,YOUTUBE,9422,Nostalgia
2290,YOUTUBE,9436,Multiplayer
2291,YOUTUBE,9437,Bug_Complaint
2292,YOUTUBE,9438,Nostalgia
2293,YOUTUBE,9447,Store_UX
2294,YOUTUBE,9449,Hype
2295,YOUTUBE,9463,Store_UX
2296,YOUTUBE,9466,Performance
2297,YOUTUBE,9467,Exclusivity
2298,YOUTUBE,9468,Multiplayer
2299,YOUTUBE,9473,Hype
2300,YOUTUBE,9476,Multiplayer
2301,YOUTUBE,9479,Store_UX
2302,YOUTUBE,9482,Performance
2303,YOUTUBE,9486,Nostalgia
2304,YOUTUBE,9494,Nostalgia
2305,YOUTUBE,9495,Store_UX
2306,YOUTUBE,9503,Store_UX
2307,YOUTUBE,9505,Hype
2308,YOUTUBE,9520,Price
2309,YOUTUBE,9521,Hype
2310,YOUTUBE,9522,Performance
2311,YOUTUBE,9527,Store_UX
2312,YOUTUBE,9529,Hype
2313,YOUTUBE,9539,Exclusivity
2314,YOUTUBE,9540,Multiplayer
2315,YOUTUBE,9546,Performance
2316,YOUTUBE,9578,Performance
2317,YOUTUBE,9583,Store_UX
2318,YOUTUBE,9592,Price
2319,YOUTUBE,9593,Hype
2320,YOUTUBE,9601,Hype
2321,YOUTUBE,9602,Performance
2322,YOUTUBE,9611,Exclusivity
2323,YOUTUBE,9626,Performance
2324,YOUTUBE,9630,Nostalgia
2325,YOUTUBE,9664,Price
2326,YOUTUBE,9665,Hype
2327,YOUTUBE,9671,Store_UX
2328,YOUTUBE,9677,Bug_Complaint
2329,YOUTUBE,9680,Price
2330,YOUTUBE,9720,Price
2331,YOUTUBE,9728,Price
2332,YOUTUBE,9736,Price
2333,YOUTUBE,9740,Multiplayer
2334,YOUTUBE,9752,Price
2335,YOUTUBE,9761,Hype
2336,YOUTUBE,9767,Store_UX
2337,YOUTUBE,9774,Nostalgia
2338,YOUTUBE,9804,Multiplayer
2339,YOUTUBE,9805,Bug_Complaint
2340,YOUTUBE,9823,Store_UX
2341,YOUTUBE,9839,Store_UX
2342,YOUTUBE,9843,Exclusivity
2343,YOUTUBE,9870,Nostalgia
2344,YOUTUBE,9871,Store_UX
2345,YOUTUBE,9879,Store_UX
2346,YOUTUBE,9886,Nostalgia
2347,YOUTUBE,9888,Price
2348,YOUTUBE,9889,Hype
2349,YOUTUBE,9894,Nostalgia
2350,YOUTUBE,9900,Multiplayer
2351,YOUTUBE,9902,Nostalgia
2352,YOUTUBE,9903,Store_UX
2353,YOUTUBE,9905,Hype
2354,YOUTUBE,9928,Price
2355,YOUTUBE,9933,Bug_Complaint
2356,YOUTUBE,9939,Exclusivity
2357,YOUTUBE,9947,Exclusivity
2358,YOUTUBE,9948,Multiplayer
2359,YOUTUBE,9951,Store_UX
2360,YOUTUBE,9958,Nostalgia
2361,YOUTUBE,9961,Hype
2362,YOUTUBE,9962,Performance
2363,YOUTUBE,9980,Multiplayer
2364,YOUTUBE,9990,Nostalgia
2365,YOUTUBE,10006,Nostalgia
2366,YOUTUBE,10007,Store_UX
2367,YOUTUBE,10009,Hype
2368,YOUTUBE,10020,Multiplayer
2369,YOUTUBE,10030,Nostalgia
2370,YOUTUBE,10032,Price
2371,YOUTUBE,10037,Bug_Complaint
2372,YOUTUBE,10041,Hype
2373,YOUTUBE,10045,Bug_Complaint
2374,YOUTUBE,10046,Nostalgia
2375,YOUTUBE,10054,Nostalgia
2376,YOUTUBE,10057,Hype
2377,YOUTUBE,10070,Nostalgia
2378,YOUTUBE,10093,Bug_Complaint
2379,YOUTUBE,10101,Bug_Complaint
2380,YOUTUBE,10102,Nostalgia
2381,YOUTUBE,10121,Hype
2382,YOUTUBE,10128,Price
2383,YOUTUBE,10146,Performance
2384,YOUTUBE,10149,Bug_Complaint
2385,YOUTUBE,10157,Bug_Complaint
2386,YOUTUBE,10172,Multiplayer
2387,YOUTUBE,10176,Price
2388,YOUTUBE,10178,Performance
2389,YOUTUBE,10182,Nostalgia
2390,YOUTUBE,10184,Price
2391,YOUTUBE,10188,Multiplayer
2392,YOUTUBE,10189,Bug_Complaint
2393,YOUTUBE,10191,Store_UX
2394,YOUTUBE,10211,Exclusivity
2395,YOUTUBE,10217,Hype
2396,YOUTUBE,10219,Exclusivity
2397,YOUTUBE,10224,Price
2398,YOUTUBE,10226,Performance
2399,YOUTUBE,10235,Exclusivity
2400,REDDIT,666,Store_UX
2401,REDDIT,667,Performance
2402,REDDIT,684,Store_UX
2403,REDDIT,696,Multiplayer
2404,REDDIT,708,Multiplayer
2405,REDDIT,724,Performance
2406,REDDIT,728,Exclusivity
2407,REDDIT,739,Store_UX
2408,REDDIT,748,Nostalgia
2409,REDDIT,749,Store_UX
2410,REDDIT,766,Exclusivity
2411,REDDIT,784,Multiplayer
2412,REDDIT,792,Price
2413,REDDIT,794,Performance
2414,REDDIT,801,Price
2415,REDDIT,816,Store_UX
2416,REDDIT,817,Store_UX
2417,REDDIT,825,Nostalgia
2418,REDDIT,830,Nostalgia
2419,REDDIT,835,Performance
2420,REDDIT,848,Exclusivity
2421,REDDIT,849,Exclusivity
2422,REDDIT,856,Price
2423,REDDIT,858,Bug_Complaint
2424,REDDIT,866,Bug_Complaint
2425,REDDIT,892,Performance
2426,REDDIT,912,Multiplayer
2427,REDDIT,915,Store_UX
2428,REDDIT,916,Bug_Complaint
2429,REDDIT,918,Store_UX
2430,REDDIT,932,Performance
2431,REDDIT,954,Store_UX
2432,REDDIT,956,Price
2433,REDDIT,963,Multiplayer
2434,REDDIT,965,Bug_Complaint
2435,REDDIT,973,Multiplayer
2436,REDDIT,976,Nostalgia
2437,REDDIT,985,Hype
2438,REDDIT,989,Nostalgia
2439,REDDIT,997,Price
2440,REDDIT,1008,Bug_Complaint
2441,REDDIT,1018,Bug_Complaint
2442,REDDIT,1025,Price
2443,REDDIT,1038,Price
2444,REDDIT,1041,Bug_Complaint
2445,REDDIT,1050,Price
2446,REDDIT,1051,Multiplayer
2447,REDDIT,1061,Hype
2448,REDDIT,1081,Bug_Complaint
2449,REDDIT,1087,Exclusivity
2450,REDDIT,1088,Store_UX
2451,REDDIT,1091,Bug_Complaint
2452,REDDIT,1093,Nostalgia
2453,REDDIT,1103,Performance
2454,REDDIT,1106,Price
2455,REDDIT,1114,Hype
2456,REDDIT,1125,Nostalgia
2457,REDDIT,1128,Multiplayer
2458,REDDIT,1133,Store_UX
2459,REDDIT,1138,Price
2460,REDDIT,1139,Bug_Complaint
2461,REDDIT,1145,Bug_Complaint
2462,REDDIT,1149,Performance
2463,REDDIT,1153,Nostalgia
2464,REDDIT,1157,Exclusivity
2465,REDDIT,1164,Price
2466,REDDIT,1168,Performance
2467,REDDIT,1170,Exclusivity
2468,REDDIT,1176,Price
2469,REDDIT,1177,Hype
2470,REDDIT,1210,Hype
2471,REDDIT,1214,Bug_Complaint
2472,REDDIT,1222,Multiplayer
2473,REDDIT,1253,Hype
2474,REDDIT,1257,Multiplayer
2475,REDDIT,1265,Performance
2476,REDDIT,1267,Nostalgia
2477,REDDIT,1269,Price
2478,REDDIT,1276,Multiplayer
2479,REDDIT,1284,Price
2480,REDDIT,1291,Store_UX
2481,REDDIT,1301,Price
2482,REDDIT,1324,Price
2483,YOUTUBE,17932,Multiplayer
2484,YOUTUBE,17935,Store_UX
2485,YOUTUBE,17937,Hype
2486,YOUTUBE,17943,Store_UX
2487,YOUTUBE,17944,Price
2488,YOUTUBE,17949,Bug_Complaint
2489,YOUTUBE,17965,Bug_Complaint
2490,YOUTUBE,17970,Performance
2491,YOUTUBE,17971,Exclusivity
2492,YOUTUBE,17979,Exclusivity
2493,YOUTUBE,17982,Nostalgia
2494,YOUTUBE,17987,Exclusivity
2495,YOUTUBE,17993,Hype
2496,YOUTUBE,17997,Bug_Complaint
2497,YOUTUBE,18002,Performance
2498,YOUTUBE,18007,Store_UX
2499,YOUTUBE,18011,Exclusivity
2500,YOUTUBE,18031,Store_UX
2501,YOUTUBE,18034,Performance
2502,YOUTUBE,18036,Multiplayer
2503,YOUTUBE,18037,Bug_Complaint
2504,YOUTUBE,18040,Price
2505,YOUTUBE,18063,Store_UX
2506,YOUTUBE,18071,Store_UX
2507,YOUTUBE,18074,Performance
2508,YOUTUBE,18082,Performance
2509,YOUTUBE,18101,Bug_Complaint
2510,YOUTUBE,18108,Multiplayer
2511,YOUTUBE,18109,Bug_Complaint
2512,YOUTUBE,18113,Hype
2513,YOUTUBE,18132,Multiplayer
2514,YOUTUBE,18142,Nostalgia
2515,YOUTUBE,18157,Bug_Complaint
2516,YOUTUBE,18182,Nostalgia
2517,YOUTUBE,18184,Price
2518,YOUTUBE,18186,Performance
2519,YOUTUBE,18187,Exclusivity
2520,YOUTUBE,18193,Hype
2521,YOUTUBE,18208,Price
2522,YOUTUBE,18219,Exclusivity
2523,YOUTUBE,18228,Multiplayer
2524,YOUTUBE,18250,Performance
2525,YOUTUBE,18255,Store_UX
2526,YOUTUBE,18277,Bug_Complaint
2527,YOUTUBE,18279,Store_UX
2528,YOUTUBE,18287,Store_UX
2529,YOUTUBE,18311,Store_UX
2530,YOUTUBE,18370,Performance
2531,YOUTUBE,18376,Price
2532,YOUTUBE,18391,Store_UX
2533,YOUTUBE,18400,Price
2534,YOUTUBE,18411,Exclusivity
2535,YOUTUBE,18439,Store_UX
2536,YOUTUBE,18444,Multiplayer
2537,YOUTUBE,18445,Bug_Complaint
2538,YOUTUBE,18449,Hype
2539,YOUTUBE,18452,Multiplayer
2540,YOUTUBE,18454,Nostalgia
2541,YOUTUBE,18460,Multiplayer
2542,YOUTUBE,18464,Price
2543,YOUTUBE,18468,Multiplayer
2544,YOUTUBE,18471,Store_UX
2545,YOUTUBE,18472,Price
2546,YOUTUBE,18473,Hype
2547,YOUTUBE,18476,Multiplayer
2548,YOUTUBE,18490,Performance
2549,YOUTUBE,18508,Multiplayer
2550,YOUTUBE,18513,Hype
2551,YOUTUBE,18530,Performance
2552,YOUTUBE,18531,Exclusivity
2553,YOUTUBE,18537,Hype
2554,YOUTUBE,18539,Exclusivity
2555,YOUTUBE,18558,Nostalgia
2556,YOUTUBE,18568,Price
2557,YOUTUBE,18575,Store_UX
2558,YOUTUBE,18582,Nostalgia
2559,YOUTUBE,18585,Hype
2560,YOUTUBE,18601,Hype
2561,YOUTUBE,18603,Exclusivity
2562,YOUTUBE,18609,Hype
2563,YOUTUBE,18629,Bug_Complaint
2564,YOUTUBE,18632,Price
2565,YOUTUBE,18633,Hype
2566,YOUTUBE,18637,Bug_Complaint
2567,YOUTUBE,18643,Exclusivity
2568,YOUTUBE,18646,Nostalgia
2569,YOUTUBE,18664,Price
2570,YOUTUBE,18669,Bug_Complaint
2571,YOUTUBE,18677,Bug_Complaint
2572,YOUTUBE,18688,Price
2573,YOUTUBE,18691,Exclusivity
2574,YOUTUBE,18707,Exclusivity
2575,YOUTUBE,18722,Performance
2576,YOUTUBE,18733,Bug_Complaint
2577,YOUTUBE,18737,Hype
2578,YOUTUBE,18741,Bug_Complaint
2579,YOUTUBE,18746,Performance
2580,YOUTUBE,18751,Store_UX
2581,YOUTUBE,18755,Exclusivity
2582,YOUTUBE,18762,Performance
2583,YOUTUBE,18765,Bug_Complaint
2584,YOUTUBE,18770,Performance
2585,YOUTUBE,18771,Exclusivity
2586,YOUTUBE,18777,Hype
2587,YOUTUBE,18785,Hype
2588,YOUTUBE,18795,Exclusivity
2589,YOUTUBE,18800,Price
2590,YOUTUBE,18802,Performance
2591,YOUTUBE,18804,Multiplayer
2592,YOUTUBE,18810,Performance
2593,YOUTUBE,18818,Performance
2594,YOUTUBE,18821,Bug_Complaint
2595,YOUTUBE,18834,Performance
2596,YOUTUBE,18845,Bug_Complaint
2597,YOUTUBE,18851,Exclusivity
2598,YOUTUBE,18853,Bug_Complaint
2599,YOUTUBE,18854,Nostalgia
2600,YOUTUBE,18866,Performance
2601,YOUTUBE,18867,Exclusivity
2602,YOUTUBE,18914,Performance
2603,YOUTUBE,18915,Exclusivity
2604,YOUTUBE,18923,Exclusivity
2605,YOUTUBE,18926,Nostalgia
2606,YOUTUBE,18928,Price
2607,YOUTUBE,18936,Price
2608,YOUTUBE,18938,Performance
2609,YOUTUBE,18953,Hype
2610,YOUTUBE,18960,Price
2611,YOUTUBE,18968,Price
2612,YOUTUBE,18975,Store_UX
2613,YOUTUBE,18983,Store_UX
2614,YOUTUBE,18998,Nostalgia
2615,YOUTUBE,18999,Store_UX
2616,YOUTUBE,19009,Hype
2617,YOUTUBE,19010,Performance
2618,YOUTUBE,19031,Store_UX
2619,YOUTUBE,19036,Multiplayer
2620,YOUTUBE,19045,Bug_Complaint
2621,YOUTUBE,19058,Performance
2622,YOUTUBE,19063,Store_UX
2623,YOUTUBE,19067,Exclusivity
2624,YOUTUBE,19075,Exclusivity
2625,YOUTUBE,19079,Store_UX
2626,YOUTUBE,19080,Price
2627,YOUTUBE,19102,Nostalgia
2628,YOUTUBE,19119,Store_UX
2629,YOUTUBE,19120,Price
2630,YOUTUBE,19124,Multiplayer
2631,YOUTUBE,19151,Store_UX
2632,YOUTUBE,19180,Multiplayer
2633,YOUTUBE,19188,Multiplayer
2634,YOUTUBE,19198,Nostalgia
2635,YOUTUBE,19222,Nostalgia
2636,YOUTUBE,19231,Store_UX
2637,YOUTUBE,19263,Store_UX
2638,YOUTUBE,19267,Exclusivity
2639,YOUTUBE,19268,Multiplayer
2640,YOUTUBE,19272,Price
2641,YOUTUBE,19278,Nostalgia
2642,YOUTUBE,19284,Multiplayer
2643,YOUTUBE,19301,Bug_Complaint
2644,YOUTUBE,19315,Exclusivity
2645,YOUTUBE,19320,Price
2646,YOUTUBE,19332,Multiplayer
2647,YOUTUBE,19341,Bug_Complaint
2648,YOUTUBE,19344,Price
2649,YOUTUBE,19345,Hype
2650,YOUTUBE,19348,Multiplayer
2651,YOUTUBE,19356,Multiplayer
2652,YOUTUBE,19358,Nostalgia
2653,YOUTUBE,19383,Store_UX
2654,YOUTUBE,19388,Multiplayer
2655,YOUTUBE,19393,Hype
2656,YOUTUBE,19402,Performance
2657,YOUTUBE,19414,Nostalgia
2658,YOUTUBE,19423,Store_UX
2659,YOUTUBE,19430,Nostalgia
2660,YOUTUBE,19431,Store_UX
2661,YOUTUBE,19437,Bug_Complaint
2662,YOUTUBE,19454,Nostalgia
2663,YOUTUBE,19463,Store_UX
2664,YOUTUBE,19468,Multiplayer
2665,YOUTUBE,19472,Price
2666,YOUTUBE,19475,Exclusivity
2667,YOUTUBE,19483,Exclusivity
2668,YOUTUBE,19486,Nostalgia
2669,YOUTUBE,19501,Bug_Complaint
2670,YOUTUBE,19503,Store_UX
2671,YOUTUBE,19511,Store_UX
2672,YOUTUBE,19537,Hype
2673,YOUTUBE,19544,Price
2674,YOUTUBE,19550,Nostalgia
2675,YOUTUBE,19554,Performance
2676,YOUTUBE,19558,Nostalgia
2677,YOUTUBE,19563,Exclusivity
2678,YOUTUBE,19566,Nostalgia
2679,YOUTUBE,19570,Performance
2680,YOUTUBE,19575,Store_UX
2681,YOUTUBE,19581,Bug_Complaint
2682,YOUTUBE,19589,Bug_Complaint
2683,YOUTUBE,19601,Hype
2684,YOUTUBE,19606,Nostalgia
2685,YOUTUBE,19618,Performance
2686,YOUTUBE,19621,Bug_Complaint
2687,YOUTUBE,19630,Nostalgia
2688,YOUTUBE,19635,Exclusivity
2689,YOUTUBE,19639,Store_UX
2690,YOUTUBE,19644,Multiplayer
2691,YOUTUBE,19646,Nostalgia
2692,YOUTUBE,19656,Price
2693,YOUTUBE,19658,Performance
2694,YOUTUBE,19662,Nostalgia
2695,YOUTUBE,19663,Store_UX
2696,YOUTUBE,19665,Hype
2697,YOUTUBE,19666,Performance
2698,YOUTUBE,19672,Price
2699,YOUTUBE,19685,Bug_Complaint
2700,YOUTUBE,19690,Performance
2701,YOUTUBE,19691,Exclusivity
2702,YOUTUBE,19695,Store_UX
2703,YOUTUBE,19711,Store_UX
2704,YOUTUBE,19722,Performance
2705,YOUTUBE,19741,Bug_Complaint
2706,YOUTUBE,19769,Hype
2707,YOUTUBE,19781,Bug_Complaint
2708,YOUTUBE,19783,Store_UX
2709,YOUTUBE,19792,Price
2710,YOUTUBE,19798,Nostalgia
2711,YOUTUBE,19799,Store_UX
2712,YOUTUBE,19806,Nostalgia
2713,YOUTUBE,19823,Store_UX
2714,YOUTUBE,19824,Price
2715,YOUTUBE,19826,Performance
2716,YOUTUBE,19833,Hype
2717,YOUTUBE,19844,Multiplayer
2718,YOUTUBE,19856,Price
2719,YOUTUBE,19874,Performance
2720,YOUTUBE,19876,Multiplayer
2721,YOUTUBE,19882,Performance
2722,YOUTUBE,19887,Store_UX
2723,YOUTUBE,19889,Hype
2724,YOUTUBE,19892,Multiplayer
2725,YOUTUBE,19909,Bug_Complaint
2726,YOUTUBE,19921,Hype
2727,YOUTUBE,19923,Exclusivity
2728,YOUTUBE,19941,Bug_Complaint
2729,YOUTUBE,19947,Exclusivity
2730,YOUTUBE,19953,Hype
2731,YOUTUBE,19965,Bug_Complaint
2732,YOUTUBE,19967,Store_UX
2733,YOUTUBE,19968,Price
2734,YOUTUBE,19970,Performance
2735,YOUTUBE,19974,Nostalgia
2736,YOUTUBE,19978,Performance
2737,YOUTUBE,19991,Store_UX
2738,YOUTUBE,20000,Price
2739,YOUTUBE,20002,Performance
2740,YOUTUBE,20003,Exclusivity
2741,YOUTUBE,20004,Multiplayer
2742,YOUTUBE,20014,Nostalgia
2743,YOUTUBE,20019,Exclusivity
2744,YOUTUBE,20045,Bug_Complaint
2745,YOUTUBE,20046,Nostalgia
2746,YOUTUBE,20057,Hype
2747,YOUTUBE,20063,Store_UX
2748,YOUTUBE,20065,Hype
2749,YOUTUBE,20066,Performance
2750,YOUTUBE,20073,Hype
2751,YOUTUBE,20082,Performance
2752,YOUTUBE,20095,Store_UX
2753,YOUTUBE,20109,Bug_Complaint
2754,YOUTUBE,20117,Bug_Complaint
2755,YOUTUBE,20127,Store_UX
2756,YOUTUBE,20128,Price
2757,YOUTUBE,20153,Hype
2758,YOUTUBE,20167,Store_UX
2759,YOUTUBE,20177,Hype
2760,YOUTUBE,20181,Bug_Complaint
2761,YOUTUBE,20183,Store_UX
2762,YOUTUBE,20232,Price
2763,YOUTUBE,20237,Bug_Complaint
2764,YOUTUBE,20243,Exclusivity
2765,YOUTUBE,20244,Multiplayer
2766,YOUTUBE,20248,Price
2767,YOUTUBE,20254,Nostalgia
2768,YOUTUBE,20262,Nostalgia
2769,YOUTUBE,20275,Exclusivity
2770,YOUTUBE,20281,Hype
2771,YOUTUBE,20284,Multiplayer
2772,YOUTUBE,20293,Bug_Complaint
2773,YOUTUBE,20298,Performance
2774,YOUTUBE,20307,Exclusivity
2775,YOUTUBE,20313,Hype
2776,YOUTUBE,20336,Price
2777,YOUTUBE,20341,Bug_Complaint
2778,YOUTUBE,20346,Performance
2779,YOUTUBE,20349,Bug_Complaint
2780,YOUTUBE,20352,Price
2781,YOUTUBE,20362,Performance
2782,YOUTUBE,20369,Hype
2783,YOUTUBE,20394,Performance
2784,YOUTUBE,20405,Bug_Complaint
2785,YOUTUBE,20417,Hype
2786,YOUTUBE,20448,Price
2787,YOUTUBE,20449,Hype
2788,YOUTUBE,20456,Price
2789,REDDIT,3326,Exclusivity
2790,REDDIT,3327,Hype
2791,REDDIT,3344,Exclusivity
2792,REDDIT,3356,Multiplayer
2793,REDDIT,3368,Nostalgia
2794,REDDIT,3384,Exclusivity
2795,REDDIT,3388,Price
2796,REDDIT,3399,Bug_Complaint
2797,REDDIT,3408,Store_UX
2798,REDDIT,3409,Nostalgia
2799,REDDIT,3426,Nostalgia
2800,REDDIT,3444,Price
2801,REDDIT,3452,Price
2802,REDDIT,3454,Store_UX
2803,REDDIT,3461,Exclusivity
2804,REDDIT,3476,Nostalgia
2805,REDDIT,3477,Store_UX
2806,REDDIT,3485,Price
2807,REDDIT,3490,Multiplayer
2808,REDDIT,3495,Store_UX
2809,REDDIT,3508,Price
2810,REDDIT,3509,Bug_Complaint
2811,REDDIT,3516,Multiplayer
2812,REDDIT,3518,Exclusivity
2813,REDDIT,3526,Bug_Complaint
2814,REDDIT,3552,Hype
2815,REDDIT,3572,Exclusivity
2816,REDDIT,3575,Exclusivity
2817,REDDIT,3576,Nostalgia
2818,REDDIT,3578,Price
2819,REDDIT,3592,Price
2820,REDDIT,3614,Multiplayer
2821,REDDIT,3616,Hype
2822,REDDIT,3623,Store_UX
2823,REDDIT,3625,Hype
2824,REDDIT,3633,Price
2825,REDDIT,3636,Performance
2826,REDDIT,3645,Store_UX
2827,REDDIT,3649,Price
2828,REDDIT,3657,Store_UX
2829,REDDIT,3668,Exclusivity
2830,REDDIT,3678,Price
2831,REDDIT,3685,Hype
2832,REDDIT,3698,Bug_Complaint
2833,REDDIT,3701,Performance
2834,REDDIT,3710,Nostalgia
2835,REDDIT,3711,Store_UX
2836,REDDIT,3721,Exclusivity
2837,REDDIT,3741,Bug_Complaint
2838,REDDIT,3747,Performance
2839,REDDIT,3748,Price
2840,REDDIT,3751,Performance
2841,REDDIT,3753,Multiplayer
2842,REDDIT,3763,Exclusivity
2843,REDDIT,3766,Price
2844,REDDIT,3774,Nostalgia
2845,REDDIT,3785,Price
2846,REDDIT,3788,Multiplayer
2847,REDDIT,3793,Hype
2848,REDDIT,3798,Store_UX
2849,REDDIT,3799,Multiplayer
2850,REDDIT,3805,Store_UX
2851,REDDIT,3809,Nostalgia
2852,REDDIT,3813,Hype
2853,REDDIT,3817,Performance
2854,REDDIT,3824,Store_UX
2855,REDDIT,3828,Hype
2856,REDDIT,3830,Bug_Complaint
2857,REDDIT,3836,Store_UX
2858,REDDIT,3837,Bug_Complaint
2859,REDDIT,3870,Price
2860,REDDIT,3874,Bug_Complaint
2861,REDDIT,3882,Bug_Complaint
2862,REDDIT,3913,Nostalgia
2863,REDDIT,3917,Multiplayer
2864,REDDIT,3925,Performance
2865,REDDIT,3927,Store_UX
2866,REDDIT,3929,Store_UX
2867,REDDIT,3936,Exclusivity
2868,REDDIT,3944,Price
2869,REDDIT,3951,Nostalgia
2870,REDDIT,3961,Store_UX
2871,REDDIT,3984,Hype
2872,YOUTUBE,10253,Bug_Complaint
2873,YOUTUBE,10256,Price
2874,YOUTUBE,10258,Performance
2875,YOUTUBE,10264,Price
2876,YOUTUBE,10265,Hype
2877,YOUTUBE,10270,Nostalgia
2878,YOUTUBE,10286,Nostalgia
2879,YOUTUBE,10291,Exclusivity
2880,YOUTUBE,10292,Multiplayer
2881,YOUTUBE,10300,Multiplayer
2882,YOUTUBE,10303,Store_UX
2883,YOUTUBE,10308,Multiplayer
2884,YOUTUBE,10314,Performance
2885,YOUTUBE,10318,Nostalgia
2886,YOUTUBE,10323,Exclusivity
2887,YOUTUBE,10328,Price
2888,YOUTUBE,10332,Multiplayer
2889,YOUTUBE,10352,Price
2890,YOUTUBE,10355,Exclusivity
2891,YOUTUBE,10357,Bug_Complaint
2892,YOUTUBE,10358,Nostalgia
2893,YOUTUBE,10361,Hype
2894,YOUTUBE,10384,Price
2895,YOUTUBE,10392,Price
2896,YOUTUBE,10395,Exclusivity
2897,YOUTUBE,10403,Exclusivity
2898,YOUTUBE,10422,Nostalgia
2899,YOUTUBE,10429,Bug_Complaint
2900,YOUTUBE,10430,Nostalgia
2901,YOUTUBE,10434,Performance
2902,YOUTUBE,10453,Bug_Complaint
2903,YOUTUBE,10463,Store_UX
2904,YOUTUBE,10478,Nostalgia
2905,YOUTUBE,10503,Store_UX
2906,YOUTUBE,10505,Hype
2907,YOUTUBE,10507,Exclusivity
2908,YOUTUBE,10508,Multiplayer
2909,YOUTUBE,10514,Performance
2910,YOUTUBE,10529,Hype
2911,YOUTUBE,10540,Multiplayer
2912,YOUTUBE,10549,Bug_Complaint
2913,YOUTUBE,10571,Exclusivity
2914,YOUTUBE,10576,Price
2915,YOUTUBE,10598,Nostalgia
2916,YOUTUBE,10600,Price
2917,YOUTUBE,10608,Price
2918,YOUTUBE,10632,Price
2919,YOUTUBE,10691,Exclusivity
2920,YOUTUBE,10697,Hype
2921,YOUTUBE,10712,Price
2922,YOUTUBE,10721,Hype
2923,YOUTUBE,10732,Multiplayer
2924,YOUTUBE,10760,Price
2925,YOUTUBE,10765,Bug_Complaint
2926,YOUTUBE,10766,Nostalgia
2927,YOUTUBE,10770,Performance
2928,YOUTUBE,10773,Bug_Complaint
2929,YOUTUBE,10775,Store_UX
2930,YOUTUBE,10781,Bug_Complaint
2931,YOUTUBE,10785,Hype
2932,YOUTUBE,10789,Bug_Complaint
2933,YOUTUBE,10792,Price
2934,YOUTUBE,10793,Hype
2935,YOUTUBE,10794,Performance
2936,YOUTUBE,10797,Bug_Complaint
2937,YOUTUBE,10811,Exclusivity
2938,YOUTUBE,10829,Bug_Complaint
2939,YOUTUBE,10834,Performance
2940,YOUTUBE,10851,Exclusivity
2941,YOUTUBE,10852,Multiplayer
2942,YOUTUBE,10858,Performance
2943,YOUTUBE,10860,Multiplayer
2944,YOUTUBE,10879,Store_UX
2945,YOUTUBE,10889,Hype
2946,YOUTUBE,10896,Price
2947,YOUTUBE,10903,Store_UX
2948,YOUTUBE,10906,Performance
2949,YOUTUBE,10922,Performance
2950,YOUTUBE,10924,Multiplayer
2951,YOUTUBE,10930,Performance
2952,YOUTUBE,10950,Nostalgia
2953,YOUTUBE,10953,Hype
2954,YOUTUBE,10954,Performance
2955,YOUTUBE,10958,Nostalgia
2956,YOUTUBE,10964,Multiplayer
2957,YOUTUBE,10967,Store_UX
2958,YOUTUBE,10985,Hype
2959,YOUTUBE,10990,Nostalgia
2960,YOUTUBE,10998,Nostalgia
2961,YOUTUBE,11009,Hype
2962,YOUTUBE,11012,Multiplayer
2963,YOUTUBE,11028,Multiplayer
2964,YOUTUBE,11043,Exclusivity
2965,YOUTUBE,11054,Nostalgia
2966,YOUTUBE,11058,Performance
2967,YOUTUBE,11062,Nostalgia
2968,YOUTUBE,11067,Exclusivity
2969,YOUTUBE,11072,Price
2970,YOUTUBE,11076,Multiplayer
2971,YOUTUBE,11083,Exclusivity
2972,YOUTUBE,11086,Nostalgia
2973,YOUTUBE,11091,Exclusivity
2974,YOUTUBE,11092,Multiplayer
2975,YOUTUBE,11098,Performance
2976,YOUTUBE,11106,Performance
2977,YOUTUBE,11116,Multiplayer
2978,YOUTUBE,11121,Hype
2979,YOUTUBE,11123,Exclusivity
2980,YOUTUBE,11125,Bug_Complaint
2981,YOUTUBE,11131,Exclusivity
2982,YOUTUBE,11139,Exclusivity
2983,YOUTUBE,11142,Nostalgia
2984,YOUTUBE,11155,Exclusivity
2985,YOUTUBE,11166,Nostalgia
2986,YOUTUBE,11172,Multiplayer
2987,YOUTUBE,11174,Nostalgia
2988,YOUTUBE,11175,Store_UX
2989,YOUTUBE,11187,Exclusivity
2990,YOUTUBE,11188,Multiplayer
2991,YOUTUBE,11235,Exclusivity
2992,YOUTUBE,11236,Multiplayer
2993,YOUTUBE,11244,Multiplayer
2994,YOUTUBE,11247,Store_UX
2995,YOUTUBE,11249,Hype
2996,YOUTUBE,11257,Hype
2997,YOUTUBE,11259,Exclusivity
2998,YOUTUBE,11274,Performance
2999,YOUTUBE,11281,Hype
3000,YOUTUBE,11289,Hype
3001,YOUTUBE,11296,Price
3002,YOUTUBE,11304,Price
3003,YOUTUBE,11319,Store_UX
3004,YOUTUBE,11320,Price
3005,YOUTUBE,11330,Performance
3006,YOUTUBE,11331,Exclusivity
3007,YOUTUBE,11352,Price
3008,YOUTUBE,11357,Bug_Complaint
3009,YOUTUBE,11366,Nostalgia
3010,YOUTUBE,11379,Exclusivity
3011,YOUTUBE,11384,Price
3012,YOUTUBE,11388,Multiplayer
3013,YOUTUBE,11396,Multiplayer
3014,YOUTUBE,11400,Price
3015,YOUTUBE,11401,Hype
3016,YOUTUBE,11423,Store_UX
3017,YOUTUBE,11440,Price
3018,YOUTUBE,11441,Hype
3019,YOUTUBE,11445,Bug_Complaint
3020,YOUTUBE,11472,Price
3021,YOUTUBE,11501,Bug_Complaint
3022,YOUTUBE,11509,Bug_Complaint
3023,YOUTUBE,11519,Store_UX
3024,YOUTUBE,11543,Store_UX
3025,YOUTUBE,11552,Price
3026,YOUTUBE,11584,Price
3027,YOUTUBE,11588,Multiplayer
3028,YOUTUBE,11589,Bug_Complaint
3029,YOUTUBE,11593,Hype
3030,YOUTUBE,11599,Store_UX
3031,YOUTUBE,11605,Bug_Complaint
3032,YOUTUBE,11622,Nostalgia
3033,YOUTUBE,11636,Multiplayer
3034,YOUTUBE,11641,Hype
3035,YOUTUBE,11653,Bug_Complaint
3036,YOUTUBE,11662,Nostalgia
3037,YOUTUBE,11665,Hype
3038,YOUTUBE,11666,Performance
3039,YOUTUBE,11669,Bug_Complaint
3040,YOUTUBE,11677,Bug_Complaint
3041,YOUTUBE,11679,Store_UX
3042,YOUTUBE,11704,Price
3043,YOUTUBE,11709,Bug_Complaint
3044,YOUTUBE,11714,Performance
3045,YOUTUBE,11723,Exclusivity
3046,YOUTUBE,11735,Store_UX
3047,YOUTUBE,11744,Price
3048,YOUTUBE,11751,Store_UX
3049,YOUTUBE,11752,Price
3050,YOUTUBE,11758,Nostalgia
3051,YOUTUBE,11775,Store_UX
3052,YOUTUBE,11784,Price
3053,YOUTUBE,11789,Bug_Complaint
3054,YOUTUBE,11793,Hype
3055,YOUTUBE,11796,Multiplayer
3056,YOUTUBE,11804,Multiplayer
3057,YOUTUBE,11807,Store_UX
3058,YOUTUBE,11822,Nostalgia
3059,YOUTUBE,11824,Price
3060,YOUTUBE,11832,Price
3061,YOUTUBE,11858,Performance
3062,YOUTUBE,11865,Hype
3063,YOUTUBE,11871,Store_UX
3064,YOUTUBE,11875,Exclusivity
3065,YOUTUBE,11879,Store_UX
3066,YOUTUBE,11884,Multiplayer
3067,YOUTUBE,11887,Store_UX
3068,YOUTUBE,11891,Exclusivity
3069,YOUTUBE,11896,Price
3070,YOUTUBE,11902,Nostalgia
3071,YOUTUBE,11910,Nostalgia
3072,YOUTUBE,11922,Performance
3073,YOUTUBE,11927,Store_UX
3074,YOUTUBE,11939,Exclusivity
3075,YOUTUBE,11942,Nostalgia
3076,YOUTUBE,11951,Store_UX
3077,YOUTUBE,11956,Multiplayer
3078,YOUTUBE,11960,Price
3079,YOUTUBE,11965,Bug_Complaint
3080,YOUTUBE,11967,Store_UX
3081,YOUTUBE,11977,Hype
3082,YOUTUBE,11979,Exclusivity
3083,YOUTUBE,11983,Store_UX
3084,YOUTUBE,11984,Price
3085,YOUTUBE,11986,Performance
3086,YOUTUBE,11987,Exclusivity
3087,YOUTUBE,11993,Hype
3088,YOUTUBE,12006,Nostalgia
3089,YOUTUBE,12011,Exclusivity
3090,YOUTUBE,12012,Multiplayer
3091,YOUTUBE,12016,Price
3092,YOUTUBE,12032,Price
3093,YOUTUBE,12043,Exclusivity
3094,YOUTUBE,12062,Nostalgia
3095,YOUTUBE,12090,Performance
3096,YOUTUBE,12102,Nostalgia
3097,YOUTUBE,12104,Price
3098,YOUTUBE,12113,Hype
3099,YOUTUBE,12119,Store_UX
3100,YOUTUBE,12120,Price
3101,YOUTUBE,12127,Store_UX
3102,YOUTUBE,12144,Price
3103,YOUTUBE,12145,Hype
3104,YOUTUBE,12147,Exclusivity
3105,YOUTUBE,12154,Performance
3106,YOUTUBE,12165,Bug_Complaint
3107,YOUTUBE,12177,Hype
3108,YOUTUBE,12195,Exclusivity
3109,YOUTUBE,12197,Bug_Complaint
3110,YOUTUBE,12203,Exclusivity
3111,YOUTUBE,12208,Price
3112,YOUTUBE,12210,Performance
3113,YOUTUBE,12213,Bug_Complaint
3114,YOUTUBE,12230,Nostalgia
3115,YOUTUBE,12242,Performance
3116,YOUTUBE,12244,Multiplayer
3117,YOUTUBE,12262,Nostalgia
3118,YOUTUBE,12268,Multiplayer
3119,YOUTUBE,12274,Performance
3120,YOUTUBE,12286,Nostalgia
3121,YOUTUBE,12288,Price
3122,YOUTUBE,12289,Hype
3123,YOUTUBE,12291,Exclusivity
3124,YOUTUBE,12295,Store_UX
3125,YOUTUBE,12299,Exclusivity
3126,YOUTUBE,12312,Price
3127,YOUTUBE,12321,Hype
3128,YOUTUBE,12323,Exclusivity
3129,YOUTUBE,12324,Multiplayer
3130,YOUTUBE,12325,Bug_Complaint
3131,YOUTUBE,12335,Store_UX
3132,YOUTUBE,12340,Multiplayer
3133,YOUTUBE,12366,Nostalgia
3134,YOUTUBE,12367,Store_UX
3135,YOUTUBE,12378,Performance
3136,YOUTUBE,12384,Price
3137,YOUTUBE,12386,Performance
3138,YOUTUBE,12387,Exclusivity
3139,YOUTUBE,12394,Performance
3140,YOUTUBE,12403,Exclusivity
3141,YOUTUBE,12416,Price
3142,YOUTUBE,12430,Nostalgia
3143,YOUTUBE,12438,Nostalgia
3144,YOUTUBE,12448,Price
3145,YOUTUBE,12449,Hype
3146,YOUTUBE,12474,Performance
3147,YOUTUBE,12488,Price
3148,YOUTUBE,12498,Performance
3149,YOUTUBE,12502,Nostalgia
3150,YOUTUBE,12504,Price
3151,YOUTUBE,12553,Hype
3152,YOUTUBE,12558,Nostalgia
3153,YOUTUBE,12564,Multiplayer
3154,YOUTUBE,12565,Bug_Complaint
3155,YOUTUBE,12569,Hype
3156,YOUTUBE,12575,Store_UX
3157,YOUTUBE,12583,Store_UX
3158,YOUTUBE,12596,Multiplayer
3159,YOUTUBE,12602,Performance
3160,YOUTUBE,12605,Bug_Complaint
3161,YOUTUBE,12614,Nostalgia
3162,YOUTUBE,12619,Exclusivity
3163,YOUTUBE,12628,Multiplayer
3164,YOUTUBE,12634,Performance
3165,YOUTUBE,12657,Hype
3166,YOUTUBE,12662,Nostalgia
3167,YOUTUBE,12667,Exclusivity
3168,YOUTUBE,12670,Nostalgia
3169,YOUTUBE,12673,Hype
3170,YOUTUBE,12683,Exclusivity
3171,YOUTUBE,12690,Performance
3172,YOUTUBE,12715,Exclusivity
3173,YOUTUBE,12726,Nostalgia
3174,YOUTUBE,12738,Performance
3175,YOUTUBE,12769,Hype
3176,YOUTUBE,12770,Performance
3177,YOUTUBE,12777,Hype
19371,REDDIT,1350,Bug_Complaint
19372,REDDIT,1360,Price
19373,REDDIT,1369,Multiplayer
19374,REDDIT,1370,Performance
19375,REDDIT,1384,Hype
19376,REDDIT,1387,Hype
19377,REDDIT,1401,Price
19378,REDDIT,1412,Multiplayer
19379,REDDIT,1420,Bug_Complaint
19380,REDDIT,1432,Store_UX
19381,REDDIT,1437,Hype
19382,REDDIT,1443,Multiplayer
19383,REDDIT,1467,Multiplayer
19384,REDDIT,1468,Exclusivity
19385,REDDIT,1471,Exclusivity
19386,REDDIT,1479,Bug_Complaint
19387,REDDIT,1480,Hype
19388,REDDIT,1488,Multiplayer
19389,REDDIT,1492,Store_UX
19390,REDDIT,1494,Bug_Complaint
19391,REDDIT,1496,Store_UX
19392,REDDIT,1509,Exclusivity
19393,REDDIT,1511,Exclusivity
19394,REDDIT,1517,Performance
19395,REDDIT,1518,Price
19396,REDDIT,1524,Performance
19397,REDDIT,1528,Multiplayer
19398,REDDIT,1530,Nostalgia
19399,REDDIT,1533,Exclusivity
19400,REDDIT,1541,Store_UX
19401,REDDIT,1552,Multiplayer
19402,REDDIT,1556,Performance
19403,REDDIT,1559,Multiplayer
19404,REDDIT,1578,Performance
19405,REDDIT,1588,Performance
19406,REDDIT,1591,Price
19407,REDDIT,1596,Exclusivity
19408,REDDIT,1610,Store_UX
19409,REDDIT,1624,Performance
19410,REDDIT,1631,Bug_Complaint
19411,REDDIT,1632,Hype
19412,REDDIT,1637,Bug_Complaint
19413,REDDIT,1642,Store_UX
19414,REDDIT,1645,Price
19415,REDDIT,1652,Bug_Complaint
19416,REDDIT,1653,Bug_Complaint
19417,REDDIT,1656,Performance
19418,REDDIT,1681,Bug_Complaint
19419,REDDIT,1691,Price
19420,REDDIT,1696,Multiplayer
19421,REDDIT,1705,Multiplayer
19422,REDDIT,1710,Nostalgia
19423,REDDIT,1720,Bug_Complaint
19424,REDDIT,1735,Price
19425,REDDIT,1748,Price
19426,REDDIT,1750,Price
19427,REDDIT,1766,Nostalgia
19428,REDDIT,1767,Multiplayer
19429,REDDIT,1799,Price
19430,REDDIT,1813,Multiplayer
19431,REDDIT,1849,Performance
19432,REDDIT,1862,Exclusivity
19433,REDDIT,1881,Bug_Complaint
19434,REDDIT,1896,Nostalgia
19435,REDDIT,1897,Nostalgia
19436,REDDIT,1909,Exclusivity
19437,REDDIT,1913,Bug_Complaint
19438,REDDIT,1925,Nostalgia
19439,REDDIT,1928,Nostalgia
19440,REDDIT,1937,Store_UX
19441,REDDIT,1951,Hype
19442,REDDIT,1963,Multiplayer
19443,REDDIT,1967,Nostalgia
19444,REDDIT,1974,Store_UX
19445,REDDIT,1975,Price
19446,REDDIT,1979,Bug_Complaint
19447,REDDIT,1983,Bug_Complaint
19448,REDDIT,1987,Multiplayer
19449,REDDIT,1993,Exclusivity
19450,REDDIT,3995,Nostalgia
19451,REDDIT,4018,Exclusivity
19452,REDDIT,4036,Price
19453,REDDIT,4052,Nostalgia
19454,REDDIT,4053,Bug_Complaint
19455,REDDIT,4063,Hype
19456,REDDIT,4067,Nostalgia
19457,REDDIT,4071,Hype
19458,REDDIT,4076,Performance
19459,REDDIT,4086,Bug_Complaint
19460,REDDIT,4150,Multiplayer
19461,REDDIT,4167,Price
19462,REDDIT,4171,Multiplayer
19463,REDDIT,4177,Store_UX
19464,REDDIT,4178,Bug_Complaint
19465,REDDIT,4184,Price
19466,REDDIT,4195,Bug_Complaint
19467,REDDIT,4208,Hype
19468,REDDIT,4239,Exclusivity
19469,REDDIT,4243,Bug_Complaint
19470,REDDIT,4246,Nostalgia
19471,REDDIT,4253,Store_UX
19472,REDDIT,4274,Nostalgia
19473,REDDIT,4276,Store_UX
19474,REDDIT,4279,Exclusivity
19475,REDDIT,4283,Multiplayer
19476,REDDIT,4285,Store_UX
19477,REDDIT,4286,Multiplayer
19478,REDDIT,4308,Performance
19479,REDDIT,4315,Price
19480,REDDIT,4337,Store_UX
19481,REDDIT,4342,Store_UX
19482,REDDIT,4352,Performance
19483,REDDIT,4353,Price
19484,REDDIT,4365,Multiplayer
19485,REDDIT,4395,Price
19486,REDDIT,4408,Bug_Complaint
19487,REDDIT,4409,Nostalgia
19488,REDDIT,4424,Performance
19489,REDDIT,4425,Nostalgia
19490,REDDIT,4426,Store_UX
19491,REDDIT,4435,Performance
19492,REDDIT,4441,Nostalgia
19493,REDDIT,4469,Bug_Complaint
19494,REDDIT,4474,Price
19495,REDDIT,4489,Multiplayer
19496,REDDIT,4490,Nostalgia
19497,REDDIT,4542,Nostalgia
19498,REDDIT,4551,Bug_Complaint
19499,REDDIT,4554,Nostalgia
19500,REDDIT,4558,Exclusivity
19501,REDDIT,4566,Store_UX
19502,REDDIT,4569,Bug_Complaint
19503,REDDIT,4574,Performance
19504,REDDIT,4587,Exclusivity
19505,REDDIT,4588,Multiplayer
19506,REDDIT,4589,Multiplayer
19507,REDDIT,4592,Nostalgia
19508,REDDIT,4597,Hype
19509,REDDIT,4607,Price
19510,REDDIT,4612,Price
19511,REDDIT,4615,Price
19512,REDDIT,4619,Store_UX
19513,REDDIT,4623,Nostalgia
19514,REDDIT,4625,Performance
19515,REDDIT,4633,Price
19516,REDDIT,4639,Multiplayer
19517,REDDIT,4642,Exclusivity
19518,REDDIT,4646,Store_UX
19519,YOUTUBE,2564,Multiplayer
19520,YOUTUBE,2566,Nostalgia
19521,YOUTUBE,2591,Store_UX
19522,YOUTUBE,2597,Bug_Complaint
19523,YOUTUBE,2612,Multiplayer
19524,YOUTUBE,2614,Nostalgia
19525,YOUTUBE,2617,Hype
19526,YOUTUBE,2621,Bug_Complaint
19527,YOUTUBE,2623,Store_UX
19528,YOUTUBE,2632,Price
19529,YOUTUBE,2638,Nostalgia
19530,YOUTUBE,2644,Multiplayer
19531,YOUTUBE,2647,Store_UX
19532,YOUTUBE,2648,Price
19533,YOUTUBE,2652,Multiplayer
19534,YOUTUBE,2658,Performance
19535,YOUTUBE,2659,Exclusivity
19536,YOUTUBE,2663,Store_UX
19537,YOUTUBE,2668,Multiplayer
19538,YOUTUBE,2676,Multiplayer
19539,YOUTUBE,2679,Store_UX
19540,YOUTUBE,2686,Nostalgia
19541,YOUTUBE,2707,Exclusivity
19542,YOUTUBE,2719,Store_UX
19543,YOUTUBE,2724,Multiplayer
19544,YOUTUBE,2726,Nostalgia
19545,YOUTUBE,2730,Performance
19546,YOUTUBE,2739,Exclusivity
19547,YOUTUBE,2743,Store_UX
19548,YOUTUBE,2749,Bug_Complaint
19549,YOUTUBE,2757,Bug_Complaint
19550,YOUTUBE,2760,Price
19551,YOUTUBE,2768,Price
19552,YOUTUBE,2784,Price
19553,YOUTUBE,2787,Exclusivity
19554,YOUTUBE,2792,Price
19555,YOUTUBE,2798,Nostalgia
19556,YOUTUBE,2806,Nostalgia
19557,YOUTUBE,2819,Exclusivity
19558,YOUTUBE,2822,Nostalgia
19559,YOUTUBE,2824,Price
19560,YOUTUBE,2834,Performance
19561,YOUTUBE,2835,Exclusivity
19562,YOUTUBE,2845,Bug_Complaint
19563,YOUTUBE,2857,Hype
19564,YOUTUBE,2870,Nostalgia
19565,YOUTUBE,2874,Performance
19566,YOUTUBE,2889,Hype
19567,YOUTUBE,2896,Price
19568,YOUTUBE,2918,Nostalgia
19569,YOUTUBE,2921,Hype
19570,YOUTUBE,2924,Multiplayer
19571,YOUTUBE,2928,Price
19572,YOUTUBE,2935,Store_UX
19573,YOUTUBE,2947,Exclusivity
19574,YOUTUBE,2983,Store_UX
19575,YOUTUBE,2987,Exclusivity
19576,YOUTUBE,2990,Nostalgia
19577,YOUTUBE,2992,Price
19578,YOUTUBE,3002,Performance
19579,YOUTUBE,3005,Bug_Complaint
19580,YOUTUBE,3011,Exclusivity
19581,YOUTUBE,3014,Nostalgia
19582,YOUTUBE,3032,Price
19583,YOUTUBE,3033,Hype
19584,YOUTUBE,3040,Price
19585,YOUTUBE,3041,Hype
19586,YOUTUBE,3059,Exclusivity
19587,YOUTUBE,3071,Store_UX
19588,YOUTUBE,3081,Hype
19589,YOUTUBE,3083,Exclusivity
19590,YOUTUBE,3086,Nostalgia
19591,YOUTUBE,3088,Price
19592,YOUTUBE,3091,Exclusivity
19593,YOUTUBE,3098,Performance
19594,YOUTUBE,3099,Exclusivity
19595,YOUTUBE,3103,Store_UX
19596,YOUTUBE,3120,Price
19597,YOUTUBE,3122,Performance
19598,YOUTUBE,3126,Nostalgia
19599,YOUTUBE,3128,Price
19600,YOUTUBE,3129,Hype
19601,YOUTUBE,3138,Performance
19602,YOUTUBE,3141,Bug_Complaint
19603,YOUTUBE,3151,Store_UX
19604,YOUTUBE,3158,Nostalgia
19605,YOUTUBE,3161,Hype
19606,YOUTUBE,3182,Nostalgia
19607,YOUTUBE,3194,Performance
19608,YOUTUBE,3197,Bug_Complaint
19609,YOUTUBE,3202,Performance
19610,YOUTUBE,3204,Multiplayer
19611,YOUTUBE,3206,Nostalgia
19612,YOUTUBE,3211,Exclusivity
19613,YOUTUBE,3218,Performance
19614,YOUTUBE,3223,Store_UX
19615,YOUTUBE,3225,Hype
19616,YOUTUBE,3226,Performance
19617,YOUTUBE,3228,Multiplayer
19618,YOUTUBE,3240,Price
19619,YOUTUBE,3246,Nostalgia
19620,YOUTUBE,3252,Multiplayer
19621,YOUTUBE,3259,Exclusivity
19622,YOUTUBE,3261,Bug_Complaint
19623,YOUTUBE,3283,Exclusivity
19624,YOUTUBE,3287,Store_UX
19625,YOUTUBE,3297,Hype
19626,YOUTUBE,3298,Performance
19627,YOUTUBE,3301,Bug_Complaint
19628,YOUTUBE,3303,Store_UX
19629,YOUTUBE,3305,Hype
19630,YOUTUBE,3307,Exclusivity
19631,YOUTUBE,3309,Bug_Complaint
19632,YOUTUBE,3325,Bug_Complaint
19633,YOUTUBE,3326,Nostalgia
19634,YOUTUBE,3335,Store_UX
19635,YOUTUBE,3337,Hype
19636,YOUTUBE,3346,Performance
19637,YOUTUBE,3363,Exclusivity
19638,YOUTUBE,3377,Hype
19639,YOUTUBE,3380,Multiplayer
19640,YOUTUBE,3393,Hype
19641,YOUTUBE,3395,Exclusivity
19642,YOUTUBE,3401,Hype
19643,YOUTUBE,3402,Performance
19644,YOUTUBE,3404,Multiplayer
19645,YOUTUBE,3411,Exclusivity
19646,YOUTUBE,3415,Store_UX
19647,YOUTUBE,3417,Hype
19648,YOUTUBE,3428,Multiplayer
19649,YOUTUBE,3429,Bug_Complaint
19650,YOUTUBE,3431,Store_UX
19651,YOUTUBE,3435,Exclusivity
19652,YOUTUBE,3453,Bug_Complaint
19653,YOUTUBE,3463,Store_UX
19654,YOUTUBE,3466,Performance
19655,YOUTUBE,3478,Nostalgia
19656,YOUTUBE,3485,Bug_Complaint
19657,YOUTUBE,3492,Multiplayer
19658,YOUTUBE,3498,Performance
19659,YOUTUBE,3507,Exclusivity
19660,YOUTUBE,3514,Performance
19661,YOUTUBE,3517,Bug_Complaint
19662,YOUTUBE,3527,Store_UX
19663,YOUTUBE,3531,Exclusivity
19664,YOUTUBE,3532,Multiplayer
19665,YOUTUBE,3540,Multiplayer
19666,YOUTUBE,3555,Exclusivity
19667,YOUTUBE,3560,Price
19668,YOUTUBE,3562,Performance
19669,YOUTUBE,3566,Nostalgia
19670,YOUTUBE,3567,Store_UX
19671,YOUTUBE,3571,Exclusivity
19672,YOUTUBE,3574,Nostalgia
19673,YOUTUBE,3583,Store_UX
19674,YOUTUBE,3587,Exclusivity
19675,YOUTUBE,3608,Price
19676,YOUTUBE,3616,Price
19677,YOUTUBE,3617,Hype
19678,YOUTUBE,3619,Exclusivity
19679,YOUTUBE,3627,Exclusivity
19680,YOUTUBE,3640,Price
19681,YOUTUBE,3644,Multiplayer
19682,YOUTUBE,3651,Exclusivity
19683,YOUTUBE,3652,Multiplayer
19684,YOUTUBE,3659,Exclusivity
19685,YOUTUBE,3689,Hype
19686,YOUTUBE,3696,Price
19687,YOUTUBE,3702,Nostalgia
19688,YOUTUBE,3703,Store_UX
19689,YOUTUBE,3718,Nostalgia
19690,YOUTUBE,3722,Performance
19691,YOUTUBE,3727,Store_UX
19692,YOUTUBE,3735,Store_UX
19693,YOUTUBE,3743,Store_UX
19694,YOUTUBE,3744,Price
19695,YOUTUBE,3764,Multiplayer
19696,YOUTUBE,3767,Store_UX
19697,YOUTUBE,3769,Hype
19698,YOUTUBE,3773,Bug_Complaint
19699,YOUTUBE,3779,Exclusivity
19700,YOUTUBE,3785,Hype
19701,YOUTUBE,3788,Multiplayer
19702,YOUTUBE,3798,Nostalgia
19703,YOUTUBE,3813,Bug_Complaint
19704,YOUTUBE,3814,Nostalgia
19705,YOUTUBE,3819,Exclusivity
19706,YOUTUBE,3827,Exclusivity
19707,YOUTUBE,3829,Bug_Complaint
19708,YOUTUBE,3846,Nostalgia
19709,YOUTUBE,3855,Store_UX
19710,YOUTUBE,3856,Price
19711,YOUTUBE,3861,Bug_Complaint
19712,YOUTUBE,3872,Price
19713,YOUTUBE,3878,Nostalgia
19714,YOUTUBE,3902,Nostalgia
19715,YOUTUBE,3911,Store_UX
19716,YOUTUBE,3918,Nostalgia
19717,YOUTUBE,3921,Hype
19718,YOUTUBE,3922,Performance
19719,YOUTUBE,3934,Nostalgia
19720,YOUTUBE,3942,Nostalgia
19721,YOUTUBE,3959,Store_UX
19722,YOUTUBE,3961,Hype
19723,YOUTUBE,3962,Performance
19724,YOUTUBE,3969,Hype
19725,YOUTUBE,3970,Performance
19726,YOUTUBE,3974,Nostalgia
19727,YOUTUBE,3981,Bug_Complaint
19728,YOUTUBE,3983,Store_UX
19729,YOUTUBE,3984,Price
19730,YOUTUBE,3992,Price
19731,YOUTUBE,3996,Multiplayer
19732,YOUTUBE,3998,Nostalgia
19733,YOUTUBE,3999,Store_UX
19734,YOUTUBE,4004,Multiplayer
19735,YOUTUBE,4007,Store_UX
19736,YOUTUBE,4008,Price
19737,YOUTUBE,4009,Hype
19738,YOUTUBE,4018,Performance
19739,YOUTUBE,4029,Bug_Complaint
19740,YOUTUBE,4031,Store_UX
19741,YOUTUBE,4032,Price
19742,YOUTUBE,4034,Performance
19743,YOUTUBE,4052,Multiplayer
19744,YOUTUBE,4055,Store_UX
19745,YOUTUBE,4070,Nostalgia
19746,YOUTUBE,4078,Nostalgia
19747,YOUTUBE,4090,Performance
19748,YOUTUBE,4099,Exclusivity
19749,YOUTUBE,4102,Nostalgia
19750,YOUTUBE,4105,Hype
19751,YOUTUBE,4146,Performance
19752,YOUTUBE,4148,Multiplayer
19753,YOUTUBE,4164,Multiplayer
19754,YOUTUBE,4166,Nostalgia
19755,YOUTUBE,4175,Store_UX
19756,YOUTUBE,4179,Exclusivity
19757,YOUTUBE,4196,Multiplayer
19758,YOUTUBE,4199,Store_UX
19759,YOUTUBE,4215,Store_UX
19760,YOUTUBE,4223,Store_UX
19761,YOUTUBE,4235,Exclusivity
19762,YOUTUBE,4236,Multiplayer
19763,YOUTUBE,4246,Nostalgia
19764,YOUTUBE,4249,Hype
19765,YOUTUBE,4256,Price
19766,YOUTUBE,4258,Performance
19767,YOUTUBE,4261,Bug_Complaint
19768,YOUTUBE,4287,Store_UX
19769,YOUTUBE,4292,Multiplayer
19770,YOUTUBE,4294,Nostalgia
19771,YOUTUBE,4298,Performance
19772,YOUTUBE,4302,Nostalgia
19773,YOUTUBE,4309,Bug_Complaint
19774,YOUTUBE,4311,Store_UX
19775,YOUTUBE,4315,Exclusivity
19776,YOUTUBE,4326,Nostalgia
19777,YOUTUBE,4330,Performance
19778,YOUTUBE,4331,Exclusivity
19779,YOUTUBE,4334,Nostalgia
19780,YOUTUBE,4346,Performance
19781,YOUTUBE,4351,Store_UX
19782,YOUTUBE,4362,Performance
19783,YOUTUBE,4373,Bug_Complaint
19784,YOUTUBE,4383,Store_UX
19785,YOUTUBE,4403,Exclusivity
19786,YOUTUBE,4408,Price
19787,YOUTUBE,4410,Performance
19788,YOUTUBE,4416,Price
19789,YOUTUBE,4420,Multiplayer
19790,YOUTUBE,4423,Store_UX
19791,YOUTUBE,4427,Exclusivity
19792,YOUTUBE,4438,Nostalgia
19793,YOUTUBE,4439,Store_UX
19794,YOUTUBE,4444,Multiplayer
19795,YOUTUBE,4453,Bug_Complaint
19796,YOUTUBE,4472,Price
19797,YOUTUBE,4476,Multiplayer
19798,YOUTUBE,4481,Hype
19799,YOUTUBE,4504,Price
19800,YOUTUBE,4508,Multiplayer
19801,YOUTUBE,4510,Nostalgia
19802,YOUTUBE,4520,Price
19803,YOUTUBE,4535,Store_UX
19804,YOUTUBE,4543,Store_UX
19805,YOUTUBE,4553,Hype
19806,YOUTUBE,4556,Multiplayer
19807,YOUTUBE,4559,Store_UX
19808,YOUTUBE,4567,Store_UX
19809,YOUTUBE,4571,Exclusivity
19810,YOUTUBE,4575,Store_UX
19811,YOUTUBE,4579,Exclusivity
19812,YOUTUBE,4587,Exclusivity
19813,YOUTUBE,4606,Nostalgia
19814,YOUTUBE,4613,Bug_Complaint
19815,YOUTUBE,4617,Hype
19816,YOUTUBE,4623,Store_UX
19817,YOUTUBE,4632,Price
19818,YOUTUBE,4648,Price
19819,YOUTUBE,4649,Hype
19820,YOUTUBE,4657,Hype
19821,YOUTUBE,4659,Exclusivity
19822,YOUTUBE,4663,Store_UX
19823,YOUTUBE,4684,Multiplayer
19824,YOUTUBE,4687,Store_UX
19825,YOUTUBE,4691,Exclusivity
19826,YOUTUBE,4716,Multiplayer
19827,YOUTUBE,4721,Hype
19828,YOUTUBE,4737,Hype
19829,YOUTUBE,4739,Exclusivity
19830,YOUTUBE,4762,Performance
19831,YOUTUBE,4771,Exclusivity
19832,YOUTUBE,4782,Nostalgia
19833,YOUTUBE,4783,Store_UX
19834,YOUTUBE,4797,Bug_Complaint
19835,YOUTUBE,4807,Store_UX
19836,YOUTUBE,4809,Hype
19837,YOUTUBE,4823,Store_UX
19838,YOUTUBE,4838,Nostalgia
19839,YOUTUBE,4842,Performance
19840,YOUTUBE,4854,Nostalgia
19841,YOUTUBE,4857,Hype
19842,YOUTUBE,4859,Exclusivity
19843,YOUTUBE,4863,Store_UX
19844,YOUTUBE,4881,Hype
19845,YOUTUBE,4884,Multiplayer
19846,YOUTUBE,4887,Store_UX
19847,YOUTUBE,4893,Bug_Complaint
19848,YOUTUBE,4899,Exclusivity
19849,YOUTUBE,4904,Price
19850,YOUTUBE,4912,Price
19851,YOUTUBE,4929,Hype
19852,YOUTUBE,4934,Nostalgia
19853,YOUTUBE,4957,Bug_Complaint
19854,YOUTUBE,4960,Price
19855,YOUTUBE,4972,Multiplayer
19856,YOUTUBE,4978,Performance
19857,YOUTUBE,4987,Exclusivity
19858,YOUTUBE,5002,Performance
19859,YOUTUBE,5011,Exclusivity
19860,YOUTUBE,5017,Hype
19861,YOUTUBE,5021,Bug_Complaint
19862,YOUTUBE,5036,Multiplayer
19863,YOUTUBE,5042,Performance
19864,YOUTUBE,5045,Bug_Complaint
19865,YOUTUBE,5047,Store_UX
19866,YOUTUBE,5059,Exclusivity
19867,YOUTUBE,5073,Hype
19868,YOUTUBE,5074,Performance
19869,YOUTUBE,5081,Hype
19870,YOUTUBE,5097,Hype
19871,YOUTUBE,5099,Exclusivity
19872,YOUTUBE,5103,Store_UX
19873,YOUTUBE,5117,Bug_Complaint
19874,YOUTUBE,5118,Nostalgia
19875,REDDIT,20,Exclusivity
19876,REDDIT,30,Bug_Complaint
19877,REDDIT,39,Price
19878,REDDIT,40,Store_UX
19879,REDDIT,54,Performance
19880,REDDIT,57,Multiplayer
19881,REDDIT,71,Hype
19882,REDDIT,82,Performance
19883,REDDIT,90,Price
19884,REDDIT,102,Bug_Complaint
19885,REDDIT,107,Performance
19886,REDDIT,113,Store_UX
19887,REDDIT,137,Multiplayer
19888,REDDIT,138,Store_UX
19889,REDDIT,141,Store_UX
19890,REDDIT,149,Performance
19891,REDDIT,150,Performance
19892,REDDIT,158,Nostalgia
19893,REDDIT,162,Bug_Complaint
19894,REDDIT,164,Nostalgia
19895,REDDIT,166,Nostalgia
19896,REDDIT,179,Nostalgia
19897,REDDIT,181,Price
19898,REDDIT,187,Bug_Complaint
19899,REDDIT,188,Store_UX
19900,REDDIT,194,Bug_Complaint
19901,REDDIT,198,Price
19902,REDDIT,200,Price
19903,REDDIT,203,Multiplayer
19904,REDDIT,211,Price
19905,REDDIT,222,Performance
19906,REDDIT,226,Price
19907,REDDIT,229,Store_UX
19908,REDDIT,248,Performance
19909,REDDIT,258,Hype
19910,REDDIT,261,Performance
19911,REDDIT,266,Bug_Complaint
19912,REDDIT,280,Store_UX
19913,REDDIT,294,Store_UX
19914,REDDIT,301,Store_UX
19915,REDDIT,302,Price
19916,REDDIT,307,Exclusivity
19917,REDDIT,312,Performance
19918,REDDIT,315,Bug_Complaint
19919,REDDIT,322,Performance
19920,REDDIT,323,Exclusivity
19921,REDDIT,326,Nostalgia
19922,REDDIT,351,Price
19923,REDDIT,361,Price
19924,REDDIT,366,Exclusivity
19925,REDDIT,375,Store_UX
19926,REDDIT,380,Nostalgia
19927,REDDIT,390,Store_UX
19928,REDDIT,405,Performance
19929,REDDIT,418,Multiplayer
19930,REDDIT,420,Price
19931,REDDIT,436,Multiplayer
19932,REDDIT,437,Price
19933,REDDIT,469,Hype
19934,REDDIT,483,Price
19935,REDDIT,519,Multiplayer
19936,REDDIT,532,Hype
19937,REDDIT,551,Multiplayer
19938,REDDIT,566,Multiplayer
19939,REDDIT,567,Performance
19940,REDDIT,579,Multiplayer
19941,REDDIT,583,Bug_Complaint
19942,REDDIT,595,Hype
19943,REDDIT,598,Nostalgia
19944,REDDIT,607,Bug_Complaint
19945,REDDIT,621,Exclusivity
19946,REDDIT,633,Hype
19947,REDDIT,637,Store_UX
19948,REDDIT,644,Hype
19949,REDDIT,645,Store_UX
19950,REDDIT,649,Store_UX
19951,REDDIT,653,Performance
19952,REDDIT,657,Exclusivity
19953,REDDIT,663,Exclusivity
19954,YOUTUBE,5,Bug_Complaint
19955,YOUTUBE,28,Multiplayer
19956,YOUTUBE,46,Nostalgia
19957,YOUTUBE,62,Nostalgia
19958,YOUTUBE,63,Store_UX
19959,YOUTUBE,73,Hype
19960,YOUTUBE,77,Bug_Complaint
19961,YOUTUBE,81,Hype
19962,YOUTUBE,86,Nostalgia
19963,YOUTUBE,96,Price
19964,YOUTUBE,160,Price
19965,YOUTUBE,177,Hype
19966,YOUTUBE,181,Bug_Complaint
19967,YOUTUBE,187,Exclusivity
19968,YOUTUBE,188,Multiplayer
19969,YOUTUBE,194,Performance
19970,YOUTUBE,205,Bug_Complaint
19971,YOUTUBE,218,Performance
19972,YOUTUBE,249,Hype
19973,YOUTUBE,253,Bug_Complaint
19974,YOUTUBE,256,Price
19975,YOUTUBE,263,Store_UX
19976,YOUTUBE,284,Multiplayer
19977,YOUTUBE,286,Nostalgia
19978,YOUTUBE,289,Hype
19979,YOUTUBE,293,Bug_Complaint
19980,YOUTUBE,295,Store_UX
19981,YOUTUBE,296,Price
19982,YOUTUBE,318,Nostalgia
19983,YOUTUBE,325,Bug_Complaint
19984,YOUTUBE,347,Exclusivity
19985,YOUTUBE,352,Price
19986,YOUTUBE,362,Performance
19987,YOUTUBE,363,Exclusivity
19988,YOUTUBE,375,Store_UX
19989,YOUTUBE,405,Bug_Complaint
19990,YOUTUBE,418,Performance
19991,YOUTUBE,419,Exclusivity
19992,YOUTUBE,434,Performance
19993,YOUTUBE,435,Exclusivity
19994,YOUTUBE,436,Multiplayer
19995,YOUTUBE,445,Bug_Complaint
19996,YOUTUBE,451,Exclusivity
19997,YOUTUBE,479,Store_UX
19998,YOUTUBE,484,Multiplayer
19999,YOUTUBE,499,Exclusivity
20000,YOUTUBE,500,Multiplayer
20001,YOUTUBE,552,Price
20002,YOUTUBE,561,Hype
20003,YOUTUBE,564,Multiplayer
20004,YOUTUBE,568,Price
20005,YOUTUBE,576,Price
20006,YOUTUBE,579,Exclusivity
20007,YOUTUBE,584,Price
20008,YOUTUBE,597,Bug_Complaint
20009,YOUTUBE,598,Nostalgia
20010,YOUTUBE,599,Store_UX
20011,YOUTUBE,602,Performance
20012,YOUTUBE,607,Store_UX
20013,YOUTUBE,617,Hype
20014,YOUTUBE,622,Nostalgia
20015,YOUTUBE,625,Hype
20016,YOUTUBE,629,Bug_Complaint
20017,YOUTUBE,633,Hype
20018,YOUTUBE,635,Exclusivity
20019,YOUTUBE,643,Exclusivity
20020,YOUTUBE,649,Hype
20021,YOUTUBE,652,Multiplayer
20022,YOUTUBE,656,Price
20023,YOUTUBE,670,Nostalgia
20024,YOUTUBE,672,Price
20025,YOUTUBE,697,Hype
20026,YOUTUBE,703,Store_UX
20027,YOUTUBE,718,Nostalgia
20028,YOUTUBE,720,Price
20029,YOUTUBE,723,Exclusivity
20030,YOUTUBE,727,Store_UX
20031,YOUTUBE,729,Hype
20032,YOUTUBE,738,Performance
20033,YOUTUBE,744,Price
20034,YOUTUBE,750,Nostalgia
20035,YOUTUBE,753,Hype
20036,YOUTUBE,754,Performance
20037,YOUTUBE,758,Nostalgia
20038,YOUTUBE,764,Multiplayer
20039,YOUTUBE,765,Bug_Complaint
20040,YOUTUBE,769,Hype
20041,YOUTUBE,774,Nostalgia
20042,YOUTUBE,782,Nostalgia
20043,YOUTUBE,785,Hype
20044,YOUTUBE,792,Price
20045,YOUTUBE,813,Bug_Complaint
20046,YOUTUBE,825,Hype
20047,YOUTUBE,830,Nostalgia
20048,YOUTUBE,832,Price
20049,YOUTUBE,836,Multiplayer
20050,YOUTUBE,845,Bug_Complaint
20051,YOUTUBE,849,Hype
20052,YOUTUBE,855,Store_UX
20053,YOUTUBE,863,Store_UX
20054,YOUTUBE,866,Performance
20055,YOUTUBE,874,Performance
20056,YOUTUBE,890,Performance
20057,YOUTUBE,893,Bug_Complaint
20058,YOUTUBE,898,Performance
20059,YOUTUBE,904,Price
20060,YOUTUBE,912,Price
20061,YOUTUBE,925,Bug_Complaint
20062,YOUTUBE,928,Price
20063,YOUTUBE,930,Performance
20064,YOUTUBE,940,Multiplayer
20065,YOUTUBE,941,Bug_Complaint
20066,YOUTUBE,951,Store_UX
20067,YOUTUBE,963,Exclusivity
20068,YOUTUBE,976,Price
20069,YOUTUBE,980,Multiplayer
20070,YOUTUBE,995,Exclusivity
20071,YOUTUBE,1002,Performance
20072,YOUTUBE,1024,Price
20073,YOUTUBE,1027,Exclusivity
20074,YOUTUBE,1030,Nostalgia
20075,YOUTUBE,1034,Performance
20076,YOUTUBE,1041,Hype
20077,YOUTUBE,1053,Bug_Complaint
20078,YOUTUBE,1089,Hype
20079,YOUTUBE,1093,Bug_Complaint
20080,YOUTUBE,1096,Price
20081,YOUTUBE,1098,Performance
20082,YOUTUBE,1108,Multiplayer
20083,YOUTUBE,1111,Store_UX
20084,YOUTUBE,1117,Bug_Complaint
20085,YOUTUBE,1120,Price
20086,YOUTUBE,1138,Performance
20087,YOUTUBE,1139,Exclusivity
20088,YOUTUBE,1146,Performance
20089,YOUTUBE,1147,Exclusivity
20090,YOUTUBE,1165,Bug_Complaint
20091,YOUTUBE,1177,Hype
20092,YOUTUBE,1187,Exclusivity
20093,YOUTUBE,1189,Bug_Complaint
20094,YOUTUBE,1192,Price
20095,YOUTUBE,1194,Performance
20096,YOUTUBE,1197,Bug_Complaint
20097,YOUTUBE,1204,Multiplayer
20098,YOUTUBE,1205,Bug_Complaint
20099,YOUTUBE,1209,Hype
20100,YOUTUBE,1226,Performance
20101,YOUTUBE,1228,Multiplayer
20102,YOUTUBE,1232,Price
20103,YOUTUBE,1234,Performance
20104,YOUTUBE,1235,Exclusivity
20105,YOUTUBE,1244,Multiplayer
20106,YOUTUBE,1247,Store_UX
20107,YOUTUBE,1257,Hype
20108,YOUTUBE,1264,Price
20109,YOUTUBE,1267,Exclusivity
20110,YOUTUBE,1288,Price
20111,YOUTUBE,1300,Multiplayer
20112,YOUTUBE,1303,Store_UX
20113,YOUTUBE,1308,Multiplayer
20114,YOUTUBE,1310,Nostalgia
20115,YOUTUBE,1312,Price
20116,YOUTUBE,1317,Bug_Complaint
20117,YOUTUBE,1324,Multiplayer
20118,YOUTUBE,1329,Hype
20119,YOUTUBE,1331,Exclusivity
20120,YOUTUBE,1332,Multiplayer
20121,YOUTUBE,1334,Nostalgia
20122,YOUTUBE,1346,Performance
20123,YOUTUBE,1352,Price
20124,YOUTUBE,1358,Nostalgia
20125,YOUTUBE,1365,Bug_Complaint
20126,YOUTUBE,1367,Store_UX
20127,YOUTUBE,1389,Bug_Complaint
20128,YOUTUBE,1393,Hype
20129,YOUTUBE,1403,Exclusivity
20130,YOUTUBE,1404,Multiplayer
20131,YOUTUBE,1407,Store_UX
20132,YOUTUBE,1409,Hype
20133,YOUTUBE,1411,Exclusivity
20134,YOUTUBE,1413,Bug_Complaint
20135,YOUTUBE,1415,Store_UX
20136,YOUTUBE,1431,Store_UX
20137,YOUTUBE,1432,Price
20138,YOUTUBE,1441,Hype
20139,YOUTUBE,1443,Exclusivity
20140,YOUTUBE,1452,Multiplayer
20141,YOUTUBE,1469,Bug_Complaint
20142,YOUTUBE,1483,Exclusivity
20143,YOUTUBE,1486,Nostalgia
20144,YOUTUBE,1499,Exclusivity
20145,YOUTUBE,1501,Bug_Complaint
20146,YOUTUBE,1507,Exclusivity
20147,YOUTUBE,1508,Multiplayer
20148,YOUTUBE,1510,Nostalgia
20149,YOUTUBE,1517,Bug_Complaint
20150,YOUTUBE,1521,Hype
20151,YOUTUBE,1523,Exclusivity
20152,YOUTUBE,1534,Nostalgia
20153,YOUTUBE,1535,Store_UX
20154,YOUTUBE,1537,Hype
20155,YOUTUBE,1541,Bug_Complaint
20156,YOUTUBE,1559,Store_UX
20157,YOUTUBE,1569,Hype
20158,YOUTUBE,1572,Multiplayer
20159,YOUTUBE,1584,Price
20160,YOUTUBE,1591,Store_UX
20161,YOUTUBE,1598,Nostalgia
20162,YOUTUBE,1604,Multiplayer
20163,YOUTUBE,1613,Bug_Complaint
20164,YOUTUBE,1620,Multiplayer
20165,YOUTUBE,1623,Store_UX
20166,YOUTUBE,1633,Hype
20167,YOUTUBE,1637,Bug_Complaint
20168,YOUTUBE,1638,Nostalgia
20169,YOUTUBE,1646,Nostalgia
20170,YOUTUBE,1661,Bug_Complaint
20171,YOUTUBE,1666,Performance
20172,YOUTUBE,1668,Multiplayer
20173,YOUTUBE,1672,Price
20174,YOUTUBE,1673,Hype
20175,YOUTUBE,1677,Bug_Complaint
20176,YOUTUBE,1680,Price
20177,YOUTUBE,1689,Hype
20178,YOUTUBE,1693,Bug_Complaint
20179,YOUTUBE,1714,Performance
20180,YOUTUBE,1722,Performance
20181,YOUTUBE,1723,Exclusivity
20182,YOUTUBE,1725,Bug_Complaint
20183,YOUTUBE,1733,Bug_Complaint
20184,YOUTUBE,1746,Performance
20185,YOUTUBE,1750,Nostalgia
20186,YOUTUBE,1757,Bug_Complaint
20187,YOUTUBE,1758,Nostalgia
20188,YOUTUBE,1765,Bug_Complaint
20189,YOUTUBE,1795,Exclusivity
20190,YOUTUBE,1802,Performance
20191,YOUTUBE,1808,Price
20192,YOUTUBE,1809,Hype
20193,YOUTUBE,1824,Price
20194,YOUTUBE,1828,Multiplayer
20195,YOUTUBE,1833,Hype
20196,YOUTUBE,1841,Hype
20197,YOUTUBE,1849,Hype
20198,YOUTUBE,1850,Performance
20199,YOUTUBE,1870,Nostalgia
20200,YOUTUBE,1873,Hype
20201,YOUTUBE,1875,Exclusivity
20202,YOUTUBE,1879,Store_UX
20203,YOUTUBE,1885,Bug_Complaint
20204,YOUTUBE,1891,Exclusivity
20205,YOUTUBE,1894,Nostalgia
20206,YOUTUBE,1904,Price
20207,YOUTUBE,1919,Store_UX
20208,YOUTUBE,1920,Price
20209,YOUTUBE,1925,Bug_Complaint
20210,YOUTUBE,1933,Bug_Complaint
20211,YOUTUBE,1935,Store_UX
20212,YOUTUBE,1952,Price
20213,YOUTUBE,1961,Hype
20214,YOUTUBE,1962,Performance
20215,YOUTUBE,1967,Store_UX
20216,YOUTUBE,1978,Performance
20217,YOUTUBE,1984,Price
20218,YOUTUBE,2008,Price
20219,YOUTUBE,2017,Hype
20220,YOUTUBE,2024,Price
20221,YOUTUBE,2027,Exclusivity
20222,YOUTUBE,2028,Multiplayer
20223,YOUTUBE,2040,Price
20224,YOUTUBE,2048,Price
20225,YOUTUBE,2065,Hype
20226,YOUTUBE,2067,Exclusivity
20227,YOUTUBE,2068,Multiplayer
20228,YOUTUBE,2075,Exclusivity
20229,YOUTUBE,2076,Multiplayer
20230,YOUTUBE,2080,Price
20231,YOUTUBE,2087,Store_UX
20232,YOUTUBE,2089,Hype
20233,YOUTUBE,2090,Performance
20234,YOUTUBE,2098,Performance
20235,YOUTUBE,2102,Nostalgia
20236,YOUTUBE,2104,Price
20237,YOUTUBE,2105,Hype
20238,YOUTUBE,2110,Nostalgia
20239,YOUTUBE,2113,Hype
20240,YOUTUBE,2114,Performance
20241,YOUTUBE,2115,Exclusivity
20242,YOUTUBE,2124,Multiplayer
20243,YOUTUBE,2135,Store_UX
20244,YOUTUBE,2137,Hype
20245,YOUTUBE,2138,Performance
20246,YOUTUBE,2140,Multiplayer
20247,YOUTUBE,2158,Nostalgia
20248,YOUTUBE,2161,Hype
20249,YOUTUBE,2176,Price
20250,YOUTUBE,2184,Price
20251,YOUTUBE,2196,Multiplayer
20252,YOUTUBE,2205,Bug_Complaint
20253,YOUTUBE,2208,Price
20254,YOUTUBE,2211,Exclusivity
20255,YOUTUBE,2252,Multiplayer
20256,YOUTUBE,2254,Nostalgia
20257,YOUTUBE,2270,Nostalgia
20258,YOUTUBE,2272,Price
20259,YOUTUBE,2281,Hype
20260,YOUTUBE,2285,Bug_Complaint
20261,YOUTUBE,2302,Nostalgia
20262,YOUTUBE,2305,Hype
20263,YOUTUBE,2321,Hype
20264,YOUTUBE,2329,Hype
20265,YOUTUBE,2341,Bug_Complaint
20266,YOUTUBE,2342,Nostalgia
20267,YOUTUBE,2352,Price
20268,YOUTUBE,2355,Exclusivity
20269,YOUTUBE,2362,Performance
20270,YOUTUBE,2364,Multiplayer
20271,YOUTUBE,2367,Store_UX
20272,YOUTUBE,2393,Hype
20273,YOUTUBE,2398,Nostalgia
20274,YOUTUBE,2400,Price
20275,YOUTUBE,2404,Multiplayer
20276,YOUTUBE,2408,Price
20277,YOUTUBE,2415,Store_UX
20278,YOUTUBE,2417,Hype
20279,YOUTUBE,2421,Bug_Complaint
20280,YOUTUBE,2432,Price
20281,YOUTUBE,2436,Multiplayer
20282,YOUTUBE,2437,Bug_Complaint
20283,YOUTUBE,2440,Price
20284,YOUTUBE,2452,Multiplayer
20285,YOUTUBE,2457,Hype
20286,YOUTUBE,2468,Multiplayer
20287,YOUTUBE,2479,Store_UX
20288,YOUTUBE,2489,Hype
20289,YOUTUBE,2509,Bug_Complaint
20290,YOUTUBE,2514,Performance
20291,YOUTUBE,2516,Multiplayer
20292,YOUTUBE,2522,Performance
20293,YOUTUBE,2526,Nostalgia
20294,YOUTUBE,2529,Hype
20295,YOUTUBE,2533,Bug_Complaint
20296,YOUTUBE,2544,Price
20297,YOUTUBE,2545,Hype
20298,YOUTUBE,2550,Nostalgia
20299,YOUTUBE,2559,Store_UX
20300,REDDIT,2015,Bug_Complaint
20301,REDDIT,2025,Hype
20302,REDDIT,2034,Multiplayer
20303,REDDIT,2035,Performance
20304,REDDIT,2049,Price
20305,REDDIT,2052,Store_UX
20306,REDDIT,2066,Bug_Complaint
20307,REDDIT,2077,Price
20308,REDDIT,2085,Performance
20309,REDDIT,2097,Hype
20310,REDDIT,2102,Exclusivity
20311,REDDIT,2108,Price
20312,REDDIT,2132,Bug_Complaint
20313,REDDIT,2133,Multiplayer
20314,REDDIT,2136,Multiplayer
20315,REDDIT,2144,Store_UX
20316,REDDIT,2145,Performance
20317,REDDIT,2153,Hype
20318,REDDIT,2157,Performance
20319,REDDIT,2159,Bug_Complaint
20320,REDDIT,2161,Bug_Complaint
20321,REDDIT,2174,Bug_Complaint
20322,REDDIT,2176,Multiplayer
20323,REDDIT,2182,Multiplayer
20324,REDDIT,2183,Store_UX
20325,REDDIT,2189,Performance
20326,REDDIT,2193,Price
20327,REDDIT,2195,Multiplayer
20328,REDDIT,2198,Multiplayer
20329,REDDIT,2206,Nostalgia
20330,REDDIT,2217,Bug_Complaint
20331,REDDIT,2221,Hype
20332,REDDIT,2224,Store_UX
20333,REDDIT,2243,Bug_Complaint
20334,REDDIT,2253,Exclusivity
20335,REDDIT,2256,Nostalgia
20336,REDDIT,2261,Performance
20337,REDDIT,2275,Multiplayer
20338,REDDIT,2289,Bug_Complaint
20339,REDDIT,2296,Price
20340,REDDIT,2297,Hype
20341,REDDIT,2302,Store_UX
20342,REDDIT,2307,Multiplayer
20343,REDDIT,2310,Store_UX
20344,REDDIT,2317,Bug_Complaint
20345,REDDIT,2318,Multiplayer
20346,REDDIT,2321,Store_UX
20347,REDDIT,2346,Hype
20348,REDDIT,2356,Store_UX
20349,REDDIT,2361,Nostalgia
20350,REDDIT,2370,Exclusivity
20351,REDDIT,2375,Hype
20352,REDDIT,2385,Price
20353,REDDIT,2400,Multiplayer
20354,REDDIT,2413,Performance
20355,REDDIT,2415,Multiplayer
20356,REDDIT,2431,Multiplayer
20357,REDDIT,2432,Hype
20358,REDDIT,2464,Price
20359,REDDIT,2478,Hype
20360,REDDIT,2514,Price
20361,REDDIT,2527,Exclusivity
20362,REDDIT,2546,Price
20363,REDDIT,2561,Store_UX
20364,REDDIT,2562,Nostalgia
20365,REDDIT,2574,Multiplayer
20366,REDDIT,2578,Nostalgia
20367,REDDIT,2590,Price
20368,REDDIT,2593,Multiplayer
20369,REDDIT,2602,Price
20370,REDDIT,2616,Price
20371,REDDIT,2628,Exclusivity
20372,REDDIT,2632,Store_UX
20373,REDDIT,2639,Exclusivity
20374,REDDIT,2640,Performance
20375,REDDIT,2644,Price
20376,REDDIT,2648,Performance
20377,REDDIT,2652,Multiplayer
20378,REDDIT,2658,Bug_Complaint
20379,YOUTUBE,5124,Multiplayer
20380,YOUTUBE,5147,Exclusivity
20381,YOUTUBE,5165,Bug_Complaint
20382,YOUTUBE,5181,Bug_Complaint
20383,YOUTUBE,5182,Nostalgia
20384,YOUTUBE,5192,Price
20385,YOUTUBE,5196,Multiplayer
20386,YOUTUBE,5200,Price
20387,YOUTUBE,5205,Bug_Complaint
20388,YOUTUBE,5215,Store_UX
20389,YOUTUBE,5279,Store_UX
20390,YOUTUBE,5296,Price
20391,YOUTUBE,5300,Multiplayer
20392,YOUTUBE,5306,Performance
20393,YOUTUBE,5307,Exclusivity
20394,YOUTUBE,5313,Hype
20395,YOUTUBE,5324,Multiplayer
20396,YOUTUBE,5337,Hype
20397,YOUTUBE,5368,Price
20398,YOUTUBE,5372,Multiplayer
20399,YOUTUBE,5375,Store_UX
20400,YOUTUBE,5382,Nostalgia
20401,YOUTUBE,5403,Exclusivity
20402,YOUTUBE,5405,Bug_Complaint
20403,YOUTUBE,5408,Price
20404,YOUTUBE,5412,Multiplayer
20405,YOUTUBE,5414,Nostalgia
20406,YOUTUBE,5415,Store_UX
20407,YOUTUBE,5437,Bug_Complaint
20408,YOUTUBE,5444,Multiplayer
20409,YOUTUBE,5466,Performance
20410,YOUTUBE,5471,Store_UX
20411,YOUTUBE,5481,Hype
20412,YOUTUBE,5482,Performance
20413,YOUTUBE,5494,Nostalgia
20414,YOUTUBE,5524,Multiplayer
20415,YOUTUBE,5537,Hype
20416,YOUTUBE,5538,Performance
20417,YOUTUBE,5553,Hype
20418,YOUTUBE,5554,Performance
20419,YOUTUBE,5555,Exclusivity
20420,YOUTUBE,5564,Multiplayer
20421,YOUTUBE,5570,Performance
20422,YOUTUBE,5598,Nostalgia
20423,YOUTUBE,5603,Exclusivity
20424,YOUTUBE,5618,Performance
20425,YOUTUBE,5619,Exclusivity
20426,YOUTUBE,5671,Store_UX
20427,YOUTUBE,5680,Price
20428,YOUTUBE,5683,Exclusivity
20429,YOUTUBE,5687,Store_UX
20430,YOUTUBE,5695,Store_UX
20431,YOUTUBE,5698,Performance
20432,YOUTUBE,5703,Store_UX
20433,YOUTUBE,5716,Multiplayer
20434,YOUTUBE,5717,Bug_Complaint
20435,YOUTUBE,5718,Nostalgia
20436,YOUTUBE,5721,Hype
20437,YOUTUBE,5726,Nostalgia
20438,YOUTUBE,5736,Price
20439,YOUTUBE,5741,Bug_Complaint
20440,YOUTUBE,5744,Price
20441,YOUTUBE,5748,Multiplayer
20442,YOUTUBE,5752,Price
20443,YOUTUBE,5754,Performance
20444,YOUTUBE,5762,Performance
20445,YOUTUBE,5768,Price
20446,YOUTUBE,5771,Exclusivity
20447,YOUTUBE,5775,Store_UX
20448,YOUTUBE,5789,Bug_Complaint
20449,YOUTUBE,5791,Store_UX
20450,YOUTUBE,5816,Price
20451,YOUTUBE,5822,Nostalgia
20452,YOUTUBE,5837,Bug_Complaint
20453,YOUTUBE,5839,Store_UX
20454,YOUTUBE,5842,Performance
20455,YOUTUBE,5846,Nostalgia
20456,YOUTUBE,5848,Price
20457,YOUTUBE,5857,Hype
20458,YOUTUBE,5863,Store_UX
20459,YOUTUBE,5869,Bug_Complaint
20460,YOUTUBE,5872,Price
20461,YOUTUBE,5873,Hype
20462,YOUTUBE,5877,Bug_Complaint
20463,YOUTUBE,5883,Exclusivity
20464,YOUTUBE,5884,Multiplayer
20465,YOUTUBE,5888,Price
20466,YOUTUBE,5893,Bug_Complaint
20467,YOUTUBE,5901,Bug_Complaint
20468,YOUTUBE,5904,Price
20469,YOUTUBE,5911,Store_UX
20470,YOUTUBE,5932,Multiplayer
20471,YOUTUBE,5944,Price
20472,YOUTUBE,5949,Bug_Complaint
20473,YOUTUBE,5951,Store_UX
20474,YOUTUBE,5955,Exclusivity
20475,YOUTUBE,5964,Multiplayer
20476,YOUTUBE,5968,Price
20477,YOUTUBE,5974,Nostalgia
20478,YOUTUBE,5982,Nostalgia
20479,YOUTUBE,5985,Hype
20480,YOUTUBE,5993,Hype
20481,YOUTUBE,6009,Hype
20482,YOUTUBE,6012,Multiplayer
20483,YOUTUBE,6017,Hype
20484,YOUTUBE,6023,Store_UX
20485,YOUTUBE,6031,Store_UX
20486,YOUTUBE,6044,Multiplayer
20487,YOUTUBE,6047,Store_UX
20488,YOUTUBE,6049,Hype
20489,YOUTUBE,6059,Exclusivity
20490,YOUTUBE,6060,Multiplayer
20491,YOUTUBE,6070,Nostalgia
20492,YOUTUBE,6082,Performance
20493,YOUTUBE,6095,Store_UX
20494,YOUTUBE,6099,Exclusivity
20495,YOUTUBE,6114,Performance
20496,YOUTUBE,6121,Hype
20497,YOUTUBE,6143,Store_UX
20498,YOUTUBE,6146,Performance
20499,YOUTUBE,6149,Bug_Complaint
20500,YOUTUBE,6153,Hype
20501,YOUTUBE,6160,Price
20502,YOUTUBE,6172,Multiplayer
20503,YOUTUBE,6208,Price
20504,YOUTUBE,6212,Multiplayer
20505,YOUTUBE,6215,Store_UX
20506,YOUTUBE,6217,Hype
20507,YOUTUBE,6227,Exclusivity
20508,YOUTUBE,6230,Nostalgia
20509,YOUTUBE,6236,Multiplayer
20510,YOUTUBE,6239,Store_UX
20511,YOUTUBE,6257,Hype
20512,YOUTUBE,6258,Performance
20513,YOUTUBE,6265,Hype
20514,YOUTUBE,6266,Performance
20515,YOUTUBE,6284,Multiplayer
20516,YOUTUBE,6296,Price
20517,YOUTUBE,6306,Performance
20518,YOUTUBE,6308,Multiplayer
20519,YOUTUBE,6311,Store_UX
20520,YOUTUBE,6313,Hype
20521,YOUTUBE,6316,Multiplayer
20522,YOUTUBE,6323,Exclusivity
20523,YOUTUBE,6324,Multiplayer
20524,YOUTUBE,6328,Price
20525,YOUTUBE,6345,Hype
20526,YOUTUBE,6347,Exclusivity
20527,YOUTUBE,6351,Store_UX
20528,YOUTUBE,6353,Hype
20529,YOUTUBE,6354,Performance
20530,YOUTUBE,6363,Exclusivity
20531,YOUTUBE,6366,Nostalgia
20532,YOUTUBE,6376,Price
20533,YOUTUBE,6383,Store_UX
20534,YOUTUBE,6386,Performance
20535,YOUTUBE,6407,Store_UX
20536,YOUTUBE,6419,Exclusivity
20537,YOUTUBE,6422,Nostalgia
20538,YOUTUBE,6427,Exclusivity
20539,YOUTUBE,6429,Bug_Complaint
20540,YOUTUBE,6431,Store_UX
20541,YOUTUBE,6436,Multiplayer
20542,YOUTUBE,6443,Exclusivity
20543,YOUTUBE,6448,Price
20544,YOUTUBE,6450,Performance
20545,YOUTUBE,6451,Exclusivity
20546,YOUTUBE,6453,Bug_Complaint
20547,YOUTUBE,6465,Hype
20548,YOUTUBE,6471,Store_UX
20549,YOUTUBE,6477,Bug_Complaint
20550,YOUTUBE,6484,Multiplayer
20551,YOUTUBE,6486,Nostalgia
20552,YOUTUBE,6508,Multiplayer
20553,YOUTUBE,6512,Price
20554,YOUTUBE,6522,Performance
20555,YOUTUBE,6523,Exclusivity
20556,YOUTUBE,6526,Nostalgia
20557,YOUTUBE,6528,Price
20558,YOUTUBE,6530,Performance
20559,YOUTUBE,6532,Multiplayer
20560,YOUTUBE,6534,Nostalgia
20561,YOUTUBE,6550,Nostalgia
20562,YOUTUBE,6551,Store_UX
20563,YOUTUBE,6560,Price
20564,YOUTUBE,6562,Performance
20565,YOUTUBE,6571,Exclusivity
20566,YOUTUBE,6588,Multiplayer
20567,YOUTUBE,6602,Performance
20568,YOUTUBE,6605,Bug_Complaint
20569,YOUTUBE,6618,Performance
20570,YOUTUBE,6620,Multiplayer
20571,YOUTUBE,6626,Performance
20572,YOUTUBE,6627,Exclusivity
20573,YOUTUBE,6629,Bug_Complaint
20574,YOUTUBE,6636,Multiplayer
20575,YOUTUBE,6640,Price
20576,YOUTUBE,6642,Performance
20577,YOUTUBE,6653,Bug_Complaint
20578,YOUTUBE,6654,Nostalgia
20579,YOUTUBE,6656,Price
20580,YOUTUBE,6660,Multiplayer
20581,YOUTUBE,6678,Nostalgia
20582,YOUTUBE,6688,Price
20583,YOUTUBE,6691,Exclusivity
20584,YOUTUBE,6703,Store_UX
20585,YOUTUBE,6710,Nostalgia
20586,YOUTUBE,6717,Bug_Complaint
20587,YOUTUBE,6723,Exclusivity
20588,YOUTUBE,6732,Multiplayer
20589,YOUTUBE,6739,Exclusivity
20590,YOUTUBE,6742,Nostalgia
20591,YOUTUBE,6752,Price
20592,YOUTUBE,6756,Multiplayer
20593,YOUTUBE,6757,Bug_Complaint
20594,YOUTUBE,6765,Bug_Complaint
20595,YOUTUBE,6780,Multiplayer
20596,YOUTUBE,6785,Hype
20597,YOUTUBE,6787,Exclusivity
20598,YOUTUBE,6791,Store_UX
20599,YOUTUBE,6792,Price
20600,YOUTUBE,6796,Multiplayer
20601,YOUTUBE,6799,Store_UX
20602,YOUTUBE,6808,Price
20603,YOUTUBE,6812,Multiplayer
20604,YOUTUBE,6833,Hype
20605,YOUTUBE,6841,Hype
20606,YOUTUBE,6842,Performance
20607,YOUTUBE,6844,Multiplayer
20608,YOUTUBE,6852,Multiplayer
20609,YOUTUBE,6865,Hype
20610,YOUTUBE,6869,Bug_Complaint
20611,YOUTUBE,6876,Multiplayer
20612,YOUTUBE,6877,Bug_Complaint
20613,YOUTUBE,6884,Multiplayer
20614,YOUTUBE,6914,Performance
20615,YOUTUBE,6921,Hype
20616,YOUTUBE,6927,Store_UX
20617,YOUTUBE,6928,Price
20618,YOUTUBE,6943,Store_UX
20619,YOUTUBE,6947,Exclusivity
20620,YOUTUBE,6952,Price
20621,YOUTUBE,6960,Price
20622,YOUTUBE,6968,Price
20623,YOUTUBE,6969,Hype
20624,YOUTUBE,6989,Bug_Complaint
20625,YOUTUBE,6992,Price
20626,YOUTUBE,6994,Performance
20627,YOUTUBE,6998,Nostalgia
20628,YOUTUBE,7004,Multiplayer
20629,YOUTUBE,7010,Performance
20630,YOUTUBE,7013,Bug_Complaint
20631,YOUTUBE,7023,Store_UX
20632,YOUTUBE,7038,Nostalgia
20633,YOUTUBE,7039,Store_UX
20634,YOUTUBE,7044,Multiplayer
20635,YOUTUBE,7052,Multiplayer
20636,YOUTUBE,7054,Nostalgia
20637,YOUTUBE,7071,Store_UX
20638,YOUTUBE,7080,Price
20639,YOUTUBE,7081,Hype
20640,YOUTUBE,7086,Nostalgia
20641,YOUTUBE,7097,Hype
20642,YOUTUBE,7103,Store_UX
20643,YOUTUBE,7127,Store_UX
20644,YOUTUBE,7136,Price
20645,YOUTUBE,7143,Store_UX
20646,YOUTUBE,7146,Performance
20647,YOUTUBE,7147,Exclusivity
20648,YOUTUBE,7159,Store_UX
20649,YOUTUBE,7167,Store_UX
20650,YOUTUBE,7184,Price
20651,YOUTUBE,7186,Performance
20652,YOUTUBE,7187,Exclusivity
20653,YOUTUBE,7194,Performance
20654,YOUTUBE,7195,Exclusivity
20655,YOUTUBE,7199,Store_UX
20656,YOUTUBE,7206,Nostalgia
20657,YOUTUBE,7208,Price
20658,YOUTUBE,7209,Hype
20659,YOUTUBE,7217,Hype
20660,YOUTUBE,7221,Bug_Complaint
20661,YOUTUBE,7223,Store_UX
20662,YOUTUBE,7224,Price
20663,YOUTUBE,7229,Bug_Complaint
20664,YOUTUBE,7232,Price
20665,YOUTUBE,7233,Hype
20666,YOUTUBE,7234,Performance
20667,YOUTUBE,7243,Exclusivity
20668,YOUTUBE,7254,Nostalgia
20669,YOUTUBE,7256,Price
20670,YOUTUBE,7257,Hype
20671,YOUTUBE,7259,Exclusivity
20672,YOUTUBE,7277,Bug_Complaint
20673,YOUTUBE,7280,Price
20674,YOUTUBE,7295,Store_UX
20675,YOUTUBE,7303,Store_UX
20676,YOUTUBE,7315,Exclusivity
20677,YOUTUBE,7324,Multiplayer
20678,YOUTUBE,7327,Store_UX
20679,YOUTUBE,7330,Performance
20680,YOUTUBE,7371,Exclusivity
20681,YOUTUBE,7373,Bug_Complaint
20682,YOUTUBE,7389,Bug_Complaint
20683,YOUTUBE,7391,Store_UX
20684,YOUTUBE,7400,Price
20685,YOUTUBE,7404,Multiplayer
20686,YOUTUBE,7421,Bug_Complaint
20687,YOUTUBE,7424,Price
20688,YOUTUBE,7440,Price
20689,YOUTUBE,7448,Price
20690,YOUTUBE,7460,Multiplayer
20691,YOUTUBE,7461,Bug_Complaint
20692,YOUTUBE,7471,Store_UX
20693,YOUTUBE,7474,Performance
20694,YOUTUBE,7481,Hype
20695,YOUTUBE,7483,Exclusivity
20696,YOUTUBE,7486,Nostalgia
20697,YOUTUBE,7512,Price
20698,YOUTUBE,7517,Bug_Complaint
20699,YOUTUBE,7519,Store_UX
20700,YOUTUBE,7523,Exclusivity
20701,YOUTUBE,7527,Store_UX
20702,YOUTUBE,7534,Nostalgia
20703,YOUTUBE,7536,Price
20704,YOUTUBE,7540,Multiplayer
20705,YOUTUBE,7551,Store_UX
20706,YOUTUBE,7555,Exclusivity
20707,YOUTUBE,7556,Multiplayer
20708,YOUTUBE,7559,Store_UX
20709,YOUTUBE,7571,Exclusivity
20710,YOUTUBE,7576,Price
20711,YOUTUBE,7587,Exclusivity
20712,YOUTUBE,7598,Nostalgia
20713,YOUTUBE,7608,Price
20714,YOUTUBE,7628,Multiplayer
20715,YOUTUBE,7633,Hype
20716,YOUTUBE,7635,Exclusivity
20717,YOUTUBE,7641,Hype
20718,YOUTUBE,7645,Bug_Complaint
20719,YOUTUBE,7648,Price
20720,YOUTUBE,7652,Multiplayer
20721,YOUTUBE,7663,Store_UX
20722,YOUTUBE,7664,Price
20723,YOUTUBE,7669,Bug_Complaint
20724,YOUTUBE,7678,Nostalgia
20725,REDDIT,2680,Performance
20726,REDDIT,2690,Multiplayer
20727,REDDIT,2699,Bug_Complaint
20728,REDDIT,2700,Performance
20729,REDDIT,2714,Price
20730,REDDIT,2717,Multiplayer
20731,REDDIT,2731,Price
20732,REDDIT,2742,Multiplayer
20733,REDDIT,2750,Bug_Complaint
20734,REDDIT,2762,Bug_Complaint
20735,REDDIT,2767,Performance
20736,REDDIT,2773,Exclusivity
20737,REDDIT,2797,Multiplayer
20738,REDDIT,2798,Exclusivity
20739,REDDIT,2801,Performance
20740,REDDIT,2809,Performance
20741,REDDIT,2810,Exclusivity
20742,REDDIT,2818,Bug_Complaint
20743,REDDIT,2822,Store_UX
20744,REDDIT,2824,Store_UX
20745,REDDIT,2826,Multiplayer
20746,REDDIT,2839,Multiplayer
20747,REDDIT,2841,Multiplayer
20748,REDDIT,2847,Nostalgia
20749,REDDIT,2848,Performance
20750,REDDIT,2854,Bug_Complaint
20751,REDDIT,2858,Bug_Complaint
20752,REDDIT,2860,Store_UX
20753,REDDIT,2863,Exclusivity
20754,REDDIT,2871,Store_UX
20755,REDDIT,2882,Multiplayer
20756,REDDIT,2886,Hype
20757,REDDIT,2889,Performance
20758,REDDIT,2908,Hype
20759,REDDIT,2918,Exclusivity
20760,REDDIT,2921,Nostalgia
20761,REDDIT,2926,Price
20762,REDDIT,2940,Multiplayer
20763,REDDIT,2954,Exclusivity
20764,REDDIT,2961,Hype
20765,REDDIT,2962,Price
20766,REDDIT,2967,Multiplayer
20767,REDDIT,2972,Multiplayer
20768,REDDIT,2975,Performance
20769,REDDIT,2982,Multiplayer
20770,REDDIT,2983,Exclusivity
20771,REDDIT,2986,Multiplayer
20772,REDDIT,3011,Multiplayer
20773,REDDIT,3021,Hype
20774,REDDIT,3026,Multiplayer
20775,REDDIT,3035,Multiplayer
20776,REDDIT,3040,Hype
20777,REDDIT,3050,Bug_Complaint
20778,REDDIT,3065,Bug_Complaint
20779,REDDIT,3078,Hype
20780,REDDIT,3080,Performance
20781,REDDIT,3096,Store_UX
20782,REDDIT,3097,Exclusivity
20783,REDDIT,3129,Multiplayer
20784,REDDIT,3143,Performance
20785,REDDIT,3179,Price
20786,REDDIT,3192,Multiplayer
20787,REDDIT,3211,Performance
20788,REDDIT,3226,Nostalgia
20789,REDDIT,3227,Performance
20790,REDDIT,3239,Store_UX
20791,REDDIT,3243,Performance
20792,REDDIT,3255,Performance
20793,REDDIT,3258,Multiplayer
20794,REDDIT,3267,Store_UX
20795,REDDIT,3281,Store_UX
20796,REDDIT,3293,Exclusivity
20797,REDDIT,3297,Multiplayer
20798,REDDIT,3304,Price
20799,REDDIT,3305,Multiplayer
20800,REDDIT,3309,Nostalgia
20801,REDDIT,3313,Price
20802,REDDIT,3317,Nostalgia
20803,REDDIT,3323,Nostalgia
20804,YOUTUBE,12803,Exclusivity
20805,YOUTUBE,12826,Performance
20806,YOUTUBE,12844,Multiplayer
20807,YOUTUBE,12860,Multiplayer
20808,YOUTUBE,12861,Bug_Complaint
20809,YOUTUBE,12871,Store_UX
20810,YOUTUBE,12875,Exclusivity
20811,YOUTUBE,12879,Store_UX
20812,YOUTUBE,12884,Multiplayer
20813,YOUTUBE,12894,Nostalgia
20814,YOUTUBE,12958,Nostalgia
20815,YOUTUBE,12975,Store_UX
20816,YOUTUBE,12979,Exclusivity
20817,YOUTUBE,12985,Hype
20818,YOUTUBE,12986,Performance
20819,YOUTUBE,12992,Price
20820,YOUTUBE,13003,Exclusivity
20821,YOUTUBE,13016,Price
20822,YOUTUBE,13047,Store_UX
20823,YOUTUBE,13051,Exclusivity
20824,YOUTUBE,13054,Nostalgia
20825,YOUTUBE,13061,Bug_Complaint
20826,YOUTUBE,13082,Performance
20827,YOUTUBE,13084,Multiplayer
20828,YOUTUBE,13087,Store_UX
20829,YOUTUBE,13091,Exclusivity
20830,YOUTUBE,13093,Bug_Complaint
20831,YOUTUBE,13094,Nostalgia
20832,YOUTUBE,13116,Multiplayer
20833,YOUTUBE,13123,Exclusivity
20834,YOUTUBE,13145,Hype
20835,YOUTUBE,13150,Nostalgia
20836,YOUTUBE,13160,Price
20837,YOUTUBE,13161,Hype
20838,YOUTUBE,13173,Bug_Complaint
20839,YOUTUBE,13203,Exclusivity
20840,YOUTUBE,13216,Price
20841,YOUTUBE,13217,Hype
20842,YOUTUBE,13232,Price
20843,YOUTUBE,13233,Hype
20844,YOUTUBE,13234,Performance
20845,YOUTUBE,13243,Exclusivity
20846,YOUTUBE,13249,Hype
20847,YOUTUBE,13277,Bug_Complaint
20848,YOUTUBE,13282,Performance
20849,YOUTUBE,13297,Hype
20850,YOUTUBE,13298,Performance
20851,YOUTUBE,13350,Nostalgia
20852,YOUTUBE,13359,Store_UX
20853,YOUTUBE,13362,Performance
20854,YOUTUBE,13366,Nostalgia
20855,YOUTUBE,13374,Nostalgia
20856,YOUTUBE,13377,Hype
20857,YOUTUBE,13382,Nostalgia
20858,YOUTUBE,13395,Exclusivity
20859,YOUTUBE,13396,Multiplayer
20860,YOUTUBE,13397,Bug_Complaint
20861,YOUTUBE,13400,Price
20862,YOUTUBE,13405,Bug_Complaint
20863,YOUTUBE,13415,Store_UX
20864,YOUTUBE,13420,Multiplayer
20865,YOUTUBE,13423,Store_UX
20866,YOUTUBE,13427,Exclusivity
20867,YOUTUBE,13431,Store_UX
20868,YOUTUBE,13433,Hype
20869,YOUTUBE,13441,Hype
20870,YOUTUBE,13447,Store_UX
20871,YOUTUBE,13450,Performance
20872,YOUTUBE,13454,Nostalgia
20873,YOUTUBE,13468,Multiplayer
20874,YOUTUBE,13470,Nostalgia
20875,YOUTUBE,13495,Store_UX
20876,YOUTUBE,13501,Bug_Complaint
20877,YOUTUBE,13516,Multiplayer
20878,YOUTUBE,13518,Nostalgia
20879,YOUTUBE,13521,Hype
20880,YOUTUBE,13525,Bug_Complaint
20881,YOUTUBE,13527,Store_UX
20882,YOUTUBE,13536,Price
20883,YOUTUBE,13542,Nostalgia
20884,YOUTUBE,13548,Multiplayer
20885,YOUTUBE,13551,Store_UX
20886,YOUTUBE,13552,Price
20887,YOUTUBE,13556,Multiplayer
20888,YOUTUBE,13562,Performance
20889,YOUTUBE,13563,Exclusivity
20890,YOUTUBE,13567,Store_UX
20891,YOUTUBE,13572,Multiplayer
20892,YOUTUBE,13580,Multiplayer
20893,YOUTUBE,13583,Store_UX
20894,YOUTUBE,13590,Nostalgia
20895,YOUTUBE,13611,Exclusivity
20896,YOUTUBE,13623,Store_UX
20897,YOUTUBE,13628,Multiplayer
20898,YOUTUBE,13630,Nostalgia
20899,YOUTUBE,13634,Performance
20900,YOUTUBE,13643,Exclusivity
20901,YOUTUBE,13647,Store_UX
20902,YOUTUBE,13653,Bug_Complaint
20903,YOUTUBE,13661,Bug_Complaint
20904,YOUTUBE,13664,Price
20905,YOUTUBE,13672,Price
20906,YOUTUBE,13688,Price
20907,YOUTUBE,13691,Exclusivity
20908,YOUTUBE,13696,Price
20909,YOUTUBE,13702,Nostalgia
20910,YOUTUBE,13710,Nostalgia
20911,YOUTUBE,13723,Exclusivity
20912,YOUTUBE,13726,Nostalgia
20913,YOUTUBE,13728,Price
20914,YOUTUBE,13738,Performance
20915,YOUTUBE,13739,Exclusivity
20916,YOUTUBE,13749,Bug_Complaint
20917,YOUTUBE,13761,Hype
20918,YOUTUBE,13774,Nostalgia
20919,YOUTUBE,13778,Performance
20920,YOUTUBE,13793,Hype
20921,YOUTUBE,13800,Price
20922,YOUTUBE,13822,Nostalgia
20923,YOUTUBE,13825,Hype
20924,YOUTUBE,13828,Multiplayer
20925,YOUTUBE,13832,Price
20926,YOUTUBE,13839,Store_UX
20927,YOUTUBE,13851,Exclusivity
20928,YOUTUBE,13887,Store_UX
20929,YOUTUBE,13891,Exclusivity
20930,YOUTUBE,13894,Nostalgia
20931,YOUTUBE,13896,Price
20932,YOUTUBE,13906,Performance
20933,YOUTUBE,13909,Bug_Complaint
20934,YOUTUBE,13915,Exclusivity
20935,YOUTUBE,13918,Nostalgia
20936,YOUTUBE,13936,Price
20937,YOUTUBE,13937,Hype
20938,YOUTUBE,13944,Price
20939,YOUTUBE,13945,Hype
20940,YOUTUBE,13963,Exclusivity
20941,YOUTUBE,13975,Store_UX
20942,YOUTUBE,13985,Hype
20943,YOUTUBE,13987,Exclusivity
20944,YOUTUBE,13990,Nostalgia
20945,YOUTUBE,13992,Price
20946,YOUTUBE,13995,Exclusivity
20947,YOUTUBE,14002,Performance
20948,YOUTUBE,14003,Exclusivity
20949,YOUTUBE,14007,Store_UX
20950,YOUTUBE,14024,Price
20951,YOUTUBE,14026,Performance
20952,YOUTUBE,14030,Nostalgia
20953,YOUTUBE,14032,Price
20954,YOUTUBE,14033,Hype
20955,YOUTUBE,14042,Performance
20956,YOUTUBE,14045,Bug_Complaint
20957,YOUTUBE,14055,Store_UX
20958,YOUTUBE,14062,Nostalgia
20959,YOUTUBE,14065,Hype
20960,YOUTUBE,14086,Nostalgia
20961,YOUTUBE,14098,Performance
20962,YOUTUBE,14101,Bug_Complaint
20963,YOUTUBE,14106,Performance
20964,YOUTUBE,14108,Multiplayer
20965,YOUTUBE,14110,Nostalgia
20966,YOUTUBE,14115,Exclusivity
20967,YOUTUBE,14122,Performance
20968,YOUTUBE,14127,Store_UX
20969,YOUTUBE,14129,Hype
20970,YOUTUBE,14130,Performance
20971,YOUTUBE,14132,Multiplayer
20972,YOUTUBE,14144,Price
20973,YOUTUBE,14150,Nostalgia
20974,YOUTUBE,14156,Multiplayer
20975,YOUTUBE,14163,Exclusivity
20976,YOUTUBE,14165,Bug_Complaint
20977,YOUTUBE,14187,Exclusivity
20978,YOUTUBE,14191,Store_UX
20979,YOUTUBE,14201,Hype
20980,YOUTUBE,14202,Performance
20981,YOUTUBE,14205,Bug_Complaint
20982,YOUTUBE,14207,Store_UX
20983,YOUTUBE,14209,Hype
20984,YOUTUBE,14211,Exclusivity
20985,YOUTUBE,14213,Bug_Complaint
20986,YOUTUBE,14229,Bug_Complaint
20987,YOUTUBE,14230,Nostalgia
20988,YOUTUBE,14239,Store_UX
20989,YOUTUBE,14241,Hype
20990,YOUTUBE,14250,Performance
20991,YOUTUBE,14267,Exclusivity
20992,YOUTUBE,14281,Hype
20993,YOUTUBE,14284,Multiplayer
20994,YOUTUBE,14297,Hype
20995,YOUTUBE,14299,Exclusivity
20996,YOUTUBE,14305,Hype
20997,YOUTUBE,14306,Performance
20998,YOUTUBE,14308,Multiplayer
20999,YOUTUBE,14315,Exclusivity
21000,YOUTUBE,14319,Store_UX
21001,YOUTUBE,14321,Hype
21002,YOUTUBE,14332,Multiplayer
21003,YOUTUBE,14333,Bug_Complaint
21004,YOUTUBE,14335,Store_UX
21005,YOUTUBE,14339,Exclusivity
21006,YOUTUBE,14357,Bug_Complaint
21007,YOUTUBE,14367,Store_UX
21008,YOUTUBE,14370,Performance
21009,YOUTUBE,14382,Nostalgia
21010,YOUTUBE,14389,Bug_Complaint
21011,YOUTUBE,14396,Multiplayer
21012,YOUTUBE,14402,Performance
21013,YOUTUBE,14411,Exclusivity
21014,YOUTUBE,14418,Performance
21015,YOUTUBE,14421,Bug_Complaint
21016,YOUTUBE,14431,Store_UX
21017,YOUTUBE,14435,Exclusivity
21018,YOUTUBE,14436,Multiplayer
21019,YOUTUBE,14444,Multiplayer
21020,YOUTUBE,14459,Exclusivity
21021,YOUTUBE,14464,Price
21022,YOUTUBE,14466,Performance
21023,YOUTUBE,14470,Nostalgia
21024,YOUTUBE,14471,Store_UX
21025,YOUTUBE,14475,Exclusivity
21026,YOUTUBE,14478,Nostalgia
21027,YOUTUBE,14487,Store_UX
21028,YOUTUBE,14491,Exclusivity
21029,YOUTUBE,14512,Price
21030,YOUTUBE,14520,Price
21031,YOUTUBE,14521,Hype
21032,YOUTUBE,14523,Exclusivity
21033,YOUTUBE,14531,Exclusivity
21034,YOUTUBE,14544,Price
21035,YOUTUBE,14548,Multiplayer
21036,YOUTUBE,14555,Exclusivity
21037,YOUTUBE,14556,Multiplayer
21038,YOUTUBE,14563,Exclusivity
21039,YOUTUBE,14593,Hype
21040,YOUTUBE,14600,Price
21041,YOUTUBE,14606,Nostalgia
21042,YOUTUBE,14607,Store_UX
21043,YOUTUBE,14622,Nostalgia
21044,YOUTUBE,14626,Performance
21045,YOUTUBE,14631,Store_UX
21046,YOUTUBE,14639,Store_UX
21047,YOUTUBE,14647,Store_UX
21048,YOUTUBE,14648,Price
21049,YOUTUBE,14668,Multiplayer
21050,YOUTUBE,14671,Store_UX
21051,YOUTUBE,14673,Hype
21052,YOUTUBE,14677,Bug_Complaint
21053,YOUTUBE,14683,Exclusivity
21054,YOUTUBE,14689,Hype
21055,YOUTUBE,14692,Multiplayer
21056,YOUTUBE,14702,Nostalgia
21057,YOUTUBE,14717,Bug_Complaint
21058,YOUTUBE,14718,Nostalgia
21059,YOUTUBE,14723,Exclusivity
21060,YOUTUBE,14731,Exclusivity
21061,YOUTUBE,14733,Bug_Complaint
21062,YOUTUBE,14750,Nostalgia
21063,YOUTUBE,14759,Store_UX
21064,YOUTUBE,14760,Price
21065,YOUTUBE,14765,Bug_Complaint
21066,YOUTUBE,14776,Price
21067,YOUTUBE,14782,Nostalgia
21068,YOUTUBE,14806,Nostalgia
21069,YOUTUBE,14815,Store_UX
21070,YOUTUBE,14822,Nostalgia
21071,YOUTUBE,14825,Hype
21072,YOUTUBE,14826,Performance
21073,YOUTUBE,14838,Nostalgia
21074,YOUTUBE,14846,Nostalgia
21075,YOUTUBE,14863,Store_UX
21076,YOUTUBE,14865,Hype
21077,YOUTUBE,14866,Performance
21078,YOUTUBE,14873,Hype
21079,YOUTUBE,14874,Performance
21080,YOUTUBE,14878,Nostalgia
21081,YOUTUBE,14885,Bug_Complaint
21082,YOUTUBE,14887,Store_UX
21083,YOUTUBE,14888,Price
21084,YOUTUBE,14896,Price
21085,YOUTUBE,14900,Multiplayer
21086,YOUTUBE,14902,Nostalgia
21087,YOUTUBE,14903,Store_UX
21088,YOUTUBE,14908,Multiplayer
21089,YOUTUBE,14911,Store_UX
21090,YOUTUBE,14912,Price
21091,YOUTUBE,14913,Hype
21092,YOUTUBE,14922,Performance
21093,YOUTUBE,14933,Bug_Complaint
21094,YOUTUBE,14935,Store_UX
21095,YOUTUBE,14936,Price
21096,YOUTUBE,14938,Performance
21097,YOUTUBE,14956,Multiplayer
21098,YOUTUBE,14959,Store_UX
21099,YOUTUBE,14974,Nostalgia
21100,YOUTUBE,14982,Nostalgia
21101,YOUTUBE,14994,Performance
21102,YOUTUBE,15003,Exclusivity
21103,YOUTUBE,15006,Nostalgia
21104,YOUTUBE,15009,Hype
21105,YOUTUBE,15050,Performance
21106,YOUTUBE,15052,Multiplayer
21107,YOUTUBE,15068,Multiplayer
21108,YOUTUBE,15070,Nostalgia
21109,YOUTUBE,15079,Store_UX
21110,YOUTUBE,15083,Exclusivity
21111,YOUTUBE,15100,Multiplayer
21112,YOUTUBE,15103,Store_UX
21113,YOUTUBE,15119,Store_UX
21114,YOUTUBE,15127,Store_UX
21115,YOUTUBE,15139,Exclusivity
21116,YOUTUBE,15140,Multiplayer
21117,YOUTUBE,15150,Nostalgia
21118,YOUTUBE,15153,Hype
21119,YOUTUBE,15160,Price
21120,YOUTUBE,15162,Performance
21121,YOUTUBE,15165,Bug_Complaint
21122,YOUTUBE,15191,Store_UX
21123,YOUTUBE,15196,Multiplayer
21124,YOUTUBE,15198,Nostalgia
21125,YOUTUBE,15202,Performance
21126,YOUTUBE,15206,Nostalgia
21127,YOUTUBE,15213,Bug_Complaint
21128,YOUTUBE,15215,Store_UX
21129,YOUTUBE,15219,Exclusivity
21130,YOUTUBE,15230,Nostalgia
21131,YOUTUBE,15234,Performance
21132,YOUTUBE,15235,Exclusivity
21133,YOUTUBE,15238,Nostalgia
21134,YOUTUBE,15250,Performance
21135,YOUTUBE,15255,Store_UX
21136,YOUTUBE,15266,Performance
21137,YOUTUBE,15277,Bug_Complaint
21138,YOUTUBE,15287,Store_UX
21139,YOUTUBE,15307,Exclusivity
21140,YOUTUBE,15312,Price
21141,YOUTUBE,15314,Performance
21142,YOUTUBE,15320,Price
21143,YOUTUBE,15324,Multiplayer
21144,YOUTUBE,15327,Store_UX
21145,YOUTUBE,15331,Exclusivity
21146,YOUTUBE,15342,Nostalgia
21147,YOUTUBE,15343,Store_UX
21148,YOUTUBE,15348,Multiplayer
21149,YOUTUBE,15357,Bug_Complaint
21150,YOUTUBE,7697,Hype
21151,YOUTUBE,7701,Bug_Complaint
21152,YOUTUBE,7706,Performance
21153,YOUTUBE,7729,Hype
21154,YOUTUBE,7733,Bug_Complaint
21155,YOUTUBE,7735,Store_UX
21156,YOUTUBE,7745,Hype
21157,YOUTUBE,7760,Price
21158,YOUTUBE,7768,Price
21159,YOUTUBE,7778,Performance
21160,YOUTUBE,7781,Bug_Complaint
21161,YOUTUBE,7784,Price
21162,YOUTUBE,7792,Price
21163,YOUTUBE,7796,Multiplayer
21164,YOUTUBE,7800,Price
21165,YOUTUBE,7804,Multiplayer
21166,YOUTUBE,7812,Multiplayer
21167,YOUTUBE,7831,Store_UX
21168,YOUTUBE,7838,Nostalgia
21169,YOUTUBE,7842,Performance
21170,YOUTUBE,7848,Price
21171,YOUTUBE,7857,Hype
21172,YOUTUBE,7873,Hype
21173,YOUTUBE,7874,Performance
21174,YOUTUBE,7882,Performance
21175,YOUTUBE,7884,Multiplayer
21176,YOUTUBE,7888,Price
21177,YOUTUBE,7909,Bug_Complaint
21178,YOUTUBE,7912,Price
21179,YOUTUBE,7916,Multiplayer
21180,YOUTUBE,7941,Bug_Complaint
21181,YOUTUBE,7946,Performance
21182,YOUTUBE,7962,Performance
21183,YOUTUBE,7964,Multiplayer
21184,YOUTUBE,7987,Exclusivity
21185,YOUTUBE,7996,Multiplayer
21186,YOUTUBE,8007,Store_UX
21187,YOUTUBE,8008,Price
21188,YOUTUBE,8022,Nostalgia
21189,YOUTUBE,8032,Price
21190,YOUTUBE,8034,Performance
21191,YOUTUBE,8048,Price
21192,YOUTUBE,8063,Store_UX
21193,YOUTUBE,8067,Exclusivity
21194,YOUTUBE,8079,Store_UX
21195,YOUTUBE,8082,Performance
21196,YOUTUBE,8084,Multiplayer
21197,YOUTUBE,8088,Price
21198,YOUTUBE,8106,Performance
21199,YOUTUBE,8109,Bug_Complaint
21200,YOUTUBE,8112,Price
21201,YOUTUBE,8118,Nostalgia
21202,YOUTUBE,8124,Multiplayer
21203,YOUTUBE,8129,Hype
21204,YOUTUBE,8137,Hype
21205,YOUTUBE,8154,Performance
21206,YOUTUBE,8159,Store_UX
21207,YOUTUBE,8182,Nostalgia
21208,YOUTUBE,8185,Hype
21209,YOUTUBE,8197,Bug_Complaint
21210,YOUTUBE,8203,Exclusivity
21211,YOUTUBE,8212,Multiplayer
21212,YOUTUBE,8227,Exclusivity
21213,YOUTUBE,8236,Multiplayer
21214,YOUTUBE,8242,Performance
21215,YOUTUBE,8246,Nostalgia
21216,YOUTUBE,8261,Bug_Complaint
21217,YOUTUBE,8267,Exclusivity
21218,YOUTUBE,8270,Nostalgia
21219,YOUTUBE,8272,Price
21220,YOUTUBE,8284,Multiplayer
21221,YOUTUBE,8298,Performance
21222,YOUTUBE,8299,Exclusivity
21223,YOUTUBE,8306,Performance
21224,YOUTUBE,8322,Performance
21225,YOUTUBE,8324,Multiplayer
21226,YOUTUBE,8328,Price
21227,YOUTUBE,8342,Nostalgia
21228,YOUTUBE,8343,Store_UX
21229,YOUTUBE,8347,Exclusivity
21230,YOUTUBE,8358,Nostalgia
21231,YOUTUBE,8365,Bug_Complaint
21232,YOUTUBE,8380,Multiplayer
21233,YOUTUBE,8392,Price
21234,YOUTUBE,8400,Price
21235,YOUTUBE,8406,Nostalgia
21236,YOUTUBE,8409,Hype
21237,YOUTUBE,8425,Hype
21238,YOUTUBE,8475,Exclusivity
21239,YOUTUBE,8483,Exclusivity
21240,YOUTUBE,8486,Nostalgia
21241,YOUTUBE,8487,Store_UX
21242,YOUTUBE,8502,Nostalgia
21243,YOUTUBE,8515,Exclusivity
21244,YOUTUBE,8526,Nostalgia
21245,YOUTUBE,8547,Exclusivity
21246,YOUTUBE,8555,Exclusivity
21247,YOUTUBE,8559,Store_UX
21248,YOUTUBE,8564,Multiplayer
21249,YOUTUBE,8571,Exclusivity
21250,YOUTUBE,8575,Store_UX
21251,YOUTUBE,8580,Multiplayer
21252,YOUTUBE,8583,Store_UX
21253,YOUTUBE,8597,Bug_Complaint
21254,YOUTUBE,8630,Nostalgia
21255,YOUTUBE,8641,Hype
21256,YOUTUBE,8642,Performance
21257,YOUTUBE,8646,Nostalgia
21258,YOUTUBE,8659,Exclusivity
21259,YOUTUBE,8672,Price
21260,YOUTUBE,8678,Nostalgia
21261,YOUTUBE,8683,Exclusivity
21262,YOUTUBE,8686,Nostalgia
21263,YOUTUBE,8687,Store_UX
21264,YOUTUBE,8715,Exclusivity
21265,YOUTUBE,8726,Nostalgia
21266,YOUTUBE,8738,Performance
21267,YOUTUBE,8741,Bug_Complaint
21268,YOUTUBE,8749,Bug_Complaint
21269,YOUTUBE,8757,Bug_Complaint
21270,YOUTUBE,8759,Store_UX
21271,YOUTUBE,8760,Price
21272,YOUTUBE,8767,Store_UX
21273,YOUTUBE,8777,Hype
21274,YOUTUBE,8786,Performance
21275,YOUTUBE,8798,Nostalgia
21276,YOUTUBE,8805,Bug_Complaint
21277,YOUTUBE,8806,Nostalgia
21278,YOUTUBE,8809,Hype
21279,YOUTUBE,8811,Exclusivity
21280,YOUTUBE,8818,Performance
21281,YOUTUBE,8825,Hype
21282,YOUTUBE,8829,Bug_Complaint
21283,YOUTUBE,8830,Nostalgia
21284,YOUTUBE,8838,Nostalgia
21285,YOUTUBE,8839,Store_UX
21286,YOUTUBE,8841,Hype
21287,YOUTUBE,8845,Bug_Complaint
21288,YOUTUBE,8850,Performance
21289,YOUTUBE,8852,Multiplayer
21290,YOUTUBE,8856,Price
21291,YOUTUBE,8858,Performance
21292,YOUTUBE,8863,Store_UX
21293,YOUTUBE,8866,Performance
21294,YOUTUBE,8875,Exclusivity
21295,YOUTUBE,8889,Hype
21296,YOUTUBE,8893,Bug_Complaint
21297,YOUTUBE,8913,Hype
21298,YOUTUBE,8922,Performance
21299,YOUTUBE,8929,Hype
21300,YOUTUBE,8946,Performance
21301,YOUTUBE,8951,Store_UX
21302,YOUTUBE,8961,Hype
21303,YOUTUBE,8964,Multiplayer
21304,YOUTUBE,8976,Price
21305,YOUTUBE,8979,Exclusivity
21306,YOUTUBE,8980,Multiplayer
21307,YOUTUBE,8986,Performance
21308,YOUTUBE,8993,Hype
21309,YOUTUBE,9003,Exclusivity
21310,YOUTUBE,9007,Store_UX
21311,YOUTUBE,9011,Exclusivity
21312,YOUTUBE,9013,Bug_Complaint
21313,YOUTUBE,9014,Nostalgia
21314,YOUTUBE,9029,Bug_Complaint
21315,YOUTUBE,9030,Nostalgia
21316,YOUTUBE,9053,Bug_Complaint
21317,YOUTUBE,9057,Hype
21318,YOUTUBE,9062,Nostalgia
21319,YOUTUBE,9070,Nostalgia
21320,YOUTUBE,9074,Performance
21321,YOUTUBE,9075,Exclusivity
21322,YOUTUBE,9084,Multiplayer
21323,YOUTUBE,9107,Exclusivity
21324,YOUTUBE,9110,Nostalgia
21325,YOUTUBE,9111,Store_UX
21326,YOUTUBE,9123,Exclusivity
21327,YOUTUBE,9124,Multiplayer
21328,YOUTUBE,9139,Exclusivity
21329,YOUTUBE,9150,Nostalgia
21330,YOUTUBE,9153,Hype
21331,YOUTUBE,9176,Price
21332,YOUTUBE,9177,Hype
21333,YOUTUBE,9182,Nostalgia
21334,YOUTUBE,9192,Price
21335,YOUTUBE,9202,Performance
21336,YOUTUBE,9209,Hype
21337,YOUTUBE,9212,Multiplayer
21338,YOUTUBE,9216,Price
21339,YOUTUBE,9219,Exclusivity
21340,YOUTUBE,9236,Multiplayer
21341,YOUTUBE,9277,Bug_Complaint
21342,YOUTUBE,9281,Hype
21343,YOUTUBE,9300,Multiplayer
21344,YOUTUBE,9306,Performance
21345,YOUTUBE,9311,Store_UX
21346,YOUTUBE,9318,Nostalgia
21347,YOUTUBE,9341,Bug_Complaint
21348,YOUTUBE,9346,Performance
21349,YOUTUBE,9350,Nostalgia
21350,YOUTUBE,9356,Multiplayer
21351,YOUTUBE,9358,Nostalgia
21352,YOUTUBE,9360,Price
21353,YOUTUBE,9362,Performance
21354,YOUTUBE,9365,Bug_Complaint
21355,YOUTUBE,9367,Store_UX
21356,YOUTUBE,9375,Store_UX
21357,YOUTUBE,9387,Exclusivity
21358,YOUTUBE,9390,Nostalgia
21359,YOUTUBE,9398,Nostalgia
21360,YOUTUBE,9402,Performance
21361,YOUTUBE,9406,Nostalgia
21362,YOUTUBE,9412,Multiplayer
21363,YOUTUBE,9435,Exclusivity
21364,YOUTUBE,9439,Store_UX
21365,YOUTUBE,9453,Bug_Complaint
21366,YOUTUBE,9481,Hype
21367,YOUTUBE,9489,Hype
21368,YOUTUBE,9491,Exclusivity
21369,YOUTUBE,9514,Performance
21370,YOUTUBE,9516,Multiplayer
21371,YOUTUBE,9524,Multiplayer
21372,YOUTUBE,9536,Price
21373,YOUTUBE,9547,Exclusivity
21374,YOUTUBE,9552,Price
21375,YOUTUBE,9556,Multiplayer
21376,YOUTUBE,9565,Bug_Complaint
21377,YOUTUBE,9572,Multiplayer
21378,YOUTUBE,9573,Bug_Complaint
21379,YOUTUBE,9595,Exclusivity
21380,YOUTUBE,9596,Multiplayer
21381,YOUTUBE,9599,Store_UX
21382,YOUTUBE,9607,Store_UX
21383,YOUTUBE,9621,Bug_Complaint
21384,YOUTUBE,9622,Nostalgia
21385,YOUTUBE,9628,Multiplayer
21386,YOUTUBE,9632,Price
21387,YOUTUBE,9647,Store_UX
21388,YOUTUBE,9670,Nostalgia
21389,YOUTUBE,9681,Hype
21390,YOUTUBE,9683,Exclusivity
21391,YOUTUBE,9698,Performance
21392,YOUTUBE,9709,Bug_Complaint
21393,YOUTUBE,9722,Performance
21394,YOUTUBE,9731,Exclusivity
21395,YOUTUBE,9738,Performance
21396,YOUTUBE,9739,Exclusivity
21397,YOUTUBE,9741,Bug_Complaint
21398,YOUTUBE,9744,Price
21399,YOUTUBE,9783,Store_UX
21400,YOUTUBE,9795,Exclusivity
21401,YOUTUBE,9816,Price
21402,YOUTUBE,9819,Exclusivity
21403,YOUTUBE,9820,Multiplayer
21404,YOUTUBE,9830,Nostalgia
21405,YOUTUBE,9842,Performance
21406,YOUTUBE,9845,Bug_Complaint
21407,YOUTUBE,9846,Nostalgia
21408,YOUTUBE,9847,Store_UX
21409,YOUTUBE,9869,Bug_Complaint
21410,YOUTUBE,9878,Nostalgia
21411,YOUTUBE,9880,Price
21412,YOUTUBE,9892,Multiplayer
21413,YOUTUBE,9901,Bug_Complaint
21414,YOUTUBE,9909,Bug_Complaint
21415,YOUTUBE,9911,Store_UX
21416,YOUTUBE,9921,Hype
21417,YOUTUBE,9922,Performance
21418,YOUTUBE,9934,Nostalgia
21419,YOUTUBE,9940,Multiplayer
21420,YOUTUBE,9950,Nostalgia
21421,YOUTUBE,9955,Exclusivity
21422,YOUTUBE,9959,Store_UX
21423,YOUTUBE,9963,Exclusivity
21424,YOUTUBE,9972,Multiplayer
21425,YOUTUBE,9989,Bug_Complaint
21426,YOUTUBE,9992,Price
21427,YOUTUBE,9997,Bug_Complaint
21428,YOUTUBE,10011,Exclusivity
21429,YOUTUBE,10013,Bug_Complaint
21430,YOUTUBE,10017,Hype
21431,YOUTUBE,10044,Multiplayer
21432,YOUTUBE,10056,Price
21433,YOUTUBE,10061,Bug_Complaint
21434,YOUTUBE,10071,Store_UX
21435,YOUTUBE,10075,Exclusivity
21436,YOUTUBE,10077,Bug_Complaint
21437,YOUTUBE,10089,Hype
21438,YOUTUBE,10110,Nostalgia
21439,YOUTUBE,10116,Multiplayer
21440,YOUTUBE,10137,Hype
21441,YOUTUBE,10170,Performance
21442,YOUTUBE,10179,Exclusivity
21443,YOUTUBE,10181,Bug_Complaint
21444,YOUTUBE,10183,Store_UX
21445,YOUTUBE,10190,Nostalgia
21446,YOUTUBE,10195,Exclusivity
21447,YOUTUBE,10207,Store_UX
21448,YOUTUBE,10215,Store_UX
21449,YOUTUBE,10216,Price
21450,YOUTUBE,10218,Performance
21451,YOUTUBE,10220,Multiplayer
21452,YOUTUBE,10222,Nostalgia
21453,YOUTUBE,10228,Multiplayer
21454,YOUTUBE,10236,Multiplayer
21455,REDDIT,685,Exclusivity
21456,REDDIT,695,Hype
21457,REDDIT,704,Performance
21458,REDDIT,705,Price
21459,REDDIT,719,Performance
21460,REDDIT,722,Exclusivity
21461,REDDIT,736,Exclusivity
21462,REDDIT,747,Nostalgia
21463,REDDIT,755,Multiplayer
21464,REDDIT,767,Performance
21465,REDDIT,772,Multiplayer
21466,REDDIT,778,Bug_Complaint
21467,REDDIT,802,Multiplayer
21468,REDDIT,803,Multiplayer
21469,REDDIT,806,Price
21470,REDDIT,814,Bug_Complaint
21471,REDDIT,815,Nostalgia
21472,REDDIT,823,Price
21473,REDDIT,827,Store_UX
21474,REDDIT,829,Multiplayer
21475,REDDIT,831,Performance
21476,REDDIT,844,Multiplayer
21477,REDDIT,846,Nostalgia
21478,REDDIT,852,Hype
21479,REDDIT,853,Performance
21480,REDDIT,859,Exclusivity
21481,REDDIT,863,Hype
21482,REDDIT,865,Hype
21483,REDDIT,868,Performance
21484,REDDIT,876,Bug_Complaint
21485,REDDIT,887,Nostalgia
21486,REDDIT,891,Exclusivity
21487,REDDIT,894,Store_UX
21488,REDDIT,913,Nostalgia
21489,REDDIT,923,Exclusivity
21490,REDDIT,926,Multiplayer
21491,REDDIT,931,Price
21492,REDDIT,945,Hype
21493,REDDIT,959,Multiplayer
21494,REDDIT,966,Multiplayer
21495,REDDIT,967,Bug_Complaint
21496,REDDIT,972,Hype
21497,REDDIT,977,Performance
21498,REDDIT,980,Multiplayer
21499,REDDIT,987,Exclusivity
21500,REDDIT,988,Bug_Complaint
21501,REDDIT,991,Hype
21502,REDDIT,1016,Store_UX
21503,REDDIT,1026,Nostalgia
21504,REDDIT,1031,Store_UX
21505,REDDIT,1040,Hype
21506,REDDIT,1045,Store_UX
21507,REDDIT,1055,Exclusivity
21508,REDDIT,1070,Bug_Complaint
21509,REDDIT,1083,Performance
21510,REDDIT,1085,Multiplayer
21511,REDDIT,1101,Price
21512,REDDIT,1102,Price
21513,REDDIT,1134,Price
21514,REDDIT,1148,Price
21515,REDDIT,1184,Store_UX
21516,REDDIT,1197,Price
21517,REDDIT,1216,Price
21518,REDDIT,1231,Multiplayer
21519,REDDIT,1232,Multiplayer
21520,REDDIT,1244,Performance
21521,REDDIT,1248,Performance
21522,REDDIT,1260,Hype
21523,REDDIT,1263,Bug_Complaint
21524,REDDIT,1272,Nostalgia
21525,REDDIT,1286,Store_UX
21526,REDDIT,1298,Bug_Complaint
21527,REDDIT,1302,Nostalgia
21528,REDDIT,1309,Price
21529,REDDIT,1310,Price
21530,REDDIT,1314,Exclusivity
21531,REDDIT,1318,Bug_Complaint
21532,REDDIT,1322,Nostalgia
21533,REDDIT,1328,Performance
21534,YOUTUBE,17923,Exclusivity
21535,YOUTUBE,17946,Performance
21536,YOUTUBE,17964,Multiplayer
21537,YOUTUBE,17980,Multiplayer
21538,YOUTUBE,17981,Bug_Complaint
21539,YOUTUBE,17991,Store_UX
21540,YOUTUBE,17995,Exclusivity
21541,YOUTUBE,17999,Store_UX
21542,YOUTUBE,18004,Multiplayer
21543,YOUTUBE,18014,Nostalgia
21544,YOUTUBE,18078,Nostalgia
21545,YOUTUBE,18095,Store_UX
21546,YOUTUBE,18099,Exclusivity
21547,YOUTUBE,18105,Hype
21548,YOUTUBE,18106,Performance
21549,YOUTUBE,18112,Price
21550,YOUTUBE,18123,Exclusivity
21551,YOUTUBE,18136,Price
21552,YOUTUBE,18167,Store_UX
21553,YOUTUBE,18171,Exclusivity
21554,YOUTUBE,18174,Nostalgia
21555,YOUTUBE,18181,Bug_Complaint
21556,YOUTUBE,18202,Performance
21557,YOUTUBE,18204,Multiplayer
21558,YOUTUBE,18207,Store_UX
21559,YOUTUBE,18211,Exclusivity
21560,YOUTUBE,18213,Bug_Complaint
21561,YOUTUBE,18214,Nostalgia
21562,YOUTUBE,18236,Multiplayer
21563,YOUTUBE,18243,Exclusivity
21564,YOUTUBE,18265,Hype
21565,YOUTUBE,18270,Nostalgia
21566,YOUTUBE,18280,Price
21567,YOUTUBE,18281,Hype
21568,YOUTUBE,18293,Bug_Complaint
21569,YOUTUBE,18323,Exclusivity
21570,YOUTUBE,18336,Price
21571,YOUTUBE,18337,Hype
21572,YOUTUBE,18352,Price
21573,YOUTUBE,18353,Hype
21574,YOUTUBE,18354,Performance
21575,YOUTUBE,18363,Exclusivity
21576,YOUTUBE,18369,Hype
21577,YOUTUBE,18397,Bug_Complaint
21578,YOUTUBE,18402,Performance
21579,YOUTUBE,18417,Hype
21580,YOUTUBE,18418,Performance
21581,YOUTUBE,18470,Nostalgia
21582,YOUTUBE,18479,Store_UX
21583,YOUTUBE,18482,Performance
21584,YOUTUBE,18486,Nostalgia
21585,YOUTUBE,18494,Nostalgia
21586,YOUTUBE,18497,Hype
21587,YOUTUBE,18502,Nostalgia
21588,YOUTUBE,18515,Exclusivity
21589,YOUTUBE,18516,Multiplayer
21590,YOUTUBE,18517,Bug_Complaint
21591,YOUTUBE,18520,Price
21592,YOUTUBE,18525,Bug_Complaint
21593,YOUTUBE,18535,Store_UX
21594,YOUTUBE,18540,Multiplayer
21595,YOUTUBE,18543,Store_UX
21596,YOUTUBE,18547,Exclusivity
21597,YOUTUBE,18551,Store_UX
21598,YOUTUBE,18553,Hype
21599,YOUTUBE,18561,Hype
21600,YOUTUBE,18567,Store_UX
21601,YOUTUBE,18570,Performance
21602,YOUTUBE,18574,Nostalgia
21603,YOUTUBE,18588,Multiplayer
21604,YOUTUBE,18590,Nostalgia
21605,YOUTUBE,18615,Store_UX
21606,YOUTUBE,18621,Bug_Complaint
21607,YOUTUBE,18636,Multiplayer
21608,YOUTUBE,18638,Nostalgia
21609,YOUTUBE,18641,Hype
21610,YOUTUBE,18645,Bug_Complaint
21611,YOUTUBE,18647,Store_UX
21612,YOUTUBE,18656,Price
21613,YOUTUBE,18662,Nostalgia
21614,YOUTUBE,18668,Multiplayer
21615,YOUTUBE,18671,Store_UX
21616,YOUTUBE,18672,Price
21617,YOUTUBE,18676,Multiplayer
21618,YOUTUBE,18682,Performance
21619,YOUTUBE,18683,Exclusivity
21620,YOUTUBE,18687,Store_UX
21621,YOUTUBE,18692,Multiplayer
21622,YOUTUBE,18700,Multiplayer
21623,YOUTUBE,18703,Store_UX
21624,YOUTUBE,18710,Nostalgia
21625,YOUTUBE,18731,Exclusivity
21626,YOUTUBE,18743,Store_UX
21627,YOUTUBE,18748,Multiplayer
21628,YOUTUBE,18750,Nostalgia
21629,YOUTUBE,18754,Performance
21630,YOUTUBE,18763,Exclusivity
21631,YOUTUBE,18767,Store_UX
21632,YOUTUBE,18773,Bug_Complaint
21633,YOUTUBE,18781,Bug_Complaint
21634,YOUTUBE,18784,Price
21635,YOUTUBE,18792,Price
21636,YOUTUBE,18808,Price
21637,YOUTUBE,18811,Exclusivity
21638,YOUTUBE,18816,Price
21639,YOUTUBE,18822,Nostalgia
21640,YOUTUBE,18830,Nostalgia
21641,YOUTUBE,18843,Exclusivity
21642,YOUTUBE,18846,Nostalgia
21643,YOUTUBE,18848,Price
21644,YOUTUBE,18858,Performance
21645,YOUTUBE,18859,Exclusivity
21646,YOUTUBE,18869,Bug_Complaint
21647,YOUTUBE,18881,Hype
21648,YOUTUBE,18894,Nostalgia
21649,YOUTUBE,18898,Performance
21650,YOUTUBE,18913,Hype
21651,YOUTUBE,18920,Price
21652,YOUTUBE,18942,Nostalgia
21653,YOUTUBE,18945,Hype
21654,YOUTUBE,18948,Multiplayer
21655,YOUTUBE,18952,Price
21656,YOUTUBE,18959,Store_UX
21657,YOUTUBE,18971,Exclusivity
21658,YOUTUBE,19007,Store_UX
21659,YOUTUBE,19011,Exclusivity
21660,YOUTUBE,19014,Nostalgia
21661,YOUTUBE,19016,Price
21662,YOUTUBE,19026,Performance
21663,YOUTUBE,19029,Bug_Complaint
21664,YOUTUBE,19035,Exclusivity
21665,YOUTUBE,19038,Nostalgia
21666,YOUTUBE,19056,Price
21667,YOUTUBE,19057,Hype
21668,YOUTUBE,19064,Price
21669,YOUTUBE,19065,Hype
21670,YOUTUBE,19083,Exclusivity
21671,YOUTUBE,19095,Store_UX
21672,YOUTUBE,19105,Hype
21673,YOUTUBE,19107,Exclusivity
21674,YOUTUBE,19110,Nostalgia
21675,YOUTUBE,19112,Price
21676,YOUTUBE,19115,Exclusivity
21677,YOUTUBE,19122,Performance
21678,YOUTUBE,19123,Exclusivity
21679,YOUTUBE,19127,Store_UX
21680,YOUTUBE,19144,Price
21681,YOUTUBE,19146,Performance
21682,YOUTUBE,19150,Nostalgia
21683,YOUTUBE,19152,Price
21684,YOUTUBE,19153,Hype
21685,YOUTUBE,19162,Performance
21686,YOUTUBE,19165,Bug_Complaint
21687,YOUTUBE,19175,Store_UX
21688,YOUTUBE,19182,Nostalgia
21689,YOUTUBE,19185,Hype
21690,YOUTUBE,19206,Nostalgia
21691,YOUTUBE,19218,Performance
21692,YOUTUBE,19221,Bug_Complaint
21693,YOUTUBE,19226,Performance
21694,YOUTUBE,19228,Multiplayer
21695,YOUTUBE,19230,Nostalgia
21696,YOUTUBE,19235,Exclusivity
21697,YOUTUBE,19242,Performance
21698,YOUTUBE,19247,Store_UX
21699,YOUTUBE,19249,Hype
21700,YOUTUBE,19250,Performance
21701,YOUTUBE,19252,Multiplayer
21702,YOUTUBE,19264,Price
21703,YOUTUBE,19270,Nostalgia
21704,YOUTUBE,19276,Multiplayer
21705,YOUTUBE,19283,Exclusivity
21706,YOUTUBE,19285,Bug_Complaint
21707,YOUTUBE,19307,Exclusivity
21708,YOUTUBE,19311,Store_UX
21709,YOUTUBE,19321,Hype
21710,YOUTUBE,19322,Performance
21711,YOUTUBE,19325,Bug_Complaint
21712,YOUTUBE,19327,Store_UX
21713,YOUTUBE,19329,Hype
21714,YOUTUBE,19331,Exclusivity
21715,YOUTUBE,19333,Bug_Complaint
21716,YOUTUBE,19349,Bug_Complaint
21717,YOUTUBE,19350,Nostalgia
21718,YOUTUBE,19359,Store_UX
21719,YOUTUBE,19361,Hype
21720,YOUTUBE,19370,Performance
21721,YOUTUBE,19387,Exclusivity
21722,YOUTUBE,19401,Hype
21723,YOUTUBE,19404,Multiplayer
21724,YOUTUBE,19417,Hype
21725,YOUTUBE,19419,Exclusivity
21726,YOUTUBE,19425,Hype
21727,YOUTUBE,19426,Performance
21728,YOUTUBE,19428,Multiplayer
21729,YOUTUBE,19435,Exclusivity
21730,YOUTUBE,19439,Store_UX
21731,YOUTUBE,19441,Hype
21732,YOUTUBE,19452,Multiplayer
21733,YOUTUBE,19453,Bug_Complaint
21734,YOUTUBE,19455,Store_UX
21735,YOUTUBE,19459,Exclusivity
21736,YOUTUBE,19477,Bug_Complaint
21737,YOUTUBE,19487,Store_UX
21738,YOUTUBE,19490,Performance
21739,YOUTUBE,19502,Nostalgia
21740,YOUTUBE,19509,Bug_Complaint
21741,YOUTUBE,19516,Multiplayer
21742,YOUTUBE,19522,Performance
21743,YOUTUBE,19531,Exclusivity
21744,YOUTUBE,19538,Performance
21745,YOUTUBE,19541,Bug_Complaint
21746,YOUTUBE,19551,Store_UX
21747,YOUTUBE,19555,Exclusivity
21748,YOUTUBE,19556,Multiplayer
21749,YOUTUBE,19564,Multiplayer
21750,YOUTUBE,19579,Exclusivity
21751,YOUTUBE,19584,Price
21752,YOUTUBE,19586,Performance
21753,YOUTUBE,19590,Nostalgia
21754,YOUTUBE,19591,Store_UX
21755,YOUTUBE,19595,Exclusivity
21756,YOUTUBE,19598,Nostalgia
21757,YOUTUBE,19607,Store_UX
21758,YOUTUBE,19611,Exclusivity
21759,YOUTUBE,19632,Price
21760,YOUTUBE,19640,Price
21761,YOUTUBE,19641,Hype
21762,YOUTUBE,19643,Exclusivity
21763,YOUTUBE,19651,Exclusivity
21764,YOUTUBE,19664,Price
21765,YOUTUBE,19668,Multiplayer
21766,YOUTUBE,19675,Exclusivity
21767,YOUTUBE,19676,Multiplayer
21768,YOUTUBE,19683,Exclusivity
21769,YOUTUBE,19713,Hype
21770,YOUTUBE,19720,Price
21771,YOUTUBE,19726,Nostalgia
21772,YOUTUBE,19727,Store_UX
21773,YOUTUBE,19742,Nostalgia
21774,YOUTUBE,19746,Performance
21775,YOUTUBE,19751,Store_UX
21776,YOUTUBE,19759,Store_UX
21777,YOUTUBE,19767,Store_UX
21778,YOUTUBE,19768,Price
21779,YOUTUBE,19788,Multiplayer
21780,YOUTUBE,19791,Store_UX
21781,YOUTUBE,19793,Hype
21782,YOUTUBE,19797,Bug_Complaint
21783,YOUTUBE,19803,Exclusivity
21784,YOUTUBE,19809,Hype
21785,YOUTUBE,19812,Multiplayer
21786,YOUTUBE,19822,Nostalgia
21787,YOUTUBE,19837,Bug_Complaint
21788,YOUTUBE,19838,Nostalgia
21789,YOUTUBE,19843,Exclusivity
21790,YOUTUBE,19851,Exclusivity
21791,YOUTUBE,19853,Bug_Complaint
21792,YOUTUBE,19870,Nostalgia
21793,YOUTUBE,19879,Store_UX
21794,YOUTUBE,19880,Price
21795,YOUTUBE,19885,Bug_Complaint
21796,YOUTUBE,19896,Price
21797,YOUTUBE,19902,Nostalgia
21798,YOUTUBE,19926,Nostalgia
21799,YOUTUBE,19935,Store_UX
21800,YOUTUBE,19942,Nostalgia
21801,YOUTUBE,19945,Hype
21802,YOUTUBE,19946,Performance
21803,YOUTUBE,19958,Nostalgia
21804,YOUTUBE,19966,Nostalgia
21805,YOUTUBE,19983,Store_UX
21806,YOUTUBE,19985,Hype
21807,YOUTUBE,19986,Performance
21808,YOUTUBE,19993,Hype
21809,YOUTUBE,19994,Performance
21810,YOUTUBE,19998,Nostalgia
21811,YOUTUBE,20005,Bug_Complaint
21812,YOUTUBE,20007,Store_UX
21813,YOUTUBE,20008,Price
21814,YOUTUBE,20016,Price
21815,YOUTUBE,20020,Multiplayer
21816,YOUTUBE,20022,Nostalgia
21817,YOUTUBE,20023,Store_UX
21818,YOUTUBE,20028,Multiplayer
21819,YOUTUBE,20031,Store_UX
21820,YOUTUBE,20032,Price
21821,YOUTUBE,20033,Hype
21822,YOUTUBE,20042,Performance
21823,YOUTUBE,20053,Bug_Complaint
21824,YOUTUBE,20055,Store_UX
21825,YOUTUBE,20056,Price
21826,YOUTUBE,20058,Performance
21827,YOUTUBE,20076,Multiplayer
21828,YOUTUBE,20079,Store_UX
21829,YOUTUBE,20094,Nostalgia
21830,YOUTUBE,20102,Nostalgia
21831,YOUTUBE,20114,Performance
21832,YOUTUBE,20123,Exclusivity
21833,YOUTUBE,20126,Nostalgia
21834,YOUTUBE,20129,Hype
21835,YOUTUBE,20170,Performance
21836,YOUTUBE,20172,Multiplayer
21837,YOUTUBE,20188,Multiplayer
21838,YOUTUBE,20190,Nostalgia
21839,YOUTUBE,20199,Store_UX
21840,YOUTUBE,20203,Exclusivity
21841,YOUTUBE,20220,Multiplayer
21842,YOUTUBE,20223,Store_UX
21843,YOUTUBE,20239,Store_UX
21844,YOUTUBE,20247,Store_UX
21845,YOUTUBE,20259,Exclusivity
21846,YOUTUBE,20260,Multiplayer
21847,YOUTUBE,20270,Nostalgia
21848,YOUTUBE,20273,Hype
21849,YOUTUBE,20280,Price
21850,YOUTUBE,20282,Performance
21851,YOUTUBE,20285,Bug_Complaint
21852,YOUTUBE,20311,Store_UX
21853,YOUTUBE,20316,Multiplayer
21854,YOUTUBE,20318,Nostalgia
21855,YOUTUBE,20322,Performance
21856,YOUTUBE,20326,Nostalgia
21857,YOUTUBE,20333,Bug_Complaint
21858,YOUTUBE,20335,Store_UX
21859,YOUTUBE,20339,Exclusivity
21860,YOUTUBE,20350,Nostalgia
21861,YOUTUBE,20354,Performance
21862,YOUTUBE,20355,Exclusivity
21863,YOUTUBE,20358,Nostalgia
21864,YOUTUBE,20370,Performance
21865,YOUTUBE,20375,Store_UX
21866,YOUTUBE,20386,Performance
21867,YOUTUBE,20397,Bug_Complaint
21868,YOUTUBE,20407,Store_UX
21869,YOUTUBE,20427,Exclusivity
21870,YOUTUBE,20432,Price
21871,YOUTUBE,20434,Performance
21872,YOUTUBE,20440,Price
21873,YOUTUBE,20444,Multiplayer
21874,YOUTUBE,20447,Store_UX
21875,YOUTUBE,20451,Exclusivity
21876,YOUTUBE,20462,Nostalgia
21877,YOUTUBE,20463,Store_UX
21878,YOUTUBE,20468,Multiplayer
21879,YOUTUBE,20477,Bug_Complaint
21880,REDDIT,3345,Nostalgia
21881,REDDIT,3355,Multiplayer
21882,REDDIT,3364,Nostalgia
21883,REDDIT,3365,Bug_Complaint
21884,REDDIT,3379,Price
21885,REDDIT,3382,Performance
21886,REDDIT,3396,Price
21887,REDDIT,3407,Bug_Complaint
21888,REDDIT,3415,Nostalgia
21889,REDDIT,3427,Price
21890,REDDIT,3432,Hype
21891,REDDIT,3438,Price
21892,REDDIT,3462,Performance
21893,REDDIT,3463,Exclusivity
21894,REDDIT,3466,Performance
21895,REDDIT,3474,Nostalgia
21896,REDDIT,3475,Exclusivity
21897,REDDIT,3483,Nostalgia
21898,REDDIT,3487,Hype
21899,REDDIT,3489,Price
21900,REDDIT,3491,Nostalgia
21901,REDDIT,3504,Multiplayer
21902,REDDIT,3506,Price
21903,REDDIT,3512,Price
21904,REDDIT,3513,Price
21905,REDDIT,3519,Price
21906,REDDIT,3523,Price
21907,REDDIT,3525,Price
21908,REDDIT,3528,Store_UX
21909,REDDIT,3536,Store_UX
21910,REDDIT,3547,Multiplayer
21911,REDDIT,3551,Exclusivity
21912,REDDIT,3554,Performance
21913,REDDIT,3573,Hype
21914,REDDIT,3583,Hype
21915,REDDIT,3586,Store_UX
21916,REDDIT,3591,Exclusivity
21917,REDDIT,3605,Bug_Complaint
21918,REDDIT,3619,Multiplayer
21919,REDDIT,3626,Bug_Complaint
21920,REDDIT,3627,Hype
21921,REDDIT,3632,Nostalgia
21922,REDDIT,3637,Nostalgia
21923,REDDIT,3640,Performance
21924,REDDIT,3647,Nostalgia
21925,REDDIT,3648,Price
21926,REDDIT,3651,Price
21927,REDDIT,3676,Hype
21928,REDDIT,3686,Multiplayer
21929,REDDIT,3691,Multiplayer
21930,REDDIT,3700,Multiplayer
21931,REDDIT,3705,Hype
21932,REDDIT,3715,Price
21933,REDDIT,3730,Performance
21934,REDDIT,3743,Exclusivity
21935,REDDIT,3745,Exclusivity
21936,REDDIT,3761,Hype
21937,REDDIT,3762,Exclusivity
21938,REDDIT,3794,Bug_Complaint
21939,REDDIT,3808,Multiplayer
21940,REDDIT,3844,Store_UX
21941,REDDIT,3857,Store_UX
21942,REDDIT,3876,Multiplayer
21943,REDDIT,3891,Performance
21944,REDDIT,3892,Nostalgia
21945,REDDIT,3904,Multiplayer
21946,REDDIT,3908,Performance
21947,REDDIT,3920,Multiplayer
21948,REDDIT,3923,Price
21949,REDDIT,3932,Nostalgia
21950,REDDIT,3946,Bug_Complaint
21951,REDDIT,3958,Bug_Complaint
21952,REDDIT,3962,Exclusivity
21953,REDDIT,3969,Exclusivity
21954,REDDIT,3970,Performance
21955,REDDIT,3974,Multiplayer
21956,REDDIT,3978,Hype
21957,REDDIT,3982,Multiplayer
21958,REDDIT,3988,Multiplayer
21959,YOUTUBE,10244,Multiplayer
21960,YOUTUBE,10267,Exclusivity
21961,YOUTUBE,10285,Bug_Complaint
21962,YOUTUBE,10301,Bug_Complaint
21963,YOUTUBE,10302,Nostalgia
21964,YOUTUBE,10312,Price
21965,YOUTUBE,10316,Multiplayer
21966,YOUTUBE,10320,Price
21967,YOUTUBE,10325,Bug_Complaint
21968,YOUTUBE,10335,Store_UX
21969,YOUTUBE,10399,Store_UX
21970,YOUTUBE,10416,Price
21971,YOUTUBE,10420,Multiplayer
21972,YOUTUBE,10426,Performance
21973,YOUTUBE,10427,Exclusivity
21974,YOUTUBE,10433,Hype
21975,YOUTUBE,10444,Multiplayer
21976,YOUTUBE,10457,Hype
21977,YOUTUBE,10488,Price
21978,YOUTUBE,10492,Multiplayer
21979,YOUTUBE,10495,Store_UX
21980,YOUTUBE,10502,Nostalgia
21981,YOUTUBE,10523,Exclusivity
21982,YOUTUBE,10525,Bug_Complaint
21983,YOUTUBE,10528,Price
21984,YOUTUBE,10532,Multiplayer
21985,YOUTUBE,10534,Nostalgia
21986,YOUTUBE,10535,Store_UX
21987,YOUTUBE,10557,Bug_Complaint
21988,YOUTUBE,10564,Multiplayer
21989,YOUTUBE,10586,Performance
21990,YOUTUBE,10591,Store_UX
21991,YOUTUBE,10601,Hype
21992,YOUTUBE,10602,Performance
21993,YOUTUBE,10614,Nostalgia
21994,YOUTUBE,10644,Multiplayer
21995,YOUTUBE,10657,Hype
21996,YOUTUBE,10658,Performance
21997,YOUTUBE,10673,Hype
21998,YOUTUBE,10674,Performance
21999,YOUTUBE,10675,Exclusivity
22000,YOUTUBE,10684,Multiplayer
22001,YOUTUBE,10690,Performance
22002,YOUTUBE,10718,Nostalgia
22003,YOUTUBE,10723,Exclusivity
22004,YOUTUBE,10738,Performance
22005,YOUTUBE,10739,Exclusivity
22006,YOUTUBE,10791,Store_UX
22007,YOUTUBE,10800,Price
22008,YOUTUBE,10803,Exclusivity
22009,YOUTUBE,10807,Store_UX
22010,YOUTUBE,10815,Store_UX
22011,YOUTUBE,10818,Performance
22012,YOUTUBE,10823,Store_UX
22013,YOUTUBE,10836,Multiplayer
22014,YOUTUBE,10837,Bug_Complaint
22015,YOUTUBE,10838,Nostalgia
22016,YOUTUBE,10841,Hype
22017,YOUTUBE,10846,Nostalgia
22018,YOUTUBE,10856,Price
22019,YOUTUBE,10861,Bug_Complaint
22020,YOUTUBE,10864,Price
22021,YOUTUBE,10868,Multiplayer
22022,YOUTUBE,10872,Price
22023,YOUTUBE,10874,Performance
22024,YOUTUBE,10882,Performance
22025,YOUTUBE,10888,Price
22026,YOUTUBE,10891,Exclusivity
22027,YOUTUBE,10895,Store_UX
22028,YOUTUBE,10909,Bug_Complaint
22029,YOUTUBE,10911,Store_UX
22030,YOUTUBE,10936,Price
22031,YOUTUBE,10942,Nostalgia
22032,YOUTUBE,10957,Bug_Complaint
22033,YOUTUBE,10959,Store_UX
22034,YOUTUBE,10962,Performance
22035,YOUTUBE,10966,Nostalgia
22036,YOUTUBE,10968,Price
22037,YOUTUBE,10977,Hype
22038,YOUTUBE,10983,Store_UX
22039,YOUTUBE,10989,Bug_Complaint
22040,YOUTUBE,10992,Price
22041,YOUTUBE,10993,Hype
22042,YOUTUBE,10997,Bug_Complaint
22043,YOUTUBE,11003,Exclusivity
22044,YOUTUBE,11004,Multiplayer
22045,YOUTUBE,11008,Price
22046,YOUTUBE,11013,Bug_Complaint
22047,YOUTUBE,11021,Bug_Complaint
22048,YOUTUBE,11024,Price
22049,YOUTUBE,11031,Store_UX
22050,YOUTUBE,11052,Multiplayer
22051,YOUTUBE,11064,Price
22052,YOUTUBE,11069,Bug_Complaint
22053,YOUTUBE,11071,Store_UX
22054,YOUTUBE,11075,Exclusivity
22055,YOUTUBE,11084,Multiplayer
22056,YOUTUBE,11088,Price
22057,YOUTUBE,11094,Nostalgia
22058,YOUTUBE,11102,Nostalgia
22059,YOUTUBE,11105,Hype
22060,YOUTUBE,11113,Hype
22061,YOUTUBE,11129,Hype
22062,YOUTUBE,11132,Multiplayer
22063,YOUTUBE,11137,Hype
22064,YOUTUBE,11143,Store_UX
22065,YOUTUBE,11151,Store_UX
22066,YOUTUBE,11164,Multiplayer
22067,YOUTUBE,11167,Store_UX
22068,YOUTUBE,11169,Hype
22069,YOUTUBE,11179,Exclusivity
22070,YOUTUBE,11180,Multiplayer
22071,YOUTUBE,11190,Nostalgia
22072,YOUTUBE,11202,Performance
22073,YOUTUBE,11215,Store_UX
22074,YOUTUBE,11219,Exclusivity
22075,YOUTUBE,11234,Performance
22076,YOUTUBE,11241,Hype
22077,YOUTUBE,11263,Store_UX
22078,YOUTUBE,11266,Performance
22079,YOUTUBE,11269,Bug_Complaint
22080,YOUTUBE,11273,Hype
22081,YOUTUBE,11280,Price
22082,YOUTUBE,11292,Multiplayer
22083,YOUTUBE,11328,Price
22084,YOUTUBE,11332,Multiplayer
22085,YOUTUBE,11335,Store_UX
22086,YOUTUBE,11337,Hype
22087,YOUTUBE,11347,Exclusivity
22088,YOUTUBE,11350,Nostalgia
22089,YOUTUBE,11356,Multiplayer
22090,YOUTUBE,11359,Store_UX
22091,YOUTUBE,11377,Hype
22092,YOUTUBE,11378,Performance
22093,YOUTUBE,11385,Hype
22094,YOUTUBE,11386,Performance
22095,YOUTUBE,11404,Multiplayer
22096,YOUTUBE,11416,Price
22097,YOUTUBE,11426,Performance
22098,YOUTUBE,11428,Multiplayer
22099,YOUTUBE,11431,Store_UX
22100,YOUTUBE,11433,Hype
22101,YOUTUBE,11436,Multiplayer
22102,YOUTUBE,11443,Exclusivity
22103,YOUTUBE,11444,Multiplayer
22104,YOUTUBE,11448,Price
22105,YOUTUBE,11465,Hype
22106,YOUTUBE,11467,Exclusivity
22107,YOUTUBE,11471,Store_UX
22108,YOUTUBE,11473,Hype
22109,YOUTUBE,11474,Performance
22110,YOUTUBE,11483,Exclusivity
22111,YOUTUBE,11486,Nostalgia
22112,YOUTUBE,11496,Price
22113,YOUTUBE,11503,Store_UX
22114,YOUTUBE,11506,Performance
22115,YOUTUBE,11527,Store_UX
22116,YOUTUBE,11539,Exclusivity
22117,YOUTUBE,11542,Nostalgia
22118,YOUTUBE,11547,Exclusivity
22119,YOUTUBE,11549,Bug_Complaint
22120,YOUTUBE,11551,Store_UX
22121,YOUTUBE,11556,Multiplayer
22122,YOUTUBE,11563,Exclusivity
22123,YOUTUBE,11568,Price
22124,YOUTUBE,11570,Performance
22125,YOUTUBE,11571,Exclusivity
22126,YOUTUBE,11573,Bug_Complaint
22127,YOUTUBE,11585,Hype
22128,YOUTUBE,11591,Store_UX
22129,YOUTUBE,11597,Bug_Complaint
22130,YOUTUBE,11604,Multiplayer
22131,YOUTUBE,11606,Nostalgia
22132,YOUTUBE,11628,Multiplayer
22133,YOUTUBE,11632,Price
22134,YOUTUBE,11642,Performance
22135,YOUTUBE,11643,Exclusivity
22136,YOUTUBE,11646,Nostalgia
22137,YOUTUBE,11648,Price
22138,YOUTUBE,11650,Performance
22139,YOUTUBE,11652,Multiplayer
22140,YOUTUBE,11654,Nostalgia
22141,YOUTUBE,11670,Nostalgia
22142,YOUTUBE,11671,Store_UX
22143,YOUTUBE,11680,Price
22144,YOUTUBE,11682,Performance
22145,YOUTUBE,11691,Exclusivity
22146,YOUTUBE,11708,Multiplayer
22147,YOUTUBE,11722,Performance
22148,YOUTUBE,11725,Bug_Complaint
22149,YOUTUBE,11738,Performance
22150,YOUTUBE,11740,Multiplayer
22151,YOUTUBE,11746,Performance
22152,YOUTUBE,11747,Exclusivity
22153,YOUTUBE,11749,Bug_Complaint
22154,YOUTUBE,11756,Multiplayer
22155,YOUTUBE,11760,Price
22156,YOUTUBE,11762,Performance
22157,YOUTUBE,11773,Bug_Complaint
22158,YOUTUBE,11774,Nostalgia
22159,YOUTUBE,11776,Price
22160,YOUTUBE,11780,Multiplayer
22161,YOUTUBE,11798,Nostalgia
22162,YOUTUBE,11808,Price
22163,YOUTUBE,11811,Exclusivity
22164,YOUTUBE,11823,Store_UX
22165,YOUTUBE,11830,Nostalgia
22166,YOUTUBE,11837,Bug_Complaint
22167,YOUTUBE,11843,Exclusivity
22168,YOUTUBE,11852,Multiplayer
22169,YOUTUBE,11859,Exclusivity
22170,YOUTUBE,11862,Nostalgia
22171,YOUTUBE,11872,Price
22172,YOUTUBE,11876,Multiplayer
22173,YOUTUBE,11877,Bug_Complaint
22174,YOUTUBE,11885,Bug_Complaint
22175,YOUTUBE,11900,Multiplayer
22176,YOUTUBE,11905,Hype
22177,YOUTUBE,11907,Exclusivity
22178,YOUTUBE,11911,Store_UX
22179,YOUTUBE,11912,Price
22180,YOUTUBE,11916,Multiplayer
22181,YOUTUBE,11919,Store_UX
22182,YOUTUBE,11928,Price
22183,YOUTUBE,11932,Multiplayer
22184,YOUTUBE,11953,Hype
22185,YOUTUBE,11961,Hype
22186,YOUTUBE,11962,Performance
22187,YOUTUBE,11964,Multiplayer
22188,YOUTUBE,11972,Multiplayer
22189,YOUTUBE,11985,Hype
22190,YOUTUBE,11989,Bug_Complaint
22191,YOUTUBE,11996,Multiplayer
22192,YOUTUBE,11997,Bug_Complaint
22193,YOUTUBE,12004,Multiplayer
22194,YOUTUBE,12034,Performance
22195,YOUTUBE,12041,Hype
22196,YOUTUBE,12047,Store_UX
22197,YOUTUBE,12048,Price
22198,YOUTUBE,12063,Store_UX
22199,YOUTUBE,12067,Exclusivity
22200,YOUTUBE,12072,Price
22201,YOUTUBE,12080,Price
22202,YOUTUBE,12088,Price
22203,YOUTUBE,12089,Hype
22204,YOUTUBE,12109,Bug_Complaint
22205,YOUTUBE,12112,Price
22206,YOUTUBE,12114,Performance
22207,YOUTUBE,12118,Nostalgia
22208,YOUTUBE,12124,Multiplayer
22209,YOUTUBE,12130,Performance
22210,YOUTUBE,12133,Bug_Complaint
22211,YOUTUBE,12143,Store_UX
22212,YOUTUBE,12158,Nostalgia
22213,YOUTUBE,12159,Store_UX
22214,YOUTUBE,12164,Multiplayer
22215,YOUTUBE,12172,Multiplayer
22216,YOUTUBE,12174,Nostalgia
22217,YOUTUBE,12191,Store_UX
22218,YOUTUBE,12200,Price
22219,YOUTUBE,12201,Hype
22220,YOUTUBE,12206,Nostalgia
22221,YOUTUBE,12217,Hype
22222,YOUTUBE,12223,Store_UX
22223,YOUTUBE,12247,Store_UX
22224,YOUTUBE,12256,Price
22225,YOUTUBE,12263,Store_UX
22226,YOUTUBE,12266,Performance
22227,YOUTUBE,12267,Exclusivity
22228,YOUTUBE,12279,Store_UX
22229,YOUTUBE,12287,Store_UX
22230,YOUTUBE,12304,Price
22231,YOUTUBE,12306,Performance
22232,YOUTUBE,12307,Exclusivity
22233,YOUTUBE,12314,Performance
22234,YOUTUBE,12315,Exclusivity
22235,YOUTUBE,12319,Store_UX
22236,YOUTUBE,12326,Nostalgia
22237,YOUTUBE,12328,Price
22238,YOUTUBE,12329,Hype
22239,YOUTUBE,12337,Hype
22240,YOUTUBE,12341,Bug_Complaint
22241,YOUTUBE,12343,Store_UX
22242,YOUTUBE,12344,Price
22243,YOUTUBE,12349,Bug_Complaint
22244,YOUTUBE,12352,Price
22245,YOUTUBE,12353,Hype
22246,YOUTUBE,12354,Performance
22247,YOUTUBE,12363,Exclusivity
22248,YOUTUBE,12374,Nostalgia
22249,YOUTUBE,12376,Price
22250,YOUTUBE,12377,Hype
22251,YOUTUBE,12379,Exclusivity
22252,YOUTUBE,12397,Bug_Complaint
22253,YOUTUBE,12400,Price
22254,YOUTUBE,12415,Store_UX
22255,YOUTUBE,12423,Store_UX
22256,YOUTUBE,12435,Exclusivity
22257,YOUTUBE,12444,Multiplayer
22258,YOUTUBE,12447,Store_UX
22259,YOUTUBE,12450,Performance
22260,YOUTUBE,12491,Exclusivity
22261,YOUTUBE,12493,Bug_Complaint
22262,YOUTUBE,12509,Bug_Complaint
22263,YOUTUBE,12511,Store_UX
22264,YOUTUBE,12520,Price
22265,YOUTUBE,12524,Multiplayer
22266,YOUTUBE,12541,Bug_Complaint
22267,YOUTUBE,12544,Price
22268,YOUTUBE,12560,Price
22269,YOUTUBE,12568,Price
22270,YOUTUBE,12580,Multiplayer
22271,YOUTUBE,12581,Bug_Complaint
22272,YOUTUBE,12591,Store_UX
22273,YOUTUBE,12594,Performance
22274,YOUTUBE,12601,Hype
22275,YOUTUBE,12603,Exclusivity
22276,YOUTUBE,12606,Nostalgia
22277,YOUTUBE,12632,Price
22278,YOUTUBE,12637,Bug_Complaint
22279,YOUTUBE,12639,Store_UX
22280,YOUTUBE,12643,Exclusivity
22281,YOUTUBE,12647,Store_UX
22282,YOUTUBE,12654,Nostalgia
22283,YOUTUBE,12656,Price
22284,YOUTUBE,12660,Multiplayer
22285,YOUTUBE,12671,Store_UX
22286,YOUTUBE,12675,Exclusivity
22287,YOUTUBE,12676,Multiplayer
22288,YOUTUBE,12679,Store_UX
22289,YOUTUBE,12691,Exclusivity
22290,YOUTUBE,12696,Price
22291,YOUTUBE,12707,Exclusivity
22292,YOUTUBE,12718,Nostalgia
22293,YOUTUBE,12728,Price
22294,YOUTUBE,12748,Multiplayer
22295,YOUTUBE,12753,Hype
22296,YOUTUBE,12755,Exclusivity
22297,YOUTUBE,12761,Hype
22298,YOUTUBE,12765,Bug_Complaint
22299,YOUTUBE,12768,Price
22300,YOUTUBE,12772,Multiplayer
22301,YOUTUBE,12783,Store_UX
22302,YOUTUBE,12784,Price
22303,YOUTUBE,12789,Bug_Complaint
22304,YOUTUBE,12798,Nostalgia
22305,YOUTUBE,15378,Performance
22306,YOUTUBE,15388,Multiplayer
22307,YOUTUBE,15397,Bug_Complaint
22308,YOUTUBE,15398,Nostalgia
22309,YOUTUBE,15412,Multiplayer
22310,YOUTUBE,15415,Store_UX
22311,YOUTUBE,15429,Bug_Complaint
22312,YOUTUBE,15440,Price
22313,YOUTUBE,15448,Price
22314,YOUTUBE,15460,Multiplayer
22315,YOUTUBE,15465,Hype
22316,YOUTUBE,15471,Store_UX
22317,YOUTUBE,15495,Store_UX
22318,YOUTUBE,15496,Price
22319,YOUTUBE,15499,Exclusivity
22320,YOUTUBE,15507,Exclusivity
22321,YOUTUBE,15508,Multiplayer
22322,YOUTUBE,15516,Multiplayer
22323,YOUTUBE,15520,Price
22324,YOUTUBE,15522,Performance
22325,YOUTUBE,15524,Multiplayer
22326,YOUTUBE,15537,Hype
22327,YOUTUBE,15539,Exclusivity
22328,YOUTUBE,15545,Hype
22329,YOUTUBE,15546,Performance
22330,YOUTUBE,15552,Price
22331,YOUTUBE,15556,Multiplayer
22332,YOUTUBE,15558,Nostalgia
22333,YOUTUBE,15561,Hype
22334,YOUTUBE,15569,Hype
22335,YOUTUBE,15580,Multiplayer
22336,YOUTUBE,15584,Price
22337,YOUTUBE,15587,Exclusivity
22338,YOUTUBE,15606,Nostalgia
22339,YOUTUBE,15616,Price
22340,YOUTUBE,15619,Exclusivity
22341,YOUTUBE,15624,Price
22342,YOUTUBE,15638,Nostalgia
22343,YOUTUBE,15652,Multiplayer
22344,YOUTUBE,15659,Exclusivity
22345,YOUTUBE,15660,Multiplayer
22346,YOUTUBE,15665,Hype
22347,YOUTUBE,15670,Nostalgia
22348,YOUTUBE,15673,Hype
22349,YOUTUBE,15680,Price
22350,YOUTUBE,15681,Hype
22351,YOUTUBE,15684,Multiplayer
22352,YOUTUBE,15709,Bug_Complaint
22353,YOUTUBE,15719,Store_UX
22354,YOUTUBE,15724,Multiplayer
22355,YOUTUBE,15733,Bug_Complaint
22356,YOUTUBE,15738,Performance
22357,YOUTUBE,15748,Multiplayer
22358,YOUTUBE,15763,Exclusivity
22359,YOUTUBE,15776,Price
22360,YOUTUBE,15778,Performance
22361,YOUTUBE,15794,Performance
22362,YOUTUBE,15795,Exclusivity
22363,YOUTUBE,15827,Exclusivity
22364,YOUTUBE,15841,Hype
22365,YOUTUBE,15877,Bug_Complaint
22366,YOUTUBE,15890,Performance
22367,YOUTUBE,15909,Bug_Complaint
22368,YOUTUBE,15924,Multiplayer
22369,YOUTUBE,15925,Bug_Complaint
22370,YOUTUBE,15937,Hype
22371,YOUTUBE,15941,Bug_Complaint
22372,YOUTUBE,15953,Hype
22373,YOUTUBE,15956,Multiplayer
22374,YOUTUBE,15965,Bug_Complaint
22375,YOUTUBE,15979,Exclusivity
22376,YOUTUBE,15991,Store_UX
22377,YOUTUBE,15995,Exclusivity
22378,YOUTUBE,16002,Performance
22379,YOUTUBE,16003,Exclusivity
22380,YOUTUBE,16007,Store_UX
22381,YOUTUBE,16011,Exclusivity
22382,YOUTUBE,16015,Store_UX
22383,YOUTUBE,16021,Bug_Complaint
22384,YOUTUBE,16028,Multiplayer
22385,YOUTUBE,16051,Exclusivity
22386,YOUTUBE,16069,Bug_Complaint
22387,YOUTUBE,16085,Bug_Complaint
22388,YOUTUBE,16086,Nostalgia
22389,YOUTUBE,16096,Price
22390,YOUTUBE,16100,Multiplayer
22391,YOUTUBE,16104,Price
22392,YOUTUBE,16109,Bug_Complaint
22393,YOUTUBE,16119,Store_UX
22394,YOUTUBE,16183,Store_UX
22395,YOUTUBE,16200,Price
22396,YOUTUBE,16204,Multiplayer
22397,YOUTUBE,16210,Performance
22398,YOUTUBE,16211,Exclusivity
22399,YOUTUBE,16217,Hype
22400,YOUTUBE,16228,Multiplayer
22401,YOUTUBE,16241,Hype
22402,YOUTUBE,16272,Price
22403,YOUTUBE,16276,Multiplayer
22404,YOUTUBE,16279,Store_UX
22405,YOUTUBE,16286,Nostalgia
22406,YOUTUBE,16307,Exclusivity
22407,YOUTUBE,16309,Bug_Complaint
22408,YOUTUBE,16312,Price
22409,YOUTUBE,16316,Multiplayer
22410,YOUTUBE,16318,Nostalgia
22411,YOUTUBE,16319,Store_UX
22412,YOUTUBE,16341,Bug_Complaint
22413,YOUTUBE,16348,Multiplayer
22414,YOUTUBE,16370,Performance
22415,YOUTUBE,16375,Store_UX
22416,YOUTUBE,16385,Hype
22417,YOUTUBE,16386,Performance
22418,YOUTUBE,16398,Nostalgia
22419,YOUTUBE,16428,Multiplayer
22420,YOUTUBE,16441,Hype
22421,YOUTUBE,16442,Performance
22422,YOUTUBE,16457,Hype
22423,YOUTUBE,16458,Performance
22424,YOUTUBE,16459,Exclusivity
22425,YOUTUBE,16468,Multiplayer
22426,YOUTUBE,16474,Performance
22427,YOUTUBE,16502,Nostalgia
22428,YOUTUBE,16507,Exclusivity
22429,YOUTUBE,16522,Performance
22430,YOUTUBE,16523,Exclusivity
22431,YOUTUBE,16575,Store_UX
22432,YOUTUBE,16584,Price
22433,YOUTUBE,16587,Exclusivity
22434,YOUTUBE,16591,Store_UX
22435,YOUTUBE,16599,Store_UX
22436,YOUTUBE,16602,Performance
22437,YOUTUBE,16607,Store_UX
22438,YOUTUBE,16620,Multiplayer
22439,YOUTUBE,16621,Bug_Complaint
22440,YOUTUBE,16622,Nostalgia
22441,YOUTUBE,16625,Hype
22442,YOUTUBE,16630,Nostalgia
22443,YOUTUBE,16640,Price
22444,YOUTUBE,16645,Bug_Complaint
22445,YOUTUBE,16648,Price
22446,YOUTUBE,16652,Multiplayer
22447,YOUTUBE,16656,Price
22448,YOUTUBE,16658,Performance
22449,YOUTUBE,16666,Performance
22450,YOUTUBE,16672,Price
22451,YOUTUBE,16675,Exclusivity
22452,YOUTUBE,16679,Store_UX
22453,YOUTUBE,16693,Bug_Complaint
22454,YOUTUBE,16695,Store_UX
22455,YOUTUBE,16720,Price
22456,YOUTUBE,16726,Nostalgia
22457,YOUTUBE,16741,Bug_Complaint
22458,YOUTUBE,16743,Store_UX
22459,YOUTUBE,16746,Performance
22460,YOUTUBE,16750,Nostalgia
22461,YOUTUBE,16752,Price
22462,YOUTUBE,16761,Hype
22463,YOUTUBE,16767,Store_UX
22464,YOUTUBE,16773,Bug_Complaint
22465,YOUTUBE,16776,Price
22466,YOUTUBE,16777,Hype
22467,YOUTUBE,16781,Bug_Complaint
22468,YOUTUBE,16787,Exclusivity
22469,YOUTUBE,16788,Multiplayer
22470,YOUTUBE,16792,Price
22471,YOUTUBE,16797,Bug_Complaint
22472,YOUTUBE,16805,Bug_Complaint
22473,YOUTUBE,16808,Price
22474,YOUTUBE,16815,Store_UX
22475,YOUTUBE,16836,Multiplayer
22476,YOUTUBE,16848,Price
22477,YOUTUBE,16853,Bug_Complaint
22478,YOUTUBE,16855,Store_UX
22479,YOUTUBE,16859,Exclusivity
22480,YOUTUBE,16868,Multiplayer
22481,YOUTUBE,16872,Price
22482,YOUTUBE,16878,Nostalgia
22483,YOUTUBE,16886,Nostalgia
22484,YOUTUBE,16889,Hype
22485,YOUTUBE,16897,Hype
22486,YOUTUBE,16913,Hype
22487,YOUTUBE,16916,Multiplayer
22488,YOUTUBE,16921,Hype
22489,YOUTUBE,16927,Store_UX
22490,YOUTUBE,16935,Store_UX
22491,YOUTUBE,16948,Multiplayer
22492,YOUTUBE,16951,Store_UX
22493,YOUTUBE,16953,Hype
22494,YOUTUBE,16963,Exclusivity
22495,YOUTUBE,16964,Multiplayer
22496,YOUTUBE,16974,Nostalgia
22497,YOUTUBE,16986,Performance
22498,YOUTUBE,16999,Store_UX
22499,YOUTUBE,17003,Exclusivity
22500,YOUTUBE,17018,Performance
22501,YOUTUBE,17025,Hype
22502,YOUTUBE,17047,Store_UX
22503,YOUTUBE,17050,Performance
22504,YOUTUBE,17053,Bug_Complaint
22505,YOUTUBE,17057,Hype
22506,YOUTUBE,17064,Price
22507,YOUTUBE,17076,Multiplayer
22508,YOUTUBE,17112,Price
22509,YOUTUBE,17116,Multiplayer
22510,YOUTUBE,17119,Store_UX
22511,YOUTUBE,17121,Hype
22512,YOUTUBE,17131,Exclusivity
22513,YOUTUBE,17134,Nostalgia
22514,YOUTUBE,17140,Multiplayer
22515,YOUTUBE,17143,Store_UX
22516,YOUTUBE,17161,Hype
22517,YOUTUBE,17162,Performance
22518,YOUTUBE,17169,Hype
22519,YOUTUBE,17170,Performance
22520,YOUTUBE,17188,Multiplayer
22521,YOUTUBE,17200,Price
22522,YOUTUBE,17210,Performance
22523,YOUTUBE,17212,Multiplayer
22524,YOUTUBE,17215,Store_UX
22525,YOUTUBE,17217,Hype
22526,YOUTUBE,17220,Multiplayer
22527,YOUTUBE,17227,Exclusivity
22528,YOUTUBE,17228,Multiplayer
22529,YOUTUBE,17232,Price
22530,YOUTUBE,17249,Hype
22531,YOUTUBE,17251,Exclusivity
22532,YOUTUBE,17255,Store_UX
22533,YOUTUBE,17257,Hype
22534,YOUTUBE,17258,Performance
22535,YOUTUBE,17267,Exclusivity
22536,YOUTUBE,17270,Nostalgia
22537,YOUTUBE,17280,Price
22538,YOUTUBE,17287,Store_UX
22539,YOUTUBE,17290,Performance
22540,YOUTUBE,17311,Store_UX
22541,YOUTUBE,17323,Exclusivity
22542,YOUTUBE,17326,Nostalgia
22543,YOUTUBE,17331,Exclusivity
22544,YOUTUBE,17333,Bug_Complaint
22545,YOUTUBE,17335,Store_UX
22546,YOUTUBE,17340,Multiplayer
22547,YOUTUBE,17347,Exclusivity
22548,YOUTUBE,17352,Price
22549,YOUTUBE,17354,Performance
22550,YOUTUBE,17355,Exclusivity
22551,YOUTUBE,17357,Bug_Complaint
22552,YOUTUBE,17369,Hype
22553,YOUTUBE,17375,Store_UX
22554,YOUTUBE,17381,Bug_Complaint
22555,YOUTUBE,17388,Multiplayer
22556,YOUTUBE,17390,Nostalgia
22557,YOUTUBE,17412,Multiplayer
22558,YOUTUBE,17416,Price
22559,YOUTUBE,17426,Performance
22560,YOUTUBE,17427,Exclusivity
22561,YOUTUBE,17430,Nostalgia
22562,YOUTUBE,17432,Price
22563,YOUTUBE,17434,Performance
22564,YOUTUBE,17436,Multiplayer
22565,YOUTUBE,17438,Nostalgia
22566,YOUTUBE,17454,Nostalgia
22567,YOUTUBE,17455,Store_UX
22568,YOUTUBE,17464,Price
22569,YOUTUBE,17466,Performance
22570,YOUTUBE,17475,Exclusivity
22571,YOUTUBE,17492,Multiplayer
22572,YOUTUBE,17506,Performance
22573,YOUTUBE,17509,Bug_Complaint
22574,YOUTUBE,17522,Performance
22575,YOUTUBE,17524,Multiplayer
22576,YOUTUBE,17530,Performance
22577,YOUTUBE,17531,Exclusivity
22578,YOUTUBE,17533,Bug_Complaint
22579,YOUTUBE,17540,Multiplayer
22580,YOUTUBE,17544,Price
22581,YOUTUBE,17546,Performance
22582,YOUTUBE,17557,Bug_Complaint
22583,YOUTUBE,17558,Nostalgia
22584,YOUTUBE,17560,Price
22585,YOUTUBE,17564,Multiplayer
22586,YOUTUBE,17582,Nostalgia
22587,YOUTUBE,17592,Price
22588,YOUTUBE,17595,Exclusivity
22589,YOUTUBE,17607,Store_UX
22590,YOUTUBE,17614,Nostalgia
22591,YOUTUBE,17621,Bug_Complaint
22592,YOUTUBE,17627,Exclusivity
22593,YOUTUBE,17636,Multiplayer
22594,YOUTUBE,17643,Exclusivity
22595,YOUTUBE,17646,Nostalgia
22596,YOUTUBE,17656,Price
22597,YOUTUBE,17660,Multiplayer
22598,YOUTUBE,17661,Bug_Complaint
22599,YOUTUBE,17669,Bug_Complaint
22600,YOUTUBE,17684,Multiplayer
22601,YOUTUBE,17689,Hype
22602,YOUTUBE,17691,Exclusivity
22603,YOUTUBE,17695,Store_UX
22604,YOUTUBE,17696,Price
22605,YOUTUBE,17700,Multiplayer
22606,YOUTUBE,17703,Store_UX
22607,YOUTUBE,17712,Price
22608,YOUTUBE,17716,Multiplayer
22609,YOUTUBE,17737,Hype
22610,YOUTUBE,17745,Hype
22611,YOUTUBE,17746,Performance
22612,YOUTUBE,17748,Multiplayer
22613,YOUTUBE,17756,Multiplayer
22614,YOUTUBE,17769,Hype
22615,YOUTUBE,17773,Bug_Complaint
22616,YOUTUBE,17780,Multiplayer
22617,YOUTUBE,17781,Bug_Complaint
22618,YOUTUBE,17788,Multiplayer
22619,YOUTUBE,17818,Performance
22620,YOUTUBE,17825,Hype
22621,YOUTUBE,17831,Store_UX
22622,YOUTUBE,17832,Price
22623,YOUTUBE,17847,Store_UX
22624,YOUTUBE,17851,Exclusivity
22625,YOUTUBE,17856,Price
22626,YOUTUBE,17864,Price
22627,YOUTUBE,17872,Price
22628,YOUTUBE,17873,Hype
22629,YOUTUBE,17893,Bug_Complaint
22630,YOUTUBE,17896,Price
22631,YOUTUBE,17898,Performance
22632,YOUTUBE,17902,Nostalgia
22633,YOUTUBE,17908,Multiplayer
22634,YOUTUBE,17914,Performance
22635,YOUTUBE,17917,Bug_Complaint
22636,REDDIT,4670,Exclusivity
22637,REDDIT,4688,Price
22638,REDDIT,4710,Store_UX
22639,REDDIT,4718,Hype
22640,REDDIT,4720,Price
22641,REDDIT,4727,Multiplayer
22642,REDDIT,4732,Nostalgia
22643,REDDIT,4738,Hype
22644,REDDIT,4739,Hype
22645,REDDIT,4742,Exclusivity
22646,REDDIT,4755,Store_UX
22647,REDDIT,4756,Price
22648,REDDIT,4762,Exclusivity
22649,REDDIT,4770,Store_UX
22650,REDDIT,4771,Multiplayer
22651,REDDIT,4785,Multiplayer
22652,REDDIT,4787,Multiplayer
22653,REDDIT,4791,Hype
22654,REDDIT,4798,Exclusivity
22655,REDDIT,4808,Nostalgia
22656,REDDIT,4812,Performance
22657,REDDIT,4821,Hype
22658,REDDIT,4825,Multiplayer
22659,REDDIT,4830,Performance
22660,REDDIT,4832,Multiplayer
22661,REDDIT,4834,Store_UX
22662,REDDIT,4844,Nostalgia
22663,REDDIT,4848,Bug_Complaint
22664,REDDIT,4863,Hype
22665,REDDIT,4865,Multiplayer
22666,REDDIT,4868,Exclusivity
22667,REDDIT,4870,Performance
22668,REDDIT,4871,Hype
22669,REDDIT,4872,Bug_Complaint
22670,REDDIT,4873,Nostalgia
22671,REDDIT,4879,Performance
22672,REDDIT,4898,Nostalgia
22673,REDDIT,4899,Exclusivity
22674,REDDIT,4903,Store_UX
22675,REDDIT,4904,Exclusivity
22676,REDDIT,4911,Multiplayer
22677,REDDIT,4918,Store_UX
22678,REDDIT,4921,Nostalgia
22679,REDDIT,4932,Price
22680,REDDIT,4937,Bug_Complaint
22681,REDDIT,4939,Performance
22682,REDDIT,4966,Exclusivity
22683,REDDIT,4981,Multiplayer
22684,REDDIT,4982,Multiplayer
22685,REDDIT,4989,Performance
22686,REDDIT,5002,Multiplayer
22687,REDDIT,5003,Hype
22688,REDDIT,5004,Price
22689,REDDIT,5007,Price
22690,REDDIT,5031,Exclusivity
22691,REDDIT,5058,Exclusivity
22692,REDDIT,5073,Price
22693,REDDIT,5080,Multiplayer
22694,REDDIT,5094,Price
22695,REDDIT,5111,Multiplayer
22696,REDDIT,5118,Bug_Complaint
22697,REDDIT,5127,Exclusivity
22698,REDDIT,5140,Exclusivity
22699,REDDIT,5142,Performance
22700,REDDIT,5152,Performance
22701,REDDIT,5154,Multiplayer
22702,REDDIT,5155,Multiplayer
22703,REDDIT,5166,Exclusivity
22704,REDDIT,5181,Price
22705,REDDIT,5195,Exclusivity
22706,REDDIT,5198,Multiplayer
22707,REDDIT,5199,Bug_Complaint
22708,REDDIT,5200,Store_UX
22709,REDDIT,5203,Price
22710,REDDIT,5206,Multiplayer
22711,REDDIT,5208,Store_UX
22712,REDDIT,5220,Multiplayer
22713,REDDIT,5224,Store_UX
22714,REDDIT,5227,Performance
22715,REDDIT,5234,Bug_Complaint
22716,REDDIT,5237,Hype
22717,REDDIT,5241,Exclusivity
22718,REDDIT,5259,Bug_Complaint
22719,REDDIT,5263,Store_UX
22720,REDDIT,5268,Multiplayer
22721,REDDIT,5273,Store_UX
22722,REDDIT,5278,Multiplayer
22723,REDDIT,5281,Price
22724,REDDIT,5282,Nostalgia
22725,REDDIT,5306,Exclusivity
22726,REDDIT,5307,Price
22727,REDDIT,5310,Nostalgia
22728,REDDIT,5319,Multiplayer
9830,REDDIT,16,Hype
9831,REDDIT,27,Store_UX
9832,REDDIT,47,Multiplayer
9833,REDDIT,56,Store_UX
9834,REDDIT,87,Bug_Complaint
9835,REDDIT,91,Store_UX
9836,REDDIT,94,Performance
9837,REDDIT,96,Hype
9838,REDDIT,104,Bug_Complaint
9839,REDDIT,120,Performance
9840,REDDIT,133,Nostalgia
9841,REDDIT,168,Nostalgia
9842,REDDIT,172,Store_UX
9843,REDDIT,189,Price
9844,REDDIT,195,Price
9845,REDDIT,197,Bug_Complaint
9846,REDDIT,206,Bug_Complaint
9847,REDDIT,210,Hype
9848,REDDIT,220,Performance
9849,REDDIT,223,Price
9850,REDDIT,228,Exclusivity
9851,REDDIT,235,Store_UX
9852,REDDIT,236,Price
9853,REDDIT,244,Bug_Complaint
9854,REDDIT,259,Multiplayer
9855,REDDIT,264,Performance
9856,REDDIT,268,Multiplayer
9857,REDDIT,281,Price
9858,REDDIT,290,Price
9859,REDDIT,297,Store_UX
9860,REDDIT,304,Nostalgia
9861,REDDIT,327,Nostalgia
9862,REDDIT,331,Nostalgia
9863,REDDIT,338,Store_UX
9864,REDDIT,346,Store_UX
9865,REDDIT,350,Price
9866,REDDIT,355,Multiplayer
9867,REDDIT,356,Store_UX
9868,REDDIT,358,Price
9869,REDDIT,359,Hype
9870,REDDIT,364,Exclusivity
9871,REDDIT,377,Hype
9872,REDDIT,379,Bug_Complaint
9873,REDDIT,381,Exclusivity
9874,REDDIT,404,Performance
9875,REDDIT,424,Price
9876,REDDIT,427,Store_UX
9877,REDDIT,433,Bug_Complaint
9878,REDDIT,445,Nostalgia
9879,REDDIT,452,Nostalgia
9880,REDDIT,454,Exclusivity
9881,REDDIT,457,Price
9882,REDDIT,466,Nostalgia
9883,REDDIT,470,Nostalgia
9884,REDDIT,476,Exclusivity
9885,REDDIT,486,Multiplayer
9886,REDDIT,498,Price
9887,REDDIT,500,Exclusivity
9888,REDDIT,513,Price
9889,REDDIT,514,Price
9890,REDDIT,516,Store_UX
9891,REDDIT,520,Nostalgia
9892,REDDIT,523,Store_UX
9893,REDDIT,540,Price
9894,REDDIT,541,Hype
9895,REDDIT,593,Exclusivity
9896,REDDIT,622,Nostalgia
9897,REDDIT,627,Hype
9898,REDDIT,642,Price
9899,REDDIT,646,Hype
9900,REDDIT,647,Price
9901,REDDIT,651,Price
9902,REDDIT,662,Multiplayer
9903,REDDIT,664,Multiplayer
9904,YOUTUBE,4,Multiplayer
9905,YOUTUBE,15,Store_UX
9906,YOUTUBE,16,Price
9907,YOUTUBE,24,Price
9908,YOUTUBE,35,Exclusivity
9909,YOUTUBE,37,Bug_Complaint
9910,YOUTUBE,57,Hype
9911,YOUTUBE,67,Exclusivity
9912,YOUTUBE,88,Price
9913,YOUTUBE,90,Performance
9914,YOUTUBE,105,Hype
9915,YOUTUBE,107,Exclusivity
9916,YOUTUBE,111,Store_UX
9917,YOUTUBE,112,Price
9918,YOUTUBE,132,Multiplayer
9919,YOUTUBE,137,Hype
9920,YOUTUBE,159,Store_UX
9921,YOUTUBE,179,Exclusivity
9922,YOUTUBE,193,Hype
9923,YOUTUBE,200,Price
9924,YOUTUBE,209,Hype
9925,YOUTUBE,221,Bug_Complaint
9926,YOUTUBE,222,Nostalgia
9927,YOUTUBE,225,Hype
9928,YOUTUBE,247,Store_UX
9929,YOUTUBE,257,Hype
9930,YOUTUBE,259,Exclusivity
9931,YOUTUBE,261,Bug_Complaint
9932,YOUTUBE,272,Price
9933,YOUTUBE,288,Price
9934,YOUTUBE,298,Performance
9935,YOUTUBE,308,Multiplayer
9936,YOUTUBE,309,Bug_Complaint
9937,YOUTUBE,322,Performance
9938,YOUTUBE,328,Price
9939,YOUTUBE,348,Multiplayer
9940,YOUTUBE,355,Exclusivity
9941,YOUTUBE,371,Exclusivity
9942,YOUTUBE,392,Price
9943,YOUTUBE,394,Performance
9944,YOUTUBE,396,Multiplayer
9945,YOUTUBE,403,Exclusivity
9946,YOUTUBE,407,Store_UX
9947,YOUTUBE,408,Price
9948,YOUTUBE,414,Nostalgia
9949,YOUTUBE,423,Store_UX
9950,YOUTUBE,426,Performance
9951,YOUTUBE,442,Performance
9952,YOUTUBE,443,Exclusivity
9953,YOUTUBE,446,Nostalgia
9954,YOUTUBE,448,Price
9955,YOUTUBE,449,Hype
9956,YOUTUBE,462,Nostalgia
9957,YOUTUBE,463,Store_UX
9958,YOUTUBE,471,Store_UX
9959,YOUTUBE,472,Price
9960,YOUTUBE,476,Multiplayer
9961,YOUTUBE,478,Nostalgia
9962,YOUTUBE,488,Price
9963,YOUTUBE,491,Exclusivity
9964,YOUTUBE,492,Multiplayer
9965,YOUTUBE,502,Nostalgia
9966,YOUTUBE,508,Multiplayer
9967,YOUTUBE,512,Price
9968,YOUTUBE,513,Hype
9969,YOUTUBE,515,Exclusivity
9970,YOUTUBE,519,Store_UX
9971,YOUTUBE,522,Performance
9972,YOUTUBE,532,Multiplayer
9973,YOUTUBE,551,Store_UX
9974,YOUTUBE,563,Exclusivity
9975,YOUTUBE,569,Hype
9976,YOUTUBE,570,Performance
9977,YOUTUBE,581,Bug_Complaint
9978,YOUTUBE,592,Price
9979,YOUTUBE,604,Multiplayer
9980,YOUTUBE,623,Store_UX
9981,YOUTUBE,630,Nostalgia
9982,YOUTUBE,636,Multiplayer
9983,YOUTUBE,639,Store_UX
9984,YOUTUBE,654,Nostalgia
9985,YOUTUBE,658,Performance
9986,YOUTUBE,662,Nostalgia
9987,YOUTUBE,669,Bug_Complaint
9988,YOUTUBE,677,Bug_Complaint
9989,YOUTUBE,681,Hype
9990,YOUTUBE,706,Performance
9991,YOUTUBE,707,Exclusivity
9992,YOUTUBE,709,Bug_Complaint
9993,YOUTUBE,733,Bug_Complaint
9994,YOUTUBE,735,Store_UX
9995,YOUTUBE,740,Multiplayer
9996,YOUTUBE,775,Store_UX
9997,YOUTUBE,784,Price
9998,YOUTUBE,788,Multiplayer
9999,YOUTUBE,793,Hype
10000,YOUTUBE,800,Price
10001,YOUTUBE,811,Exclusivity
10002,YOUTUBE,812,Multiplayer
10003,YOUTUBE,817,Hype
10004,YOUTUBE,820,Multiplayer
10005,YOUTUBE,824,Price
10006,YOUTUBE,829,Bug_Complaint
10007,YOUTUBE,841,Hype
10008,YOUTUBE,856,Price
10009,YOUTUBE,868,Multiplayer
10010,YOUTUBE,880,Price
10011,YOUTUBE,881,Hype
10012,YOUTUBE,885,Bug_Complaint
10013,YOUTUBE,888,Price
10014,YOUTUBE,889,Hype
10015,YOUTUBE,891,Exclusivity
10016,YOUTUBE,897,Hype
10017,YOUTUBE,919,Store_UX
10018,YOUTUBE,924,Multiplayer
10019,YOUTUBE,944,Price
10020,YOUTUBE,946,Performance
10021,YOUTUBE,962,Performance
10022,YOUTUBE,967,Store_UX
10023,YOUTUBE,969,Hype
10024,YOUTUBE,973,Bug_Complaint
10025,YOUTUBE,982,Nostalgia
10026,YOUTUBE,987,Exclusivity
10027,YOUTUBE,993,Hype
10028,YOUTUBE,994,Performance
10029,YOUTUBE,1011,Exclusivity
10030,YOUTUBE,1029,Bug_Complaint
10031,YOUTUBE,1062,Nostalgia
10032,YOUTUBE,1063,Store_UX
10033,YOUTUBE,1064,Price
10034,YOUTUBE,1079,Store_UX
10035,YOUTUBE,1088,Price
10036,YOUTUBE,1107,Exclusivity
10037,YOUTUBE,1109,Bug_Complaint
10038,YOUTUBE,1119,Store_UX
10039,YOUTUBE,1134,Nostalgia
10040,YOUTUBE,1136,Price
10041,YOUTUBE,1148,Multiplayer
10042,YOUTUBE,1151,Store_UX
10043,YOUTUBE,1153,Hype
10044,YOUTUBE,1155,Exclusivity
10045,YOUTUBE,1159,Store_UX
10046,YOUTUBE,1164,Multiplayer
10047,YOUTUBE,1166,Nostalgia
10048,YOUTUBE,1170,Performance
10049,YOUTUBE,1171,Exclusivity
10050,YOUTUBE,1173,Bug_Complaint
10051,YOUTUBE,1196,Multiplayer
10052,YOUTUBE,1199,Store_UX
10053,YOUTUBE,1203,Exclusivity
10054,YOUTUBE,1211,Exclusivity
10055,YOUTUBE,1213,Bug_Complaint
10056,YOUTUBE,1215,Store_UX
10057,YOUTUBE,1230,Nostalgia
10058,YOUTUBE,1236,Multiplayer
10059,YOUTUBE,1242,Performance
10060,YOUTUBE,1246,Nostalgia
10061,YOUTUBE,1253,Bug_Complaint
10062,YOUTUBE,1254,Nostalgia
10063,YOUTUBE,1256,Price
10064,YOUTUBE,1258,Performance
10065,YOUTUBE,1259,Exclusivity
10066,YOUTUBE,1261,Bug_Complaint
10067,YOUTUBE,1266,Performance
10068,YOUTUBE,1275,Exclusivity
10069,YOUTUBE,1277,Bug_Complaint
10070,YOUTUBE,1278,Nostalgia
10071,YOUTUBE,1290,Performance
10072,YOUTUBE,1323,Exclusivity
10073,YOUTUBE,1325,Bug_Complaint
10074,YOUTUBE,1347,Exclusivity
10075,YOUTUBE,1351,Store_UX
10076,YOUTUBE,1356,Multiplayer
10077,YOUTUBE,1371,Exclusivity
10078,YOUTUBE,1382,Nostalgia
10079,YOUTUBE,1399,Store_UX
10080,YOUTUBE,1400,Price
10081,YOUTUBE,1406,Nostalgia
10082,YOUTUBE,1412,Multiplayer
10083,YOUTUBE,1422,Nostalgia
10084,YOUTUBE,1428,Multiplayer
10085,YOUTUBE,1444,Multiplayer
10086,YOUTUBE,1456,Price
10087,YOUTUBE,1462,Nostalgia
10088,YOUTUBE,1472,Price
10089,YOUTUBE,1485,Bug_Complaint
10090,YOUTUBE,1511,Store_UX
10091,YOUTUBE,1533,Bug_Complaint
10092,YOUTUBE,1542,Nostalgia
10093,YOUTUBE,1543,Store_UX
10094,YOUTUBE,1562,Performance
10095,YOUTUBE,1570,Performance
10096,YOUTUBE,1574,Nostalgia
10097,YOUTUBE,1580,Multiplayer
10098,YOUTUBE,1588,Multiplayer
10099,YOUTUBE,1589,Bug_Complaint
10100,YOUTUBE,1600,Price
10101,YOUTUBE,1609,Hype
10102,YOUTUBE,1612,Multiplayer
10103,YOUTUBE,1618,Performance
10104,YOUTUBE,1625,Hype
10105,YOUTUBE,1631,Store_UX
10106,YOUTUBE,1635,Exclusivity
10107,YOUTUBE,1641,Hype
10108,YOUTUBE,1656,Price
10109,YOUTUBE,1658,Performance
10110,YOUTUBE,1674,Performance
10111,YOUTUBE,1682,Performance
10112,YOUTUBE,1684,Multiplayer
10113,YOUTUBE,1687,Store_UX
10114,YOUTUBE,1694,Nostalgia
10115,YOUTUBE,1697,Hype
10116,YOUTUBE,1705,Hype
10117,YOUTUBE,1729,Hype
10118,YOUTUBE,1743,Store_UX
10119,YOUTUBE,1751,Store_UX
10120,YOUTUBE,1761,Hype
10121,YOUTUBE,1778,Performance
10122,YOUTUBE,1782,Nostalgia
10123,YOUTUBE,1794,Performance
10124,YOUTUBE,1810,Performance
10125,YOUTUBE,1815,Store_UX
10126,YOUTUBE,1825,Hype
10127,YOUTUBE,1827,Exclusivity
10128,YOUTUBE,1831,Store_UX
10129,YOUTUBE,1836,Multiplayer
10130,YOUTUBE,1854,Nostalgia
10131,YOUTUBE,1858,Performance
10132,YOUTUBE,1896,Price
10133,YOUTUBE,1910,Nostalgia
10134,YOUTUBE,1912,Price
10135,YOUTUBE,1914,Performance
10136,YOUTUBE,1918,Nostalgia
10137,YOUTUBE,1922,Performance
10138,YOUTUBE,1923,Exclusivity
10139,YOUTUBE,1939,Exclusivity
10140,YOUTUBE,1942,Nostalgia
10141,YOUTUBE,1943,Store_UX
10142,YOUTUBE,1946,Performance
10143,YOUTUBE,1954,Performance
10144,YOUTUBE,1959,Store_UX
10145,YOUTUBE,1963,Exclusivity
10146,YOUTUBE,1966,Nostalgia
10147,YOUTUBE,1977,Hype
10148,YOUTUBE,1982,Nostalgia
10149,YOUTUBE,1983,Store_UX
10150,YOUTUBE,1989,Bug_Complaint
10151,YOUTUBE,1990,Nostalgia
10152,YOUTUBE,1999,Store_UX
10153,YOUTUBE,2015,Store_UX
10154,YOUTUBE,2021,Bug_Complaint
10155,YOUTUBE,2051,Exclusivity
10156,YOUTUBE,2054,Nostalgia
10157,YOUTUBE,2058,Performance
10158,YOUTUBE,2064,Price
10159,YOUTUBE,2069,Bug_Complaint
10160,YOUTUBE,2071,Store_UX
10161,YOUTUBE,2097,Hype
10162,YOUTUBE,2108,Multiplayer
10163,YOUTUBE,2133,Bug_Complaint
10164,YOUTUBE,2141,Bug_Complaint
10165,YOUTUBE,2154,Performance
10166,YOUTUBE,2156,Multiplayer
10167,YOUTUBE,2160,Price
10168,YOUTUBE,2169,Hype
10169,YOUTUBE,2174,Nostalgia
10170,YOUTUBE,2175,Store_UX
10171,YOUTUBE,2179,Exclusivity
10172,YOUTUBE,2182,Nostalgia
10173,YOUTUBE,2193,Hype
10174,YOUTUBE,2213,Bug_Complaint
10175,YOUTUBE,2215,Store_UX
10176,YOUTUBE,2231,Store_UX
10177,YOUTUBE,2232,Price
10178,YOUTUBE,2233,Hype
10179,YOUTUBE,2234,Performance
10180,YOUTUBE,2236,Multiplayer
10181,YOUTUBE,2250,Performance
10182,YOUTUBE,2257,Hype
10183,YOUTUBE,2287,Store_UX
10184,YOUTUBE,2288,Price
10185,YOUTUBE,2297,Hype
10186,YOUTUBE,2304,Price
10187,YOUTUBE,2315,Exclusivity
10188,YOUTUBE,2317,Bug_Complaint
10189,YOUTUBE,2322,Performance
10190,YOUTUBE,2323,Exclusivity
10191,YOUTUBE,2348,Multiplayer
10192,YOUTUBE,2349,Bug_Complaint
10193,YOUTUBE,2358,Nostalgia
10194,YOUTUBE,2361,Hype
10195,YOUTUBE,2370,Performance
10196,YOUTUBE,2384,Price
10197,YOUTUBE,2392,Price
10198,YOUTUBE,2394,Performance
10199,YOUTUBE,2403,Exclusivity
10200,YOUTUBE,2405,Bug_Complaint
10201,YOUTUBE,2419,Exclusivity
10202,YOUTUBE,2430,Nostalgia
10203,YOUTUBE,2435,Exclusivity
10204,YOUTUBE,2465,Hype
10205,YOUTUBE,2473,Hype
10206,YOUTUBE,2475,Exclusivity
10207,YOUTUBE,2482,Performance
10208,YOUTUBE,2483,Exclusivity
10209,YOUTUBE,2485,Bug_Complaint
10210,YOUTUBE,2505,Hype
10211,YOUTUBE,2506,Performance
10212,YOUTUBE,2521,Hype
10213,YOUTUBE,2525,Bug_Complaint
10214,YOUTUBE,2527,Store_UX
10215,YOUTUBE,2532,Multiplayer
10216,YOUTUBE,2534,Nostalgia
10217,YOUTUBE,2540,Multiplayer
10218,YOUTUBE,2548,Multiplayer
10219,YOUTUBE,2549,Bug_Complaint
10220,REDDIT,1346,Store_UX
10221,REDDIT,1357,Exclusivity
10222,REDDIT,1377,Bug_Complaint
10223,REDDIT,1386,Hype
10224,REDDIT,1417,Hype
10225,REDDIT,1421,Store_UX
10226,REDDIT,1424,Store_UX
10227,REDDIT,1426,Price
10228,REDDIT,1434,Exclusivity
10229,REDDIT,1450,Exclusivity
10230,REDDIT,1463,Nostalgia
10231,REDDIT,1498,Nostalgia
10232,REDDIT,1502,Store_UX
10233,REDDIT,1519,Price
10234,REDDIT,1525,Price
10235,REDDIT,1527,Exclusivity
10236,REDDIT,1536,Price
10237,REDDIT,1540,Nostalgia
10238,REDDIT,1550,Hype
10239,REDDIT,1553,Performance
10240,REDDIT,1558,Nostalgia
10241,REDDIT,1565,Price
10242,REDDIT,1566,Price
10243,REDDIT,1574,Multiplayer
10244,REDDIT,1589,Price
10245,REDDIT,1594,Bug_Complaint
10246,REDDIT,1598,Performance
10247,REDDIT,1611,Store_UX
10248,REDDIT,1620,Multiplayer
10249,REDDIT,1627,Multiplayer
10250,REDDIT,1634,Multiplayer
10251,REDDIT,1657,Multiplayer
10252,REDDIT,1661,Hype
10253,REDDIT,1668,Hype
10254,REDDIT,1676,Price
10255,REDDIT,1680,Multiplayer
10256,REDDIT,1685,Price
10257,REDDIT,1686,Store_UX
10258,REDDIT,1688,Nostalgia
10259,REDDIT,1689,Bug_Complaint
10260,REDDIT,1694,Exclusivity
10261,REDDIT,1707,Price
10262,REDDIT,1709,Bug_Complaint
10263,REDDIT,1711,Performance
10264,REDDIT,1734,Price
10265,REDDIT,1754,Multiplayer
10266,REDDIT,1757,Exclusivity
10267,REDDIT,1763,Exclusivity
10268,REDDIT,1775,Nostalgia
10269,REDDIT,1782,Bug_Complaint
10270,REDDIT,1784,Nostalgia
10271,REDDIT,1787,Nostalgia
10272,REDDIT,1796,Price
10273,REDDIT,1800,Nostalgia
10274,REDDIT,1806,Store_UX
10275,REDDIT,1816,Store_UX
10276,REDDIT,1828,Multiplayer
10277,REDDIT,1830,Price
10278,REDDIT,1843,Price
10279,REDDIT,1844,Price
10280,REDDIT,1846,Performance
10281,REDDIT,1850,Bug_Complaint
10282,REDDIT,1853,Exclusivity
10283,REDDIT,1870,Performance
10284,REDDIT,1871,Store_UX
10285,REDDIT,1923,Nostalgia
10286,REDDIT,1952,Performance
10287,REDDIT,1957,Bug_Complaint
10288,REDDIT,1972,Store_UX
10289,REDDIT,1976,Store_UX
10290,REDDIT,1977,Bug_Complaint
10291,REDDIT,1981,Store_UX
10292,REDDIT,1992,Store_UX
10293,REDDIT,1994,Hype
10294,REDDIT,3994,Multiplayer
10295,REDDIT,4005,Price
10296,REDDIT,4006,Hype
10297,REDDIT,4014,Multiplayer
10298,REDDIT,4025,Store_UX
10299,REDDIT,4027,Nostalgia
10300,REDDIT,4047,Nostalgia
10301,REDDIT,4057,Bug_Complaint
10302,REDDIT,4078,Nostalgia
10303,REDDIT,4080,Exclusivity
10304,REDDIT,4095,Price
10305,REDDIT,4097,Exclusivity
10306,REDDIT,4101,Multiplayer
10307,REDDIT,4102,Performance
10308,REDDIT,4122,Performance
10309,REDDIT,4127,Performance
10310,REDDIT,4149,Multiplayer
10311,REDDIT,4169,Price
10312,REDDIT,4183,Bug_Complaint
10313,REDDIT,4190,Bug_Complaint
10314,REDDIT,4199,Exclusivity
10315,REDDIT,4211,Hype
10316,REDDIT,4212,Performance
10317,REDDIT,4215,Nostalgia
10318,REDDIT,4237,Store_UX
10319,REDDIT,4247,Exclusivity
10320,REDDIT,4249,Multiplayer
10321,REDDIT,4251,Price
10322,REDDIT,4262,Nostalgia
10323,REDDIT,4278,Multiplayer
10324,REDDIT,4288,Multiplayer
10325,REDDIT,4298,Price
10326,REDDIT,4299,Performance
10327,REDDIT,4312,Store_UX
10328,REDDIT,4318,Exclusivity
10329,REDDIT,4338,Bug_Complaint
10330,REDDIT,4345,Multiplayer
10331,REDDIT,4361,Multiplayer
10332,REDDIT,4382,Bug_Complaint
10333,REDDIT,4384,Nostalgia
10334,REDDIT,4386,Performance
10335,REDDIT,4393,Exclusivity
10336,REDDIT,4397,Performance
10337,REDDIT,4398,Exclusivity
10338,REDDIT,4404,Price
10339,REDDIT,4413,Exclusivity
10340,REDDIT,4416,Performance
10341,REDDIT,4432,Store_UX
10342,REDDIT,4433,Exclusivity
10343,REDDIT,4436,Bug_Complaint
10344,REDDIT,4438,Price
10345,REDDIT,4439,Exclusivity
10346,REDDIT,4452,Exclusivity
10347,REDDIT,4453,Bug_Complaint
10348,REDDIT,4461,Exclusivity
10349,REDDIT,4462,Bug_Complaint
10350,REDDIT,4466,Price
10351,REDDIT,4468,Bug_Complaint
10352,REDDIT,4478,Performance
10353,REDDIT,4481,Performance
10354,REDDIT,4482,Bug_Complaint
10355,REDDIT,4492,Price
10356,REDDIT,4498,Exclusivity
10357,REDDIT,4502,Nostalgia
10358,REDDIT,4503,Nostalgia
10359,REDDIT,4505,Multiplayer
10360,REDDIT,4509,Exclusivity
10361,REDDIT,4512,Nostalgia
10362,REDDIT,4522,Performance
10363,REDDIT,4541,Store_UX
10364,REDDIT,4553,Price
10365,REDDIT,4559,Exclusivity
10366,REDDIT,4560,Price
10367,REDDIT,4571,Bug_Complaint
10368,REDDIT,4582,Exclusivity
10369,REDDIT,4594,Nostalgia
10370,REDDIT,4613,Performance
10371,REDDIT,4620,Nostalgia
10372,REDDIT,4626,Nostalgia
10373,REDDIT,4629,Bug_Complaint
10374,REDDIT,4644,Performance
10375,REDDIT,4648,Hype
10376,REDDIT,4652,Multiplayer
10377,YOUTUBE,2563,Exclusivity
10378,YOUTUBE,2571,Exclusivity
10379,YOUTUBE,2575,Store_UX
10380,YOUTUBE,2600,Price
10381,YOUTUBE,2601,Hype
10382,YOUTUBE,2603,Exclusivity
10383,YOUTUBE,2627,Exclusivity
10384,YOUTUBE,2629,Bug_Complaint
10385,YOUTUBE,2634,Performance
10386,YOUTUBE,2669,Bug_Complaint
10387,YOUTUBE,2678,Nostalgia
10388,YOUTUBE,2682,Performance
10389,YOUTUBE,2687,Store_UX
10390,YOUTUBE,2694,Nostalgia
10391,YOUTUBE,2705,Hype
10392,YOUTUBE,2706,Performance
10393,YOUTUBE,2711,Store_UX
10394,YOUTUBE,2714,Performance
10395,YOUTUBE,2718,Nostalgia
10396,YOUTUBE,2723,Exclusivity
10397,YOUTUBE,2735,Store_UX
10398,YOUTUBE,2750,Nostalgia
10399,YOUTUBE,2762,Performance
10400,YOUTUBE,2774,Nostalgia
10401,YOUTUBE,2775,Store_UX
10402,YOUTUBE,2779,Exclusivity
10403,YOUTUBE,2782,Nostalgia
10404,YOUTUBE,2783,Store_UX
10405,YOUTUBE,2785,Hype
10406,YOUTUBE,2791,Store_UX
10407,YOUTUBE,2813,Bug_Complaint
10408,YOUTUBE,2818,Performance
10409,YOUTUBE,2838,Nostalgia
10410,YOUTUBE,2840,Price
10411,YOUTUBE,2856,Price
10412,YOUTUBE,2861,Bug_Complaint
10413,YOUTUBE,2863,Store_UX
10414,YOUTUBE,2867,Exclusivity
10415,YOUTUBE,2876,Multiplayer
10416,YOUTUBE,2881,Hype
10417,YOUTUBE,2887,Store_UX
10418,YOUTUBE,2888,Price
10419,YOUTUBE,2905,Hype
10420,YOUTUBE,2923,Exclusivity
10421,YOUTUBE,2956,Multiplayer
10422,YOUTUBE,2957,Bug_Complaint
10423,YOUTUBE,2958,Nostalgia
10424,YOUTUBE,2973,Bug_Complaint
10425,YOUTUBE,2982,Nostalgia
10426,YOUTUBE,3001,Hype
10427,YOUTUBE,3003,Exclusivity
10428,YOUTUBE,3013,Bug_Complaint
10429,YOUTUBE,3028,Multiplayer
10430,YOUTUBE,3030,Nostalgia
10431,YOUTUBE,3042,Performance
10432,YOUTUBE,3045,Bug_Complaint
10433,YOUTUBE,3047,Store_UX
10434,YOUTUBE,3049,Hype
10435,YOUTUBE,3053,Bug_Complaint
10436,YOUTUBE,3058,Performance
10437,YOUTUBE,3060,Multiplayer
10438,YOUTUBE,3064,Price
10439,YOUTUBE,3065,Hype
10440,YOUTUBE,3067,Exclusivity
10441,YOUTUBE,3090,Performance
10442,YOUTUBE,3093,Bug_Complaint
10443,YOUTUBE,3097,Hype
10444,YOUTUBE,3105,Hype
10445,YOUTUBE,3107,Exclusivity
10446,YOUTUBE,3109,Bug_Complaint
10447,YOUTUBE,3124,Multiplayer
10448,YOUTUBE,3130,Performance
10449,YOUTUBE,3136,Price
10450,YOUTUBE,3140,Multiplayer
10451,YOUTUBE,3147,Exclusivity
10452,YOUTUBE,3148,Multiplayer
10453,YOUTUBE,3150,Nostalgia
10454,YOUTUBE,3152,Price
10455,YOUTUBE,3153,Hype
10456,YOUTUBE,3155,Exclusivity
10457,YOUTUBE,3160,Price
10458,YOUTUBE,3169,Hype
10459,YOUTUBE,3171,Exclusivity
10460,YOUTUBE,3172,Multiplayer
10461,YOUTUBE,3184,Price
10462,YOUTUBE,3217,Hype
10463,YOUTUBE,3219,Exclusivity
10464,YOUTUBE,3241,Hype
10465,YOUTUBE,3245,Bug_Complaint
10466,YOUTUBE,3250,Performance
10467,YOUTUBE,3265,Hype
10468,YOUTUBE,3276,Multiplayer
10469,YOUTUBE,3293,Bug_Complaint
10470,YOUTUBE,3294,Nostalgia
10471,YOUTUBE,3300,Multiplayer
10472,YOUTUBE,3306,Performance
10473,YOUTUBE,3316,Multiplayer
10474,YOUTUBE,3322,Performance
10475,YOUTUBE,3338,Performance
10476,YOUTUBE,3350,Nostalgia
10477,YOUTUBE,3356,Multiplayer
10478,YOUTUBE,3366,Nostalgia
10479,YOUTUBE,3379,Exclusivity
10480,YOUTUBE,3405,Bug_Complaint
10481,YOUTUBE,3427,Exclusivity
10482,YOUTUBE,3436,Multiplayer
10483,YOUTUBE,3437,Bug_Complaint
10484,YOUTUBE,3456,Price
10485,YOUTUBE,3464,Price
10486,YOUTUBE,3468,Multiplayer
10487,YOUTUBE,3474,Performance
10488,YOUTUBE,3482,Performance
10489,YOUTUBE,3483,Exclusivity
10490,YOUTUBE,3494,Nostalgia
10491,YOUTUBE,3503,Store_UX
10492,YOUTUBE,3506,Performance
10493,YOUTUBE,3512,Price
10494,YOUTUBE,3519,Store_UX
10495,YOUTUBE,3525,Bug_Complaint
10496,YOUTUBE,3529,Hype
10497,YOUTUBE,3535,Store_UX
10498,YOUTUBE,3550,Nostalgia
10499,YOUTUBE,3552,Price
10500,YOUTUBE,3568,Price
10501,YOUTUBE,3576,Price
10502,YOUTUBE,3578,Performance
10503,YOUTUBE,3581,Bug_Complaint
10504,YOUTUBE,3588,Multiplayer
10505,YOUTUBE,3591,Store_UX
10506,YOUTUBE,3599,Store_UX
10507,YOUTUBE,3623,Store_UX
10508,YOUTUBE,3637,Bug_Complaint
10509,YOUTUBE,3645,Bug_Complaint
10510,YOUTUBE,3655,Store_UX
10511,YOUTUBE,3672,Price
10512,YOUTUBE,3676,Multiplayer
10513,YOUTUBE,3688,Price
10514,YOUTUBE,3704,Price
10515,YOUTUBE,3709,Bug_Complaint
10516,YOUTUBE,3719,Store_UX
10517,YOUTUBE,3721,Hype
10518,YOUTUBE,3725,Bug_Complaint
10519,YOUTUBE,3730,Performance
10520,YOUTUBE,3748,Multiplayer
10521,YOUTUBE,3752,Price
10522,YOUTUBE,3790,Nostalgia
10523,YOUTUBE,3804,Multiplayer
10524,YOUTUBE,3806,Nostalgia
10525,YOUTUBE,3808,Price
10526,YOUTUBE,3812,Multiplayer
10527,YOUTUBE,3816,Price
10528,YOUTUBE,3817,Hype
10529,YOUTUBE,3833,Hype
10530,YOUTUBE,3836,Multiplayer
10531,YOUTUBE,3837,Bug_Complaint
10532,YOUTUBE,3840,Price
10533,YOUTUBE,3848,Price
10534,YOUTUBE,3853,Bug_Complaint
10535,YOUTUBE,3857,Hype
10536,YOUTUBE,3860,Multiplayer
10537,YOUTUBE,3871,Store_UX
10538,YOUTUBE,3876,Multiplayer
10539,YOUTUBE,3877,Bug_Complaint
10540,YOUTUBE,3883,Exclusivity
10541,YOUTUBE,3884,Multiplayer
10542,YOUTUBE,3893,Bug_Complaint
10543,YOUTUBE,3909,Bug_Complaint
10544,YOUTUBE,3915,Exclusivity
10545,YOUTUBE,3945,Hype
10546,YOUTUBE,3948,Multiplayer
10547,YOUTUBE,3952,Price
10548,YOUTUBE,3958,Nostalgia
10549,YOUTUBE,3963,Exclusivity
10550,YOUTUBE,3965,Bug_Complaint
10551,YOUTUBE,3991,Store_UX
10552,YOUTUBE,4002,Performance
10553,YOUTUBE,4027,Exclusivity
10554,YOUTUBE,4035,Exclusivity
10555,YOUTUBE,4048,Price
10556,YOUTUBE,4050,Performance
10557,YOUTUBE,4054,Nostalgia
10558,YOUTUBE,4063,Store_UX
10559,YOUTUBE,4068,Multiplayer
10560,YOUTUBE,4069,Bug_Complaint
10561,YOUTUBE,4073,Hype
10562,YOUTUBE,4076,Multiplayer
10563,YOUTUBE,4087,Store_UX
10564,YOUTUBE,4107,Exclusivity
10565,YOUTUBE,4109,Bug_Complaint
10566,YOUTUBE,4125,Bug_Complaint
10567,YOUTUBE,4126,Nostalgia
10568,YOUTUBE,4127,Store_UX
10569,YOUTUBE,4128,Price
10570,YOUTUBE,4130,Performance
10571,YOUTUBE,4144,Price
10572,YOUTUBE,4151,Store_UX
10573,YOUTUBE,4181,Bug_Complaint
10574,YOUTUBE,4182,Nostalgia
10575,YOUTUBE,4191,Store_UX
10576,YOUTUBE,4198,Nostalgia
10577,YOUTUBE,4209,Hype
10578,YOUTUBE,4211,Exclusivity
10579,YOUTUBE,4216,Price
10580,YOUTUBE,4217,Hype
10581,YOUTUBE,4242,Performance
10582,YOUTUBE,4243,Exclusivity
10583,YOUTUBE,4252,Multiplayer
10584,YOUTUBE,4255,Store_UX
10585,YOUTUBE,4264,Price
10586,YOUTUBE,4278,Nostalgia
10587,YOUTUBE,4286,Nostalgia
10588,YOUTUBE,4288,Price
10589,YOUTUBE,4297,Hype
10590,YOUTUBE,4299,Exclusivity
10591,YOUTUBE,4313,Hype
10592,YOUTUBE,4324,Multiplayer
10593,YOUTUBE,4329,Hype
10594,YOUTUBE,4359,Store_UX
10595,YOUTUBE,4367,Store_UX
10596,YOUTUBE,4369,Hype
10597,YOUTUBE,4376,Price
10598,YOUTUBE,4377,Hype
10599,YOUTUBE,4379,Exclusivity
10600,YOUTUBE,4399,Store_UX
10601,YOUTUBE,4400,Price
10602,YOUTUBE,4415,Store_UX
10603,YOUTUBE,4419,Exclusivity
10604,YOUTUBE,4421,Bug_Complaint
10605,YOUTUBE,4426,Performance
10606,YOUTUBE,4428,Multiplayer
10607,YOUTUBE,4434,Performance
10608,YOUTUBE,4442,Performance
10609,YOUTUBE,4443,Exclusivity
10610,YOUTUBE,4458,Performance
10611,YOUTUBE,4463,Store_UX
10612,YOUTUBE,4467,Exclusivity
10613,YOUTUBE,4468,Multiplayer
10614,YOUTUBE,4469,Bug_Complaint
10615,YOUTUBE,4470,Nostalgia
10616,YOUTUBE,4483,Exclusivity
10617,YOUTUBE,4489,Hype
10618,YOUTUBE,4518,Nostalgia
10619,YOUTUBE,4526,Nostalgia
10620,YOUTUBE,4530,Performance
10621,YOUTUBE,4548,Multiplayer
10622,YOUTUBE,4563,Exclusivity
10623,YOUTUBE,4565,Bug_Complaint
10624,YOUTUBE,4582,Nostalgia
10625,YOUTUBE,4593,Hype
10626,YOUTUBE,4594,Performance
10627,YOUTUBE,4609,Hype
10628,YOUTUBE,4611,Exclusivity
10629,YOUTUBE,4612,Multiplayer
10630,YOUTUBE,4614,Nostalgia
10631,YOUTUBE,4622,Nostalgia
10632,YOUTUBE,4628,Multiplayer
10633,YOUTUBE,4629,Bug_Complaint
10634,YOUTUBE,4631,Store_UX
10635,YOUTUBE,4634,Performance
10636,YOUTUBE,4642,Performance
10637,YOUTUBE,4669,Bug_Complaint
10638,YOUTUBE,4670,Nostalgia
10639,YOUTUBE,4672,Price
10640,YOUTUBE,4696,Price
10641,YOUTUBE,4703,Store_UX
10642,YOUTUBE,4712,Price
10643,YOUTUBE,4719,Store_UX
10644,YOUTUBE,4725,Bug_Complaint
10645,YOUTUBE,4751,Store_UX
10646,YOUTUBE,4757,Bug_Complaint
10647,YOUTUBE,4758,Nostalgia
10648,YOUTUBE,4764,Multiplayer
10649,YOUTUBE,4769,Hype
10650,YOUTUBE,4776,Price
10651,YOUTUBE,4791,Store_UX
10652,YOUTUBE,4793,Hype
10653,YOUTUBE,4808,Price
10654,YOUTUBE,4812,Multiplayer
10655,YOUTUBE,4814,Nostalgia
10656,YOUTUBE,4819,Exclusivity
10657,YOUTUBE,4825,Hype
10658,YOUTUBE,4836,Multiplayer
10659,YOUTUBE,4844,Multiplayer
10660,YOUTUBE,4845,Bug_Complaint
10661,YOUTUBE,4862,Nostalgia
10662,YOUTUBE,4866,Performance
10663,YOUTUBE,4868,Multiplayer
10664,YOUTUBE,4872,Price
10665,YOUTUBE,4876,Multiplayer
10666,YOUTUBE,4877,Bug_Complaint
10667,YOUTUBE,4878,Nostalgia
10668,YOUTUBE,4894,Nostalgia
10669,YOUTUBE,4917,Bug_Complaint
10670,YOUTUBE,4922,Performance
10671,YOUTUBE,4925,Bug_Complaint
10672,YOUTUBE,4926,Nostalgia
10673,YOUTUBE,4945,Hype
10674,YOUTUBE,4949,Bug_Complaint
10675,YOUTUBE,4951,Store_UX
10676,YOUTUBE,4982,Nostalgia
10677,YOUTUBE,4985,Hype
10678,YOUTUBE,4989,Bug_Complaint
10679,YOUTUBE,5020,Multiplayer
10680,YOUTUBE,5040,Price
10681,YOUTUBE,5049,Hype
10682,YOUTUBE,5050,Performance
10683,YOUTUBE,5069,Bug_Complaint
10684,YOUTUBE,5070,Nostalgia
10685,YOUTUBE,5086,Nostalgia
10686,YOUTUBE,5092,Multiplayer
10687,YOUTUBE,5108,Multiplayer
10688,YOUTUBE,5112,Price
10689,REDDIT,2011,Exclusivity
10690,REDDIT,2022,Multiplayer
10691,REDDIT,2042,Multiplayer
10692,REDDIT,2051,Price
10693,REDDIT,2082,Bug_Complaint
10694,REDDIT,2086,Price
10695,REDDIT,2089,Exclusivity
10696,REDDIT,2091,Price
10697,REDDIT,2099,Bug_Complaint
10698,REDDIT,2115,Hype
10699,REDDIT,2128,Exclusivity
10700,REDDIT,2163,Bug_Complaint
10701,REDDIT,2167,Bug_Complaint
10702,REDDIT,2184,Store_UX
10703,REDDIT,2190,Store_UX
10704,REDDIT,2192,Bug_Complaint
10705,REDDIT,2201,Price
10706,REDDIT,2205,Nostalgia
10707,REDDIT,2215,Performance
10708,REDDIT,2218,Price
10709,REDDIT,2223,Exclusivity
10710,REDDIT,2230,Price
10711,REDDIT,2231,Hype
10712,REDDIT,2239,Hype
10713,REDDIT,2254,Exclusivity
10714,REDDIT,2259,Multiplayer
10715,REDDIT,2263,Multiplayer
10716,REDDIT,2276,Multiplayer
10717,REDDIT,2285,Exclusivity
10718,REDDIT,2292,Price
10719,REDDIT,2299,Multiplayer
10720,REDDIT,2322,Store_UX
10721,REDDIT,2326,Performance
10722,REDDIT,2333,Hype
10723,REDDIT,2341,Nostalgia
10724,REDDIT,2345,Price
10725,REDDIT,2350,Multiplayer
10726,REDDIT,2351,Multiplayer
10727,REDDIT,2353,Exclusivity
10728,REDDIT,2354,Performance
10729,REDDIT,2359,Price
10730,REDDIT,2372,Price
10731,REDDIT,2374,Bug_Complaint
10732,REDDIT,2376,Price
10733,REDDIT,2399,Store_UX
10734,REDDIT,2419,Hype
10735,REDDIT,2422,Exclusivity
10736,REDDIT,2428,Hype
10737,REDDIT,2440,Store_UX
10738,REDDIT,2447,Exclusivity
10739,REDDIT,2449,Multiplayer
10740,REDDIT,2452,Exclusivity
10741,REDDIT,2461,Price
10742,REDDIT,2465,Store_UX
10743,REDDIT,2471,Store_UX
10744,REDDIT,2481,Performance
10745,REDDIT,2493,Performance
10746,REDDIT,2495,Store_UX
10747,REDDIT,2508,Store_UX
10748,REDDIT,2509,Exclusivity
10749,REDDIT,2511,Multiplayer
10750,REDDIT,2515,Multiplayer
10751,REDDIT,2518,Store_UX
10752,REDDIT,2535,Performance
10753,REDDIT,2536,Performance
10754,REDDIT,2588,Bug_Complaint
10755,REDDIT,2617,Price
10756,REDDIT,2622,Bug_Complaint
10757,REDDIT,2637,Exclusivity
10758,REDDIT,2641,Store_UX
10759,REDDIT,2642,Store_UX
10760,REDDIT,2646,Exclusivity
10761,REDDIT,2657,Price
10762,REDDIT,2659,Performance
10763,YOUTUBE,5123,Exclusivity
10764,YOUTUBE,5134,Nostalgia
10765,YOUTUBE,5135,Store_UX
10766,YOUTUBE,5143,Store_UX
10767,YOUTUBE,5154,Performance
10768,YOUTUBE,5156,Multiplayer
10769,YOUTUBE,5176,Price
10770,YOUTUBE,5186,Performance
10771,YOUTUBE,5207,Store_UX
10772,YOUTUBE,5209,Hype
10773,YOUTUBE,5224,Price
10774,YOUTUBE,5226,Performance
10775,YOUTUBE,5230,Nostalgia
10776,YOUTUBE,5231,Store_UX
10777,YOUTUBE,5251,Exclusivity
10778,YOUTUBE,5256,Price
10779,YOUTUBE,5278,Nostalgia
10780,YOUTUBE,5298,Performance
10781,YOUTUBE,5312,Price
10782,YOUTUBE,5319,Store_UX
10783,YOUTUBE,5328,Price
10784,YOUTUBE,5340,Multiplayer
10785,YOUTUBE,5341,Bug_Complaint
10786,YOUTUBE,5344,Price
10787,YOUTUBE,5366,Nostalgia
10788,YOUTUBE,5376,Price
10789,YOUTUBE,5378,Performance
10790,YOUTUBE,5380,Multiplayer
10791,YOUTUBE,5391,Store_UX
10792,YOUTUBE,5407,Store_UX
10793,YOUTUBE,5417,Hype
10794,YOUTUBE,5427,Exclusivity
10795,YOUTUBE,5428,Multiplayer
10796,YOUTUBE,5441,Hype
10797,YOUTUBE,5447,Store_UX
10798,YOUTUBE,5467,Exclusivity
10799,YOUTUBE,5474,Performance
10800,YOUTUBE,5490,Performance
10801,YOUTUBE,5511,Store_UX
10802,YOUTUBE,5513,Hype
10803,YOUTUBE,5515,Exclusivity
10804,YOUTUBE,5522,Performance
10805,YOUTUBE,5526,Nostalgia
10806,YOUTUBE,5527,Store_UX
10807,YOUTUBE,5533,Bug_Complaint
10808,YOUTUBE,5542,Nostalgia
10809,YOUTUBE,5545,Hype
10810,YOUTUBE,5561,Hype
10811,YOUTUBE,5562,Performance
10812,YOUTUBE,5565,Bug_Complaint
10813,YOUTUBE,5567,Store_UX
10814,YOUTUBE,5568,Price
10815,YOUTUBE,5581,Bug_Complaint
10816,YOUTUBE,5582,Nostalgia
10817,YOUTUBE,5590,Nostalgia
10818,YOUTUBE,5591,Store_UX
10819,YOUTUBE,5595,Exclusivity
10820,YOUTUBE,5597,Bug_Complaint
10821,YOUTUBE,5607,Store_UX
10822,YOUTUBE,5610,Performance
10823,YOUTUBE,5611,Exclusivity
10824,YOUTUBE,5621,Bug_Complaint
10825,YOUTUBE,5627,Exclusivity
10826,YOUTUBE,5631,Store_UX
10827,YOUTUBE,5632,Price
10828,YOUTUBE,5634,Performance
10829,YOUTUBE,5638,Nostalgia
10830,YOUTUBE,5641,Hype
10831,YOUTUBE,5651,Exclusivity
10832,YOUTUBE,5670,Nostalgia
10833,YOUTUBE,5682,Performance
10834,YOUTUBE,5688,Price
10835,YOUTUBE,5689,Hype
10836,YOUTUBE,5700,Multiplayer
10837,YOUTUBE,5711,Store_UX
10838,YOUTUBE,5723,Exclusivity
10839,YOUTUBE,5742,Nostalgia
10840,YOUTUBE,5749,Bug_Complaint
10841,YOUTUBE,5755,Exclusivity
10842,YOUTUBE,5758,Nostalgia
10843,YOUTUBE,5773,Bug_Complaint
10844,YOUTUBE,5777,Hype
10845,YOUTUBE,5781,Bug_Complaint
10846,YOUTUBE,5788,Multiplayer
10847,YOUTUBE,5796,Multiplayer
10848,YOUTUBE,5800,Price
10849,YOUTUBE,5825,Hype
10850,YOUTUBE,5826,Performance
10851,YOUTUBE,5828,Multiplayer
10852,YOUTUBE,5852,Multiplayer
10853,YOUTUBE,5854,Nostalgia
10854,YOUTUBE,5859,Exclusivity
10855,YOUTUBE,5894,Nostalgia
10856,YOUTUBE,5903,Store_UX
10857,YOUTUBE,5907,Exclusivity
10858,YOUTUBE,5912,Price
10859,YOUTUBE,5919,Store_UX
10860,YOUTUBE,5930,Performance
10861,YOUTUBE,5931,Exclusivity
10862,YOUTUBE,5936,Price
10863,YOUTUBE,5939,Exclusivity
10864,YOUTUBE,5943,Store_UX
10865,YOUTUBE,5948,Multiplayer
10866,YOUTUBE,5960,Price
10867,YOUTUBE,5975,Store_UX
10868,YOUTUBE,5987,Exclusivity
10869,YOUTUBE,5999,Store_UX
10870,YOUTUBE,6000,Price
10871,YOUTUBE,6004,Multiplayer
10872,YOUTUBE,6007,Store_UX
10873,YOUTUBE,6008,Price
10874,YOUTUBE,6010,Performance
10875,YOUTUBE,6016,Price
10876,YOUTUBE,6038,Nostalgia
10877,YOUTUBE,6043,Exclusivity
10878,YOUTUBE,6063,Store_UX
10879,YOUTUBE,6065,Hype
10880,YOUTUBE,6081,Hype
10881,YOUTUBE,6086,Nostalgia
10882,YOUTUBE,6088,Price
10883,YOUTUBE,6092,Multiplayer
10884,YOUTUBE,6101,Bug_Complaint
10885,YOUTUBE,6106,Performance
10886,YOUTUBE,6112,Price
10887,YOUTUBE,6113,Hype
10888,YOUTUBE,6130,Performance
10889,YOUTUBE,6148,Multiplayer
10890,YOUTUBE,6181,Bug_Complaint
10891,YOUTUBE,6182,Nostalgia
10892,YOUTUBE,6183,Store_UX
10893,YOUTUBE,6198,Nostalgia
10894,YOUTUBE,6207,Store_UX
10895,YOUTUBE,6226,Performance
10896,YOUTUBE,6228,Multiplayer
10897,YOUTUBE,6238,Nostalgia
10898,YOUTUBE,6253,Bug_Complaint
10899,YOUTUBE,6255,Store_UX
10900,YOUTUBE,6267,Exclusivity
10901,YOUTUBE,6270,Nostalgia
10902,YOUTUBE,6272,Price
10903,YOUTUBE,6274,Performance
10904,YOUTUBE,6278,Nostalgia
10905,YOUTUBE,6283,Exclusivity
10906,YOUTUBE,6285,Bug_Complaint
10907,YOUTUBE,6289,Hype
10908,YOUTUBE,6290,Performance
10909,YOUTUBE,6292,Multiplayer
10910,YOUTUBE,6315,Exclusivity
10911,YOUTUBE,6318,Nostalgia
10912,YOUTUBE,6322,Performance
10913,YOUTUBE,6330,Performance
10914,YOUTUBE,6332,Multiplayer
10915,YOUTUBE,6334,Nostalgia
10916,YOUTUBE,6349,Bug_Complaint
10917,YOUTUBE,6355,Exclusivity
10918,YOUTUBE,6361,Hype
10919,YOUTUBE,6365,Bug_Complaint
10920,YOUTUBE,6372,Multiplayer
10921,YOUTUBE,6373,Bug_Complaint
10922,YOUTUBE,6375,Store_UX
10923,YOUTUBE,6377,Hype
10924,YOUTUBE,6378,Performance
10925,YOUTUBE,6380,Multiplayer
10926,YOUTUBE,6385,Hype
10927,YOUTUBE,6394,Performance
10928,YOUTUBE,6396,Multiplayer
10929,YOUTUBE,6397,Bug_Complaint
10930,YOUTUBE,6409,Hype
10931,YOUTUBE,6442,Performance
10932,YOUTUBE,6444,Multiplayer
10933,YOUTUBE,6466,Performance
10934,YOUTUBE,6470,Nostalgia
10935,YOUTUBE,6475,Exclusivity
10936,YOUTUBE,6490,Performance
10937,YOUTUBE,6501,Bug_Complaint
10938,YOUTUBE,6518,Nostalgia
10939,YOUTUBE,6519,Store_UX
10940,YOUTUBE,6525,Bug_Complaint
10941,YOUTUBE,6531,Exclusivity
10942,YOUTUBE,6541,Bug_Complaint
10943,YOUTUBE,6547,Exclusivity
10944,YOUTUBE,6563,Exclusivity
10945,YOUTUBE,6575,Store_UX
10946,YOUTUBE,6581,Bug_Complaint
10947,YOUTUBE,6591,Store_UX
10948,YOUTUBE,6604,Multiplayer
10949,YOUTUBE,6630,Nostalgia
10950,YOUTUBE,6652,Multiplayer
10951,YOUTUBE,6661,Bug_Complaint
10952,YOUTUBE,6662,Nostalgia
10953,YOUTUBE,6681,Hype
10954,YOUTUBE,6689,Hype
10955,YOUTUBE,6693,Bug_Complaint
10956,YOUTUBE,6699,Exclusivity
10957,YOUTUBE,6707,Exclusivity
10958,YOUTUBE,6708,Multiplayer
10959,YOUTUBE,6719,Store_UX
10960,YOUTUBE,6728,Price
10961,YOUTUBE,6731,Exclusivity
10962,YOUTUBE,6737,Hype
10963,YOUTUBE,6744,Price
10964,YOUTUBE,6750,Nostalgia
10965,YOUTUBE,6754,Performance
10966,YOUTUBE,6760,Price
10967,YOUTUBE,6775,Store_UX
10968,YOUTUBE,6777,Hype
10969,YOUTUBE,6793,Hype
10970,YOUTUBE,6801,Hype
10971,YOUTUBE,6803,Exclusivity
10972,YOUTUBE,6806,Nostalgia
10973,YOUTUBE,6813,Bug_Complaint
10974,YOUTUBE,6816,Price
10975,YOUTUBE,6824,Price
10976,YOUTUBE,6848,Price
10977,YOUTUBE,6862,Nostalgia
10978,YOUTUBE,6870,Nostalgia
10979,YOUTUBE,6880,Price
10980,YOUTUBE,6897,Hype
10981,YOUTUBE,6901,Bug_Complaint
10982,YOUTUBE,6913,Hype
10983,YOUTUBE,6929,Hype
10984,YOUTUBE,6934,Nostalgia
10985,YOUTUBE,6944,Price
10986,YOUTUBE,6946,Performance
10987,YOUTUBE,6950,Nostalgia
10988,YOUTUBE,6955,Exclusivity
10989,YOUTUBE,6973,Bug_Complaint
10990,YOUTUBE,6977,Hype
10991,YOUTUBE,7015,Store_UX
10992,YOUTUBE,7029,Bug_Complaint
10993,YOUTUBE,7031,Store_UX
10994,YOUTUBE,7033,Hype
10995,YOUTUBE,7037,Bug_Complaint
10996,YOUTUBE,7041,Hype
10997,YOUTUBE,7042,Performance
10998,YOUTUBE,7058,Performance
10999,YOUTUBE,7061,Bug_Complaint
11000,YOUTUBE,7062,Nostalgia
11001,YOUTUBE,7065,Hype
11002,YOUTUBE,7073,Hype
11003,YOUTUBE,7078,Nostalgia
11004,YOUTUBE,7082,Performance
11005,YOUTUBE,7085,Bug_Complaint
11006,YOUTUBE,7096,Price
11007,YOUTUBE,7101,Bug_Complaint
11008,YOUTUBE,7102,Nostalgia
11009,YOUTUBE,7108,Multiplayer
11010,YOUTUBE,7109,Bug_Complaint
11011,YOUTUBE,7118,Nostalgia
11012,YOUTUBE,7134,Nostalgia
11013,YOUTUBE,7140,Multiplayer
11014,YOUTUBE,7170,Performance
11015,YOUTUBE,7173,Bug_Complaint
11016,YOUTUBE,7177,Hype
11017,YOUTUBE,7183,Store_UX
11018,YOUTUBE,7188,Multiplayer
11019,YOUTUBE,7190,Nostalgia
11020,YOUTUBE,7216,Price
11021,YOUTUBE,7227,Exclusivity
11022,YOUTUBE,7252,Multiplayer
11023,YOUTUBE,7260,Multiplayer
11024,YOUTUBE,7273,Hype
11025,YOUTUBE,7275,Exclusivity
11026,YOUTUBE,7279,Store_UX
11027,YOUTUBE,7288,Price
11028,YOUTUBE,7293,Bug_Complaint
11029,YOUTUBE,7294,Nostalgia
11030,YOUTUBE,7298,Performance
11031,YOUTUBE,7301,Bug_Complaint
11032,YOUTUBE,7312,Price
11033,YOUTUBE,7332,Multiplayer
11034,YOUTUBE,7334,Nostalgia
11035,YOUTUBE,7350,Nostalgia
11036,YOUTUBE,7351,Store_UX
11037,YOUTUBE,7352,Price
11038,YOUTUBE,7353,Hype
11039,YOUTUBE,7355,Exclusivity
11040,YOUTUBE,7369,Hype
11041,YOUTUBE,7376,Price
11042,YOUTUBE,7406,Nostalgia
11043,YOUTUBE,7407,Store_UX
11044,YOUTUBE,7416,Price
11045,YOUTUBE,7423,Store_UX
11046,YOUTUBE,7434,Performance
11047,YOUTUBE,7436,Multiplayer
11048,YOUTUBE,7441,Hype
11049,YOUTUBE,7442,Performance
11050,YOUTUBE,7467,Exclusivity
11051,YOUTUBE,7468,Multiplayer
11052,YOUTUBE,7477,Bug_Complaint
11053,YOUTUBE,7480,Price
11054,YOUTUBE,7489,Hype
11055,YOUTUBE,7503,Store_UX
11056,YOUTUBE,7511,Store_UX
11057,YOUTUBE,7513,Hype
11058,YOUTUBE,7522,Performance
11059,YOUTUBE,7524,Multiplayer
11060,YOUTUBE,7538,Performance
11061,YOUTUBE,7549,Bug_Complaint
11062,YOUTUBE,7554,Performance
11063,YOUTUBE,7584,Price
11064,YOUTUBE,7592,Price
11065,YOUTUBE,7594,Performance
11066,YOUTUBE,7601,Hype
11067,YOUTUBE,7602,Performance
11068,YOUTUBE,7604,Multiplayer
11069,YOUTUBE,7624,Price
11070,YOUTUBE,7625,Hype
11071,YOUTUBE,7640,Price
11072,YOUTUBE,7644,Multiplayer
11073,YOUTUBE,7646,Nostalgia
11074,YOUTUBE,7651,Exclusivity
11075,YOUTUBE,7653,Bug_Complaint
11076,YOUTUBE,7659,Exclusivity
11077,YOUTUBE,7667,Exclusivity
11078,YOUTUBE,7668,Multiplayer
11079,REDDIT,2676,Nostalgia
11080,REDDIT,2687,Multiplayer
11081,REDDIT,2707,Price
11082,REDDIT,2716,Multiplayer
11083,REDDIT,2747,Price
11084,REDDIT,2751,Exclusivity
11085,REDDIT,2754,Multiplayer
11086,REDDIT,2756,Bug_Complaint
11087,REDDIT,2764,Price
11088,REDDIT,2780,Price
11089,REDDIT,2793,Hype
11090,REDDIT,2828,Price
11091,REDDIT,2832,Multiplayer
11092,REDDIT,2849,Bug_Complaint
11093,REDDIT,2855,Bug_Complaint
11094,REDDIT,2857,Exclusivity
11095,REDDIT,2866,Nostalgia
11096,REDDIT,2870,Hype
11097,REDDIT,2880,Nostalgia
11098,REDDIT,2883,Multiplayer
11099,REDDIT,2888,Store_UX
11100,REDDIT,2895,Performance
11101,REDDIT,2896,Performance
11102,REDDIT,2904,Performance
11103,REDDIT,2919,Price
11104,REDDIT,2924,Multiplayer
11105,REDDIT,2928,Multiplayer
11106,REDDIT,2941,Nostalgia
11107,REDDIT,2950,Store_UX
11108,REDDIT,2957,Hype
11109,REDDIT,2964,Exclusivity
11110,REDDIT,2987,Nostalgia
11111,REDDIT,2991,Performance
11112,REDDIT,2998,Multiplayer
11113,REDDIT,3006,Multiplayer
11114,REDDIT,3010,Multiplayer
11115,REDDIT,3015,Bug_Complaint
11116,REDDIT,3016,Bug_Complaint
11117,REDDIT,3018,Bug_Complaint
11118,REDDIT,3019,Performance
11119,REDDIT,3024,Nostalgia
11120,REDDIT,3037,Exclusivity
11121,REDDIT,3039,Exclusivity
11122,REDDIT,3041,Store_UX
11123,REDDIT,3064,Store_UX
11124,REDDIT,3084,Multiplayer
11125,REDDIT,3087,Hype
11126,REDDIT,3093,Bug_Complaint
11127,REDDIT,3105,Price
11128,REDDIT,3112,Price
11129,REDDIT,3114,Exclusivity
11130,REDDIT,3117,Nostalgia
11131,REDDIT,3126,Performance
11132,REDDIT,3130,Exclusivity
11133,REDDIT,3136,Hype
11134,REDDIT,3146,Performance
11135,REDDIT,3158,Bug_Complaint
11136,REDDIT,3160,Price
11137,REDDIT,3173,Multiplayer
11138,REDDIT,3174,Price
11139,REDDIT,3176,Multiplayer
11140,REDDIT,3180,Nostalgia
11141,REDDIT,3183,Multiplayer
11142,REDDIT,3200,Hype
11143,REDDIT,3201,Exclusivity
11144,REDDIT,3253,Multiplayer
11145,REDDIT,3282,Store_UX
11146,REDDIT,3287,Bug_Complaint
11147,REDDIT,3302,Performance
11148,REDDIT,3306,Multiplayer
11149,REDDIT,3307,Nostalgia
11150,REDDIT,3311,Price
11151,REDDIT,3322,Bug_Complaint
11152,REDDIT,3324,Price
11153,YOUTUBE,12802,Performance
11154,YOUTUBE,12813,Bug_Complaint
11155,YOUTUBE,12814,Nostalgia
11156,YOUTUBE,12822,Nostalgia
11157,YOUTUBE,12833,Hype
11158,YOUTUBE,12835,Exclusivity
11159,YOUTUBE,12855,Store_UX
11160,YOUTUBE,12865,Hype
11161,YOUTUBE,12886,Nostalgia
11162,YOUTUBE,12888,Price
11163,YOUTUBE,12903,Store_UX
11164,YOUTUBE,12905,Hype
11165,YOUTUBE,12909,Bug_Complaint
11166,YOUTUBE,12910,Nostalgia
11167,YOUTUBE,12930,Performance
11168,YOUTUBE,12935,Store_UX
11169,YOUTUBE,12957,Bug_Complaint
11170,YOUTUBE,12977,Hype
11171,YOUTUBE,12991,Store_UX
11172,YOUTUBE,12998,Nostalgia
11173,YOUTUBE,13007,Store_UX
11174,YOUTUBE,13019,Exclusivity
11175,YOUTUBE,13020,Multiplayer
11176,YOUTUBE,13023,Store_UX
11177,YOUTUBE,13045,Bug_Complaint
11178,YOUTUBE,13055,Store_UX
11179,YOUTUBE,13057,Hype
11180,YOUTUBE,13059,Exclusivity
11181,YOUTUBE,13070,Nostalgia
11182,YOUTUBE,13086,Nostalgia
11183,YOUTUBE,13096,Price
11184,YOUTUBE,13106,Performance
11185,YOUTUBE,13107,Exclusivity
11186,YOUTUBE,13120,Price
11187,YOUTUBE,13126,Nostalgia
11188,YOUTUBE,13146,Performance
11189,YOUTUBE,13153,Hype
11190,YOUTUBE,13169,Hype
11191,YOUTUBE,13190,Nostalgia
11192,YOUTUBE,13192,Price
11193,YOUTUBE,13194,Performance
11194,YOUTUBE,13201,Hype
11195,YOUTUBE,13205,Bug_Complaint
11196,YOUTUBE,13206,Nostalgia
11197,YOUTUBE,13212,Multiplayer
11198,YOUTUBE,13221,Bug_Complaint
11199,YOUTUBE,13224,Price
11200,YOUTUBE,13240,Price
11201,YOUTUBE,13241,Hype
11202,YOUTUBE,13244,Multiplayer
11203,YOUTUBE,13246,Nostalgia
11204,YOUTUBE,13247,Store_UX
11205,YOUTUBE,13260,Multiplayer
11206,YOUTUBE,13261,Bug_Complaint
11207,YOUTUBE,13269,Bug_Complaint
11208,YOUTUBE,13270,Nostalgia
11209,YOUTUBE,13274,Performance
11210,YOUTUBE,13276,Multiplayer
11211,YOUTUBE,13286,Nostalgia
11212,YOUTUBE,13289,Hype
11213,YOUTUBE,13290,Performance
11214,YOUTUBE,13300,Multiplayer
11215,YOUTUBE,13306,Performance
11216,YOUTUBE,13310,Nostalgia
11217,YOUTUBE,13311,Store_UX
11218,YOUTUBE,13313,Hype
11219,YOUTUBE,13317,Bug_Complaint
11220,YOUTUBE,13320,Price
11221,YOUTUBE,13330,Performance
11222,YOUTUBE,13349,Bug_Complaint
11223,YOUTUBE,13361,Hype
11224,YOUTUBE,13367,Store_UX
11225,YOUTUBE,13368,Price
11226,YOUTUBE,13379,Exclusivity
11227,YOUTUBE,13390,Nostalgia
11228,YOUTUBE,13402,Performance
11229,YOUTUBE,13421,Bug_Complaint
11230,YOUTUBE,13428,Multiplayer
11231,YOUTUBE,13434,Performance
11232,YOUTUBE,13437,Bug_Complaint
11233,YOUTUBE,13452,Multiplayer
11234,YOUTUBE,13456,Price
11235,YOUTUBE,13460,Multiplayer
11236,YOUTUBE,13467,Exclusivity
11237,YOUTUBE,13475,Exclusivity
11238,YOUTUBE,13479,Store_UX
11239,YOUTUBE,13504,Price
11240,YOUTUBE,13505,Hype
11241,YOUTUBE,13507,Exclusivity
11242,YOUTUBE,13531,Exclusivity
11243,YOUTUBE,13533,Bug_Complaint
11244,YOUTUBE,13538,Performance
11245,YOUTUBE,13573,Bug_Complaint
11246,YOUTUBE,13582,Nostalgia
11247,YOUTUBE,13586,Performance
11248,YOUTUBE,13591,Store_UX
11249,YOUTUBE,13598,Nostalgia
11250,YOUTUBE,13609,Hype
11251,YOUTUBE,13610,Performance
11252,YOUTUBE,13615,Store_UX
11253,YOUTUBE,13618,Performance
11254,YOUTUBE,13622,Nostalgia
11255,YOUTUBE,13627,Exclusivity
11256,YOUTUBE,13639,Store_UX
11257,YOUTUBE,13654,Nostalgia
11258,YOUTUBE,13666,Performance
11259,YOUTUBE,13678,Nostalgia
11260,YOUTUBE,13679,Store_UX
11261,YOUTUBE,13683,Exclusivity
11262,YOUTUBE,13686,Nostalgia
11263,YOUTUBE,13687,Store_UX
11264,YOUTUBE,13689,Hype
11265,YOUTUBE,13695,Store_UX
11266,YOUTUBE,13717,Bug_Complaint
11267,YOUTUBE,13722,Performance
11268,YOUTUBE,13742,Nostalgia
11269,YOUTUBE,13744,Price
11270,YOUTUBE,13760,Price
11271,YOUTUBE,13765,Bug_Complaint
11272,YOUTUBE,13767,Store_UX
11273,YOUTUBE,13771,Exclusivity
11274,YOUTUBE,13780,Multiplayer
11275,YOUTUBE,13785,Hype
11276,YOUTUBE,13791,Store_UX
11277,YOUTUBE,13792,Price
11278,YOUTUBE,13809,Hype
11279,YOUTUBE,13827,Exclusivity
11280,YOUTUBE,13860,Multiplayer
11281,YOUTUBE,13861,Bug_Complaint
11282,YOUTUBE,13862,Nostalgia
11283,YOUTUBE,13877,Bug_Complaint
11284,YOUTUBE,13886,Nostalgia
11285,YOUTUBE,13905,Hype
11286,YOUTUBE,13907,Exclusivity
11287,YOUTUBE,13917,Bug_Complaint
11288,YOUTUBE,13932,Multiplayer
11289,YOUTUBE,13934,Nostalgia
11290,YOUTUBE,13946,Performance
11291,YOUTUBE,13949,Bug_Complaint
11292,YOUTUBE,13951,Store_UX
11293,YOUTUBE,13953,Hype
11294,YOUTUBE,13957,Bug_Complaint
11295,YOUTUBE,13962,Performance
11296,YOUTUBE,13964,Multiplayer
11297,YOUTUBE,13968,Price
11298,YOUTUBE,13969,Hype
11299,YOUTUBE,13971,Exclusivity
11300,YOUTUBE,13994,Performance
11301,YOUTUBE,13997,Bug_Complaint
11302,YOUTUBE,14001,Hype
11303,YOUTUBE,14009,Hype
11304,YOUTUBE,14011,Exclusivity
11305,YOUTUBE,14013,Bug_Complaint
11306,YOUTUBE,14028,Multiplayer
11307,YOUTUBE,14034,Performance
11308,YOUTUBE,14040,Price
11309,YOUTUBE,14044,Multiplayer
11310,YOUTUBE,14051,Exclusivity
11311,YOUTUBE,14052,Multiplayer
11312,YOUTUBE,14054,Nostalgia
11313,YOUTUBE,14056,Price
11314,YOUTUBE,14057,Hype
11315,YOUTUBE,14059,Exclusivity
11316,YOUTUBE,14064,Price
11317,YOUTUBE,14073,Hype
11318,YOUTUBE,14075,Exclusivity
11319,YOUTUBE,14076,Multiplayer
11320,YOUTUBE,14088,Price
11321,YOUTUBE,14121,Hype
11322,YOUTUBE,14123,Exclusivity
11323,YOUTUBE,14145,Hype
11324,YOUTUBE,14149,Bug_Complaint
11325,YOUTUBE,14154,Performance
11326,YOUTUBE,14169,Hype
11327,YOUTUBE,14180,Multiplayer
11328,YOUTUBE,14197,Bug_Complaint
11329,YOUTUBE,14198,Nostalgia
11330,YOUTUBE,14204,Multiplayer
11331,YOUTUBE,14210,Performance
11332,YOUTUBE,14220,Multiplayer
11333,YOUTUBE,14226,Performance
11334,YOUTUBE,14242,Performance
11335,YOUTUBE,14254,Nostalgia
11336,YOUTUBE,14260,Multiplayer
11337,YOUTUBE,14270,Nostalgia
11338,YOUTUBE,14283,Exclusivity
11339,YOUTUBE,14309,Bug_Complaint
11340,YOUTUBE,14331,Exclusivity
11341,YOUTUBE,14340,Multiplayer
11342,YOUTUBE,14341,Bug_Complaint
11343,YOUTUBE,14360,Price
11344,YOUTUBE,14368,Price
11345,YOUTUBE,14372,Multiplayer
11346,YOUTUBE,14378,Performance
11347,YOUTUBE,14386,Performance
11348,YOUTUBE,14387,Exclusivity
11349,YOUTUBE,14398,Nostalgia
11350,YOUTUBE,14407,Store_UX
11351,YOUTUBE,14410,Performance
11352,YOUTUBE,14416,Price
11353,YOUTUBE,14423,Store_UX
11354,YOUTUBE,14429,Bug_Complaint
11355,YOUTUBE,14433,Hype
11356,YOUTUBE,14439,Store_UX
11357,YOUTUBE,14454,Nostalgia
11358,YOUTUBE,14456,Price
11359,YOUTUBE,14472,Price
11360,YOUTUBE,14480,Price
11361,YOUTUBE,14482,Performance
11362,YOUTUBE,14485,Bug_Complaint
11363,YOUTUBE,14492,Multiplayer
11364,YOUTUBE,14495,Store_UX
11365,YOUTUBE,14503,Store_UX
11366,YOUTUBE,14527,Store_UX
11367,YOUTUBE,14541,Bug_Complaint
11368,YOUTUBE,14549,Bug_Complaint
11369,YOUTUBE,14559,Store_UX
11370,YOUTUBE,14576,Price
11371,YOUTUBE,14580,Multiplayer
11372,YOUTUBE,14592,Price
11373,YOUTUBE,14608,Price
11374,YOUTUBE,14613,Bug_Complaint
11375,YOUTUBE,14623,Store_UX
11376,YOUTUBE,14625,Hype
11377,YOUTUBE,14629,Bug_Complaint
11378,YOUTUBE,14634,Performance
11379,YOUTUBE,14652,Multiplayer
11380,YOUTUBE,14656,Price
11381,YOUTUBE,14694,Nostalgia
11382,YOUTUBE,14708,Multiplayer
11383,YOUTUBE,14710,Nostalgia
11384,YOUTUBE,14712,Price
11385,YOUTUBE,14716,Multiplayer
11386,YOUTUBE,14720,Price
11387,YOUTUBE,14721,Hype
11388,YOUTUBE,14737,Hype
11389,YOUTUBE,14740,Multiplayer
11390,YOUTUBE,14741,Bug_Complaint
11391,YOUTUBE,14744,Price
11392,YOUTUBE,14752,Price
11393,YOUTUBE,14757,Bug_Complaint
11394,YOUTUBE,14761,Hype
11395,YOUTUBE,14764,Multiplayer
11396,YOUTUBE,14775,Store_UX
11397,YOUTUBE,14780,Multiplayer
11398,YOUTUBE,14781,Bug_Complaint
11399,YOUTUBE,14787,Exclusivity
11400,YOUTUBE,14788,Multiplayer
11401,YOUTUBE,14797,Bug_Complaint
11402,YOUTUBE,14813,Bug_Complaint
11403,YOUTUBE,14819,Exclusivity
11404,YOUTUBE,14849,Hype
11405,YOUTUBE,14852,Multiplayer
11406,YOUTUBE,14856,Price
11407,YOUTUBE,14862,Nostalgia
11408,YOUTUBE,14867,Exclusivity
11409,YOUTUBE,14869,Bug_Complaint
11410,YOUTUBE,14895,Store_UX
11411,YOUTUBE,14906,Performance
11412,YOUTUBE,14931,Exclusivity
11413,YOUTUBE,14939,Exclusivity
11414,YOUTUBE,14952,Price
11415,YOUTUBE,14954,Performance
11416,YOUTUBE,14958,Nostalgia
11417,YOUTUBE,14967,Store_UX
11418,YOUTUBE,14972,Multiplayer
11419,YOUTUBE,14973,Bug_Complaint
11420,YOUTUBE,14977,Hype
11421,YOUTUBE,14980,Multiplayer
11422,YOUTUBE,14991,Store_UX
11423,YOUTUBE,15011,Exclusivity
11424,YOUTUBE,15013,Bug_Complaint
11425,YOUTUBE,15029,Bug_Complaint
11426,YOUTUBE,15030,Nostalgia
11427,YOUTUBE,15031,Store_UX
11428,YOUTUBE,15032,Price
11429,YOUTUBE,15034,Performance
11430,YOUTUBE,15048,Price
11431,YOUTUBE,15055,Store_UX
11432,YOUTUBE,15085,Bug_Complaint
11433,YOUTUBE,15086,Nostalgia
11434,YOUTUBE,15095,Store_UX
11435,YOUTUBE,15102,Nostalgia
11436,YOUTUBE,15113,Hype
11437,YOUTUBE,15115,Exclusivity
11438,YOUTUBE,15120,Price
11439,YOUTUBE,15121,Hype
11440,YOUTUBE,15146,Performance
11441,YOUTUBE,15147,Exclusivity
11442,YOUTUBE,15156,Multiplayer
11443,YOUTUBE,15159,Store_UX
11444,YOUTUBE,15168,Price
11445,YOUTUBE,15182,Nostalgia
11446,YOUTUBE,15190,Nostalgia
11447,YOUTUBE,15192,Price
11448,YOUTUBE,15201,Hype
11449,YOUTUBE,15203,Exclusivity
11450,YOUTUBE,15217,Hype
11451,YOUTUBE,15228,Multiplayer
11452,YOUTUBE,15233,Hype
11453,YOUTUBE,15263,Store_UX
11454,YOUTUBE,15271,Store_UX
11455,YOUTUBE,15273,Hype
11456,YOUTUBE,15280,Price
11457,YOUTUBE,15281,Hype
11458,YOUTUBE,15283,Exclusivity
11459,YOUTUBE,15303,Store_UX
11460,YOUTUBE,15304,Price
11461,YOUTUBE,15319,Store_UX
11462,YOUTUBE,15323,Exclusivity
11463,YOUTUBE,15325,Bug_Complaint
11464,YOUTUBE,15330,Performance
11465,YOUTUBE,15332,Multiplayer
11466,YOUTUBE,15338,Performance
11467,YOUTUBE,15346,Performance
11468,YOUTUBE,15347,Exclusivity
11469,YOUTUBE,7683,Exclusivity
11470,YOUTUBE,7688,Price
11471,YOUTUBE,7692,Multiplayer
11472,YOUTUBE,7693,Bug_Complaint
11473,YOUTUBE,7694,Nostalgia
11474,YOUTUBE,7695,Store_UX
11475,YOUTUBE,7708,Multiplayer
11476,YOUTUBE,7714,Performance
11477,YOUTUBE,7743,Store_UX
11478,YOUTUBE,7751,Store_UX
11479,YOUTUBE,7755,Exclusivity
11480,YOUTUBE,7773,Bug_Complaint
11481,YOUTUBE,7788,Multiplayer
11482,YOUTUBE,7790,Nostalgia
11483,YOUTUBE,7807,Store_UX
11484,YOUTUBE,7818,Performance
11485,YOUTUBE,7819,Exclusivity
11486,YOUTUBE,7834,Performance
11487,YOUTUBE,7836,Multiplayer
11488,YOUTUBE,7837,Bug_Complaint
11489,YOUTUBE,7839,Store_UX
11490,YOUTUBE,7847,Store_UX
11491,YOUTUBE,7853,Bug_Complaint
11492,YOUTUBE,7854,Nostalgia
11493,YOUTUBE,7856,Price
11494,YOUTUBE,7859,Exclusivity
11495,YOUTUBE,7867,Exclusivity
11496,YOUTUBE,7894,Nostalgia
11497,YOUTUBE,7895,Store_UX
11498,YOUTUBE,7897,Hype
11499,YOUTUBE,7921,Hype
11500,YOUTUBE,7928,Price
11501,YOUTUBE,7937,Hype
11502,YOUTUBE,7944,Price
11503,YOUTUBE,7950,Nostalgia
11504,YOUTUBE,7976,Price
11505,YOUTUBE,7982,Nostalgia
11506,YOUTUBE,7983,Store_UX
11507,YOUTUBE,7989,Bug_Complaint
11508,YOUTUBE,7994,Performance
11509,YOUTUBE,8001,Hype
11510,YOUTUBE,8016,Price
11511,YOUTUBE,8018,Performance
11512,YOUTUBE,8033,Hype
11513,YOUTUBE,8037,Bug_Complaint
11514,YOUTUBE,8039,Store_UX
11515,YOUTUBE,8044,Multiplayer
11516,YOUTUBE,8050,Performance
11517,YOUTUBE,8061,Bug_Complaint
11518,YOUTUBE,8069,Bug_Complaint
11519,YOUTUBE,8070,Nostalgia
11520,YOUTUBE,8087,Store_UX
11521,YOUTUBE,8091,Exclusivity
11522,YOUTUBE,8093,Bug_Complaint
11523,YOUTUBE,8097,Hype
11524,YOUTUBE,8101,Bug_Complaint
11525,YOUTUBE,8102,Nostalgia
11526,YOUTUBE,8103,Store_UX
11527,YOUTUBE,8119,Store_UX
11528,YOUTUBE,8142,Nostalgia
11529,YOUTUBE,8147,Exclusivity
11530,YOUTUBE,8150,Nostalgia
11531,YOUTUBE,8151,Store_UX
11532,YOUTUBE,8170,Performance
11533,YOUTUBE,8174,Nostalgia
11534,YOUTUBE,8176,Price
11535,YOUTUBE,8207,Store_UX
11536,YOUTUBE,8210,Performance
11537,YOUTUBE,8214,Nostalgia
11538,YOUTUBE,8245,Bug_Complaint
11539,YOUTUBE,8265,Hype
11540,YOUTUBE,8274,Performance
11541,YOUTUBE,8275,Exclusivity
11542,YOUTUBE,8294,Nostalgia
11543,YOUTUBE,8295,Store_UX
11544,YOUTUBE,8311,Store_UX
11545,YOUTUBE,8317,Bug_Complaint
11546,YOUTUBE,8333,Bug_Complaint
11547,YOUTUBE,8337,Hype
11548,YOUTUBE,8356,Multiplayer
11549,YOUTUBE,8370,Performance
11550,YOUTUBE,8374,Nostalgia
11551,YOUTUBE,8381,Bug_Complaint
11552,YOUTUBE,8384,Price
11553,YOUTUBE,8389,Bug_Complaint
11554,YOUTUBE,8407,Store_UX
11555,YOUTUBE,8415,Store_UX
11556,YOUTUBE,8427,Exclusivity
11557,YOUTUBE,8431,Store_UX
11558,YOUTUBE,8437,Bug_Complaint
11559,YOUTUBE,8439,Store_UX
11560,YOUTUBE,8450,Performance
11561,YOUTUBE,8451,Exclusivity
11562,YOUTUBE,8464,Price
11563,YOUTUBE,8480,Price
11564,YOUTUBE,8493,Bug_Complaint
11565,YOUTUBE,8498,Performance
11566,YOUTUBE,8503,Store_UX
11567,YOUTUBE,8518,Nostalgia
11568,YOUTUBE,8519,Store_UX
11569,YOUTUBE,8541,Bug_Complaint
11570,YOUTUBE,8543,Store_UX
11571,YOUTUBE,8544,Price
11572,YOUTUBE,8557,Bug_Complaint
11573,YOUTUBE,8565,Bug_Complaint
11574,YOUTUBE,8569,Hype
11575,YOUTUBE,8584,Price
11576,YOUTUBE,8607,Store_UX
11577,YOUTUBE,8633,Hype
11578,YOUTUBE,8634,Performance
11579,YOUTUBE,8637,Bug_Complaint
11580,YOUTUBE,8639,Store_UX
11581,YOUTUBE,8643,Exclusivity
11582,YOUTUBE,8644,Multiplayer
11583,YOUTUBE,8650,Performance
11584,YOUTUBE,8688,Price
11585,YOUTUBE,8697,Hype
11586,YOUTUBE,8727,Store_UX
11587,YOUTUBE,8743,Store_UX
11588,YOUTUBE,8746,Performance
11589,YOUTUBE,8771,Exclusivity
11590,YOUTUBE,8776,Price
11591,YOUTUBE,8804,Multiplayer
11592,YOUTUBE,8813,Bug_Complaint
11593,YOUTUBE,8832,Price
11594,YOUTUBE,8848,Price
11595,YOUTUBE,8867,Exclusivity
11596,YOUTUBE,8871,Store_UX
11597,YOUTUBE,8873,Hype
11598,YOUTUBE,8878,Nostalgia
11599,YOUTUBE,8880,Price
11600,YOUTUBE,8886,Nostalgia
11601,YOUTUBE,8905,Hype
11602,YOUTUBE,8915,Exclusivity
11603,YOUTUBE,8927,Store_UX
11604,YOUTUBE,8934,Nostalgia
11605,YOUTUBE,8935,Store_UX
11606,YOUTUBE,8940,Multiplayer
11607,YOUTUBE,8942,Nostalgia
11608,YOUTUBE,8944,Price
11609,YOUTUBE,8948,Multiplayer
11610,YOUTUBE,8949,Bug_Complaint
11611,YOUTUBE,8996,Multiplayer
11612,YOUTUBE,9018,Performance
11613,YOUTUBE,9020,Multiplayer
11614,YOUTUBE,9032,Price
11615,YOUTUBE,9055,Store_UX
11616,YOUTUBE,9056,Price
11617,YOUTUBE,9060,Multiplayer
11618,YOUTUBE,9146,Performance
11619,YOUTUBE,9154,Performance
11620,YOUTUBE,9168,Price
11621,YOUTUBE,9187,Exclusivity
11622,YOUTUBE,9193,Hype
11623,YOUTUBE,9207,Store_UX
11624,YOUTUBE,9223,Store_UX
11625,YOUTUBE,9232,Price
11626,YOUTUBE,9233,Hype
11627,YOUTUBE,9254,Nostalgia
11628,YOUTUBE,9258,Performance
11629,YOUTUBE,9269,Bug_Complaint
11630,YOUTUBE,9276,Multiplayer
11631,YOUTUBE,9283,Exclusivity
11632,YOUTUBE,9287,Store_UX
11633,YOUTUBE,9293,Bug_Complaint
11634,YOUTUBE,9298,Performance
11635,YOUTUBE,9305,Hype
11636,YOUTUBE,9312,Price
11637,YOUTUBE,9319,Store_UX
11638,YOUTUBE,9331,Exclusivity
11639,YOUTUBE,9332,Multiplayer
11640,YOUTUBE,9333,Bug_Complaint
11641,YOUTUBE,9336,Price
11642,YOUTUBE,9337,Hype
11643,YOUTUBE,9344,Price
11644,YOUTUBE,9345,Hype
11645,YOUTUBE,9359,Store_UX
11646,YOUTUBE,9361,Hype
11647,YOUTUBE,9374,Nostalgia
11648,YOUTUBE,9378,Performance
11649,YOUTUBE,9380,Multiplayer
11650,YOUTUBE,9383,Store_UX
11651,YOUTUBE,9388,Multiplayer
11652,YOUTUBE,9405,Bug_Complaint
11653,YOUTUBE,9408,Price
11654,YOUTUBE,9417,Hype
11655,YOUTUBE,9431,Store_UX
11656,YOUTUBE,9451,Exclusivity
11657,YOUTUBE,9456,Price
11658,YOUTUBE,9459,Exclusivity
11659,YOUTUBE,9460,Multiplayer
11660,YOUTUBE,9465,Hype
11661,YOUTUBE,9472,Price
11662,YOUTUBE,9475,Exclusivity
11663,YOUTUBE,9483,Exclusivity
11664,YOUTUBE,9493,Bug_Complaint
11665,YOUTUBE,9512,Price
11666,YOUTUBE,9548,Multiplayer
11667,YOUTUBE,9559,Store_UX
11668,YOUTUBE,9582,Nostalgia
11669,YOUTUBE,9585,Hype
11670,YOUTUBE,9589,Bug_Complaint
11671,YOUTUBE,9608,Price
11672,YOUTUBE,9620,Multiplayer
11673,YOUTUBE,9625,Hype
11674,YOUTUBE,9627,Exclusivity
11675,YOUTUBE,9639,Store_UX
11676,YOUTUBE,9644,Multiplayer
11677,YOUTUBE,9649,Hype
11678,YOUTUBE,9650,Performance
11679,YOUTUBE,9655,Store_UX
11680,YOUTUBE,9656,Price
11681,YOUTUBE,9663,Store_UX
11682,YOUTUBE,9672,Price
11683,YOUTUBE,9674,Performance
11684,YOUTUBE,9686,Nostalgia
11685,YOUTUBE,9699,Exclusivity
11686,YOUTUBE,9702,Nostalgia
11687,YOUTUBE,9705,Hype
11688,YOUTUBE,9711,Store_UX
11689,YOUTUBE,9749,Bug_Complaint
11690,YOUTUBE,9750,Nostalgia
11691,YOUTUBE,9751,Store_UX
11692,YOUTUBE,9760,Price
11693,YOUTUBE,9762,Performance
11694,YOUTUBE,9763,Exclusivity
11695,YOUTUBE,9771,Exclusivity
11696,YOUTUBE,9781,Bug_Complaint
11697,YOUTUBE,9798,Nostalgia
11698,YOUTUBE,9807,Store_UX
11699,YOUTUBE,9811,Exclusivity
11700,YOUTUBE,9815,Store_UX
11701,YOUTUBE,9817,Hype
11702,YOUTUBE,9833,Hype
11703,YOUTUBE,9844,Multiplayer
11704,YOUTUBE,9857,Hype
11705,YOUTUBE,9860,Multiplayer
11706,YOUTUBE,9863,Store_UX
11707,YOUTUBE,9875,Exclusivity
11708,YOUTUBE,9881,Hype
11709,YOUTUBE,9883,Exclusivity
11710,YOUTUBE,9893,Bug_Complaint
11711,YOUTUBE,9897,Hype
11712,YOUTUBE,9899,Exclusivity
11713,YOUTUBE,9907,Exclusivity
11714,YOUTUBE,9908,Multiplayer
11715,YOUTUBE,9918,Nostalgia
11716,YOUTUBE,9923,Exclusivity
11717,YOUTUBE,9926,Nostalgia
11718,YOUTUBE,9936,Price
11719,YOUTUBE,9945,Hype
11720,YOUTUBE,9946,Performance
11721,YOUTUBE,9954,Performance
11722,YOUTUBE,9956,Multiplayer
11723,YOUTUBE,9973,Bug_Complaint
11724,YOUTUBE,9975,Store_UX
11725,YOUTUBE,9981,Bug_Complaint
11726,YOUTUBE,9982,Nostalgia
11727,YOUTUBE,9993,Hype
11728,YOUTUBE,9995,Exclusivity
11729,YOUTUBE,10012,Multiplayer
11730,YOUTUBE,10023,Store_UX
11731,YOUTUBE,10025,Hype
11732,YOUTUBE,10027,Exclusivity
11733,YOUTUBE,10029,Bug_Complaint
11734,YOUTUBE,10039,Store_UX
11735,YOUTUBE,10043,Exclusivity
11736,YOUTUBE,10053,Bug_Complaint
11737,YOUTUBE,10062,Nostalgia
11738,YOUTUBE,10072,Price
11739,YOUTUBE,10073,Hype
11740,YOUTUBE,10076,Multiplayer
11741,YOUTUBE,10104,Price
11742,YOUTUBE,10107,Exclusivity
11743,YOUTUBE,10115,Exclusivity
11744,YOUTUBE,10130,Performance
11745,YOUTUBE,10132,Multiplayer
11746,YOUTUBE,10133,Bug_Complaint
11747,YOUTUBE,10143,Store_UX
11748,YOUTUBE,10145,Hype
11749,YOUTUBE,10163,Exclusivity
11750,YOUTUBE,10171,Exclusivity
11751,YOUTUBE,10173,Bug_Complaint
11752,YOUTUBE,10174,Nostalgia
11753,YOUTUBE,10185,Hype
11754,YOUTUBE,10199,Store_UX
11755,YOUTUBE,10201,Hype
11756,YOUTUBE,10204,Multiplayer
11757,YOUTUBE,10208,Price
11758,YOUTUBE,10210,Performance
11759,REDDIT,681,Nostalgia
11760,REDDIT,692,Exclusivity
11761,REDDIT,712,Bug_Complaint
11762,REDDIT,721,Hype
11763,REDDIT,752,Nostalgia
11764,REDDIT,756,Exclusivity
11765,REDDIT,759,Bug_Complaint
11766,REDDIT,761,Price
11767,REDDIT,769,Performance
11768,REDDIT,785,Price
11769,REDDIT,798,Nostalgia
11770,REDDIT,833,Nostalgia
11771,REDDIT,837,Exclusivity
11772,REDDIT,854,Performance
11773,REDDIT,860,Bug_Complaint
11774,REDDIT,862,Bug_Complaint
11775,REDDIT,871,Bug_Complaint
11776,REDDIT,875,Exclusivity
11777,REDDIT,885,Exclusivity
11778,REDDIT,888,Store_UX
11779,REDDIT,893,Bug_Complaint
11780,REDDIT,900,Hype
11781,REDDIT,901,Performance
11782,REDDIT,909,Exclusivity
11783,REDDIT,924,Exclusivity
11784,REDDIT,929,Exclusivity
11785,REDDIT,933,Nostalgia
11786,REDDIT,946,Exclusivity
11787,REDDIT,955,Store_UX
11788,REDDIT,962,Exclusivity
11789,REDDIT,969,Store_UX
11790,REDDIT,992,Performance
11791,REDDIT,996,Store_UX
11792,REDDIT,1003,Multiplayer
11793,REDDIT,1011,Hype
11794,REDDIT,1015,Price
11795,REDDIT,1020,Multiplayer
11796,REDDIT,1021,Multiplayer
11797,REDDIT,1023,Nostalgia
11798,REDDIT,1024,Price
11799,REDDIT,1029,Store_UX
11800,REDDIT,1042,Exclusivity
11801,REDDIT,1044,Multiplayer
11802,REDDIT,1046,Multiplayer
11803,REDDIT,1069,Multiplayer
11804,REDDIT,1089,Bug_Complaint
11805,REDDIT,1092,Multiplayer
11806,REDDIT,1098,Multiplayer
11807,REDDIT,1110,Hype
11808,REDDIT,1117,Bug_Complaint
11809,REDDIT,1119,Price
11810,REDDIT,1122,Price
11811,REDDIT,1131,Hype
11812,REDDIT,1135,Price
11813,REDDIT,1141,Exclusivity
11814,REDDIT,1151,Multiplayer
11815,REDDIT,1163,Price
11816,REDDIT,1165,Bug_Complaint
11817,REDDIT,1178,Exclusivity
11818,REDDIT,1179,Bug_Complaint
11819,REDDIT,1181,Price
11820,REDDIT,1185,Store_UX
11821,REDDIT,1188,Bug_Complaint
11822,REDDIT,1205,Multiplayer
11823,REDDIT,1206,Price
11824,REDDIT,1258,Multiplayer
11825,REDDIT,1287,Nostalgia
11826,REDDIT,1292,Store_UX
11827,REDDIT,1307,Multiplayer
11828,REDDIT,1311,Performance
11829,REDDIT,1312,Exclusivity
11830,REDDIT,1316,Hype
11831,REDDIT,1327,Exclusivity
11832,REDDIT,1329,Price
11833,YOUTUBE,17922,Performance
11834,YOUTUBE,17933,Bug_Complaint
11835,YOUTUBE,17934,Nostalgia
11836,YOUTUBE,17942,Nostalgia
11837,YOUTUBE,17953,Hype
11838,YOUTUBE,17955,Exclusivity
11839,YOUTUBE,17975,Store_UX
11840,YOUTUBE,17985,Hype
11841,YOUTUBE,18006,Nostalgia
11842,YOUTUBE,18008,Price
11843,YOUTUBE,18023,Store_UX
11844,YOUTUBE,18025,Hype
11845,YOUTUBE,18029,Bug_Complaint
11846,YOUTUBE,18030,Nostalgia
11847,YOUTUBE,18050,Performance
11848,YOUTUBE,18055,Store_UX
11849,YOUTUBE,18077,Bug_Complaint
11850,YOUTUBE,18097,Hype
11851,YOUTUBE,18111,Store_UX
11852,YOUTUBE,18118,Nostalgia
11853,YOUTUBE,18127,Store_UX
11854,YOUTUBE,18139,Exclusivity
11855,YOUTUBE,18140,Multiplayer
11856,YOUTUBE,18143,Store_UX
11857,YOUTUBE,18165,Bug_Complaint
11858,YOUTUBE,18175,Store_UX
11859,YOUTUBE,18177,Hype
11860,YOUTUBE,18179,Exclusivity
11861,YOUTUBE,18190,Nostalgia
11862,YOUTUBE,18206,Nostalgia
11863,YOUTUBE,18216,Price
11864,YOUTUBE,18226,Performance
11865,YOUTUBE,18227,Exclusivity
11866,YOUTUBE,18240,Price
11867,YOUTUBE,18246,Nostalgia
11868,YOUTUBE,18266,Performance
11869,YOUTUBE,18273,Hype
11870,YOUTUBE,18289,Hype
11871,YOUTUBE,18310,Nostalgia
11872,YOUTUBE,18312,Price
11873,YOUTUBE,18314,Performance
11874,YOUTUBE,18321,Hype
11875,YOUTUBE,18325,Bug_Complaint
11876,YOUTUBE,18326,Nostalgia
11877,YOUTUBE,18332,Multiplayer
11878,YOUTUBE,18341,Bug_Complaint
11879,YOUTUBE,18344,Price
11880,YOUTUBE,18360,Price
11881,YOUTUBE,18361,Hype
11882,YOUTUBE,18364,Multiplayer
11883,YOUTUBE,18366,Nostalgia
11884,YOUTUBE,18367,Store_UX
11885,YOUTUBE,18380,Multiplayer
11886,YOUTUBE,18381,Bug_Complaint
11887,YOUTUBE,18389,Bug_Complaint
11888,YOUTUBE,18390,Nostalgia
11889,YOUTUBE,18394,Performance
11890,YOUTUBE,18396,Multiplayer
11891,YOUTUBE,18406,Nostalgia
11892,YOUTUBE,18409,Hype
11893,YOUTUBE,18410,Performance
11894,YOUTUBE,18420,Multiplayer
11895,YOUTUBE,18426,Performance
11896,YOUTUBE,18430,Nostalgia
11897,YOUTUBE,18431,Store_UX
11898,YOUTUBE,18433,Hype
11899,YOUTUBE,18437,Bug_Complaint
11900,YOUTUBE,18440,Price
11901,YOUTUBE,18450,Performance
11902,YOUTUBE,18469,Bug_Complaint
11903,YOUTUBE,18481,Hype
11904,YOUTUBE,18487,Store_UX
11905,YOUTUBE,18488,Price
11906,YOUTUBE,18499,Exclusivity
11907,YOUTUBE,18510,Nostalgia
11908,YOUTUBE,18522,Performance
11909,YOUTUBE,18541,Bug_Complaint
11910,YOUTUBE,18548,Multiplayer
11911,YOUTUBE,18554,Performance
11912,YOUTUBE,18557,Bug_Complaint
11913,YOUTUBE,18572,Multiplayer
11914,YOUTUBE,18576,Price
11915,YOUTUBE,18580,Multiplayer
11916,YOUTUBE,18587,Exclusivity
11917,YOUTUBE,18595,Exclusivity
11918,YOUTUBE,18599,Store_UX
11919,YOUTUBE,18624,Price
11920,YOUTUBE,18625,Hype
11921,YOUTUBE,18627,Exclusivity
11922,YOUTUBE,18651,Exclusivity
11923,YOUTUBE,18653,Bug_Complaint
11924,YOUTUBE,18658,Performance
11925,YOUTUBE,18693,Bug_Complaint
11926,YOUTUBE,18702,Nostalgia
11927,YOUTUBE,18706,Performance
11928,YOUTUBE,18711,Store_UX
11929,YOUTUBE,18718,Nostalgia
11930,YOUTUBE,18729,Hype
11931,YOUTUBE,18730,Performance
11932,YOUTUBE,18735,Store_UX
11933,YOUTUBE,18738,Performance
11934,YOUTUBE,18742,Nostalgia
11935,YOUTUBE,18747,Exclusivity
11936,YOUTUBE,18759,Store_UX
11937,YOUTUBE,18774,Nostalgia
11938,YOUTUBE,18786,Performance
11939,YOUTUBE,18798,Nostalgia
11940,YOUTUBE,18799,Store_UX
11941,YOUTUBE,18803,Exclusivity
11942,YOUTUBE,18806,Nostalgia
11943,YOUTUBE,18807,Store_UX
11944,YOUTUBE,18809,Hype
11945,YOUTUBE,18815,Store_UX
11946,YOUTUBE,18837,Bug_Complaint
11947,YOUTUBE,18842,Performance
11948,YOUTUBE,18862,Nostalgia
11949,YOUTUBE,18864,Price
11950,YOUTUBE,18880,Price
11951,YOUTUBE,18885,Bug_Complaint
11952,YOUTUBE,18887,Store_UX
11953,YOUTUBE,18891,Exclusivity
11954,YOUTUBE,18900,Multiplayer
11955,YOUTUBE,18905,Hype
11956,YOUTUBE,18911,Store_UX
11957,YOUTUBE,18912,Price
11958,YOUTUBE,18929,Hype
11959,YOUTUBE,18947,Exclusivity
11960,YOUTUBE,18980,Multiplayer
11961,YOUTUBE,18981,Bug_Complaint
11962,YOUTUBE,18982,Nostalgia
11963,YOUTUBE,18997,Bug_Complaint
11964,YOUTUBE,19006,Nostalgia
11965,YOUTUBE,19025,Hype
11966,YOUTUBE,19027,Exclusivity
11967,YOUTUBE,19037,Bug_Complaint
11968,YOUTUBE,19052,Multiplayer
11969,YOUTUBE,19054,Nostalgia
11970,YOUTUBE,19066,Performance
11971,YOUTUBE,19069,Bug_Complaint
11972,YOUTUBE,19071,Store_UX
11973,YOUTUBE,19073,Hype
11974,YOUTUBE,19077,Bug_Complaint
11975,YOUTUBE,19082,Performance
11976,YOUTUBE,19084,Multiplayer
11977,YOUTUBE,19088,Price
11978,YOUTUBE,19089,Hype
11979,YOUTUBE,19091,Exclusivity
11980,YOUTUBE,19114,Performance
11981,YOUTUBE,19117,Bug_Complaint
11982,YOUTUBE,19121,Hype
11983,YOUTUBE,19129,Hype
11984,YOUTUBE,19131,Exclusivity
11985,YOUTUBE,19133,Bug_Complaint
11986,YOUTUBE,19148,Multiplayer
11987,YOUTUBE,19154,Performance
11988,YOUTUBE,19160,Price
11989,YOUTUBE,19164,Multiplayer
11990,YOUTUBE,19171,Exclusivity
11991,YOUTUBE,19172,Multiplayer
11992,YOUTUBE,19174,Nostalgia
11993,YOUTUBE,19176,Price
11994,YOUTUBE,19177,Hype
11995,YOUTUBE,19179,Exclusivity
11996,YOUTUBE,19184,Price
11997,YOUTUBE,19193,Hype
11998,YOUTUBE,19195,Exclusivity
11999,YOUTUBE,19196,Multiplayer
12000,YOUTUBE,19208,Price
12001,YOUTUBE,19241,Hype
12002,YOUTUBE,19243,Exclusivity
12003,YOUTUBE,19265,Hype
12004,YOUTUBE,19269,Bug_Complaint
12005,YOUTUBE,19274,Performance
12006,YOUTUBE,19289,Hype
12007,YOUTUBE,19300,Multiplayer
12008,YOUTUBE,19317,Bug_Complaint
12009,YOUTUBE,19318,Nostalgia
12010,YOUTUBE,19324,Multiplayer
12011,YOUTUBE,19330,Performance
12012,YOUTUBE,19340,Multiplayer
12013,YOUTUBE,19346,Performance
12014,YOUTUBE,19362,Performance
12015,YOUTUBE,19374,Nostalgia
12016,YOUTUBE,19380,Multiplayer
12017,YOUTUBE,19390,Nostalgia
12018,YOUTUBE,19403,Exclusivity
12019,YOUTUBE,19429,Bug_Complaint
12020,YOUTUBE,19451,Exclusivity
12021,YOUTUBE,19460,Multiplayer
12022,YOUTUBE,19461,Bug_Complaint
12023,YOUTUBE,19480,Price
12024,YOUTUBE,19488,Price
12025,YOUTUBE,19492,Multiplayer
12026,YOUTUBE,19498,Performance
12027,YOUTUBE,19506,Performance
12028,YOUTUBE,19507,Exclusivity
12029,YOUTUBE,19518,Nostalgia
12030,YOUTUBE,19527,Store_UX
12031,YOUTUBE,19530,Performance
12032,YOUTUBE,19536,Price
12033,YOUTUBE,19543,Store_UX
12034,YOUTUBE,19549,Bug_Complaint
12035,YOUTUBE,19553,Hype
12036,YOUTUBE,19559,Store_UX
12037,YOUTUBE,19574,Nostalgia
12038,YOUTUBE,19576,Price
12039,YOUTUBE,19592,Price
12040,YOUTUBE,19600,Price
12041,YOUTUBE,19602,Performance
12042,YOUTUBE,19605,Bug_Complaint
12043,YOUTUBE,19612,Multiplayer
12044,YOUTUBE,19615,Store_UX
12045,YOUTUBE,19623,Store_UX
12046,YOUTUBE,19647,Store_UX
12047,YOUTUBE,19661,Bug_Complaint
12048,YOUTUBE,19669,Bug_Complaint
12049,YOUTUBE,19679,Store_UX
12050,YOUTUBE,19696,Price
12051,YOUTUBE,19700,Multiplayer
12052,YOUTUBE,19712,Price
12053,YOUTUBE,19728,Price
12054,YOUTUBE,19733,Bug_Complaint
12055,YOUTUBE,19743,Store_UX
12056,YOUTUBE,19745,Hype
12057,YOUTUBE,19749,Bug_Complaint
12058,YOUTUBE,19754,Performance
12059,YOUTUBE,19772,Multiplayer
12060,YOUTUBE,19776,Price
12061,YOUTUBE,19814,Nostalgia
12062,YOUTUBE,19828,Multiplayer
12063,YOUTUBE,19830,Nostalgia
12064,YOUTUBE,19832,Price
12065,YOUTUBE,19836,Multiplayer
12066,YOUTUBE,19840,Price
12067,YOUTUBE,19841,Hype
12068,YOUTUBE,19857,Hype
12069,YOUTUBE,19860,Multiplayer
12070,YOUTUBE,19861,Bug_Complaint
12071,YOUTUBE,19864,Price
12072,YOUTUBE,19872,Price
12073,YOUTUBE,19877,Bug_Complaint
12074,YOUTUBE,19881,Hype
12075,YOUTUBE,19884,Multiplayer
12076,YOUTUBE,19895,Store_UX
12077,YOUTUBE,19900,Multiplayer
12078,YOUTUBE,19901,Bug_Complaint
12079,YOUTUBE,19907,Exclusivity
12080,YOUTUBE,19908,Multiplayer
12081,YOUTUBE,19917,Bug_Complaint
12082,YOUTUBE,19933,Bug_Complaint
12083,YOUTUBE,19939,Exclusivity
12084,YOUTUBE,19969,Hype
12085,YOUTUBE,19972,Multiplayer
12086,YOUTUBE,19976,Price
12087,YOUTUBE,19982,Nostalgia
12088,YOUTUBE,19987,Exclusivity
12089,YOUTUBE,19989,Bug_Complaint
12090,YOUTUBE,20015,Store_UX
12091,YOUTUBE,20026,Performance
12092,YOUTUBE,20051,Exclusivity
12093,YOUTUBE,20059,Exclusivity
12094,YOUTUBE,20072,Price
12095,YOUTUBE,20074,Performance
12096,YOUTUBE,20078,Nostalgia
12097,YOUTUBE,20087,Store_UX
12098,YOUTUBE,20092,Multiplayer
12099,YOUTUBE,20093,Bug_Complaint
12100,YOUTUBE,20097,Hype
12101,YOUTUBE,20100,Multiplayer
12102,YOUTUBE,20111,Store_UX
12103,YOUTUBE,20131,Exclusivity
12104,YOUTUBE,20133,Bug_Complaint
12105,YOUTUBE,20149,Bug_Complaint
12106,YOUTUBE,20150,Nostalgia
12107,YOUTUBE,20151,Store_UX
12108,YOUTUBE,20152,Price
12109,YOUTUBE,20154,Performance
12110,YOUTUBE,20168,Price
12111,YOUTUBE,20175,Store_UX
12112,YOUTUBE,20205,Bug_Complaint
12113,YOUTUBE,20206,Nostalgia
12114,YOUTUBE,20215,Store_UX
12115,YOUTUBE,20222,Nostalgia
12116,YOUTUBE,20233,Hype
12117,YOUTUBE,20235,Exclusivity
12118,YOUTUBE,20240,Price
12119,YOUTUBE,20241,Hype
12120,YOUTUBE,20266,Performance
12121,YOUTUBE,20267,Exclusivity
12122,YOUTUBE,20276,Multiplayer
12123,YOUTUBE,20279,Store_UX
12124,YOUTUBE,20288,Price
12125,YOUTUBE,20302,Nostalgia
12126,YOUTUBE,20310,Nostalgia
12127,YOUTUBE,20312,Price
12128,YOUTUBE,20321,Hype
12129,YOUTUBE,20323,Exclusivity
12130,YOUTUBE,20337,Hype
12131,YOUTUBE,20348,Multiplayer
12132,YOUTUBE,20353,Hype
12133,YOUTUBE,20383,Store_UX
12134,YOUTUBE,20391,Store_UX
12135,YOUTUBE,20393,Hype
12136,YOUTUBE,20400,Price
12137,YOUTUBE,20401,Hype
12138,YOUTUBE,20403,Exclusivity
12139,YOUTUBE,20423,Store_UX
12140,YOUTUBE,20424,Price
12141,YOUTUBE,20439,Store_UX
12142,YOUTUBE,20443,Exclusivity
12143,YOUTUBE,20445,Bug_Complaint
12144,YOUTUBE,20450,Performance
12145,YOUTUBE,20452,Multiplayer
12146,YOUTUBE,20458,Performance
12147,YOUTUBE,20466,Performance
12148,YOUTUBE,20467,Exclusivity
12149,REDDIT,3341,Multiplayer
12150,REDDIT,3352,Price
12151,REDDIT,3372,Price
12152,REDDIT,3381,Multiplayer
12153,REDDIT,3412,Exclusivity
12154,REDDIT,3416,Store_UX
12155,REDDIT,3419,Nostalgia
12156,REDDIT,3421,Performance
12157,REDDIT,3429,Performance
12158,REDDIT,3445,Nostalgia
12159,REDDIT,3458,Bug_Complaint
12160,REDDIT,3493,Multiplayer
12161,REDDIT,3497,Store_UX
12162,REDDIT,3514,Hype
12163,REDDIT,3520,Exclusivity
12164,REDDIT,3522,Multiplayer
12165,REDDIT,3531,Performance
12166,REDDIT,3535,Nostalgia
12167,REDDIT,3545,Price
12168,REDDIT,3548,Exclusivity
12169,REDDIT,3553,Bug_Complaint
12170,REDDIT,3560,Performance
12171,REDDIT,3561,Multiplayer
12172,REDDIT,3569,Multiplayer
12173,REDDIT,3584,Store_UX
12174,REDDIT,3589,Hype
12175,REDDIT,3593,Multiplayer
12176,REDDIT,3606,Nostalgia
12177,REDDIT,3615,Multiplayer
12178,REDDIT,3622,Multiplayer
12179,REDDIT,3629,Bug_Complaint
12180,REDDIT,3652,Exclusivity
12181,REDDIT,3656,Multiplayer
12182,REDDIT,3663,Hype
12183,REDDIT,3671,Bug_Complaint
12184,REDDIT,3675,Multiplayer
12185,REDDIT,3680,Store_UX
12186,REDDIT,3681,Hype
12187,REDDIT,3683,Hype
12188,REDDIT,3684,Price
12189,REDDIT,3689,Multiplayer
12190,REDDIT,3702,Price
12191,REDDIT,3704,Performance
12192,REDDIT,3706,Store_UX
12193,REDDIT,3729,Hype
12194,REDDIT,3749,Performance
12195,REDDIT,3752,Bug_Complaint
12196,REDDIT,3758,Multiplayer
12197,REDDIT,3770,Multiplayer
12198,REDDIT,3777,Exclusivity
12199,REDDIT,3779,Bug_Complaint
12200,REDDIT,3782,Nostalgia
12201,REDDIT,3791,Nostalgia
12202,REDDIT,3795,Price
12203,REDDIT,3801,Multiplayer
12204,REDDIT,3811,Price
12205,REDDIT,3823,Store_UX
12206,REDDIT,3825,Exclusivity
12207,REDDIT,3838,Nostalgia
12208,REDDIT,3839,Performance
12209,REDDIT,3841,Store_UX
12210,REDDIT,3845,Exclusivity
12211,REDDIT,3848,Store_UX
12212,REDDIT,3865,Price
12213,REDDIT,3866,Nostalgia
12214,REDDIT,3918,Price
12215,REDDIT,3947,Price
12216,REDDIT,3952,Nostalgia
12217,REDDIT,3967,Multiplayer
12218,REDDIT,3971,Multiplayer
12219,REDDIT,3972,Exclusivity
12220,REDDIT,3976,Performance
12221,REDDIT,3987,Bug_Complaint
12222,REDDIT,3989,Nostalgia
12223,YOUTUBE,10243,Exclusivity
12224,YOUTUBE,10254,Nostalgia
12225,YOUTUBE,10255,Store_UX
12226,YOUTUBE,10263,Store_UX
12227,YOUTUBE,10274,Performance
12228,YOUTUBE,10276,Multiplayer
12229,YOUTUBE,10296,Price
12230,YOUTUBE,10306,Performance
12231,YOUTUBE,10327,Store_UX
12232,YOUTUBE,10329,Hype
12233,YOUTUBE,10344,Price
12234,YOUTUBE,10346,Performance
12235,YOUTUBE,10350,Nostalgia
12236,YOUTUBE,10351,Store_UX
12237,YOUTUBE,10371,Exclusivity
12238,YOUTUBE,10376,Price
12239,YOUTUBE,10398,Nostalgia
12240,YOUTUBE,10418,Performance
12241,YOUTUBE,10432,Price
12242,YOUTUBE,10439,Store_UX
12243,YOUTUBE,10448,Price
12244,YOUTUBE,10460,Multiplayer
12245,YOUTUBE,10461,Bug_Complaint
12246,YOUTUBE,10464,Price
12247,YOUTUBE,10486,Nostalgia
12248,YOUTUBE,10496,Price
12249,YOUTUBE,10498,Performance
12250,YOUTUBE,10500,Multiplayer
12251,YOUTUBE,10511,Store_UX
12252,YOUTUBE,10527,Store_UX
12253,YOUTUBE,10537,Hype
12254,YOUTUBE,10547,Exclusivity
12255,YOUTUBE,10548,Multiplayer
12256,YOUTUBE,10561,Hype
12257,YOUTUBE,10567,Store_UX
12258,YOUTUBE,10587,Exclusivity
12259,YOUTUBE,10594,Performance
12260,YOUTUBE,10610,Performance
12261,YOUTUBE,10631,Store_UX
12262,YOUTUBE,10633,Hype
12263,YOUTUBE,10635,Exclusivity
12264,YOUTUBE,10642,Performance
12265,YOUTUBE,10646,Nostalgia
12266,YOUTUBE,10647,Store_UX
12267,YOUTUBE,10653,Bug_Complaint
12268,YOUTUBE,10662,Nostalgia
12269,YOUTUBE,10665,Hype
12270,YOUTUBE,10681,Hype
12271,YOUTUBE,10682,Performance
12272,YOUTUBE,10685,Bug_Complaint
12273,YOUTUBE,10687,Store_UX
12274,YOUTUBE,10688,Price
12275,YOUTUBE,10701,Bug_Complaint
12276,YOUTUBE,10702,Nostalgia
12277,YOUTUBE,10710,Nostalgia
12278,YOUTUBE,10711,Store_UX
12279,YOUTUBE,10715,Exclusivity
12280,YOUTUBE,10717,Bug_Complaint
12281,YOUTUBE,10727,Store_UX
12282,YOUTUBE,10730,Performance
12283,YOUTUBE,10731,Exclusivity
12284,YOUTUBE,10741,Bug_Complaint
12285,YOUTUBE,10747,Exclusivity
12286,YOUTUBE,10751,Store_UX
12287,YOUTUBE,10752,Price
12288,YOUTUBE,10754,Performance
12289,YOUTUBE,10758,Nostalgia
12290,YOUTUBE,10761,Hype
12291,YOUTUBE,10771,Exclusivity
12292,YOUTUBE,10790,Nostalgia
12293,YOUTUBE,10802,Performance
12294,YOUTUBE,10808,Price
12295,YOUTUBE,10809,Hype
12296,YOUTUBE,10820,Multiplayer
12297,YOUTUBE,10831,Store_UX
12298,YOUTUBE,10843,Exclusivity
12299,YOUTUBE,10862,Nostalgia
12300,YOUTUBE,10869,Bug_Complaint
12301,YOUTUBE,10875,Exclusivity
12302,YOUTUBE,10878,Nostalgia
12303,YOUTUBE,10893,Bug_Complaint
12304,YOUTUBE,10897,Hype
12305,YOUTUBE,10901,Bug_Complaint
12306,YOUTUBE,10908,Multiplayer
12307,YOUTUBE,10916,Multiplayer
12308,YOUTUBE,10920,Price
12309,YOUTUBE,10945,Hype
12310,YOUTUBE,10946,Performance
12311,YOUTUBE,10948,Multiplayer
12312,YOUTUBE,10972,Multiplayer
12313,YOUTUBE,10974,Nostalgia
12314,YOUTUBE,10979,Exclusivity
12315,YOUTUBE,11014,Nostalgia
12316,YOUTUBE,11023,Store_UX
12317,YOUTUBE,11027,Exclusivity
12318,YOUTUBE,11032,Price
12319,YOUTUBE,11039,Store_UX
12320,YOUTUBE,11050,Performance
12321,YOUTUBE,11051,Exclusivity
12322,YOUTUBE,11056,Price
12323,YOUTUBE,11059,Exclusivity
12324,YOUTUBE,11063,Store_UX
12325,YOUTUBE,11068,Multiplayer
12326,YOUTUBE,11080,Price
12327,YOUTUBE,11095,Store_UX
12328,YOUTUBE,11107,Exclusivity
12329,YOUTUBE,11119,Store_UX
12330,YOUTUBE,11120,Price
12331,YOUTUBE,11124,Multiplayer
12332,YOUTUBE,11127,Store_UX
12333,YOUTUBE,11128,Price
12334,YOUTUBE,11130,Performance
12335,YOUTUBE,11136,Price
12336,YOUTUBE,11158,Nostalgia
12337,YOUTUBE,11163,Exclusivity
12338,YOUTUBE,11183,Store_UX
12339,YOUTUBE,11185,Hype
12340,YOUTUBE,11201,Hype
12341,YOUTUBE,11206,Nostalgia
12342,YOUTUBE,11208,Price
12343,YOUTUBE,11212,Multiplayer
12344,YOUTUBE,11221,Bug_Complaint
12345,YOUTUBE,11226,Performance
12346,YOUTUBE,11232,Price
12347,YOUTUBE,11233,Hype
12348,YOUTUBE,11250,Performance
12349,YOUTUBE,11268,Multiplayer
12350,YOUTUBE,11301,Bug_Complaint
12351,YOUTUBE,11302,Nostalgia
12352,YOUTUBE,11303,Store_UX
12353,YOUTUBE,11318,Nostalgia
12354,YOUTUBE,11327,Store_UX
12355,YOUTUBE,11346,Performance
12356,YOUTUBE,11348,Multiplayer
12357,YOUTUBE,11358,Nostalgia
12358,YOUTUBE,11373,Bug_Complaint
12359,YOUTUBE,11375,Store_UX
12360,YOUTUBE,11387,Exclusivity
12361,YOUTUBE,11390,Nostalgia
12362,YOUTUBE,11392,Price
12363,YOUTUBE,11394,Performance
12364,YOUTUBE,11398,Nostalgia
12365,YOUTUBE,11403,Exclusivity
12366,YOUTUBE,11405,Bug_Complaint
12367,YOUTUBE,11409,Hype
12368,YOUTUBE,11410,Performance
12369,YOUTUBE,11412,Multiplayer
12370,YOUTUBE,11435,Exclusivity
12371,YOUTUBE,11438,Nostalgia
12372,YOUTUBE,11442,Performance
12373,YOUTUBE,11450,Performance
12374,YOUTUBE,11452,Multiplayer
12375,YOUTUBE,11454,Nostalgia
12376,YOUTUBE,11469,Bug_Complaint
12377,YOUTUBE,11475,Exclusivity
12378,YOUTUBE,11481,Hype
12379,YOUTUBE,11485,Bug_Complaint
12380,YOUTUBE,11492,Multiplayer
12381,YOUTUBE,11493,Bug_Complaint
12382,YOUTUBE,11495,Store_UX
12383,YOUTUBE,11497,Hype
12384,YOUTUBE,11498,Performance
12385,YOUTUBE,11500,Multiplayer
12386,YOUTUBE,11505,Hype
12387,YOUTUBE,11514,Performance
12388,YOUTUBE,11516,Multiplayer
12389,YOUTUBE,11517,Bug_Complaint
12390,YOUTUBE,11529,Hype
12391,YOUTUBE,11562,Performance
12392,YOUTUBE,11564,Multiplayer
12393,YOUTUBE,11586,Performance
12394,YOUTUBE,11590,Nostalgia
12395,YOUTUBE,11595,Exclusivity
12396,YOUTUBE,11610,Performance
12397,YOUTUBE,11621,Bug_Complaint
12398,YOUTUBE,11638,Nostalgia
12399,YOUTUBE,11639,Store_UX
12400,YOUTUBE,11645,Bug_Complaint
12401,YOUTUBE,11651,Exclusivity
12402,YOUTUBE,11661,Bug_Complaint
12403,YOUTUBE,11667,Exclusivity
12404,YOUTUBE,11683,Exclusivity
12405,YOUTUBE,11695,Store_UX
12406,YOUTUBE,11701,Bug_Complaint
12407,YOUTUBE,11711,Store_UX
12408,YOUTUBE,11724,Multiplayer
12409,YOUTUBE,11750,Nostalgia
12410,YOUTUBE,11772,Multiplayer
12411,YOUTUBE,11781,Bug_Complaint
12412,YOUTUBE,11782,Nostalgia
12413,YOUTUBE,11801,Hype
12414,YOUTUBE,11809,Hype
12415,YOUTUBE,11813,Bug_Complaint
12416,YOUTUBE,11819,Exclusivity
12417,YOUTUBE,11827,Exclusivity
12418,YOUTUBE,11828,Multiplayer
12419,YOUTUBE,11839,Store_UX
12420,YOUTUBE,11848,Price
12421,YOUTUBE,11851,Exclusivity
12422,YOUTUBE,11857,Hype
12423,YOUTUBE,11864,Price
12424,YOUTUBE,11870,Nostalgia
12425,YOUTUBE,11874,Performance
12426,YOUTUBE,11880,Price
12427,YOUTUBE,11895,Store_UX
12428,YOUTUBE,11897,Hype
12429,YOUTUBE,11913,Hype
12430,YOUTUBE,11921,Hype
12431,YOUTUBE,11923,Exclusivity
12432,YOUTUBE,11926,Nostalgia
12433,YOUTUBE,11933,Bug_Complaint
12434,YOUTUBE,11936,Price
12435,YOUTUBE,11944,Price
12436,YOUTUBE,11968,Price
12437,YOUTUBE,11982,Nostalgia
12438,YOUTUBE,11990,Nostalgia
12439,YOUTUBE,12000,Price
12440,YOUTUBE,12017,Hype
12441,YOUTUBE,12021,Bug_Complaint
12442,YOUTUBE,12033,Hype
12443,YOUTUBE,12049,Hype
12444,YOUTUBE,12054,Nostalgia
12445,YOUTUBE,12064,Price
12446,YOUTUBE,12066,Performance
12447,YOUTUBE,12070,Nostalgia
12448,YOUTUBE,12075,Exclusivity
12449,YOUTUBE,12093,Bug_Complaint
12450,YOUTUBE,12097,Hype
12451,YOUTUBE,12135,Store_UX
12452,YOUTUBE,12149,Bug_Complaint
12453,YOUTUBE,12151,Store_UX
12454,YOUTUBE,12153,Hype
12455,YOUTUBE,12157,Bug_Complaint
12456,YOUTUBE,12161,Hype
12457,YOUTUBE,12162,Performance
12458,YOUTUBE,12178,Performance
12459,YOUTUBE,12181,Bug_Complaint
12460,YOUTUBE,12182,Nostalgia
12461,YOUTUBE,12185,Hype
12462,YOUTUBE,12193,Hype
12463,YOUTUBE,12198,Nostalgia
12464,YOUTUBE,12202,Performance
12465,YOUTUBE,12205,Bug_Complaint
12466,YOUTUBE,12216,Price
12467,YOUTUBE,12221,Bug_Complaint
12468,YOUTUBE,12222,Nostalgia
12469,YOUTUBE,12228,Multiplayer
12470,YOUTUBE,12229,Bug_Complaint
12471,YOUTUBE,12238,Nostalgia
12472,YOUTUBE,12254,Nostalgia
12473,YOUTUBE,12260,Multiplayer
12474,YOUTUBE,12290,Performance
12475,YOUTUBE,12293,Bug_Complaint
12476,YOUTUBE,12297,Hype
12477,YOUTUBE,12303,Store_UX
12478,YOUTUBE,12308,Multiplayer
12479,YOUTUBE,12310,Nostalgia
12480,YOUTUBE,12336,Price
12481,YOUTUBE,12347,Exclusivity
12482,YOUTUBE,12372,Multiplayer
12483,YOUTUBE,12380,Multiplayer
12484,YOUTUBE,12393,Hype
12485,YOUTUBE,12395,Exclusivity
12486,YOUTUBE,12399,Store_UX
12487,YOUTUBE,12408,Price
12488,YOUTUBE,12413,Bug_Complaint
12489,YOUTUBE,12414,Nostalgia
12490,YOUTUBE,12418,Performance
12491,YOUTUBE,12421,Bug_Complaint
12492,YOUTUBE,12432,Price
12493,YOUTUBE,12452,Multiplayer
12494,YOUTUBE,12454,Nostalgia
12495,YOUTUBE,12470,Nostalgia
12496,YOUTUBE,12471,Store_UX
12497,YOUTUBE,12472,Price
12498,YOUTUBE,12473,Hype
12499,YOUTUBE,12475,Exclusivity
12500,YOUTUBE,12489,Hype
12501,YOUTUBE,12496,Price
12502,YOUTUBE,12526,Nostalgia
12503,YOUTUBE,12527,Store_UX
12504,YOUTUBE,12536,Price
12505,YOUTUBE,12543,Store_UX
12506,YOUTUBE,12554,Performance
12507,YOUTUBE,12556,Multiplayer
12508,YOUTUBE,12561,Hype
12509,YOUTUBE,12562,Performance
12510,YOUTUBE,12587,Exclusivity
12511,YOUTUBE,12588,Multiplayer
12512,YOUTUBE,12597,Bug_Complaint
12513,YOUTUBE,12600,Price
12514,YOUTUBE,12609,Hype
12515,YOUTUBE,12623,Store_UX
12516,YOUTUBE,12631,Store_UX
12517,YOUTUBE,12633,Hype
12518,YOUTUBE,12642,Performance
12519,YOUTUBE,12644,Multiplayer
12520,YOUTUBE,12658,Performance
12521,YOUTUBE,12669,Bug_Complaint
12522,YOUTUBE,12674,Performance
12523,YOUTUBE,12704,Price
12524,YOUTUBE,12712,Price
12525,YOUTUBE,12714,Performance
12526,YOUTUBE,12721,Hype
12527,YOUTUBE,12722,Performance
12528,YOUTUBE,12724,Multiplayer
12529,YOUTUBE,12744,Price
12530,YOUTUBE,12745,Hype
12531,YOUTUBE,12760,Price
12532,YOUTUBE,12764,Multiplayer
12533,YOUTUBE,12766,Nostalgia
12534,YOUTUBE,12771,Exclusivity
12535,YOUTUBE,12773,Bug_Complaint
12536,YOUTUBE,12779,Exclusivity
12537,YOUTUBE,12787,Exclusivity
12538,YOUTUBE,12788,Multiplayer
12539,YOUTUBE,15374,Nostalgia
12540,YOUTUBE,15385,Hype
12541,YOUTUBE,15405,Bug_Complaint
12542,YOUTUBE,15414,Nostalgia
12543,YOUTUBE,15445,Bug_Complaint
12544,YOUTUBE,15449,Hype
12545,YOUTUBE,15452,Multiplayer
12546,YOUTUBE,15454,Nostalgia
12547,YOUTUBE,15462,Nostalgia
12548,YOUTUBE,15478,Nostalgia
12549,YOUTUBE,15491,Exclusivity
12550,YOUTUBE,15526,Nostalgia
12551,YOUTUBE,15530,Performance
12552,YOUTUBE,15547,Exclusivity
12553,YOUTUBE,15553,Hype
12554,YOUTUBE,15555,Exclusivity
12555,YOUTUBE,15564,Multiplayer
12556,YOUTUBE,15568,Price
12557,YOUTUBE,15578,Performance
12558,YOUTUBE,15581,Bug_Complaint
12559,YOUTUBE,15586,Performance
12560,YOUTUBE,15593,Hype
12561,YOUTUBE,15594,Performance
12562,YOUTUBE,15602,Performance
12563,YOUTUBE,15617,Hype
12564,YOUTUBE,15622,Nostalgia
12565,YOUTUBE,15626,Performance
12566,YOUTUBE,15639,Store_UX
12567,YOUTUBE,15648,Price
12568,YOUTUBE,15655,Store_UX
12569,YOUTUBE,15662,Nostalgia
12570,YOUTUBE,15685,Bug_Complaint
12571,YOUTUBE,15689,Hype
12572,YOUTUBE,15696,Price
12573,YOUTUBE,15704,Price
12574,YOUTUBE,15708,Multiplayer
12575,YOUTUBE,15713,Hype
12576,YOUTUBE,15714,Performance
12577,YOUTUBE,15716,Multiplayer
12578,YOUTUBE,15717,Bug_Complaint
12579,YOUTUBE,15722,Performance
12580,YOUTUBE,15735,Store_UX
12581,YOUTUBE,15737,Hype
12582,YOUTUBE,15739,Exclusivity
12583,YOUTUBE,15762,Performance
12584,YOUTUBE,15782,Nostalgia
12585,YOUTUBE,15785,Hype
12586,YOUTUBE,15791,Store_UX
12587,YOUTUBE,15803,Exclusivity
12588,YOUTUBE,15810,Performance
12589,YOUTUBE,15812,Multiplayer
12590,YOUTUBE,15815,Store_UX
12591,YOUTUBE,15824,Price
12592,YOUTUBE,15828,Multiplayer
12593,YOUTUBE,15834,Performance
12594,YOUTUBE,15844,Multiplayer
12595,YOUTUBE,15856,Price
12596,YOUTUBE,15858,Performance
12597,YOUTUBE,15871,Store_UX
12598,YOUTUBE,15872,Price
12599,YOUTUBE,15874,Performance
12600,YOUTUBE,15878,Nostalgia
12601,YOUTUBE,15881,Hype
12602,YOUTUBE,15898,Performance
12603,YOUTUBE,15899,Exclusivity
12604,YOUTUBE,15951,Store_UX
12605,YOUTUBE,15980,Multiplayer
12606,YOUTUBE,15985,Hype
12607,YOUTUBE,16000,Price
12608,YOUTUBE,16004,Multiplayer
12609,YOUTUBE,16005,Bug_Complaint
12610,YOUTUBE,16009,Hype
12611,YOUTUBE,16020,Multiplayer
12612,YOUTUBE,16022,Nostalgia
12613,YOUTUBE,16027,Exclusivity
12614,YOUTUBE,16038,Nostalgia
12615,YOUTUBE,16039,Store_UX
12616,YOUTUBE,16047,Store_UX
12617,YOUTUBE,16058,Performance
12618,YOUTUBE,16060,Multiplayer
12619,YOUTUBE,16080,Price
12620,YOUTUBE,16090,Performance
12621,YOUTUBE,16111,Store_UX
12622,YOUTUBE,16113,Hype
12623,YOUTUBE,16128,Price
12624,YOUTUBE,16130,Performance
12625,YOUTUBE,16134,Nostalgia
12626,YOUTUBE,16135,Store_UX
12627,YOUTUBE,16155,Exclusivity
12628,YOUTUBE,16160,Price
12629,YOUTUBE,16182,Nostalgia
12630,YOUTUBE,16202,Performance
12631,YOUTUBE,16216,Price
12632,YOUTUBE,16223,Store_UX
12633,YOUTUBE,16232,Price
12634,YOUTUBE,16244,Multiplayer
12635,YOUTUBE,16245,Bug_Complaint
12636,YOUTUBE,16248,Price
12637,YOUTUBE,16270,Nostalgia
12638,YOUTUBE,16280,Price
12639,YOUTUBE,16282,Performance
12640,YOUTUBE,16284,Multiplayer
12641,YOUTUBE,16295,Store_UX
12642,YOUTUBE,16311,Store_UX
12643,YOUTUBE,16321,Hype
12644,YOUTUBE,16331,Exclusivity
12645,YOUTUBE,16332,Multiplayer
12646,YOUTUBE,16345,Hype
12647,YOUTUBE,16351,Store_UX
12648,YOUTUBE,16371,Exclusivity
12649,YOUTUBE,16378,Performance
12650,YOUTUBE,16394,Performance
12651,YOUTUBE,16415,Store_UX
12652,YOUTUBE,16417,Hype
12653,YOUTUBE,16419,Exclusivity
12654,YOUTUBE,16426,Performance
12655,YOUTUBE,16430,Nostalgia
12656,YOUTUBE,16431,Store_UX
12657,YOUTUBE,16437,Bug_Complaint
12658,YOUTUBE,16446,Nostalgia
12659,YOUTUBE,16449,Hype
12660,YOUTUBE,16465,Hype
12661,YOUTUBE,16466,Performance
12662,YOUTUBE,16469,Bug_Complaint
12663,YOUTUBE,16471,Store_UX
12664,YOUTUBE,16472,Price
12665,YOUTUBE,16485,Bug_Complaint
12666,YOUTUBE,16486,Nostalgia
12667,YOUTUBE,16494,Nostalgia
12668,YOUTUBE,16495,Store_UX
12669,YOUTUBE,16499,Exclusivity
12670,YOUTUBE,16501,Bug_Complaint
12671,YOUTUBE,16511,Store_UX
12672,YOUTUBE,16514,Performance
12673,YOUTUBE,16515,Exclusivity
12674,YOUTUBE,16525,Bug_Complaint
12675,YOUTUBE,16531,Exclusivity
12676,YOUTUBE,16535,Store_UX
12677,YOUTUBE,16536,Price
12678,YOUTUBE,16538,Performance
12679,YOUTUBE,16542,Nostalgia
12680,YOUTUBE,16545,Hype
12681,YOUTUBE,16555,Exclusivity
12682,YOUTUBE,16574,Nostalgia
12683,YOUTUBE,16586,Performance
12684,YOUTUBE,16592,Price
12685,YOUTUBE,16593,Hype
12686,YOUTUBE,16604,Multiplayer
12687,YOUTUBE,16615,Store_UX
12688,YOUTUBE,16627,Exclusivity
12689,YOUTUBE,16646,Nostalgia
12690,YOUTUBE,16653,Bug_Complaint
12691,YOUTUBE,16659,Exclusivity
12692,YOUTUBE,16662,Nostalgia
12693,YOUTUBE,16677,Bug_Complaint
12694,YOUTUBE,16681,Hype
12695,YOUTUBE,16685,Bug_Complaint
12696,YOUTUBE,16692,Multiplayer
12697,YOUTUBE,16700,Multiplayer
12698,YOUTUBE,16704,Price
12699,YOUTUBE,16729,Hype
12700,YOUTUBE,16730,Performance
12701,YOUTUBE,16732,Multiplayer
12702,YOUTUBE,16756,Multiplayer
12703,YOUTUBE,16758,Nostalgia
12704,YOUTUBE,16763,Exclusivity
12705,YOUTUBE,16798,Nostalgia
12706,YOUTUBE,16807,Store_UX
12707,YOUTUBE,16811,Exclusivity
12708,YOUTUBE,16816,Price
12709,YOUTUBE,16823,Store_UX
12710,YOUTUBE,16834,Performance
12711,YOUTUBE,16835,Exclusivity
12712,YOUTUBE,16840,Price
12713,YOUTUBE,16843,Exclusivity
12714,YOUTUBE,16847,Store_UX
12715,YOUTUBE,16852,Multiplayer
12716,YOUTUBE,16864,Price
12717,YOUTUBE,16879,Store_UX
12718,YOUTUBE,16891,Exclusivity
12719,YOUTUBE,16903,Store_UX
12720,YOUTUBE,16904,Price
12721,YOUTUBE,16908,Multiplayer
12722,YOUTUBE,16911,Store_UX
12723,YOUTUBE,16912,Price
12724,YOUTUBE,16914,Performance
12725,YOUTUBE,16920,Price
12726,YOUTUBE,16942,Nostalgia
12727,YOUTUBE,16947,Exclusivity
12728,YOUTUBE,16967,Store_UX
12729,YOUTUBE,16969,Hype
12730,YOUTUBE,16985,Hype
12731,YOUTUBE,16990,Nostalgia
12732,YOUTUBE,16992,Price
12733,YOUTUBE,16996,Multiplayer
12734,YOUTUBE,17005,Bug_Complaint
12735,YOUTUBE,17010,Performance
12736,YOUTUBE,17016,Price
12737,YOUTUBE,17017,Hype
12738,YOUTUBE,17034,Performance
12739,YOUTUBE,17052,Multiplayer
12740,YOUTUBE,17085,Bug_Complaint
12741,YOUTUBE,17086,Nostalgia
12742,YOUTUBE,17087,Store_UX
12743,YOUTUBE,17102,Nostalgia
12744,YOUTUBE,17111,Store_UX
12745,YOUTUBE,17130,Performance
12746,YOUTUBE,17132,Multiplayer
12747,YOUTUBE,17142,Nostalgia
12748,YOUTUBE,17157,Bug_Complaint
12749,YOUTUBE,17159,Store_UX
12750,YOUTUBE,17171,Exclusivity
12751,YOUTUBE,17174,Nostalgia
12752,YOUTUBE,17176,Price
12753,YOUTUBE,17178,Performance
12754,YOUTUBE,17182,Nostalgia
12755,YOUTUBE,17187,Exclusivity
12756,YOUTUBE,17189,Bug_Complaint
12757,YOUTUBE,17193,Hype
12758,YOUTUBE,17194,Performance
12759,YOUTUBE,17196,Multiplayer
12760,YOUTUBE,17219,Exclusivity
12761,YOUTUBE,17222,Nostalgia
12762,YOUTUBE,17226,Performance
12763,YOUTUBE,17234,Performance
12764,YOUTUBE,17236,Multiplayer
12765,YOUTUBE,17238,Nostalgia
12766,YOUTUBE,17253,Bug_Complaint
12767,YOUTUBE,17259,Exclusivity
12768,YOUTUBE,17265,Hype
12769,YOUTUBE,17269,Bug_Complaint
12770,YOUTUBE,17276,Multiplayer
12771,YOUTUBE,17277,Bug_Complaint
12772,YOUTUBE,17279,Store_UX
12773,YOUTUBE,17281,Hype
12774,YOUTUBE,17282,Performance
12775,YOUTUBE,17284,Multiplayer
12776,YOUTUBE,17289,Hype
12777,YOUTUBE,17298,Performance
12778,YOUTUBE,17300,Multiplayer
12779,YOUTUBE,17301,Bug_Complaint
12780,YOUTUBE,17313,Hype
12781,YOUTUBE,17346,Performance
12782,YOUTUBE,17348,Multiplayer
12783,YOUTUBE,17370,Performance
12784,YOUTUBE,17374,Nostalgia
12785,YOUTUBE,17379,Exclusivity
12786,YOUTUBE,17394,Performance
12787,YOUTUBE,17405,Bug_Complaint
12788,YOUTUBE,17422,Nostalgia
12789,YOUTUBE,17423,Store_UX
12790,YOUTUBE,17429,Bug_Complaint
12791,YOUTUBE,17435,Exclusivity
12792,YOUTUBE,17445,Bug_Complaint
12793,YOUTUBE,17451,Exclusivity
12794,YOUTUBE,17467,Exclusivity
12795,YOUTUBE,17479,Store_UX
12796,YOUTUBE,17485,Bug_Complaint
12797,YOUTUBE,17495,Store_UX
12798,YOUTUBE,17508,Multiplayer
12799,YOUTUBE,17534,Nostalgia
12800,YOUTUBE,17556,Multiplayer
12801,YOUTUBE,17565,Bug_Complaint
12802,YOUTUBE,17566,Nostalgia
12803,YOUTUBE,17585,Hype
12804,YOUTUBE,17593,Hype
12805,YOUTUBE,17597,Bug_Complaint
12806,YOUTUBE,17603,Exclusivity
12807,YOUTUBE,17611,Exclusivity
12808,YOUTUBE,17612,Multiplayer
12809,YOUTUBE,17623,Store_UX
12810,YOUTUBE,17632,Price
12811,YOUTUBE,17635,Exclusivity
12812,YOUTUBE,17641,Hype
12813,YOUTUBE,17648,Price
12814,YOUTUBE,17654,Nostalgia
12815,YOUTUBE,17658,Performance
12816,YOUTUBE,17664,Price
12817,YOUTUBE,17679,Store_UX
12818,YOUTUBE,17681,Hype
12819,YOUTUBE,17697,Hype
12820,YOUTUBE,17705,Hype
12821,YOUTUBE,17707,Exclusivity
12822,YOUTUBE,17710,Nostalgia
12823,YOUTUBE,17717,Bug_Complaint
12824,YOUTUBE,17720,Price
12825,YOUTUBE,17728,Price
12826,YOUTUBE,17752,Price
12827,YOUTUBE,17766,Nostalgia
12828,YOUTUBE,17774,Nostalgia
12829,YOUTUBE,17784,Price
12830,YOUTUBE,17801,Hype
12831,YOUTUBE,17805,Bug_Complaint
12832,YOUTUBE,17817,Hype
12833,YOUTUBE,17833,Hype
12834,YOUTUBE,17838,Nostalgia
12835,YOUTUBE,17848,Price
12836,YOUTUBE,17850,Performance
12837,YOUTUBE,17854,Nostalgia
12838,YOUTUBE,17859,Exclusivity
12839,YOUTUBE,17877,Bug_Complaint
12840,YOUTUBE,17881,Hype
12841,REDDIT,4660,Price
12842,REDDIT,4666,Nostalgia
12843,REDDIT,4671,Bug_Complaint
12844,REDDIT,4693,Bug_Complaint
12845,REDDIT,4697,Price
12846,REDDIT,4699,Hype
12847,REDDIT,4707,Performance
12848,REDDIT,4722,Multiplayer
12849,REDDIT,4747,Nostalgia
12850,REDDIT,4749,Hype
12851,REDDIT,4754,Multiplayer
12852,REDDIT,4772,Bug_Complaint
12853,REDDIT,4774,Bug_Complaint
12854,REDDIT,4815,Exclusivity
12855,REDDIT,4820,Price
12856,REDDIT,4822,Nostalgia
12857,REDDIT,4831,Store_UX
12858,REDDIT,4833,Bug_Complaint
12859,REDDIT,4840,Performance
12860,REDDIT,4849,Exclusivity
12861,REDDIT,4854,Bug_Complaint
12862,REDDIT,4856,Exclusivity
12863,REDDIT,4875,Exclusivity
12864,REDDIT,4880,Hype
12865,REDDIT,4887,Price
12866,REDDIT,4896,Bug_Complaint
12867,REDDIT,4901,Price
12868,REDDIT,4922,Nostalgia
12869,REDDIT,4930,Nostalgia
12870,REDDIT,4948,Bug_Complaint
12871,REDDIT,4954,Price
12872,REDDIT,4955,Performance
12873,REDDIT,4961,Exclusivity
12874,REDDIT,4963,Exclusivity
12875,REDDIT,4969,Price
12876,REDDIT,4980,Multiplayer
12877,REDDIT,4993,Store_UX
12878,REDDIT,4998,Exclusivity
12879,REDDIT,5005,Price
12880,REDDIT,5010,Price
12881,REDDIT,5012,Price
12882,REDDIT,5013,Bug_Complaint
12883,REDDIT,5022,Price
12884,REDDIT,5039,Store_UX
12885,REDDIT,5041,Price
12886,REDDIT,5052,Exclusivity
12887,REDDIT,5061,Multiplayer
12888,REDDIT,5062,Store_UX
12889,REDDIT,5064,Price
12890,REDDIT,5067,Multiplayer
12891,REDDIT,5069,Bug_Complaint
12892,REDDIT,5078,Exclusivity
12893,REDDIT,5083,Performance
12894,REDDIT,5087,Performance
12895,REDDIT,5091,Price
12896,REDDIT,5096,Multiplayer
12897,REDDIT,5098,Multiplayer
12898,REDDIT,5099,Bug_Complaint
12899,REDDIT,5110,Multiplayer
12900,REDDIT,5122,Price
12901,REDDIT,5134,Price
12902,REDDIT,5143,Nostalgia
12903,REDDIT,5153,Exclusivity
12904,REDDIT,5157,Store_UX
12905,REDDIT,5161,Store_UX
12906,REDDIT,5180,Performance
12907,REDDIT,5182,Bug_Complaint
12908,REDDIT,5204,Hype
12909,REDDIT,5205,Performance
12910,REDDIT,5223,Performance
12911,REDDIT,5225,Price
12912,REDDIT,5243,Multiplayer
12913,REDDIT,5244,Bug_Complaint
12914,REDDIT,5254,Price
12915,REDDIT,5260,Price
12916,REDDIT,5271,Nostalgia
12917,REDDIT,5274,Nostalgia
12918,REDDIT,5289,Bug_Complaint
12919,REDDIT,5291,Multiplayer
12920,REDDIT,5293,Exclusivity
12921,REDDIT,5295,Performance
12922,REDDIT,5298,Bug_Complaint
12923,REDDIT,5299,Price
12924,REDDIT,5304,Store_UX
12925,REDDIT,5317,Store_UX
